date,QQQ Buy-and-Hold,Equal-Weight Monthly,Inverse Volatility,Momentum Top-20%,Supervised + MVO
2023-06-30 16:00:00,0.015420016842055073,0.013665803949917647,0.013665803949917645,0.013665803949917645,0.013665803949917645
2023-06-30 19:00:00,0.0,-0.0016529213413616721,-0.0016393835204514416,-0.0016393835204514416,-0.0016393835204514416
2023-07-05 16:00:00,0.002328034803378287,0.002040338047697327,0.0019983896265362506,0.0019983896265362506,0.0019983896265362506
2023-07-05 19:00:00,0.0,0.00041964876310745635,0.0004202207886851355,0.0004202207886851355,0.0004202207886851355
2023-07-06 16:00:00,-0.007615989998387085,-0.01453406169617311,-0.014525220111655437,-0.014525220111655437,-0.014525220111655437
2023-07-06 19:00:00,0.0,0.001735150002729611,0.0017637253420959113,0.0017637253420959113,0.0017637253420959113
2023-07-07 16:00:00,-0.003319863135415657,0.008596000031712183,0.008697410439431633,0.008697410439431633,0.008697410439431633
2023-07-07 19:00:00,0.0,-0.008806447776298626,-0.00880193000409847,-0.00880193000409847,-0.00880193000409847
2023-07-10 16:00:00,0.0003274166857329952,0.01552868082975919,0.015518638069521013,0.015518638069521013,0.015518638069521013
2023-07-10 19:00:00,0.0,0.0018454681119610262,0.0018233482096021438,0.0018233482096021438,0.0018233482096021438
2023-07-11 16:00:00,0.004940505089912284,0.004954608744625511,0.0049358929158528015,0.0049358929158528015,0.0049358929158528015
2023-07-11 19:00:00,0.0,0.0029951175323379435,0.003087785540332518,0.003087785540332518,0.003087785540332518
2023-07-12 16:00:00,0.012630040362953565,0.004602212310232263,0.004775422679621213,0.004775422679621213,0.004775422679621213
2023-07-12 19:00:00,0.0,0.0012312657565385786,0.0012120024232735423,0.0012120024232735423,0.0012120024232735423
2023-07-13 16:00:00,0.016978768894680085,0.009929234655134117,0.009975092282860747,0.009975092282860747,0.009975092282860747
2023-07-13 19:00:00,0.0,0.001428627556514824,0.0013811238244197527,0.0013811238244197527,0.0013811238244197527
2023-07-14 16:00:00,-0.0002109544340057612,-0.0009195628565808397,-0.0008472998950865962,-0.0008472998950865962,-0.0008472998950865962
2023-07-14 19:00:00,0.0,-0.0016771899535876632,-0.0016567088954257151,-0.0016567088954257151,-0.0016567088954257151
2023-07-17 16:00:00,0.009338542005460804,0.010534938174506762,0.010515151549187952,0.010515151549187952,0.010515151549187952
2023-07-17 19:00:00,0.0,0.0004785864064383464,0.0004560687713352957,0.0004560687713352957,0.0004560687713352957
2023-07-18 16:00:00,0.008180755651387095,-0.0025130315205445478,-0.002441160613035078,-0.006500210795135416,-0.002441160613035078
2023-07-18 19:00:00,0.0,0.006000353767489608,0.006019981954332589,0.004569819814962046,0.006019981954332589
2023-07-19 16:00:00,-0.00023353027344963362,0.0012697295916247672,0.0014503821186982416,0.0007687503797289086,0.0014503821186982416
2023-07-19 19:00:00,0.0,-0.0010849446192113148,-0.0010781285953938937,-0.0017037870193324328,-0.0010781285953938937
2023-07-20 16:00:00,-0.02305180177195132,-0.009853925510010957,-0.009606454932597232,-0.02204105914615707,-0.009606454932597232
2023-07-20 19:00:00,0.0,-0.006000165389224099,-0.00599558238735487,-0.006905804134583941,-0.00599558238735487
2023-07-21 16:00:00,-0.0029992295142338143,0.00609330559518763,0.006098546253060611,0.007469206513352647,0.006098546253060611
2023-07-21 19:00:00,0.0,-0.0016645684893283113,-0.0016085789279684849,-0.0032532930626402567,-0.0016085789279684849
2023-07-24 16:00:00,0.001597314328187549,-0.0009632451348236869,-0.0009494660254816507,0.0001304995121361537,-0.0009494660254816507
2023-07-24 19:00:00,0.0,0.0008094093633810982,0.0008199372473078535,-0.00063045446525043,0.0008199372473078535
2023-07-25 16:00:00,0.006777821434182041,0.008099815431603763,0.00801810198504051,0.010171596135331609,0.00801810198504051
2023-07-25 19:00:00,0.0,-0.002011740137456043,-0.0019929675351542135,-0.004171411834898182,-0.0019929675351542135
2023-07-26 16:00:00,-0.0033266362258638216,-0.005132290881788187,-0.005109119147012451,-0.003019987976666047,-0.005109119147012451
2023-07-26 19:00:00,0.0,0.0033696957879831993,0.0033735034391447934,0.0019624050037996906,0.0033735034391447934
2023-07-27 16:00:00,-0.0023838536012582567,0.012183021923945818,0.012347402076261744,0.006452726349041138,0.012347402076261744
2023-07-27 19:00:00,0.0,-0.01552299454406475,-0.015501018244116154,-0.017775388321066635,-0.015501018244116154
2023-07-28 16:00:00,0.018214601851070267,0.013573748972438841,0.013626058515938927,0.010881401567227632,0.013626058515938927
2023-07-28 19:00:00,0.0,0.001024126226816869,0.0009820315974078525,0.002143603554364173,0.0009820315974078525
2023-07-31 16:00:00,0.0005216735234934156,0.00085628408751951,0.0008422681963464031,0.0003421306578931114,0.0008422681963464031
2023-07-31 19:00:00,0.0,0.0022170616228129403,0.002225574948544659,0.0019668566717567794,0.002225574948544659
2023-08-01 16:00:00,-0.0023196635385804854,-0.004473858199544348,-0.00449615338218873,-0.006017323859298983,-0.007101863298101871
2023-08-01 19:00:00,0.0,0.0005535323719452038,0.000572294617591173,0.00030874705308534727,-0.0005177986836444781
2023-08-02 16:00:00,-0.021944196206930777,-0.019669192463286966,-0.019659020540951314,-0.02444334502851228,-0.027776015096578715
2023-08-02 19:00:00,0.0,-0.0012546709313793496,-0.0012300661772249159,-0.0020978317981384356,0.00034637302591986974
2023-08-03 16:00:00,-0.0016026874180350426,0.002413184773227331,0.0024961987062410667,0.0044086331487871435,0.010108097071860046
2023-08-03 19:00:00,0.0,-0.0032241582009310296,-0.0032157426649434807,-0.0047675661390757995,-0.003297031425717142
2023-08-04 16:00:00,-0.00468160821044572,0.006324326039891291,0.006362690308157746,0.004934473522234227,0.010945414303722343
2023-08-04 19:00:00,0.0,-0.01220759970225405,-0.012207292421226637,-0.012597767440082919,-0.015179690665712542
2023-08-07 16:00:00,0.008466714942745313,0.004021579726112574,0.0038214562695294864,0.010537792697329813,-0.0079488100500912
2023-08-07 19:00:00,0.0,0.0035943085920248446,0.0036629462979272617,0.0030025279531697728,0.006522783210209552
2023-08-08 16:00:00,-0.008502552268350283,-0.016495740601734296,-0.016636477731443604,-0.015906152154374797,-0.01757801388481852
2023-08-08 19:00:00,0.0,0.006646400101214137,0.006731193221782054,0.006002896570221889,0.0077539855919000365
2023-08-09 16:00:00,-0.010994359633448747,-0.005487389585268454,-0.005554166379270364,-0.007526818304295548,-0.01068632625660886
2023-08-09 19:00:00,0.0,6.701479358695791e-05,0.00020271728648381865,-0.003250626128958483,-6.210800225609473e-05
2023-08-10 16:00:00,0.001848062161708297,0.0034227384911873797,0.003431330623380554,0.006533591153394042,0.006049676393404489
2023-08-10 19:00:00,0.0,-0.0013435723639571395,-0.0013767429970473898,-0.0009043124993562122,-0.0018592819268627135
2023-08-11 16:00:00,-0.006375394853595284,-0.00812171198798596,-0.008351652912758368,-0.005192259468149629,-0.012628916909464409
2023-08-11 19:00:00,0.0,0.0025543331619344092,0.0026126087444081386,0.00032385623194770873,0.0015907791621113912
2023-08-14 16:00:00,0.011221993334097347,0.004898312520339102,0.005156109637696543,0.0003976908439234063,0.0055864755026419
2023-08-14 19:00:00,0.0,0.002425946531036658,0.002552833375463222,7.347109588145439e-06,0.004471428694010696
2023-08-15 16:00:00,-0.010611573839756638,-0.0094118945752549,-0.009657064054848367,-0.004861612131332167,-0.014478672605962818
2023-08-15 19:00:00,0.0,-0.002950458019044688,-0.0030147325509940954,-0.0014800679748873374,-0.0041156971718730485
2023-08-16 16:00:00,-0.010588854328772879,-0.004193461780024692,-0.004221530411705139,-0.0031827767108557697,-0.0024423261658374465
2023-08-16 19:00:00,0.0,-0.005818605624998675,-0.005761271896131101,-0.007162181284017408,-0.005137617811282041
2023-08-17 16:00:00,-0.010923053892317847,-8.150538974418278e-06,-2.4941460554944073e-05,-0.0017960886191587843,0.0026623806840851316
2023-08-17 19:00:00,0.0,-0.011171472854799053,-0.011171280333379803,-0.011363106282127078,-0.010312714123490812
2023-08-18 16:00:00,-0.0012548836666861352,-0.0009455706995348937,-0.001016093881105202,0.0006925245334022753,-0.006223625462965589
2023-08-18 19:00:00,0.0,0.0014574243656582506,0.0015378066568489607,-0.00044809233802775675,0.0026178400163579937
2023-08-21 16:00:00,0.016111340761552073,0.006310447269584818,0.006809810098550687,0.0012174439617515986,0.005876712370902421
2023-08-21 19:00:00,0.0,0.004624802065507898,0.004630333722441058,0.0029176798830783204,0.003652644171549541
2023-08-22 16:00:00,-0.0014288373860473769,-0.0016079663981382892,-0.0016219844521721714,-0.005754870015611371,-0.0013068880252991022
2023-08-22 19:00:00,0.0,5.88542461671771e-05,9.278312090844696e-05,-0.000148808792342656,8.24073626433657e-06
2023-08-23 16:00:00,0.015768599674285788,0.01208131151729908,0.012176887766298761,0.012904606915036509,0.011918956715515516
2023-08-23 19:00:00,0.0,0.0006676753781701872,0.000677158945756402,-0.0002160919159439985,-0.0010334279742899445
2023-08-24 16:00:00,-0.021375683542329993,-0.01340637922044496,-0.013724848969431741,-0.017114676492178717,-0.01241913587482981
2023-08-24 19:00:00,0.0,-0.008556249887838478,-0.008640491439781758,-0.011896137751810185,-0.008743347820692788
2023-08-25 16:00:00,0.007751440724478531,0.004084687404792831,0.004183184533508399,-0.00017818163469416918,-0.005566253993860993
2023-08-25 19:00:00,0.0,0.0047943489203238635,0.0048429666003033,0.006407613540235023,0.0050536493031753445
2023-08-28 16:00:00,0.007526983654758901,0.007351088827582813,0.007352813907833117,0.008259859731527243,0.008290121732008713
2023-08-28 19:00:00,0.0,0.00022383288503275775,0.00025202683341911825,-0.000390017139881736,0.0008262933320691793
2023-08-29 16:00:00,0.021840024007488745,0.016046522161601608,0.01645139676828336,0.01403607588371243,0.018170219329459957
2023-08-29 19:00:00,0.0,0.0016039498340841697,0.0015257456536386849,0.0013580408916997655,0.0012918745972849174
2023-08-30 16:00:00,0.005576606866945832,0.005422853108638727,0.005501472109189929,0.006982689982717949,0.0053648541046617555
2023-08-30 19:00:00,0.0,-0.00041634776225921833,-0.00043734408715377025,0.00021511592161035752,-0.00020479207795298042
2023-08-31 16:00:00,0.0029985983525464555,0.0011311121005165713,0.0011119628756272352,0.003512232507826347,-0.0010099559832007885
2023-08-31 19:00:00,0.0,-0.0004966870579522812,-0.0005122913809372042,0.0012164982075172199,-0.0016700646839560157
2023-09-01 16:00:00,-0.0010583368654937253,0.0017618478455831994,0.0017039082985753648,0.0018727367409412607,0.0025746978082179
2023-09-01 19:00:00,0.0,0.00042615728828380626,0.00045169781907399194,0.0008951181529633044,-0.000564613000937199
2023-09-05 16:00:00,0.0012712841233055716,-0.0011608946008489925,-0.0011393668135569416,0.003980240412524331,-0.002088251973180527
2023-09-05 19:00:00,0.0,-0.0026481348775138267,-0.002634656724206408,-0.003536424228327471,-0.003996927434930862
2023-09-06 16:00:00,-0.008807885063728649,-0.0073682168728279205,-0.007323734561838113,-0.009410755205822642,-0.0055915509121654584
2023-09-06 19:00:00,0.0,0.005160705854296177,0.0051651837633272905,0.007038012227505002,0.005377380373459095
2023-09-07 16:00:00,-0.007151543888328948,-0.00796215138987998,-0.008025857489201862,-0.002958972882658308,-0.009365046356284832
2023-09-07 19:00:00,0.0,0.0006312725144689816,0.000648005582994085,-9.622450882017792e-05,-2.0103114169780828e-05
2023-09-08 16:00:00,0.0013974166774486374,0.0008879634616413435,0.0007991822816935653,-0.002380281985115335,0.0008117696998456744
2023-09-08 19:00:00,0.0,-0.0011742707271668743,-0.001158825930461369,-0.0017228693993975414,-0.0010816295021598935
2023-09-11 16:00:00,0.011782730235780914,0.004668539943371796,0.004612971101861127,0.009775340082507326,0.006334436712204063
2023-09-11 19:00:00,0.0,0.0034043995623386967,0.003381219127207566,0.006741058160504279,0.0014339752895190334
2023-09-12 16:00:00,-0.011088371619086823,-0.004487496231530208,-0.004432257332191132,-0.00888041152627798,-0.004644140113281703
2023-09-12 19:00:00,0.0,-0.003655781358785554,-0.003656706711949813,-0.0064193198331181705,-0.0021026010305618013
2023-09-13 16:00:00,0.003809112920421187,0.003658273008412406,0.003711675320731005,0.0012479613988945698,0.004133851017298667
2023-09-13 19:00:00,0.0,-0.0033581048105343018,-0.0033797424775621507,-0.004016003176637556,-0.004258220263084356
2023-09-14 16:00:00,0.00817739002650475,0.00989506348853194,0.009867153743803132,0.005500694285668574,0.010028366804900208
2023-09-14 19:00:00,0.0,-0.0010611645024909352,-0.0010439732005554036,-0.000799107682070572,-0.0009005569070245098
2023-09-15 16:00:00,-0.017123026159458266,-0.01213116371602891,-0.012170380475507343,-0.015900474899705558,-0.010523181433264348
2023-09-15 19:00:00,0.0,-0.0032619350248233154,-0.0032536970026841535,-0.005195567812823224,-0.00475457534748465
2023-09-18 16:00:00,0.0010424061654841221,0.001194799950129511,0.0012187803638000461,0.0012500772184580475,0.000609631433663653
2023-09-18 19:00:00,0.0,-0.001923213142099829,-0.0019392536905376253,-0.0026461378831330418,-0.0029710000482352263
2023-09-19 16:00:00,-0.0021312941985469624,-0.006830647086504622,-0.006846349537230509,-0.005620316113448037,-0.003179601802969839
2023-09-19 19:00:00,0.0,0.003527595920757882,0.0035541484246242277,0.002460493726992239,0.0024566805915690023
2023-09-20 16:00:00,-0.014410585782551166,0.004957169836259292,0.004938710347974965,0.008999702752032612,0.006000169079624868
2023-09-20 19:00:00,0.0,-0.013785549208064083,-0.013890350794302418,-0.011360941460190767,-0.014583459541821355
2023-09-21 16:00:00,-0.018324466277454654,-0.013635511275718043,-0.013864765237292152,-0.0026760531827233086,-0.014291412813895166
2023-09-21 19:00:00,0.0,-0.004689549678253517,-0.004676037325057191,-0.006315226556023705,-0.0051021426902083875
2023-09-22 16:00:00,0.00013968297324207235,0.009054892110448723,0.00919476451180667,-8.691539620316642e-05,0.007980891301696238
2023-09-22 19:00:00,0.0,-0.007943356099235247,-0.00796529502568574,-0.008071859900274184,-0.01032479404400766
2023-09-25 16:00:00,0.004749854178724755,-0.0008768528490594452,-0.0008666411752063719,-0.00021042119692607129,-0.0025238433570615782
2023-09-25 19:00:00,0.0,0.003305328165687811,0.0033174439274315363,0.0028454560579789455,0.0033184202602669012
2023-09-26 16:00:00,-0.015016304492745602,-0.008519007046004131,-0.008452398134609728,-0.007239168467208596,-0.0077647007238373774
2023-09-26 19:00:00,0.0,-0.0033650693962288506,-0.0033028164634583356,-0.00439969032223265,-0.004566980322490102
2023-09-27 16:00:00,0.002343277336168903,-0.0005207981440243409,-0.0004507882159467141,-0.0037204346147812995,-0.0008268249538164648
2023-09-27 19:00:00,0.0,0.005327920409515706,0.005480014027469867,0.002321547595051433,0.009243992356742817
2023-09-28 16:00:00,0.008365301319781082,0.009574140573586017,0.009676544158480647,0.006673032969505336,0.011694752077269202
2023-09-28 19:00:00,0.0,-0.002331410859452846,-0.0023167893640428138,-0.0021795267918238727,-0.002671692417560657
2023-09-29 16:00:00,0.0007262026083676432,0.0029831840463518996,0.003324000643472366,-0.005353584338913368,0.0034457968540798647
2023-09-29 19:00:00,0.0,-0.0020042330830720187,-0.0019902931844043557,-0.004689877144362955,-0.0018448579868485977
2023-10-02 16:00:00,0.008345744501744523,-0.007325643863211826,-0.007251283996705434,-0.00461598442023695,-0.0026195737424410687
2023-10-02 19:00:00,0.0,0.005700362658080508,0.005713760982764314,0.0042111247872251446,0.0057822935165398786
2023-10-03 16:00:00,-0.017549745170230335,-0.01439012314950983,-0.014397832190830415,-0.019389678094323428,-0.0159852747339151
2023-10-03 19:00:00,0.0,-0.00274046167818783,-0.002767307878597865,-0.004342062082989841,-0.0043080033653752035
2023-10-04 16:00:00,0.013608755788081073,0.007919875290358256,0.00797126887394251,0.008574428497193299,0.004475084073884555
2023-10-04 19:00:00,0.0,0.003157180612016672,0.003124420535507779,0.00266146097809034,0.003376992174178323
2023-10-05 16:00:00,-0.002946391867280851,-0.010919343735644998,-0.010993060724705895,-0.010202507026691362,-0.014057802020241556
2023-10-05 19:00:00,0.0,0.004615861334936563,0.004637453282068772,0.0035311537637642333,0.007010127734560923
2023-10-06 16:00:00,0.016755246902135257,0.013573237434020648,0.013573423150104059,0.021160418437068944,0.0156520103099481
2023-10-06 19:00:00,0.0,0.0030216667841770025,0.0030533797953398896,0.002323707351925212,0.0023671565093221214
2023-10-09 16:00:00,0.005100006089812759,-0.0031137197419071365,-0.003185780982523023,-0.002746693675675608,-0.009921183674302612
2023-10-09 19:00:00,0.0,0.008158801883408777,0.008242326695999593,0.0070245057505885986,0.009553546503471198
2023-10-10 16:00:00,0.005537913263380823,0.015368814261389665,0.015510531023938292,0.014487677230187658,0.017058406087013818
2023-10-10 19:00:00,0.0,-0.00515653218351033,-0.005162665471788865,-0.005663379086664597,-0.005785324461397303
2023-10-11 16:00:00,0.007135569184733903,-0.0016925425452355483,-0.001946673776650748,0.0024237530537700096,-0.003009395332208643
2023-10-11 19:00:00,0.0,0.003666861342153571,0.0035957126385396565,0.004935583018984921,0.0031536287454673453
2023-10-12 16:00:00,-0.0034750538810837117,-0.0016500588944710923,-0.0018966109432126147,0.010404476211602131,-0.00725865893070217
2023-10-12 19:00:00,0.0,-0.00785368188875829,-0.007961739440969463,-0.008768130508063562,-0.00994371767628466
2023-10-13 16:00:00,-0.012570174695576974,-0.006630997629520908,-0.006559777834488065,-0.010978657328581177,-0.00426258909668245
2023-10-13 19:00:00,0.0,-0.0019923657578899395,-0.001845503203263402,-0.005694447509102565,-0.0004346505352086019
2023-10-16 16:00:00,0.011306357874391937,0.013221412128266137,0.013453852690244652,0.008421953010949487,0.018332524084742653
2023-10-16 19:00:00,0.0,-0.0004281220146678773,-0.0004947681282961808,0.0005939100713385928,-0.001928055706633515
2023-10-17 16:00:00,-0.0032752081713236514,0.0015933679906026204,0.0016244771321160816,-0.001039179460905493,-0.00024811972352758256
2023-10-17 19:00:00,0.0,-0.0015367584622232387,-0.0015829065660379071,-0.0010448511457285957,-0.0039620501612405885
2023-10-18 16:00:00,-0.013118006528087589,-0.011552904451535841,-0.011661787663910027,-0.006101269506291317,-0.013547466219903563
2023-10-18 19:00:00,0.0,-0.0035994948555927034,-0.0035496335980027497,-0.0046268102269415015,-0.003827834209803922
2023-10-19 16:00:00,-0.009356879967413523,0.00020084373086503993,0.0002956763284878143,-0.0030159857524419123,-0.0017485240145656185
2023-10-19 19:00:00,0.0,-0.012457147412613952,-0.012493193531088017,-0.011695805740007599,-0.013362028945467385
2023-10-20 16:00:00,-0.014917934346790007,-0.00738031695767486,-0.0073474521758002285,-0.010346697217363976,-0.006531659368554818
2023-10-20 19:00:00,0.0,-0.006775606568674044,-0.006767480495311993,-0.00890040159383893,-0.00764861973349333
2023-10-23 16:00:00,0.003017621591142161,0.009220126607483439,0.009435001383427531,0.0047446161914569745,0.016365807781213028
2023-10-23 19:00:00,0.0,-0.01091853672418331,-0.011089767824763584,-0.008184741263247133,-0.015559757824597144
2023-10-24 16:00:00,0.009728083134687315,0.0021579054473110587,0.0022199382698015004,0.002443762553420449,0.0002364982617157089
2023-10-24 19:00:00,0.0,0.006606200084320001,0.006523696431704754,0.003369849559870303,0.003935657123655116
2023-10-25 16:00:00,-0.02447590303384639,-0.019534784555416285,-0.019638386097924686,-0.013653718853235063,-0.02119448370619671
2023-10-25 19:00:00,0.0,-0.004458539114681891,-0.004496318676484828,-0.0028574471144232542,-0.005650362437247388
2023-10-26 16:00:00,-0.019067371420221413,-0.013065819108469148,-0.013359530827938006,-0.007799058789892772,-0.02077627441848772
2023-10-26 19:00:00,0.0,0.002193771125266661,0.002268653674937283,-0.0001557040283899088,0.0018516001968110426
2023-10-27 16:00:00,0.004801534907010296,-3.532024632071598e-05,8.435747787142397e-05,0.002333347217877917,0.008424704451905171
2023-10-27 19:00:00,0.0,-0.0035556612249378573,-0.003649980989244216,-0.004160186839743878,-0.0031205882047013666
2023-10-30 16:00:00,0.01126518296415746,-0.002012862082895905,-0.0025563373048761422,0.00317949955736033,-0.0020798483440869816
2023-10-30 19:00:00,0.0,0.005544041690172802,0.00568634717646715,0.001421105772778802,0.004440768562603965
2023-10-31 16:00:00,0.004782493116584963,0.005262563469789338,0.0052562531148331575,0.00013820060381362713,0.010209073642563403
2023-10-31 19:00:00,0.0,0.0023376909656062546,0.0023706068966020412,0.0016798617393859845,0.002596215990491304
2023-11-01 16:00:00,0.01735674813571375,-0.000912281332020952,-0.001471954129283491,0.009365009602276847,0.0016620321968092227
2023-11-01 19:00:00,0.0,0.010356981796308468,0.010385720170965238,0.00898256662997802,0.010707589637267102
2023-11-02 16:00:00,0.01815335581752442,0.017628472779550375,0.017620329425902182,0.013467918747780916,0.014112423137378302
2023-11-02 19:00:00,0.0,0.0031582789321896966,0.003172189698340351,3.897965896143774e-05,0.0034628604357731974
2023-11-03 16:00:00,0.011748636042422156,0.019119575216525703,0.019142244167290386,0.026113673514827615,0.01179716547989596
2023-11-03 19:00:00,0.0,-0.0018560645411554522,-0.0017775618640530956,-0.0029920519826906787,-0.0007473185152772616
2023-11-06 16:00:00,0.004079499043069479,-0.004937425352179066,-0.004828541975158793,-0.004011591973544984,-0.00964333601405921
2023-11-06 19:00:00,0.0,-0.0013197338780110508,-0.0013289158020850093,-0.0006665658628574776,-0.001254083117684914
2023-11-07 16:00:00,0.009452676880263855,0.011210975879344857,0.011350312609605144,0.003428544080955263,0.013756478139595043
2023-11-07 19:00:00,0.0,-0.0007419040786018435,-0.0007010375084422227,0.0005352125899519781,-0.0006384445884371225
2023-11-08 16:00:00,0.0006437979647950787,-0.007231726375833044,-0.007070351070384195,-0.0147576022716601,-0.00463123135251667
2023-11-08 19:00:00,0.0,0.00045712029168049046,0.00043065209102739234,0.0005320327138951448,0.0019171015949648745
2023-11-09 16:00:00,-0.007695639422429346,0.0043717986918839985,0.004193814382495105,0.011070849314163201,0.0022553268733449894
2023-11-09 19:00:00,0.0,-0.01135777958066408,-0.011234823331051906,-0.016060706326487168,-0.013151404221872403
2023-11-10 16:00:00,0.022482349858343298,0.007996735773496721,0.007798909515883413,0.016699903204512426,0.0024662943877378145
2023-11-10 19:00:00,0.0,0.008773996059201341,0.008808031557309469,0.009632277278540918,0.009831458449147859
2023-11-13 16:00:00,-0.0031185932789159487,0.0008342221163376086,0.0008387130297204664,-0.002994753875621343,0.002877854414752258
2023-11-13 19:00:00,0.0,-0.0005282231109192744,-0.0005810211683891697,0.0014456856460229486,-0.0006192892016993949
2023-11-14 16:00:00,0.02152655968497541,0.026134005752504016,0.02618385902602589,0.026903256217792142,0.030184278204040245
2023-11-14 19:00:00,0.0,0.0011848870597424893,0.0010309034176009893,0.002290812716370503,-0.0006006535665202111
2023-11-15 16:00:00,0.0007525817769407084,0.00628681890642613,0.006258630888560687,0.003960079528490573,0.0022573080673084253
2023-11-15 19:00:00,0.0,4.6995725822714004e-05,0.00017614081628727245,-0.002284349576700267,0.0005103948711141836
2023-11-16 16:00:00,0.000855814060939375,-0.009312524336387268,-0.00947799533971987,-0.009603897966883296,-0.012204016127298479
2023-11-16 19:00:00,0.0,0.002568477299793305,0.002538257221138814,0.004711338805358993,0.0037306481532016714
2023-11-17 16:00:00,0.00023314596700751977,0.0030079198720408522,0.0032209251762431233,-0.0021521433971193457,0.007429346230144422
2023-11-17 19:00:00,0.0,0.0013531774707616834,0.0013681765261540368,0.0021867734442702507,0.0021565665748041166
2023-11-20 16:00:00,0.012174850607820975,0.00666925921675777,0.006418359577998616,0.010355357864908488,0.004858940066373607
2023-11-20 19:00:00,0.0,0.005959692031624236,0.005936387830945974,0.007826679510360514,0.004768207168680604
2023-11-21 16:00:00,-0.00580960407421971,-0.007301566359635098,-0.007104005792415826,-0.012244252366006413,-0.005348491730622163
2023-11-21 19:00:00,0.0,0.0015435958374218242,0.0015004826693588344,0.0017671413862607465,0.0013354967919877545
2023-11-22 16:00:00,0.0040931226001059695,0.006547242213021331,0.00646076022629649,0.0061720024000207875,0.0063863602522672164
2023-11-22 19:00:00,0.0,-0.0030037527453283096,-0.0029112084148531355,-0.005651951221450733,-0.00311947632500504
2023-11-27 16:00:00,-0.002281596294251731,0.00195602608381143,0.0018042816615370329,0.005942324510190558,0.0030896643981743973
2023-11-27 19:00:00,0.0,-0.001552832717302148,-0.0015276643280291984,-0.0013666295776992388,-0.002093679797054223
2023-11-28 16:00:00,0.002620961652489484,0.002105973726733792,0.0021503552264273934,0.0011266263789387694,0.003210137093967796
2023-11-28 19:00:00,0.0,-0.0026076130052449325,-0.002618613311194758,-0.0016185118667351615,-0.0031210999584580703
2023-11-29 16:00:00,-0.0009740582762252092,0.009483573946773046,0.009019065694754693,0.017787455335327735,0.012702937962366724
2023-11-29 19:00:00,0.0,1.0663095803461207e-05,8.16509393821636e-05,0.0002557128797575728,0.00014706567731680837
2023-11-30 16:00:00,-0.0025140557634421024,-0.009269737673884516,-0.009029531820240145,-0.012600252864093199,-0.004849658293757926
2023-11-30 19:00:00,0.0,0.004227703102419904,0.004080009599602074,0.0055983217496668874,0.0034925830424893515
2023-12-01 16:00:00,0.0028548321889130257,0.009799001595329978,0.009993277349977667,0.009918224194015819,0.010023227783617193
2023-12-01 19:00:00,0.0,0.002139570645089665,0.00216658898509332,0.005772687078936453,0.00022390433972859777
2023-12-04 16:00:00,-0.009283324522820324,-0.006356430144754527,-0.006362002931767489,-0.004281438435734264,-0.013073913347093397
2023-12-04 19:00:00,0.0,5.68922683888249e-05,5.5624921361867506e-05,0.0007471753431434636,0.0008227306067037014
2023-12-05 16:00:00,0.0025106642779217925,-0.005221367057904223,-0.005217906808431148,-0.005912943915833629,-0.005438126481897808
2023-12-05 19:00:00,0.0,0.00040914442128943054,0.00045914006476044535,0.0009767850473127494,0.0012589052994603316
2023-12-06 16:00:00,-0.005783723484744763,0.005738336090824601,0.005694006112034666,0.01121009126399774,0.006258884040573729
2023-12-06 19:00:00,0.0,-0.0033771101187778396,-0.0033342623010184417,-0.00654562942477282,-0.0025072377446296516
2023-12-07 16:00:00,0.013972130289154894,0.005472171468855008,0.005467530502956475,0.0004676337591789529,0.005141673898700444
2023-12-07 19:00:00,0.0,0.00016459021568593048,0.00015784237110747388,0.0010138900140516088,-0.00035658445704487825
2023-12-08 16:00:00,0.004456745020912756,0.0005485513121119172,0.0006133630316621946,0.002066294595356013,0.0008519285347081219
2023-12-08 19:00:00,0.0,0.004225872905169974,0.004201550104233432,0.004965383914988151,0.003333365638337679
2023-12-11 16:00:00,0.0085420340118052,0.013824939837078035,0.014007684975586241,0.010015160462290102,0.01646326227555134
2023-12-11 19:00:00,0.0,0.0006619465601445156,0.0006631861532050379,-0.001701613749168783,-0.0023315217692089826
2023-12-12 16:00:00,0.007964388810955292,-0.00010256674331817701,-0.00019601713891122764,0.000330667567316361,-0.0023164464770679617
2023-12-12 19:00:00,0.0,0.0034574209705287365,0.0034970780640141254,0.0028665443254723443,0.004755668411535914
2023-12-13 16:00:00,0.012717191764985314,0.0028664402495965206,0.00282620693563589,0.00262093582877541,0.00026496932328265297
2023-12-13 19:00:00,0.0,0.014987858214217888,0.015053426455288652,0.01429967052518358,0.018796330449620674
2023-12-14 16:00:00,-0.0008667448547702294,0.01449584231383281,0.014584607173965666,0.01568438171133395,0.02764327298965329
2023-12-14 19:00:00,0.0,-0.00360069784158112,-0.003629145017287025,-0.00249304982311299,-0.0011001720151605763
2023-12-15 16:00:00,0.004833842510653552,0.003816817856553114,0.0037931752915990337,0.003672418626002845,0.009959425624683126
2023-12-15 19:00:00,0.0,-0.004316716312742993,-0.004201994707831381,-0.0067897106917044776,-0.0061320559113414025
2023-12-18 16:00:00,0.0062986067851451555,0.000876040601903603,0.001200476348194331,-0.00857299282916213,-0.0009971325566994
2023-12-18 19:00:00,0.0,0.002615988347862597,0.0025452838406782915,0.004479304117471862,0.002326999471691162
2023-12-19 16:00:00,0.005109753532122729,0.0046184918965817175,0.004525869369113944,0.005716550386678212,0.0064266137790312565
2023-12-19 19:00:00,0.0,0.002142407027535736,0.001969953348980154,0.005174803240061803,0.0018590417050635705
2023-12-20 16:00:00,-0.014859823421377372,0.000697654521401333,0.0006986269439951149,-0.0016317442986268952,0.0009059230426388629
2023-12-20 19:00:00,0.0,-0.011465760285720446,-0.01131956920356782,-0.015372158272603836,-0.016063911196597436
2023-12-21 16:00:00,0.011635543454743491,0.004870613101641217,0.004617821844172949,0.010352344627133513,0.005102796647038941
2023-12-21 19:00:00,0.0,0.00047229409791146225,0.0005589276920792041,-0.0014165727249696631,0.0004686202826846666
2023-12-22 16:00:00,0.0014958853500290914,0.00744969635568084,0.007418616987840117,0.010025125964662956,0.010529663104926833
2023-12-22 19:00:00,0.0,0.0004799710855556992,0.00047992524088506675,0.0008129018101821553,-0.0010816041670182659
2023-12-26 16:00:00,0.006121708935123316,0.005215102654557797,0.00498492777677486,0.013365221952424277,-0.0014853160676821676
2023-12-26 19:00:00,0.0,0.0023910338945938294,0.002358211799304713,0.0022459828256530126,0.0008887100248602051
2023-12-27 16:00:00,0.002035667227989091,-0.0002116103913532622,-0.00032605387508636766,0.00247439730092238,-0.001988313535537297
2023-12-27 19:00:00,0.0,-0.0008970920370894688,-0.0008631837725313182,-0.0017598006577733587,-0.0010065189436809633
2023-12-28 16:00:00,-0.0004859510217455343,0.0025580782511972133,0.0025778794149938357,0.0022683488209965575,0.003203570900899309
2023-12-28 19:00:00,0.0,9.23617380800459e-05,0.00017244419490708806,-0.0029332453855368673,-0.0011345092144203902
2023-12-29 16:00:00,-0.004327749493745592,-0.007578232003292238,-0.0074334368694836785,-0.010847416606841772,-0.007875411675054867
2023-12-29 19:00:00,0.0,0.0030792858499852226,0.0030736359054001627,0.0026287159276247394,0.0028289311886445364
2024-01-02 16:00:00,-0.01692220131694222,-0.008966403813852277,-0.00897877800107806,-0.010867459213960613,0.005789882956839472
2024-01-02 19:00:00,0.0,-0.006125604884788283,-0.006122204959899006,-0.0034184516910287675,-0.007909172459064636
2024-01-03 16:00:00,-0.010581575070376936,-0.009389990181023005,-0.009423233085662874,-0.006459441225209613,-0.014196403668839236
2024-01-03 19:00:00,0.0,0.0015347864871385942,0.0015480961314047405,-0.0008305231633005298,0.0030781668803242838
2024-01-04 16:00:00,-0.005146439998156449,-0.003021676474169917,-0.0030603090292727862,-0.008671431819315808,-0.007811098411143457
2024-01-04 19:00:00,0.0,-0.0020677131669783037,-0.002049424089152827,-0.0026904932506214797,-0.0006426083307330336
2024-01-05 16:00:00,0.001186051572571456,0.001899815798047109,0.0019510291284397185,-0.0017131152857252417,0.008131077837341658
2024-01-05 19:00:00,0.0,-0.004697081889665027,-0.004701223942910977,-0.0034653926786441416,-0.005968200108640763
2024-01-08 16:00:00,0.020667893956210825,0.014106608402774454,0.01418491365534368,0.011114313184314346,0.014540165331609192
2024-01-08 19:00:00,0.0,0.005443392273097492,0.005442754253143396,0.005267646389485543,0.005666384710865175
2024-01-09 16:00:00,0.0019755494515962813,0.0018483448977940267,0.0017224724065180096,0.002251994738784207,0.003569757232087812
2024-01-09 19:00:00,0.0,-0.001180212772688504,-0.0011822453189877338,-0.0008622662269877014,-0.0021198681022216444
2024-01-10 16:00:00,0.0067775238095815205,0.0009462307937572596,0.0008213843043467595,-0.0035928008187339562,-0.002760209053183986
2024-01-10 19:00:00,0.0,0.004091790500011999,0.004060100290332946,0.00517171578118106,0.0044120804530836995
2024-01-11 16:00:00,0.0020808935077254453,-0.011528215008097243,-0.011618146351288985,-0.008315364210708217,-0.015009773065196701
2024-01-11 19:00:00,0.0,0.01020709258032165,0.010096995265014442,0.011409653697804445,0.010120960828795317
2024-01-12 16:00:00,0.0005129246844910451,-0.0022467664016447915,-0.002285480280611831,0.0004436201591313512,-0.0035823304333887206
2024-01-12 19:00:00,0.0,0.0011536298333297255,0.0011128862786277498,0.0009577022914809572,-0.00099204465258823
2024-01-16 16:00:00,-9.763550316188585e-05,-0.0022700056285229146,-0.0024554474790261733,-0.0025188101513597813,-0.006301385320956046
2024-01-16 19:00:00,0.0,-0.0015640742008429316,-0.0015428770957123948,-0.002671688215014861,-0.0019695674166946963
2024-01-17 16:00:00,-0.0056407337723141104,-0.0070233686947667,-0.007116405495791263,-0.00783609686909709,-0.011381396175415366
2024-01-17 19:00:00,0.0,0.0003347704428555455,0.00030470912114305003,9.522498157664978e-05,0.0015752759391346517
2024-01-18 16:00:00,0.014194143114514501,0.010677149206667635,0.010525691139029274,0.0144797714229803,0.01123261036434804
2024-01-18 19:00:00,0.0,0.002620901813147002,0.002668372561066861,0.0003070038536251442,0.0032158600200738892
2024-01-19 16:00:00,0.019830964853488897,0.007566714933574419,0.007282134641334414,0.01503944534729791,0.005729418019426557
2024-01-19 19:00:00,0.0,0.009401187000693553,0.009339994830608612,0.014511660543600998,0.008735248206278346
2024-01-22 16:00:00,0.001305816322008102,0.006313839452675532,0.006147136524377345,0.010092558429220957,0.0070172497161820994
2024-01-22 19:00:00,0.0,-0.002227686893017599,-0.0022015064809798044,-0.0026718020673143312,-0.002769814325976023
2024-01-23 16:00:00,0.004149750992991974,0.0006884736024068793,0.0009488075488985008,-0.0056460925402884105,0.002105413416769016
2024-01-23 19:00:00,0.0,0.002190166447349819,0.002298409072664822,5.856409358619535e-05,0.003116981763156667
2024-01-24 16:00:00,0.005549066995215179,0.00903600337153394,0.008454783935165234,0.024630522788654186,0.008938536622979446
2024-01-24 19:00:00,0.0,-0.005900876495263111,-0.005946539050615557,-0.006371687796478447,-0.00848145891012056
2024-01-25 16:00:00,0.0012212007227503374,0.0038433653591835103,0.0034072746703272365,0.006186821078809113,0.0036978762945549864
2024-01-25 19:00:00,0.0,-0.004361149153078187,-0.0038888246427656913,-0.011169118845360227,-0.006468672195335819
2024-01-26 16:00:00,-0.005957653137839802,0.0007019516798807794,0.0008480542448668863,-0.004994515423270945,-0.007349473743730812
2024-01-26 19:00:00,0.0,-0.0017994824567736367,-0.0018048419528047506,-0.002495279120235767,-0.0036617846018778457
2024-01-29 16:00:00,0.010240612383698888,0.0005802655896758257,0.0005387913913463279,-0.0033166052966336107,-0.00014356069025063986
2024-01-29 19:00:00,0.0,0.0019468561092232126,0.001852738794994631,0.002474781982490279,0.0011479219700756865
2024-01-30 16:00:00,-0.006656570842333065,0.0017174762835352002,0.0016654449982694095,0.0022032596141931763,0.00431567539902112
2024-01-30 19:00:00,0.0,-0.0017046464729461508,-0.00161965934983891,-0.002975285879428145,-0.000839789775592208
2024-01-31 16:00:00,-0.01958619398802741,-0.009977010564307918,-0.009559149864927747,-0.016271710759211123,-0.010282179969542985
2024-01-31 19:00:00,0.0,0.001365919416119695,0.0012163808972992128,0.0028293436941301485,0.0024362837699413937
2024-02-01 16:00:00,0.01177547552656244,-0.003932901075551319,-0.004109393659091647,-0.0027044980550152463,-0.005068349264729534
2024-02-01 19:00:00,0.0,0.007401506865924414,0.00743022576368763,0.008594366244603621,0.007837267266994765
2024-02-02 16:00:00,0.016900417921162703,0.0016298036246135369,0.0016259228175535098,0.008966126451548302,0.004265423440071055
2024-02-02 19:00:00,0.0,0.0034940654422928735,0.003467049567315646,0.0011398957714197889,0.00045267235581214395
2024-02-05 16:00:00,-0.001305213843120434,-0.008233634024543014,-0.00826403022871717,-0.009926340428751793,-0.012099440388591495
2024-02-05 19:00:00,0.0,0.003956747610442688,0.003829899972773297,0.004417720044043174,0.002486753509761768
2024-02-06 16:00:00,-0.002007332951320273,-0.0033267289027777164,-0.0032311982809117654,-0.004787591239436468,-0.006062289482409772
2024-02-06 19:00:00,0.0,0.003582073399644854,0.0035759630257040952,0.004040591222656812,0.004123120584197972
2024-02-07 16:00:00,0.010290287788187635,0.009442001233421472,0.009239532209687857,0.013965499469437427,0.009990412846616942
2024-02-07 19:00:00,0.0,0.00033656752746096967,0.00030848413812564914,5.2480900782732516e-06,-0.0003594792874269816
2024-02-08 16:00:00,0.0018518917966079407,0.0009760908210807997,0.0008865597930602079,0.0027618673982331317,0.002566282221790457
2024-02-08 19:00:00,0.0,0.00032763227874486384,0.00024757712913074285,0.0011236287076560126,0.002000630485373869
2024-02-09 16:00:00,0.009843123986133184,0.0025430593638529854,0.0024849942396506877,0.008517777542478698,0.007262596098217745
2024-02-09 19:00:00,0.0,0.003624463797931353,0.003597764198210607,0.003976064070862067,0.0029298442036178405
2024-02-12 16:00:00,-0.00391265313562561,0.003554560783323888,0.003721542290786181,0.0005631275463278104,0.004145710605334815
2024-02-12 19:00:00,0.0,-0.004985227484691209,-0.0046332318102524205,-0.013388559306091907,-0.00828710297010478
2024-02-13 16:00:00,-0.015596987850148847,-0.014095341749587544,-0.014166218763898704,-0.00972668515473396,-0.011474293492668899
2024-02-13 19:00:00,0.0,-0.009451634159014646,-0.00939612481942143,-0.011644179944044493,-0.011136617168652128
2024-02-14 16:00:00,0.010897288255939275,0.010506206475801508,0.010272503770503316,0.01687352467987639,0.012524031635270381
2024-02-14 19:00:00,0.0,0.00348721813646024,0.003419760602937579,0.004533604022961483,0.0040113725618958086
2024-02-15 16:00:00,0.0029777041472982546,0.006194353702696547,0.006391956845163531,0.0022450126951318937,0.009829980110186739
2024-02-15 19:00:00,0.0,0.004411874520210189,0.004410241690392388,0.004057919547953598,0.003248160800159501
2024-02-16 16:00:00,-0.00906764228944712,-0.0013286672181180605,-0.0015737185976164854,0.005010980534871612,0.000505715143126617
2024-02-16 19:00:00,0.0,-0.005025221545049705,-0.004974905552596378,-0.008732138864120558,-0.006174094474751395
2024-02-20 16:00:00,-0.007548300415978648,-0.011392096948528111,-0.010755464261942082,-0.028328776063082626,-0.012116274679627122
2024-02-20 19:00:00,0.0,0.0028696118722414464,0.002811372071812183,0.0035613442572189403,0.003538579952785625
2024-02-21 16:00:00,-0.004001599484514284,-0.006534464824248832,-0.0061706744181286265,-0.027319028401423553,-0.003492378247049722
2024-02-21 19:00:00,0.0,-0.004348487407775048,-0.0044041970282486,-0.00458658231860224,-0.0050068815119971195
2024-02-22 16:00:00,0.029275610441087396,0.023458208032087327,0.023247516650895285,0.020266077036515565,0.018181790184840337
2024-02-22 19:00:00,0.0,0.0042547423815080835,0.004263156155715885,0.00191795376539296,0.0023821350653517323
2024-02-23 16:00:00,-0.002944666844768462,-0.0020927434534953977,-0.001800246957013484,-0.01327191257564056,-0.003767545815334643
2024-02-23 19:00:00,0.0,0.00025098484013919193,0.0003583692162831288,-0.0030326292161860853,0.00250581821627078
2024-02-26 16:00:00,-0.0005266294731804955,0.003473184591500377,0.003538684145834713,0.00361017688751243,0.006446340214543951
2024-02-26 19:00:00,0.0,-0.002179570247361063,-0.002356851492416189,-0.0020849866171114557,-0.005182701530217021
2024-02-27 16:00:00,0.0024051836053411435,0.0030116681850579008,0.00292989861548587,0.006882931878862872,0.0007046698922594564
2024-02-27 19:00:00,0.0,-0.0007142268237188054,-0.0007505395940927749,0.0023818110930250978,-0.00171133098451994
2024-02-28 16:00:00,-0.00532453835457114,-0.0021980203725585666,-0.0022340461843979023,2.4196567203309342e-05,-0.006865014749520707
2024-02-28 19:00:00,0.0,-0.001953621173806817,-0.0019825737433099137,-0.001781092270785431,-0.001211960886817277
2024-02-29 16:00:00,0.008569430391258903,0.002407005715134721,0.002388583865564461,-0.0031046758909787572,0.0019514341929373507
2024-02-29 19:00:00,0.0,0.0022419997657928776,0.0020526790073391006,0.004083535101793997,0.0010577678204974125
2024-03-01 16:00:00,0.015057057865849321,0.008586470863736328,0.008010487831831625,0.016755243825491158,0.00091916937470407
2024-03-01 19:00:00,0.0,0.004813491532080032,0.004842387733592031,0.007868257174966625,0.005698002410804764
2024-03-04 16:00:00,-0.0035682820481358624,-0.003369055150924771,-0.0033824858160878437,0.008833922841064611,0.00018391156335160103
2024-03-04 19:00:00,0.0,-0.0009335622912475033,-0.0009681606580961778,0.0009706478495136034,-0.0015978546879601265
2024-03-05 16:00:00,-0.017949635563498934,-0.01588588363218447,-0.015806692595863446,-0.019364517622716165,-0.014290377626237576
2024-03-05 19:00:00,0.0,-0.0048983983156252785,-0.004881039275540642,-0.007187403691800932,-0.0047448849405570676
2024-03-06 16:00:00,0.006283645200582111,0.0139598583515364,0.013932074923429476,0.026554911175839822,0.011557039053421444
2024-03-06 19:00:00,0.0,-0.003962034565410482,-0.003978523719965738,-0.0024044800481726266,-0.004259012820304868
2024-03-07 16:00:00,0.015178109028032516,0.011876192912198762,0.011831434411196549,0.018091093765001523,0.010841145230104614
2024-03-07 19:00:00,0.0,0.0014321903884277245,0.001476874291360313,-0.0011665177037341623,0.0004712828249556321
2024-03-08 16:00:00,-0.014434868161486647,-0.005042902515859446,-0.004847293038259974,-0.02500921326258849,-0.012209231610922602
2024-03-08 19:00:00,0.0,-0.001902969980478388,-0.0018806124718988373,-0.0059133696479337925,-0.0025615527697617924
2024-03-11 16:00:00,-0.003712647832800009,-0.002617273677833123,-0.002545326768371622,-0.014357429663583181,0.0009066224461281294
2024-03-11 19:00:00,0.0,0.0011974491111558648,0.0011786522937150365,-0.000469438229129024,0.0008753053942113375
2024-03-12 16:00:00,0.014334960069013247,0.002000182880215906,0.002111272378998507,0.000321741226280378,0.0001691151507395154
2024-03-12 19:00:00,0.0,0.004552693006889138,0.004544534805255933,0.009744609225398054,0.005661885566153667
2024-03-13 16:00:00,-0.007686116523888287,-0.004905331125335276,-0.004778103011448984,-0.015052116119325757,-0.00851494210287027
2024-03-13 19:00:00,0.0,-0.0025763870196298306,-0.0025830428985946564,-0.0012195661739494066,-0.004013414892223187
2024-03-14 16:00:00,-0.0025211437426884142,-0.008039761970136942,-0.008042268891317336,-0.012859711806273802,-0.012783194583676497
2024-03-14 19:00:00,0.0,0.0006292741424157637,0.0005791976563288025,0.00027968283574343947,0.0007135883263766097
2024-03-15 16:00:00,-0.011886906289673482,-0.009271751931484115,-0.009243244182586432,-0.00830947356877066,-0.010418979008158894
2024-03-15 19:00:00,0.0,0.0016626248913448611,0.0016289670987889708,0.004159081911788954,0.0037927518034108587
2024-03-18 16:00:00,0.009537401063898665,0.00960744175243627,0.009621758951314861,0.013036269362934293,0.008793822256015856
2024-03-18 19:00:00,0.0,-0.0025482992875651696,-0.002460171794350626,-0.004575959658173057,-0.002648978056756142
2024-03-19 16:00:00,0.002491565767432924,0.001309105023477804,0.0012608579743587697,-2.356382443188227e-05,-0.00028607533401003404
2024-03-19 19:00:00,0.0,0.0013127683436730839,0.0013356391343535261,0.001889130699303531,0.0005520925145403948
2024-03-20 16:00:00,0.01185663722683672,-0.00012527920239370846,-0.00015157394130546506,-0.0019657448593298353,0.002188181509826652
2024-03-20 19:00:00,0.0,0.009933916711233844,0.010048020912406981,0.008468300127029687,0.01008288391290162
2024-03-21 16:00:00,0.004732104555416061,0.012983765286964788,0.013073332840920226,0.004954547828441821,0.014298893436983122
2024-03-21 19:00:00,0.0,-0.006039214343764414,-0.006080569471047514,-0.0036957738136962114,-0.007877954791232628
2024-03-22 16:00:00,0.0011439707152343104,-0.00490236831538713,-0.004976036359304405,-0.00864700153674722,-0.0036806535256559457
2024-03-22 19:00:00,0.0,0.00012400654741567073,8.867099798239005e-05,-0.0014919113352118046,-0.0008873278904933892
2024-03-25 16:00:00,-0.0036292838579048414,-0.0022185395119683937,-0.0024680680157304234,-0.0007111198200613514,-0.001928662859140291
2024-03-25 19:00:00,0.0,-0.0006939061634683607,-0.0007345788580028659,-0.001206382192127002,-0.0005836711534948106
2024-03-26 16:00:00,-0.0032376192638451373,0.0011460177401775118,0.0012806183243747882,0.0007323687766068788,0.0017664282751754092
2024-03-26 19:00:00,0.0,-0.0027119501892589027,-0.0026883250359337842,-0.003884524134745429,-0.0034820200763685054
2024-03-27 16:00:00,0.0034061945963386187,0.00528122181895053,0.005504168023277828,-0.002007792536110959,0.007690667724776479
2024-03-27 19:00:00,0.0,0.0031377911838957055,0.003160127402936671,0.001680784129350261,0.0035593046873479447
2024-03-28 16:00:00,-0.0018435126338075536,0.0007107544132234152,0.0007786968823308056,-0.0007242893738748219,0.0005850918488841592
2024-03-28 19:00:00,0.0,-0.0005432038013481872,-0.0005546245994216914,-0.001981174118588944,-0.001030228293941292
2024-04-01 16:00:00,0.002117018629833378,-0.003044221077074771,-0.0031887431956036574,0.0003346946569551586,-0.0009099812167872134
2024-04-01 19:00:00,0.0,0.0005962317822285117,0.0006153315926763271,-0.0006602582822149749,0.0011704500745960858
2024-04-02 16:00:00,-0.008630172466329467,-0.011843336730773299,-0.011836048604265383,-0.0140518389095279,-0.014083762072020337
2024-04-02 19:00:00,0.0,0.0012065754314692645,0.0011968195769329628,0.004496335294710534,0.0005164884858034561
2024-04-03 16:00:00,0.0022443118730091083,0.002195667949144902,0.0021771501357216697,0.008481793324040391,0.00142522194563514
2024-04-03 19:00:00,0.0,-0.0021964182780028693,-0.0022096346379958777,-0.001291039944384266,-0.0024373931119667167
2024-04-04 16:00:00,-0.015290614088419585,0.0078118672772515595,0.00784810081678688,0.004167308738286271,0.006202071968190491
2024-04-04 19:00:00,0.0,-0.02248515032422641,-0.02240076510319969,-0.028079543754386448,-0.02631760951480678
2024-04-05 16:00:00,0.011783935048918392,0.014866281938618246,0.014846641607895164,0.01615791927308212,0.01501595125092426
2024-04-05 19:00:00,0.0,-0.0048714674770935565,-0.004900277028322102,-0.0023801257427726154,-0.004531232744428131
2024-04-08 16:00:00,0.0002950778661379161,0.00259171498247044,0.0026290605070185716,0.0002559854296761795,-0.0009418704076269201
2024-04-08 19:00:00,0.0,-0.0007922652151538359,-0.0007853228005817983,-0.0013699332550766007,-0.0011114012310007337
2024-04-09 16:00:00,0.0036994842206485856,0.001780886838050274,0.0018232788602596316,0.0021387873180747988,-0.003893949338512189
2024-04-09 19:00:00,0.0,0.00471257927277034,0.004728552108300327,0.003881344181065432,0.004985340831957603
2024-04-10 16:00:00,-0.008728405267464767,-0.015570135120377474,-0.015565980216315835,-0.01794695839551781,-0.010559767232963627
2024-04-10 19:00:00,0.0,-0.0002951782085208548,-0.00034431878583641285,0.0022381790773933342,-0.000991299447844928
2024-04-11 16:00:00,0.01596822129254094,0.001750287778298677,0.0017758091567059355,0.0019239817897032008,0.006465686537090357
2024-04-11 19:00:00,0.0,0.007631125010563881,0.007577779943000836,0.009727477805622694,0.008641769908560899
2024-04-12 16:00:00,-0.015941895524497762,-0.017741045645359062,-0.017742103575833276,-0.01846469651529136,-0.021525925360863354
2024-04-12 19:00:00,0.0,-0.00047482046621699566,-0.0004830892745725474,-0.0008786452881359959,-0.0013680507736294988
2024-04-15 16:00:00,-0.016450945340176104,-0.0028697269445123043,-0.0027804610549287535,-0.002877063343960949,-0.00025716554947865817
2024-04-15 19:00:00,0.0,-0.010740302581413102,-0.010675026537848221,-0.014770099752999541,-0.013455486831790438
2024-04-16 16:00:00,9.285767898692399e-05,0.001806530010657134,0.001802625317282038,0.00214574011206382,0.0011904046235314714
2024-04-16 19:00:00,0.0,-0.0029597288566398142,-0.00298363094303636,-0.0026330174934752737,-0.004561479490941282
2024-04-17 16:00:00,-0.012201395394815462,-0.009616190828476855,-0.009507692451255515,-0.021339776095662167,-0.01814521868312498
2024-04-17 19:00:00,0.0,0.0005313249684312025,0.00047827056853605183,0.0015958569778562123,-0.0015839289183822343
2024-04-18 16:00:00,-0.005706472463386847,-0.0022173398406064894,-0.0023828727273696184,0.001169825640765198,-0.0033273846101104718
2024-04-18 19:00:00,0.0,-0.003126696002980671,-0.0030976728556073056,-0.0016807560081511278,-0.0038891103718123464
2024-04-19 16:00:00,-0.020689207477481042,-0.0054564535335048904,-0.005447466921647665,-0.007870730846566676,-0.00820140162393165
2024-04-19 19:00:00,0.0,-0.0018320822445302744,-0.001966228882157094,0.0005045053633032438,-0.00847230937978658
2024-04-22 16:00:00,0.010056852416465478,0.005397193495976347,0.005341042418762201,0.007636065086792843,0.00749034430809766
2024-04-22 19:00:00,0.0,0.004438940909060576,0.004488628221068513,0.0032310266766307962,0.005217359817020959
2024-04-23 16:00:00,0.014922828823315415,0.01334360575939979,0.013446761123857606,0.006771119423242137,0.015600258206373813
2024-04-23 19:00:00,0.0,-0.0002066455366658724,-0.00022321564750992483,-0.0009735631270898212,0.00012108727457036176
2024-04-24 16:00:00,0.003387663878385183,0.0009221818683512286,0.0012277185025937902,0.001325463861851177,-0.0008118993833448919
2024-04-24 19:00:00,0.0,0.0034831664570959607,0.0034306888646334997,0.003009971023482731,0.0030573260766833844
2024-04-25 16:00:00,-0.004829899442177044,-0.0049426524995559535,-0.0047008507196144664,-0.003526009969906279,0.0022295714832397413
2024-04-25 19:00:00,0.0,0.0025361958717887113,0.002575115559020343,0.0002776512430848481,0.0014315181559334106
2024-04-26 16:00:00,0.015431696343917833,0.00855489370250788,0.008460886776522365,0.005872990448724447,0.009219608682997467
2024-04-26 19:00:00,0.0,-0.002013759146154871,-0.002001565378677909,-0.0017590917194257167,-0.001302620035238116
2024-04-29 16:00:00,0.004060354601299165,0.0034081194640281014,0.0034655192550153424,-0.0009564849008521549,0.0016717572194413436
2024-04-29 19:00:00,0.0,0.0006393364743148784,0.0007086104758769976,-0.0001484635570196313,0.0014036745240285215
2024-04-30 16:00:00,-0.018856101842816053,-0.012164901137166263,-0.012219345834106658,-0.005826688429783674,-0.01407722826494061
2024-04-30 19:00:00,0.0,-0.004970472459651465,-0.0049918677900464845,-0.004096580567381311,-0.004859162884462472
2024-05-01 16:00:00,-0.0072306915215564205,-0.007761929324156484,-0.007649117390885947,-0.012236542840226758,-0.004966516612275803
2024-05-01 19:00:00,0.0,1.3068104832143452e-05,3.148431933893623e-05,2.41192004296397e-05,-0.0009013941244690053
2024-05-02 16:00:00,0.01276343434471916,0.0060968047391236815,0.0060449839523911905,0.009399457396652064,0.006007513361644603
2024-05-02 19:00:00,0.0,0.00540232930678337,0.005373591466716854,0.005160990004689338,0.005575555955158718
2024-05-03 16:00:00,0.02009846150736827,0.00988968298071632,0.009892331349456713,0.002818356893036034,0.012137497415721924
2024-05-03 19:00:00,0.0,0.0017680695186794374,0.001747561240997525,0.002596513771849979,0.0021884742934335025
2024-05-06 16:00:00,0.010953404725757343,0.003044172984471053,0.003039893477218045,0.004810649343834053,0.006071384923421972
2024-05-06 19:00:00,0.0,0.003161060139301529,0.0031407422277830764,0.0033199643941003816,0.002552069609954274
2024-05-07 16:00:00,0.00015902132453571305,0.0033240756409707584,0.0033145628683912826,9.241465227836787e-05,-0.00016739783612696718
2024-05-07 19:00:00,0.0,-0.00214172570143171,-0.002078905317108988,-0.004714157204100774,-0.002879342250223142
2024-05-08 16:00:00,-0.0005904967394613214,-0.0024785094641495936,-0.0024812777241812493,-0.005177410071455552,-0.0003835301055721816
2024-05-08 19:00:00,0.0,0.0006406922460690742,0.0006290611759352019,0.004255059234532788,0.0014389577455697293
2024-05-09 16:00:00,0.0021815353947902683,0.0027202790682217155,0.002725538648597376,0.002041440852594884,0.004053366694399038
2024-05-09 19:00:00,0.0,0.00039363623768777853,0.0003991841561750108,-0.0003813401888182683,-0.000704227975537932
2024-05-10 16:00:00,0.002358098208816495,0.002720384316979199,0.0027511770486387597,-0.0033809014004584927,0.0011310237442243628
2024-05-10 19:00:00,0.0,4.731768677385628e-05,2.629314072425019e-05,-0.00043413828551817045,0.00018439928416948598
2024-05-13 16:00:00,0.002307451395780591,0.0034569311299794056,0.003583393970356274,0.003555485860684185,0.004276657202020193
2024-05-13 19:00:00,0.0,-0.0004489249320230745,-0.0004411451595149175,0.0002370052573545204,-0.0004703050442160366
2024-05-14 16:00:00,0.006432122879424629,0.0010785815022694256,0.0009739036787835133,0.003496459811653408,0.0053651736458374295
2024-05-14 19:00:00,0.0,0.0034829978498219947,0.003438862092623566,0.004240756292904585,0.0031752546285145396
2024-05-15 16:00:00,0.015630274294221813,0.00985819484034249,0.009716186616548347,0.00769177556217321,0.007460595442353642
2024-05-15 19:00:00,0.0,0.0022239642080619094,0.0021072486574423344,0.004689581391411747,0.002808016350302172
2024-05-16 16:00:00,-0.0020313078313122235,0.002513027360709619,0.002556050209356367,0.00014519848205998321,0.004821476194434811
2024-05-16 19:00:00,0.0,-0.0030231010153959387,-0.0028888915359594346,-0.00906950103116911,-0.003366049690307309
2024-05-17 16:00:00,-0.0004866354550948637,-0.0010126127785718658,-0.001041484424397451,-0.0019310716307841065,-0.00012033560424559166
2024-05-17 19:00:00,0.0,6.159322395143867e-05,8.585433848558642e-05,-0.0008271902032578468,-0.0006282248022407284
2024-05-20 16:00:00,0.006972547300218235,0.005759019309575488,0.005243402185632812,0.01624529692740146,0.011182666182201755
2024-05-20 19:00:00,0.0,-0.000587143149292177,-0.0005321738521317825,-0.002498258204889298,-0.0005282025521211316
2024-05-21 16:00:00,0.00195649302486256,-0.004128789031897895,-0.004138658318743754,-0.005466517016726807,-0.00401323456865022
2024-05-21 19:00:00,0.0,0.0019543692965458483,0.0018922920898253178,0.0011888884603589245,0.006520963455986748
2024-05-22 16:00:00,-0.00019733594446846858,0.003148880814678449,0.0027309395732796394,0.014700691050473372,-0.00114965442754577
2024-05-22 19:00:00,0.0,-0.0013048320834845154,-0.0014768942763338717,4.91710132839772e-06,-0.0005605618051669851
2024-05-23 16:00:00,-0.004498511236135316,-0.002827675594097194,-0.0031159861574282313,-0.005433849589789006,0.0019328364367618579
2024-05-23 19:00:00,0.0,-0.007536207331000168,-0.007396748219261874,-0.00946531390459261,-0.009915606821446684
2024-05-24 16:00:00,0.00945642294091531,0.00812289496231583,0.007855741027791711,0.0031488472953429625,0.015663171713013378
2024-05-24 19:00:00,0.0,-0.0018051895889637918,-0.0018119737469121284,-0.002281688995328562,-0.002296708390779359
2024-05-28 16:00:00,0.003777669326795907,-0.007078717209404716,-0.007291001076894573,-0.0026745479263994383,-0.00047541804955434323
2024-05-28 19:00:00,0.0,-0.00020234241698236335,-0.0002533796138043094,-0.0006323621806074446,0.0008142013901080757
2024-05-29 16:00:00,-0.00704835355416078,-0.00860562083217874,-0.008415454559510718,-0.01468285403361956,-0.011211433402279028
2024-05-29 19:00:00,0.0,-0.002463245714624909,-0.0024210711381794613,-0.0034411013028036444,-0.00135447035881874
2024-05-30 16:00:00,-0.010713298392843185,-0.001358820734427813,-0.0012349670186936356,-0.004315000458280655,-0.0011961276350991703
2024-05-30 19:00:00,0.0,-0.0023414325411226095,-0.0023703710442385933,-0.002130342647310846,-0.0035607900548703603
2024-05-31 16:00:00,-0.001860297086599072,-0.01237217984457648,-0.01175370903151333,-0.022476440518227447,-0.011768714579996467
2024-05-31 19:00:00,0.0,0.015565514407911558,0.015500080981481435,0.01363898608627638,0.015929608274787406
2024-06-03 16:00:00,0.005369372079429224,-0.01029303923274941,-0.010343169355547912,-0.008469143924412881,-0.013894602266324435
2024-06-03 19:00:00,0.0,0.007766110626746273,0.007795712466415558,0.009167220942234823,0.007011645917064529
2024-06-04 16:00:00,0.0027364801755982437,-0.0026642388219197772,-0.002633359440876044,-0.005899028581998931,-0.008088324113318812
2024-06-04 19:00:00,0.0,0.0027519385770981143,0.00274788800513674,0.0035133539841692447,0.003232368149412519
2024-06-05 16:00:00,0.020159670378230077,0.011861255404447312,0.011898785016044614,0.010446302012255,0.014260727558641838
2024-06-05 19:00:00,0.0,0.002463805633536808,0.0024134729785657088,0.00413373586598086,0.0027882224146321428
2024-06-06 16:00:00,-0.0003451463298786983,0.00030804459919606055,0.00040609234203297436,-0.004363082831738327,-0.005118641312786868
2024-06-06 19:00:00,0.0,-0.001153676996796206,-0.0011509878025044462,-0.000903656612553681,-0.0017609263476054669
2024-06-07 16:00:00,-0.0008847760858157194,0.002182499961349374,0.002129820302948123,0.00129152923146995,0.0017913862666417146
2024-06-07 19:00:00,0.0,-0.004617499731300611,-0.00459001860399829,-0.005866497082164067,-0.004341094826952296
2024-06-10 16:00:00,0.004039163499262921,0.0018688561787440793,0.0017560293871403583,-0.0034071089549692606,-0.0004155217897231099
2024-06-10 19:00:00,0.0,0.0022786207107430333,0.002332512582500913,-0.002018031190315838,0.0012272707864080948
2024-06-11 16:00:00,0.006862805669494376,-0.0037499849928329197,-0.0037668960011122757,-0.005522159342594006,0.0004055781783079072
2024-06-11 19:00:00,0.0,0.004725073978978368,0.004618371645228958,0.004177145805787738,0.0043769494688553215
2024-06-12 16:00:00,0.013097643563170003,0.008580925675660194,0.008415930504348917,0.00666236125359462,0.007654882548089708
2024-06-12 19:00:00,0.0,-0.0014331365756677817,-0.0014657282047686492,-0.0037964725392930472,-0.0028795335697807713
2024-06-13 16:00:00,0.005420227853111026,-0.006884152164391644,-0.007044398234479588,0.0002620738911729869,-0.010308941930844329
2024-06-13 19:00:00,0.0,0.0014296004895163106,0.0013411790164140828,0.004399212169226751,0.00045107438777046964
2024-06-14 16:00:00,0.0051813240415956585,-0.0015804378605734325,-0.0016563685497507283,-0.000543691661739884,0.002311929065342746
2024-06-14 19:00:00,0.0,0.0023806319909120965,0.0023527913269983033,0.0025301548797367125,0.0021871949390965847
2024-06-17 16:00:00,0.012249672997597827,0.004625642528578905,0.004359593477816155,0.01104719372523775,0.000270081965907588
2024-06-17 19:00:00,0.0,0.005324852948150796,0.0052499902419160995,0.0053492474104772526,0.00492425316324182
2024-06-18 16:00:00,0.00030930772306891896,0.0005919249767211258,0.0002598104673082211,0.010357009649044346,0.0033549659562435155
2024-06-18 19:00:00,0.0,-0.0007262609682858362,-0.0006685259934792974,-0.0020278733670316858,-0.0011856976148001243
2024-06-20 16:00:00,-0.0077079478237478405,-0.0006836472164802318,-5.1162763536680905e-05,-0.014552214363870474,-0.0016878756049233806
2024-06-20 19:00:00,0.0,-0.0014294007577456908,-0.0013078865072669625,-0.0053750254844037,-0.0035959878844987643
2024-06-21 16:00:00,-0.0026792146815561857,0.001602949702026613,0.0019598751498673675,-0.004647211782364005,0.0007018830408550632
2024-06-21 19:00:00,0.0,0.0014657931084179193,0.0015079151063697059,0.0003976898492176845,-1.948003922967246e-05
2024-06-24 16:00:00,-0.011384796920896778,-0.00026890056271453445,3.913877636950672e-05,-0.007554163876302036,-0.004768673734204985
2024-06-24 19:00:00,0.0,-0.0030121264302754437,-0.0028724169094950483,-0.005212237224207426,-0.005893744032122224
2024-06-25 16:00:00,0.011435673750956443,3.456467888914724e-05,-0.0001254399954627405,0.0034075649790963345,0.0013505226307420838
2024-06-25 19:00:00,0.0,0.0036024127219576405,0.0035162238875573308,0.002992334339027815,0.0066384905741253665
2024-06-26 16:00:00,0.0020651389981851676,-0.004014545534186949,-0.004107107644819832,0.0039679063318674495,-0.008246354613847722
2024-06-26 19:00:00,0.0,-0.0005065951310575734,-0.0005648500881186664,-0.000491174571693306,0.003823227760440309
2024-06-27 16:00:00,0.0025812432941567653,0.0003033229329676847,-3.685880610428403e-05,0.002909893140370069,-0.002623406737388766
2024-06-27 19:00:00,0.0,0.0010060545526515293,0.0012293279591523807,-0.0018549504310621477,0.0004303154105499519
2024-06-28 16:00:00,-0.005190844668476746,0.0018474911797803526,0.001758992158329482,0.0030800863456776537,0.0006036548059598193
2024-06-28 19:00:00,0.0,-0.0025909472555357897,-0.0025542060543413104,5.068470281854989e-05,-0.0029326129915230735
2024-07-01 16:00:00,0.005865066484302295,-0.003725119721108391,-0.004246147553142358,0.0036189406555531007,-0.002622685086796038
2024-07-01 19:00:00,0.0,0.0017295964846681647,0.0017506914411529937,0.0020675952638341214,0.0015923839314171155
2024-07-02 16:00:00,0.01049968645789856,0.0028538271133427984,0.0028594564072964724,0.004925299900804206,0.0018858006857338796
2024-07-02 19:00:00,0.0,0.00592471314897246,0.005921481210827012,0.0046701223379640305,0.006837161591281259
2024-07-05 16:00:00,0.01885086369125699,0.007072864666138482,0.00697126550725955,0.012079452016181198,0.010848045733929383
2024-07-05 19:00:00,0.0,0.001490788783050997,0.001469871344516,0.0021461007316119925,0.0025196971631533606
2024-07-08 16:00:00,0.002378246697380959,-0.0018890436098957786,-0.001955009572329259,-0.00835692935702612,-0.0005532471266237052
2024-07-08 19:00:00,0.0,0.0011081871851036475,0.0010598211437598734,0.0037831564255588254,0.0006186446839744179
2024-07-09 16:00:00,0.0008645421545334653,-0.0030373352763519174,-0.0030880054532676105,-0.008693521291075697,-0.0056312455177197724
2024-07-09 19:00:00,0.0,-0.0007677372234021594,-0.0007927343166102141,0.003204691701344885,-0.0011843362930581093
2024-07-10 16:00:00,0.010426608358419243,0.005824745051652086,0.005690656149488625,0.004911883671010806,0.003297384901594552
2024-07-10 19:00:00,0.0,0.003513179420575355,0.0035192577798386928,0.0017620509540493213,0.0033143451135105332
2024-07-11 16:00:00,-0.021930202836255352,-0.0036274418555981166,-0.0028458733076055097,-0.03291751293052404,-0.0037055055430287986
2024-07-11 19:00:00,0.0,-0.000658540000746195,-0.0006295405651566958,-0.0030172662885598975,-0.0005964606601546799
2024-07-12 16:00:00,0.005874758824818027,0.012285144430544983,0.012151099622186695,0.014263588356851258,0.008445052788720294
2024-07-12 19:00:00,0.0,-0.0027792812684855764,-0.002680643909885631,-0.0054877434298968636,-0.004834730272129658
2024-07-15 16:00:00,0.0026877859619607314,0.0040537858036086465,0.004022521980549256,0.010146763823917286,0.0054431390899695245
2024-07-15 19:00:00,0.0,-0.002039753335354241,-0.001942637255135788,-0.005893954684155556,-0.00211921505110937
2024-07-16 16:00:00,0.00038301988578237633,0.00869900210425217,0.008687437247723088,0.005373611852542168,0.0035006040690568584
2024-07-16 19:00:00,0.0,0.0036147545999713274,0.0034614192689952105,0.007922433410934439,0.0020849311136995723
2024-07-17 16:00:00,-0.029354854565504573,-0.012457333860375768,-0.012670547288501017,-0.00883608973232982,-0.018872713066560597
2024-07-17 19:00:00,0.0,-0.004965923405019215,-0.004863438994800654,-0.008843358263379236,-0.0062130558507692175
2024-07-18 16:00:00,-0.004732597784361858,-0.0036429412644104985,-0.0038168143154498203,0.002631203479617963,-0.010377069864791819
2024-07-18 19:00:00,0.0,-0.007183105947422152,-0.0066682689645959255,-0.017723240128567106,-0.011402790079161207
2024-07-19 16:00:00,-0.008863515855942694,-0.008881471994882787,-0.008673212326629307,-0.016553770024253768,-0.010640161238605998
2024-07-19 19:00:00,0.0,0.0006520006394204086,0.000589503465101391,-0.0007530656926764889,0.0017985135179427077
2024-07-22 16:00:00,0.014897685589573273,0.00759507431844378,0.007688189010752864,0.0002518668889311395,0.004303875482052229
2024-07-22 19:00:00,0.0,0.0034254430187738273,0.003390530412719959,0.0020459169689909453,0.007022840919902573
2024-07-23 16:00:00,-0.0035245909377247253,-0.007454878832929034,-0.006934905632792218,-0.013995023264918771,-0.009476534106326436
2024-07-23 19:00:00,0.0,-0.0014438436340676955,-0.0015318533112599,-0.0009234917429877677,-0.0006185672885624475
2024-07-24 16:00:00,-0.0358703103197241,-0.01603785169717706,-0.016339317328122483,0.0031602611657732638,-0.014767525061592433
2024-07-24 19:00:00,0.0,-0.006883483116443246,-0.006939286499607968,-0.0068783309100709355,-0.012484356286064853
2024-07-25 16:00:00,-0.011027670424706648,0.010924278788678087,0.010763727862616842,0.015374346340662454,0.014166644330119257
2024-07-25 19:00:00,0.0,-0.014359998484144553,-0.014633120647346226,-0.0054204433284632285,-0.013543847276183687
2024-07-26 16:00:00,0.010255889029897824,0.012809339933226957,0.01271284719722991,0.020787792982017002,0.012819992049133705
2024-07-26 19:00:00,0.0,-0.003255348017028429,-0.00330656878807911,-0.0013447070208415857,-0.00216522544131647
2024-07-29 16:00:00,0.002008758022838064,0.005653873979405454,0.005786777624695239,0.004823912713757795,0.008602642681822545
2024-07-29 19:00:00,0.0,-0.0030909526821086965,-0.003278469206224213,-0.0002932925824328034,-0.004766740887041438
2024-07-30 16:00:00,-0.013731303175955722,-0.009390635302137584,-0.010633596511246454,0.0064028538526581845,-0.019284047643561855
2024-07-30 19:00:00,0.0,0.003990900638480184,0.004223232464799296,0.000585057558218917,0.004279681928504973
2024-07-31 16:00:00,0.02959363503182777,0.017105054940182437,0.01835283657858899,0.006347451622115128,0.01668388300758402
2024-07-31 19:00:00,0.0,-0.0011717847268466783,-0.0007741737045340382,-0.007773351652569204,0.0015945348631164055
2024-08-01 16:00:00,-0.024221439954273394,-0.023510449856255524,-0.024031467029572574,-0.019402243851126974,-0.02806161846646164
2024-08-01 19:00:00,0.0,-0.0005056230130211849,-0.00047797493128830585,0.003712342206867479,-0.0019071788603849103
2024-08-02 16:00:00,-0.023734936847990107,-0.030080524798626537,-0.03015918938736934,-0.009858424152313944,-0.030939703312301604
2024-08-02 19:00:00,0.0,0.0033560327610847453,0.003430268181765307,0.0018756755843074755,0.0033736985618118263
2024-08-05 16:00:00,-0.029816152578955646,-0.019020352143724783,-0.019061224421077275,-0.018695017076408398,-0.011949948926080648
2024-08-05 19:00:00,0.0,-0.0031686729703943074,-0.0030788754889594125,-0.005970085108879419,-0.0028852883774479633
2024-08-06 16:00:00,0.009555114345292326,0.018965626923503308,0.01899211753187226,0.012462441458323792,0.01570579875106186
2024-08-06 19:00:00,0.0,-0.010539632282973041,-0.01057690595370056,-0.010522827123864811,-0.013533636793771241
2024-08-07 16:00:00,-0.010829794260367342,0.0067299055956493515,0.006684928371997251,0.009826696645984512,0.004393747165049872
2024-08-07 19:00:00,0.0,-0.016075244628148504,-0.01640801912518165,-0.01125570522410648,-0.02073089383388286
2024-08-08 16:00:00,0.030590909579806924,0.0202381136091281,0.02089255033816208,0.004079485230470533,0.02860340942539271
2024-08-08 19:00:00,0.0,0.006361150014566106,0.006434572818339467,0.004560403673107336,0.008949504274139163
2024-08-09 16:00:00,0.005222363801425045,-0.001463385294178706,-0.0015303239576228943,-0.0005879435031188554,-0.004670033359726934
2024-08-09 19:00:00,0.0,0.0030920803001882437,0.003084556666142457,0.0022707940367873514,0.0028930936664686847
2024-08-12 16:00:00,0.0021536376257773604,-0.004261694161254893,-0.004332605974162892,-0.0031099847792621206,-0.0037672577086139895
2024-08-12 19:00:00,0.0,0.0008861303196258021,0.0008834302097583825,0.000665271351761371,0.0019520802136919074
2024-08-13 16:00:00,0.02481277786153613,0.019560759164233988,0.01983016646985991,0.01788953552217071,0.022823852898416142
2024-08-13 19:00:00,0.0,0.0008938804544335945,0.0008149422651722072,0.002611919407463621,0.0009924440929710494
2024-08-14 16:00:00,0.00032422346319060935,-0.000811614961367793,-0.0008802720176884481,0.0016690348229025948,-0.0012593026737267878
2024-08-14 19:00:00,0.0,0.0006574124117583443,0.0006093170016966193,0.0006233716928855192,0.002116508450445153
2024-08-15 16:00:00,0.025263215702408415,0.021770633274582656,0.02213036990674037,0.01171962660444317,0.0225543294105821
2024-08-15 19:00:00,0.0,0.002039438544619633,0.0019702660245613235,0.003650650668455314,0.0020506688287067944
2024-08-16 16:00:00,0.0012857326283106651,0.0036822262537523445,0.003771534320508305,0.000789431775260072,0.005865501596638706
2024-08-16 19:00:00,0.0,-0.0016162707279041334,-0.0015742972664552941,-0.0030914261615592486,-0.0005188007549185888
2024-08-19 16:00:00,0.013136012075172898,0.005383340769970411,0.005580201719252292,0.0012908724488977852,0.010131324576939785
2024-08-19 19:00:00,0.0,0.006426702201496612,0.006365494803373047,0.013222721076372661,0.005621584292007379
2024-08-20 16:00:00,-0.0020986439359386155,-0.005105588137103647,-0.0052272747257075935,-0.0037940225179108897,-0.006191770979075801
2024-08-20 19:00:00,0.0,0.0008331036755113457,0.0009119875358739517,-0.00027692269944358007,0.0007590150139348405
2024-08-21 16:00:00,0.004664201035129656,0.0061612667422135505,0.006194028123561977,0.00289113632083282,0.005861311987739629
2024-08-21 19:00:00,0.0,0.0019953777993599823,0.0020266949074068123,0.0035344895663957316,0.0021558073544708047
2024-08-22 16:00:00,-0.01585496425013533,-0.009570105922540973,-0.009675583277562533,-0.018107133774496326,-0.013303524904160842
2024-08-22 19:00:00,0.0,-0.0046749281317250025,-0.004716816851341987,-0.008509085539019206,-0.007702702916398074
2024-08-23 16:00:00,0.010845458133578623,0.007906437366725257,0.008210224181017325,0.014959061164103362,0.010846408362062446
2024-08-23 19:00:00,0.0,0.0032367488183491777,0.0031697882815950543,0.006921688438468197,0.002927356627596786
2024-08-26 16:00:00,-0.009708275518128806,-0.005203084216799166,-0.0050430740227809245,-0.009751797059055437,-0.006044813748040513
2024-08-26 19:00:00,0.0,-0.002986182040369992,-0.0029525704713086053,-0.0041675897863591395,-0.0028056517983902334
2024-08-27 16:00:00,0.002987376027325128,-0.00020489116846402755,-0.0006642251272366419,0.002995851525655263,9.816202845490704e-05
2024-08-27 19:00:00,0.0,0.001779725133696186,0.0017303767589688722,0.001470608337327487,0.0017415336926565551
2024-08-28 16:00:00,-0.011347474710973304,-0.009456118778091738,-0.009907378602967325,-0.014433085688405678,-0.008488016440431689
2024-08-28 19:00:00,0.0,-0.0021221947216980342,-0.0018270348619884064,-0.0024609906390986626,0.0049493297914909576
2024-08-29 16:00:00,-0.0014638088008672723,0.01460205233562266,0.014814152738308968,0.01686574782838773,0.015087624914485192
2024-08-29 19:00:00,0.0,-0.009918010772140745,-0.009989252441680365,-0.0099264007904109,-0.00956096082359766
2024-08-30 16:00:00,0.011919354778615388,0.0043683639862440275,0.004334639995313827,-8.859815348607038e-05,0.010906814490410756
2024-08-30 19:00:00,0.0,0.006970394877410673,0.007118184573573699,0.003450072620718945,0.006832313947981608
2024-09-03 16:00:00,-0.030360937391802234,-0.019178719532268865,-0.018963545553358916,-0.022015488254157386,-0.015939742117307035
2024-09-03 19:00:00,0.0,-0.005924721155375002,-0.005903175446512155,-0.004739763113739176,-0.005553809250478081
2024-09-04 16:00:00,-0.002598512267454778,-0.002286981274340656,-0.002312535393536636,0.00018778996211797473,-0.0001028290592027595
2024-09-04 19:00:00,0.0,-0.003877008625615019,-0.0039439507395470285,0.0007907745395465183,-0.005256191114110493
2024-09-05 16:00:00,0.0009336829930166601,-0.00517611336037317,-0.004981994526430406,-0.0083734180845765,-0.0054209649517343046
2024-09-05 19:00:00,0.0,0.0018141457795940947,0.0018686763939244034,0.0024467979994708144,0.002136753918462868
2024-09-06 16:00:00,-0.026787433762604396,-0.020369749756123816,-0.020441005513882636,-0.011821217519989864,-0.017119711393916614
2024-09-06 19:00:00,0.0,0.0014953996479633446,0.0015389886688975476,-0.00022450237832887727,0.0012216656116627606
2024-09-09 16:00:00,0.01285973534665752,0.015417229433164741,0.015514077860435443,0.014824473488056582,0.021779492775477905
2024-09-09 19:00:00,0.0,-0.0030767872954676908,-0.0030957715105511736,-0.003370102329088802,-0.0033896524297421554
2024-09-10 16:00:00,0.009241815709448487,-0.0057706576207800465,-0.00592689531649596,-0.0033172871895332337,-0.009481270010093596
2024-09-10 19:00:00,0.0,0.008315308738960255,0.008382366754097485,0.005535311545161046,0.007612421402249915
2024-09-11 16:00:00,0.02171538414740204,-0.0007178920423313996,-0.0005359570582664113,-0.00716712458003406,0.0003369402672486611
2024-09-11 19:00:00,0.0,0.014284639477007137,0.014259137607677818,0.012191937466104157,0.012191141437445823
2024-09-12 16:00:00,0.009816013428873616,0.0014876445043674538,0.001772140987002389,0.0003616091289536579,0.004644083349885963
2024-09-12 19:00:00,0.0,0.002938386272002494,0.0029230073549330253,0.0008503875773700136,0.0020827095040699224
2024-09-13 16:00:00,0.004479977698279569,0.008013285701898265,0.008058112599377632,-0.00217303434973319,0.007904206007619563
2024-09-13 19:00:00,0.0,-0.00020459313444327334,-0.00019826670292862804,0.0011414008445833164,0.00036277370659033013
2024-09-16 16:00:00,-0.004417862951430651,-0.0010044496529870715,-0.0007826752159469823,-0.004999396468055098,-0.00032849494385231063
2024-09-16 19:00:00,0.0,0.0017702717457987985,0.0018401769760249599,-0.0017710976814556175,0.0027437753618626405
2024-09-17 16:00:00,0.0005283302553615865,-0.001263284768645639,-0.0012118914636953936,-0.0015881155704118384,-0.002634233162850207
2024-09-17 19:00:00,0.0,0.0015097298292769672,0.001570359020055002,-0.001538670518016108,0.002622621530971322
2024-09-18 16:00:00,-0.004329604573611423,0.0007616648754710957,0.0007394313326494645,0.00041965936286260624,-5.9500073909222854e-05
2024-09-18 19:00:00,0.0,-0.0048582614358953224,-0.004791785165277647,-0.004686381922414564,-0.0028868614958735
2024-09-19 16:00:00,0.025284137553351238,0.023229682898490776,0.023211307055460956,0.021166150112481352,0.0241186706253676
2024-09-19 19:00:00,0.0,-0.0038549882048717846,-0.003854374559079026,-0.008156045497393018,-0.003086569457812772
2024-09-20 16:00:00,-0.0019032079192593532,-0.005989587031205348,-0.006270418710143496,0.0008867203768198882,-0.0060569002833724414
2024-09-20 19:00:00,0.0,0.002240803408785104,0.002160995679843332,0.0066820122965700465,0.0017985676742097592
2024-09-23 16:00:00,0.002650581265807528,0.0018686466503296138,0.0018523498374841873,0.004595179317340835,0.0034727252604979243
2024-09-23 19:00:00,0.0,-6.560556968244619e-05,-0.00014368724297680302,-0.000198086914875317,-0.0007631154668876318
2024-09-24 16:00:00,0.0048236882570544815,0.004276982288073751,0.004130150481727009,0.01185040834980295,-0.0031385152110883978
2024-09-24 19:00:00,0.0,-0.0011499529728831708,-0.0011517121872848333,-0.0009487621695127202,-0.0012440612542572536
2024-09-25 16:00:00,0.0009270913863861363,-0.0033530333473190477,-0.0036722462922162886,0.0024194151417913584,-0.004671997057381396
2024-09-25 19:00:00,0.0,-0.0003487249917318029,-0.00044434243333661374,0.0010236656341916692,-0.0011845774144394452
2024-09-26 16:00:00,0.007513127531812991,0.005656332689408149,0.005687318505479867,0.0010142519890503489,0.00262590925763292
2024-09-26 19:00:00,0.0,0.00508526656448815,0.005051434409183355,0.007075419099965269,0.0034724331586875436
2024-09-27 16:00:00,-0.005557065413533513,0.0019401653432802907,0.00219474722805255,-0.0020340419542012817,0.0018138056016675712
2024-09-27 19:00:00,0.0,-0.0025380835680249773,-0.0025536275320647683,-0.0020375792677153823,-0.002240249996843682
2024-09-30 16:00:00,0.002711850628192458,-0.0031319455820079728,-0.0030629385315115065,-0.006720096815791692,-0.0041240815793419615
2024-09-30 19:00:00,0.0,0.0016505104509812291,0.001729938980211806,0.0006827170895013729,0.0015540019697507206
2024-10-01 16:00:00,-0.013932420073848761,-0.012271100093845811,-0.012408293930376823,-0.01172350724909861,-0.015526387756919413
2024-10-01 19:00:00,0.0,0.0008144726663006115,0.0008352205535130666,0.0033189467100046143,-0.0001344140524748777
2024-10-02 16:00:00,0.001412921123457922,0.0012271344444477797,0.0012219917299950002,-0.00023051899451494482,0.004503547390904704
2024-10-02 19:00:00,0.0,0.001558203502992273,0.001547247356066743,0.00024031128015307928,0.001318327655706102
2024-10-03 16:00:00,-0.0007470254122504683,-0.005989270480389909,-0.00602044378435657,-5.502048845457651e-05,-0.0062281479543812
2024-10-03 19:00:00,0.0,0.0019297197269464716,0.0019306224531634606,0.0017818189944179656,0.00108641431731207
2024-10-04 16:00:00,0.011898123691417295,0.008460671699161088,0.008385494733390984,0.009315225045668899,0.007901475094092687
2024-10-04 19:00:00,0.0,0.0028486310815814555,0.0028179413261876685,0.004002522693385964,0.0023064736834385218
2024-10-07 16:00:00,-0.010711593354476134,-0.004333683491260034,-0.004476738161218671,-0.0006356721647253647,0.0076241587752768035
2024-10-07 19:00:00,0.0,-0.0035330909963511084,-0.0035096982724550957,-0.005808270585165487,-0.003854444004373483
2024-10-08 16:00:00,0.014934584721874034,0.006120376177137659,0.006315451725895194,7.791937528564265e-05,0.00804796833492761
2024-10-08 19:00:00,0.0,0.0026015602470848493,0.0025896610916732064,0.0024937662233868916,0.003199773428051762
2024-10-09 16:00:00,0.007868375275753792,0.007397020510805822,0.007322570621555326,0.0025370619787873365,0.008423526013210638
2024-10-09 19:00:00,0.0,0.0026071863700211236,0.0025768715569763566,0.0026043088439480708,0.002318490050926869
2024-10-10 16:00:00,-0.0011355514379944864,-0.0011254032437627748,-0.001321079426317089,0.006162536151803314,-0.00182965553169534
2024-10-10 19:00:00,0.0,-0.000216152553736261,-0.0002920515115927429,0.0016462999467575113,-0.000984125731286779
2024-10-11 16:00:00,0.0015631270899099103,0.0071002592076265525,0.0070562179282865805,0.00638216762677709,0.008254291856689442
2024-10-11 19:00:00,0.0,0.00031598710081363364,0.0002616004060327442,0.0012727464545143948,0.0019438675933222673
2024-10-14 16:00:00,0.008391521038613403,0.005619273764659357,0.005592692676115178,-0.0017014337759075683,0.004421355231456422
2024-10-14 19:00:00,0.0,0.001869184570603772,0.0018379260330852712,0.0012267625513404045,0.0022672947753556013
2024-10-15 16:00:00,-0.01336679736146884,-0.010039835172414299,-0.009397106225786336,-0.023432232055558493,-0.007093558496864705
2024-10-15 19:00:00,0.0,-0.00448996041199512,-0.0045157349963659485,-0.004163757321835321,-0.0036862722398500803
2024-10-16 16:00:00,0.000122173723398733,0.001041959265425685,0.0009207587581467604,0.0054839787695683834,0.003541090310681273
2024-10-16 19:00:00,0.0,-0.0001341632027437043,-0.00017491869773980436,-0.00015741698656921308,1.5481908301555696e-05
2024-10-17 16:00:00,0.0006925878208803304,0.0010892390780658599,0.0009990670993163277,0.002947442130016093,0.0007920829552237048
2024-10-17 19:00:00,0.0,-0.003804028035919601,-0.0037459458480787536,-0.005944178918395069,-0.004304358424010523
2024-10-18 16:00:00,0.006554736918730875,0.005856325552008647,0.00595032515691273,0.0033804020244576427,0.005362979423843502
2024-10-18 19:00:00,0.0,-0.0002689005905451716,-0.00028796257316171466,-0.0003175230890416936,-0.0008462341023522118
2024-10-21 16:00:00,0.0019212703509394746,-0.004761309200280912,-0.004998743177339405,0.0010312835397239283,-0.004358294243131374
2024-10-21 19:00:00,0.0,0.00012603189965372283,0.00010473964289937091,-0.0005395663310759488,-0.00021474682724956698
2024-10-22 16:00:00,0.0010899787132621075,-0.00412914347505186,-0.003932563737596722,-0.006920082386173361,-0.005522492677378754
2024-10-22 19:00:00,0.0,0.0026345170267387725,0.002672964927757618,0.001638050740124007,0.004357641390504772
2024-10-23 16:00:00,-0.015323924433118252,-0.01041667982844591,-0.01009200093996522,-0.017823974920926893,-0.010179503174603729
2024-10-23 19:00:00,0.0,-0.001284687765773437,-0.00122495236502951,-0.0006953152880187218,-0.0013847083574463593
2024-10-24 16:00:00,0.00810885773496639,0.004221285731278919,0.0044860790872650585,0.0008477618054993774,0.002811151863029837
2024-10-24 19:00:00,0.0,0.0003205510043998181,0.0003221105809788195,-0.0007976900122574855,0.0015871389128099584
2024-10-25 16:00:00,0.0060936292616513565,0.010927336423342338,0.010901740699551608,0.006892723184163191,0.009098670614942128
2024-10-25 19:00:00,0.0,-0.006517483975222655,-0.006464586883983271,-0.006895398064611545,-0.0066376866413012025
2024-10-28 16:00:00,0.00016151092853400328,0.002579557936206036,0.0025806441593838325,0.0028729419944384053,-0.0009493448785193964
2024-10-28 19:00:00,0.0,-0.0013977279043126502,-0.0013775556004173226,-0.004052348739015004,-0.0019190461188179294
2024-10-29 16:00:00,0.009608286380353048,0.005719963645370171,0.005548590535135516,0.0005066448353991131,0.002107722644943959
2024-10-29 19:00:00,0.0,0.00039218861071817326,0.00033239313501644605,0.0037172307852482538,0.0001870048572589697
2024-10-30 16:00:00,-0.007557482548374961,-0.007608623380638308,-0.006988187082025325,-0.013379541314222868,-0.005578059688312654
2024-10-30 19:00:00,0.0,-0.0029878940218439737,-0.0028891648571695186,-0.004990392327871185,-0.003438442351431665
2024-10-31 16:00:00,-0.025242784184017486,-0.013834589954844077,-0.013945318783964454,-0.02030432750377662,-0.013974118840728179
2024-10-31 19:00:00,0.0,-0.0030407342790928398,-0.0028441757507925956,-0.0056964818627012435,0.0005159280440271165
2024-11-01 16:00:00,0.007398886446255748,0.010189082429016338,0.009408239321358253,0.009302768359754755,0.004868049342803691
2024-11-01 19:00:00,0.0,-0.0015478120416194804,-0.0015234735678540548,-0.0023708649117597153,-0.00416951453031163
2024-11-04 16:00:00,-0.002913098353861998,-0.00276782805919378,-0.0027753331573558086,-0.006943847272815671,-0.0020702576509718197
2024-11-04 19:00:00,0.0,0.0026606235213605975,0.0026545415081156492,0.004206791683252862,-0.0010328874940594515
2024-11-05 16:00:00,0.01275687424279548,0.007963885552738846,0.008025303755500443,0.00645872781009063,0.007023118477874824
2024-11-05 19:00:00,0.0,-0.0010310910614928276,-0.0010314233733434808,-0.0020273121010477863,0.0005915251298512826
2024-11-06 16:00:00,0.027163222256870068,0.021685007849379143,0.021589746241923134,0.03532706307664883,0.02109111669601168
2024-11-06 19:00:00,0.0,0.0033007554953069394,0.0033019187750031338,0.0027164978359024293,0.005918454523110627
2024-11-07 16:00:00,0.015744214275609902,0.010875781338348756,0.01137794164700109,0.008344861293258204,0.02568721545951901
2024-11-07 19:00:00,0.0,0.0031749627578994337,0.0030843647708265034,0.004818141220997014,0.0025741744385853116
2024-11-08 16:00:00,0.001168474635689254,-0.004534379413796793,-0.004529124008317725,-0.008293694334902372,-0.004028960299438536
2024-11-08 19:00:00,0.0,0.0012625196767854772,0.0012038363814688459,0.0022758072316272746,0.00164209543420412
2024-11-11 16:00:00,-0.0005833164329716034,0.0029420104794494442,0.0024689567705673456,0.012768727107277682,0.0021523439276721957
2024-11-11 19:00:00,0.0,-0.0027148054112280237,-0.002743196015903442,-0.001490361034824373,8.675110716363277e-05
2024-11-12 16:00:00,-0.0018101016526781422,-0.005485869855290707,-0.005641788577425997,-0.003190792761671849,-0.009112516052932201
2024-11-12 19:00:00,0.0,0.0020684499772098057,0.0021443421583561806,0.0008227964233329965,0.0011275707950126276
2024-11-13 16:00:00,-0.0012867689449219677,0.002411282103418767,0.001884147337436422,0.01436858890384856,-0.004303149684648893
2024-11-13 19:00:00,0.0,-0.0008420433895436146,-0.0007305312348883264,-0.004313584440716006,-0.0020560319151425753
2024-11-14 16:00:00,-0.006949696356360335,-0.0052364548862638485,-0.0053194871431702425,-0.008265846272241008,-0.01785195655893816
2024-11-14 19:00:00,0.0,-0.00017204642314728427,-7.01454755604446e-05,-0.001987998266174522,-0.002182861964028728
2024-11-15 16:00:00,-0.023825965349321132,-0.027953381314963763,-0.028163687505308576,-0.03162150375735369,-0.027793063661748274
2024-11-15 19:00:00,0.0,-0.0008507094535812708,-0.0006958119598890941,-0.0005418053075978816,-0.0010567033226957505
2024-11-18 16:00:00,0.006947718724392482,0.009289704889099684,0.009823890301092405,0.013932466705588632,0.011637367902196775
2024-11-18 19:00:00,0.0,-0.00016267696202345075,0.00022472771794198332,-0.004044402163437243,0.007052047511578451
2024-11-19 16:00:00,0.006879689727049998,-0.000580092679262294,-0.00038161965218927403,-0.003068583411286413,0.00046120546723064546
2024-11-19 19:00:00,0.0,0.0009903439862764844,0.0008976162370461793,0.0015094656527903632,0.0010383248541400193
2024-11-20 16:00:00,-0.0005760415765330151,-0.0011939146646035945,-0.001152806431625442,-0.002504047281144509,0.0007770208348003418
2024-11-20 19:00:00,0.0,-0.0019046412577709932,-0.0019507639503714568,-0.0015454762656502247,-0.0016330273680181058
2024-11-21 16:00:00,0.0035972061999725025,0.017000219841594288,0.01684371735082327,0.02938877116807467,0.015029348781317934
2024-11-21 19:00:00,0.0,0.003969896476878332,0.004187149483254671,-0.00031576772614490663,0.0034891812255903104
2024-11-22 16:00:00,0.0016040462410162881,0.006559334047219842,0.006523990386518387,0.011729585056472388,0.005437128786749648
2024-11-22 19:00:00,0.0,0.0013292878756220455,0.001235761866988112,0.0037244719189306066,0.0013805409912104117
2024-11-25 16:00:00,0.0015816760761411253,0.01194750704573434,0.012273852186961951,0.015063506099024203,0.022171874126107504
2024-11-25 19:00:00,0.0,-0.0012237668775382628,-0.0012384512598421563,-0.001046381856730037,0.00031019948392488415
2024-11-26 16:00:00,0.00536920631370541,-0.004455076625703775,-0.0043842842192289,-0.003350746225268173,-0.014557096828506842
2024-11-26 19:00:00,0.0,-0.0009133945166310692,-0.0007764582648114458,-0.003252698281004514,0.0024752146610561433
2024-11-27 16:00:00,-0.007873448165787611,-0.0066725066577103306,-0.006274948278137438,-0.006613631280823699,-0.007915099273287577
2024-11-27 19:00:00,0.0,0.0034343746065418966,0.0035153755823145233,0.002083512468291521,0.0035846564692336744
2024-12-02 16:00:00,0.019770365239372145,0.012745256208524167,0.012501907564604177,0.007662730165241468,0.02270854740575729
2024-12-02 19:00:00,0.0,0.0012295127827497581,0.0012550031186875027,0.0028257533065812307,0.0027594813652553093
2024-12-03 16:00:00,0.0030663983270027284,-0.004773770713041308,-0.004781648826250202,-0.0060764994909880115,-0.00775589838975443
2024-12-03 19:00:00,0.0,0.001799061051390015,0.0018210471016676913,0.0009641829553000884,-0.0007541794682287338
2024-12-04 16:00:00,0.012362902874929471,0.007919361545141577,0.007780086629947354,0.023149850966894113,0.009508734689115294
2024-12-04 19:00:00,0.0,-0.0010080425229601403,-0.0010953874870132934,1.832070236662127e-05,-0.0007865602543615885
2024-12-05 16:00:00,-0.0027712215685583574,-0.004603720562525932,-0.004618112611630443,-0.010866472270090513,-0.0031731958363028466
2024-12-05 19:00:00,0.0,-0.002858630617660532,-0.0028869399040317603,-0.00509908452259038,-0.0024786826402185638
2024-12-06 16:00:00,0.008949661465999403,0.00695972546881977,0.006829536724850506,0.02288645896384106,0.010340589585016437
2024-12-06 19:00:00,0.0,-0.0014247911798577204,-0.001451821524426114,0.00015655590348166856,-0.0008191672834973042
2024-12-09 16:00:00,-0.007787356137389234,-0.0017650127816054312,-0.001222400050178266,-0.005081608201827978,0.0034529384960856847
2024-12-09 19:00:00,0.0,-0.001754325542581282,-0.0017470523257990221,-0.0033315015078872103,-0.0011693265334339461
2024-12-10 16:00:00,-0.0034077573646644765,-0.007002485376722065,-0.0067837074620259695,-0.016908766804562495,-0.012351305329372226
2024-12-10 19:00:00,0.0,-0.0019100785920716378,-0.0017656749738152572,-0.007695558817378387,-0.00045185042199387637
2024-12-11 16:00:00,0.017902567590646123,0.006915993217034203,0.0067890144141701655,0.004527266413746716,0.006082577780099004
2024-12-11 19:00:00,0.0,0.0013464933095941023,0.0013810421110172029,0.0015506953953563784,0.005534291135034859
2024-12-12 16:00:00,-0.006453945345418655,-0.0030458629882311825,-0.002991970305422689,-0.004429172372615719,-0.006810679733325772
2024-12-12 19:00:00,0.0,-0.00037021269967022993,-0.000273496213534693,-3.4172238372892345e-05,-0.0019528093373543515
2024-12-13 16:00:00,0.007654370550005174,-0.004938222792422801,-0.0053970564744807055,0.006473987420886818,-0.01051708013578073
2024-12-13 19:00:00,0.0,0.0002511063247878204,-3.5964788198690963e-05,0.004963994813587543,0.002696675409545631
2024-12-16 16:00:00,0.014400737328128299,0.00471265893863368,0.004098702476932449,0.01251817487283845,0.005543079061762768
2024-12-16 19:00:00,0.0,-8.093420237182032e-05,-0.0003011294304549239,0.0036027810212799077,0.00033872524442240984
2024-12-17 16:00:00,-0.004403705044583317,-0.003492902831697608,-0.003103218253203143,-0.008389560532216664,-0.008404643495142484
2024-12-17 19:00:00,0.0,-0.004233354183455991,-0.004299084254268393,-0.0052437240459362105,-0.005291098240091882
2024-12-18 16:00:00,-0.036076966212892136,-0.0010366982066531828,-0.0008055070376109098,-0.007961862553903711,-0.0007824517994148959
2024-12-18 19:00:00,0.0,-0.017721255448650504,-0.017518375328601093,-0.022563271932167114,-0.019702679517316874
2024-12-19 16:00:00,-0.004453344868511344,-0.018300472458872098,-0.01808786834692439,-0.024092602641034504,-0.01728503656631519
2024-12-19 19:00:00,0.0,-0.0023395897099279758,-0.0024052320904310244,-0.00401857751798689,0.000811693360561505
2024-12-20 16:00:00,0.008732506158164455,0.013992781475190943,0.013875397340717813,0.011031886101912896,0.010871497717518589
2024-12-20 19:00:00,0.0,-0.0031395282409099677,-0.0032394889287675798,-0.002871888158835364,-0.004310723616479548
2024-12-23 16:00:00,0.009742651370640898,-0.0029480995902644116,-0.0028436943493246897,-0.005492656910203152,-0.003668947661238067
2024-12-23 19:00:00,0.0,0.0017596375962183183,0.0017913885041274586,0.0004507452912755998,0.0021311550770881523
2024-12-26 16:00:00,0.01287139492652889,0.014675584347158847,0.014482292791740774,0.01575290740365538,0.01816956170689821
2024-12-26 19:00:00,0.0,-0.0009388125609654366,-0.0009616347309458197,-0.0009426104526332979,-0.0012409172226587127
2024-12-27 16:00:00,-0.013293127227813839,-0.015124334257828269,-0.014936400022758683,-0.02305015195221761,-0.021190782315669718
2024-12-27 19:00:00,0.0,0.006808872227155787,0.006908543142645135,0.004815663148050393,0.007983896840505135
2024-12-30 16:00:00,-0.013300000082174801,-0.013655413742328157,-0.01371784193447308,-0.015651963795349503,-0.01573521464089529
2024-12-30 19:00:00,0.0,0.0026975053880076293,0.0026756334029238217,0.0032193023331325457,0.0008353950688271207
2024-12-31 16:00:00,-0.008494697164563636,-0.0042595575484748955,-0.0041090384872060305,-0.007878376795813775,-0.0029489091777440244
2024-12-31 19:00:00,0.0,-0.0011753409095255985,-0.0011199136826940985,-0.001037615940898938,-0.0008699444045614235
2025-01-02 16:00:00,-0.001956027597256327,0.005611299983386852,0.005925119353084533,0.0032749001509703437,0.003480467459292376
2025-01-02 19:00:00,0.0,-0.009968329067528571,-0.00995203619834749,-0.009283475921017297,-0.009293877799971163
2025-01-03 16:00:00,0.016365159124950512,0.017571326725823753,0.017601421265829593,0.018871201044080924,0.013032142806847915
2025-01-03 19:00:00,0.0,0.004317261240375833,0.004267819708685927,0.0026263564954934248,0.003406281892107786
2025-01-06 16:00:00,0.011492933967797159,0.01271912613227048,0.012552941582039092,0.008866146284439465,0.01336323948783822
2025-01-06 19:00:00,0.0,-0.008650263082771874,-0.008691678404336992,-0.008708052984961736,-0.005306497595085531
2025-01-07 16:00:00,-0.017844274233518753,-0.005293242542216026,-0.0051370384963845585,-0.011098651807728963,-0.00032608427880905595
2025-01-07 19:00:00,0.0,-0.000769713167904354,-0.0006802515600710236,-0.0011735886345554233,-0.0021152181845286904
2025-01-08 16:00:00,0.00017468201502790492,-0.0027163078931790774,-0.0026299267394794632,-0.009728185092396646,-0.0012285183764132466
2025-01-08 19:00:00,0.0,-0.0009164248450126899,-0.0008874595868161635,-0.004624795947978813,0.0020062983154344387
2025-01-10 16:00:00,-0.015681074205579737,-0.01725497587338199,-0.017345057523530567,-0.008193899894132923,-0.013476613843865497
2025-01-10 19:00:00,0.0,0.007132781505222434,0.0070923938758679795,0.007276977273758573,0.006573458142055981
2025-01-13 16:00:00,-0.0032137662550189017,-0.012684697444578365,-0.012294952174816236,-0.018153744958294794,-0.01620969106944125
2025-01-13 19:00:00,0.0,0.008087759198310767,0.008083028506054878,0.008381289370182994,0.009126128369205084
2025-01-14 16:00:00,-0.0009494862975779617,-0.00033310208627580426,-0.0003235817413338663,-0.0013527845614721328,0.001349382948583975
2025-01-14 19:00:00,0.0,0.004051273168836306,0.0039875339874453145,0.004849911951075439,0.004163973614756868
2025-01-15 16:00:00,0.023006268253611406,0.016283951678600042,0.01609899485716023,0.01822500828782526,0.017073098336893168
2025-01-15 19:00:00,0.0,0.004562699572648931,0.004578755677391018,0.0029415988369896756,0.004101241176198148
2025-01-16 16:00:00,-0.0070059641014164065,0.00512345079962836,0.004963506058008521,0.010811396446332886,0.005174045756342174
2025-01-16 19:00:00,0.0,-0.001256673897208102,-0.0012552778647121488,-0.0025619123533767133,-0.0006752010286113044
2025-01-17 16:00:00,0.01687846119826264,0.010087893430827336,0.01001922334294045,0.009960037501523196,0.008443724556826964
2025-01-17 19:00:00,0.0,0.0002565607558853694,0.00021789958374116602,0.0016491677059973634,0.0006570325538098466
2025-01-21 16:00:00,0.005865100915291022,0.007465547328293972,0.007499525686450872,0.003464066886969314,0.006377500787340095
2025-01-21 19:00:00,0.0,0.001827277396100645,0.0016279168893308786,0.00568198942582351,0.0017429862774065987
2025-01-22 16:00:00,0.012785716598497476,0.009629610753702734,0.009518689922778064,0.012533940765098929,0.007126905550351588
2025-01-22 19:00:00,0.0,-0.001863819168298553,-0.001774421102985172,-0.004940504499067576,-0.00288542100421957
2025-01-23 16:00:00,0.0021260761666410666,-0.005469207217526336,-0.005329511616675436,-0.008631533161271878,-0.0076703829734580875
2025-01-23 19:00:00,0.0,0.0010124912169876068,0.001082147625976121,0.0002704073629979581,0.0007189657272668043
2025-01-24 16:00:00,-0.005651212134788364,0.0013229522834786482,0.0014790291562850034,-0.001559263969338136,0.0005753320201966123
2025-01-24 19:00:00,0.0,-0.004069286435918578,-0.0040280866177312726,-0.005895627244188266,-0.0020325330575109977
2025-01-27 16:00:00,-0.02911449834027724,-0.0139508502694412,-0.012079682817348465,-0.04757234270001086,-0.008123328748062158
2025-01-27 19:00:00,0.0,-0.0039308467686214035,-0.0039856506155256845,-0.0037414105295478332,-0.006189172591396759
2025-01-28 16:00:00,0.014779823117886615,0.007677502895576632,0.007748759358625514,0.00432347032596068,0.009776177136856632
2025-01-28 19:00:00,0.0,0.0036832419612958423,0.003781172737988109,0.0018137342413396594,0.0027241532925995396
2025-01-29 16:00:00,-0.001878043002776164,-0.0021654028083354935,-0.0019608107359193674,-0.01687728246945698,-0.0017253740630454623
2025-01-29 19:00:00,0.0,0.0010650409728060924,0.0009880065633274347,0.004596239187742198,0.0008810912099204229
2025-01-30 16:00:00,0.004262433717854286,0.009489726784225045,0.009357795691779806,0.0029111026908869475,0.007946365467251224
2025-01-30 19:00:00,0.0,0.002134791110233963,0.0022253524731567767,-0.00022687363667043517,0.0022474949714245828
2025-01-31 16:00:00,-0.0014530149796943004,0.010489806272405647,0.010556281290927245,0.008691816574817386,0.011406259144316484
2025-01-31 19:00:00,0.0,-0.009199681295920222,-0.009172800663287423,-0.012644716166976077,-0.009611621003924696
2025-02-03 16:00:00,-0.00800326990070499,-0.007324418913605658,-0.00753269607666815,-0.009212004228850854,-0.006784961935274515
2025-02-03 19:00:00,0.0,0.004081391637405228,0.004106025510891609,0.006072650237736147,0.0033429081692275004
2025-02-04 16:00:00,0.012275452646734353,0.0028332032204146864,0.002803258459396445,0.015705658860071428,0.0023405157837306716
2025-02-04 19:00:00,0.0,-0.0006808775703978277,-0.0007007801818680201,0.0019787095848393266,-0.0017676423986226738
2025-02-05 16:00:00,0.004537895940105452,0.006955295597089911,0.007130554054036788,0.004625859831923342,0.0051250855865129525
2025-02-05 19:00:00,0.0,0.0007917439855861946,0.0007785343845233849,-3.641361492384357e-05,-1.974521649647745e-05
2025-02-06 16:00:00,0.005219742921635406,0.001331200801231254,0.0011691387537833664,0.0026675347560672475,-0.0012540849418893943
2025-02-06 19:00:00,0.0,-0.002472530774720143,-0.002417557289144981,-0.0031490265854371975,-0.002083234247814487
2025-02-07 16:00:00,-0.012613540104501442,-0.002145668966981281,-0.002361741022416094,0.0001873650257913127,-0.003527260808613342
2025-02-07 19:00:00,0.0,4.8936597371250706e-05,3.5994906414358956e-05,0.0022158185038927006,-0.00011565222369627027
2025-02-10 16:00:00,0.012105175235749943,0.007258453419601003,0.007210591366273508,0.007454402472986965,0.006493795820605883
2025-02-10 19:00:00,0.0,-0.0001826309056578585,-0.00022409144572451745,0.00038087579161911285,-0.0010559114856574755
2025-02-11 16:00:00,-0.002380649914297095,-0.001184760131632996,-0.0010556839620181576,-0.007255198365043118,-0.0008994082470459031
2025-02-11 19:00:00,0.0,0.0005494501206160148,0.0005077932542973049,-0.0023236611385828035,-0.0008221603026313815
2025-02-12 16:00:00,0.0005870845807283143,-0.003226514824305125,-0.0032507358448121294,-0.006222334903259345,0.004447620220361412
2025-02-12 19:00:00,0.0,0.001980907575669159,0.0018712701070430944,0.0033788135732307997,0.0005106238655311555
2025-02-13 16:00:00,0.014385873648250946,0.00792293984054131,0.007758715000289795,0.007328062333596537,0.007073831140622369
2025-02-13 19:00:00,0.0,0.003316170773893923,0.0035086867218130464,-0.001197882803991148,0.0044349394264287635
2025-02-14 16:00:00,0.0041984317323002784,0.004664637154691982,0.004486559750227617,0.00014963925618553272,0.0003635953264422951
2025-02-14 19:00:00,0.0,0.0009663152270957843,0.000845699403493268,0.0030085975690932357,0.0018424944795374146
2025-02-18 16:00:00,0.0022671836424450476,0.006856461013663136,0.006513002031791099,0.010700079162626715,0.005103502066313877
2025-02-18 19:00:00,0.0,0.0015511621032770397,0.0013038536933615728,0.003911480633200852,0.0013305035777424596
2025-02-19 16:00:00,0.00027807958353354145,0.0011624465918040516,0.0014959566136286153,-0.0023426165616256033,0.0020369534490688877
2025-02-19 19:00:00,0.0,0.002559466142319139,0.002434332090737337,0.007345946462297856,0.0016633086820217187
2025-02-20 16:00:00,-0.004244509199203383,-0.012766226065972724,-0.011568620337699027,-0.02676385023289212,-0.005360902166740846
2025-02-20 19:00:00,0.0,0.0038138946044797254,0.003719695451757271,0.0026756096182218394,0.0024787823872083046
2025-02-21 16:00:00,-0.02075474886732176,-0.004990379851048978,-0.005264225187362733,-0.0028150874326925124,-0.00832117288828364
2025-02-21 19:00:00,0.0,-0.011782529103575853,-0.011715441592704103,-0.014950031341013541,-0.011572151239301137
2025-02-24 16:00:00,-0.011804261782660252,-0.003326878076387447,-0.0030802203111131793,-0.004490303256705743,-0.0011538033541060215
2025-02-24 19:00:00,0.0,-0.0008731498336021314,-0.0008278902452343511,-0.002485795346684948,-0.0010825285999826247
2025-02-25 16:00:00,-0.012599282323468963,-0.012580624291430947,-0.012950970005407443,-0.009887041526108658,-0.013863236356702648
2025-02-25 19:00:00,0.0,0.0008600873540503437,0.0009973422568619493,-0.0033755047790246144,0.0013555629009098103
2025-02-26 16:00:00,0.002415629969012789,0.004559431918241753,0.00562668640576901,-0.01242103899516252,0.007739483708923199
2025-02-26 19:00:00,0.0,-0.008633936343730605,-0.008929589818927757,-0.004130632523585037,-0.016113555636034255
2025-02-27 16:00:00,-0.027771247292265988,-0.0017207949048990438,-0.0017803643849979623,0.00024273627316833373,-0.004269675895315111
2025-02-27 19:00:00,0.0,-0.0068965852891799085,-0.00706965864376024,-0.0033725676594034996,-0.00676008143013822
2025-02-28 16:00:00,0.01579147534639369,-0.003497889025100365,-0.0035996871494727947,0.00389549797794879,-0.0021498449219384793
2025-02-28 19:00:00,0.0,-0.0013422512862215664,-0.0012865819433799607,-0.0016896853451230983,-0.0019967612144271636
2025-03-03 16:00:00,-0.021882471243728108,0.013459886861699518,0.013328077359986515,0.012661009990297465,0.009142017363131118
2025-03-03 19:00:00,0.0,-0.014119502244181329,-0.014085743417861167,-0.0077469876911172315,-0.014477134308503371
2025-03-04 16:00:00,-0.0030178064402743843,-0.014916185290123351,-0.015027094722904052,-0.0005345654419878234,-0.0142784453251208
2025-03-04 19:00:00,0.0,0.015247145972225998,0.015555615471054487,2.260850044842128e-05,0.014730470298896082
2025-03-05 16:00:00,0.01303607447374544,-0.014217075529408235,-0.01432148698518996,-0.012048835529176221,-0.012327672879291224
2025-03-05 19:00:00,0.0,0.014578266584599913,0.014608417955843743,0.008836406469811679,0.01573203249234502
2025-03-06 16:00:00,-0.027509434003765487,-0.01588543010930058,-0.01605538586356724,-0.0050657792523393745,-0.02441223097368297
2025-03-06 19:00:00,0.0,-0.00907981178287068,-0.00930752344496642,-0.0028260242193634856,-0.009748443712361981
2025-03-07 16:00:00,0.0073535736084588965,-0.008409862492064765,-0.009140036668742144,0.012087957492316862,0.0004177620589500114
2025-03-07 19:00:00,0.0,0.017103481845785813,0.017811098704306964,-0.00015692062293266488,0.021928962436366956
2025-03-10 16:00:00,-0.03875634376407777,-0.02168172720281988,-0.02252211284653358,-0.0008505292110179816,-0.04442357520408623
2025-03-10 19:00:00,0.0,-0.007860203200211427,-0.007651404667384931,-0.01374223686939714,-0.004473054870960887
2025-03-11 16:00:00,-0.002390435713714223,-0.010771082858005973,-0.00952660449756597,-0.02315283709415868,-0.0014015170235061197
2025-03-11 19:00:00,0.0,0.002825630795809438,0.0030871688015545206,-0.0016566726542401751,0.005922490881385743
2025-03-12 16:00:00,0.011280804135902489,0.004080178312252308,0.004866643001627956,-0.011065099634921121,0.01637327836041761
2025-03-12 19:00:00,0.0,-0.0005896324485971026,-0.000558693891057967,0.00023317853376303172,-0.0018998160488522943
2025-03-13 16:00:00,-0.01799051737433066,-0.013115875645219835,-0.013404027280480815,-0.013035771632008024,-0.019817335743617204
2025-03-13 19:00:00,0.0,-0.001858975144213461,-0.0018596875587401987,-0.002544681873512899,-0.0020663023145664912
2025-03-14 16:00:00,0.02417047314954357,0.02211285042903187,0.022374793655663652,0.017631919998335206,0.028452335575252143
2025-03-14 19:00:00,0.0,0.000949283917205653,0.0009005103078960221,0.0008762212573489917,0.001341598352952925
2025-03-17 16:00:00,0.006483679566967826,0.009292999872743872,0.009304499507692408,0.01222743551024895,0.0046085820288854175
2025-03-17 19:00:00,0.0,0.005670892861266342,0.005830970004471092,0.003896506809066258,0.00526276126953909
2025-03-18 16:00:00,-0.017047340713834735,-0.011863752355813776,-0.012153290663733026,-0.009999705706303007,-0.021334027366401165
2025-03-18 19:00:00,0.0,0.000683653384687413,0.0007185064433051916,-0.0035474342508996027,-0.005172040775909627
2025-03-19 16:00:00,0.013381325105778386,0.0068685112749604866,0.0072997862493014085,-0.0006103479165407886,0.009361243262673988
2025-03-19 19:00:00,0.0,0.0030124608705890932,0.0030304105371480026,0.0025196485523493748,0.00457519435555529
2025-03-20 16:00:00,-0.0033894642457477087,-0.0042665933267253455,-0.004214548741372803,-0.0034159660692851925,-0.002606492857352213
2025-03-20 19:00:00,0.0,0.0006988833464667889,0.0005879838371956568,0.001525732908209033,0.00046084556510341945
2025-03-21 16:00:00,0.0032966727739154322,-0.002544362762009971,-0.0022387283763115975,-0.003178718441915771,-0.003103781156708946
2025-03-21 19:00:00,0.0,0.0012605424002775072,0.0012919183131178556,0.00019269659608846647,0.0017423963733289628
2025-03-24 16:00:00,0.021944344136081595,0.017790869749570885,0.01798644116356645,0.01937068603667005,0.031166749588318696
2025-03-24 19:00:00,0.0,0.0014290730099330855,0.00140355040408609,0.004133275217580677,0.0007993870908633147
2025-03-25 16:00:00,0.005706564262312863,0.0012508451582792818,0.001243591536027945,0.00427547355776746,0.0015104992065208996
2025-03-25 19:00:00,0.0,0.0010738366491031804,0.001068219487413197,0.002632830619053027,0.00034240116130543764
2025-03-26 16:00:00,-0.01840064756317239,-0.010634242906477223,-0.010381812488625521,-0.034388929320195945,-0.012567934323967182
2025-03-26 19:00:00,0.0,0.0007337712386352214,0.000745783683179334,-0.0005724331657357639,4.216397601010087e-06
2025-03-27 16:00:00,-0.005698036681830332,-0.00740097624193584,-0.007625225291880926,-0.010154535645231345,-0.0076248763402627165
2025-03-27 19:00:00,0.0,-1.4465611529954806e-05,-0.00014998577704757575,-0.00832387302786103,-0.0009239867066899863
2025-03-28 16:00:00,-0.026327739554310003,-0.022135098258018866,-0.022216024021306832,-0.035659106964252535,-0.021883898308548224
2025-03-28 19:00:00,0.0,-0.0017178279939766867,-0.0016206936476324243,-0.0037019985675014293,-0.0003371767660328696
2025-03-31 16:00:00,-4.264771653805788e-05,-0.009851040716434209,-0.01031442840548925,-0.005364362681536629,-0.014582929583755516
2025-03-31 19:00:00,0.0,0.010169330951092743,0.010440988665097503,0.006579754207187916,0.010586038786508269
2025-04-01 16:00:00,0.008061023451692906,0.0026822285091680645,0.002659382282354507,0.0036087728073645638,0.007107160442287492
2025-04-01 19:00:00,0.0,0.0020731718102436725,0.002101601788159025,0.00022609515914210503,0.004018945173344305
2025-04-02 16:00:00,0.007298440559752484,0.010118157332349987,0.010101948366054303,0.006507049209947509,0.014757253191098534
2025-04-02 19:00:00,0.0,-0.001554328486310851,-0.0015285144030787632,0.0011672970950871644,-0.003040946649489363
2025-04-03 16:00:00,-0.053533494968965645,-0.04324170003389306,-0.04297098486900603,-0.013651453571861106,-0.055005547458604497
2025-04-03 19:00:00,0.0,-0.00735538163618742,-0.007404337393099136,-0.004586547657826231,-0.006356426510262383
2025-04-04 16:00:00,-0.062108900928613764,-0.05091391363583775,-0.0514229361718715,-0.03449102038570584,-0.04513423581651528
2025-04-04 19:00:00,0.0,-0.012126546111684627,-0.012073603285319836,-0.016460162895822496,-0.010128848257372498
2025-04-07 16:00:00,0.002413208650886345,-0.016641208291861272,-0.01612161635481044,-0.029168804463952175,-0.014776055565559325
2025-04-07 19:00:00,0.0,0.01649891525786093,0.016828452622144375,0.008491407504954002,0.021838508373366563
2025-04-08 16:00:00,-0.01800850757954109,0.0018738721617195277,0.001626772275853067,0.004202034968631438,-0.0028158591225833137
2025-04-08 19:00:00,0.0,-0.022170693868749227,-0.022452373008990292,-0.01617571700802085,-0.024588249613539157
2025-04-09 16:00:00,0.12003081070898869,0.008488067900306349,0.008688418808416502,0.003856817028422341,0.01028788133975801
2025-04-09 19:00:00,0.0,0.09679851127386453,0.09882821389920735,0.036706174230656224,0.10193427108786866
2025-04-10 16:00:00,-0.04253217707320933,-0.04917659155101101,-0.04948122092790936,-0.032347031019509746,-0.04948250552752759
2025-04-10 19:00:00,0.0,0.009206503862147842,0.009196938887355361,0.008618286893268132,0.007817982253280778
2025-04-11 16:00:00,0.018423095994987593,0.008343721789907017,0.008089750163100106,0.009372929718430194,0.010064346375117276
2025-04-11 19:00:00,0.0,0.006178810257819835,0.006399801769571621,0.005544750035804952,0.004470394628486133
2025-04-14 16:00:00,0.006778241955879949,0.001941996447610739,0.0020165346311001196,0.002209757702121006,0.002657386812256603
2025-04-14 19:00:00,0.0,0.0074261933084985516,0.007432558553344975,0.007556905076909541,0.00627163458373198
2025-04-15 16:00:00,0.0011146589026600484,0.001986666655267385,0.001813419178690338,0.0054848156484024035,-0.00046152088736977937
2025-04-15 19:00:00,0.0,0.0007489064150558791,0.0007254946703516913,0.0011554477526526561,0.0018166675395474116
2025-04-16 16:00:00,-0.030153494510315126,-0.012427565676073175,-0.012413014707383164,-0.01735420506843018,-0.016801933580157215
2025-04-16 19:00:00,0.0,-0.00968307064692122,-0.0096495293715177,-0.008416138775446561,-0.013770095570959628
2025-04-17 16:00:00,-0.00018003120862719602,0.008577110727389557,0.008737003963037353,0.009115244669185335,0.015398661525077718
2025-04-17 19:00:00,0.0,-0.003548412101368523,-0.0034388886038707396,-0.0032002568572162774,-0.003132186177697753
2025-04-21 16:00:00,-0.0247467833712518,-0.027488216549104008,-0.02758669463392895,-0.03276742431981016,-0.02905323719522548
2025-04-21 19:00:00,0.0,0.0069604676846539235,0.007212811013992435,0.008495718387864398,0.005239435934980345
2025-04-22 16:00:00,0.026252138108081358,0.026660049629321513,0.02665771681937604,0.03345113516532028,0.026217475832460035
2025-04-22 19:00:00,0.0,-0.002412952245135138,-0.0024225091989923415,-0.005198239311433059,-0.0023625603202649843
2025-04-23 16:00:00,0.022678128151089494,0.022716834086204424,0.023505321459451996,0.02666933994489003,0.03242500846594996
2025-04-23 19:00:00,0.0,-0.005446595585332197,-0.005540407225860094,-0.008993081859726632,-0.009896606869144389
2025-04-24 16:00:00,0.02813711556464016,0.026534843067485454,0.026733383783745648,0.04421276898156937,0.04770382979216895
2025-04-24 19:00:00,0.0,0.0011819434233146567,0.0011015241229269908,0.0014946684587939028,0.00023199027067685848
2025-04-25 16:00:00,0.01114788802726574,0.00401178854748071,0.003917432661967317,0.0069196238582919034,-0.0008478416374664892
2025-04-25 19:00:00,0.0,0.003357598967471335,0.0033163123851230347,0.0024680946326992724,0.0033477825617166355
2025-04-28 16:00:00,-0.00031737526186537135,-0.007899846498294014,-0.007645398630710642,-0.01537294258454935,-0.00657342867619455
2025-04-28 19:00:00,0.0,0.009274919209681473,0.00911761225849976,0.014221475673193026,0.0069844224651125905
2025-04-29 16:00:00,0.0066044347970575235,-0.0013588127162823167,-0.001504879716159794,-0.006565534364388559,0.00022536505137270594
2025-04-29 19:00:00,0.0,0.007356215732994329,0.007197112806545855,0.009732667907081716,0.006912710741334069
2025-04-30 16:00:00,-0.00012617009235538212,-0.009004532163026734,-0.008991146436107848,-0.018224830499618,-0.007028988147731728
2025-04-30 19:00:00,0.0,0.010219187164719127,0.010221363771059516,0.01070319146661062,0.008404961993626546
2025-05-01 16:00:00,0.013060735473149343,0.005190622390745169,0.0048754930413862745,0.010447224313998832,0.003188192340924199
2025-05-01 19:00:00,0.0,-0.0033394939095258342,-0.0033118614430259125,-0.007025601658899846,-0.0005245959637375389
2025-05-02 16:00:00,0.0148439061758463,0.021988131564215852,0.02201864342100389,0.036628673481090425,0.017613936885680134
2025-05-02 19:00:00,0.0,-0.002042013820665046,-0.0020550928200943628,-0.003790689395299439,-0.001020909685622815
2025-05-05 16:00:00,-0.0059325523884241615,0.00014938387172940673,0.00022274048169783844,-0.006987380680521382,0.0020966848322487358
2025-05-05 19:00:00,0.0,-0.004093533024858659,-0.004064960224400962,-0.004280687127427231,-0.0036661447215601906
2025-05-06 16:00:00,-0.009301704399633182,-0.00960732291494105,-0.009600297188857921,-0.0071979079636096035,-0.009065815191256483
2025-05-06 19:00:00,0.0,0.0008562630497120483,0.0009167194778138784,0.001982937808155096,-0.000421932080002599
2025-05-07 16:00:00,0.003925973536275329,0.005361077464079423,0.0053701859269286115,-0.0035387430103957524,0.007036244521462624
2025-05-07 19:00:00,0.0,0.0010017297653816789,0.0010137230262569966,0.0024182643757722075,-0.0012083040770740384
2025-05-08 16:00:00,0.010324859508908713,0.019910445311963898,0.019894793382160377,0.02510719430168371,0.016171103223000374
2025-05-08 19:00:00,0.0,-0.008644058415771903,-0.008574768851888882,-0.010387323245958601,-0.008129619126868985
2025-05-09 16:00:00,-0.0006553854317397079,-0.0025523872749915223,-0.0025594171535951358,-0.00521389307433701,-0.004588618573447171
2025-05-09 19:00:00,0.0,0.002188138791793471,0.0021234987551818608,0.0032121310704729816,0.0022151370892709854
2025-05-12 16:00:00,0.040740191909277135,0.03451933329939023,0.034200945613661375,0.035601530823074705,0.030232403517501887
2025-05-12 19:00:00,0.0,0.0017689420759991374,0.0018966641429998283,-0.0016676632051427459,0.003067722021524027
2025-05-13 16:00:00,0.015240670155279634,0.012969145857282713,0.012434594227991322,0.02383432808381953,0.01234437780510317
2025-05-13 19:00:00,0.0,-0.0025871412947594064,-0.002579059023353926,-0.004077977680361077,-0.002164615431527952
2025-05-14 16:00:00,0.005993227784474309,-0.0008300583527329349,-0.0010992833244431901,0.0030615327494567307,-0.004923553314857547
2025-05-14 19:00:00,0.0,0.0010677897817002898,0.0010634025441841782,0.0003557023831700448,0.0007148123076473423
2025-05-15 16:00:00,0.001098871121017364,0.00500114019061736,0.0056127348929024485,-0.0013271462634167786,0.007599392756674063
2025-05-15 19:00:00,0.0,-0.0015459447137922725,-0.0013659854885450982,-0.003987825659109698,-0.0004561595238900959
2025-05-16 16:00:00,0.004352556998949986,0.002088799989236332,0.002324363325324694,-0.003989924594091736,0.0032718265082730875
2025-05-16 19:00:00,0.0,0.0029740274512450203,0.0029227266547891704,0.004619463493766991,0.0024925562633293825
2025-05-19 16:00:00,0.0009587756987534668,0.00040203971383451426,0.0005574054641674293,-0.002402514382529402,0.0024174498235856588
2025-05-19 19:00:00,0.0,0.00029362571346499145,0.00030918945283853834,-0.0004850968678499633,-0.00048466278825916076
2025-05-20 16:00:00,-0.00333319799965881,-0.0016543442613284386,-0.001636889045132324,-0.0007570464890692558,-0.002602736251490524
2025-05-20 19:00:00,0.0,7.74520551480946e-05,0.00015347823661402153,-0.0016357063877594316,-0.00016039895874768033
2025-05-21 16:00:00,-0.013896822836583222,-0.0011577336482372013,-0.0013862448336057608,0.005697511258532835,-0.00281412107714838
2025-05-21 19:00:00,0.0,-0.01588572405578401,-0.015530659301511457,-0.025718821505714837,-0.01341867945115949
2025-05-22 16:00:00,0.0018713650816695182,-0.00047107623700568067,-0.0004789704279015709,-0.0014243092987534442,-0.0001537946606414959
2025-05-22 19:00:00,0.0,-0.0004809998598675231,-0.0003349570143566979,-0.003439704385496998,-2.6369550158128572e-05
2025-05-23 16:00:00,-0.009260874673980846,-0.009982798287969432,-0.009837807418635816,-0.013028646039284334,-0.008419597146792112
2025-05-23 19:00:00,0.0,0.0006590890230504409,0.0006290665952075911,0.0004588467208982367,0.0004598223547716112
2025-05-27 16:00:00,0.023525300178928177,0.019726404175696353,0.01936113989724199,0.023720453912726192,0.023024125244461846
2025-05-27 19:00:00,0.0,0.0008118358064633199,0.0007707582871957153,0.002127353333565413,0.0026649874211330743
2025-05-28 16:00:00,-0.004432001511766925,-0.0009928651911259461,-0.001129403235716325,-0.0006014210628790281,-0.0015568046323125397
2025-05-28 19:00:00,0.0,-0.005741443371180021,-0.005794034080810433,-0.004282117470600148,-0.005638239122961504
2025-05-29 16:00:00,0.00196575945209454,0.00041975550031452235,0.0004496548995547207,-0.0015124835388557695,0.000674159305494158
2025-05-29 19:00:00,0.0,-0.0015878655961680172,-0.0014839942444214917,0.0016744626860795359,0.000643863276122832
2025-05-30 16:00:00,-0.0015771328344753588,-0.014233025822548115,-0.013865220276914425,-0.015309647088476314,-0.012682063703569554
2025-05-30 19:00:00,0.0,0.011298449928784352,0.011067367682719254,0.008658493104469327,0.008433345482443991
2025-06-02 16:00:00,0.007898238554510106,0.0012029626566278074,0.0009052568716043935,0.003451634772625467,0.00014743054799558656
2025-06-02 19:00:00,0.0,0.0044110015018342845,0.004437991691366812,0.004762252002457786,0.0035428345395998573
2025-06-03 16:00:00,0.007817028316371655,0.010261282386532738,0.010263285800033049,0.0021202159678051255,0.007538235728384142
2025-06-03 19:00:00,0.0,0.0004281298345349825,0.0004119742396557478,-0.003011588418463396,-0.0003566189047758515
2025-06-04 16:00:00,0.0027878233951805775,0.003960803791455217,0.0038780319296485405,0.005482281665584691,0.0020967742012935283
2025-06-04 19:00:00,0.0,-0.0021202269854150003,-0.002158138011674377,-0.00022916971326758918,-0.002688099208177045
2025-06-05 16:00:00,-0.007526898037846896,0.0018211305549304902,0.001678158399591107,0.005995673913998802,0.0013053998866328553
2025-06-05 19:00:00,0.0,-0.00310023247516616,-0.0031169818259747,-0.004751909052172397,-0.002843746169264328
2025-06-06 16:00:00,0.00977527831530467,0.007156237082479741,0.007288071214013272,0.010693158483981259,0.007214415807147212
2025-06-06 19:00:00,0.0,0.0008772963141839596,0.0009769541922665225,-0.0024000266185550444,-0.0013791234850590796
2025-06-09 16:00:00,0.0014719207479216845,0.005930534189026457,0.005743669365331314,0.004274163178177811,0.009816800052716741
2025-06-09 19:00:00,0.0,-0.0038629322700365985,-0.0038319348864188385,-0.007404456405408948,-0.0006148205423732091
2025-06-10 16:00:00,0.006613908216917874,0.007644314264910138,0.007371210436042604,0.014070033033881917,0.011867960889886455
2025-06-10 19:00:00,0.0,0.001395541148031211,0.001489982220941486,-0.002130425391189271,0.004135007620194882
2025-06-11 16:00:00,-0.0033695595092393393,-0.0010433454442876616,-0.0009064827012573452,-0.0031495923414832237,-0.003038906183052282
2025-06-11 19:00:00,0.0,-0.003202385379059882,-0.003255217508895347,-0.0035083786243655184,-0.004030316545683843
2025-06-12 16:00:00,0.0023479247591817742,0.001270811209925322,0.0012209260131105322,0.0011367513934013634,0.00024365677497221826
2025-06-12 19:00:00,0.0,-0.0004166005682361512,-0.0003725356189557076,-0.0017318728596100684,-3.456389419059363e-05
2025-06-13 16:00:00,-0.012554722675506502,-0.006219743697377509,-0.006067142611735236,-0.006178752704388702,-0.007042831881293376
2025-06-13 19:00:00,0.0,-0.00863219345317073,-0.00862295355901496,-0.012054192193859236,-0.008696086230795727
2025-06-16 16:00:00,0.0139098668155766,0.011838302163239996,0.011575856871260604,0.02038923568536895,0.009725367888102548
2025-06-16 19:00:00,0.0,0.0005722674631519273,0.0005542565162554184,0.0007282866672418506,0.0005226485402517903
2025-06-17 16:00:00,-0.00975130878047703,-0.004738299898321215,-0.004820449310685521,-0.004278787028153111,-0.0045522250136303755
2025-06-17 19:00:00,0.0,-0.004752559025692574,-0.004802818464868647,-0.0043172122127222885,-0.004930454525382204
2025-06-18 16:00:00,-0.00017018681302272132,0.002812792399357399,0.0025743818249804444,0.00682254701310382,0.0030084992079962764
2025-06-18 19:00:00,0.0,-0.004279009045234272,-0.004238179153859407,-0.0066722435147561175,-0.005865836103087032
2025-06-20 16:00:00,-0.004083094481222238,-0.0017825681173404594,-0.0017208116378770965,-0.005069298843796857,-0.00108605495693871
2025-06-20 19:00:00,0.0,-0.0016827223097442166,-0.00170215182164071,-0.002759586055115174,-0.0021963313998107697
2025-06-23 16:00:00,0.010282490014051016,-0.003730326811931905,-0.0035171258259040685,-0.005357197425604902,-0.0036474974410521045
2025-06-23 19:00:00,0.0,0.011385599647090527,0.011370629844751012,0.011862409698074266,0.010237790758071744
2025-06-24 16:00:00,0.01529195825703722,0.01562053758894685,0.015269634224508872,0.02646085691250162,0.012764131380417548
2025-06-24 19:00:00,0.0,0.0015489187661417998,0.0015950476993817108,0.0022728148600352784,0.0031372645292434068
2025-06-25 16:00:00,0.002556406607959083,-0.004434756907766773,-0.004701619752557877,-0.00010268939390953308,-0.006259422232492777
2025-06-25 19:00:00,0.0,0.00030026865844246116,0.0001858132295644118,0.00013867167517346796,0.00015346926078901288
2025-06-26 16:00:00,0.009350343290254415,0.005479998525789285,0.005519998504391807,0.00893096408940174,0.0070620856182776895
2025-06-26 19:00:00,0.0,0.0021698154332597326,0.0021846586248593044,0.0017651222922350483,0.0017120663759064194
2025-06-27 16:00:00,0.003423728042746488,0.005346874863459655,0.005601228718914204,0.0020758468423269657,0.002930133682394664
2025-06-27 19:00:00,0.0,-0.003574083973212484,-0.0036577423939248405,-0.0021566411271589977,-0.008532597744946342
2025-06-30 16:00:00,0.0064769153004342606,0.0038646630284699278,0.004079765950262045,0.0028863716272260645,0.004618023647961093
2025-06-30 19:00:00,0.0,0.0022537986311393396,0.0024442808084578047,-0.00027650208575013527,0.0021841979778700364
2025-07-01 16:00:00,-0.008429359045287077,-0.0001959973219826654,0.00028920940983989717,-0.016893300010968754,-0.00403961504315504
2025-07-01 19:00:00,0.0,0.00038070238026412907,0.0003991078156904865,0.00016568658142948118,0.0009612671225000361
2025-07-02 16:00:00,0.00696522109814679,0.002608183290737937,0.0026278248167668447,0.0029181550525496694,2.0167939554965024e-05
2025-07-02 19:00:00,0.0,0.001351489177431196,0.0013307761587067768,-0.0008584111449615941,0.0025470965642593536
2025-07-07 16:00:00,0.0022333285715649964,-0.001064518157266599,-0.0009508321754676242,0.00011682944672616503,-0.006783954657391187
2025-07-07 19:00:00,0.0,0.0006879466125931467,0.0006815209219206577,-0.0004644872597772555,5.673257613483888e-05
2025-07-08 16:00:00,0.0005614937018163513,0.005198726518507104,0.005361908245340746,0.002861713031130715,0.003938874650872303
2025-07-08 19:00:00,0.0,0.00020061069860754846,0.00017658297351655974,-0.00042497857253230895,0.0007088699276498734
2025-07-09 16:00:00,0.007078981180577593,-0.0012805461122113884,-0.0012873942336885102,-0.0016534589082401654,-0.0005790280434727468
2025-07-09 19:00:00,0.0,0.0033674228942218907,0.003368978675214696,0.001053520322909164,0.0026659417623285443
2025-07-10 16:00:00,-0.0014381827793369384,-0.0021664271960448586,-0.002138769113239089,0.00346763694273289,-0.0017195449122984193
2025-07-10 19:00:00,0.0,-0.0015009139325011926,-0.0015421036694074973,-0.00043627232722768915,-0.003382148021637183
2025-07-11 16:00:00,-0.0022504314979336915,-0.004751043023981395,-0.004881615059330334,-0.002995784483685005,-0.004470593955360468
2025-07-11 19:00:00,0.0,-0.00206566393431507,-0.002138311409858575,-0.0016127973758572423,-0.0013292668008433627
2025-07-14 16:00:00,0.0036269176642658163,0.004110240696328724,0.004248907746211463,0.0006747420503237401,0.003076274750327164
2025-07-14 19:00:00,0.0,0.00039300294690933473,0.0003718166602968113,-0.0003877450252916705,0.0009079594660012767
2025-07-15 16:00:00,0.0009167630015836092,-0.003954130840014546,-0.0040504058416059585,-0.004526602563066596,-0.002773978306959687
2025-07-15 19:00:00,0.0,-0.0031523908773307477,-0.0031894587668669177,-0.0026061104332280433,-0.003344603741772259
2025-07-16 16:00:00,0.0010238470867451888,-0.0003322220468776952,-0.0003115153078726073,0.001998822112971447,0.0009448224771426677
2025-07-16 19:00:00,0.0,0.0026390935720430188,0.002571734987346762,0.004657225967736119,0.002253797759414348
2025-07-17 16:00:00,0.008092810856346722,0.0077599430751760365,0.0077468286032375015,0.0052594670768369555,0.006926928287094782
2025-07-17 19:00:00,0.0,0.000650449475262908,0.0005970242356389195,0.0011681128023204577,8.075714724272069e-05
2025-07-18 16:00:00,-0.0009612239890403051,-0.0014985708682264253,-0.0013345151312236822,-0.0054662075422746235,-0.00212722305204109
2025-07-18 19:00:00,0.0,0.0015464320589026503,0.001585106522097278,0.0007677450859586815,0.0012893205848545667
2025-07-21 16:00:00,0.005184767786480915,0.0060483352667671615,0.005965437768742988,0.0075063919083405845,0.006350573184575834
2025-07-21 19:00:00,0.0,-0.003215325014820576,-0.003164317642038981,-0.005060305187108942,-0.0031671163818822083
2025-07-22 16:00:00,-0.005175810544403081,0.0016848164506719446,0.0018925264631713945,-0.00032666453326167776,0.003766364679104751
2025-07-22 19:00:00,0.0,0.002788693690873261,0.0026976113533008148,0.005059442886166778,0.0019056327647259698
2025-07-23 16:00:00,0.004561403929531416,0.0017579110260370462,0.0017704835573930263,-0.0004542700329810142,0.0023541107016249656
2025-07-23 19:00:00,0.0,0.0019289963502466532,0.0018284552113420605,0.004061494556575862,-0.00035308317054746636
2025-07-24 16:00:00,0.0021282933771897827,-0.0016533209655591149,-0.0017417522338555392,0.0014426350584875525,-0.0020217607722409787
2025-07-24 19:00:00,0.0,2.2554956405336134e-05,5.73389538653936e-07,0.0005270122151815057,-0.00043128665856503304
2025-07-25 16:00:00,0.0024070586551074857,0.0010535460016754812,0.0007933784289285444,0.006035037615739504,0.002733048539193659
2025-07-25 19:00:00,0.0,0.0011892502230057766,0.0011877069328776703,0.00035647027814904157,0.0012334709444790947
2025-07-28 16:00:00,0.003125075958207768,0.0025692214176978295,0.00247418377419064,0.0038259663234026207,0.002417044822973467
2025-07-28 19:00:00,0.0,-0.0016058367373603252,-0.0017027311388749327,-0.00011350694635761316,-0.004447624935311689
2025-07-29 16:00:00,-0.0015488393235895126,-0.0006008762856607232,-0.0007294355569458669,-0.004606814156385548,-0.006281233151043352
2025-07-29 19:00:00,0.0,-0.0008559369272605462,-0.0010364572153875782,0.002253987126413117,-0.0009696889153340471
2025-07-30 16:00:00,0.0013398364260559514,0.0016039166417729995,0.0014477654487699808,0.00395842233551825,0.00457474246389176
2025-07-30 19:00:00,0.0,-0.00513358739514606,-0.005342777835693015,-0.001746705566167515,-0.008029507736357197
2025-07-31 16:00:00,-0.005299178571309349,-0.007076126803160968,-0.007145965677271755,-0.008794571104121737,-0.006485114526106008
2025-07-31 19:00:00,0.0,-0.010131394423361603,-0.010106402495017652,-0.010900027982101415,-0.008874414455591173
2025-08-01 16:00:00,-0.01969872349438906,-0.01555028437451284,-0.015310660427529734,-0.024962407571600915,-0.013493401634177902
2025-08-01 19:00:00,0.0,2.1940236980102347e-05,5.023598357914927e-05,-0.00034447121193105246,-0.00010259100526219608
2025-08-04 16:00:00,0.018451496636490816,0.012663886105962805,0.01266559902462507,0.02897102607155651,0.010209702232093647
2025-08-04 19:00:00,0.0,0.0017441099408091062,0.001640067190404038,0.003909628736744803,-0.0022180983462704506
2025-08-05 16:00:00,-0.006789424264501687,-0.005669424559724517,-0.005498295393977026,-0.009097401416191211,-0.0030428358486390885
2025-08-05 19:00:00,0.0,-0.0020855306010917566,-0.0021582719390546715,-0.0007221089366835073,-0.0017595591209658605
2025-08-06 16:00:00,0.012583218785727324,0.0015197371455698246,0.0015813690079512228,-0.00020561242779682797,0.004915179641093838
2025-08-06 19:00:00,0.0,0.0014668328759339332,0.0014968470417680596,6.489099014794593e-05,0.003924483297290558
2025-08-07 16:00:00,0.00338428745865893,-0.005891212545007294,-0.005913576162538433,0.0018702803541229232,-0.002845902804649673
2025-08-07 19:00:00,0.0,0.001221357630689821,0.001230527928305637,0.0027634430583508758,0.002735673222642252
2025-08-08 16:00:00,0.009328174923325827,0.003060561223598934,0.0027879998890799383,0.005819008448412359,-0.0008319743755401994
2025-08-08 19:00:00,0.0,0.0008022104527123492,0.0007218627773252802,0.001982986238556579,0.003145808433986058
2025-08-11 16:00:00,-0.0029588640688156254,-0.0023630652132425726,-0.002534095744103939,0.005651783902990436,-0.004883802653469067
2025-08-11 19:00:00,0.0,-0.0030946760457917295,-0.003149017354423262,-0.003648030978705977,-0.001832075501416386
2025-08-12 16:00:00,0.012568779990863588,0.011943303151166568,0.01230778413562455,0.004871455377768657,0.012238658523032787
2025-08-12 19:00:00,0.0,0.0012384989915213192,0.0011934118682036142,0.0016602767911089633,0.0014352003664719448
2025-08-13 16:00:00,0.0004999831229326457,0.006665844078973595,0.0071559607034073665,-0.006844705015115939,0.006283903592851981
2025-08-13 19:00:00,0.0,0.0024687325920551223,0.0024668097159715745,0.0015473009993126285,0.0008725525544062165
2025-08-14 16:00:00,-0.0007753245630496286,-0.005935124027348708,-0.0058860073867573245,-0.007458784743296861,-0.004199060060536407
2025-08-14 19:00:00,0.0,0.00024165930261043045,7.140975315225351e-05,0.0037778338567014754,-2.4369697322931328e-05
2025-08-15 16:00:00,-0.004397372106710207,-0.00018952076879435136,0.00034560527062060163,-0.010510410149670833,0.0021443013072822217
2025-08-15 19:00:00,0.0,-0.0016522592196867437,-0.0015937702196890577,-0.002427218218157627,-0.0015339171163044534
2025-08-18 16:00:00,-0.00039857868177384237,8.390505624056818e-05,0.0003636149134487119,-0.00578321998287666,-0.0009494179456082778
2025-08-18 19:00:00,0.0,0.0003987542932615825,0.0003781348553073735,0.001802256395532317,-0.00042968158691802016
2025-08-19 16:00:00,-0.013567468608822408,-0.004991760528188348,-0.0050325754983985135,-0.008689877525891308,-0.002026279192703475
2025-08-19 19:00:00,0.0,3.7753256171221574e-05,2.2657983200247336e-05,-0.0008852329143618084,0.0009807998616708537
2025-08-20 16:00:00,-0.005937364847378057,-0.004819952118298266,-0.004445984627113008,-0.012090841931784469,-0.0005114950718854189
2025-08-20 19:00:00,0.0,0.002154738337166538,0.0021761777129984147,0.004511838822586149,-0.0006773279722183014
2025-08-21 16:00:00,-0.0046296631665966315,-0.006097902852308753,-0.006175080936957258,-0.005841986611655891,-0.005142397265741399
2025-08-21 19:00:00,0.0,0.002129422332533196,0.0021818183980896093,0.0019241911106476395,0.002766227598122727
2025-08-22 16:00:00,0.015427374041043773,0.016344073010949742,0.016313582866922423,0.011368244457177464,0.015546151355736372
2025-08-22 19:00:00,0.0,0.0011759432868975147,0.001188568633330759,0.002989052982441409,-0.0009761000422151645
2025-08-25 16:00:00,-0.002884814619531939,-0.005342749940905627,-0.005557276679368818,-0.008107566941439945,-0.0066746250245138215
2025-08-25 19:00:00,0.0,-0.003499279502635027,-0.003533043162441713,-0.0007449674099088391,-0.003693989515674556
2025-08-26 16:00:00,0.004015322766916629,-0.0004157610763702705,-0.0005373985114761308,-0.008487028770873192,-0.0017903793043402986
2025-08-26 19:00:00,0.0,0.0005486014527141092,0.0005159100507659788,-0.001550466578236454,-0.000720841438616516
2025-08-27 16:00:00,0.0015368553031980259,0.005510388978692466,0.0058174222784861,0.00691402491805485,0.0059178969472184284
2025-08-27 19:00:00,0.0,0.001892907985843852,0.001872392542558235,0.0023005273508329895,0.0012106466726408988
2025-08-28 16:00:00,0.0062599326754508855,0.0036535561382915207,0.0035245120163474495,0.011141849252593816,0.005309062522227531
2025-08-28 19:00:00,0.0,0.0004791805047456743,0.0004115312689463192,0.00044889408335080984,0.00040664528346188327
2025-08-29 16:00:00,-0.011575440857976016,-0.00744883738309498,-0.007206747680599987,-0.007168596821706841,-0.004771425033450084
2025-08-29 19:00:00,0.0,-0.000482370833598617,-0.0006046721837999192,-0.0008416784988364597,-0.0014755164833369712
2025-09-02 16:00:00,-0.008380278381507678,-0.013900026929758462,-0.013938371736108185,-0.01548311496399018,-0.008568500906132646
2025-09-02 19:00:00,0.0,0.0062175469993458465,0.006244883653437753,0.007040767491006142,0.006532618123385328
2025-09-03 16:00:00,0.00786761737495989,-0.00300129730563334,-0.0030011898891217203,0.002496499097354245,-0.003943803508573341
2025-09-03 19:00:00,0.0,0.002677707443785377,0.002674301466633183,-0.00155606543642043,0.001806559316557161
2025-09-04 16:00:00,0.009051423988817309,0.002086346769686537,0.002104149261885498,-0.0001883621922144971,0.0029644880598579714
2025-09-04 19:00:00,0.0,0.005548488489438925,0.00552507212747048,0.006476394186521758,0.006263907291846529
2025-09-05 16:00:00,0.0014429547833749723,-0.002359388230182448,-0.002336694824276607,-0.005479200659380854,-0.0030039423296266588
2025-09-05 19:00:00,0.0,0.003740403942288023,0.0037249372146323733,0.004234831426757001,0.0025692331566501245
2025-09-08 16:00:00,0.0048779047462865766,0.001867840900013105,0.0017508941972831488,0.010181293274684342,-0.00037027914394194267
2025-09-08 19:00:00,0.0,0.001976867547257122,0.00198324322870375,0.0012050929105811075,0.0018761533330583903
2025-09-09 16:00:00,0.0028331998384107937,-9.019292358950403e-06,-9.128196071602654e-05,0.003241689553387125,0.00034046518248322403
2025-09-09 19:00:00,0.0,0.0014487788173123779,0.0014107833269693915,0.0034060679672688705,0.0017280002367123415
2025-09-10 16:00:00,0.00032726103383495797,-0.005849913105497832,-0.006055517485914517,0.00021100486037792232,0.005873458011610463
2025-09-10 19:00:00,0.0,-2.4994613647252568e-05,6.73407547894449e-05,-0.00491336779764801,0.00043588765401795447
2025-09-11 16:00:00,0.005820601196256048,0.011352131155590396,0.01147005542684681,0.015333585014348984,0.010489849659085615
2025-09-11 19:00:00,0.0,0.0020852937263726584,0.0019179443910016384,0.00819412528765254,-0.0019135113442081612
2025-09-12 16:00:00,0.004417051541102168,-0.0017383334811330823,-0.002745963618261461,0.011460892368849885,-0.0031768666094721793
2025-09-12 19:00:00,0.0,0.00014327149103565129,2.3588031581215533e-05,0.0011319139729225514,-0.00029263152732624995
2025-09-15 16:00:00,0.008557048327277883,0.0036159782765599027,0.003125769153946477,0.015072708510056678,0.004676464308827127
2025-09-15 19:00:00,0.0,0.0002692459452797533,-6.280621203157436e-06,0.0037656044284541143,3.393056662109639e-05
2025-09-16 16:00:00,-0.0008451562660121148,-0.0009567037232468605,-0.0004058377941905042,-0.0012482383602269208,0.001168552025834301
2025-09-16 19:00:00,0.0,0.001059388795426839,0.0009428814467554685,0.0017253593066055557,0.0019318788239935253
2025-09-17 16:00:00,-0.0019959164697831433,0.0029296377846080254,0.003525871735793672,-0.005508334019294405,-0.0018761253459134923
2025-09-17 19:00:00,0.0,0.00036749866286356196,7.15908399792047e-05,0.0051371711024442365,0.001515803977021237
2025-09-18 16:00:00,0.009016956752725847,0.01527619774817342,0.014990141466023673,0.028966694468597756,0.02443107366433383
2025-09-18 19:00:00,0.0,-0.0030653167533464254,-0.0029581869512939293,-0.004538790164276237,-0.0042774137971877246
2025-09-19 16:00:00,0.006769344739967931,-0.0006551035684250313,-0.0007139948237368463,0.0009160089429719619,0.001230476367768232
2025-09-19 19:00:00,0.0,0.0013595725085714695,0.0012308002411978369,0.0036220094459502392,0.0022681150883633165
2025-09-22 16:00:00,0.005920011498854905,0.0016887971621226841,0.0013868904259740006,0.007894844797900504,0.004799290329713279
2025-09-22 19:00:00,0.0,0.0014006979714943505,0.0014337835065401034,-9.877599249536817e-05,-0.0002895649030432826
2025-09-23 16:00:00,-0.006642243475046938,0.002000273448537332,0.0016461235237363952,0.002781954458563696,0.007833400725469186
2025-09-23 19:00:00,0.0,-0.004257960820483142,-0.0038606539543383778,-0.011027913074568742,-0.005068832431549127
2025-09-24 16:00:00,-0.0035106205389333622,-0.0033808146997274633,-0.0031671339663813655,-0.004465321657532088,0.002429178699990456
2025-09-24 19:00:00,0.0,0.0013806951982627508,0.0010640048148213082,0.00563633167626955,0.0014154481776077151
2025-09-25 16:00:00,-0.004311285650355434,-0.0062001373646105385,-0.006412943572068899,-0.0003905009081668406,-0.000706320774570921
2025-09-25 19:00:00,0.0,0.0006539737719974955,0.0006921307979636683,0.0009467492799129844,0.0006397256128388873
2025-09-26 16:00:00,0.00411094326404049,0.008268883243139446,0.008156006065101435,0.011358348820392994,0.007513598798179272
2025-09-26 19:00:00,0.0,0.001898327146344372,0.0020632837582402652,0.0008762054183845779,-0.0001973497370000581
2025-09-29 16:00:00,0.0046311412201716085,0.004398426282024524,0.004240252397314723,0.008571166411400752,0.004507198044603087
2025-09-29 19:00:00,0.0,0.00024613150842014975,0.00038558047602474545,-0.0003449007598132567,-0.0013495456782510631
2025-09-30 16:00:00,0.0027391121948929786,-0.005038524007006138,-0.005043374327798575,-0.010827067585511291,-0.002025249429335153
2025-09-30 19:00:00,0.0,0.0047530705503466605,0.004494476864175834,0.0031363196925098527,0.00830100690334627
2025-10-01 16:00:00,0.0047970211135095475,0.0011180339357262851,0.00020808439182022802,0.0013290184227802884,0.0037495110864335123
2025-10-01 19:00:00,0.0,0.004645553811911124,0.004686207161170724,0.010021468817718412,0.005144279323266119
2025-10-02 16:00:00,0.004111061470398525,0.002914989250039784,0.0028958911960508035,0.004834406046445679,0.0022175635658348656
2025-10-02 19:00:00,0.0,0.002843628136791477,0.0028265649509195048,0.0018830123949220878,0.0005768352231435842
2025-10-03 16:00:00,-0.004209752096300146,0.0041682912400248144,0.004156551176519557,0.005644694677206969,0.00384175305167946
2025-10-03 19:00:00,0.0,-0.0058112531108567315,-0.00574438346661743,-0.009315625819047048,-0.007858929306686533
2025-10-06 16:00:00,0.007510193991054459,0.006018246267783397,0.005964326327203028,0.01578239993705133,0.011121088066565027
2025-10-06 19:00:00,0.0,-0.001792117806910658,-0.0017381065020868765,-0.005552236983305287,-0.004314451040538024
2025-10-07 16:00:00,-0.0052656354759481605,-0.008521085840282563,-0.008338587062801328,-0.013713365212066638,-0.010754590375438546
2025-10-07 19:00:00,0.0,0.0008950240320318503,0.0008954183978701415,-0.001964752325551391,0.0008526554461196601
2025-10-08 16:00:00,0.011463827502024904,0.007721734149573534,0.007417874685224721,0.017929523338647876,0.008746023024848837
2025-10-08 19:00:00,0.0,0.002585979430266272,0.002363220399495953,0.00820543761006822,0.0029475190729681237
2025-10-09 16:00:00,-0.0012103017478460876,-0.006478003543730477,-0.006499335956215592,-0.004645270055170361,-0.006065027029434929
2025-10-09 19:00:00,0.0,0.0010844314989481665,0.0010380731587782206,0.0023953464337302865,0.0031757588020890283
2025-10-10 16:00:00,-0.034714276250361054,-0.022794713791603968,-0.022387109519354974,-0.031324055238566295,-0.027784894523171046
2025-10-10 19:00:00,0.0,-0.008268564433122582,-0.008253317099189304,-0.007839625953879558,-0.011848164761504815
2025-10-13 16:00:00,0.02122136359960769,0.017709479418185483,0.017859035685507178,0.01580965759999551,0.02454410538053644
2025-10-13 19:00:00,0.0,-0.0005199036215147591,-0.00045495344654384527,-0.00175608189615757,0.0005354517059203227
2025-10-14 16:00:00,-0.006660988524603506,0.00474732271664836,0.004763147692712233,-0.0013329719523011666,0.005553189333206326
2025-10-14 19:00:00,0.0,-0.003502419416915166,-0.0033290073446410194,-0.009571253327687955,-0.008429248208275121
2025-10-15 16:00:00,0.007056803636168452,0.0025583736397074984,0.0022883709190219476,0.009974861393183355,0.013885900307307047
2025-10-15 19:00:00,0.0,0.0002327810035722865,3.565753043212735e-05,0.00417605980274609,0.00036124315233064286
2025-10-16 16:00:00,-0.003702934704380212,-0.0008256488440591022,-0.0009431998223948432,0.005697578118331736,0.00025137758655038774
2025-10-16 19:00:00,0.0,-0.004747041834894199,-0.004659183618002704,-0.007135145574756005,-0.0020813156953032185
2025-10-17 16:00:00,0.006566786726718066,0.0037902897147230516,0.004062306614208073,-0.003320797681408908,-0.006767621125974648
2025-10-17 19:00:00,0.0,0.0026094440759487922,0.0026254423067983775,0.0013355038715478246,0.0035190262217575747
2025-10-20 16:00:00,0.01260071663217488,0.012924422139743949,0.012799338501189597,0.010331378233316714,0.021978706234182837
2025-10-20 19:00:00,0.0,0.00023905551785218,0.00031973917643016576,-0.002203166975798849,-0.0009182597085300138
2025-10-21 16:00:00,-0.0002615279669033743,0.0047272697923916775,0.004985811348044929,0.0011035899352021248,0.0009734734250044404
2025-10-21 19:00:00,0.0,0.0007348966296237698,0.0007972654788024143,-0.001041940386772306,0.0020995718040524316
2025-10-22 16:00:00,-0.009633983978945992,-0.007016147432734727,-0.006744044711135779,-0.005079575529373459,-0.01873785946850185
2025-10-22 19:00:00,0.0,-0.002037360720343564,-0.0020364635636051847,-0.00638395699302188,-0.000751580888278827
2025-10-23 16:00:00,0.008406490261045452,0.005921942881996519,0.005932892887368124,0.0036261240021298116,0.0067740690703309275
2025-10-23 19:00:00,0.0,0.0015165394212368212,0.0015020326627226558,-0.0011683720897046287,0.002218183445256261
2025-10-24 16:00:00,0.010678248172756977,0.007670308964238871,0.007370526792085107,0.008823509514629565,0.01051494038467394
2025-10-24 19:00:00,0.0,-0.0030466519847788575,-0.0030605238595097285,-0.004731254467419216,-0.002235119071696473
2025-10-27 16:00:00,0.017809259983306847,0.010939127961415065,0.010835283805169342,0.023211950172823764,0.020188286879386938
2025-10-27 19:00:00,0.0,0.0009646648791909662,0.0008544328826749001,0.0015001515099099542,0.0008219995842361479
2025-10-28 16:00:00,0.007689893130412795,0.0006358855234263049,0.0006742408002447043,-0.007538202315262244,-0.005894295156246223
2025-10-28 19:00:00,0.0,-0.0035800900881614475,-0.0035727401612641314,-0.0034612165645838086,-0.005102834868048177
2025-10-29 16:00:00,0.0045030048033982695,-0.004000328011985228,-0.004671570543183992,0.0065692890321937866,-1.1712431941915923e-05
2025-10-29 19:00:00,0.0,-0.00490976232545794,-0.0049693604952889825,-0.001788144087487706,-0.00851279982997386
2025-10-30 16:00:00,-0.015288588840218331,0.002207290323556415,0.0023890412598876936,0.0028033563811846237,-0.0020044200646230598
2025-10-30 19:00:00,0.0,-0.008715371944094287,-0.008636341909190815,-0.011043500170701688,-0.01054052193664265
2025-10-31 16:00:00,0.004823894560769926,0.0015203141963987825,0.0018477349303674471,-0.001025153583782133,0.0016436500969625116
2025-10-31 19:00:00,0.0,0.0035667425786962193,0.0034783826770591075,0.004253325901480802,0.00249860775038623
2025-11-03 16:00:00,0.004784803808179916,-0.0012709619292644767,-0.0019631442353321483,0.011229154625266427,-0.00010852833710647732
2025-11-03 19:00:00,0.0,0.0018144759981953596,0.0018456660635188438,0.005481659455813565,0.00013832286062336692
2025-11-04 16:00:00,-0.02029804094164056,-0.011756010179342065,-0.011730138368746049,-0.022120478523437872,-0.020804132616619658
2025-11-04 19:00:00,0.0,-0.0026844903165564376,-0.002757940173010645,-0.007297626591941398,-0.007356060868611489
2025-11-05 16:00:00,0.0065079158770231516,0.005930353848578505,0.005994476371007636,0.009757900419816844,0.015184137320301088
2025-11-05 19:00:00,0.0,0.003844841947849087,0.003963599978346508,0.0076524110364815665,0.008894771250550848
2025-11-06 16:00:00,-0.018627312554173714,-0.017828602544016785,-0.01792219700138926,-0.02623215051436631,-0.029642939796056866
2025-11-06 19:00:00,0.0,0.006229296611200284,0.006362156804483028,0.00837234885886974,0.012919114442567192
2025-11-07 16:00:00,-0.0031553529497220234,-0.016764780233296115,-0.01696663834116802,-0.03237948892580598,-0.026806305532119365
2025-11-07 19:00:00,0.0,0.011917423757009124,0.012405321772841432,0.012780365014520198,0.020525466850141248
2025-11-10 16:00:00,0.02212420912838109,0.006196330613191484,0.00628028108022284,0.014110681968719743,0.011057263117386038
2025-11-10 19:00:00,0.0,0.005149657817013972,0.0051895998569323285,0.006674245414344985,0.003913103710866184
2025-11-11 16:00:00,-0.002663499728031149,-0.00039614639356303307,-0.00046060359019794116,-0.005698712042160008,-0.016330421374138985
2025-11-11 19:00:00,0.0,0.0022424799163174754,0.0022536961393912498,0.0026586276064084237,0.0024125028348890047
2025-11-12 16:00:00,-0.0007883430627531052,-0.0006871420777389864,-0.0006317137121140179,-0.004647368360631889,-0.00206355968944455
2025-11-12 19:00:00,0.0,0.00019762393530381784,0.0002268325690920692,0.0006516578132442098,-0.00028210329917650645
2025-11-13 16:00:00,-0.020415970943100548,-0.006381099600616663,-0.006765234091473631,-0.0037184473547930393,-0.021907593693763865
2025-11-13 19:00:00,0.0,-0.006804496491193201,-0.006883711303188405,-0.008058386745378688,-0.007658699026804567
2025-11-14 16:00:00,0.000755986820957899,0.002394347497012432,0.0027045068526964596,9.632349221163416e-05,0.008917861057231104
2025-11-14 19:00:00,0.0,-0.002264889551796844,-0.002459063945386558,-0.0008271540113148358,-0.004922144375179782
2025-11-17 16:00:00,-0.008540533986380883,-0.002657938188376832,-0.002720772765779058,-0.0016108046749213577,-0.004112897475892897
2025-11-17 19:00:00,0.0,-0.016134001406974963,-0.016428335562378913,-0.011331563504789323,-0.02179688911331033
2025-11-18 16:00:00,-0.012175682873204807,0.00010260872452577141,0.00018405696614209394,0.0008442383571687305,-0.008535882763856773
2025-11-18 19:00:00,0.0,0.004177683015629293,0.004080989675149941,0.00796046739458207,0.003980949391032993
2025-11-19 16:00:00,0.00597005013235119,-0.004291854535136584,-0.004311852102047179,-0.0067052643530952525,-0.001719933392004273
2025-11-19 19:00:00,0.0,-0.0017690726151637515,-0.001852024237835284,-0.00280416022864868,-0.005418025729656322
2025-11-20 16:00:00,-0.02367185214103551,-0.005578881268404814,-0.005988538790061994,0.0010334341662750388,-0.006193897305947803
2025-11-20 19:00:00,0.0,-0.0039932947903670146,-0.004020616857027764,-0.004835632273142835,-0.009520717631456803
2025-11-21 16:00:00,0.007512780084459658,0.008748950108047314,0.007981777731559357,0.011591491942760535,0.001953274993654857
2025-11-21 19:00:00,0.0,0.0031592240887542175,0.003253690369899517,0.001741764772404375,0.004026771815038632
2025-11-24 16:00:00,0.02557319233119082,0.0060539045314224865,0.006783322730518596,0.0028421976213973206,0.018831101857216648
2025-11-24 19:00:00,0.0,0.0001175443526936638,0.00025047331063261,-0.00023574727220650602,0.0015918416680180143
2025-11-25 16:00:00,0.006163691379971414,0.008031312976279138,0.0074486405710611865,0.014411174331723172,-0.0053940879109189675
2025-11-25 19:00:00,0.0,0.0011159113993109396,0.0011248994831121184,0.0004732198529224474,0.00791106523449039
2025-11-26 16:00:00,0.008835800725809806,0.009482120174604479,0.0097977101907314,0.008920970850342817,0.017564985208102683
2025-11-26 19:00:00,0.0,0.000357107578874699,0.00047233795680451775,0.0004914895803858536,2.5354350050010193e-05
2025-12-01 16:00:00,0.004721004850142929,0.0069000681767879945,0.006967540205367664,-0.0002780244852995151,0.007380755125738938
2025-12-01 19:00:00,0.0,-0.002879076213234835,-0.0028507998683704647,-0.00407590527048112,-0.004011718354947124
2025-12-02 16:00:00,0.00782605526928104,0.006612084103670757,0.0065560328776479255,0.010856430602246976,0.006631666341848582
2025-12-02 19:00:00,0.0,0.006498718614487134,0.006462828605493147,0.008755177372632556,0.004450332063235893
2025-12-03 16:00:00,0.002443765729801317,0.004039614113594686,0.004035516695516828,0.010857255703539539,0.0030580865562520976
2025-12-03 19:00:00,0.0,0.004008461409477311,0.0039016962970728894,0.008422133058174299,0.004164212794334586
2025-12-04 16:00:00,-0.0009302524345002894,0.000794640128432777,0.0006878045700000142,0.0025953938836556665,-6.825263323671739e-05
2025-12-04 19:00:00,0.0,-0.0025997961865229253,-0.0025270844372329328,-0.00548722562738271,-0.004370076961453522
2025-12-05 16:00:00,0.004077457766594739,0.007842582163309773,0.007769842194086337,0.0167840009135726,0.007763634417964951
2025-12-05 19:00:00,0.0,0.000482434290656453,0.0003983300295261825,0.00257928518352826,-0.00030735201671077084
2025-12-08 16:00:00,-0.001918477552493636,-0.006061972501918239,-0.00611569299670966,-0.013681028853989825,-0.006745442135951329
2025-12-08 19:00:00,0.0,-0.0015392027522876774,-0.0015205638692757102,-0.001258225155129918,-0.0013788567516703298
2025-12-09 16:00:00,0.0012333770890635698,0.0023391595443579462,0.0020620807524438013,0.0052635531741482815,0.007560390344126306
2025-12-09 19:00:00,0.0,-0.0011379338963687614,-0.001101744023604454,-0.001256157627390163,-0.0009676045712373902
2025-12-10 16:00:00,0.00409566545250617,0.0005540347902466588,0.0004985868749340148,0.0026534645031621945,0.004876156036702417
2025-12-10 19:00:00,0.0,0.008344416092331977,0.008102325989584203,0.013750744357939548,0.008750345091785374
2025-12-11 16:00:00,-0.0032344222925078103,-0.005950858580849645,-0.005510975088852493,-0.013047520893185442,-0.004424587495515803
2025-12-11 19:00:00,0.0,0.004875136433214166,0.00469310630050308,0.008547011251776206,0.004174321461427167
2025-12-12 16:00:00,-0.01911830575749185,-0.00948582362792504,-0.009140239728548149,-0.02074413560397583,-0.013127251229157456
2025-12-12 19:00:00,0.0,0.0007849540840791865,0.0008178741987244486,0.00024571105903916957,0.0013476060020448113
2025-12-15 16:00:00,-0.005019414151365642,-0.003853110189297547,-0.003806905298517516,-0.003179655873094531,-0.005022203731192923
2025-12-15 19:00:00,0.0,0.0020180337560614914,0.0019180417317395965,0.0038963374921323767,-0.0005262725323424186
2025-12-16 16:00:00,0.001981839031308219,-0.004650166013316288,-0.004664508504891465,-0.006676427727438684,-0.006986501269687195
2025-12-16 19:00:00,0.0,-0.0022519057150773543,-0.0022528785406303008,-0.002811888514148704,-0.0031957629391928238
2025-12-17 16:00:00,-0.01853703515928795,-0.0026318217447078305,-0.0025670292670848,-0.0036288464092567646,-0.004410859299678756
2025-12-17 19:00:00,0.0,-0.003369300462863915,-0.0033864357907270478,-0.001546720770591622,-0.005290688288859926
2025-12-18 16:00:00,0.014490161748346608,0.01083210191436327,0.010875910483072192,0.005918858947161917,0.014292398389920786
2025-12-18 19:00:00,0.0,-0.005411398166683541,-0.005378659621993627,-0.006380094792176113,-0.00705742362220247
2025-12-19 16:00:00,0.013035355219223943,0.0092221350156621,0.00938409170682513,0.007749997053343262,0.014525426460101354
2025-12-19 19:00:00,0.0,0.001457331965795192,0.0014136602792502496,0.003646093905862155,0.001533425350633973
2025-12-22 16:00:00,0.004793528365299782,0.004928086002969436,0.00471266702537669,0.008052050218016993,0.0074648998058729
2025-12-22 19:00:00,0.0,-0.001443066782033194,-0.0015026105086280285,-8.636909931823055e-05,-0.0036420144678131197
2025-12-23 16:00:00,0.004683327588380415,-0.0031753212381614958,-0.0031227467992933763,-0.001677440825656175,-0.003596064894114178
2025-12-23 19:00:00,0.0,0.0007075869717197559,0.0007578154383977204,-0.001458688788289872,0.00031742972527244273
