,RL Agent,QQQ
2009-03-31,0.9847504262787051,0.9846346451505653
2009-04-01,1.0017742229654798,1.0140637386992684
2009-04-02,1.0288153813383523,1.058729418694848
2009-04-03,1.0285613928519675,1.0623791610513287
2009-04-06,1.0363665505136161,1.075503103840215
2009-04-07,1.0360968644673425,1.0724579564051369
2009-04-08,1.0066134741433805,1.0435801599905898
2009-04-09,1.050010526400158,1.0825610588699253
2009-04-10,1.0478280870081358,1.088395239790242
2009-04-13,1.0542322413015541,1.0835773332514396
2009-04-14,1.0447499806194696,1.0736514948398963
2009-04-15,1.021517806170054,1.0615438264325243
2009-04-16,1.0390913804179966,1.0630372316168872
2009-04-17,1.0533313657317094,1.0815315045058265
2009-04-20,1.075645278009176,1.0836162246290078
2009-04-21,1.0556338193026835,1.057703421468941
2009-04-22,1.059187162935461,1.0596424174975148
2009-04-23,1.0643364026854316,1.074177239864705
2009-04-24,1.0478823154869823,1.057297907715029
2009-04-27,1.0494310307025922,1.0595258619360834
2009-04-28,0.9980803843117511,1.031287876111042
2009-04-30,1.0290022558432717,1.0719006714216903
2009-05-01,1.048969770911811,1.0900052005360366
2009-05-07,1.100259776659874,1.1395834069463315
2009-05-08,1.1093400113018956,1.14530577515614
2009-05-11,1.106173930688267,1.1476309578211148
2009-05-12,1.0847771969185682,1.1290092208136213
2009-05-13,1.0786647289552893,1.1340941498593857
2009-05-14,1.0481554470385477,1.1041333234365838
2009-05-15,1.072849631657944,1.1249307247337061
2009-05-18,1.0507965907022458,1.0974505279148785
2009-05-19,1.0741653729735583,1.1279989935670336
2009-05-20,1.0899950738749717,1.134597959198676
2009-05-21,1.0848528342595183,1.1248251963006708
2009-05-22,1.0828372154704922,1.1201699695485252
2009-05-25,1.0939669864640214,1.1348845459656949
2009-05-26,1.0900395363599917,1.1304904131568576
2009-05-27,1.0961072525225564,1.1460269256389741
2009-05-28,1.1199431651421101,1.147559222200905
2009-05-29,1.1390605882467322,1.1561932265923107
2009-06-01,1.1683060077658889,1.175043213300471
2009-06-02,1.1694539648572366,1.1782679962142557
2009-06-03,1.1792151008350387,1.1828041774082352
2009-06-04,1.1872143880668262,1.1739759532715348
2009-06-05,1.195329949432798,1.1860022817855784
2009-06-08,1.201599983021423,1.197855021955842
2009-06-09,1.1762609905352313,1.1882862016475235
2009-06-10,1.2138272761817226,1.2131366062008502
2009-06-11,1.2246312009963658,1.2119029906757917
2009-06-12,1.2413317594198627,1.2306607289335005
2009-06-15,1.2162659425253266,1.2189864385292128
2009-06-16,1.1672521764062274,1.184165257051848
2009-06-17,1.2008771014521715,1.1948462759015974
2009-06-18,1.1801244458142175,1.1781963791653192
2009-06-19,1.1678217880730597,1.188218141736779
2009-06-22,1.1878817832598374,1.1930760067946073
2009-06-23,1.138821636906129,1.1594848837041087
2009-06-24,1.1425556768360774,1.164427764364731
2009-06-25,1.1766728432487064,1.1894104944588078
2009-06-26,1.1960439424275169,1.1992828572261949
2009-06-29,1.1638780412024545,1.1878793836096073
2009-06-30,1.181561459513125,1.2091237986062173
2009-07-01,1.1825703036892445,1.2068762801251058
2009-07-02,1.1853102117551888,1.1991323902806643
2009-07-03,1.1881965305267514,1.1918376484186257
2009-07-06,1.1583720011833787,1.175422048517941
2009-07-07,1.1371808695929668,1.1714055652138433
2009-07-08,1.1020269981554092,1.1438390485082182
2009-07-09,1.0894443987778637,1.1280924277302151
2009-07-10,1.0791967472309754,1.1276335569034202
2009-07-13,1.0209643502571966,1.0988637789186433
2009-07-14,1.0703718271727087,1.1245409809591127
2009-07-15,1.069966634765872,1.125444375488661
2009-07-16,1.0912614673076633,1.1345397407035962
2009-07-17,1.0880167328076764,1.1407514525573796
2009-07-21,1.1474846812904862,1.1719190973975255
2009-07-22,1.1518900386813935,1.1805567774983965
2009-07-23,1.1763711287337775,1.1890292878158757
2009-07-24,1.191951368016409,1.2074372408180172
2009-07-27,1.2018483117362053,1.224934685014226
2009-07-28,1.2016573358972418,1.2247646538086383
2009-07-29,1.2089627571890864,1.2279191239574905
2009-07-30,1.2200009633132916,1.234229131396652
2009-07-31,1.2309224560191803,1.2574950680278951
2009-08-03,1.2521283707326534,1.2569656472936213
2009-08-04,1.242281360509852,1.2597023908474347
2009-08-05,1.2072542626549199,1.2448313003498077
2009-08-06,1.2364574995394655,1.2612905344789833
2009-08-07,1.2315890756901684,1.264204542086042
2009-08-10,1.2566109366961302,1.2778238756538303
2009-08-11,1.2749068628725142,1.2852546187660843
2009-08-12,1.2605230007244115,1.2669862241523504
2009-08-13,1.2779609652680852,1.27696553820805
2009-08-14,1.3067991171222553,1.2866958525902947
2009-08-17,1.2604325060616741,1.2467836949322386
2009-08-18,1.2623233578527346,1.2487688151860379
2009-08-19,1.2581203030994066,1.2389389009344112
2009-08-20,1.285827806444235,1.260722340938414
2009-08-21,1.2588106548315934,1.2430913854887242
2009-08-24,1.3026261078017487,1.2847191508968834
2009-08-25,1.299318613512503,1.2745578299370157
2009-08-26,1.3100867788635944,1.2918414901278727
2009-08-27,1.2889094117010698,1.271717810804355
2009-08-28,1.290579083799185,1.2790234612235165
2009-08-31,1.2657624349572123,1.2739713764203935
2009-09-02,1.2590500738847545,1.2482224387597147
2009-09-03,1.2380829197916106,1.2402307349545492
2009-09-04,1.2291298788864304,1.2368882107666024
2009-09-07,1.2568355802104234,1.2531374551711647
2009-09-08,1.2755837883265981,1.2619146936604433
2009-09-09,1.2648293197870284,1.2520688908582247
2009-09-10,1.2906576115892872,1.2765380887686195
2009-09-11,1.2729977766664333,1.2681190540952965
2009-09-14,1.2305333320117577,1.2387032998148142
2009-09-15,1.2237374896922888,1.2405926144799702
2009-09-16,1.2346149262807533,1.2470458560170048
2009-09-17,1.2611818482977382,1.2680546698940176
2009-09-18,1.2422267171279116,1.2591596901305768
2009-09-21,1.2421736854884655,1.2591596901305768
2009-09-24,1.2544366390485,1.2802473539041834
2009-09-25,1.2321792402800702,1.2464643824938517
2009-09-28,1.1704417135854943,1.215325669044336
2009-09-29,1.1836358048032216,1.226335841748138
2009-09-30,1.1752303911622193,1.2303462779173089
2009-10-01,1.1465567362243787,1.2115763268184734
2009-10-02,1.110659481135649,1.1816143146829408
2009-10-05,1.0834026103974728,1.1746474223909509
2009-10-06,1.0924390163514224,1.1767490982061817
2009-10-07,1.121725790499837,1.1898378253269652
2009-10-08,1.1302688570792805,1.193828815807352
2009-10-09,1.1622429187722298,1.2161598179504094
2009-10-13,1.1781460673830753,1.2234654683695707
2009-10-14,1.1603438603856175,1.2214803481157712
2009-10-15,1.179419333491909,1.2431460468456121
2009-10-16,1.1787272501828518,1.2454419424061378
2009-10-19,1.1797876774741418,1.2428861386150347
2009-10-20,1.1866292012526698,1.2550679140680778
2009-10-21,1.1836020398901765,1.2546490017603087
2009-10-22,1.1733262665220594,1.246608802304456
2009-10-23,1.1861362682297545,1.2485296569282494
2009-10-26,1.1939688265736437,1.2581980771059498
2009-10-27,1.1630768248965968,1.2399660838730495
2009-10-28,1.1376631957011534,1.2232821571813992
2009-10-29,1.1061183018149343,1.2009474793288766
2009-10-30,1.1215560265308575,1.218387890742737
2009-11-02,1.0961840952415678,1.1902446433648814
2009-11-04,1.102547609280739,1.1952663739220977
2009-11-05,1.0898550831198626,1.1798623055520043
2009-11-06,1.1015489297672287,1.1885933012447845
2009-11-09,1.1027958085425518,1.1909780066888422
2009-11-10,1.1109572133631573,1.198474319715106
2009-11-11,1.1087189942559075,1.1985895709925336
2009-11-12,1.0921697521398779,1.1904316302625186
2009-11-13,1.0819913084378134,1.186281517133667
2009-11-16,1.0785438513798997,1.1888155038105246
2009-11-17,1.063541527072607,1.1813787135633438
2009-11-18,1.0525480245978753,1.1749278434517707
2009-11-19,1.0419199914627348,1.1594678094407866
2009-11-20,1.0301226121953613,1.1531796191158705
2009-11-24,1.0183116936496586,1.1415114944177827
2009-11-25,1.0228912241875718,1.1463754066105378
2009-11-26,1.0121810865193437,1.1392847259094592
2009-11-27,0.9689943597351743,1.102650708238071
2009-11-30,1.0015841328717054,1.1347084676251806
2009-12-01,1.0268086715365874,1.1622276743928495
2009-12-02,1.0276431827383081,1.1666885628284271
2009-12-03,1.0630769797138515,1.2114585855443116
2009-12-04,1.0648917168414394,1.2169126269631545
2009-12-07,1.090287440420292,1.2345192753018641
2009-12-08,1.0898563714912883,1.2312252467646043
2009-12-09,1.0768070714449156,1.2147428912371792
2009-12-10,1.0564898667015183,1.1975138924032092
2009-12-11,1.0922073442791762,1.2272671005268592
2009-12-14,1.1004111823371459,1.227001145161355
2009-12-15,1.1008881350276611,1.2243057829818442
2009-12-16,1.1015411975633294,1.2357104423111624
2009-12-17,1.1001911207571702,1.2340579144783348
2009-12-18,1.0975849895782708,1.231417095084438
2009-12-21,1.1002343741543756,1.2364461770605848
2009-12-22,1.1293723204639985,1.2600691317950528
2009-12-24,1.1513386906462704,1.2793610336379586
2009-12-25,1.1422115836324593,1.2742360275018954
2009-12-28,1.158630701238224,1.2911761867146578
2009-12-29,1.1559341142515906,1.2916411046763798
2009-12-30,1.145680105548268,1.280516984979154
2010-01-04,1.1596290434973877,1.2936724677266782
2010-01-05,1.1627157884579897,1.296955587706815
2010-01-06,1.1636095105049953,1.3029803126629615
2010-01-07,1.1534135074534457,1.2969349563053003
2010-01-08,1.1677214885422036,1.3110994805866814
2010-01-12,1.1783394646040979,1.3209123205749855
2010-01-13,1.1521707065389146,1.3034149949500498
2010-01-14,1.1777357314275891,1.3243775660305637
2010-01-15,1.181866436728032,1.333413408466416
2010-01-18,1.163925687903842,1.3179910801202694
2010-01-19,1.1496919563623145,1.3070417344795542
2010-01-20,1.1506816415707202,1.3037172331251146
2010-01-21,1.1655051991347025,1.319609577997725
2010-01-22,1.13393910318398,1.285872612241346
2010-01-25,1.124313577721538,1.276419161781728
2010-01-26,1.0992325782856218,1.2536643859087055
2010-01-27,1.0841688940608365,1.2447766389929222
2010-01-28,1.0992965691964895,1.2644716831642784
2010-01-29,1.0762392156630858,1.2382152604548442
2010-02-01,1.0688929936126168,1.2390626893435017
2010-02-02,1.0891387154906458,1.2592264457573181
2010-02-03,1.0940542819816375,1.2632623747501996
2010-02-04,1.0875070302507952,1.2573919110203222
2010-02-05,1.055790365674846,1.2211015128983014
2010-02-08,1.0334337627125025,1.2083200039460518
2010-02-09,1.0334668341013957,1.2060228041015224
2010-02-10,1.0431758271942582,1.2097976391510958
2010-02-12,1.0582830981420257,1.2253633201663883
2010-02-15,1.0496452518769768,1.2157846584424046
2010-02-16,1.0526820813202613,1.218328367963654
2010-02-17,1.080471251207829,1.2514242188465239
2010-02-18,1.0822429497773818,1.2549283556796702
2010-02-19,1.0621322167675655,1.2291745565967953
2010-02-22,1.0915459974805417,1.2627936625077392
2010-02-23,1.0871489987729084,1.256920708781127
2010-02-24,1.0698207381615579,1.23831118461476
2010-02-25,1.0556153439753488,1.226549507182217
2010-02-26,1.0593558152799052,1.229472051920937
2010-03-01,1.0649947999895915,1.2350607903059914
2010-03-02,1.0719631010044024,1.241104960950922
2010-03-03,1.0782246012083456,1.244905288824206
2010-03-04,1.0704385869228294,1.2318626859286481
2010-03-05,1.0922225678429738,1.2589678418107437
2010-03-08,1.1229325960155667,1.2853104658357024
2010-03-09,1.1205066908202737,1.28309223445904
2010-03-10,1.1258544449320964,1.2826392921958987
2010-03-11,1.1382101323661564,1.2949060832517356
2010-03-12,1.1479202258553383,1.30538553093726
2010-03-15,1.155416520819041,1.3054730365367884
2010-03-16,1.1531908821845709,1.3017976827853237
2010-03-17,1.1723272646536615,1.3170076499813954
2010-03-18,1.1528183177948388,1.3045077478026958
2010-03-19,1.158048168186896,1.3143048178116812
2010-03-23,1.1595236646909823,1.308164841578107
2010-03-24,1.1592945453809005,1.313128353640244
2010-03-25,1.1539261843134931,1.3148062557255096
2010-03-26,1.1723263526857577,1.3351460904798405
2010-03-30,1.1900258586980732,1.3485954074308415
2010-03-31,1.1835627795489552,1.3477205123091327
2010-04-01,1.2023067312387505,1.3664914749672075
2010-04-02,1.2110765861635058,1.3715578440320138
2010-04-05,1.2330446471092582,1.3780242589121754
2010-04-06,1.2132282615681569,1.371099746477782
2010-04-07,1.2100759266649397,1.3723769604359795
2010-04-08,1.1904215987748459,1.357231139718724
2010-04-09,1.195088598881787,1.3616230610113285
2010-04-12,1.204593465605053,1.367402922950757
2010-04-13,1.1937351464222967,1.3563841339558869
2010-04-14,1.1948220181626794,1.3616911822538489
2010-04-15,1.204024176054338,1.3700630930746176
2010-04-16,1.1838084681259475,1.3492079052229116
2010-04-19,1.1589201106758478,1.3257034656346471
2010-04-20,1.1576173608414222,1.3247203360648918
2010-04-21,1.1835412977107986,1.3477338042588929
2010-04-22,1.1788546174222112,1.3306034479712068
2010-04-23,1.18058152596746,1.3263950030565408
2010-04-26,1.207162380580489,1.3569382421115104
2010-04-27,1.2176492568963533,1.362634198618078
2010-04-28,1.1892223416476686,1.3276503802401323
2010-04-30,1.1996023365668542,1.343766038577383
2010-05-06,1.1517744939249386,1.2998087299739012
2010-05-07,1.1171024351472274,1.2595712684532792
2010-05-10,1.133798010042131,1.2797580611170492
2010-05-11,1.125291750253553,1.2652234327325123
2010-05-12,1.1305436687926227,1.263149057823078
2010-05-13,1.164927361850795,1.2906771604887186
2010-05-14,1.1471657724283268,1.2714711238322467
2010-05-17,1.1113535137578618,1.2439150131296117
2010-05-18,1.0959629767005932,1.244751100505146
2010-05-19,1.091893380026115,1.237969951243165
2010-05-20,1.0630824048582534,1.2189473909646313
2010-05-21,1.0444904354637259,1.1890799051412149
2010-05-24,1.0469498501980588,1.1859032478266758
2010-05-25,0.9995708668495455,1.1496263126220696
2010-05-26,1.0016080822577986,1.1572545863250105
2010-05-27,1.0245250191540034,1.171480414233871
2010-05-28,1.0428801492413686,1.1864598482228796
2010-05-31,1.0486914116003414,1.1871549459884587
2010-06-01,1.0303312970625815,1.1802437255038256
2010-06-02,1.0167823457193825,1.167047192954512
2010-06-03,1.0595031183303303,1.2048358500880831
2010-06-04,1.0654606328929142,1.2032560069165978
2010-06-07,1.0165643611620576,1.157028504500966
2010-06-08,1.0183428983117706,1.159111542913369
2010-06-09,1.003479321329638,1.147103453086355
2010-06-10,1.0204311600675464,1.159683927499913
2010-06-11,1.0344891715442561,1.1794440723120088
2010-06-14,1.063965885229666,1.200662533897783
2010-06-15,1.068339083497168,1.2016396108832725
2010-06-16,1.0831272626651913,1.2234245231494478
2010-06-17,1.0688504682658977,1.215191109698054
2010-06-18,1.0682238735904357,1.2146587196389134
2010-06-21,1.1064210170577842,1.244188447524676
2010-06-22,1.0880913288848337,1.2289830503897459
2010-06-23,1.0625275951784543,1.2059915376484738
2010-06-24,1.0652892561541747,1.2065553774101718
2010-06-25,1.0386545481090468,1.1833609250788126
2010-06-28,1.025656526721649,1.1780696609711905
2010-06-29,1.0119503947247948,1.1630890402009533
2010-06-30,0.9927979447136716,1.1402383983915136
2010-07-01,0.9715547693759949,1.1170219906074257
2010-07-02,0.9734112130127042,1.1184937180089873
2010-07-05,0.9820897619991801,1.1261584258956459
2010-07-06,0.992280366880875,1.134818368520591
2010-07-07,0.9771875423450316,1.1277224848767908
2010-07-08,0.9951517129845572,1.1588441611025704
2010-07-09,0.9966667647766699,1.1648694494000689
2010-07-12,0.9880753953616226,1.1603474568848122
2010-07-13,0.9807905310230747,1.1590252639180516
2010-07-14,1.0033146225821679,1.1903802613333696
2010-07-15,0.9919790177936899,1.1770476049771381
2010-07-16,0.9645541126882002,1.1433641427913468
2010-07-21,0.945562736356568,1.1276227952535902
2010-07-22,0.9339250752295051,1.120580316765076
2010-07-23,0.9497477965186037,1.1461105919105257
2010-07-26,0.9588928915982238,1.1549455847666865
2010-07-27,0.9595844233919921,1.1541179235378751
2010-07-28,0.9839635636792075,1.1852797129691808
2010-07-29,0.9820535793232287,1.1783223266947558
2010-07-30,0.9570736238596663,1.1590336900647746
2010-08-02,0.9549131226329548,1.1630452479736195
2010-08-03,0.9675868614979192,1.1780780871179142
2010-08-04,0.9478810907178634,1.1532052887730977
2010-08-05,0.9645373214626692,1.1732061128183495
2010-08-06,0.9671887765273669,1.171772125059857
2010-08-09,0.9581582450678028,1.1633102562219617
2010-08-10,0.950513316367522,1.1607046780346153
2010-08-11,0.9229276612038436,1.12932653838534
2010-08-12,0.9146012300319563,1.1195728581801359
2010-08-13,0.9256311402329286,1.1245396562998644
2010-08-16,0.9203277059816213,1.1176381674213056
2010-08-17,0.9114767507948389,1.113385930279305
2010-08-18,0.9239112930002988,1.1229695447344537
2010-08-19,0.9294460390740588,1.1378127362384214
2010-08-20,0.9104294383734867,1.1155369712561056
2010-08-23,0.9024361588769713,1.1079185478373619
2010-08-24,0.8917307459068541,1.0931469192414776
2010-08-25,0.8800583308605384,1.074948341169947
2010-08-26,0.8801334363844432,1.0823724885015722
2010-08-27,0.8899093165663267,1.092651082044177
2010-08-30,0.9030643656284552,1.1118765819127978
2010-08-31,0.8733197859354812,1.0723561736104836
2010-09-01,0.8822930479641261,1.084868526781521
2010-09-02,0.8916689672747784,1.1013742801086057
2010-09-03,0.8948226775327932,1.1076073737992285
2010-09-06,0.9054840173087972,1.1303559524230105
2010-09-07,0.8957299526881585,1.1212025461632218
2010-09-08,0.884023278184512,1.0967270821737336
2010-09-09,0.8899494637276728,1.1056945198150037
2010-09-10,0.8975241818078029,1.122803039328084
2010-09-13,0.9025429854622824,1.1328472435780443
2010-09-14,0.9056465110291864,1.1301115941680455
2010-09-16,0.9205782336944475,1.1556552799413782
2010-09-17,0.9317060628863053,1.169824023673144
2010-09-21,0.9253805432275127,1.166909882366367
2010-09-22,0.9217959483266484,1.1625604478417457
2010-09-24,0.9128501006841945,1.1510579268181067
2010-09-27,0.924500165081957,1.1670349691078592
2010-09-28,0.924069156312605,1.1539854787527668
2010-09-29,0.9343402339926719,1.1617170024225942
2010-09-30,0.9178363732802692,1.1386233078175414
2010-10-01,0.9215083297435724,1.1428622530097818
2010-10-04,0.9201858513195859,1.140046377188731
2010-10-05,0.9252499838030193,1.1567805859023172
2010-10-06,0.9332032484129115,1.1777645395173242
2010-10-07,0.9265237900357082,1.1769600205224702
2010-10-08,0.9173406732641416,1.1653020311578872
2010-10-12,0.8983995918820267,1.1409675567783544
2010-10-13,0.9050961474493051,1.1427746685551126
2010-10-14,0.9220927085392316,1.1646494201602915
2010-10-15,0.9127781668751178,1.1545311607616677
2010-10-18,0.9123332347955376,1.1543173027842777
2010-10-19,0.9161139802358824,1.159295019291309
2010-10-20,0.8995744362279625,1.1401120061906713
2010-10-21,0.8975611239302442,1.1394898954706498
2010-10-22,0.9047317546448702,1.1455941047198488
2010-10-25,0.8979178376465786,1.142489128991516
2010-10-26,0.894933055079729,1.1395991980218019
2010-10-27,0.899918188341917,1.1407719752318841
2010-10-28,0.898186810852372,1.1382199208779467
2010-10-29,0.8927478292541682,1.1183406232305015
2010-11-01,0.8886077487380678,1.112540111297696
2010-11-02,0.8876069491602028,1.1131794303455318
2010-11-04,0.9011976311246634,1.1373388544938492
2010-11-05,0.9242769377084992,1.169811918504612
2010-11-08,0.9373438325704913,1.1828066982450671
2010-11-09,0.9367248892794763,1.1781364767543607
2010-11-10,0.9463893128865927,1.194667627199737
2010-11-11,0.9456878222454232,1.1984277061662456
2010-11-12,0.9300695941273334,1.1818210764347317
2010-11-15,0.9354559837597053,1.1943018612250889
2010-11-16,0.9324103021782495,1.190606224479292
2010-11-17,0.9309066819389122,1.192375715291104
2010-11-18,0.946517499013312,1.2169203686262184
2010-11-19,0.942784458274748,1.2179849113882544
2010-11-22,0.9518744820176279,1.2292626560472004
2010-11-24,0.9477057694216846,1.2189231806275693
2010-11-25,0.9549896193732134,1.2249568950717908
2010-11-26,0.9480386914436553,1.220071510144343
2010-11-29,0.954555762059789,1.2305751174078863
2010-11-30,0.9382839012443799,1.2076126808067142
2010-12-01,0.9459681056095307,1.213811713876077
2010-12-02,0.9616210483462975,1.2357435496583504
2010-12-03,0.9638817921922853,1.2369346032993531
2010-12-06,0.9642660607416664,1.235586894536178
2010-12-07,0.9624184327792785,1.2324113053247447
2010-12-08,0.9719467357266799,1.243498215562135
2010-12-09,0.9740125331775733,1.2500059304290512
2010-12-10,0.961669056131881,1.2410215218162124
2010-12-13,0.9662549762630758,1.2509793283927322
2010-12-14,0.9689053031307926,1.2537598381331714
2010-12-15,0.9695699086464568,1.252910458807877
2010-12-16,0.9736934017768459,1.2530939351858155
2010-12-17,0.970860340966085,1.2521873530053034
2010-12-20,0.9619189057943135,1.2415635248033048
2010-12-21,0.9711463035233543,1.2602931874746248
2010-12-22,0.9734529510932195,1.2573705013430019
2010-12-24,0.9666009610782267,1.2491929852874741
2010-12-27,0.9709618869976373,1.2585261889033925
2010-12-28,0.9685057753957628,1.2508262336142453
2010-12-29,0.9771444036775241,1.257134687912883
2010-12-30,0.9664625558772135,1.2430837915571151
2011-01-04,0.9880239293732874,1.2636435895610276
2011-01-05,0.9912642219979071,1.2615375275927903
2011-01-06,1.0091815337066987,1.2796437740847375
2011-01-07,1.00926148292408,1.2810146250818697
2011-01-11,1.0130840875503269,1.2773250409203387
2011-01-12,1.0129452514335777,1.2775826911250634
2011-01-13,1.02490075537951,1.2869353579531304
2011-01-14,1.0109886925176435,1.2759105163739948
2011-01-17,1.0089120061558428,1.276374785190615
2011-01-18,1.0208819465726284,1.2783338049646313
2011-01-19,1.0332387252711033,1.2829662868122689
2011-01-20,1.0138968734851106,1.2684086348718975
2011-01-21,0.987468940466995,1.2486253478258444
2011-01-24,0.9956097042813107,1.257203995936632
2011-01-25,1.0097348385787035,1.2717032582405572
2011-01-26,0.9995748077247283,1.2641054848151907
2011-01-27,1.0099124051068655,1.273433822628072
2011-01-28,1.0018141091340464,1.2590547812626018
2011-01-31,0.9840992219040332,1.244177529137374
2011-02-01,0.991883171847661,1.2486229742633874
2011-02-02,1.0145626848687792,1.2708453340904171
2011-02-03,1.019376434528797,1.2676856477474467
2011-02-04,1.0286199179717486,1.281315948835806
2011-02-07,1.0418594068190667,1.2872124713700035
2011-02-08,1.0390871661625367,1.2925523935079974
2011-02-09,1.0203549716211604,1.2903466419165595
2011-02-10,1.0218075224200038,1.288866488368275
2011-02-14,1.0321870332574876,1.303436245477178
2011-02-15,1.0509270589346338,1.3060040840214555
2011-02-16,1.0523278491519459,1.3134925548956697
2011-02-17,1.04504625309006,1.3169377808022364
2011-02-18,1.0410179391985286,1.3176864024012245
2011-02-21,1.0327537533220603,1.319476543206414
2011-02-22,1.0071671974021252,1.2960425984231272
2011-02-23,0.9971929677078901,1.2856398675640128
2011-02-24,0.9763519082791228,1.2702801888693673
2011-02-25,0.9876173274169154,1.2792791948913178
2011-02-28,1.0072883715864418,1.291107368684079
2011-03-01,1.022588978655929,1.3068985610334363
2011-03-02,0.9941254694321465,1.2751011315761036
2011-03-03,1.0054946350800844,1.2864808207425846
2011-03-04,1.01546670933251,1.2995619981564803
2011-03-07,0.9954777615645157,1.2766371825202543
2011-03-08,0.9964321085838855,1.2790884791478854
2011-03-09,0.9948814416580124,1.2869037895724507
2011-03-10,0.9710146161284291,1.268052600503324
2011-03-11,0.9524312833276491,1.2461839014824108
2011-03-14,0.868760123818136,1.169143523316676
2011-03-15,0.7729535779876602,1.0457529295562742
2011-03-16,0.8218395590444287,1.1051270010314964
2011-03-17,0.8125220872601289,1.0892009903345727
2011-03-18,0.8334382323552293,1.1188631630054449
2011-03-22,0.8701034460617185,1.1676645565496202
2011-03-23,0.8612342503246311,1.1483600170511763
2011-03-24,0.8718873424210443,1.1466027500860185
2011-03-25,0.8733697867694402,1.1588915136735916
2011-03-28,0.867388701400567,1.1518916406311834
2011-03-30,0.8930799975606996,1.1823003922445074
2011-03-31,0.8950779763462589,1.1879397997221492
2011-04-01,0.9012548156923802,1.1822516341612568
2011-04-04,0.9049153082562724,1.1835302851639686
2011-04-05,0.8842313132861159,1.170945942799108
2011-04-06,0.8672479315290166,1.1671489962575727
2011-04-07,0.8645707431673929,1.1679477963678049
2011-04-08,0.8746800543677263,1.1895205129967072
2011-04-11,0.8695970573293071,1.1836289905520128
2011-04-12,0.8497713654514507,1.1636040457609356
2011-04-13,0.852524166816078,1.1740670547379262
2011-04-14,0.8565264103309411,1.1756185131625339
2011-04-15,0.8508099002638464,1.1680196253489838
2011-04-18,0.8454526180702893,1.163773390908616
2011-04-19,0.834113219170095,1.1496936024538091
2011-04-20,0.8472028540036927,1.1698828976620876
2011-04-21,0.8506489460994795,1.1794970403018985
2011-04-22,0.855701426295393,1.179063569049584
2011-04-25,0.8568261212857412,1.1778153621183651
2011-04-26,0.8521612676993712,1.1640218192888863
2011-04-27,0.8578260150687059,1.1802362604128414
2011-04-28,0.864495105081007,1.1994647835367718
2011-05-02,0.8777423057462282,1.2182743439112087
2011-05-06,0.8610631103745632,1.200616782445186
2011-05-09,0.8544149863389341,1.1927232055333548
2011-05-10,0.8606015243845939,1.1956920971147074
2011-05-11,0.8505031022833304,1.2012329181264592
2011-05-12,0.8490979657256115,1.183257596664227
2011-05-13,0.8406008372807974,1.1749913177209133
2011-05-16,0.8278930037510758,1.1639742504271782
2011-05-17,0.8279697309553895,1.1650361063426558
2011-05-18,0.8431896930007456,1.1766122266836148
2011-05-19,0.8347616939216395,1.1715877656657037
2011-05-20,0.8283273395555539,1.1699145309551235
2011-05-23,0.8108442481001737,1.15208037009001
2011-05-24,0.811166217559918,1.1540945546168826
2011-05-25,0.8030685975609312,1.1474833152945456
2011-05-26,0.8146023970610655,1.164430911499576
2011-05-27,0.8183022389858084,1.1595465407793948
2011-05-30,0.8209995509937187,1.1574799115824892
2011-05-31,0.8374240416242373,1.1804664937035088
2011-06-01,0.8403905353929773,1.1836180497138205
2011-06-02,0.8243320282420901,1.1635772882762254
2011-06-03,0.8134688422851235,1.1559260747147966
2011-06-06,0.8071813976013374,1.1423041365539295
2011-06-07,0.819104035555176,1.1499274034091047
2011-06-08,0.8253370674932811,1.150720138489469
2011-06-09,0.8292136483339281,1.1528744133140716
2011-06-10,0.8348391385898579,1.1586332186346004
2011-06-13,0.8314635816626185,1.1505679181320032
2011-06-14,0.8365624642658259,1.1626944102029242
2011-06-15,0.8396817563111146,1.1659251683679797
2011-06-16,0.8239370778632438,1.1460707579461258
2011-06-17,0.8149283041334057,1.1387788082127468
2011-06-20,0.8144189125444657,1.1391343854540144
2011-06-21,0.8264365709458533,1.1519622803908203
2011-06-22,0.8443991996464011,1.1726361833777494
2011-06-23,0.8362053105617208,1.1686553831857125
2011-06-24,0.8421048066812962,1.1786373520486808
2011-06-27,0.832753834625751,1.1664109653681731
2011-06-28,0.8361180676373217,1.1750170049062365
2011-06-29,0.8429140153227394,1.1930739069662981
2011-06-30,0.8454735221585266,1.1953669639449338
2011-07-01,0.8503901709826721,1.201696952372422
2011-07-04,0.8537303446372146,1.2135116305548463
2011-07-05,0.8528807115158568,1.2144091360531228
2011-07-06,0.8641012164240465,1.2278070248753452
2011-07-07,0.8655411594949571,1.2264259818978067
2011-07-08,0.866604945518515,1.2345351646753295
2011-07-11,0.8589157118266859,1.2262299981875693
2011-07-12,0.8432745783487451,1.208741662947073
2011-07-13,0.8488675526473056,1.213274143012769
2011-07-14,0.8446000949853952,1.2099838048484242
2011-07-15,0.8544083264607849,1.2146538778466105
2011-07-19,0.8538949545636029,1.2043333376104353
2011-07-20,0.8614391523016903,1.2184813873817932
2011-07-21,0.8599178004059592,1.2190280725249727
2011-07-22,0.8677059808272136,1.2338507676775048
2011-07-25,0.8650010153318435,1.2238528632458643
2011-07-26,0.868544406646749,1.2296628050927292
2011-07-27,0.8600701975679278,1.2235095349864864
2011-07-28,0.8486148200867932,1.2057495815456374
2011-07-29,0.8395673534789622,1.1974299065550564
2011-08-01,0.8552717509509692,1.213501878938196
2011-08-02,0.8458309391993281,1.1988375880951516
2011-08-03,0.8273044135380927,1.1735750737857114
2011-08-04,0.8268446827906394,1.176259027885433
2011-08-05,0.7977773496552992,1.1325048321199198
2011-08-08,0.7826556825916184,1.1078670158868602
2011-08-09,0.7701933057539179,1.0892256114385612
2011-08-10,0.7795351470549358,1.1007042156130187
2011-08-11,0.7893991071345026,1.0937873463542076
2011-08-12,0.7844575748792915,1.0915684967998363
2011-08-15,0.7928942932297448,1.1065092816515587
2011-08-16,0.797563222032346,1.109068962100068
2011-08-17,0.7990765397675663,1.1029594553465965
2011-08-18,0.7966705736691833,1.0891378468887098
2011-08-19,0.7750728093586216,1.0617966922447826
2011-08-22,0.7647030371413589,1.0507016120178463
2011-08-23,0.7765675005383571,1.0634734946199909
2011-08-24,0.7734690323319624,1.0520996608634454
2011-08-25,0.7765699810180907,1.0682654628263042
2011-08-26,0.7809775666011703,1.0713610065019545
2011-08-29,0.7912785708308777,1.0778844812744401
2011-08-30,0.8028177390342506,1.0903727345386505
2011-08-31,0.7919895211657085,1.090531019925984
2011-09-01,0.7946791407856594,1.1033905481558255
2011-09-02,0.7911235038944552,1.0899879024474324
2011-09-05,0.7924008422425594,1.0697389083177105
2011-09-06,0.7820803951614794,1.0461277470424646
2011-09-07,0.7854788043001252,1.0671755412824189
2011-09-08,0.7926859019178507,1.0707935099817778
2011-09-09,0.7949970325787347,1.0640398019186252
2011-09-12,0.7773354954565609,1.039442181373709
2011-09-13,0.7771504962289365,1.0492914331125118
2011-09-14,0.7687780550544796,1.0373598544524396
2011-09-15,0.7806371697336676,1.0556616172281432
2011-09-16,0.7901097687251092,1.0794445020941552
2011-09-20,0.780635198860323,1.0620402448167279
2011-09-21,0.7817920786584287,1.0644660189195292
2011-09-22,0.7755933621544012,1.0424366412182298
2011-09-26,0.7668733836265853,1.019770435380814
2011-09-27,0.7848787772626264,1.0484877571939546
2011-09-28,0.7955335368568888,1.049181905808429
2011-09-29,0.8048726225528856,1.0596035298757338
2011-09-30,0.8062692891744667,1.0594890078411716
2011-10-03,0.8030364302270031,1.040636873335506
2011-10-04,0.7982040870685908,1.0297549016090217
2011-10-05,0.7988289233267681,1.0208482268649637
2011-10-06,0.801484278219861,1.0377798875013218
2011-10-07,0.7911057027084305,1.0479604563619211
2011-10-11,0.799320505846981,1.0684261266567234
2011-10-12,0.789730111021654,1.0641908330545484
2011-10-13,0.7862556854492679,1.074462615207473
2011-10-14,0.7798584311091573,1.065294073879712
2011-10-17,0.7887911476654766,1.0813246613531657
2011-10-18,0.7756463469018584,1.064557351134009
2011-10-19,0.7836138068463507,1.0682873445026901
2011-10-20,0.7861782774102705,1.057280028825605
2011-10-21,0.7791902262810462,1.0568829477524972
2011-10-24,0.7855351677785204,1.0769870946983182
2011-10-25,0.7731328254604924,1.0670415160145565
2011-10-26,0.7675744105079327,1.0653561512442409
2011-10-27,0.7722222995979567,1.0870408925424657
2011-10-28,0.7816539043916949,1.102132589607957
2011-10-31,0.7821764444884193,1.0945727082610077
2011-11-01,0.7740288037329099,1.0759567531537224
2011-11-02,0.7624476599968855,1.0521982473293359
2011-11-04,0.7744686901189088,1.0718018509278342
2011-11-07,0.7757649984556455,1.067623639959709
2011-11-08,0.7731355075281616,1.0540358324571173
2011-11-09,0.7871927087489003,1.066205017581421
2011-11-10,0.7701402600312679,1.0351958280111873
2011-11-11,0.7740203171777532,1.03686050032666
2011-11-14,0.7799886849464749,1.0477266554066265
2011-11-15,0.7745378797276902,1.0402044723825807
2011-11-16,0.7679965912597077,1.0306122114191556
2011-11-17,0.7705617877297943,1.0326178335509206
2011-11-18,0.7661780420926847,1.0198654541820764
2011-11-21,0.7696071789098193,1.0166212578135885
2011-11-22,0.7619721975318217,1.0125381845688792
2011-11-24,0.748451781569215,0.9943253161034925
2011-11-25,0.7426166598022439,0.9936956827577096
2011-11-28,0.7428977742425354,1.0092197807761267
2011-11-29,0.747647829082251,1.0323974707990582
2011-11-30,0.7517589829646384,1.0271355222390697
2011-12-01,0.7580989575429729,1.0469569912241907
2011-12-02,0.7622864987013659,1.0526037718753973
2011-12-05,0.7692343570410832,1.0589642043743785
2011-12-06,0.7586074301577518,1.0442511554480833
2011-12-07,0.7668123987863259,1.0621534587075938
2011-12-08,0.7668143901912212,1.0551403814259783
2011-12-09,0.7585195004311573,1.0395383893965142
2011-12-12,0.7686098090423858,1.0538300971302303
2011-12-13,0.7602957231394881,1.0415293841033038
2011-12-14,0.7565922635619681,1.037427996846837
2011-12-15,0.7561020425293987,1.0201650190886824
2011-12-16,0.755488890375309,1.0231302240832527
2011-12-19,0.7510718083921069,1.0102706958534111
2011-12-20,0.7546722523646078,1.0151856295672395
2011-12-21,0.7622407331420896,1.0302250008848517
2011-12-22,0.7582886277794811,1.0223314239730203
2011-12-26,0.762722227303308,1.0325825136711018
2011-12-27,0.7585966001002764,1.0278599960028822
2011-12-28,0.755066915147885,1.0257971723149133
2011-12-29,0.7547181987408621,1.0227855876801777
2011-12-30,0.7572456880584347,1.0296610720293027
2012-01-04,0.7640485106308852,1.0424184461286263
2012-01-05,0.7615416161108925,1.0337235717413231
2012-01-06,0.7537602657954042,1.0217456134410856
2012-01-10,0.7545862071129507,1.025631513754015
2012-01-11,0.7568234527184238,1.0287514364712909
2012-01-12,0.7505081717208945,1.0211659868611733
2012-01-13,0.7546124418907759,1.0351008092099252
2012-01-16,0.7476753333975946,1.020285606153112
2012-01-17,0.7572851027472507,1.0310067951270232
2012-01-18,0.7573383012417971,1.0412578848251046
2012-01-19,0.7509037636141512,1.052108104336399
2012-01-20,0.7489494005900016,1.067534805110469
2012-01-23,0.7461501086044614,1.0674787927758076
2012-01-24,0.7511002698749045,1.0698448679571653
2012-01-25,0.750843203571291,1.0818228262574026
2012-01-26,0.750877624630044,1.07765555612747
2012-01-27,0.751708532904446,1.0766509017681964
2012-01-30,0.7523674670166015,1.0707849475866702
2012-01-31,0.7558640153049369,1.0719369464950845
2012-02-01,0.7593826658058458,1.072823511155168
2012-02-02,0.7589178901604685,1.0809862089021127
2012-02-03,0.7540471941892484,1.0755195953146253
2012-02-06,0.7582851362674292,1.0873648364906974
2012-02-07,0.754004762569293,1.0859424086034728
2012-02-08,0.7568517821099856,1.0978850470238921
2012-02-09,0.7551846512299509,1.09625938117502
2012-02-10,0.7454752124592373,1.0895531230514213
2012-02-13,0.7498478691168151,1.0958866791435375
2012-02-14,0.7571868512462229,1.1023275030188056
2012-02-15,0.7659201703286582,1.1276897930156784
2012-02-16,0.7620559975047594,1.1249814598743315
2012-02-17,0.7746953747908393,1.1427693600214341
2012-02-20,0.7785113214119794,1.1550590132880136
2012-02-21,0.7731084367673803,1.1523713726015097
2012-02-22,0.7811450205769358,1.1634506361819281
2012-02-23,0.7901487939063011,1.1685129144448974
2012-02-24,0.7939903254965219,1.1748220914953882
2012-02-27,0.7968633320023675,1.1731841766646263
2012-02-28,0.798584887272989,1.1839723188113915
2012-02-29,0.7963823423231894,1.184060083361243
2012-03-01,0.7905372083321028,1.1821274794321996
2012-03-02,0.7958714294750676,1.1906104345405935
2012-03-05,0.7832171440191571,1.1810582503431573
2012-03-06,0.7749130585934901,1.1736347727071557
2012-03-07,0.7745525431567701,1.1661369687247352
2012-03-08,0.7920179899299393,1.1896276618577053
2012-03-09,0.8072760789073413,1.2092068864145782
2012-03-12,0.8040780809794373,1.2043504624006507
2012-03-13,0.8021432779343478,1.2054732064591145
2012-03-14,0.823135818932416,1.223914940610394
2012-03-15,0.8253585539157976,1.2327754735585954
2012-03-16,0.8285106399157299,1.233573084447285
2012-03-19,0.8336332267845813,1.235053903112256
2012-03-21,0.8220074123776149,1.2282953192407784
2012-03-22,0.825394718942217,1.2332381996608603
2012-03-23,0.8089755056482962,1.219159600427596
2012-03-26,0.8104957065005517,1.2199840877231505
2012-03-27,0.8296210860840366,1.2488341266604566
2012-03-28,0.8396071606208277,1.239995594310795
2012-03-30,0.8361395785322145,1.2361669786392184
2012-04-02,0.8419957974065074,1.239392449665598
2012-04-03,0.8369456586871741,1.2321006009062363
2012-04-04,0.8138273173536987,1.2038554018199517
2012-04-05,0.8102464877871709,1.1974340303760382
2012-04-06,0.8009690290148614,1.1877296030358884
2012-04-09,0.7877802350557448,1.170298148138185
2012-04-10,0.7865447065192193,1.1692879586748715
2012-04-11,0.7802632541464429,1.159568925608895
2012-04-12,0.7855469162374811,1.1676661245128062
2012-04-13,0.7930250188495409,1.1815435992720975
2012-04-16,0.7688869667374248,1.1610277024055853
2012-04-17,0.7658144223207526,1.1603007682480553
2012-04-18,0.79189498284968,1.185131819062857
2012-04-19,0.7915171606400486,1.1754617510941188
2012-04-20,0.7943727775531422,1.1721493640271652
2012-04-23,0.789074027699891,1.169796764697517
2012-04-24,0.7831856992955848,1.1607090102568132
2012-04-25,0.7907144534700374,1.1721063848831346
2012-04-26,0.7920865263870015,1.1722069488970221
2012-04-27,0.7900614659793015,1.1671879665705835
2012-05-01,0.770646403805439,1.146354694465005
2012-05-02,0.7745684909659546,1.1499466255467532
2012-05-07,0.7486634369490897,1.1179365013310207
2012-05-08,0.758362710012227,1.1255998383464456
2012-05-09,0.7457111175390639,1.1088548525625888
2012-05-10,0.7450788773188571,1.1045139590155064
2012-05-11,0.7432891173238635,1.0976070070473931
2012-05-14,0.7375649572333198,1.1001238609330577
2012-05-15,0.7270111942986465,1.0911624101050343
2012-05-16,0.7171054108280821,1.0789558543241105
2012-05-17,0.7322954182730614,1.0882017576485588
2012-05-18,0.7025760921453799,1.055680433028898
2012-05-21,0.7017879345072671,1.0584485772302172
2012-05-22,0.7150221431764732,1.0701439326072124
2012-05-23,0.6976770824033357,1.048973411897918
2012-05-24,0.6951354505565588,1.0498046213603243
2012-05-25,0.6951378298015491,1.0518898880197214
2012-05-28,0.694086022318963,1.0534542570309937
2012-05-29,0.7009057233367384,1.0612915458466312
2012-05-30,0.6995461560004838,1.0583628583802842
2012-05-31,0.6936852598974511,1.0472731617488331
2012-06-01,0.6861856770126019,1.0347098431567368
2012-06-04,0.6699740173980655,1.0169805272274235
2012-06-05,0.6749690629735192,1.0275688404182066
2012-06-06,0.6866815601650517,1.0461452884454585
2012-06-07,0.6992690327810512,1.0591633000432037
2012-06-08,0.6884286949587093,1.037040294459517
2012-06-11,0.700926031390556,1.057346563244699
2012-06-12,0.6977553986732081,1.0465362909089784
2012-06-13,0.7012885926799695,1.0528032247601358
2012-06-14,0.7002868239241024,1.0504800763202689
2012-06-15,0.6982452341710739,1.0505328724275598
2012-06-18,0.7188519990460333,1.06913003185291
2012-06-19,0.7114410856933553,1.0611432139261467
2012-06-20,0.7215748554269578,1.0729659503873998
2012-06-21,0.724724667960319,1.081763266378471
2012-06-22,0.7196822304376977,1.0786101056668393
2012-06-25,0.712563803112442,1.070797359259353
2012-06-26,0.7022710110006545,1.0621386779445696
2012-06-27,0.7097571765653035,1.0702910673370547
2012-06-28,0.7219523561988899,1.0878977909446765
2012-06-29,0.7311183606201497,1.1041621046859635
2012-07-02,0.7304810724673472,1.1037575739681944
2012-07-03,0.7387965376184386,1.1114942987699443
2012-07-04,0.7422878123981737,1.1161013277966363
2012-07-05,0.7363566454589955,1.1131137385507266
2012-07-06,0.732319631199431,1.1058746858986561
2012-07-09,0.7197657835380483,1.0906891606444415
2012-07-10,0.7098009412750861,1.0858897430816576
2012-07-11,0.706318977191614,1.0850646392915229
2012-07-12,0.702255924453526,1.069006242340577
2012-07-13,0.7045648956728121,1.0695101398815923
2012-07-17,0.7099898320245364,1.0732957764091382
2012-07-18,0.7102029823674229,1.0698313461307116
2012-07-19,0.7135077643148472,1.078266871109916
2012-07-20,0.7077167408402671,1.0628595064298278
2012-07-23,0.6893517806472453,1.0430547408043778
2012-07-24,0.6859015455907721,1.0405746406714078
2012-07-25,0.6803909726813742,1.0255951519265987
2012-07-26,0.682236978224433,1.0350591833859317
2012-07-27,0.6885466992083208,1.050204243596463
2012-07-30,0.6968846239440568,1.05863869110409
2012-07-31,0.7001746018154724,1.065947539970561
2012-08-01,0.6987502326900508,1.0594244073221184
2012-08-02,0.6970674887524694,1.0608133879044084
2012-08-03,0.6879604703524657,1.048790840325086
2012-08-06,0.7015364965701404,1.0697761556421375
2012-08-07,0.7062729010879782,1.0792181587936664
2012-08-08,0.713513820167786,1.0887620428687887
2012-08-09,0.7076152066916844,1.1007073716517333
2012-08-10,0.7032638827657669,1.0900223254571155
2012-08-13,0.7007198609575552,1.0892512149649134
2012-08-14,0.7067893135429041,1.0947347072602611
2012-08-15,0.7070297900520642,1.0941413795783246
2012-08-16,0.7110163358626568,1.114702530251086
2012-08-17,0.7090564995306565,1.1232521474984272
2012-08-20,0.7104019034842814,1.124313816159326
2012-08-21,0.7109776740361375,1.1225680727658636
2012-08-22,0.7093235230630851,1.119481236415772
2012-08-23,0.715267243985133,1.1251670539295364
2012-08-24,0.7113718124255468,1.1120054991738733
2012-08-27,0.7143890248979462,1.1137990104739324
2012-08-28,0.7111596800999705,1.1074119984014306
2012-08-29,0.7134192650140745,1.1118890125244536
2012-08-30,0.7094030460823988,1.1013424812870594
2012-08-31,0.702269360592471,1.0837051095990147
2012-09-03,0.699664428743754,1.076837425483943
2012-09-04,0.6938516406135301,1.0758101161944558
2012-09-05,0.6957492238998433,1.0640793239744715
2012-09-06,0.6916153220850827,1.06417126821574
2012-09-07,0.6960911571986762,1.0875962186220782
2012-09-10,0.6952409254537678,1.0873166746072835
2012-09-11,0.6931912194777315,1.0797171478530516
2012-09-12,0.7064554434123512,1.098422293874267
2012-09-13,0.7081568031942894,1.1027363703509794
2012-09-14,0.714447372708841,1.1228708422791036
2012-09-18,0.7078373264863823,1.1185040894141645
2012-09-19,0.7101625364340174,1.1317980534547796
2012-09-20,0.700369046778805,1.1139940328294355
2012-09-21,0.7050849673680364,1.1168160506096232
2012-09-24,0.7072530731454246,1.1118253219823246
2012-09-25,0.7127241731308115,1.1145530011399607
2012-09-26,0.712733753699914,1.0918930555535529
2012-09-27,0.7175598146518063,1.09718535650345
2012-09-28,0.7143642668982388,1.0874135273301826
2012-10-01,0.7063057156319223,1.0783845549499775
2012-10-02,0.7067112743813145,1.077102244053847
2012-10-03,0.7046322040740285,1.0722991152000743
2012-10-04,0.7082940414662042,1.0818269569206
2012-10-05,0.7105565669577413,1.0865725009045157
2012-10-09,0.7083461850818802,1.0750843792275673
2012-10-10,0.6910170863286009,1.0538318509593287
2012-10-11,0.6825460572756203,1.0477696367078708
2012-10-12,0.6853878511266862,1.046217598760206
2012-10-15,0.6828716503337081,1.0515883156971229
2012-10-16,0.688149243551758,1.0667137419811332
2012-10-17,0.6930946177746006,1.079615386648523
2012-10-18,0.7011614752848743,1.1012297059286285
2012-10-19,0.6960660445757741,1.1036594043355905
2012-10-22,0.6971089701368685,1.1046438542001111
2012-10-23,0.6988276356578735,1.1050778358076616
2012-10-24,0.6952783451483753,1.097728402178443
2012-10-25,0.7031539157281343,1.1100980153247417
2012-10-26,0.6947417855998128,1.0951245125331401
2012-10-29,0.6978605514022042,1.0946685026177858
2012-10-30,0.6924649462257726,1.083958914015017
2012-10-31,0.6951218005620187,1.0945398046238226
2012-11-01,0.6977422486880105,1.0968175795383759
2012-11-02,0.7082503547432987,1.109610040419259
2012-11-05,0.7047071846332701,1.104243034773331
2012-11-06,0.699137107462437,1.1002845239171497
2012-11-07,0.6899167112445317,1.100007374283638
2012-11-08,0.6793718845718595,1.0833667835237217
2012-11-09,0.6699650785276814,1.0736144685579112
2012-11-12,0.6595765975168466,1.0636649762934425
2012-11-13,0.6552926816695618,1.0617782038424093
2012-11-14,0.6600501046015161,1.0622294249951978
2012-11-15,0.6756225163141493,1.0824558411645906
2012-11-16,0.6921724409540739,1.1062927448706754
2012-11-19,0.7018663403097892,1.12211206285051
2012-11-20,0.6986886142142328,1.1208174208907715
2012-11-21,0.6995886576694967,1.1306100811812012
2012-11-22,0.7108628436653915,1.1482977348761896
2012-11-26,0.7113873323708562,1.1510120054986406
2012-11-27,0.7118987020602612,1.1552242010517595
2012-11-28,0.7019318732359797,1.141132189729508
2012-11-29,0.708237549063363,1.1524756907769609
2012-11-30,0.7109375397121839,1.158008267888611
2012-12-03,0.7141127109877249,1.1595002068660716
2012-12-04,0.7136281151898262,1.156347165873504
2012-12-05,0.7124239875651172,1.1608070601703535
2012-12-06,0.7153347252864233,1.17016334447195
2012-12-07,0.714450604678774,1.1679848166615785
2012-12-10,0.7105496930953491,1.1687645469263996
2012-12-11,0.7073669174791002,1.1677311319646408
2012-12-12,0.7103519265088852,1.1746134218055388
2012-12-13,0.7211171342296705,1.1943839477786415
2012-12-14,0.7223828645697619,1.1937500353339574
2012-12-17,0.7358317226635772,1.2049452044609263
2012-12-18,0.7503324661873999,1.2164848053354602
2012-12-19,0.7741612154599504,1.245587073202008
2012-12-20,0.7687939588442686,1.2307447825047169
2012-12-21,0.7642628499734114,1.2185749804764878
2012-12-25,0.7812144909853633,1.2357453280952762
2012-12-26,0.7934823930374575,1.2541636272387837
2012-12-27,0.8029825318492968,1.2655181424401387
2012-12-28,0.8042035530192393,1.2743692122910142
2013-01-04,0.8368086595327529,1.3102802624930707
2013-01-07,0.8183963249907392,1.299357214798919
2013-01-08,0.7954411586240555,1.2882074191972637
2013-01-09,0.8103195401463951,1.2968514947862206
2013-01-10,0.8165538798533561,1.305931826644947
2013-01-11,0.8313772464050256,1.3241895825234267
2013-01-15,0.8463497761973536,1.3336916846451599
2013-01-16,0.8250703317006294,1.2995326032279015
2013-01-17,0.8210746019230992,1.300660356812212
2013-01-18,0.8550092386605637,1.337886760372105
2013-01-21,0.8448721151134709,1.3175904282692474
2013-01-22,0.8438463188941255,1.3129551455434156
2013-01-23,0.8151939307255601,1.285624480388187
2013-01-24,0.8309566731750101,1.3020371260499584
2013-01-25,0.8509060967322908,1.339523439698125
2013-01-28,0.8514607047296091,1.3269772409322023
2013-01-29,0.8527727462123741,1.3321764004501895
2013-01-30,0.8695695391334318,1.3624849576071314
2013-01-31,0.8769638291543588,1.365514209087366
2013-02-01,0.8861879904420947,1.371972334283974
2013-02-04,0.919568195761019,1.3804324016713296
2013-02-05,0.9059315635906621,1.354267560762812
2013-02-06,0.9341075027833103,1.4053677277910077
2013-02-07,0.9370024881535829,1.3922896172230583
2013-02-08,0.9148720501667557,1.3672917977518928
2013-02-12,0.9188161185524145,1.393766830755628
2013-02-13,0.8930396256410449,1.3793364933580832
2013-02-14,0.8958194868829313,1.3861857407372755
2013-02-15,0.8745194873546643,1.3698257714637312
2013-02-18,0.8926212360904432,1.3985172832211739
2013-02-19,0.8952074698960736,1.3941615445101365
2013-02-20,0.8974724895187716,1.405923104529608
2013-02-21,0.8801987613198519,1.386412488644779
2013-02-22,0.8835751568584725,1.3958288719165795
2013-02-25,0.9091570082176681,1.4297353461084774
2013-02-26,0.8960610740372373,1.3974065297439728
2013-02-27,0.8834100150110552,1.3796502770252252
2013-02-28,0.9045655780839694,1.4170888227667955
2013-03-01,0.9150044195759666,1.4228530562675794
2013-03-04,0.9144290829343246,1.4284812889114866
2013-03-05,0.9054858695490423,1.4323012848104444
2013-03-06,0.9146969749006251,1.4628046248847615
2013-03-07,0.9165809396324235,1.4671947229672102
2013-03-08,0.9499271728532113,1.5058775089425105
2013-03-11,0.9688703245434745,1.5138986862406854
2013-03-12,0.9574511686886258,1.5097010964133928
2013-03-13,0.956346980135482,1.5004883552697146
2013-03-14,0.9679812473186201,1.5178388800800515
2013-03-15,0.9807873864187242,1.5398760470947415
2013-03-18,0.9491301940617666,1.4981553898665874
2013-03-19,0.9675857345309756,1.528509320548843
2013-03-21,0.9749436698564656,1.54903862595054
2013-03-22,0.9549169904820269,1.5126090724816417
2013-03-25,0.9617813907560514,1.5380996556208562
2013-03-26,0.9493947164616202,1.528924865420514
2013-03-27,0.9664877173138393,1.5316427276148898
2013-03-28,0.9477825005876767,1.5122939719047943
2013-04-01,0.9136985315153604,1.4802266393909058
2013-04-02,0.9090266112325791,1.4641753432483298
2013-04-03,0.9351871967011884,1.507938079824425
2013-04-04,0.9632272967324687,1.5411580256719108
2013-04-05,1.0169562941194192,1.5654441460963782
2013-04-08,1.07064920919151,1.6092288009086644
2013-04-09,1.0520844277345762,1.6091994971798442
2013-04-10,1.0605633839789776,1.620882750915467
2013-04-11,1.0903805518733531,1.6527231582122717
2013-04-12,1.104622054721313,1.6449139527233674
2013-04-15,1.0952295309539328,1.6193616967963367
2013-04-16,1.0832118165640237,1.6127479881466205
2013-04-17,1.102182797227957,1.632441523364028
2013-04-18,1.0868130480994604,1.6125808615956656
2013-04-19,1.103815350511537,1.624340948278805
2013-04-22,1.1226406592415081,1.655066384430253
2013-04-23,1.1112518551175332,1.6503433618936885
2013-04-24,1.1210794557256254,1.6886217745881364
2013-04-25,1.117711092951287,1.6986997557644832
2013-04-26,1.0996564927727939,1.6935826814598802
2013-04-30,1.1074257665679197,1.6907442698731754
2013-05-01,1.0983676758580034,1.683241204965849
2013-05-02,1.0869972155034382,1.670395569987022
2013-05-07,1.127273183648795,1.7297021478895376
2013-05-08,1.1321924300749515,1.7425649362706006
2013-05-09,1.1283090768451638,1.7310732288599493
2013-05-10,1.1718631123886092,1.7818240709137367
2013-05-13,1.1924971153246127,1.80313026418305
2013-05-14,1.1979425420674714,1.8002283611839012
2013-05-15,1.210634078194857,1.8414099872068355
2013-05-16,1.2287439865188325,1.834238792984441
2013-05-17,1.2407677156409458,1.8465440957928256
2013-05-20,1.286106272668144,1.8737076994424244
2013-05-21,1.3094712690086512,1.8761729054096417
2013-05-22,1.3003029972663418,1.9062092274504179
2013-05-23,1.176406302100706,1.7667523055113596
2013-05-24,1.2099769545639767,1.7824230105418188
2013-05-27,1.1416111344996833,1.7251169481751067
2013-05-28,1.1695929931267603,1.7457717886428377
2013-05-29,1.176328069795439,1.7475379934689275
2013-05-30,1.1219630691224047,1.6575865051087955
2013-05-31,1.1161031864886475,1.6802149398004869
2013-06-03,1.0589306412944146,1.617673516126251
2013-06-04,1.102843974177821,1.650844622425703
2013-06-05,1.0426806730255795,1.5875505932283513
2013-06-06,1.011942501920417,1.5740290665530765
2013-06-07,1.0037297243729582,1.5707979135276708
2013-06-10,1.0803727610107,1.6484587509438282
2013-06-11,1.0665250548503606,1.6244799623094273
2013-06-12,1.0685330746198165,1.6210279592302297
2013-06-13,0.9998933060991501,1.5180843172471692
2013-06-14,1.0091685200822558,1.5474984710943347
2013-06-17,1.038205881327103,1.5897767236519007
2013-06-18,1.0467768425923094,1.5866247859909888
2013-06-19,1.0566669532404294,1.6156485808164305
2013-06-20,1.0514633994849891,1.5875152143362388
2013-06-21,1.0566942144447724,1.6138079254598012
2013-06-24,1.0462125185483562,1.5933946620735642
2013-06-25,1.0296031389701965,1.5819968218918168
2013-06-26,1.0117564679427138,1.5654892928980961
2013-06-27,1.0448086641414431,1.6117854916878074
2013-06-28,1.0773254409399682,1.6683561019336401
2013-07-01,1.1053208767309648,1.68972447628606
2013-07-02,1.1387530110713073,1.7197607983268364
2013-07-03,1.1300070247161533,1.7144936317526662
2013-07-04,1.1293725449377647,1.7100255278326684
2013-07-05,1.15503736859816,1.7455265188150297
2013-07-08,1.1425164644552286,1.7210537360203944
2013-07-09,1.1675023990769158,1.765400760360162
2013-07-10,1.157636846873856,1.758533205181519
2013-07-11,1.160651170354052,1.7653616887217352
2013-07-12,1.163059383868629,1.7694687373488298
2013-07-16,1.183052740761231,1.7807970109548414
2013-07-17,1.1838754269366696,1.782738919033004
2013-07-18,1.1874063371099641,1.806337116555288
2013-07-19,1.1743547574781303,1.7796735822292153
2013-07-22,1.1841845258933605,1.7879840482501344
2013-07-23,1.180794893234747,1.8026789152867086
2013-07-24,1.1732077411951216,1.796917873673153
2013-07-25,1.1627232674920993,1.7763825114168317
2013-07-26,1.1328013259431877,1.7235714742819606
2013-07-29,1.0736296185464047,1.666381197380343
2013-07-30,1.1109994339307667,1.6918372036614926
2013-07-31,1.0859229002437083,1.6672582841905204
2013-08-01,1.119279135503813,1.7084202552733923
2013-08-02,1.15112323206398,1.7645785882613105
2013-08-05,1.1361160116509963,1.739192148555897
2013-08-06,1.1447081852880543,1.7566376351135642
2013-08-07,1.0968013537025303,1.686362766810301
2013-08-08,1.0713025070677362,1.6596027445966495
2013-08-09,1.0749821443007264,1.6607775144081351
2013-08-12,1.0533599929950201,1.6490966430894896
2013-08-13,1.088519147531293,1.6914931826499764
2013-08-14,1.1062347858737123,1.7138350125793034
2013-08-15,1.0821260860980229,1.677580224865338
2013-08-16,1.080995552997285,1.665037037721774
2013-08-19,1.0855097286685207,1.6782132330561954
2013-08-20,1.0625470060653082,1.6340870587702194
2013-08-21,1.0533659315730635,1.637496416585524
2013-08-22,1.0490676393750926,1.6302800755614104
2013-08-23,1.0696321577653365,1.6663104395961181
2013-08-26,1.0666063639660275,1.6633500482601777
2013-08-27,1.0626330749300172,1.6518949109501273
2013-08-28,1.032663304485911,1.6270220012241616
2013-08-29,1.040782024213348,1.6418120458189776
2013-08-30,1.0345055819191038,1.6331698282339753
2013-09-02,1.0518962576799542,1.655621368465105
2013-09-03,1.0798090983277384,1.7050866583179642
2013-09-04,1.089495756547315,1.7142875526841332
2013-09-05,1.0892057559343977,1.7156232547624326
2013-09-06,1.0692039747302884,1.690738075589034
2013-09-09,1.1170022979723342,1.7327504504119382
2013-09-10,1.1489908309453665,1.7593578788181965
2013-09-11,1.142894470812037,1.7595664594245555
2013-09-12,1.1394408784681531,1.754955529606771
2013-09-13,1.1393257399617174,1.7570780248918096
2013-09-17,1.1402104695783966,1.7457339082128993
2013-09-18,1.1422671183724533,1.7693602182555148
2013-09-19,1.164084553579662,1.8011748954489653
2013-09-20,1.1650210346913115,1.7982766851961312
2013-09-24,1.1629576744351036,1.7970801162693035
2013-09-25,1.1404086334350736,1.7834086164453105
2013-09-26,1.1713790099845092,1.8051929608019595
2013-09-27,1.1642476585683958,1.8004296754184792
2013-09-30,1.144424171892422,1.7633148351757237
2013-10-01,1.1410272327289825,1.7668424799939493
2013-10-02,1.1174022479871102,1.7285128453344902
2013-10-03,1.1246111078157102,1.7268978048656072
2013-10-04,1.1051563431326876,1.710681764589054
2013-10-07,1.078889483481716,1.689824537799105
2013-10-08,1.0911237947722003,1.6948610864098768
2013-10-09,1.1120546868477246,1.7123321839500494
2013-10-10,1.1157643301826454,1.731467161507139
2013-10-11,1.1386724365387029,1.7570866015929283
2013-10-15,1.139501476756725,1.7615754325406283
2013-10-16,1.1382159357020714,1.7646980664727199
2013-10-17,1.1442041729858379,1.7792588034334744
2013-10-18,1.1450324201648259,1.7762130024488993
2013-10-21,1.1542224399832477,1.7923180220943125
2013-10-22,1.1553795163583664,1.7947185454405972
2013-10-23,1.1292291330312452,1.7596859376359648
2013-10-24,1.1342250221974244,1.767048678183331
2013-10-25,1.1052764271758575,1.7184739357965706
2013-10-28,1.1261208339125177,1.7560253539504085
2013-10-29,1.1153009375646206,1.7474795051321363
2013-10-30,1.1247295372593547,1.768992968678471
2013-10-31,1.1074697339846082,1.7477185806758042
2013-11-01,1.1002868450574215,1.7323039854704003
2013-11-05,1.1089455785405296,1.7352070796780374
2013-11-06,1.1185710137797351,1.7488614260997943
2013-11-07,1.1035808277376997,1.7355815956268623
2013-11-08,1.0962672710341264,1.7183043077077895
2013-11-11,1.1005110898788717,1.7406314857727063
2013-11-12,1.1162721354798733,1.779523489959647
2013-11-13,1.109352027084685,1.7768985429341044
2013-11-14,1.1274927041359746,1.814620780385212
2013-11-15,1.1497749203559438,1.8499351089974048
2013-11-18,1.1482953456569613,1.8497374875091412
2013-11-19,1.1446766028100634,1.8451339431839864
2013-11-20,1.1395259610941775,1.838976467385415
2013-11-21,1.16668669011147,1.8742919872060964
2013-11-22,1.166966570921689,1.8762583150582761
2013-11-25,1.182182351497931,1.905217546383634
2013-11-26,1.1771844216216951,1.8925451131190538
2013-11-27,1.1693323971535081,1.884541978888201
2013-11-28,1.1912239589414488,1.9183901680925894
2013-11-29,1.1857823965173588,1.910430989454967
2013-12-02,1.1838035761713888,1.9096015509843345
2013-12-03,1.2014649816279372,1.9211395964051936
2013-12-04,1.1716514632907935,1.8794567098502442
2013-12-05,1.1549490672439635,1.8513464528147319
2013-12-06,1.1657804218597716,1.8662731290231933
2013-12-09,1.1987074414738905,1.909008686519544
2013-12-10,1.1952394058623708,1.9042636266259398
2013-12-11,1.18323166263194,1.892523075762014
2013-12-12,1.1760834048883129,1.8713913945362848
2013-12-13,1.1834045652327012,1.8788675381317683
2013-12-16,1.160330235477224,1.848348181048853
2013-12-17,1.1716932007093936,1.863683441768914
2013-12-18,1.2011434618108316,1.9013959113104149
2013-12-19,1.2195634038700123,1.9345036453182718
2013-12-20,1.2157798768454213,1.9358698423338803
2013-12-24,1.2130504600810748,1.9381764984512613
2013-12-25,1.21986841492213,1.9528945940533637
2013-12-26,1.2380306127768577,1.972954187639327
2013-12-27,1.2397037373863868,1.9735030965108873
2013-12-30,1.2429888726112932,1.987209856106144
2014-01-06,1.2217899251244895,1.9405611787246477
2014-01-07,1.2160858492285243,1.9290329012133955
2014-01-08,1.2484816050358103,1.9664904521383297
2014-01-09,1.2339638606265886,1.9370786807081415
2014-01-10,1.240858697038778,1.9409490362085455
2014-01-14,1.1997585991254722,1.8812205322593578
2014-01-15,1.2363570247614664,1.9283449783112128
2014-01-16,1.2358122216183374,1.920839530986909
2014-01-17,1.2316177965198523,1.919285480392644
2014-01-20,1.2193612891196017,1.907968165904728
2014-01-21,1.223892233900631,1.9267872349706332
2014-01-22,1.2356553439276334,1.929836728701523
2014-01-23,1.2333397686011571,1.9145806833459558
2014-01-24,1.205993722002531,1.8774585767314196
2014-01-27,1.1595247330168603,1.8303952396750314
2014-01-28,1.1588028673312847,1.8272761793684056
2014-01-29,1.19682255075691,1.8765255031222765
2014-01-30,1.160288387421156,1.8305573631503338
2014-01-31,1.1559835321168672,1.8192706627205757
2014-02-03,1.1293092111210397,1.7832377971480418
2014-02-04,1.0613247969564275,1.7087496244204985
2014-02-05,1.086733766302108,1.7297191821709252
2014-02-06,1.092925468423158,1.7266380022942378
2014-02-07,1.1173817274108602,1.7641211642016772
2014-02-10,1.132830997081214,1.795339403304871
2014-02-12,1.1420433493540787,1.8053075550585662
2014-02-13,1.1180507063071374,1.7729439689935556
2014-02-14,1.1065967753761996,1.745899843555366
2014-02-17,1.112832178984487,1.7556679914038202
2014-02-18,1.1425718257367816,1.8105747216327361
2014-02-19,1.1364130756431217,1.8012176598337077
2014-02-20,1.1090621426618583,1.7625073149412829
2014-02-21,1.1396398757962978,1.813310689289419
2014-02-24,1.1411618996005093,1.809896447519311
2014-02-25,1.1565567194746056,1.835990345946121
2014-02-26,1.1508068464075063,1.8261551330597572
2014-02-27,1.1605652509888351,1.8203172584986849
2014-02-28,1.154794253221155,1.8103100351065629
2014-03-03,1.1268782757602032,1.7872753983202492
2014-03-04,1.1291491156309374,1.795722495954814
2014-03-05,1.1462202589526211,1.8172091573101545
2014-03-06,1.1615592360666818,1.8461330097434003
2014-03-07,1.1696941973205914,1.8631272665255747
2014-03-10,1.1625665103646359,1.8443508427235626
2014-03-11,1.1603055036948997,1.8570331630185986
2014-03-12,1.1315569889342267,1.8090072103825494
2014-03-13,1.1317501195625546,1.8072495822575776
2014-03-14,1.087566741621605,1.7476843929921808
2014-03-17,1.0755790348242906,1.7415865967388897
2014-03-18,1.0917046142711964,1.7578830435884254
2014-03-19,1.0866843067298377,1.7641345057367497
2014-03-20,1.0637803723911057,1.7350680656474151
2014-03-24,1.078969382872471,1.7656934402858182
2014-03-25,1.0727953849679195,1.7593371517904948
2014-03-26,1.0818877169277,1.765920365502902
2014-03-27,1.1042057453094176,1.7836964124161638
2014-03-28,1.1005440987775048,1.7926180875125983
2014-04-01,1.0988827440079412,1.7882852113047263
2014-04-02,1.1052554441837341,1.8069430248915066
2014-04-03,1.1111051075813272,1.822122613247766
2014-04-04,1.111524957041106,1.821142108154949
2014-04-07,1.0949961033929199,1.7903234340527565
2014-04-08,1.065627271057074,1.765906200846123
2014-04-09,1.0418793986588821,1.728768375077714
2014-04-10,1.043295505764913,1.7288203223673997
2014-04-11,1.0263418300833789,1.6877073483178178
2014-04-14,1.02587941366627,1.681675913799247
2014-04-15,1.0314817247342378,1.6921514389504257
2014-04-16,1.059416373700172,1.7430327466393296
2014-04-17,1.0564646450716557,1.7430146831499618
2014-04-18,1.0705337184024715,1.75495181613366
2014-04-21,1.0709756054262025,1.7544815750999827
2014-04-22,1.0559233297476163,1.739537638539661
2014-04-23,1.0675255599184477,1.758578681449895
2014-04-24,1.0574197591121766,1.7414986487252948
2014-04-25,1.0625326312893018,1.7444327260963584
2014-04-28,1.0508044905080085,1.7273829172493933
2014-04-30,1.050897398571817,1.7293027237893444
2014-05-01,1.0724509916829914,1.751187172437736
2014-05-02,1.0685132906784678,1.7478480242691463
2014-05-07,1.0378383449110462,1.6965811260163486
2014-05-08,1.0459704317354896,1.7123374473501407
2014-05-09,1.0582737649004803,1.71666666363533
2014-05-12,1.0590171735307,1.7106133876426868
2014-05-13,1.0688439541456625,1.7439709855282661
2014-05-14,1.073815628124996,1.741591681598641
2014-05-15,1.0668206785371344,1.7285893930523428
2014-05-16,1.0540898028112917,1.7042144260495902
2014-05-19,1.055329028092992,1.693315766611517
2014-05-20,1.0678241292193382,1.7016345347445652
2014-05-21,1.0770591561382428,1.6976353018109016
2014-05-22,1.0963075100104016,1.7333744468045242
2014-05-23,1.1047969035373828,1.748411416238192
2014-05-26,1.114401309246396,1.7653790539178362
2014-05-27,1.1166667201955434,1.769489501276236
2014-05-28,1.1301652515558163,1.7736520139863432
2014-05-29,1.1325985487701475,1.7749540019651011
2014-05-30,1.122799952548171,1.7689890363649234
2014-06-02,1.13957994165767,1.8056856643570702
2014-06-03,1.1490867606114599,1.8175733293535452
2014-06-04,1.1531213312356368,1.821648712291407
2014-06-05,1.146337380436427,1.8230281489566051
2014-06-06,1.14555370013292,1.8227706556865952
2014-06-09,1.1464585814985266,1.8284237014246152
2014-06-10,1.1423517664854734,1.812803977850292
2014-06-11,1.1483351687863181,1.821832534859681
2014-06-12,1.1439767918380739,1.8102325870108515
2014-06-13,1.1567572539462387,1.8252610559789344
2014-06-16,1.1452683285626533,1.8053677233317897
2014-06-17,1.1461781089405743,1.8105275059418395
2014-06-18,1.160084576045619,1.8274323346257726
2014-06-19,1.1712206609869247,1.8570952995944816
2014-06-20,1.1749992902932616,1.855675957965843
2014-06-23,1.1736131027723646,1.8580769853075187
2014-06-24,1.1784224648946826,1.8589184133384045
2014-06-25,1.1748085283267604,1.845664652685219
2014-06-26,1.1791400813337234,1.8507277424992405
2014-06-27,1.157471242235453,1.8249177316189213
2014-06-30,1.165532907370302,1.8330297731514247
2014-07-01,1.1812429753382556,1.8528687972684432
2014-07-02,1.1821732636960087,1.8581603370950597
2014-07-03,1.187801605069115,1.855539360206374
2014-07-04,1.1948919966023677,1.8662796984729277
2014-07-07,1.1854411421993716,1.85930530258454
2014-07-08,1.1984421171200164,1.851443434476682
2014-07-09,1.1927259519366862,1.850021731607603
2014-07-10,1.1892953826893802,1.8396028762269903
2014-07-11,1.1971060301209422,1.833264362389164
2014-07-14,1.2053580090868297,1.8493169013361865
2014-07-15,1.2107890854746264,1.8612057469528815
2014-07-16,1.212716065568583,1.8592883016533708
2014-07-17,1.2164986843848888,1.8581954015155977
2014-07-18,1.2110620368282188,1.8395110239738648
2014-07-22,1.2339723603606738,1.8549337020334487
2014-07-23,1.2307020022192618,1.8531540351136269
2014-07-24,1.2195413452570025,1.8478177497806676
2014-07-25,1.238694627371822,1.8687870996964375
2014-07-28,1.2357857549442166,1.8774347886228133
2014-07-29,1.2382098950423805,1.888154584097537
2014-07-30,1.2325685739548295,1.8915590205642998
2014-07-31,1.2238106638443338,1.8884809075263804
2014-08-01,1.2198376861106155,1.8766743511390285
2014-08-04,1.2252740015660877,1.8707975778692945
2014-08-05,1.2010748285958766,1.8521566471516622
2014-08-06,1.1820978475187731,1.8327505564693645
2014-08-07,1.1906126174440288,1.8415251620694044
2014-08-08,1.1552139566246205,1.7866386002837145
2014-08-11,1.1784869090752723,1.8292118834835736
2014-08-12,1.1859310455860785,1.832934260975617
2014-08-13,1.1899717912718666,1.839259551866978
2014-08-14,1.2033888848816359,1.8514627966482935
2014-08-15,1.1976790358762897,1.8519185160532632
2014-08-18,1.2108153137401323,1.8524335025932834
2014-08-19,1.2170430453391856,1.867810254526304
2014-08-20,1.2072077774986385,1.8683736464953495
2014-08-21,1.2149679994111844,1.8843016300091482
2014-08-22,1.2052468275318997,1.8786183603934932
2014-08-25,1.20782834811111,1.8875718299568822
2014-08-26,1.2109619372979854,1.8764457830644123
2014-08-27,1.2103580306593817,1.8780900328449857
2014-08-28,1.2113615684968737,1.8690277100973007
2014-08-29,1.2022926288612874,1.8647636640482623
2014-09-01,1.2096156718281237,1.871051411216623
2014-09-02,1.2130065013204885,1.8942633492405272
2014-09-03,1.218578329901052,1.9014868559953617
2014-09-04,1.207747184955342,1.8951797466553908
2014-09-05,1.204715696166624,1.894273030326332
2014-09-08,1.2061679021912572,1.8986773340575218
2014-09-09,1.2024949481115066,1.9040015770642358
2014-09-10,1.1977205417825993,1.9087926519795395
2014-09-11,1.2013292654525072,1.9233508799139452
2014-09-12,1.201446627754449,1.9280766665310758
2014-09-16,1.1960275298366052,1.9236325758984676
2014-09-17,1.1937200375825148,1.9208688620251686
2014-09-18,1.2051138459830886,1.9424971160857922
2014-09-19,1.2240769497847086,1.9731561703342235
2014-09-22,1.2172939406810648,1.9592206015039135
2014-09-24,1.221608354029543,1.9545721455112013
2014-09-25,1.2413701336053606,1.979559972470223
2014-09-26,1.2370372404334047,1.9621172532139994
2014-09-29,1.2529389795944463,1.971883107550859
2014-09-30,1.2462761519933307,1.9553059009780114
2014-10-01,1.2253618865090068,1.9442718244006896
2014-10-02,1.1856936679722578,1.8934643054755438
2014-10-03,1.1973732505497516,1.8991053088873182
2014-10-06,1.214501022223305,1.9211445368465687
2014-10-07,1.2050307004509329,1.9081941955899564
2014-10-08,1.1929136677755023,1.885484021159607
2014-10-09,1.16761881405774,1.8713331072011454
2014-10-10,1.1514213500004857,1.8497677801982546
2014-10-14,1.1273721507679995,1.8057569738183672
2014-10-15,1.1322739174607304,1.8223208393827273
2014-10-16,1.1145744210714288,1.7818039604822882
2014-10-17,1.0936879654943106,1.7569151875597353
2014-10-20,1.1436722298897488,1.8268799224247756
2014-10-21,1.1235650322347281,1.78977102185176
2014-10-22,1.1637647903734738,1.837100315546385
2014-10-23,1.169433882503252,1.830232293539831
2014-10-24,1.1804195873029928,1.8486905823094095
2014-10-27,1.192786574771967,1.8604271279177078
2014-10-28,1.1859258853454828,1.8533173148900715
2014-10-29,1.2018638147493088,1.8803979092512928
2014-10-30,1.2011416032174125,1.893006106768112
2014-10-31,1.2447772294014332,1.984349866765307
2014-11-04,1.2774434963721313,2.0385970046397754
2014-11-05,1.2925098372964257,2.047645986378973
2014-11-06,1.2865672660312333,2.030135499522114
2014-11-07,1.2878088794941176,2.0407622621234913
2014-11-10,1.2810914855489202,2.0286906564967206
2014-11-11,1.3061571365230034,2.0702279454534165
2014-11-12,1.31121871573654,2.0790462340016007
2014-11-13,1.3203655279840438,2.10271011344577
2014-11-14,1.3382413116137841,2.1145628320837293
2014-11-17,1.3007333056039618,2.0520563112732852
2014-11-18,1.345950458319245,2.0968190546713728
2014-11-19,1.3445752436800926,2.0901322578686083
2014-11-20,1.3480387359826618,2.0915962269415678
2014-11-21,1.349920338084865,2.0984450048385335
2014-11-25,1.3544425744690118,2.104503003312057
2014-11-26,1.3481113688027115,2.1015967885781888
2014-11-27,1.3401430538013221,2.085266213569326
2014-11-28,1.3622712761935356,2.1108174324973934
2014-12-01,1.3791936971803023,2.12656407274538
2014-12-02,1.3915806246027187,2.135404084705615
2014-12-03,1.3920821876577885,2.142320394079172
2014-12-04,1.4094211283011513,2.162483498446616
2014-12-05,1.422517250080349,2.166501857427846
2014-12-08,1.4238052454014327,2.168338430242278
2014-12-09,1.4030306115735116,2.1535577734584
2014-12-10,1.3638351498847157,2.105102758383883
2014-12-11,1.3595383523968663,2.0863422308379516
2014-12-12,1.3800728335854768,2.100146042451695
2014-12-15,1.3482865061427933,2.0672407401724473
2014-12-16,1.3187561249150679,2.0256430034604804
2014-12-17,1.3230653004059862,2.0334299021843605
2014-12-18,1.3541775987111753,2.080617875638636
2014-12-19,1.3797106073822807,2.1303481966749365
2014-12-22,1.3802580291808995,2.1320093293246574
2014-12-24,1.400214575756287,2.1584963078391985
2014-12-25,1.3994605347259548,2.1529979233500156
2014-12-26,1.4100294841273957,2.154232379852182
2014-12-29,1.400839978848782,2.1434580397232885
2014-12-30,1.3775986640803755,2.109719691816718
2015-01-05,1.378892361984643,2.1046349966526683
2015-01-06,1.338532860850715,2.0411018084988006
2015-01-07,1.3548763145157998,2.0413606004510525
2015-01-08,1.3861810131069645,2.0754252717864667
2015-01-09,1.3771391820212535,2.0791284051689223
2015-01-13,1.3787750332154147,2.0658275377689534
2015-01-14,1.3573969115100053,2.030556272568568
2015-01-15,1.3813869357311273,2.068364926746054
2015-01-16,1.366122262670256,2.038801251937858
2015-01-19,1.3822240609897318,2.056951162705939
2015-01-20,1.400052872958777,2.099507799160694
2015-01-21,1.402881673529783,2.089132508666204
2015-01-22,1.4050554990438124,2.095000663408331
2015-01-23,1.4133449574098311,2.1170919567192894
2015-01-26,1.4188995004225111,2.111865587128824
2015-01-27,1.4460875577526227,2.148107794398243
2015-01-28,1.4485832648032224,2.1514239204725403
2015-01-29,1.4369427203007072,2.1285130406047688
2015-01-30,1.4432481436162001,2.1367544781133985
2015-02-02,1.43891445378294,2.1226880965626984
2015-02-03,1.3954495807666565,2.0958263891902886
2015-02-04,1.4102537011333087,2.137280326359444
2015-02-05,1.3998573206549045,2.116229867834551
2015-02-06,1.4016807868663803,2.1336244177857933
2015-02-09,1.405924403416552,2.1412927822395726
2015-02-10,1.4027071356071381,2.1341297232400085
2015-02-12,1.429664833124122,2.173667513791895
2015-02-13,1.4226199945302245,2.165644727148033
2015-02-16,1.4098786866013944,2.1766958046565246
2015-02-17,1.4153302120679754,2.1745584098100035
2015-02-18,1.4346314863837817,2.2001979391305357
2015-02-19,1.4472239789139372,2.208130998637668
2015-02-20,1.4595511635900797,2.216292862343461
2015-02-23,1.474985768223224,2.2325677120779335
2015-02-24,1.4776958124918649,2.2490772691121674
2015-02-25,1.4692551815673285,2.246867148060087
2015-02-26,1.490785566098019,2.271117559629616
2015-02-27,1.5069975445098884,2.2725864873074997
2015-03-02,1.5087958828163166,2.2760853733918727
2015-03-03,1.5174448768936974,2.2746683930036746
2015-03-04,1.4954211316460606,2.2611812237329696
2015-03-05,1.5098009429181944,2.267013251496361
2015-03-06,1.5349438992730595,2.2935087304764865
2015-03-09,1.527884192006681,2.2716932300489505
2015-03-10,1.5254972466256667,2.2565279271973546
2015-03-11,1.5291016768886427,2.2635894528579876
2015-03-12,1.561794914008417,2.2959398636337753
2015-03-13,1.5587595944356452,2.3277523838372725
2015-03-16,1.5474213590295756,2.3267623157206727
2015-03-17,1.5716924634795693,2.349846038388671
2015-03-18,1.6047842407888993,2.362839944531406
2015-03-19,1.590200173714886,2.3546287309004117
2015-03-20,1.5899157109068232,2.3647428682022094
2015-03-23,1.6169107735572812,2.3882133620543216
2015-03-24,1.618847582276762,2.3832675078281587
2015-03-25,1.621013919079854,2.3872268357983817
2015-03-26,1.5836188462523404,2.3539708893137554
2015-03-27,1.5794054545067429,2.331546188852633
2015-03-31,1.5529061630519827,2.306994033357575
2015-04-01,1.5353218183617152,2.2863166695871042
2015-04-02,1.5595860015000094,2.3197017643577067
2015-04-03,1.581885606883073,2.334390408436631
2015-04-06,1.5918071068166713,2.329934292385984
2015-04-07,1.6061707436775896,2.359068540995085
2015-04-08,1.6146305920628619,2.376997868786757
2015-04-09,1.6294799382845562,2.3947636844495896
2015-04-10,1.6204885847035997,2.391149526835677
2015-04-13,1.6101756815669668,2.3908888927250023
2015-04-14,1.6108293586169506,2.3912755038990725
2015-04-15,1.6056829652940938,2.3866007460922156
2015-04-16,1.5901137489272776,2.3885237144137292
2015-04-17,1.5450640738352732,2.3605509414859527
2015-04-20,1.5498671110811264,2.3583420028845894
2015-04-21,1.5730019507177029,2.391324768672467
2015-04-22,1.580126234929292,2.4183272601585237
2015-04-23,1.5774489507245109,2.4247832914148444
2015-04-24,1.5702440755363039,2.4046511244699436
2015-04-27,1.5606180031218437,2.400240754280306
2015-04-28,1.5673315948383137,2.409324709306005
2015-04-30,1.5298656188709951,2.344591500847599
2015-05-01,1.5253451103908655,2.3459873360937875
2015-05-07,1.499635549554899,2.3172035711582675
2015-05-08,1.5213786704430674,2.327677261982021
2015-05-11,1.5425844522972805,2.356710869696901
2015-05-12,1.5604514845679232,2.357182873144856
2015-05-13,1.5681556326197872,2.3739842722199436
2015-05-14,1.551557270032477,2.35062479342936
2015-05-15,1.5623457213787142,2.3701646101227265
2015-05-18,1.5808426875938635,2.389064219356119
2015-05-19,1.5894045413290796,2.405412851704292
2015-05-20,1.594264533453845,2.4258535099683085
2015-05-21,1.6084298155019126,2.4266112491019536
2015-05-22,1.6112233048445557,2.4340030764586182
2015-05-25,1.6328247285517443,2.4519429609874464
2015-05-26,1.6335448419278278,2.4547909340779888
2015-05-27,1.6333756954312804,2.459006825709796
2015-05-28,1.63924566960323,2.468481380010269
2015-05-29,1.6338363285462643,2.469885426052023
2015-06-01,1.6519244764418033,2.470692429959063
2015-06-02,1.6556471116926508,2.4674878737468053
2015-06-03,1.6430296979890333,2.459118492529491
2015-06-04,1.6458887666971915,2.4608817022287104
2015-06-05,1.6373181357192328,2.4576039526388374
2015-06-08,1.6373975394869378,2.457158223736693
2015-06-09,1.6093634344540957,2.413811088003167
2015-06-10,1.598881667253257,2.407812515356942
2015-06-11,1.6362889405134586,2.4482436456938084
2015-06-12,1.6358260473892978,2.4511394759927914
2015-06-15,1.647154254137386,2.4488223894841186
2015-06-16,1.6481517117317672,2.433225866009774
2015-06-17,1.6503208235156384,2.428581136255272
2015-06-18,1.6339591228035237,2.401141595850955
2015-06-19,1.646905610497852,2.42317256791899
2015-06-22,1.67006768031948,2.4536749696635147
2015-06-23,1.6942675467474666,2.4994654035632684
2015-06-24,1.7049523158116282,2.506505105087239
2015-06-25,1.7053195569496111,2.4948987936637215
2015-06-26,1.702358890567388,2.4870614719990716
2015-06-29,1.6498029139017962,2.4154504319864207
2015-06-30,1.6574287497941762,2.43055829582752
2015-07-01,1.6876757198137415,2.441799578739597
2015-07-02,1.7006345273860106,2.4650028178202716
2015-07-03,1.703371680708088,2.4670794453159455
2015-07-06,1.656687501059554,2.4157110660970953
2015-07-07,1.6756746442042283,2.4474772265762783
2015-07-08,1.6075653267095935,2.370731624205085
2015-07-09,1.6184338864318688,2.3848879741371856
2015-07-10,1.6090418764222862,2.375799092634147
2015-07-13,1.6515609291528406,2.413026605135392
2015-07-14,1.6755814486148006,2.448527035437907
2015-07-15,1.6767034347819456,2.457895787772661
2015-07-16,1.7040175074393837,2.4743258242940156
2015-07-17,1.716761231062683,2.480427618370211
2015-07-21,1.7406862718109695,2.50337514981755
2015-07-22,1.724703327643833,2.4735511943809207
2015-07-23,1.7382199603671045,2.4843948401934535
2015-07-24,1.7330342994716113,2.467648805339895
2015-07-27,1.6950058351337327,2.4442954259974456
2015-07-28,1.693984377364941,2.441747968024612
2015-07-29,1.708000246226379,2.438627396521284
2015-07-30,1.7171472285184837,2.465042464233146
2015-07-31,1.7263420167899657,2.4725386859905756
2015-08-03,1.727048593837422,2.4680788164333842
2015-08-04,1.7436292132032805,2.4647457026219817
2015-08-05,1.7345648514515488,2.476000357401124
2015-08-06,1.7145031816242366,2.48205147913897
2015-08-07,1.7166474319548832,2.4892727565420247
2015-08-10,1.717723398227805,2.4993776653477937
2015-08-11,1.697227980252504,2.4888150633377704
2015-08-12,1.6725690758196146,2.449420604589627
2015-08-13,1.7015598131486038,2.4737771085560603
2015-08-14,1.703751530402443,2.464636381743877
2015-08-17,1.727386686555463,2.4767449592618638
2015-08-18,1.7248560061696685,2.468842889609324
2015-08-19,1.6947478670405336,2.428984872802951
2015-08-20,1.6648307682370767,2.4062702933555222
2015-08-21,1.6023454593316315,2.3344804925936957
2015-08-24,1.513254737038226,2.226962001412624
2015-08-25,1.4604897882612469,2.1388019856399945
2015-08-26,1.508723546679711,2.2072816628180028
2015-08-27,1.5371919576160016,2.231016961451342
2015-08-28,1.5842956711699967,2.2985057129016355
2015-08-31,1.5748530628450983,2.2689773461053755
2015-09-01,1.5145819119402981,2.1819210958509503
2015-09-02,1.4999988001060816,2.1734785212560204
2015-09-03,1.503499170060723,2.183927110504758
2015-09-04,1.4806721736071042,2.137055666720225
2015-09-07,1.479392500672653,2.145260597432064
2015-09-08,1.4208773210979508,2.093205091921435
2015-09-09,1.5124074116091597,2.25456739988737
2015-09-10,1.4958788541463353,2.198007686523494
2015-09-11,1.4975148464994266,2.193755901985356
2015-09-14,1.4869042205927823,2.1578998269377614
2015-09-15,1.4777019939034495,2.1652003971665654
2015-09-16,1.4550098372222313,2.182630977776154
2015-09-17,1.4697496221710336,2.2139406180218777
2015-09-18,1.4371205748309093,2.1704529603870966
2015-09-24,1.4064557233397197,2.1105913342349676
2015-09-25,1.4411603188140543,2.1476675335036424
2015-09-28,1.439895932783417,2.119393072487362
2015-09-29,1.3868573093110474,2.033600580967595
2015-09-30,1.4165044451723978,2.0885291611437826
2015-10-01,1.4317720727939744,2.1286790130839806
2015-10-02,1.4392157850294947,2.129004629776705
2015-10-05,1.460120340694738,2.1626792137395427
2015-10-06,1.4661908429911303,2.184372604812743
2015-10-07,1.4704903777555365,2.2008136672595717
2015-10-08,1.4462733570360777,2.178976000778572
2015-10-09,1.4937271758280815,2.2147093830809976
2015-10-13,1.5024226168690036,2.190214937749059
2015-10-14,1.4780414561286843,2.148927538731757
2015-10-15,1.4956375641440598,2.17365868957015
2015-10-16,1.498963541471376,2.197068606104924
2015-10-19,1.5038239309370325,2.1777821511033024
2015-10-20,1.4845420965725642,2.186901060658696
2015-10-21,1.507690720741184,2.2285954805419035
2015-10-22,1.4930256036252636,2.2143729750569583
2015-10-23,1.5122868021810245,2.2611484698304505
2015-10-26,1.5162478295771713,2.2757803421228915
2015-10-27,1.5055418297485723,2.2553516481609854
2015-10-28,1.5175539451436468,2.270483440606305
2015-10-29,1.508818029959693,2.274410077640036
2015-10-30,1.5378177613947814,2.29211325666241
2015-11-02,1.48929318159144,2.2440852636738926
2015-11-04,1.479970190271862,2.2733529963594776
2015-11-05,1.499413035453558,2.296114260044552
2015-11-06,1.507701780521729,2.314033734881545
2015-11-09,1.5116908977446737,2.359332928612304
2015-11-10,1.507696991943412,2.362758472522362
2015-11-11,1.5166603366082922,2.365176434519415
2015-11-12,1.5152194279588187,2.365942619042785
2015-11-13,1.512288378180076,2.353828176670823
2015-11-16,1.4999691783211604,2.32941888901861
2015-11-17,1.5210331571994617,2.3578784448263597
2015-11-18,1.5212756738482347,2.3601063855546034
2015-11-19,1.5372678216060305,2.3854057234461505
2015-11-20,1.5464500474602376,2.387807967634549
2015-11-24,1.5555680401137708,2.393222635418965
2015-11-25,1.5388966238184083,2.3839366948223466
2015-11-26,1.5428054144732817,2.3955671694442437
2015-11-27,1.5310098115397401,2.388303899686724
2015-11-30,1.50322429902329,2.3719123366074495
2015-12-01,1.5240194345737765,2.403733626714003
2015-12-02,1.5216730650866215,2.3948129492229837
2015-12-03,1.5190565039371762,2.395025491531059
2015-12-04,1.4933557035323233,2.3427262426892046
2015-12-07,1.5138650707855839,2.3659883649037936
2015-12-08,1.5025470814082047,2.341299206419866
2015-12-09,1.487473383063928,2.3182941994035664
2015-12-10,1.4733458971956315,2.287723296164607
2015-12-11,1.4860175780166234,2.309815497308147
2015-12-14,1.4728544198661826,2.2681292882205057
2015-12-15,1.449074259280101,2.2299913157880917
2015-12-16,1.4857643295070142,2.2881267981181272
2015-12-17,1.5159744825918253,2.324598917427317
2015-12-18,1.491011987879798,2.280546591651767
2015-12-21,1.4809662167542985,2.272044899328763
2015-12-22,1.4821459802307937,2.2685231718135057
2015-12-24,1.46104612175893,2.2568711145289786
2015-12-25,1.462877925536111,2.2543933310213746
2015-12-28,1.4862923990145835,2.2669197207365817
2015-12-29,1.5062085365159035,2.2799976413196523
2015-12-30,1.5073002454689837,2.286181074163188
2016-01-04,1.464806648317527,2.216188030065321
2016-01-05,1.460882375600354,2.2069417358815775
2016-01-06,1.4596401007823347,2.1849996749998124
2016-01-07,1.436592682191751,2.134074444147357
2016-01-08,1.4318040620755308,2.1257411904305323
2016-01-12,1.3892840516548823,2.0682074421183914
2016-01-13,1.4283017327052698,2.1278635637872156
2016-01-14,1.3895729451771648,2.070848503160675
2016-01-15,1.385645764265153,2.0595771921962425
2016-01-18,1.3688485613772294,2.036571012209148
2016-01-19,1.3667662245786063,2.047717284486821
2016-01-20,1.3240552904442928,1.9717847854708028
2016-01-21,1.2911386560040898,1.9238684593019804
2016-01-22,1.3506779709689662,2.0369264223600685
2016-01-25,1.3621270028033015,2.0552292240529058
2016-01-26,1.3320864568174322,2.0069429428953036
2016-01-27,1.3651311913883044,2.0615963441229566
2016-01-28,1.3717484848245851,2.0468861173814017
2016-01-29,1.4169187319915018,2.1041618121186167
2016-02-01,1.4696789881587582,2.145832303397604
2016-02-02,1.4594833752904592,2.1320733559708884
2016-02-03,1.4330121809589322,2.064879020190169
2016-02-04,1.402444757333589,2.047311436591711
2016-02-05,1.3909937150329579,2.0202380976696293
2016-02-08,1.4166951063105035,2.0424241364767783
2016-02-09,1.356724400874427,1.9320577895022437
2016-02-10,1.3220102625460117,1.8873699481498996
2016-02-12,1.2760748181200068,1.7959910659213114
2016-02-15,1.3489454484026453,1.9245074937911593
2016-02-16,1.325837470284353,1.928333020742352
2016-02-17,1.3127311719909849,1.9021402309961646
2016-02-18,1.328675941326981,1.9454334100731154
2016-02-19,1.3241142627251437,1.9178520574996691
2016-02-22,1.3456063238901088,1.9351337881153574
2016-02-23,1.3304411321136849,1.9280471677595823
2016-02-24,1.3275762594130314,1.9116807062553234
2016-02-25,1.3507084098588638,1.93865187942115
2016-02-26,1.3478017278608219,1.944425710863031
2016-02-29,1.326872958215456,1.9250095252914694
2016-03-01,1.3404609790434103,1.9320661175948894
2016-03-02,1.373231870936849,2.0114652144987946
2016-03-03,1.3692340042389666,2.0371223084828527
2016-03-04,1.3690210049070213,2.0436827341399386
2016-03-07,1.3596683202063233,2.0312560469423167
2016-03-08,1.3419733691314752,2.015861274444732
2016-03-09,1.3286653974890976,1.998931317770499
2016-03-10,1.3513971885779872,2.024172945498927
2016-03-11,1.3523031489735562,2.0345649975553397
2016-03-14,1.3671804691117804,2.069983789090515
2016-03-15,1.3532850809433754,2.055969134030464
2016-03-16,1.351767878066545,2.0388385993502665
2016-03-17,1.3495636693504933,2.0342661245967437
2016-03-18,1.335133095532344,2.008853946914706
2016-03-22,1.362444679924365,2.0477391017436095
2016-03-23,1.3615518401753648,2.0420253264064385
2016-03-24,1.3627665076780378,2.0289750879341324
2016-03-25,1.3637357556895588,2.0422378687145137
2016-03-28,1.3739815133947386,2.058046934496933
2016-03-30,1.3661154623246612,2.0310248962044524
2016-03-31,1.353677321665099,2.0165504242017773
2016-04-01,1.313210299203814,1.9450137852171805
2016-04-04,1.325814513173483,1.9400934659093818
2016-04-05,1.303425120794271,1.8931111850141762
2016-04-06,1.3005159206695194,1.8910102490926979
2016-04-07,1.3179937980414924,1.8951591245655781
2016-04-08,1.3372056734065836,1.903784254418282
2016-04-11,1.333157565836397,1.8953143534012105
2016-04-12,1.3356070731997738,1.9166919845091577
2016-04-13,1.3622491335066735,1.971132300029587
2016-04-14,1.3917274412993819,2.0348862281793823
2016-04-15,1.4003773873987118,2.0273029294067064
2016-04-18,1.365762523477239,1.9584653450213843
2016-04-19,1.4055306918551735,2.0304808314739615
2016-04-20,1.3982894002065578,2.0343433385347027
2016-04-21,1.422133170601698,2.089343229918328
2016-04-22,1.419392142026262,2.114476435278215
2016-04-25,1.3999894860741113,2.0984499099363774
2016-04-26,1.4074458047226528,2.088099049061646
2016-04-27,1.4101178857807497,2.0805437173312717
2016-04-28,1.3704289414455353,2.005405675353137
2016-05-02,1.3423568777683608,1.942994635268147
2016-05-06,1.3442713675466296,1.938102047985488
2016-05-09,1.3577547614925947,1.9512552535022802
2016-05-10,1.388106691038013,1.9932691540800176
2016-05-11,1.390074475833789,1.994932135519738
2016-05-12,1.4065505613668545,2.003033882152225
2016-05-13,1.3829054030861962,1.9748614348507798
2016-05-16,1.3763237723023916,1.9813819860159914
2016-05-17,1.3925855935076785,2.0038113189247793
2016-05-18,1.3987034716548605,2.0028352926501665
2016-05-19,1.40427445091159,2.0030724249668252
2016-05-20,1.409828736568853,2.0138646480721665
2016-05-23,1.409073413130228,2.0040277697311644
2016-05-24,1.4029613069904792,1.9852757503593046
2016-05-25,1.415033840758388,2.01639155260013
2016-05-26,1.4144886824613851,2.0182098803840636
2016-05-27,1.4254599032400894,2.025715858510376
2016-05-30,1.4426663018102865,2.0537740874709924
2016-05-31,1.4461412109487437,2.0738642945644132
2016-06-01,1.417619061300646,2.0402624807818466
2016-06-02,1.3979490202730398,1.9929516458938867
2016-06-03,1.406463895122825,2.0025394060429575
2016-06-06,1.4033836571322948,1.9950548144784055
2016-06-07,1.4134888434924489,2.0065365779376383
2016-06-08,1.429067958237615,2.025244179065842
2016-06-09,1.4262587931703394,2.005689576085073
2016-06-10,1.421634585285929,1.9976214369067806
2016-06-13,1.373080720070758,1.9275684612671462
2016-06-14,1.3575394928222027,1.9082942337608804
2016-06-15,1.3583000599289978,1.9155837610808073
2016-06-16,1.3217373982227651,1.8571713029934713
2016-06-17,1.3320927035965404,1.8770881849297703
2016-06-20,1.3630170409881819,1.9210851603221428
2016-06-21,1.37308564915895,1.9456094362147727
2016-06-22,1.3675130125778416,1.9331685677166055
2016-06-23,1.3779053266697494,1.953940912123309
2016-06-24,1.281711814420202,1.7991583740818737
2016-06-27,1.32900744426327,1.8421386652305733
2016-06-28,1.3383845690574518,1.843814807631377
2016-06-29,1.3526283678509856,1.8731377814503674
2016-06-30,1.3580373260278003,1.8742315513232417
2016-07-01,1.3905692175033162,1.887053852675658
2016-07-04,1.39412975762616,1.898282855176946
2016-07-05,1.3972605146242911,1.885471482122572
2016-07-06,1.388898141723506,1.8505352408930393
2016-07-07,1.3756865243860672,1.8381714580240733
2016-07-08,1.3627540401880205,1.8178046357307442
2016-07-11,1.3661601221790698,1.8902232941250738
2016-07-12,1.419521586450706,1.9367700882187247
2016-07-13,1.4162173906226547,1.9531082463176381
2016-07-14,1.4368742217968484,1.9716943435729852
2016-07-15,1.4077369680466985,1.9851662323617196
2016-07-19,1.4404788845514505,2.0122956734973254
2016-07-20,1.4351302044068028,2.007311664538571
2016-07-21,1.4340380656709595,2.0227534671808574
2016-07-22,1.4224777618989517,2.0007368244088912
2016-07-25,1.4023749531524474,1.999899223242814
2016-07-26,1.4014122858823903,1.971351336024756
2016-07-27,1.423253369958187,2.0052576145409517
2016-07-28,1.3965615667702027,1.982638152747945
2016-07-29,1.4006312708787467,1.9937601049318514
2016-08-01,1.389770307295889,2.0017619692704036
2016-08-02,1.3771147408205113,1.972363202416604
2016-08-03,1.3427107544538668,1.9352611605288261
2016-08-04,1.3614224318104204,1.9559311549613918
2016-08-05,1.3310165161884435,1.955878276099897
2016-08-08,1.3597114705311928,2.003542929325547
2016-08-09,1.3718545972730927,2.01730858956703
2016-08-10,1.3734858121960734,2.0137165872599807
2016-08-12,1.396683897603366,2.035953441112927
2016-08-15,1.3828186399562925,2.0298937586027876
2016-08-16,1.366931879429939,1.9970378892930407
2016-08-17,1.3736004100333035,2.0149826247127467
2016-08-18,1.3576816811888377,1.983741558324469
2016-08-19,1.3802317849014965,1.9909384888824897
2016-08-22,1.3960465625192093,1.9972400040525318
2016-08-23,1.3818182867693205,1.9851072430540075
2016-08-24,1.3956164828557032,1.9971330712437314
2016-08-25,1.3898062380360252,1.9921572878856537
2016-08-26,1.3825487756622445,1.9686643848093344
2016-08-29,1.4171831839460811,2.01400189809489
2016-08-30,1.4166235158680058,2.012542206500472
2016-08-31,1.427344557468578,2.032040405362314
2016-09-01,1.4094315669334603,2.036786106918598
2016-09-02,1.4031377939495924,2.036646506724252
2016-09-05,1.4009448996660097,2.0501174554443375
2016-09-06,1.408275865366871,2.0554539901463906
2016-09-07,1.4105350660843017,2.0470862040862947
2016-09-08,1.4045881791983685,2.040628167486228
2016-09-09,1.4046182405502812,2.041469293909738
2016-09-12,1.3843289389410376,2.0062322307125906
2016-09-13,1.3798447100784599,2.012984978834055
2016-09-14,1.3743987681479624,1.9991713750914832
2016-09-15,1.360618454923882,1.9739949265737513
2016-09-16,1.3719677188828698,1.9877460157511782
2016-09-20,1.378082953262819,1.9844804522824229
2016-09-21,1.4008327052550118,2.022440424320808
2016-09-23,1.3953001418386035,2.01599084833858
2016-09-26,1.382305413483134,1.990786902812871
2016-09-27,1.408274001816009,2.0075570224559063
2016-09-28,1.4080384696342958,1.9812616572289448
2016-09-29,1.4421676112169997,2.008733988404199
2016-09-30,1.4090829337047195,1.9793892754977052
2016-10-03,1.427984574957751,1.9972978182744325
2016-10-04,1.4539318196847255,2.0137805119280983
2016-10-05,1.4587618387499544,2.0238387764358916
2016-10-06,1.4677576220034005,2.033448158163885
2016-10-07,1.475120689104941,2.028754160383284
2016-10-11,1.4845278465430356,2.048568692345446
2016-10-12,1.4545428727519003,2.0263367738529054
2016-10-13,1.4556462043140381,2.018423981018827
2016-10-14,1.4472806557848246,2.0283064526892955
2016-10-17,1.4619983433923647,2.0335708371225536
2016-10-18,1.4734074291163737,2.041210540014157
2016-10-19,1.460648077647417,2.0454582402037422
2016-10-20,1.4662130835125928,2.0739268091295577
2016-10-21,1.4607099697759565,2.067800851779678
2016-10-24,1.4652708090598905,2.0737968446388613
2016-10-25,1.4764268897579054,2.0895394692487623
2016-10-26,1.474973729704222,2.09273899289494
2016-10-27,1.473810293338784,2.0860703809175427
2016-10-28,1.4915379861389912,2.0993053724067803
2016-10-31,1.4972261249107455,2.0967314644463766
2016-11-01,1.4967723471713354,2.0988228821727857
2016-11-02,1.4633612609201654,2.0617952232168437
2016-11-04,1.4608119488346252,2.0342013881687326
2016-11-07,1.4826538550220905,2.0669129569408895
2016-11-08,1.4869913341454903,2.0662114307117254
2016-11-09,1.3972580441354425,1.9555281005282195
2016-11-10,1.5168595701740744,2.0870330112139093
2016-11-11,1.5166074947969699,2.0906872930689415
2016-11-14,1.541925663254044,2.1265248251155078
2016-11-15,1.536423013541211,2.1259871058483966
2016-11-16,1.5417721247978895,2.1493381760673285
2016-11-17,1.5343519124110236,2.149388704757201
2016-11-18,1.552484744490416,2.161996670457692
2016-11-21,1.5633269073920355,2.178675368424632
2016-11-22,1.5620719146206477,2.185524473582598
2016-11-24,1.5822061512890457,2.2060370065164903
2016-11-25,1.587047503671279,2.2117899916299604
2016-11-28,1.5871356325653678,2.2088623828404472
2016-11-29,1.5794600124778992,2.2028638047924796
2016-11-30,1.5763310726516953,2.2030372474581825
2016-12-01,1.615215471240063,2.227661170627585
2016-12-02,1.6185574550453807,2.2171878658113475
2016-12-05,1.6074221290534203,2.199007408177956
2016-12-06,1.6350672491469704,2.209301394899435
2016-12-07,1.6509757540022625,2.225684206259166
2016-12-08,1.690847092682969,2.258026328052346
2016-12-09,1.7177701829533245,2.2858100569675135
2016-12-12,1.7071254725438403,2.3049014411215882
2016-12-13,1.6881393588209852,2.3163916651986605
2016-12-14,1.6835336795837983,2.3167634623492592
2016-12-15,1.688720915629179,2.3191916596690993
2016-12-16,1.7103916714525262,2.334516893798935
2016-12-19,1.6967901807065606,2.333367659875782
2016-12-20,1.6827080925857865,2.34575306432367
2016-12-21,1.6682476848096328,2.3397319246281314
2016-12-22,1.66962891110127,2.3377079568272734
2016-12-26,1.654669814254806,2.3339742391714178
2016-12-27,1.6594241194322947,2.334746740583566
2016-12-28,1.6722244855479227,2.3345855188102975
2016-12-29,1.6278443926464659,2.3037115492293747
2016-12-30,1.6298609810969984,2.300008853838929
2017-01-04,1.692867093428425,2.357741524784604
2017-01-05,1.6723617187071882,2.3489008841941637
2017-01-06,1.643477020539525,2.3409159410912896
2017-01-10,1.6307417961938488,2.3225187976343507
2017-01-11,1.654136323116847,2.330127243243382
2017-01-12,1.6447531823406023,2.302455147480259
2017-01-13,1.6517259316091937,2.3208149232084083
2017-01-16,1.635207790355746,2.297707095752352
2017-01-17,1.6160408522938967,2.263809160345415
2017-01-18,1.6290669269102145,2.273536520688832
2017-01-19,1.651679174883371,2.2949407087361076
2017-01-20,1.6757961478443537,2.3028415156949142
2017-01-23,1.6624859624435129,2.2731346413414717
2017-01-24,1.6517928024311987,2.2607360759325004
2017-01-25,1.6929686741509458,2.2931658591271806
2017-01-26,1.7466129327350206,2.334666129696932
2017-01-27,1.7439954610076505,2.3424886759407264
2017-01-30,1.7362183065855044,2.3306301799704885
2017-01-31,1.6984086569563213,2.291221327127146
2017-02-01,1.715022371561329,2.3040652500584846
2017-02-02,1.6963907580077335,2.275968478283268
2017-02-03,1.6938726996963236,2.2764039650848225
2017-02-06,1.7037041700682807,2.2834446092299805
2017-02-07,1.697800483499337,2.2755111348856283
2017-02-08,1.7099067909761203,2.287161405650158
2017-02-09,1.7121329913895798,2.2751369875634078
2017-02-10,1.7681648445843432,2.3318431035445975
2017-02-13,1.7761576910719383,2.341495963447598
2017-02-14,1.7775119377294835,2.3150031838043894
2017-02-15,1.819066472465047,2.3389486124265226
2017-02-16,1.824853716582019,2.328064732627924
2017-02-17,1.813565797168327,2.3144783904811987
2017-02-20,1.8103193057333242,2.316459115124212
2017-02-21,1.826618072138993,2.332145100598023
2017-02-22,1.828386962113167,2.331956146799615
2017-02-23,1.8231708820444381,2.3309443979163484
2017-02-24,1.7905104328865233,2.3203648653427975
2017-02-27,1.76090118474111,2.299178773222043
2017-02-28,1.7748575616740703,2.3005649044446925
2017-03-01,1.8084143609595442,2.3336010319178464
2017-03-02,1.8428446166270507,2.3542087468024295
2017-03-03,1.8308725696721886,2.342701601489679
2017-03-06,1.8329750230930681,2.331868485398115
2017-03-07,1.8273650752995643,2.3276581529373197
2017-03-08,1.8092244328652354,2.3168139910391328
2017-03-09,1.8334881832860743,2.3245813082498104
2017-03-10,1.8517881293611704,2.35899886660237
2017-03-13,1.833786916313853,2.3625053226623796
2017-03-14,1.8383435499520502,2.3595873495765165
2017-03-15,1.8225594819321431,2.3557224923441535
2017-03-16,1.839282661754748,2.3572578594647995
2017-03-17,1.8333044682749204,2.349009227105938
2017-03-21,1.8260130894247752,2.3411025447180767
2017-03-22,1.7593088121154965,2.2912262624875526
2017-03-23,1.7623405609643128,2.2965122684997326
2017-03-24,1.7719214877232172,2.3178367857290225
2017-03-27,1.7392300165777181,2.284512997249337
2017-03-28,1.7679614031855626,2.310657951492491
2017-03-30,1.7640255875538229,2.2921101738784384
2017-03-31,1.7427760139127904,2.2735983265510997
2017-04-03,1.731169108944813,2.282492364124402
2017-04-04,1.6999106729832334,2.261693659725038
2017-04-05,1.7095603161894657,2.2678281103756284
2017-04-06,1.6806090000827394,2.2360603356356155
2017-04-07,1.6876474392121839,2.24418480752551
2017-04-10,1.7130336058205782,2.2602064276612537
2017-04-11,1.6885268772537942,2.2541931536638944
2017-04-12,1.6492825631750025,2.2307156467773055
2017-04-13,1.634399065669102,2.215593458001786
2017-04-14,1.6267085871325149,2.2046267360458898
2017-04-17,1.619949710439946,2.2069868627221947
2017-04-18,1.629989941130376,2.2146015002823125
2017-04-19,1.6381282988467665,2.2162378547778836
2017-04-20,1.642323207715709,2.216032371112036
2017-04-21,1.675830462119446,2.2389086915019742
2017-04-24,1.6766493401987523,2.2695849370090055
2017-04-25,1.7222396548197751,2.2940471216223353
2017-04-26,1.7703554252392326,2.3193089312439055
2017-04-27,1.7808980175869495,2.3147927525262917
2017-04-28,1.76847812800406,2.3081642017237662
2017-05-01,1.7840369561862535,2.3218447170997
2017-05-02,1.7932820167325145,2.3380983576489944
2017-05-08,1.8214315225397417,2.392205142347564
2017-05-09,1.8053049243904227,2.385868730608255
2017-05-10,1.8369550607781795,2.392733059239936
2017-05-11,1.863697394526899,2.400122956379235
2017-05-12,1.8342204194920468,2.3907864831185535
2017-05-15,1.816198453682191,2.3890970551275745
2017-05-16,1.8341221371899668,2.3951053975169536
2017-05-17,1.817545929094368,2.38248776108002
2017-05-18,1.7878992574707846,2.351103242731622
2017-05-19,1.7974982645548268,2.3555400460446
2017-05-22,1.8082572571911328,2.3660631581207414
2017-05-23,1.8073221930270138,2.3582477336642813
2017-05-24,1.8311982538955074,2.373842652290487
2017-05-25,1.8341099343569056,2.3822773458061923
2017-05-26,1.8241808912864932,2.36709245515778
2017-05-29,1.824257415061262,2.3665790982508743
2017-05-30,1.8300197367827875,2.3660114936561847
2017-05-31,1.8480737248007033,2.362731504672309
2017-06-01,1.8815174652151683,2.387916287273996
2017-06-02,1.8997940438752743,2.4260615704864876
2017-06-05,1.9193219386144915,2.425284959648822
2017-06-06,1.915399740425855,2.402329263854248
2017-06-07,1.9328032220867923,2.4028966336104625
2017-06-08,1.9316096003085905,2.393835625881254
2017-06-09,1.94915858766048,2.40634030501159
2017-06-12,1.9182169801290596,2.3937539020918654
2017-06-13,1.91600148560322,2.392571960045911
2017-06-14,1.9057799975273542,2.3907406896158787
2017-06-15,1.8975042011164402,2.3845245151758996
2017-06-16,1.9022305519163647,2.3979236940584787
2017-06-19,1.9125987144349017,2.4128920636327065
2017-06-20,1.9381068136692905,2.4324498815288274
2017-06-21,1.9274726832122795,2.4214336086546524
2017-06-22,1.922249566245818,2.418033382371447
2017-06-23,1.9169152340528905,2.420697859711681
2017-06-26,1.9297052431860604,2.4231843294876727
2017-06-27,1.9433292445611954,2.431810181522235
2017-06-28,1.9176438368241775,2.420426151595812
2017-06-29,1.9192442314770692,2.4312343575809114
2017-06-30,1.8919880894506351,2.4087654819455393
2017-07-03,1.8980417873502795,2.411455321841101
2017-07-04,1.8625931435483742,2.408635616268724
2017-07-05,1.8779789639101754,2.414561060676338
2017-07-06,1.8720828000990728,2.4040318427998404
2017-07-07,1.8658458309809636,2.3962199409205094
2017-07-10,1.9052210257633906,2.4144828594640786
2017-07-11,1.9209213703634844,2.4282500302373813
2017-07-12,1.9065415653188413,2.4165750354401183
2017-07-13,1.9264532439474231,2.4167469372040045
2017-07-14,1.9456077805632779,2.419037316853159
2017-07-17,1.9456021721713703,2.419037316853159
2017-07-18,1.9448474371795665,2.4047351840332274
2017-07-19,1.9572237184723202,2.407254061518804
2017-07-20,1.9914343844343796,2.422131078926158
2017-07-21,1.9835412030890074,2.416739657211272
2017-07-24,1.974591340459933,2.4018206037168475
2017-07-25,1.9649499146054497,2.399359261657708
2017-07-26,1.9583084132454165,2.4107771083245675
2017-07-27,1.9542831920017558,2.4143217602700546
2017-07-28,1.9226829474467686,2.399917237874912
2017-07-31,1.9371321645248323,2.395749794293051
2017-08-01,1.9142309601041128,2.4030373018571396
2017-08-02,1.9255915860065977,2.414369667319007
2017-08-03,1.9250385660608498,2.4082641018008726
2017-08-04,1.9097735265657725,2.39901428393756
2017-08-07,1.939573977938591,2.4114661244109636
2017-08-08,1.926347937486904,2.404266211598145
2017-08-09,1.9058281466504436,2.373329295383581
2017-08-10,1.9331279802684427,2.372250682266739
2017-08-11,1.933080167970176,2.372250682266739
2017-08-14,1.9152280419743104,2.349088093775466
2017-08-15,1.93791394076107,2.375084712986107
2017-08-16,1.9329908716747688,2.372195260386579
2017-08-17,1.9306797431112321,2.3689911242302104
2017-08-18,1.9085585789907704,2.341069534037911
2017-08-21,1.9081811953305778,2.3317776800875274
2017-08-22,1.9120143746935307,2.3306605534607434
2017-08-23,1.9281859266967944,2.3367687022021055
2017-08-24,1.917697106249487,2.32704498029573
2017-08-25,1.9175552367653153,2.3389292161744444
2017-08-28,1.9267136104434135,2.338603495209267
2017-08-29,1.9310288297495783,2.328100814080473
2017-08-30,1.9417315606776169,2.3454135761531636
2017-08-31,1.9520675092034732,2.362210867772671
2017-09-01,1.95592366851008,2.367649257182608
2017-09-04,1.9356698138881432,2.345619294657486
2017-09-05,1.9150559039504604,2.330897505482275
2017-09-06,1.9260193198273508,2.3275501178560014
2017-09-07,1.9347792725019202,2.332185124842094
2017-09-08,1.9290253931666694,2.317552339449004
2017-09-11,1.952410426819593,2.3501305417671197
2017-09-12,1.962844653371329,2.377887275349791
2017-09-13,1.9794518772079566,2.3886125833531255
2017-09-14,1.9549596680716783,2.381593026489302
2017-09-15,1.9769732066503871,2.3938645110137102
2017-09-18,1.976888766038795,2.3938645110137102
2017-09-19,2.0101433329260137,2.44074273260548
2017-09-20,2.0033670139344695,2.442074971275597
2017-09-21,1.98931656999626,2.4465260997355656
2017-09-22,1.9609258222814847,2.4403902400541235
2017-09-25,1.9752754909302228,2.452549941464311
2017-09-26,1.9723871295071624,2.4444470747141396
2017-09-27,1.987551871849767,2.436855451324597
2017-09-28,2.0259472109002266,2.4484052772145493
2017-09-29,2.02685214247038,2.4475840470665853
2017-10-02,2.0292230996611917,2.4529346068867772
2017-10-03,2.049197201047695,2.478580142576913
2017-10-04,2.0426227022229853,2.4800939113884013
2017-10-05,2.0369718729803483,2.4803224092248235
2017-10-06,2.0526368438648426,2.4877952043458875
2017-10-09,2.052592214657098,2.4877952043458875
2017-10-10,2.0531687082268935,2.503762576793847
2017-10-11,2.0699234899915013,2.51070745502254
2017-10-12,2.0617313029001783,2.519539025561425
2017-10-13,2.0842137011684247,2.5436416724691404
2017-10-16,2.080120679724961,2.55571119590483
2017-10-17,2.0863523964072916,2.565397343655165
2017-10-18,2.072210526164423,2.5686355313904454
2017-10-19,2.074270029633663,2.5789120630675697
2017-10-20,2.0787123390257705,2.580008758747007
2017-10-23,2.1041364538359266,2.60874664747929
2017-10-24,2.110085659478607,2.6217947428413644
2017-10-25,2.1101743044244463,2.610065500356318
2017-10-26,2.1126867013665747,2.6139323506898537
2017-10-27,2.1271605800983253,2.6462364965073477
2017-10-30,2.136551180226732,2.646623745153042
2017-10-31,2.133799775988315,2.646616465160309
2017-11-01,2.183190507204388,2.695729879359548
2017-11-02,2.2025658953113276,2.710042814749341
2017-11-03,2.2024732879314914,2.710042814749341
2017-11-06,2.182593809652711,2.7111526613833923
2017-11-07,2.2321803940816705,2.757955030147655
2017-11-08,2.23465106279637,2.755095871711435
2017-11-09,2.2252064082820695,2.7496720422869636
2017-11-10,2.2145939555913716,2.727152676379412
2017-11-13,2.210160639117961,2.6910298221158095
2017-11-14,2.2127748436073245,2.6909119332012317
2017-11-15,2.1633759576401883,2.6486257431545828
2017-11-16,2.2033185771387624,2.6874382024752714
2017-11-17,2.214392013774853,2.692930839572992
2017-11-20,2.202680307719875,2.6766938725554406
2017-11-21,2.23984345105168,2.6952970720496534
2017-11-22,2.2678114924629442,2.708122775375662
2017-11-23,2.267760915869946,2.708122775375662
2017-11-24,2.2544600004746997,2.711453254631717
2017-11-27,2.239268944918875,2.704857111538777
2017-11-28,2.208167026040237,2.703684797870308
2017-11-29,2.2153061070113105,2.717026206487975
2017-11-30,2.2055154294351462,2.7323879305082537
2017-12-01,2.208524699862745,2.7436984559919217
2017-12-04,2.2019424034137924,2.7302476126447863
2017-12-05,2.1912090663538737,2.720053978949427
2017-12-06,2.1329355701910218,2.666507284014339
2017-12-07,2.168790264237026,2.705102282906942
2017-12-08,2.1961922243668712,2.742742663397637
2017-12-11,2.2062240767114054,2.7580910016248263
2017-12-12,2.198342315076892,2.749366517430657
2017-12-13,2.16621004716931,2.7363689123407626
2017-12-14,2.1723914042102477,2.728719283847832
2017-12-15,2.1996733211538886,2.7117383485406754
2017-12-18,2.244633466125711,2.7536469183191157
2017-12-19,2.2342259728768226,2.7495865610819705
2017-12-20,2.253031930302257,2.752438674363933
2017-12-21,2.2757682554459477,2.7493580632455483
2017-12-22,2.299387398619862,2.75376598142607
2017-12-25,2.314949864820881,2.7581450144741355
2017-12-26,2.305881084521588,2.7525551542476596
2017-12-27,2.3160261642001707,2.7547821275084954
2017-12-28,2.3051541730098313,2.7394842795534857
2017-12-29,2.305824081069685,2.7371948392582324
2018-01-01,2.3058212134596148,2.7371948392582324
2018-01-02,2.3058199636120897,2.7371948392582324
2018-01-03,2.305819334869178,2.7371948392582324
2018-01-04,2.3882707158086998,2.8263376457569276
2018-01-05,2.4061305161345174,2.8513709575420756
2018-01-08,2.406031790192313,2.8513709575420756
2018-01-09,2.423632715597539,2.8676584148318063
2018-01-10,2.4080314015691298,2.860228829990189
2018-01-11,2.411388062777546,2.850878031582517
2018-01-12,2.408442471669195,2.844071473215749
2018-01-15,2.4011561176095078,2.8514132284676212
2018-01-16,2.428963288703184,2.8799010142237584
2018-01-17,2.413346736337076,2.8698647223068194
2018-01-18,2.3892665279097507,2.857243328454282
2018-01-19,2.4089828934922495,2.862616902445049
2018-01-22,2.404500149267299,2.863611208549275
2018-01-23,2.434660257044275,2.900622691603239
2018-01-24,2.389470659416169,2.8785746465155224
2018-01-25,2.366684466057212,2.845955582302713
2018-01-26,2.372832725133664,2.8414335326232183
2018-01-29,2.389152103218105,2.8411280077669123
2018-01-30,2.3492639530632973,2.800563653420827
2018-01-31,2.344162733686122,2.777275896022244
2018-02-01,2.3837037542611257,2.8239063630226204
2018-02-02,2.3553086650799253,2.7984665458368077
2018-02-05,2.265529305550658,2.7272320517840476
2018-02-06,2.14528998241779,2.598356923657093
2018-02-07,2.1658962554674517,2.602580728473015
2018-02-08,2.1896732180318454,2.6320978112661915
2018-02-09,2.1199147743410527,2.570988378074017
2018-02-12,2.119741174921646,2.570988378074017
2018-02-13,2.1136735489209233,2.5544029107591886
2018-02-14,2.1417594404338036,2.5435202609774334
2018-02-15,2.1954529245335346,2.5808912817370118
2018-02-16,2.2227539281668536,2.6115842007757863
2018-02-19,2.2640783980216987,2.6631613054189174
2018-02-20,2.2422574245769415,2.6362147645758736
2018-02-21,2.2520217877912323,2.641710924250723
2018-02-22,2.228696523775376,2.6135307768971683
2018-02-23,2.248656972182165,2.6323286574873666
2018-02-26,2.2461711668363002,2.663692744888418
2018-02-27,2.288936881732921,2.6920962236319386
2018-02-28,2.2563618231084575,2.6534256067503033
2018-03-01,2.2061200927053806,2.61209168672081
2018-03-02,2.1560121321808343,2.5468232641318833
2018-03-05,2.1112462873037874,2.53004405507497
2018-03-06,2.180829756001828,2.57521359192079
2018-03-07,2.151705151696857,2.5553697407618094
2018-03-08,2.165057279983912,2.569239066271848
2018-03-09,2.1729576672325908,2.58139853284356
2018-03-12,2.2115334566723996,2.6240623431584176
2018-03-13,2.2285269517831763,2.6413849684470687
2018-03-14,2.2097651377935033,2.618442423607109
2018-03-15,2.2093823681039186,2.621647968794329
2018-03-16,2.187755894792514,2.6063249931224672
2018-03-19,2.1632590712867215,2.582805450148808
2018-03-20,2.135704969782248,2.570790174400902
2018-03-21,2.1356155259872946,2.570790174400902
2018-03-22,2.161908854699563,2.596162592944317
2018-03-23,2.0425142327709698,2.4790357292189045
2018-03-26,2.0444345514007494,2.496859734652223
2018-03-27,2.110213606366614,2.563137023330842
2018-03-28,2.090323350314505,2.5287479815300413
2018-03-30,2.1276168389471715,2.5640301750080567
2018-04-02,2.134352484648368,2.5561758120225933
2018-04-03,2.1218338021708196,2.544667952961512
2018-04-04,2.082213993152891,2.547926034882255
2018-04-05,2.106046139597725,2.5868710612518244
2018-04-06,2.103703769557076,2.577561088661994
2018-04-09,2.119542220088108,2.5907957918303732
2018-04-10,2.1190183587201172,2.60466633216397
2018-04-11,2.0973947245852664,2.591852252553492
2018-04-12,2.0867931547824026,2.588646923642785
2018-04-13,2.0964126140700388,2.6028043376460044
2018-04-16,2.106344351729359,2.609591269149625
2018-04-17,2.1161796993751447,2.6110326401096904
2018-04-18,2.1522917612412384,2.6481539529066294
2018-04-19,2.155968611513504,2.652095489753862
2018-04-20,2.171009321463242,2.6486368997109007
2018-04-23,2.1796448458832964,2.639769025355623
2018-04-24,2.19184915084516,2.662485731947447
2018-04-25,2.194345882898538,2.6549805658779766
2018-04-26,2.193316071952438,2.6674442814704693
2018-04-27,2.2097249575909097,2.685162990491942
2018-04-30,2.2095889450320882,2.685162990491942
2018-05-01,2.228365962920923,2.6899625807236602
2018-05-02,2.230689977120548,2.685749809373497
2018-05-03,2.230595163279298,2.685749809373497
2018-05-04,2.230549672829419,2.685749809373497
2018-05-07,2.265973763717221,2.6850782588873257
2018-05-08,2.2522174719420995,2.6900414768183163
2018-05-09,2.233292118397349,2.6781132276197326
2018-05-10,2.2356532967979654,2.6886659304105973
2018-05-11,2.274842417187234,2.719894311829754
2018-05-14,2.2840732764309757,2.732727298492502
2018-05-15,2.2696321508654638,2.7270098992543095
2018-05-16,2.270602221422995,2.7149644730157334
2018-05-17,2.295210186400177,2.729441906385147
2018-05-18,2.3164506024346574,2.7404357737289713
2018-05-21,2.31884796509451,2.7490417503972537
2018-05-22,2.3087776268472333,2.744018776844275
2018-05-23,2.2804280385173894,2.7116790809083784
2018-05-24,2.2526115250772984,2.6814749481973625
2018-05-25,2.2499225923543933,2.683121729108012
2018-05-28,2.2340263992832106,2.6867430131686523
2018-05-29,2.2312094439681416,2.672083745308892
2018-05-30,2.204501047884835,2.631460659695289
2018-05-31,2.233776443193073,2.653367164084297
2018-06-01,2.243735193450075,2.649725572448997
2018-06-04,2.274608909495898,2.686127483578095
2018-06-05,2.2809693893656764,2.693728352010905
2018-06-06,2.282609592765069,2.704029194191906
2018-06-07,2.3050633274955836,2.727636166183193
2018-06-08,2.3051273057672894,2.7122479264192574
2018-06-11,2.3103046678060375,2.725339076042626
2018-06-12,2.3205699367562924,2.7342200219402137
2018-06-13,2.3337836507552265,2.744740746136499
2018-06-14,2.3207139334916302,2.7175194926965234
2018-06-15,2.3605668836400304,2.731041069534525
2018-06-18,2.3529543905238524,2.7105544614289303
2018-06-19,2.3072693904440174,2.6625289147211495
2018-06-20,2.33108595414927,2.6956274603722155
2018-06-21,2.3430843267625443,2.7120733279612614
2018-06-22,2.341519212164869,2.691014373038812
2018-06-25,2.3133804298470957,2.6696601413123973
2018-06-26,2.3315782819888224,2.670120212917626
2018-06-27,2.3357970430493906,2.6617268822322777
2018-06-28,2.3237179545776514,2.6615620874310135
2018-06-29,2.3250451429051693,2.6656397083705086
2018-07-02,2.2592695358038,2.6067708504758658
2018-07-03,2.257657923840294,2.6036168740528045
2018-07-04,2.2554056708198544,2.5954303538404306
2018-07-05,2.2362938189631807,2.5751076068545067
2018-07-06,2.272526650960147,2.6039277900234614
2018-07-09,2.3109262075955233,2.635483426841162
2018-07-10,2.2957432371840163,2.6527780109987584
2018-07-11,2.2684960838437522,2.6211458122903855
2018-07-12,2.3055177532341817,2.6517108129373144
2018-07-13,2.333701432346253,2.700637362382885
2018-07-16,2.3336032063737937,2.700637362382885
2018-07-17,2.3541287900694225,2.7125896538825027
2018-07-18,2.3666832211777833,2.7241619369735397
2018-07-19,2.3460358559185415,2.720635188174248
2018-07-20,2.348839491240911,2.7126519771288726
2018-07-23,2.3237631894322472,2.676692164234328
2018-07-24,2.3321988564580254,2.690255523323642
2018-07-25,2.3618187952181273,2.702657149090163
2018-07-26,2.365696159598562,2.6993848285251176
2018-07-27,2.3727476137445374,2.714429006621825
2018-07-30,2.3245526577969247,2.694361854972139
2018-07-31,2.310016978148269,2.6954232175236235
2018-08-01,2.32987218447484,2.7184863199866593
2018-08-02,2.316436980913628,2.6905003813215544
2018-08-03,2.3083805189151185,2.692012245241934
2018-08-06,2.2900338877432014,2.6898778491190454
2018-08-07,2.2919039924911866,2.70845227732102
2018-08-08,2.2722059297994166,2.7062497224418007
2018-08-09,2.265841334542818,2.7007617754552267
2018-08-10,2.230991286004187,2.6648712884190044
2018-08-13,2.1810983815908758,2.6122086120767856
2018-08-14,2.2279092683717905,2.6718029405696275
2018-08-15,2.232808538415599,2.65365403775392
2018-08-16,2.2152532631933615,2.6521981947291544
2018-08-17,2.2200405137728834,2.661560920329021
2018-08-20,2.2228365620691752,2.6530301050290204
2018-08-21,2.234118913428252,2.655507629137544
2018-08-22,2.2469799929948313,2.672576262349497
2018-08-23,2.248482356763972,2.6783450140753353
2018-08-24,2.262740294136457,2.7011655927444433
2018-08-27,2.282378556684014,2.724813413305449
2018-08-28,2.2770917503844013,2.726466263146457
2018-08-29,2.286373795516811,2.730619278874632
2018-08-30,2.2880514886352685,2.7331623941151038
2018-08-31,2.2839563131727707,2.7326425668878866
2018-09-03,2.2571495374382637,2.7137873339466476
2018-09-04,2.2538216507768,2.7125348000888807
2018-09-05,2.2443354127847526,2.6986630926532924
2018-09-06,2.230171879571558,2.68756161850581
2018-09-07,2.229760013875376,2.665944555410807
2018-09-10,2.230541453283017,2.673835798819216
2018-09-11,2.2586685825750763,2.708685230878614
2018-09-12,2.2507628095762926,2.7015049860037044
2018-09-13,2.2800918722996193,2.727404379727591
2018-09-14,2.299670558733708,2.760072731584422
2018-09-17,2.299527581737798,2.760072731584422
2018-09-18,2.3459547678380086,2.7990177579539908
2018-09-19,2.3733933314844617,2.8291322572320245
2018-09-20,2.3693891902253448,2.8294202980036394
2018-09-21,2.4053685303459518,2.8527249905790106
2018-09-24,2.4052648423329637,2.8527249905790106
2018-09-25,2.404244492240697,2.8611302257046773
2018-09-26,2.440017978800971,2.872308028322434
2018-09-27,2.4115276636447427,2.8439780279901004
2018-09-28,2.4537812190141266,2.8826158731153866
2018-10-01,2.466219676802222,2.897640910739425
2018-10-02,2.4528519185540802,2.9006118855701475
2018-10-03,2.4412383387283705,2.881530935103664
2018-10-04,2.4249088287581224,2.8653560685971504
2018-10-05,2.411614444938187,2.842422047614425
2018-10-08,2.411561718768939,2.842422047614425
2018-10-09,2.379507761177402,2.804856068958551
2018-10-10,2.3938650666301795,2.8092359693139626
2018-10-11,2.2987277521532046,2.6998617063990316
2018-10-12,2.2926945432938584,2.712267066891927
2018-10-15,2.269651637558676,2.661670861336664
2018-10-16,2.293628116304721,2.694887751129715
2018-10-17,2.319755324672692,2.729770562306083
2018-10-18,2.294793364008215,2.7079049064867933
2018-10-19,2.2927875195324434,2.69283691950945
2018-10-22,2.3044009381041985,2.702725307846494
2018-10-23,2.225566773213863,2.6305356146564662
2018-10-24,2.224351298322405,2.6401443653562375
2018-10-25,2.138933821726727,2.541852436116121
2018-10-26,2.128613566268427,2.5317978524554228
2018-10-29,2.1073099639512294,2.5276390012172882
2018-10-30,2.1207268414909244,2.564387308217598
2018-10-31,2.136109089658391,2.619741555173665
2018-11-01,2.086047893682968,2.59191807710584
2018-11-02,2.109677889084529,2.658367495858633
2018-11-05,2.0747402279695626,2.617175564734151
2018-11-06,2.1210511011689754,2.646905153775238
2018-11-07,2.099941131346274,2.639501525579068
2018-11-08,2.1525769382332203,2.6874397730578505
2018-11-09,2.1434913653690035,2.659155056282805
2018-11-12,2.141395467564065,2.661501164707034
2018-11-13,2.1010536255871384,2.606602320948228
2018-11-14,2.0959384495300353,2.6109000573234056
2018-11-15,2.1000903198114855,2.605777646680712
2018-11-16,2.1003719078526615,2.5910443845546616
2018-11-19,2.100402629895601,2.6078739952786623
2018-11-20,2.0974018453612975,2.5794254173839457
2018-11-21,2.077053859998569,2.570392748227404
2018-11-22,2.0931033634469824,2.587006211662495
2018-11-23,2.0930990165617374,2.587006211662495
2018-11-26,2.1073309557916464,2.6067792536102075
2018-11-27,2.1100891442236374,2.6235586789485543
2018-11-28,2.1500156466629914,2.650403191865527
2018-11-29,2.1511913566283973,2.660630973461831
2018-11-30,2.172038731090454,2.6712030501457624
2018-12-03,2.178710937744695,2.697937622055093
2018-12-04,2.138210780553911,2.6335558411912485
2018-12-05,2.144295123836623,2.6196064047629957
2018-12-06,2.1143245969445332,2.56968525099988
2018-12-07,2.127403290269268,2.590845977216029
2018-12-10,2.0955488946578824,2.535968841554273
2018-12-11,2.08524021219503,2.527426121813954
2018-12-12,2.141716106032305,2.581771525808175
2018-12-13,2.1390259905192006,2.6072799403647564
2018-12-14,2.1094214342539046,2.5545325324179213
2018-12-17,2.1243296505768536,2.570314085553146
2018-12-18,2.075617131732312,2.5235336032503835
2018-12-19,2.0564398824276187,2.5082924183374344
2018-12-20,2.0004696008730334,2.437142613022239
2018-12-21,1.9579928010301177,2.4100863878039256
2018-12-24,1.9578719552573018,2.4100863878039256
2018-12-25,1.8909605643534828,2.289326344696272
2018-12-26,1.907438901748202,2.3098010483615488
2018-12-27,1.9732187928399165,2.3995012395776847
2018-12-28,1.9611569121688166,2.3919900045778566
2018-12-31,1.9611135263958124,2.3919900045778566
2019-01-04,1.9603455977018278,2.3378742862556527
2019-01-07,1.9913015146272832,2.3948823167343214
2019-01-08,1.9924909810532705,2.414609841704348
2019-01-09,2.0183491877222983,2.4412634167354366
2019-01-10,2.008040440527535,2.4098009146566937
2019-01-11,2.004014596054022,2.433212980615324
2019-01-15,1.9971349246350343,2.4565881661510094
2019-01-16,1.997389343807227,2.443138482795712
2019-01-17,2.0072632377567223,2.4383006116186574
2019-01-18,2.029181999427007,2.4698277711477545
2019-01-21,2.02490918136061,2.4761929119914825
2019-01-22,2.0172999960630245,2.4646696471841074
2019-01-23,2.0098059088838953,2.461181179330152
2019-01-24,2.000102071981087,2.4588997283562772
2019-01-25,1.9908599613899571,2.482674062773211
2019-01-28,1.9568371581074864,2.4677876768658162
2019-01-29,1.9860395359733392,2.4696569074161325
2019-01-30,1.949695077945386,2.4567375552059803
2019-01-31,1.9316870547762797,2.482665659638869
2019-02-01,1.922899931238994,2.484446423858195
2019-02-04,1.9393704303267374,2.4958452755932274
2019-02-05,1.944958104720249,2.491146056132817
2019-02-06,1.942068435828639,2.494684942792825
2019-02-07,1.905697368539868,2.4800112028683645
2019-02-08,1.8706669686815294,2.4300424313439772
2019-02-12,1.8875102319791648,2.4935078037237384
2019-02-13,1.8939550654934543,2.5270031640520694
2019-02-14,1.8874690773228657,2.526433151439198
2019-02-15,1.8800592191039989,2.4978603938925374
2019-02-18,1.902010041885024,2.5434203209321127
2019-02-19,1.9128344742365109,2.5459062481749783
2019-02-20,1.926863845451321,2.561304058175248
2019-02-21,1.9322999735560202,2.5652168843134784
2019-02-22,1.927430190571946,2.5605893249153744
2019-02-25,1.9318610263602523,2.572865603927959
2019-02-26,1.9375348954157072,2.5634433561265024
2019-02-27,1.9441452494470215,2.576245297876264
2019-02-28,1.9311550886293103,2.5557670929050116
2019-03-01,1.9481847136518136,2.5817642897758244
2019-03-04,1.954382617957529,2.607979034457937
2019-03-05,1.9486729082011087,2.596534665745218
2019-03-06,1.95017028780932,2.5810616943766664
2019-03-07,1.955371973460895,2.5642344178566496
2019-03-08,1.9234024488141352,2.5127908962552277
2019-03-11,1.9297594350581309,2.524685766336842
2019-03-12,1.9615432834630515,2.5699326766221744
2019-03-13,1.9489860245622974,2.5444230949636006
2019-03-14,1.9579255081463525,2.5440381847266536
2019-03-15,1.967453944044103,2.5636177211641002
2019-03-18,1.9735231912925715,2.579590445605607
2019-03-19,1.9632790397832394,2.5774810254653464
2019-03-20,1.9708448202672673,2.5825089008466913
2019-03-22,1.984487137951123,2.584710288623918
2019-03-25,1.94399963077419,2.507000436432338
2019-03-26,1.9870645216283302,2.560933620003
2019-03-27,1.989875251859394,2.554998672953507
2019-03-28,1.9717580595947966,2.5137707950876726
2019-04-01,1.9776878121472008,2.5497148320575453
2019-04-02,1.954986813902504,2.549274005467891
2019-04-03,1.9589107086582094,2.573918851232462
2019-04-04,1.958533060750165,2.5753103259193426
2019-04-05,1.9725234557965954,2.5850960279352693
2019-04-08,1.9704871871376501,2.5796609416999052
2019-04-09,1.968205318410009,2.5845139701377953
2019-04-10,1.966745018197135,2.570879370418921
2019-04-11,1.9643912405135209,2.5737019108361867
2019-04-12,1.9617246974838687,2.5925713263072048
2019-04-15,1.9881903876564546,2.6279617832477373
2019-04-16,1.9771859233534794,2.6341912371454455
2019-04-17,1.995160362549337,2.6408663796907823
2019-04-18,1.9795127969667325,2.6185981541692787
2019-04-19,1.9969547472514833,2.631690055607612
2019-04-22,1.98867314427618,2.633745548497817
2019-04-23,1.9808777963946536,2.6387053106845677
2019-04-24,1.9818917478770837,2.631623607481966
2019-04-25,2.000951637069212,2.6443763224949617
2019-04-26,1.9898372447425854,2.638585611447776
2019-05-07,1.9624445570628235,2.598873016494814
2019-05-08,1.9341802649492184,2.560805649349669
2019-05-09,1.9044606091051577,2.537042919817547
2019-05-10,1.9033297388347534,2.53026104352335
2019-05-13,1.8885085773933008,2.512048237405409
2019-05-14,1.890264766542184,2.497343290352516
2019-05-15,1.913426035619273,2.5117259524196953
2019-05-16,1.9018499297122922,2.4968394885357683
2019-05-17,1.9171743385961468,2.519019733960597
2019-05-20,1.9238728435646846,2.5251412964765936
2019-05-21,1.9248654815708919,2.521670250136207
2019-05-22,1.9165744974691363,2.522964715190176
2019-05-23,1.9097431319289349,2.5072901348613
2019-05-24,1.9107617985726724,2.5032692129166967
2019-05-27,1.9172694171579874,2.5110170180617537
2019-05-28,1.91978945057032,2.5202111696908283
2019-05-29,1.8926947718608969,2.4897730660867996
2019-05-30,1.876560085662306,2.4825610134251774
2019-05-31,1.8553278940288551,2.442098040858209
2019-06-03,1.852965563476843,2.4195385549113984
2019-06-04,1.8319514166079516,2.419260954553733
2019-06-05,1.85867378123565,2.4628321713255903
2019-06-06,1.861787995659465,2.462587910794033
2019-06-07,1.8722104893253821,2.47570713236765
2019-06-10,1.9029082879691839,2.5053080358938478
2019-06-11,1.9036682446953868,2.513589278256638
2019-06-12,1.8846816954854861,2.504750982965955
2019-06-13,1.8819524628339204,2.493167014079311
2019-06-14,1.8860496967136147,2.503230084926334
2019-06-17,1.882808798198692,2.5040728416418494
2019-06-18,1.8731190427956441,2.4861387935144252
2019-06-19,1.8983741847163034,2.528951066189178
2019-06-20,1.9123680855564864,2.544241775464668
2019-06-21,1.8869506108883451,2.5200333572849174
2019-06-24,1.8950247048451812,2.52327542384738
2019-06-25,1.882950257181426,2.5123482958403835
2019-06-26,1.8748252529968632,2.4996381817163043
2019-06-27,1.8919911188927392,2.5294608876967506
2019-06-28,1.8890054007441257,2.522081672851446
2019-07-01,1.937785703555811,2.575905580731317
2019-07-02,1.9511245015775591,2.5787860027911322
2019-07-03,1.9152734942515508,2.565022211246088
2019-07-04,1.9218270444631247,2.5726431398306775
2019-07-05,1.9260774754775125,2.5778508669741083
2019-07-08,1.9069251011266706,2.552716342513572
2019-07-09,1.896075139695357,2.556367516525571
2019-07-10,1.8922114698270611,2.552613313189834
2019-07-11,1.905529666774838,2.565658677787558
2019-07-12,1.8978654529435484,2.570681415201402
2019-07-16,1.895646268048657,2.5528230762624324
2019-07-17,1.8900993924099876,2.544990995445824
2019-07-18,1.8498375655887067,2.4948550743026137
2019-07-19,1.888548193120833,2.544731454160633
2019-07-22,1.888054451342886,2.5387805267268715
2019-07-23,1.9097435545525334,2.562973895679559
2019-07-24,1.934541357525714,2.5734872857056135
2019-07-25,1.9637093906155632,2.579056425825121
2019-07-26,1.949022163260029,2.5673918856920492
2019-07-29,1.9528390720606088,2.562490236674418
2019-07-30,1.9642827832966838,2.5734564926717773
2019-07-31,1.94883910398116,2.5511966021068013
2019-08-01,1.9575949241108388,2.5535035328522397
2019-08-02,1.9303859179514515,2.499705787474801
2019-08-05,1.9004509361863944,2.4562162995822234
2019-08-06,1.8990230186885328,2.4402157298425107
2019-08-07,1.9000866665814273,2.4320659945715923
2019-08-08,1.8944268174782726,2.4411686932054395
2019-08-09,1.9027361359673451,2.452011777067454
2019-08-13,1.8962831130200433,2.424820602083862
2019-08-14,1.9049124449488781,2.4484923416738966
2019-08-15,1.8809486261196298,2.4189185267564115
2019-08-16,1.8875344842480355,2.420478552786396
2019-08-19,1.883589252571857,2.4375899870099116
2019-08-20,1.9061876356009553,2.4511109071828194
2019-08-21,1.909408071168067,2.4441583958063875
2019-08-22,1.9155385557562983,2.4452773637201473
2019-08-23,1.924075276201025,2.4551045089921395
2019-08-26,1.8961860033917035,2.4017760679724893
2019-08-27,1.9120064627948832,2.424896542798886
2019-08-28,1.908483588712644,2.4276632853127342
2019-08-29,1.9000691303331088,2.4254714232726835
2019-08-30,1.9179781856672804,2.4543291265085503
2019-09-02,1.9050534617811472,2.444350331333079
2019-09-03,1.9002842638530926,2.4449395664542295
2019-09-04,1.9041779786734454,2.4477822496831028
2019-09-05,1.944399386078766,2.499561083368427
2019-09-06,1.9495652115079127,2.5130310676958914
2019-09-09,1.953657704481019,2.527119691018921
2019-09-10,1.934542050809387,2.5358537993530152
2019-09-11,1.9512629390665395,2.5602330841415704
2019-09-12,1.9779451518643694,2.5794189964340473
2019-09-13,1.9871273554620543,2.6065270533789393
2019-09-17,1.9821647396103554,2.6080717986552906
2019-09-18,1.9701695489486168,2.603257898207764
2019-09-19,1.9677853636431246,2.61318436837837
2019-09-20,1.969451344284279,2.617290723627376
2019-09-24,1.9739702519934066,2.6196319203052036
2019-09-25,1.9661699938086443,2.610303946318555
2019-09-26,1.956159715582679,2.613633761451122
2019-09-27,1.9635603607333907,2.593559944761941
2019-09-30,1.9485909269416504,2.5789721501535676
2019-10-01,1.9575829886968945,2.594311480008799
2019-10-02,1.9572656394561625,2.581671286908919
2019-10-03,1.9383846359265098,2.5298841182670673
2019-10-04,1.9539112607979363,2.5379993560790264
2019-10-07,1.9468279700829023,2.5338564196319293
2019-10-08,1.9638034042150478,2.5590499833678657
2019-10-09,1.9572763996566274,2.543473801831323
2019-10-10,1.9518786093606155,2.554806332862733
2019-10-11,1.9628763905989834,2.584072912021567
2019-10-15,1.9961271334153419,2.632478403579128
2019-10-16,2.004634549130189,2.6639759727683763
2019-10-17,1.994823672010052,2.661479421761947
2019-10-18,1.9936464059265284,2.666318327079055
2019-10-21,2.0052077117001477,2.6729828194021623
2019-10-23,2.007819276674666,2.6820489368379183
2019-10-24,2.0055622155333293,2.696892568306359
2019-10-25,2.0260520694718682,2.702726111769031
2019-10-28,2.0432728488927023,2.71072280797705
2019-10-29,2.0372413198011396,2.723390321212213
2019-10-30,2.0265284227210842,2.7078599819365694
2019-10-31,2.0071612680855364,2.717807984078204
2019-11-01,1.999671132705624,2.708766871512029
2019-11-05,2.013333587324679,2.7563282171946533
2019-11-06,2.018452753077919,2.7624722377879585
2019-11-07,2.020360092257268,2.765613590292385
2019-11-08,2.0112321628766145,2.772909687098988
2019-11-11,2.00676581913607,2.7657937179639975
2019-11-12,2.0323569073907417,2.788099682316443
2019-11-13,2.0224900658059144,2.7643746916152625
2019-11-14,1.9929518760446776,2.7432365472828883
2019-11-15,2.0033259315955227,2.762412966985987
2019-11-18,2.0156177289865376,2.775860261709572
2019-11-19,1.9792517419348221,2.761148137333003
2019-11-20,1.9698119662281732,2.7440686537761745
2019-11-21,1.9511879984987803,2.7310302349755564
2019-11-22,1.959001606142757,2.7398379687589736
2019-11-25,1.9734019464551382,2.7611671225117593
2019-11-26,1.993776222292238,2.770710879261831
2019-11-27,2.0070875556824403,2.7783507930251767
2019-11-28,2.0025038734435845,2.774957076559236
2019-11-29,1.9966930183254843,2.7612974719707806
2019-12-02,2.013846939536831,2.789224669921028
2019-12-03,2.007769618914387,2.771480242054595
2019-12-04,1.986630898503774,2.742487327301733
2019-12-05,2.0122090492627063,2.7620300220388825
2019-12-06,2.030643102341127,2.7684680813763376
2019-12-09,2.0302012311335846,2.7775126668410657
2019-12-10,2.0377007196970918,2.775081406327432
2019-12-11,2.0460403941013197,2.7729085294661373
2019-12-12,2.051892628059664,2.776814614231923
2019-12-13,2.0928921392517217,2.847736759320808
2019-12-16,2.084296811631056,2.839349940842008
2019-12-17,2.093795108571303,2.852836363555957
2019-12-18,2.0795656335937176,2.837225684560455
2019-12-19,2.072754221843977,2.8289775504972035
2019-12-20,2.0845040103540593,2.823261622532191
2019-12-23,2.0832588859856807,2.823792512957652
2019-12-24,2.08681018135093,2.824915185296535
2019-12-25,2.0812752082716233,2.8192594542397735
2019-12-26,2.099486701908553,2.836098381690168
2019-12-27,2.099616475987201,2.825761646437173
2019-12-30,2.0975154048322193,2.804293576742269
2020-01-06,2.073735770539739,2.7507412495292387
2020-01-07,2.10340570321622,2.7947037462047284
2020-01-08,2.0747003683141485,2.750729441674159
2020-01-09,2.135996983032876,2.8141621652703264
2020-01-10,2.1631812781266886,2.827284859742496
2020-01-14,2.166363890421666,2.847982177485216
2020-01-15,2.144712733037945,2.8351097632354287
2020-01-16,2.139245848114222,2.837071719391274
2020-01-17,2.134432666117249,2.849889493370495
2020-01-20,2.1477574529955907,2.8548978761369863
2020-01-21,2.1253337399035814,2.8289432845648137
2020-01-22,2.149254816852182,2.8487147275533173
2020-01-23,2.139469706115735,2.820749559245558
2020-01-24,2.1415629140285968,2.824512097537822
2020-01-27,2.1062504658093912,2.767177089220921
2020-01-28,2.0931650718365304,2.752027611153251
2020-01-29,2.102817226137069,2.771431621474853
2020-01-30,2.0344648223502646,2.7238193399467856
2020-01-31,2.060412359161903,2.7507792198867516
2020-02-03,2.045480671945172,2.723130548400451
2020-02-04,2.062902543034884,2.736484306389677
2020-02-05,2.075986740143569,2.7643381104171723
2020-02-06,2.120734469716236,2.830013631898834
2020-02-07,2.125762692456637,2.824607023431604
2020-02-10,2.1048372278710734,2.807774115672035
2020-02-12,2.1168381762844963,2.8285462164969277
2020-02-13,2.098004628713651,2.8245773880306184
2020-02-14,2.0963010786364764,2.807964893565876
2020-02-17,2.077428377045578,2.788482627263548
2020-02-18,2.0252744301343535,2.749430346088787
2020-02-19,2.057679665053484,2.773956418722847
2020-02-20,2.06114818356784,2.7832561464679317
2020-02-21,2.0657360401458122,2.7723016983256525
2020-02-25,1.9891718108691996,2.679681577657658
2020-02-26,1.964235444928255,2.6584364680498536
2020-02-27,1.901301623481837,2.601778443424207
2020-02-28,1.822628794056361,2.506320501585314
2020-03-02,1.848480202233721,2.5301614870981624
2020-03-03,1.8202010492485468,2.499180685213593
2020-03-04,1.8146502173693035,2.5012350204709466
2020-03-05,1.8273147351620447,2.528387993570457
2020-03-06,1.775942410960808,2.4597086463670657
2020-03-09,1.6899001242892748,2.3351225782583156
2020-03-10,1.7117097216189652,2.3550801686092577
2020-03-11,1.6576936457103082,2.301610959434928
2020-03-12,1.5911959996178475,2.2000884106163063
2020-03-13,1.4991788816789902,2.0663047179799285
2020-03-16,1.4599636401631557,2.0154489807299774
2020-03-17,1.485032705868553,2.0165739683345625
2020-03-18,1.5000300137527467,1.9827921580037553
2020-03-19,1.5261351197154895,1.962199027217624
2020-03-23,1.5033832703359418,2.0019044448469097
2020-03-24,1.5456578356297603,2.1446961417499244
2020-03-25,1.6262852314046976,2.317088973705707
2020-03-26,1.594196007731849,2.212531574604949
2020-03-27,1.6697831376792467,2.298454094650298
2020-03-31,1.65540765148738,2.278226109470579
2020-04-01,1.5782675603021499,2.1756656895664466
2020-04-02,1.5662734656591157,2.1459562185663494
2020-04-03,1.5690492898254227,2.146133104059339
2020-04-06,1.6424359623075873,2.2371936147184313
2020-04-07,1.634702232300549,2.282220851927288
2020-04-08,1.6716863685256251,2.3307625122089637
2020-04-09,1.6489992546421395,2.3298627954394346
2020-04-10,1.6561478088171726,2.3482565345096664
2020-04-13,1.6307593747753861,2.293447670670518
2020-04-14,1.6657899104202303,2.3651545091518105
2020-04-15,1.6719257287627989,2.3544696374509324
2020-04-16,1.654852612797668,2.323170313994561
2020-04-17,1.6860049999878224,2.396280240196178
2020-04-20,1.6654645698618797,2.368804654205288
2020-04-21,1.639205206764197,2.322035847594708
2020-04-22,1.6325481270624083,2.304834439061664
2020-04-23,1.6407816265659076,2.3399393880380903
2020-04-24,1.6394507390913597,2.319774206617186
2020-04-27,1.6527362493523188,2.382546210721861
2020-04-28,1.6440085221097618,2.381097255087796
2020-04-30,1.6518487500054182,2.4319800607308113
2020-05-01,1.624752539128661,2.3628107763696966
2020-05-07,1.6482210282501013,2.369485145869145
2020-05-08,1.6652230228942642,2.4302217907040853
2020-05-11,1.6541951231151186,2.455701769617149
2020-05-12,1.6711815328488626,2.452789745144791
2020-05-13,1.6844540919648883,2.4408151617975524
2020-05-14,1.6627614734547043,2.3983901642282515
2020-05-15,1.674207841743763,2.41316621861473
2020-05-18,1.6909975970625641,2.4247590397876033
2020-05-19,1.6929343802847943,2.460854970920899
2020-05-20,1.7110837096657914,2.4803290757747773
2020-05-21,1.7054549348824881,2.4751697587491956
2020-05-22,1.697344954003552,2.4554006879269545
2020-05-25,1.7160573979740443,2.497972462820226
2020-05-26,1.7486876367425213,2.5617439170043075
2020-05-27,1.7400774710560145,2.579575244886057
2020-05-28,1.7664613409969967,2.639439928919783
2020-05-29,1.7873745287816627,2.6348129149136637
2020-06-01,1.792478844898859,2.657032743650081
2020-06-02,1.810086610588961,2.6887328821065246
2020-06-03,1.8087323673689182,2.7234356047624555
2020-06-04,1.826952016152464,2.733308732000159
2020-06-05,1.8209612337447423,2.7535402454809343
2020-06-08,1.8192660844492807,2.791400562362789
2020-06-09,1.8107246957996177,2.780914451621454
2020-06-10,1.8270023301734566,2.784999518585222
2020-06-11,1.7957803709667768,2.7064727093808636
2020-06-12,1.7989956702660557,2.6863087040603113
2020-06-15,1.7479707504474578,2.5930298329166623
2020-06-16,1.8187547142893592,2.719636094964233
2020-06-17,1.8243956931582443,2.7044072419421092
2020-06-18,1.8338763044193496,2.692327985663514
2020-06-19,1.8395791172705551,2.7071807217929638
2020-06-22,1.8488140179674777,2.7021804135350163
2020-06-23,1.8547462303088569,2.715642528607876
2020-06-24,1.8545192920164588,2.713868498836428
2020-06-25,1.8602366660482872,2.6808059657318504
2020-06-26,1.8864475031222738,2.7111900478940414
2020-06-29,1.8563390808458282,2.648921414740162
2020-06-30,1.8667650368580966,2.684220420274722
2020-07-01,1.8558731881885486,2.6641791998309525
2020-07-02,1.8592359563073466,2.6670973400251428
2020-07-03,1.8929754625293984,2.6864291367363897
2020-07-06,1.9197304323912616,2.7355607289547925
2020-07-07,1.935186711208155,2.723547569515998
2020-07-08,1.9229562358287475,2.7023467141248356
2020-07-09,1.9216943901560042,2.713262571934911
2020-07-10,1.9082279706144096,2.684541966111049
2020-07-13,1.9414822555803135,2.7440272401711145
2020-07-14,1.9138790347593722,2.7202140306773663
2020-07-15,1.937374426659455,2.763387968951028
2020-07-16,1.8902573969899727,2.7422953147922797
2020-07-17,1.900794056678468,2.7333905885846814
2020-07-20,1.9113075950259992,2.7359269666045067
2020-07-21,1.9455981039816004,2.756007939240185
2020-07-22,1.9372887787189312,2.740037202115815
2020-07-27,1.9319892819326392,2.735730557845669
2020-07-28,1.9395800636471507,2.728689009816225
2020-07-29,1.9359305340505053,2.697343818446113
2020-07-30,1.9368958246047727,2.69037330687795
2020-07-31,1.898285177377207,2.614593397656483
2020-08-03,1.9503119749853195,2.673049113468123
2020-08-04,1.9619251619990208,2.718606301495738
2020-08-05,1.9502975448488307,2.7115235899539627
2020-08-06,1.9437671418473415,2.6998778442652345
2020-08-07,1.9309645461864149,2.6892543650027476
2020-08-11,1.9293682924878868,2.739872312846419
2020-08-12,1.9089268195923303,2.751159347927688
2020-08-13,1.9425994394347148,2.8000126748027303
2020-08-14,1.9588577021340774,2.8047998736768363
2020-08-17,1.9389049237461942,2.781603411207848
2020-08-18,1.95443066496165,2.776103260300162
2020-08-19,1.9631742485108001,2.7832725328278687
2020-08-20,1.9348762089443157,2.755574193430248
2020-08-21,1.944036716559713,2.760353159601888
2020-08-24,1.9560425727023367,2.768206452094507
2020-08-25,1.9594380892631291,2.805692298624181
2020-08-26,1.9571288235075224,2.8049805226909537
2020-08-27,1.9572377096397644,2.795105043252546
2020-08-28,1.9137721734099753,2.7558188223035316
2020-08-31,1.9375257454367751,2.7867831923795605
2020-09-01,1.9324461735145533,2.786579727018608
2020-09-02,1.9580642268190043,2.7997165327340148
2020-09-03,1.955704437667105,2.8260164888127206
2020-09-04,1.9306883034122337,2.7946919968088095
2020-09-07,1.919198376825549,2.7807843749224888
2020-09-08,1.925356501094636,2.8029658627874205
2020-09-09,1.9109398304010785,2.7738703161712372
2020-09-10,1.9319067903267388,2.7983099167126344
2020-09-11,1.946732996081921,2.8189062565227014
2020-09-14,1.9440559223987153,2.8373096396158224
2020-09-15,1.9346088313419096,2.8247352450888976
2020-09-16,1.9277082652521258,2.8272208155735026
2020-09-17,1.9194130587556986,2.808414030059534
2020-09-18,1.9293837900949236,2.813343537076271
2020-09-23,1.9323286968688156,2.8116802959580123
2020-09-24,1.898321658426811,2.780527985045682
2020-09-25,1.9129578223068855,2.794594380479567
2020-09-28,1.9333492095333595,2.831567212035557
2020-09-29,1.9596483896992807,2.834876758427001
2020-09-30,1.9247144129528824,2.7922459432960434
2020-10-02,1.9015263874392743,2.773552533856039
2020-10-05,1.9294201505013946,2.8075434805787425
2020-10-06,1.9434814238735634,2.8221868708454783
2020-10-07,1.9524496761308936,2.82087293153186
2020-10-08,1.9796865004999855,2.8478799591423836
2020-10-09,1.975268429058403,2.844582408974533
2020-10-12,1.9752007868516208,2.837236015733766
2020-10-13,1.983561907715376,2.842425440928368
2020-10-14,1.9790856919264936,2.84543037732856
2020-10-15,1.9674000130812406,2.831038672537222
2020-10-16,1.9551774779848747,2.8194049230720872
2020-10-19,1.974316990296623,2.8507776351904432
2020-10-20,1.9733356021418333,2.8382415815350046
2020-10-21,1.9921858656177263,2.846963541747851
2020-10-22,1.9839492115069348,2.8270690986280522
2020-10-23,1.9714566450129107,2.8321658471148905
2020-10-26,1.9680600439779266,2.829486220072152
2020-10-27,1.9643142741813826,2.8284578379240783
2020-10-28,1.9593935050415983,2.8203538008363433
2020-10-29,1.941727704970946,2.8099279064330474
2020-10-30,1.8994876203313984,2.7671973579922122
2020-11-02,1.894327504395476,2.805537053377675
2020-11-04,1.9158006558001974,2.8536800156399122
2020-11-05,1.9327276501595194,2.903063293333713
2020-11-06,1.9455767171859593,2.9295526015691427
2020-11-09,1.9774496564222332,2.9915283857352932
2020-11-10,1.9495847754426807,2.999446834187431
2020-11-11,1.978440750614787,3.0529201184664787
2020-11-12,1.9792448847339024,3.073547977765988
2020-11-13,1.9628459534108817,3.057288155175016
2020-11-16,2.0047281965796335,3.120040871233913
2020-11-17,2.013049996452721,3.1330102002591484
2020-11-18,1.9892935609125593,3.0985088259835356
2020-11-19,1.982506505688823,3.0872121468793776
2020-11-20,1.9829572320373416,3.0743293788400736
2020-11-24,2.03157994723388,3.151192006045892
2020-11-25,2.040427426529886,3.167001146981853
2020-11-26,2.0725208048732395,3.1959593250768843
2020-11-27,2.084547484106141,3.208893841531691
2020-11-30,2.072915742265053,3.183471491535891
2020-12-01,2.102743928022719,3.226095014844665
2020-12-02,2.1005675984818017,3.2277137993696057
2020-12-03,2.116484146319026,3.228724069572253
2020-12-04,2.117434376396331,3.22172344983507
2020-12-07,2.082555047200681,3.1971791763623165
2020-12-08,2.093362700826346,3.1875012817830997
2020-12-09,2.1352729781184654,3.2297562152414545
2020-12-10,2.120497512749634,3.222325613215461
2020-12-11,2.113428045601071,3.209834251373411
2020-12-14,2.1193672447442737,3.2194592214367734
2020-12-15,2.1104985714267555,3.2140879711277024
2020-12-16,2.1381800647138585,3.222465333937318
2020-12-17,2.1457485241403322,3.228398995434871
2020-12-18,2.1508988290132267,3.223186753893434
2020-12-21,2.1511416454085457,3.217289081066662
2020-12-22,2.08635369979253,3.183805268815881
2020-12-23,2.0713977429943493,3.1944513292051324
2020-12-24,2.0840057970918275,3.2117407100445305
2020-12-25,2.116188004391604,3.2103268022009646
2020-12-28,2.119065793772556,3.2341026117035088
2020-12-29,2.1560622397657228,3.3201061260676714
2020-12-30,2.1490509733740684,3.305174826434686
2021-01-04,2.142830069878966,3.2827997524517616
2021-01-05,2.151360234059315,3.270786593012967
2021-01-06,2.1714421845425718,3.2584191921480516
2021-01-07,2.23722750896184,3.310710025132871
2021-01-08,2.2676677022948795,3.3888586004639216
2021-01-12,2.251656740043363,3.391906817357079
2021-01-13,2.2893449782638693,3.4271032669409163
2021-01-14,2.2678871134625176,3.4562082223599186
2021-01-15,2.231962318110631,3.434641129319042
2021-01-18,2.218080197235983,3.4012850415665237
2021-01-19,2.261899830906585,3.448404326082097
2021-01-20,2.2686377736515526,3.4351325040462433
2021-01-21,2.2822663361039233,3.4632655301340836
2021-01-22,2.2645182906299564,3.4481620494095178
2021-01-25,2.2667480220220115,3.4711454024946646
2021-01-26,2.220049718397264,3.437892811573151
2021-01-27,2.2282232674805282,3.4486150832652327
2021-01-28,2.2202582899046845,3.395890739690546
2021-01-29,2.1633564326183485,3.3315761623637603
2021-02-01,2.225968888792255,3.3830804194329445
2021-02-02,2.2642774907807217,3.41573202307442
2021-02-03,2.279378563904388,3.4499746552725212
2021-02-04,2.277536037259138,3.4132967896848943
2021-02-05,2.281007824037722,3.4659548011997097
2021-02-08,2.329452656366453,3.5393357009225026
2021-02-09,2.316469401911121,3.5534780724391473
2021-02-10,2.3234436573774917,3.560342734975601
2021-02-12,2.3063830719963145,3.5551810657493146
2021-02-15,2.3219227861862057,3.6231147390802767
2021-02-16,2.3337626091658743,3.669312666579838
2021-02-17,2.357012177060054,3.6481694401059395
2021-02-18,2.2973070504048234,3.64141321402197
2021-02-19,2.2886980649963253,3.6151384264908044
2021-02-22,2.3541505743050326,3.6317713081135343
2021-02-24,2.288718875408382,3.5734421406998047
2021-02-25,2.3305398788163436,3.6332454322951393
2021-02-26,2.233503382971891,3.4884540713798398
2021-03-01,2.271576905099116,3.5724546868439924
2021-03-02,2.254228601605549,3.541704602252157
2021-03-03,2.3090567943714144,3.55988146841742
2021-03-04,2.304539786387566,3.4841304912646205
2021-03-05,2.303086821188073,3.4762073384110734
2021-03-08,2.2960420646207544,3.4616265166830815
2021-03-09,2.3009121630172236,3.495912429374148
2021-03-10,2.2934973846742266,3.496950690765181
2021-03-11,2.3357405519547734,3.5180360531017447
2021-03-12,2.3928498394523605,3.57899780354412
2021-03-15,2.4120844861320756,3.584915940517022
2021-03-16,2.43088970501611,3.6034769210573545
2021-03-17,2.415018462095405,3.602662824393475
2021-03-18,2.452022608108296,3.6390840648842238
2021-03-19,2.468899088866848,3.5879364014418647
2021-03-22,2.469877657355089,3.5135210038491658
2021-03-23,2.4051743001080776,3.492056231538941
2021-03-24,2.329817317069872,3.4209527325383915
2021-03-25,2.3643374726399116,3.4600164353007457
2021-03-26,2.3960086986972953,3.5138279660411227
2021-03-30,2.463022990195251,3.5195893375399008
2021-03-31,2.4383365330863005,3.489227928047639
2021-04-01,2.423960550799278,3.5143480963446647
2021-04-02,2.4519978659632424,3.569968873802076
2021-04-05,2.4933119536240995,3.5981002859264795
2021-04-06,2.462804984134836,3.551150526722012
2021-04-07,2.5169864244000846,3.5552351961780735
2021-04-08,2.5124821191454787,3.5526273044091683
2021-04-09,2.519266748918128,3.5596921546794187
2021-04-12,2.489574679824807,3.5322686522766302
2021-04-13,2.4979649802380783,3.5577249083629683
2021-04-14,2.5111573504310756,3.542105350971864
2021-04-15,2.5245010005043103,3.5447001635773208
2021-04-16,2.5057045534082993,3.54956467815396
2021-04-19,2.51906336941231,3.549803839999863
2021-04-20,2.4898201200386625,3.4798504014120195
2021-04-21,2.413223188511112,3.4090788144392152
2021-04-22,2.4791345910703138,3.49034829853084
2021-04-23,2.4564997423600334,3.470313822806616
2021-04-26,2.489248713240158,3.4829415215590247
2021-04-27,2.5157096990527847,3.4668770390542036
2021-04-28,2.521946970210838,3.474300632093309
2021-04-30,2.5439069037720667,3.445440990832649
2021-05-06,2.598792780410014,3.5074721932749378
2021-05-07,2.664954090698804,3.510635248820906
2021-05-10,2.7076633868268267,3.5298303225195657
2021-05-11,2.660483616959463,3.4210415778641954
2021-05-12,2.5484773705233974,3.3659051965673346
2021-05-13,2.4958987533246813,3.282258340962573
2021-05-14,2.494385177168804,3.35836692729157
2021-05-17,2.474398360381955,3.3273188617182963
2021-05-18,2.529278301356956,3.396916126658676
2021-05-19,2.493824526910084,3.353581121252108
2021-05-20,2.4788629358592544,3.360014668329509
2021-05-21,2.470371372824139,3.386272256733518
2021-05-24,2.524166837944588,3.391866168228865
2021-05-25,2.536388452903214,3.4145113383998753
2021-05-26,2.537158570022528,3.4250594501640754
2021-05-27,2.5026546839759454,3.413916937132468
2021-05-28,2.5772288311114755,3.4857133699840075
2021-05-31,2.533663675774411,3.4511150122041125
2021-06-01,2.5562460543424907,3.44564535276152
2021-06-02,2.6039813134167926,3.461406211829159
2021-06-03,2.6130631216084272,3.474795538295915
2021-06-04,2.6614354659216612,3.460853617173487
2021-06-07,2.6630095561953473,3.470147530585635
2021-06-08,2.6714969074265382,3.4634893021647186
2021-06-09,2.6447401468493834,3.4512011945489736
2021-06-10,2.6600644762893992,3.4628913975499596
2021-06-11,2.6397152831966837,3.4617159077350843
2021-06-14,2.64128205039038,3.487195052357456
2021-06-15,2.6456473110910914,3.5206179203224752
2021-06-16,2.6724487745523993,3.5026459819626794
2021-06-17,2.6514897799244874,3.47003869326123
2021-06-18,2.607843716702475,3.4635514281910966
2021-06-21,2.543749798028231,3.349572824768321
2021-06-22,2.6610172396581935,3.453991026823698
2021-06-23,2.647797251066928,3.452886071068845
2021-06-24,2.64505992233252,3.4529267098981293
2021-06-25,2.6571617804866356,3.4757605937131735
2021-06-28,2.6580167821817944,3.4735889854678503
2021-06-29,2.6183919300483707,3.4454384217112555
2021-06-30,2.61278879072526,3.442917646513173
2021-07-01,2.5947419662989506,3.432814226306199
2021-07-02,2.6268960420649514,3.441931103898821
2021-07-05,2.6088099610088094,3.4197978895541974
2021-07-06,2.610551626184767,3.4251816002084188
2021-07-07,2.558826007126519,3.392145968904052
2021-07-08,2.5431764403348414,3.3623798949051573
2021-07-09,2.5308299960553367,3.3411412019177704
2021-07-12,2.5557886909001057,3.4163097233739537
2021-07-13,2.583254430254514,3.4341536727771533
2021-07-14,2.527976470204135,3.421029666483197
2021-07-15,2.484325152913821,3.381639663751587
2021-07-16,2.4870317466224448,3.348634161234448
2021-07-19,2.440993507471577,3.306740199372045
2021-07-20,2.4044900376132654,3.275101469435207
2021-07-21,2.4235770473933216,3.294215265475298
2021-07-26,2.4716405368008276,3.3283303948770926
2021-07-27,2.476652030169509,3.3447048068443297
2021-07-28,2.463763523608565,3.2982403780263736
2021-07-29,2.4783799653737346,3.3222474160913915
2021-07-30,2.490704619954884,3.2625968549531015
2021-08-02,2.565385801106837,3.3220799560879612
2021-08-03,2.578829539119478,3.3054355528181216
2021-08-04,2.56260195868163,3.298529754517657
2021-08-05,2.581745967016858,3.315754078552515
2021-08-06,2.566504161633867,3.3267459476479817
2021-08-10,2.5631753297149436,3.3348907631286395
2021-08-11,2.611801126169171,3.3566974655000474
2021-08-12,2.638891961635695,3.3500618920586747
2021-08-13,2.6511793652843902,3.345533465271347
2021-08-16,2.647672167680673,3.291248397381047
2021-08-17,2.6465462615874324,3.279443518143402
2021-08-18,2.6375342654470435,3.2987485969489185
2021-08-19,2.559218186537924,3.262307478461818
2021-08-20,2.4887970909419415,3.23026936692684
2021-08-23,2.543921754303759,3.2877866230841897
2021-08-24,2.5827469114634862,3.3162300666794198
2021-08-25,2.5924326836797245,3.315357266075766
2021-08-26,2.5835818174488763,3.317448530888481
2021-08-27,2.606384104876181,3.3053531073771016
2021-08-30,2.6527130689137497,3.3230688342672137
2021-08-31,2.691510531689072,3.3589730063834815
2021-09-01,2.7058820616864616,3.4021991744656446
2021-09-02,2.710529442346421,3.413259242056232
2021-09-03,2.7570101483415916,3.4831662029025376
2021-09-06,2.8479891886609208,3.5467570955859826
2021-09-07,2.856880600958909,3.5773997070923733
2021-09-08,2.869944421556379,3.6090970597082364
2021-09-09,2.8524141750498218,3.588406990916189
2021-09-10,2.895742847091604,3.633088449488415
2021-09-13,2.9123021506752087,3.6409245032891078
2021-09-14,2.9490214953338842,3.6675588183117123
2021-09-15,2.9675940620858414,3.6486185547437953
2021-09-16,2.9388154315084507,3.6260929654957366
2021-09-17,2.9595254522110084,3.647224222497659
2021-09-21,2.8920271391236945,3.5682601745202076
2021-09-22,2.86401650576069,3.544306854447922
2021-09-24,2.955654511142599,3.6171806833884776
2021-09-27,2.911526268547114,3.6161343503126497
2021-09-28,2.8597134390702337,3.6094259072463535
2021-09-29,2.8320583103063375,3.532933354047566
2021-09-30,2.7737568072915635,3.52197628486913
2021-10-01,2.719349369804811,3.440471142278954
2021-10-04,2.663891534596507,3.401466274199585
2021-10-05,2.6177616427176598,3.32699468530998
2021-10-06,2.5970404769678,3.291927579654374
2021-10-07,2.6036379982971027,3.3097860095599625
2021-10-08,2.6148987744080507,3.354118067622939
2021-10-11,2.687897635650281,3.4078409650414714
2021-10-12,2.6751944215665753,3.375842324553327
2021-10-13,2.66332617050546,3.365040570440834
2021-10-14,2.6519254575817985,3.4141465231622754
2021-10-15,2.70351596476483,3.4760537071082993
2021-10-18,2.7205130200097947,3.470891408006731
2021-10-19,2.756470942501876,3.4936187900622713
2021-10-20,2.721485472210252,3.4984057638841843
2021-10-21,2.675279004947442,3.4329985023769196
2021-10-22,2.6536664880875005,3.4445105017759285
2021-10-25,2.6719644059547445,3.4200634432834867
2021-10-26,2.7190310775210516,3.4805235112166026
2021-10-27,2.7017935796891814,3.479594423498825
2021-10-28,2.6539807871977903,3.446332943068493
2021-10-29,2.6942865261136557,3.4550144713634934
2021-11-01,2.7594134577762324,3.545225198567154
2021-11-02,2.753226162681713,3.5301365150781385
2021-11-04,2.78560971903628,3.5628381606016046
2021-11-05,2.734619034942083,3.5409789080199157
2021-11-08,2.7399119993039056,3.5284803660065545
2021-11-09,2.7111245047837684,3.5019824479741914
2021-11-10,2.6802582884779973,3.480615532473718
2021-11-11,2.691102314631323,3.5010734461145656
2021-11-12,2.7256370388204316,3.5407876252544908
2021-11-15,2.716996414767679,3.5607373199727936
2021-11-16,2.7076884481253365,3.564482398292191
2021-11-17,2.695517778910157,3.550157911638914
2021-11-18,2.669764756132059,3.5394350996200887
2021-11-19,2.7021554704102058,3.557038485838443
2021-11-22,2.718245310614345,3.5604154791293805
2021-11-24,2.6900316729634777,3.504039146426366
2021-11-25,2.7050296062115127,3.5275510447322866
2021-11-26,2.645684079220042,3.4381451531936484
2021-11-29,2.6134661903062564,3.382217248951703
2021-11-30,2.5800252009641302,3.326951710915795
2021-12-01,2.593711463536999,3.3405671200650064
2021-12-02,2.5975031090496765,3.318773496857047
2021-12-03,2.657868212890387,3.351801887910219
2021-12-06,2.661750839798119,3.3395805774506546
2021-12-07,2.708643035048364,3.4027468644350245
2021-12-08,2.737579577705138,3.451179473795392
2021-12-09,2.717171703175096,3.435018298903653
2021-12-10,2.68677050984398,3.400614727236535
2021-12-13,2.701453605524822,3.424856256017654
2021-12-14,2.6864567942763573,3.400001407893427
2021-12-15,2.670289473481254,3.40323966862922
2021-12-16,2.726899695007937,3.475777409780464
2021-12-17,2.6841592417313254,3.4135187233167787
2021-12-20,2.6195083532976606,3.340829170446943
2021-12-21,2.677420168442608,3.4101597138755824
2021-12-22,2.6826314494847705,3.4154955454493248
2021-12-23,2.718146362484417,3.443735561341643
2021-12-24,2.7096495566793735,3.4418486584578005
2021-12-27,2.7038525864925083,3.4291576658965637
2021-12-28,2.7360084712148884,3.476117000917127
2021-12-29,2.7290402102696167,3.4567114928208507
2021-12-30,2.7190047516434985,3.442939367266755
2022-01-04,2.7929744084245325,3.503934980231762
2022-01-05,2.8057403084315258,3.507566783653442
2022-01-06,2.7453860619498203,3.4066056847651187
2022-01-07,2.7557175253302644,3.4054925545331107
2022-01-11,2.7421681412635164,3.3748702624413625
2022-01-12,2.789544636402063,3.4398241908012652
2022-01-13,2.8309813600827103,3.4067565622577494
2022-01-14,2.8127033707315543,3.363127275673605
2022-01-17,2.805573495180738,3.3881484160188116
2022-01-18,2.7740377010762383,3.379028035078838
2022-01-19,2.662943400053464,3.28455677038204
2022-01-20,2.635628781630253,3.3211125651057993
2022-01-21,2.6020180023449906,3.2911372244917394
2022-01-24,2.6216740063061374,3.299042644570004
2022-01-25,2.5440329948703684,3.244390659433694
2022-01-26,2.533780291317117,3.230039780897031
2022-01-27,2.4922919584751915,3.1294687213472425
2022-01-28,2.564310087680145,3.1948841573316624
2022-01-31,2.5993876108438503,3.2289217459787305
2022-02-01,2.6055851242609496,3.238069686584541
2022-02-02,2.665874565823264,3.292493253473494
2022-02-03,2.65623038669283,3.257541057611037
2022-02-04,2.6837367948404376,3.281299358014056
2022-02-07,2.6975356394487227,3.2584449212278797
2022-02-08,2.722503175649684,3.262708027842408
2022-02-09,2.730295781408729,3.2980262067249146
2022-02-10,2.7429044038634935,3.311922817888255
2022-02-14,2.7542254521543845,3.238202346670941
2022-02-15,2.7015525818251294,3.212564150078784
2022-02-16,2.760291798012712,3.283740023336021
2022-02-17,2.7749695557714134,3.2565316264606516
2022-02-18,2.7670786162332464,3.24328220033149
2022-02-21,2.7499864849417923,3.2180265692701826
2022-02-22,2.6849826737638494,3.162868700776229
2022-02-24,2.6631663308689038,3.1056146627832675
2022-02-25,2.6706598489471682,3.166084306532479
2022-02-28,2.6971550510726887,3.172101655944451
2022-03-01,2.719918974137496,3.210116478062116
2022-03-02,2.745266002848233,3.1561028028133586
2022-03-03,2.82575891906854,3.178134420084771
2022-03-04,2.799476120928652,3.107366570015809
2022-03-07,2.8365274451923863,3.0159995046294643
2022-03-08,2.6754920243871725,2.964524588428531
2022-03-09,2.6696493750791483,2.955744966407672
2022-03-10,2.7509998014632218,3.0720817897113926
2022-03-11,2.7949994269008416,3.0089883723519466
2022-03-14,2.848890135982925,3.026336014213598
2022-03-15,2.7812680900674183,3.030955528032081
2022-03-16,2.7998913711866376,3.0806449048658924
2022-03-17,2.8391200949542656,3.1871772602700186
2022-03-18,2.863212032891137,3.208048802454905
2022-03-22,2.9561412972434953,3.255484125602374
2022-03-23,2.9728385984442673,3.3530682311997597
2022-03-24,3.01049659141809,3.36146645547222
2022-03-25,3.047768418990083,3.3661838294600717
2022-03-28,3.0184732101222096,3.3415562318007512
2022-03-30,3.0290911418901927,3.3149242492047075
2022-03-31,3.035555801144866,3.29058084252424
2022-04-01,3.0078586055561494,3.2721950792133803
2022-04-04,3.017934755918232,3.2805323148416283
2022-04-05,2.9810476043780856,3.2866246346782577
2022-04-06,2.9322159300364277,3.234858050033739
2022-04-07,2.873525556260898,3.1802468581595438
2022-04-08,2.867422251476402,3.1917467962062984
2022-04-11,2.868755762787418,3.172316424003722
2022-04-12,2.825188650519582,3.1147709945924675
2022-04-13,2.8809499669571568,3.1749150098999883
2022-04-14,2.9609086011984638,3.213769517144576
2022-04-15,2.9641673906848887,3.20444819618269
2022-04-18,2.9503577912958563,3.1697370116010446
2022-04-19,3.0130621934760358,3.19166271004164
2022-04-20,3.017233179133971,3.2191923817471952
2022-04-21,3.005091998753348,3.258839470395471
2022-04-22,2.9418113779356587,3.205875812934306
2022-04-25,2.8732711712784913,3.1450256124472236
2022-04-26,2.8288652592261,3.157956632334798
2022-04-27,2.8383398938195916,3.120879946857271
2022-04-28,2.8821357096141416,3.1754366213280067
2022-05-02,2.8912398851810357,3.1719627538990744
2022-05-06,2.9583056523691345,3.1938473332811284
2022-05-09,2.9089817819596218,3.112921098969986
2022-05-10,2.8268511994954677,3.094914878429823
2022-05-11,2.8049083190637067,3.100419519137631
2022-05-12,2.810906201890362,3.045431094552208
2022-05-13,2.8438747545757717,3.125731533753297
2022-05-16,2.8313324896169094,3.139853620302899
2022-05-17,2.8818036370072435,3.153183125448812
2022-05-18,2.9165048256743153,3.182923293059903
2022-05-19,2.9039461130702384,3.1227970652102908
2022-05-20,2.941201142309469,3.1625598878379457
2022-05-23,2.9527714449783025,3.1936059320666557
2022-05-24,2.954120884174049,3.1636375305800635
2022-05-25,2.96320932602694,3.155318082409724
2022-05-26,2.968726544198356,3.146688624258694
2022-05-27,2.9871096993688044,3.167604364699602
2022-05-30,2.991472065297713,3.237120522277319
2022-05-31,2.9676001376223535,3.2265196593757564
2022-06-01,3.0221850438809628,3.247583243622657
2022-06-02,3.0237903812636224,3.2423779866219835
2022-06-03,3.037997257748435,3.28350097226477
2022-06-06,3.055312481823009,3.3017532141383428
2022-06-07,3.0753941959997135,3.305071845570983
2022-06-08,3.1452113485471385,3.3394118035960183
2022-06-09,3.1149235291795887,3.340859517865012
2022-06-10,3.0815232953178997,3.2909190352304485
2022-06-13,3.03289622166993,3.1919406101957173
2022-06-14,2.98755658581872,3.1496478104380143
2022-06-15,2.915743306331669,3.113727771736433
2022-06-16,2.931990637837619,3.126151271558748
2022-06-17,2.878345725117926,3.0707749879885413
2022-06-20,2.780034931065514,3.048092283060075
2022-06-21,2.8399194052479366,3.104283555610816
2022-06-22,2.838769784129612,3.092839289997255
2022-06-23,2.8227012144826835,3.095405766066908
2022-06-24,2.774695663195758,3.1333390215954044
2022-06-27,2.8081987351926294,3.1782006074822284
2022-06-28,2.8844383562624305,3.1992773590681005
2022-06-29,2.87168087157027,3.1703152194860453
2022-06-30,2.801713105139854,3.121637877368931
2022-07-01,2.742906582026561,3.0675365156194636
2022-07-04,2.7759706887120643,3.0933431139673644
2022-07-05,2.770298437848876,3.12523718102701
2022-07-06,2.6706693851212733,3.087883519419194
2022-07-07,2.692368097521988,3.133168539206619
2022-07-08,2.700646841144509,3.1363217703813047
2022-07-11,2.7538969325020033,3.1712260759345274
2022-07-12,2.721864308642766,3.114969659706771
2022-07-13,2.7342013584361244,3.1317776524005536
2022-07-14,2.7286309293047433,3.151248219637884
2022-07-15,2.7078085365804534,3.168407572376846
2022-07-19,2.710531996313967,3.1888938727625353
2022-07-20,2.7381805481606567,3.2738839636908987
2022-07-21,2.74542581012059,3.288401070409637
2022-07-22,2.763022249864296,3.301607680391819
2022-07-25,2.7513856524281506,3.276130034512252
2022-07-26,2.7666389241620393,3.2709213124223755
2022-07-27,2.770159337086997,3.2780815727513546
2022-07-28,2.8067331390157557,3.2898771984100947
2022-07-29,2.781862317307985,3.2882402902706205
2022-08-01,2.7990689138343674,3.310914678985
2022-08-02,2.757389912851305,3.263767982271803
2022-08-03,2.7376635882615052,3.2811745113739086
2022-08-04,2.7444770743442755,3.3036821137946526
2022-08-05,2.743335424946711,3.3325021847193868
2022-08-08,2.7736276479472664,3.3411801541192583
2022-08-09,2.7942312063201116,3.3116966341151324
2022-08-10,2.7992035555828547,3.290332511131362
2022-08-12,2.8399354661969904,3.376395393676959
2022-08-15,2.8512373918504177,3.4148109896225063
2022-08-16,2.8426850844285796,3.4144716418865637
2022-08-17,2.889012247078766,3.456324375315492
2022-08-18,2.871030166090104,3.4231329788582614
2022-08-19,2.887097160468173,3.4217360858975785
2022-08-22,2.9003200232670716,3.4056707773229613
2022-08-23,2.8722086311410524,3.3652502807645863
2022-08-24,2.908946864580872,3.3487770156878085
2022-08-25,2.9304444895555144,3.368356155720165
2022-08-26,2.9248178336797506,3.387560604106709
2022-08-29,2.8913887087293713,3.297385353695049
2022-08-30,2.9351269382280187,3.3348334967351323
2022-08-31,2.931950309544333,3.3225268859219304
2022-09-01,2.9096546439819875,3.271661686482073
2022-09-02,2.8943255647359543,3.270404321113295
2022-09-05,2.8990687630556935,3.266710536022949
2022-09-06,2.915025091582355,3.2675266800332174
2022-09-07,2.9123648510212337,3.2443200536172645
2022-09-08,2.9773901787631223,3.319422165996086
2022-09-09,2.984128351812107,3.337100820103597
2022-09-12,3.009472327378755,3.3758192648454823
2022-09-13,2.9839637742986636,3.3843967466584686
2022-09-14,2.9452961453748605,3.2902484249667046
2022-09-15,2.94024703021013,3.29702452240605
2022-09-16,2.9141797809997283,3.2605650848185426
2022-09-20,2.9432026613312003,3.2748491065368954
2022-09-21,2.8938810493575957,3.230461775858982
2022-09-22,2.9011243782824554,3.2116204688209073
2022-09-26,2.8095407082303696,3.1261928526291847
2022-09-27,2.830873176961816,3.142789012869694
2022-09-28,2.7556375395382964,3.0957287123806236
2022-09-29,2.8274401293584277,3.125069239703641
2022-09-30,2.77655341625832,3.0677247854661576
2022-10-03,2.768495332563249,3.100673625679182
2022-10-04,2.8493858031466224,3.192504957723906
2022-10-05,2.8363382012355176,3.207681817426886
2022-10-06,2.857044595544229,3.230245323286771
2022-10-07,2.8470351710675588,3.207159050969134
2022-10-11,2.7859408107659447,3.1226090263695454
2022-10-12,2.7886644187460985,3.1220862599117933
2022-10-13,2.7745648132354006,3.1032320165406944
2022-10-14,2.8586391628984518,3.2041608247847937
2022-10-17,2.852081454071503,3.1669076507638634
2022-10-18,2.8855931990654797,3.211893748856047
2022-10-19,2.8949689919297574,3.2238679421117125
2022-10-20,2.877273835191375,3.1942495146346186
2022-10-21,2.837438618185818,3.1804845632788674
2022-10-24,2.813715010402998,3.190457552016855
2022-10-25,2.8498610051689406,3.223028004488917
2022-10-26,2.8490296800830226,3.2445020863033944
2022-10-27,2.8426213537122806,3.234259513625417
2022-10-28,2.827745792847593,3.205868651749955
2022-10-31,2.8957885812703426,3.2629081781375784
2022-11-01,2.928777429298048,3.273725493611352
2022-11-02,2.95527881233229,3.271888765327841
2022-11-04,2.948921716332909,3.217050494607879
2022-11-07,2.939047111328637,3.2558329279970457
2022-11-08,2.966835167597746,3.2965749848334545
2022-11-09,2.963395461002874,3.2781619628208647
2022-11-10,2.94988486443445,3.2461886607214447
2022-11-11,2.942248117324718,3.3428750447513975
2022-11-14,2.8495750457861506,3.307380750009885
2022-11-15,2.8701634444525665,3.310538601303508
2022-11-16,2.8692701828182177,3.315048530404123
2022-11-17,2.882062750238256,3.303489454834971
2022-11-18,2.8916175449190975,3.299846491052935
2022-11-21,2.8986127048666734,3.3051711781281363
2022-11-22,2.9457886700863103,3.325390435639251
2022-11-24,2.963307633251932,3.3570112226637576
2022-11-25,2.971631920637431,3.3451765569999976
2022-11-28,2.9551414709475368,3.3309599890181283
2022-11-29,2.9579070169884565,3.3149940130006628
2022-11-30,2.965564411572069,3.3080335728157206
2022-12-01,2.9558745026807154,3.3384408856013534
2022-12-02,2.8985246151685287,3.2854324129864967
2022-12-05,2.89215821568027,3.290459102390245
2022-12-06,2.913836158479255,3.298202421729107
2022-12-07,2.9208813060527508,3.274610246387839
2022-12-08,2.919078026894137,3.2613669064601054
2022-12-09,2.933179975306139,3.2999931798291917
2022-12-12,2.9280229784545475,3.293052837161627
2022-12-13,2.9343391495957656,3.3063610897604288
2022-12-14,2.936919261497685,3.3301771098642075
2022-12-15,2.951646187119417,3.3178159816475454
2022-12-16,2.9196544925741006,3.255771249409232
2022-12-19,2.8959059480789926,3.2215331650067633
2022-12-20,2.851773533453332,3.14233485517816
2022-12-21,2.842132495999938,3.121008848175622
2022-12-22,2.8606951209741527,3.1352194100028723
2022-12-23,2.8540845664507115,3.1029753689337283
2022-12-26,2.856126925566014,3.1231553554338767
2022-12-27,2.8902127879605763,3.1281229073152277
2022-12-28,2.901384484264865,3.115423817398305
2022-12-29,2.850112841566816,3.0862299788515455
2022-12-30,2.8559972259326925,3.086328156378962
2023-01-04,2.8460145486201465,3.0416626945410252
2023-01-05,2.8162682662056575,3.053956369021203
2023-01-06,2.8253646262442818,3.0720582260233673
2023-01-10,2.8224176258723213,3.0959155961916345
2023-01-11,2.8373787161911874,3.1279018346240792
2023-01-12,2.883534630389178,3.128353682256144
2023-01-13,2.9265122484668633,3.0892873425582827
2023-01-16,2.8626443531870582,3.054136091647863
2023-01-17,2.861290511410418,3.0915535108970134
2023-01-18,2.883918622739013,3.1687208164407936
2023-01-19,2.850217019061062,3.1230798164892524
2023-01-20,2.8955845309098964,3.140619867028646
2023-01-23,2.9013235283023446,3.1823129753482915
2023-01-24,2.941502589421924,3.228812855410271
2023-01-25,2.953361795362749,3.240146007163391
2023-01-26,2.9534608277414467,3.2363304819390475
2023-01-27,2.991397358299375,3.238673575258083
2023-01-30,2.970718525757222,3.2446866600549376
2023-01-31,2.92651532094305,3.2321150854206833
2023-02-01,2.924152186148097,3.234453558620782
2023-02-02,2.878858105704926,3.2409787836018333
2023-02-03,2.876642655564142,3.2536827246436406
2023-02-06,2.88685087709548,3.275467740462596
2023-02-07,2.9146919771684914,3.2745002875571316
2023-02-08,2.9388193562269938,3.265155403988665
2023-02-09,2.939489501993481,3.2625401856642244
2023-02-10,2.9653956361094416,3.2727864544373517
2023-02-13,2.9674269013478636,3.243967538542352
2023-02-14,2.9874566149227446,3.2647188027490937
2023-02-15,3.019607054178538,3.252783649498448
2023-02-16,3.022139481243422,3.275797616954717
2023-02-17,3.034816322534468,3.2541167848177968
2023-02-20,3.0770953467560016,3.256341372086092
2023-02-21,3.0788852253019625,3.2493820869308845
2023-02-22,3.0372781007737872,3.2057646990738666
2023-02-24,3.0294170882041285,3.247061632194641
2023-02-27,3.0564943450750093,3.243570208313747
2023-02-28,3.043064041825428,3.2461249030801103
2023-03-01,3.0594635637391545,3.2545187351653397
2023-03-02,3.0593381362012613,3.2524299793938005
2023-03-03,3.0953089654898562,3.303122848397298
2023-03-06,3.118779631701852,3.339824611223065
2023-03-07,3.149395599848686,3.3482671855630826
2023-03-08,3.1608991152315715,3.3642377816994857
2023-03-09,3.198266151575272,3.3854043945986874
2023-03-10,3.0882714899329295,3.3287293955952144
2023-03-13,2.998274148390201,3.291944701634523
2023-03-14,2.8402359337128726,3.219687889503218
2023-03-15,2.8887195056068484,3.220568022160768
2023-03-16,2.803473221268154,3.1946810337433584
2023-03-17,2.823528689882085,3.2329051257589554
2023-03-20,2.7592484796603856,3.1870003170160963
2023-03-22,2.813897446059986,3.248614454169456
2023-03-23,2.8191010042977114,3.2430555270641346
2023-03-24,2.8179276742049346,3.238991670446913
2023-03-27,2.8196189493102755,3.2498279284083296
2023-03-28,2.8310288876036687,3.254722251404525
2023-03-30,2.86848106907137,3.242950623743025
2023-03-31,2.896805442205435,3.2731298534626743
2023-04-03,2.8903695554118163,3.2902498375672615
2023-04-04,2.886076536607115,3.301837031283218
2023-04-05,2.833685667150917,3.2464908891822697
2023-04-06,2.774244798869755,3.2067311253123947
2023-04-07,2.7978405635594172,3.212063067362306
2023-04-10,2.8114834513504325,3.225527201342369
2023-04-11,2.8510588370492465,3.2593433590388545
2023-04-12,2.893363664121465,3.277941094484622
2023-04-13,2.881634592477063,3.2866104018359126
2023-04-14,2.884665430490095,3.3258882208839338
2023-04-17,2.893102881189224,3.32837545740542
2023-04-18,2.8830498954516495,3.34518972343711
2023-04-19,2.8873796895874255,3.3391118384084355
2023-04-20,2.886194437563164,3.345042677831578
2023-04-21,2.8887985765571274,3.33416381077669
2023-04-24,2.860332686899673,3.3375663776954054
2023-04-25,2.8527865618286143,3.3406655063180533
2023-04-26,2.815042830436928,3.316900428709497
2023-04-27,2.809336900617571,3.3217105298430303
2023-04-28,2.82199909764566,3.3682555934919165
2023-05-01,2.84686784607457,3.3993907336363685
2023-05-02,2.845242217742485,3.4034491923490644
2023-05-08,2.839339287367854,3.3791625018018134
2023-05-09,2.9010850971840583,3.413355734585974
2023-05-10,2.875043580047395,3.3992740090626747
2023-05-11,2.8724674208505925,3.3998040571756407
2023-05-12,2.918134851936258,3.430336880281617
2023-05-15,2.9378616194168976,3.458121888374442
2023-05-16,2.974636119226055,3.483410312860777
2023-05-17,3.0010111791283323,3.5126614454329497
2023-05-18,3.0347891027640097,3.568728908922897
2023-05-19,3.0133071269680736,3.59609147436913
2023-05-22,3.0383145925691233,3.628595848477657
2023-05-23,3.0079126653514487,3.613532451051377
2023-05-24,2.989935647808312,3.581422706312117
2023-05-25,3.0161104572293125,3.595248868852778
2023-05-26,3.049918241905387,3.608693168774421
2023-05-29,3.084433774682546,3.6457215320243206
2023-05-30,3.114986939048692,3.656766138854747
2023-05-31,3.04567387100863,3.605374725620731
2023-06-01,3.07758751711207,3.6357381613082413
2023-06-02,3.1197217439877565,3.6796512226069384
2023-06-05,3.176005554619293,3.7605657457889414
2023-06-06,3.2136258086820213,3.794339955591755
2023-06-07,3.1580035829043083,3.72511772383757
2023-06-08,3.1440888343416646,3.6933136971712073
2023-06-09,3.202593459164821,3.7661382042944123
2023-06-12,3.2105705382032483,3.785844823190273
2023-06-13,3.262905812092553,3.854087662818307
2023-06-14,3.312232682607147,3.9105559110749617
2023-06-15,3.331820207494657,3.9085793445633863
2023-06-16,3.3403899650496918,3.9343276000363248
2023-06-19,3.309941176022359,3.8951482673473574
2023-06-20,3.3171053427118466,3.897306304094598
2023-06-21,3.358970754247617,3.91904397616827
2023-06-22,3.340108048994111,3.8828288093136174
2023-06-23,3.2734686131131916,3.826411172102588
2023-06-26,3.266081731549191,3.816754721383925
2023-06-27,3.2507428477373517,3.7980227070828727
2023-06-28,3.3173590686263856,3.874554131331594
2023-06-29,3.3273392514649913,3.8792408965386267
2023-06-30,3.3259193041334454,3.873976435882882
2023-07-03,3.3989683680857246,3.9398428361433653
2023-07-04,3.377813441980861,3.9012293440635943
2023-07-05,3.376466047192218,3.8914454538201366
2023-07-06,3.3410901233467256,3.82541673344936
2023-07-07,3.2979418535336626,3.780524508002195
2023-07-10,3.270105217575261,3.7573325662886914
2023-07-11,3.2631832389053788,3.7589480161504016
2023-07-12,3.2220302917149115,3.7286415748836403
2023-07-13,3.2529346646932766,3.784132482813291
2023-07-14,3.2606035091501506,3.7808559875532723
2023-07-18,3.2996366536468438,3.7928355308616646
2023-07-19,3.356221270003797,3.839775223879817
2023-07-20,3.3269752037108393,3.7924420413808133
2023-07-21,3.3166279099626648,3.770699809753481
2023-07-24,3.361386195802916,3.8170032170583914
2023-07-25,3.383453314209517,3.814852019641641
2023-07-26,3.37367342155698,3.8131980415515043
2023-07-27,3.3853395250232814,3.8392066475384246
2023-07-28,3.352443108712846,3.8238072110074084
2023-07-31,3.421791518870785,3.8720130920769207
2023-08-01,3.468062803189531,3.9075393103735596
2023-08-02,3.398402836992134,3.817791107930826
2023-08-03,3.3548399196099625,3.7537781662331007
2023-08-04,3.3625947254162183,3.7576850197866034
2023-08-07,3.3479239722770533,3.764899829520379
2023-08-08,3.362847805575882,3.7792252631868006
2023-08-09,3.385681475488445,3.7590366994690867
2023-08-10,3.4198263847625996,3.7904729981327763
2023-08-14,3.349995930188159,3.7421793456553107
2023-08-15,3.3733150425269445,3.763070764569702
2023-08-16,3.3269573942839976,3.7079685585895596
2023-08-17,3.304290963834893,3.691531367645545
2023-08-18,3.289330050772034,3.671076525994091
2023-08-21,3.297462840251965,3.6844859453302354
2023-08-22,3.339844680258846,3.718461003471769
2023-08-23,3.3571467159027986,3.7363839249758684
2023-08-24,3.390026528233717,3.7687109324470236
2023-08-25,3.3287962531060984,3.6913305193068253
2023-08-28,3.390743122912258,3.7550283958466504
2023-08-29,3.3980705626030088,3.761679416770377
2023-08-30,3.397063984994872,3.7741094439803704
2023-08-31,3.4333652870509668,3.8074785374405002
2023-09-01,3.476117160866878,3.8181330744553206
2023-09-04,3.525110568471155,3.844811706852566
2023-09-05,3.538322325162987,3.856201927850414
2023-09-06,3.5683443877234087,3.880043833938139
2023-09-07,3.570652862243099,3.850869529845136
2023-09-08,3.536795402591096,3.8060194802693252
2023-09-11,3.5276780778347048,3.7897854174408603
2023-09-12,3.5355496717813986,3.8258079431533814
2023-09-13,3.5421516408495726,3.817654549298711
2023-09-14,3.6017509305113204,3.871532515121165
2023-09-15,3.6344232434666193,3.9141356166533665
2023-09-19,3.6782435905109474,3.880227127995268
2023-09-20,3.6210632558239015,3.854686788169222
2023-09-21,3.600790478288048,3.801839509451593
2023-09-22,3.5801551266655003,3.782157512145496
2023-09-25,3.549750027792068,3.8143978880971128
2023-09-26,3.5442048480404225,3.7719605263404494
2023-09-27,3.5383282647237078,3.778596272759415
2023-09-28,3.555386496690014,3.720306254837939
2023-09-29,3.46914131488765,3.718567013094362
2023-10-02,3.4752766556322197,3.7071585538818743
2023-10-03,3.3676950548517146,3.6462351657441108
2023-10-04,3.2124367498690707,3.563237154517207
2023-10-05,3.2930295068308006,3.6272580754338373
2023-10-06,3.31753149457409,3.617839633416222
2023-10-10,3.4336884541480264,3.705600098440913
2023-10-11,3.4208762329429767,3.7277754876659377
2023-10-12,3.4780026448004295,3.792925354068765
2023-10-13,3.425662246162221,3.7720701836059702
2023-10-16,3.36962092843918,3.695386698242691
2023-10-17,3.3917140879306116,3.739889081851932
2023-10-18,3.401788555804867,3.74011797144566
2023-10-19,3.337230436411106,3.6687256201270357
2023-10-20,3.3218138788696177,3.648735396993528
2023-10-23,3.2943856235876834,3.618409349646029
2023-10-24,3.282779511301439,3.6257395160874006
2023-10-25,3.321957915607623,3.6499680723254873
2023-10-26,3.2607723714421284,3.5719796427047386
2023-10-27,3.323709789846387,3.61749173947197
2023-10-30,3.2713778148637993,3.5830896791301847
2023-10-31,3.2798235315981317,3.601986065340677
2023-11-01,3.369497649510416,3.688689169871632
2023-11-02,3.3496912183637804,3.7293373627721427
2023-11-06,3.372584947725223,3.8178834388924376
2023-11-07,3.32334070384896,3.7669144683050133
2023-11-08,3.2462625904087097,3.754618719950305
2023-11-09,3.299020445199572,3.8106442355465813
2023-11-10,3.3154381831115245,3.8014986828155126
2023-11-13,3.3295481877537645,3.80348300056831
2023-11-14,3.3555275376618825,3.816418454301505
2023-11-15,3.347883435571694,3.912572601658744
2023-11-16,3.3417476197461613,3.9014500264607337
2023-11-17,3.3624656778803383,3.9202180612357
2023-11-20,3.3205927137229727,3.89720371413725
2023-11-21,3.29840640951147,3.8932478453819024
2023-11-22,3.308483158472088,3.904650377174632
2023-11-24,3.3459107299321666,3.9249258003895675
2023-11-27,3.3325638079383144,3.904165240665216
2023-11-28,3.305383883806667,3.8995801535048
2023-11-29,3.272966299835168,3.889405053557321
2023-11-30,3.2957420451550488,3.9087430325397765
2023-12-01,3.3309060030524793,3.902278953316107
2023-12-04,3.3198773099998276,3.8789057693446214
2023-12-05,3.280357309264834,3.825743653446775
2023-12-06,3.343603562786997,3.9039582369290557
2023-12-07,3.320482770269048,3.8353720629104298
2023-12-08,3.274610968472088,3.771121112511656
2023-12-11,3.3428775677724953,3.827608966849048
2023-12-12,3.3163747457817703,3.8336667898416192
2023-12-13,3.3026415800282343,3.843314349430645
2023-12-14,3.211202777979824,3.8152885969045762
2023-12-15,3.2228972608349595,3.848473484396846
2023-12-18,3.224872910322044,3.823778029863983
2023-12-19,3.2786809698873753,3.877519209076639
2023-12-20,3.309407857145877,3.9308099043876945
2023-12-21,3.283491556143864,3.868307086862135
2023-12-22,3.3173330274956854,3.8716433122750993
2023-12-25,3.2827668154837486,3.8815626212622565
2023-12-26,3.2996707478630394,3.8876113251475073
2023-12-27,3.352893783352147,3.93142817986398
2023-12-28,3.3352878654614146,3.9148979740253034
2023-12-29,3.331998939640224,3.9060911961311664
2024-01-04,3.3706578582176374,3.8855613498220074
2024-01-05,3.4083979120210577,3.8959653393632148
2024-01-09,3.4248164074320937,3.940992755576396
2024-01-10,3.4319259845021235,4.020194938381416
2024-01-11,3.4788791105256154,4.091179893580526
2024-01-12,3.4949159593102417,4.152722925060672
2024-01-15,3.5585703543424523,4.190621023171201
2024-01-16,3.584635241955203,4.157633564352406
2024-01-17,3.571309899497511,4.141125244371297
2024-01-18,3.557102728248281,4.139773792666497
2024-01-19,3.5665412387736692,4.19779730467655
2024-01-22,3.6221573066252923,4.265927067373818
2024-01-23,3.617703357545701,4.262497827066191
2024-01-24,3.597491769365682,4.228520489147828
2024-01-25,3.626672736694238,4.22968636701867
2024-01-26,3.5520340971828,4.1730284413297625
2024-01-29,3.5884401282416567,4.205229377142221
2024-01-30,3.582349421275908,4.2097720604535995
2024-01-31,3.6172503030629546,4.235550864936059
2024-02-01,3.6002094104029854,4.203422426026793
2024-02-02,3.606296313947336,4.220529415403449
2024-02-05,3.626652388230116,4.243423846240644
2024-02-06,3.6418208537254553,4.22083764123086
2024-02-07,3.6475176426598224,4.216082482718928
2024-02-08,3.6691649119870178,4.302850788867221
2024-02-09,3.6511728099118095,4.306835838765991
2024-02-13,3.744619875306027,4.431328068075004
2024-02-14,3.763422626194145,4.400903990323816
2024-02-15,3.8372278876618466,4.4539694436840715
2024-02-16,3.829850606105441,4.492406481037203
2024-02-19,3.8182320194149244,4.4904385776775815
2024-02-20,3.789132193314768,4.47797594965892
2024-02-21,3.77176245897155,4.46613433284874
2024-02-22,3.86689395479543,4.563776718520577
2024-02-26,3.852437727436192,4.579538183612191
2024-02-27,3.84020140423833,4.580216189241421
2024-02-28,3.845237160114618,4.576540733036159
2024-02-29,3.8589417413554754,4.571656995111018
2024-03-01,3.9375086413973666,4.658573486753258
2024-03-04,3.9555396801034672,4.681732827658093
2024-03-05,3.983409240892573,4.680378640221097
2024-03-06,4.001024277873217,4.679579350464512
2024-03-07,3.9499339201802615,4.62214265301049
2024-03-08,3.951833323434037,4.632674766009542
2024-03-11,3.8412609220440146,4.531304945220719
2024-03-12,3.836217298659373,4.528623015757954
2024-03-13,3.834737329152634,4.51677045601899
2024-03-14,3.8326577433465365,4.52977475901245
2024-03-15,3.7997160389939046,4.518132850652575
2024-03-18,3.8646015210091984,4.6386860815547815
2024-03-19,3.89753476413493,4.669403338606302
2024-03-21,3.978354014202489,4.764190531776296
2024-03-22,3.9786945035024113,4.772684524289362
2024-03-25,3.960111754281629,4.717321055884506
2024-03-26,3.9873419354402317,4.7154429757319845
2024-03-27,3.9921477964687364,4.758012336567103
2024-03-28,3.9848493512241734,4.688600883336031
2024-04-01,3.8417705028181235,4.622823494704512
2024-04-02,3.87556078018122,4.626983749168743
2024-04-03,3.84469834178783,4.582029863225746
2024-04-04,3.907212289009996,4.619345122733164
2024-04-05,3.837862096635782,4.528630706088458
2024-04-08,3.9017791661753396,4.569856695528445
2024-04-09,3.9814785136848556,4.619343761690264
2024-04-10,3.972766097765456,4.59712337530541
2024-04-11,4.012510554009474,4.580958722463473
2024-04-12,4.027140934303284,4.590357177368709
2024-04-15,4.016933379307359,4.556588795658604
2024-04-16,3.842635443574831,4.468134617589775
2024-04-17,3.803701567371024,4.408971897452093
2024-04-18,3.8292266940094666,4.4226648963876904
2024-04-19,3.700425314679534,4.3052046257157395
2024-04-22,3.694343908677423,4.34820722982115
2024-04-23,3.693393876535328,4.36139528184086
2024-04-24,3.7654717107362123,4.466842987877706
2024-04-25,3.6712943206992312,4.370259300567376
2024-04-26,3.6885678591711866,4.4058315178009035
2024-04-30,3.756509053052677,4.460522758331227
2024-05-01,3.7177748410443208,4.445237339202669
2024-05-02,3.729393561490389,4.440826199163878
2024-05-07,3.808181827363629,4.5103990827624365
2024-05-08,3.726502725432344,4.43691229346454
2024-05-09,3.6963340966045997,4.422000707452506
2024-05-10,3.707204664294016,4.440017739681298
2024-05-13,3.696222175373799,4.434251454595105
2024-05-14,3.70702691683211,4.4547619174166355
2024-05-15,3.679478435479867,4.458208078039351
2024-05-16,3.754905381041867,4.520289781516494
2024-05-17,3.7521313157015475,4.504856462392806
2024-05-20,3.79058820023506,4.5376435321720345
2024-05-21,3.81977760266809,4.523387061475852
2024-05-22,3.7792628896701723,4.485080055375326
2024-05-23,3.824441535749035,4.54153883695174
2024-05-24,3.7843753843379377,4.4884490902337095
2024-05-27,3.8613989171327154,4.517938806747286
2024-05-28,3.9014226545192323,4.5127532332984135
2024-05-29,3.8340773382977065,4.478084748550464
2024-05-30,3.7893866527372326,4.419695100779964
2024-05-31,3.8483884108141817,4.470074103722227
2024-06-03,3.861376920549003,4.5206114413218526
2024-06-04,3.837823239974298,4.510673106066296
2024-06-05,3.7409421399798397,4.47033814604482
2024-06-06,3.773830243993885,4.495115932038711
2024-06-07,3.765495313337481,4.492841629352867
2024-06-10,3.8252906503645123,4.533982780452091
2024-06-11,3.8447253695472403,4.545205486524249
2024-06-12,3.827810001014783,4.515231692419251
2024-06-13,3.79084855662795,4.497085361114963
2024-06-14,3.86749273524354,4.508013174558795
2024-06-17,3.7623430056022533,4.425306226975558
2024-06-18,3.7825655673083363,4.469401748529643
2024-06-19,3.784182564079523,4.47969803806789
2024-06-20,3.7809268304282986,4.486928805314446
2024-06-21,3.764826608863007,4.48268371250945
2024-06-24,3.7723984286567576,4.50686218594639
2024-06-25,3.8475698755760255,4.549660633616806
2024-06-26,3.8768046049115457,4.607025869764598
2024-06-27,3.889990600852478,4.569217912727392
2024-06-28,3.938978874393012,4.597270821619571
2024-07-01,3.973278002692943,4.602843384933
2024-07-02,4.031171244479508,4.654367932316069
2024-07-03,4.102120240612191,4.71314411627016
2024-07-04,4.14632326053718,4.751806354567577
2024-07-05,4.136946944638393,4.7516580008914815
2024-07-08,4.102212324620471,4.7363653228674565
2024-07-09,4.168028136673164,4.829217937908011
2024-07-10,4.185348481619717,4.858464481423459
2024-07-11,4.176254879564224,4.903995903237008
2024-07-12,4.067825677030466,4.783981408722787
2024-07-16,4.144158084094199,4.793783639688346
2024-07-17,4.184160178137284,4.7731815333115515
2024-07-18,4.039552699330091,4.660367863100087
2024-07-19,4.0390196246768415,4.653101708738133
2024-07-22,3.975004005352433,4.599120025239658
2024-07-23,3.978009762763286,4.598584681699004
2024-07-24,3.892700854308983,4.54753559196899
2024-07-25,3.6696485535914674,4.3982532309338875
2024-07-26,3.6617698629067963,4.374780685081063
2024-07-29,3.7904039900371833,4.467836095513713
2024-07-30,3.788055960405004,4.474493410018416
2024-07-31,3.8387099370764277,4.541376419165675
2024-08-01,3.676311902479466,4.428080486086656
2024-08-02,3.345581162879501,4.170636045791208
2024-08-05,2.8737562655474553,3.653654108060646
2024-08-06,3.133391780988254,4.027288739161892
2024-08-07,3.2619589279646415,4.0753902636515456
2024-08-08,3.2186699660148284,4.045370647768915
2024-08-09,3.2718163352782548,4.067885019420163
2024-08-13,3.374171825499511,4.208128240875621
2024-08-14,3.41510340901607,4.2325086023427225
2024-08-15,3.4242343543203564,4.265517522114646
2024-08-16,3.569048539620876,4.420687301054038
2024-08-19,3.522647542597555,4.342401474490859
2024-08-20,3.5689877128963543,4.420716336635904
2024-08-21,3.5286274847697623,4.407810474177453
2024-08-22,3.5555282462700504,4.437915835762781
2024-08-23,3.5965580442690723,4.455715554808544
2024-08-26,3.5403392126034685,4.426209505780168
2024-08-27,3.572696728094745,4.446929569208293
2024-08-28,3.5822229460950754,4.456585714902589
2024-08-29,3.590625118541364,4.455513666778383
2024-08-30,3.630200875434858,4.488639636239704
2024-09-02,3.640136672412523,4.4948092437052525
2024-09-03,3.6398419908391944,4.493117921061561
2024-09-04,3.443293674947002,4.302795579782799
2024-09-05,3.4323772875619443,4.257439732503346
2024-09-06,3.406357743257742,4.226589880451736
2024-09-09,3.4024135926849794,4.206181495847703
2024-09-10,3.3787974298169687,4.1996090196837645
2024-09-11,3.31190105281047,4.1369629370841015
2024-09-12,3.4120918269051677,4.277901651461442
2024-09-13,3.4016517715076686,4.248690948742359
2024-09-17,3.4203920192366923,4.204726087306672
2024-09-18,3.4152005940794794,4.2252778350961675
2024-09-19,3.526654543689227,4.3153062861192915
2024-09-20,3.5504091323026157,4.38134272658277
2024-09-24,3.6353188954013946,4.406508409803152
2024-09-25,3.6050031453481943,4.398340337679485
2024-09-26,3.703232375082049,4.520913139164677
2024-09-27,3.790904826352034,4.6258976369345675
2024-09-30,3.6477299941361236,4.404064884116745
2024-10-01,3.7464304550268874,4.4891296116836905
2024-10-02,3.661965149234681,4.3911975845404605
2024-10-03,3.7019637254046014,4.4775258135995415
2024-10-04,3.7014173076925796,4.4872309568382365
2024-10-07,3.7848183254552956,4.568195769509516
2024-10-08,3.7580523255311453,4.522296412432009
2024-10-09,3.7856358970877837,4.561833801314106
2024-10-10,3.7643084450661894,4.573788294785479
2024-10-11,3.7863680698058415,4.599909883802605
2024-10-15,3.8221422358617985,4.635304258097203
2024-10-16,3.790196632129229,4.550491323466751
2024-10-17,3.768363503441752,4.519236334311918
2024-10-18,3.774093402951648,4.527431173612617
2024-10-21,3.714697355437869,4.524278090894361
2024-10-22,3.65827926638492,4.461254545730442
2024-10-23,3.6076303875344684,4.425587055493917
2024-10-24,3.6390088790729114,4.430050368843874
2024-10-25,3.589531225958167,4.403411129843795
2024-10-28,3.6289216886465616,4.48373625235209
2024-10-29,3.6776890257362367,4.5183639058130405
2024-10-30,3.6785199962551856,4.5617675638929756
2024-10-31,3.672915834429576,4.5389873351952685
2024-11-01,3.5561038931529887,4.419642020106864
2024-11-05,3.5731600839840936,4.468564253465196
2024-11-06,3.72223447804556,4.5853771213977295
2024-11-07,3.7577200458201463,4.573848634354046
2024-11-08,3.8013476202235665,4.587665034512573
2024-11-11,3.8275200575799175,4.591491833466312
2024-11-12,3.8176951094033473,4.5732307208774605
2024-11-13,3.7690272968433685,4.4972237338097925
2024-11-14,3.7642180649487145,4.4756257977111895
2024-11-15,3.765867840427851,4.4880775255220176
2024-11-18,3.689092262117329,4.439058658117787
2024-11-19,3.741327455216295,4.461541272101369
2024-11-20,3.7672667597905454,4.45433001313638
2024-11-21,3.7535159033897427,4.416448106101609
2024-11-22,3.766945420439436,4.446375624748009
2024-11-25,3.7596103991697665,4.504015791561594
2024-11-26,3.7187879001844237,4.4647433523640245
2024-11-27,3.693777201221347,4.429084028384899
2024-11-28,3.6975137462275205,4.45394892112439
2024-11-29,3.7058099713603627,4.437569677185225
2024-12-02,3.7576713506796913,4.4729917260187895
2024-12-03,3.827523637838281,4.558453878112525
2024-12-04,3.8599378528683297,4.561651421565513
2024-12-05,3.8696469190359752,4.575496857305906
2024-12-06,3.8176083446215303,4.5401396848505735
2024-12-09,3.7981387719588615,4.548191614646775
2024-12-10,3.7843152690324113,4.572242150051118
2024-12-11,3.8281716247367927,4.572782484082405
2024-12-12,3.898272526447655,4.628171939620413
2024-12-13,3.868215230068024,4.584188930946059
2024-12-16,3.905879932277393,4.582684524860629
2024-12-17,3.8702794674925536,4.57190551877386
2024-12-18,3.8210293533476096,4.539040869549334
2024-12-19,3.8237518678815463,4.507899300636165
2024-12-20,3.809194293210987,4.494928561799483
2024-12-23,3.8469145849724042,4.548289156054607
2024-12-24,3.8001336924883558,4.533830797328262
2024-12-25,3.800316024704224,4.544699178565462
2024-12-26,3.850221176622424,4.59552641830278
2024-12-27,3.925069341689854,4.678347693489614
2024-12-30,3.87743113233374,4.633444619814883
2025-01-06,3.797843790674732,4.565212363472791
2025-01-07,3.8157023305285773,4.6553678451665785
2025-01-08,3.8100469903504304,4.643493199545337
2025-01-09,3.7539192426982138,4.599827313866675
2025-01-10,3.7647746422130584,4.551664088765557
2025-01-14,3.7393057327382384,4.468494840277298
2025-01-15,3.731274515996505,4.465042781802016
2025-01-16,3.7392422603375173,4.479911721803186
2025-01-17,3.756228422184287,4.465842167665264
2025-01-20,3.7748603032266814,4.518226894161112
2025-01-21,3.7786909002651967,4.532800487852987
2025-01-22,3.8648742026847116,4.604607750212325
2025-01-23,3.889826475961513,4.640916291654734
2025-01-24,3.9162747907376136,4.6377931518802775
2025-01-27,3.818610573985754,4.595264190704055
2025-01-28,3.7281562759010654,4.531510219183819
2025-01-29,3.779871797269935,4.577724430852185
2025-01-30,3.8055583039826693,4.589244297957502
2025-01-31,3.851902866928389,4.596040892518968
2025-02-03,3.7796168004118593,4.4738128885684345
2025-02-04,3.8697541952610224,4.506133120632975
2025-02-05,3.895915905794285,4.509978520506347
2025-02-06,3.9256798327413374,4.53727786531291
2025-02-07,3.865666843123354,4.504814723743873
2025-02-10,3.962609734958675,4.506458409886067
2025-02-12,3.961699420562337,4.525334713865703
2025-02-13,4.02954514828882,4.583146825765652
2025-02-14,3.97341393317636,4.546905882787274
2025-02-17,3.992076166923298,4.549788571649404
2025-02-18,4.0348672877903144,4.560955474962663
2025-02-19,4.0279538558732115,4.548668887023697
2025-02-20,3.97005382391651,4.492157478455151
2025-02-21,4.0019448811916964,4.503644226849903
2025-02-25,3.9280434790899976,4.441025818789207
2025-02-26,3.919042826997157,4.429943753816712
2025-02-27,3.951336795770254,4.443160841418287
2025-02-28,3.8497409340884796,4.315326248081824
2025-03-03,3.907470398670713,4.388492284936295
2025-03-04,3.8695736722517293,4.33573009587619
2025-03-05,3.8947159295527682,4.345841283580042
2025-03-06,3.943872381943426,4.379138290765792
2025-03-07,3.7987509281818292,4.284161995120323
2025-03-10,3.7243214212632934,4.300549405316887
2025-03-11,3.6485812525303105,4.273237357443257
2025-03-12,3.696024878848159,4.276254789552483
2025-03-13,3.729791871370038,4.2728798568415325
2025-03-14,3.8082874824802353,4.303433455221915
2025-03-17,3.886347201439731,4.343318817405437
2025-03-18,3.917471551548709,4.395455380412524
2025-03-19,3.926693928553319,4.3845910823040235
2025-03-21,3.9558729583174648,4.375901277068703
2025-03-24,3.9294312639392883,4.367937361380032
2025-03-25,3.915955001889783,4.387919739556375
2025-03-26,3.9354570978777503,4.416577858858073
2025-03-27,3.939448603927721,4.390176348684521
2025-03-28,3.9175098529753742,4.311241304658058
