date,close,high,low,open,volume
2003-01-02,12.661670684814453,12.690766566134577,12.457997665690794,12.457997665690794,37200
2003-01-03,12.647114753723145,12.647114753723145,12.603470495250697,12.647114753723145,56100
2003-01-06,12.957476615905762,12.957476615905762,12.845941669544189,12.845941669544189,70000
2003-01-07,12.957476615905762,12.957476615905762,12.957476615905762,12.957476615905762,0
2003-01-08,12.482245445251465,12.482245445251465,12.365860982293446,12.419204208002263,40000
2003-01-09,12.569535255432129,12.569535255432129,12.569535255432129,12.569535255432129,1000
2003-01-10,12.676215171813965,12.676215171813965,12.676215171813965,12.676215171813965,1000
2003-01-13,12.841099739074707,12.841099739074707,12.768359554192978,12.768359554192978,9000
2003-01-14,12.913833618164062,12.913833618164062,12.865340801882917,12.865340801882917,6000
2003-01-15,12.802302360534668,12.870193987842324,12.802302360534668,12.870193987842324,15600
2003-01-16,12.685916900634766,12.724711716770535,12.647122084498996,12.724711716770535,21000
2003-01-17,12.31251049041748,12.356154753887978,12.268866226946985,12.356154753887978,266500
2003-01-21,12.011849403381348,12.152480180490633,12.00215047394186,12.152480180490633,43200
2003-01-22,11.827579498291016,11.827579498291016,11.783935218412788,11.783935218412788,3900
2003-01-23,11.939114570617676,11.948812579411848,11.832428149410708,11.948812579411848,47400
2003-01-24,11.667551040649414,11.876073510287663,11.667551040649414,11.876073510287663,22000
2003-01-27,11.323248863220215,11.51237349162912,11.235960288587966,11.51237349162912,57100
2003-01-28,11.459033966064453,11.473582374845055,11.28445768540597,11.37659483285787,46000
2003-01-29,11.716044425964355,11.745140303984007,11.366891114904686,11.366891114904686,194200
2003-01-30,11.497824668884277,11.62875752606512,11.497824668884277,11.609360579598377,23200
2003-01-31,11.793633460998535,11.80333239483393,11.735441707868643,11.759688117515891,7100
2003-02-03,11.8809232711792,11.8809232711792,11.856676858969655,11.856676858969655,6000
2003-02-04,11.599658966064453,11.609357899529495,11.526918814959048,11.53176828169157,286100
2003-02-05,11.589960098266602,11.754838268341674,11.546315822367834,11.599659031786597,279000
2003-02-06,11.37658977508545,11.41538551458602,11.308699080842123,11.395987644835735,142300
2003-02-07,11.197161674499512,11.308696626533386,11.114722595835097,11.308696626533386,88600
2003-02-10,11.187466621398926,11.19716555753259,11.119575918346186,11.19716555753259,153200
2003-02-11,11.260209083557129,11.395991442230788,11.260209083557129,11.29415536693178,25300
2003-02-12,11.056533813476562,11.158370793504245,11.056533813476562,11.158370793504245,101500
2003-02-13,11.250507354736328,11.303849646824645,11.134121985773191,11.18746520280285,82300
2003-02-14,11.570564270019531,11.63845496131264,11.289301645452127,11.303849122191338,25400
2003-02-18,11.808181762695312,11.880921915968095,11.764537485743396,11.808181762695312,153700
2003-02-19,11.623905181884766,11.730591598347335,11.623905181884766,11.725742131695291,70300
2003-02-20,11.429930686950684,11.454178019248724,11.39113588021497,11.444479086329508,1600
2003-02-21,11.653003692626953,11.653003692626953,11.415385341438158,11.415385341438158,170700
2003-02-24,11.323248863220215,11.36204368250772,11.308700459134357,11.342645810393241,24100
2003-02-25,11.095329284667969,11.095329284667969,10.828614998595484,10.998342691978664,523800
2003-02-26,10.780115127563477,10.911047924645056,10.775265661937382,10.809211921320045,90800
2003-02-27,10.911051750183105,10.988641377522434,10.77526943986862,10.877106403839813,15700
2003-02-28,11.197161674499512,11.25535342123843,11.158366868359854,11.182613275344213,405800
2003-03-03,11.274747848510742,11.420228095934538,11.260199453792021,11.410530091062913,219400
2003-03-04,11.148672103881836,11.148672103881836,11.061383526196659,11.061383526196659,21900
2003-03-05,11.158371925354004,11.168070862519778,11.041987454189378,11.041987454189378,13400
2003-03-06,10.838314056396484,10.993493346385733,10.804368702329027,10.915903701391109,545700
2003-03-07,10.741326332092285,10.784970622184096,10.649188283571629,10.707380978674546,36900
2003-03-10,10.285483360290527,10.54249955447913,10.285483360290527,10.532800620749471,139400
2003-03-11,10.36792278289795,10.440663863285046,10.295182627452112,10.37762171694173,45100
2003-03-12,9.960577964782715,10.06241399984548,9.81994619262029,10.06241399984548,311300
2003-03-13,10.5279541015625,10.620092147909155,10.207896598402005,10.270938760354476,763100
2003-03-14,10.673433303833008,10.881955772265291,10.586144742634257,10.717077584432383,798800
2003-03-17,11.265054702758789,11.29900004959091,10.610391403332066,10.610391403332066,360600
2003-03-18,11.202017784118652,11.245662082526183,10.949850932195515,11.245662082526183,176800
2003-03-19,11.284454345703125,11.347495581878134,11.168069884728242,11.274755409386515,166900
2003-03-20,11.16321849822998,11.19231437723836,11.022586720630398,11.148670096255131,129700
2003-03-21,11.712933540344238,11.712933540344238,11.445847030085943,11.460415688320479,472400
2003-03-24,10.960232734680176,11.266167977170388,10.935952571536633,11.193325635282056,134400
2003-03-25,11.295304298400879,11.377858149372349,11.071922908501492,11.071922908501492,38700
2003-03-26,11.314726829528809,11.387569161928234,11.217605263377461,11.34872035022195,130500
2003-03-27,11.159333229064941,11.212750700377658,10.97965779575123,10.97965779575123,98000
2003-03-28,11.1107759475708,11.193329829915815,10.999085673289073,11.003941892983393,38500
2003-03-31,10.736855506896973,10.96994847777438,10.736855506896973,10.833977114981327,55000
2003-04-01,10.960232734680176,11.008793987196114,10.8291176307558,10.882535101146216,93200
2003-04-02,11.373003005981445,11.411851826213013,11.275880492288058,11.28073671059562,420300
2003-04-03,11.309879302978516,11.44584977418265,11.285598200099658,11.411857156381616,149800
2003-04-04,11.601241111755371,11.630378425123707,11.533255899687353,11.542968337476797,143700
2003-04-07,11.8197660446167,12.028578820887414,11.77606100185171,11.99944150822474,142500
2003-04-08,11.8197660446167,11.921743860248988,11.79548587696016,11.882895036261113,119900
2003-04-09,11.829476356506348,12.05285682273965,11.829476356506348,11.975159188725558,174100
2003-04-10,11.74206829071045,11.834334594185162,11.693507029606442,11.81005350051865,76900
2003-04-11,11.780916213989258,11.907175112718713,11.727498738234388,11.907175112718713,63800
2003-04-14,12.052854537963867,12.057710754947795,11.84889805578227,11.873179140701914,55000
2003-04-15,12.237393379211426,12.237393379211426,12.06742940217782,12.072285621662113,100200
2003-04-16,12.077140808105469,12.237392332463076,12.077140808105469,12.237392332463076,32000
2003-04-17,12.407352447509766,12.407352447509766,12.266525832584376,12.276238268435469,35400
2003-04-21,12.373359680175781,12.392784551614092,12.339367081387588,12.358791952825898,8400
2003-04-22,12.698719024658203,12.708431460497989,12.261669600385291,12.261669600385291,120900
2003-04-23,12.669587135314941,12.693867307293976,12.54818442296139,12.655018476390007,83900
2003-04-24,12.523894309997559,12.567598399623359,12.431628062502078,12.567598399623359,48000
2003-04-25,12.237393379211426,12.329658770725509,12.213112281789963,12.329658770725509,53100
2003-04-28,12.65015983581543,12.65015983581543,12.35879412291057,12.35879412291057,26500
2003-04-29,12.572463035583496,12.766708092240403,12.504477821491024,12.761851873201072,105200
2003-04-30,12.640448570251465,12.742426386504015,12.601599746027297,12.742426386504015,608800
2003-05-01,12.655013084411621,12.655013084411621,12.470481447799292,12.616164270060143,159400
2003-05-02,12.795845985412598,12.795845985412598,12.528759464206711,12.528759464206711,1677300
2003-05-05,13.05807113647461,13.07263979059332,12.970661064220113,12.975517282259684,77900
2003-05-06,13.354300498962402,13.441710614061396,13.077502418635149,13.087214859474889,497600
2003-05-07,13.077491760253906,13.189181960193476,13.058066894406025,13.189181960193476,55400
2003-05-08,12.78612995147705,12.985230268388829,12.756993568234305,12.88810868217004,275500
2003-05-09,13.09206485748291,13.09206485748291,12.86868436590985,12.86868436590985,71400
2003-05-12,13.174620628356934,13.179476847516183,13.019225320177354,13.019225320177354,26400
2003-05-13,13.062926292419434,13.12605619557212,13.048358565714052,13.053213857129974,113600
2003-05-14,13.067776679992676,13.179466857305476,12.99979151575504,13.179466857305476,98700
2003-05-15,13.184326171875,13.213462545364404,13.135764931906918,13.160046015005266,505000
2003-05-16,13.40285587310791,13.40285587310791,13.262028321652807,13.320302014792935,211600
2003-05-19,12.795845985412598,13.242608001063413,12.795845985412598,13.242608001063413,259800
2003-05-20,12.888103485107422,12.980368815875405,12.815261167030474,12.883247268820389,24900
2003-05-21,12.829833030700684,12.863825626998992,12.718142806798019,12.718142806798019,18600
2003-05-22,12.990087509155273,12.990087509155273,12.926958519455278,12.926958519455278,16600
2003-05-23,13.111492156982422,13.111492156982422,13.014369622364972,13.014369622364972,71800
2003-05-27,13.349444389343262,13.349444389343262,12.970667529513545,12.975523749973721,101900
2003-05-28,13.388290405273438,13.475700502676652,13.281456356352368,13.291168795225872,37600
2003-05-29,13.398003578186035,13.563111343164756,13.388291138780415,13.451421068687738,195700
2003-05-30,13.563106536865234,13.59709913650989,13.480552683630126,13.480552683630126,58100
2003-06-02,13.713644027709961,13.864183063091323,13.5825289358155,13.669938997078473,191200
2003-06-03,13.70878791809082,13.70878791809082,13.58252904263234,13.635946508541751,168300
2003-06-04,13.859326362609863,13.864181653316304,13.694218691730672,13.694218691730672,1100
2003-06-05,13.869039535522461,13.869039535522461,13.74763687625367,13.757349311290083,5000
2003-06-06,13.898181915283203,14.06814495933519,13.898181915283203,14.06814495933519,31000
2003-06-09,13.801056861877441,13.86418584867969,13.801056861877441,13.84961811969476,17700
2003-06-10,13.961307525634766,13.961307525634766,13.86904123394735,13.961307525634766,3100
2003-06-11,14.306096076965332,14.306096076965332,14.13127679004087,14.13127679004087,148600
2003-06-12,14.422639846801758,14.45177623286432,14.388646315794919,14.417783628086495,109500
2003-06-13,14.247812271118164,14.451768719985585,14.233243622546015,14.451768719985585,14700
2003-06-16,14.602315902709961,14.602315902709961,14.442064383497096,14.442064383497096,15300
2003-06-17,14.616880416870117,14.68486560992632,14.582887820342016,14.68486560992632,53800
2003-06-18,14.553752899169922,14.64116297669155,14.548896680837727,14.558609117502117,42700
2003-06-19,14.36436653137207,14.446920399274227,14.36436653137207,14.446920399274227,132800
2003-06-20,14.289390563964844,14.476825282836904,14.274593729861447,14.46696009957087,67600
2003-06-23,14.008243560791016,14.131555565623325,13.949054325317233,14.12662297253452,10900
2003-06-24,13.958910942077637,14.047695687562898,13.90958691973731,13.90958691973731,3600
2003-06-25,13.884922981262207,14.136479428665815,13.879990391219547,13.983572900524727,56400
2003-06-26,13.958910942077637,13.963843532470753,13.855329366208444,13.899721738951076,7400
2003-06-27,13.756683349609375,13.919455115660556,13.756683349609375,13.889860505686437,45100
2003-06-30,13.78627872467041,13.95891473131556,13.756683174277805,13.909590695585903,31500
2003-07-01,13.74189281463623,13.74189281463623,13.529795974200738,13.638310221048519,25200
2003-07-02,13.973711013793945,13.973711013793945,13.806006675999951,13.810939267205136,5200
2003-07-03,13.722156524658203,13.771481503166683,13.722156524658203,13.736954300449462,6900
2003-07-07,14.047700881958008,14.047700881958008,13.860267081689585,13.884929101978983,27400
2003-07-08,13.998373031616211,13.998373031616211,13.889858847468771,13.958913242762998,10600
2003-07-09,13.939186096191406,13.939186096191406,13.855333913578676,13.879995932843002,7900
2003-07-10,13.73202133178711,13.7566833499669,13.73202133178711,13.751750758171804,2300
2003-07-11,13.894794464111328,13.894794464111328,13.776415071775899,13.776415071775899,22068500
2003-07-14,13.944119453430176,14.082228274162722,13.944119453430176,14.082228274162722,1300
2003-07-15,13.830668449401855,14.175941337081264,13.830668449401855,14.175941337081264,4100
2003-07-16,13.825733184814453,13.884922381177617,13.791205056008074,13.884922381177617,1700
2003-07-17,13.505123138427734,13.61363824680135,13.505123138427734,13.564313283067474,17200
2003-07-18,13.884922981262207,13.884922981262207,13.648164303986585,13.697489263617845,171800
2003-07-21,13.564314842224121,13.6235049936675,13.5347202369002,13.6235049936675,181500
2003-07-22,13.74189281463623,13.74189281463623,13.623513379676075,13.623513379676075,27500
2003-07-23,13.756683349609375,13.78627890037918,13.756683349609375,13.78627890037918,33500
2003-07-24,13.944119453430176,14.097026051010829,13.944119453430176,14.01317386379645,40100
2003-07-25,14.082234382629395,14.082234382629395,13.924395124299926,14.057572351313986,102100
2003-07-28,14.156214714050293,14.175944140289824,14.126619163497475,14.175944140289824,163700
2003-07-29,14.008243560791016,14.215407766541132,14.008243560791016,14.215407766541132,3700
2003-07-30,14.023037910461426,14.047699929077956,14.023037910461426,14.027970502343873,1400
2003-07-31,13.884922981262207,14.1512771987938,13.884922981262207,14.1512771987938,76100
2003-08-01,13.870131492614746,13.870131492614746,13.815873922048983,13.815873922048983,82500
2003-08-04,13.90959358215332,13.934255605136098,13.746821784397724,13.934255605136098,47100
2003-08-05,14.008243560791016,14.042770771616713,13.968783756876515,13.97371634996532,30300
2003-08-06,13.835607528686523,13.835607528686523,13.751755321933441,13.796147722026014,3900
2003-08-07,13.78627872467041,13.82573851773154,13.722155972948775,13.756683174277805,2300
2003-08-08,13.796148300170898,13.939190693307117,13.796148300170898,13.939190693307117,5500
2003-08-11,13.968782424926758,13.968782424926758,13.894795417241362,13.894795417241362,2000
2003-08-12,14.087156295776367,14.087156295776367,13.983574713834672,14.013169317132945,151000
2003-08-13,14.072359085083008,14.072359085083008,14.072359085083008,14.072359085083008,400
2003-08-14,14.254859924316406,14.269657695645469,14.097020793321455,14.097020793321455,45700
2003-08-15,14.452156066894531,14.452156066894531,14.254857190982419,14.3535070993361,1100
2003-08-18,14.230202674865723,14.230202674865723,14.220337490678412,14.220337490678412,1100
2003-08-19,14.21047306060791,14.279528412787936,14.175945854915794,14.279528412787936,201300
2003-08-20,14.156214714050293,14.195674507325036,14.111822329016746,14.11675492077555,122700
2003-08-21,14.008243560791016,14.205542580363522,14.008243560791016,14.205542580363522,199600
2003-08-22,13.939186096191406,14.111823053428882,13.939186096191406,14.111823053428882,18100
2003-08-25,13.904651641845703,13.958908244092402,13.904651641845703,13.958908244092402,2800
2003-08-26,13.815876007080078,13.815876007080078,13.667901048876915,13.73202381300371,84200
2003-08-27,13.855329513549805,13.855329513549805,13.80107195944395,13.84053174221309,5100
2003-08-28,14.008243560791016,14.008243560791016,13.944121732228428,13.949054325317233,44800
2003-08-29,13.993441581726074,14.008238414760825,13.899724229058421,13.973711216618952,26600
2003-09-02,14.027973175048828,14.08222981450168,14.027973175048828,14.08222981450168,20300
2003-09-03,14.220331192016602,14.254858380583189,14.220331192016602,14.230196371834293,4200
2003-09-04,14.368317604064941,14.368317604064941,14.235141324052364,14.235141324052364,2200
2003-09-05,14.373247146606445,14.373247146606445,14.289394944729501,14.289394944729501,3900
2003-09-08,14.531084060668945,14.560679614848947,14.462029649173868,14.466962241537201,4200
2003-09-09,14.491620063781738,14.511350427518432,14.432430854162703,14.44229603603105,12000
2003-09-10,14.269668579101562,14.318993580356452,14.24007395466709,14.28939801512583,46900
2003-09-11,14.368317604064941,14.368317604064941,14.284465384384946,14.284465384384946,3300
2003-09-12,14.284455299377441,14.284455299377441,14.225266092448217,14.225266092448217,600
2003-09-15,14.368317604064941,14.388047980834891,14.368317604064941,14.383115386642404,17200
2003-09-16,14.35351276397705,14.388039963288488,14.35351276397705,14.378174780400757,27000
2003-09-17,14.432439804077148,14.476832209218019,14.422574616091154,14.476832209218019,127000
2003-09-18,14.634669303894043,14.634669303894043,14.565614879728777,14.57547912546955,4200
2003-09-19,14.590267181396484,14.609997541320409,14.536009632401031,14.600132361358447,302300
2003-09-22,14.357264518737793,14.357264518737793,14.29777361882408,14.29777361882408,600
2003-09-23,14.203574180603027,14.248192814479758,14.178786470933959,14.203574180603027,70000
2003-09-24,13.886285781860352,14.312641160308447,13.886285781860352,14.312641160308447,390300
2003-09-25,14.069714546203613,14.074672275940218,14.069714546203613,14.074672275940218,600
2003-09-26,13.901162147521973,13.965610769271395,13.886288952230268,13.935865324278634,59800
2003-09-29,14.005269050598145,14.010226781432044,13.930904979270585,13.965608149517415,255000
2003-09-30,13.871413230895996,14.089548660831042,13.831752329597848,14.089548660831042,361600
2003-10-01,14.282898902893066,14.282898902893066,14.020145722619572,14.020145722619572,163900
2003-10-02,14.163910865783691,14.198614031646935,14.144080890543416,14.144080890543416,53000
2003-10-03,14.377093315124512,14.570440129532,14.377093315124512,14.377093315124512,324700
2003-10-06,14.560521125793457,14.560521125793457,14.476241601396648,14.501029307446732,3400
2003-10-07,14.426675796508789,14.491124446736032,14.401887126735954,14.421718062554222,3000
2003-10-08,14.53078556060791,14.644811551854737,14.53078556060791,14.644811551854737,600
2003-10-09,14.704304695129395,14.724135634206405,14.63985603431155,14.724135634206405,108300
2003-10-10,14.758831024169922,14.788576471458054,14.753873292023446,14.788576471458054,21200
2003-10-13,14.90755844116211,14.90755844116211,14.887728459184581,14.897642977378009,54300
2003-10-14,14.887730598449707,14.887730598449707,14.743959189693301,14.743959189693301,51700
2003-10-15,14.85798454284668,14.927391855306446,14.85798454284668,14.927391855306446,51300
2003-10-16,14.823271751403809,14.823271751403809,14.778653131454018,14.778653131454018,4200
2003-10-17,14.674551963806152,14.73404286038893,14.674551963806152,14.72908512807524,607900
2003-10-20,14.843106269836426,14.843106269836426,14.74891127758401,14.773698985528645,2600
2003-10-21,14.9224271774292,14.957130344712205,14.828232190810764,14.828232190810764,156400
2003-10-22,14.664632797241211,14.75387006517909,14.664632797241211,14.699335969085828,388000
2003-10-23,14.679508209228516,14.679508209228516,14.550610018900958,14.550610018900958,6000
2003-10-24,14.610105514526367,14.629936448023107,14.610105514526367,14.629936448023107,4600
2003-10-27,14.714210510253906,14.714210510253906,14.68942185267219,14.68942185267219,11300
2003-10-28,14.778660774230957,14.778660774230957,14.73899986327499,14.73899986327499,310000
2003-10-29,14.872858047485352,14.872858047485352,14.813366199235436,14.813366199235436,59000
2003-10-30,14.912513732910156,15.056285097482194,14.872852829854166,15.056285097482194,207000
2003-10-31,14.887730598449707,14.887730598449707,14.828238752787206,14.828238752787206,53800
2003-11-03,15.07115364074707,15.10089907433021,14.932340986965569,15.10089907433021,1027000
2003-11-04,15.026541709899902,15.026541709899902,14.932347637337337,15.021583977829655,59400
2003-11-05,14.957139015197754,14.967054481766608,14.808410799028685,14.808410799028685,51500
2003-11-06,15.031501770019531,15.031501770019531,14.927392217192192,14.927392217192192,59100
2003-11-07,15.155440330505371,15.23971988687352,15.076118506346022,15.145524866087769,313300
2003-11-10,15.041422843933105,15.155447904951194,15.041422843933105,15.155447904951194,100600
2003-11-11,15.051326751708984,15.056284482587325,14.94225856356644,14.94225856356644,112500
2003-11-12,15.343831062316895,15.343831062316895,15.125695563270526,15.125695563270526,109000
2003-11-13,15.428110122680664,15.428110122680664,15.338872832980242,15.363660548745584,18300
2003-11-14,15.477681159973145,15.591707078656778,15.477681159973145,15.576833886065746,222500
2003-11-17,15.21492862701416,15.343826797643207,15.081072725331246,15.309122680266126,135500
2003-11-18,15.165349006652832,15.289289419622804,15.165349006652832,15.284331689633168,224800
2003-11-19,15.294251441955566,15.294251441955566,15.224844148211764,15.244675073735872,8600
2003-11-20,15.110824584960938,15.269468263712614,15.076121398432873,15.076121398432873,15900
2003-11-21,15.274431228637695,15.304177637785497,15.259558969655032,15.279388963495663,7200
2003-11-24,15.467772483825684,15.467772483825684,15.348788789355064,15.348788789355064,175600
2003-11-25,15.423149108886719,15.487597723518578,15.408275915237578,15.487597723518578,52300
2003-11-26,15.606581687927246,15.616497151155443,15.547090799739307,15.616497151155443,45900
2003-11-28,15.705739974975586,15.705739974975586,15.646248120189503,15.646248120189503,215200
2003-12-01,15.958573341369629,15.958573341369629,15.874294734263342,15.899082448636873,107600
2003-12-02,16.023021697998047,16.082512586224574,15.92882763404094,15.943699883302264,220000
2003-12-03,16.206453323364258,16.29569060285558,16.156877897505197,16.161834683618594,19400
2003-12-04,16.186628341674805,16.23124699259522,16.132094224862993,16.196541916384458,5000
2003-12-05,16.10234832763672,16.122179260035843,16.023026489222026,16.023026489222026,307000
2003-12-08,16.231250762939453,16.231250762939453,16.01311424502145,16.01311424502145,170900
2003-12-09,16.19158363342285,16.34031182569239,16.19158363342285,16.34031182569239,382000
2003-12-10,16.12714195251465,16.211422500479433,16.12714195251465,16.19159156081919,24900
2003-12-11,16.389892578125,16.389892578125,16.057731051117194,16.057731051117194,9500
2003-12-12,16.444421768188477,16.459295911601643,16.340312220204392,16.459295911601643,10400
2003-12-15,16.48408317565918,16.59810818572195,16.439464529010134,16.59810818572195,12700
2003-12-16,16.603069305419922,16.603069305419922,16.46425466699692,16.56836422742779,30300
2003-12-17,16.593156814575195,16.593156814575195,16.479131767296522,16.543579473683046,136900
2003-12-18,16.890605926513672,16.890605926513672,16.627852753551455,16.657597253928245,243200
2003-12-19,16.746845245361328,16.816251645527462,16.677438845195194,16.781548445444397,189100
2003-12-22,16.803890228271484,16.838619110023274,16.72947200705284,16.79892977055642,678600
2003-12-23,16.913034439086914,16.913034439086914,16.74931099207584,16.803885474412866,27800
2003-12-24,17.017229080200195,17.017229080200195,16.89319679551567,16.89319679551567,12800
2003-12-26,17.032114028930664,17.032114028930664,16.992422789886977,16.992422789886977,2500
2003-12-29,17.146221160888672,17.146221160888672,17.00730373578821,17.03211170309406,24400
2003-12-30,17.12141227722168,17.195832389991796,17.08172293830448,17.185909582116977,64900
2003-12-31,17.42901611328125,17.44885983926066,17.334750371404063,17.334750371404063,8900
2004-01-02,17.463743209838867,17.538161432945774,17.433974785046807,17.533200975104844,419600
2004-01-05,17.796144485473633,17.796144485473633,17.66218944503355,17.67707460013692,54800
2004-01-06,17.890409469604492,17.895369926050016,17.711802756259566,17.796143763904876,171600
2004-01-07,17.642351150512695,17.642351150512695,17.503433718130104,17.637388799758522,128100
2004-01-08,17.99459457397461,17.99459457397461,17.786219461746136,17.93505963872996,17800
2004-01-09,17.835840225219727,17.92514360812579,17.73661403392608,17.78126572537911,158000
2004-01-12,17.815994262695312,17.815994262695312,17.71676807332732,17.81103380488888,236900
2004-01-13,17.766399383544922,17.87554659461873,17.642366999418876,17.87554659461873,345300
2004-01-14,17.890409469604492,17.890409469604492,17.731648367204922,17.731648367204922,11000
2004-01-15,17.835840225219727,17.905297991350622,17.701885150860633,17.875529566187875,103300
2004-01-16,17.701885223388672,17.71180803181691,17.637387914896216,17.71180803181691,113200
2004-01-20,17.949949264526367,17.949949264526367,17.82591700144511,17.90033711632672,24000
2004-01-21,18.183128356933594,18.20297207829838,17.89041217525647,17.98963645982614,259700
2004-01-22,18.212894439697266,18.327003878226257,18.212894439697266,18.232740053158448,61100
2004-01-23,18.08389663696289,18.28234703785795,18.029322161627814,18.257540974318733,210000
2004-01-26,18.073978424072266,18.073978424072266,17.92514011244864,18.024366284391665,120500
2004-01-27,18.09878921508789,18.153363718521724,18.078943597006077,18.148403260292422,9000
2004-01-28,17.766399383544922,18.247643746996864,17.766399383544922,18.103767619774484,46200
2004-01-29,17.776304244995117,17.776304244995117,17.55304580057164,17.731652556110422,39000
2004-01-30,17.677082061767578,17.677082061767578,17.543126964784033,17.62250755270956,77100
2004-02-02,17.731658935546875,17.77134828851142,17.577858197925217,17.672122067225924,24500
2004-02-03,17.6870059967041,17.77134704873412,17.662198023676332,17.711812077149247,22600
2004-02-04,17.528234481811523,17.62745874512176,17.48854326242222,17.592729874446878,4900
2004-02-05,17.597702026367188,17.786229745745562,17.597702026367188,17.74157804534909,7300
2004-02-06,17.96979522705078,17.97475568493346,17.77630519572932,17.81599453653728,12500
2004-02-09,18.09878921508789,18.21786103099646,18.088866406046986,18.088866406046986,21900
2004-02-10,18.198017120361328,18.257552087610385,18.14344261180699,18.163288231750837,17300
2004-02-11,18.56018829345703,18.56018829345703,18.188091493754538,18.188091493754538,216200
2004-02-12,18.381582260131836,18.436156762411972,18.36669899317626,18.411350686625255,20200
2004-02-13,18.158321380615234,18.441114770696633,18.093825970654223,18.441114770696633,68300
2004-02-17,18.584993362426758,18.584993362426758,18.456000644913864,18.475846260710338,108100
2004-02-18,18.292278289794922,18.540342824914504,18.292278289794922,18.540342824914504,83400
2004-02-19,18.381582260131836,18.55522857580338,18.381582260131836,18.52546014930996,31800
2004-02-20,18.143442153930664,18.40638998751207,18.014449412715948,18.40638998751207,120400
2004-02-23,18.173200607299805,18.27738721331093,18.044206044311498,18.27738721331093,21800
2004-02-24,18.1037540435791,18.133520582193363,17.915224431164336,17.999565480681493,24800
2004-02-25,17.944990158081055,18.034293555049548,17.860649112378855,18.019410286415624,61700
2004-02-26,17.870573043823242,17.949953635823274,17.751501209531895,17.751501209531895,44500
2004-02-27,18.024372100830078,18.024372100830078,17.920183545748415,17.97972040367577,19300
2004-03-01,18.133522033691406,18.17817373776951,18.02437489573149,18.088870329613304,8500
2004-03-02,17.890409469604492,18.06901429036779,17.7862209584322,18.05413102844959,130500
2004-03-03,17.73661231994629,17.761418392227018,17.56792837882254,17.75645793480367,32000
2004-03-04,17.885452270507812,17.984678461224103,17.78622607979152,17.79118843024753,25800
2004-03-05,18.23274040222168,18.24762366631157,18.04421085589482,18.04421085589482,11500
2004-03-08,18.183128356933594,18.247623763387498,18.133514322066844,18.21785723504936,31500
2004-03-09,17.835840225219727,18.08390475716275,17.825917416832144,18.069019598290282,135900
2004-03-10,17.548078536987305,17.796142985204863,17.538155731948816,17.796142985204863,27400
2004-03-11,17.344676971435547,17.44886365278169,17.28018153588761,17.31491042966966,19700
2004-03-12,17.240480422973633,17.270248840285152,17.066836053443982,17.171022675161772,24400
2004-03-15,16.704666137695312,17.091648128422772,16.64513117473045,17.091648128422772,34800
2004-03-16,16.843582153320312,17.076761527164358,16.76916203645767,17.076761527164358,8700
2004-03-17,17.195829391479492,17.200789848260886,17.032107821549,17.07675761032679,22200
2004-03-18,17.14126205444336,17.15614721616038,17.007306954485433,17.017229764769265,23300
2004-03-19,16.769153594970703,16.99737239601168,16.769153594970703,16.982489137164166,7700
2004-03-22,16.444931030273438,16.693193885959126,16.444931030273438,16.693193885959126,49700
2004-03-23,16.643543243408203,16.75774393776672,16.549204033484752,16.74781319554919,47900
2004-03-24,16.335691452026367,16.519405376297602,16.300934814842478,16.454856524058375,91400
2004-03-25,16.703121185302734,16.7180163474638,16.53430240246279,16.60381568467426,48000
2004-03-26,16.653474807739258,16.698162202876485,16.56906444177094,16.688231460168712,39400
2004-03-29,16.94145393371582,16.99607205596934,16.8868358114623,16.89676655133521,20000
2004-03-30,16.931522369384766,16.991106805720833,16.847113925717636,16.847113925717636,31800
2004-03-31,17.06559181213379,17.154966610785287,17.03580147531374,17.135105123508136,4800
2004-04-01,17.393293380737305,17.393293380737305,17.22447457943744,17.22447457943744,18800
2004-04-02,17.527359008789062,17.527359008789062,17.41812462920248,17.437984220157475,66900
2004-04-05,17.49757194519043,17.527362284237757,17.3436482484279,17.3436482484279,87400
2004-04-06,17.333715438842773,17.34861060659177,17.199653246815014,17.27413287375119,39600
2004-04-07,17.38833236694336,17.39826310944878,17.224477956747123,17.35357571522212,133100
2004-04-08,17.219512939453125,17.363505859678995,17.19965145512637,17.363505859678995,14800
2004-04-12,17.363513946533203,17.363513946533203,17.22448538559039,17.29896503945605,6400
2004-04-13,17.06559181213379,17.234410665798208,17.06559181213379,17.234410665798208,3900
2004-04-14,16.981170654296875,17.06061464999733,16.772628981774268,16.772628981774268,39700
2004-04-15,17.055648803710938,17.095371749700313,16.96130964812765,17.055648803710938,5400
2004-04-16,17.100341796875,17.209578040189935,17.07055147167634,17.07055147167634,4800
2004-04-19,17.199642181396484,17.199642181396484,17.135093339185776,17.135093339185776,400
2004-04-20,17.06559181213379,17.159932929652413,17.06559181213379,17.150002186013836,4100
2004-04-21,16.886842727661133,16.95635793524224,16.852086070918446,16.871947558798762,67500
2004-04-22,17.229440689086914,17.229440689086914,16.876907926946668,16.876907926946668,30300
2004-04-23,17.09538459777832,17.15000274251495,17.060627940963325,17.15000274251495,16700
2004-04-26,17.020893096923828,17.244329945006577,17.020893096923828,17.224468470933797,3500
2004-04-27,17.159929275512695,17.22447625427489,17.10531114417909,17.10531114417909,18200
2004-04-28,16.76767349243164,16.94642305149667,16.722986102665384,16.94642305149667,25800
2004-04-29,16.69816017150879,16.797465692410285,16.55913168460859,16.708090913008466,30900
2004-04-30,16.593889236450195,16.752779215002292,16.534306678302766,16.752779215002292,9800
2004-05-03,16.762699127197266,16.787526916111084,16.752770284544972,16.782560600690573,4800
2004-05-04,16.906700134277344,17.065588210772948,16.88187422746777,16.981179748801342,30400
2004-05-05,17.269166946411133,17.269166946411133,17.095383671749715,17.095383671749715,20100
2004-05-06,16.747814178466797,16.8818763651284,16.63361347740592,16.85705045517525,52600
2004-05-07,16.231426239013672,16.53927357067155,16.231426239013672,16.469758373974475,19600
2004-05-10,15.963298797607422,16.017915022567646,15.933506579733333,15.988124698788404,381300
2004-05-11,16.156944274902344,16.16190869774529,16.05763877118895,16.062603194031897,9900
2004-05-12,16.007991790771484,16.132123234299474,15.844137376148693,16.132123234299474,13100
2004-05-13,16.082469940185547,16.082469940185547,16.003025890017955,16.003025890017955,5800
2004-05-14,16.06757926940918,16.102335932703642,15.98813519700811,16.077510015221325,81400
2004-05-17,16.06757926940918,16.072543695267207,15.938481467947382,15.98813519700811,567500
2004-05-18,16.027851104736328,16.102330727201874,15.998060771026493,15.998060771026493,52600
2004-05-19,16.216529846191406,16.504515671301238,16.216529846191406,16.499549353436425,2100
2004-05-20,16.211566925048828,16.27611391051183,16.12715656038075,16.18673912161409,117300
2004-05-21,16.147010803222656,16.38037841335162,16.147010803222656,16.33569103894596,7100
2004-05-24,16.415145874023438,16.48962361774808,16.375422895426933,16.474728447822326,266400
2004-05-25,16.752771377563477,16.752771377563477,16.434993463220504,16.434993463220504,125400
2004-05-26,16.72298812866211,16.752780356814046,16.633613338301803,16.68326515779286,35900
2004-05-27,17.06559181213379,17.090417724182387,17.001044819626568,17.03580147531374,48600
2004-05-28,16.946414947509766,16.98117157914077,16.88186610558317,16.98117157914077,30900
2004-06-01,16.797468185424805,16.822294095810925,16.718022241636337,16.822294095810925,133300
2004-06-02,16.966278076171875,17.040757670444272,16.911661853679515,17.040757670444272,31700
2004-06-03,16.866979598999023,16.926562156057294,16.82229220768149,16.881874764739756,165000
2004-06-04,17.179790496826172,17.239374951630847,17.06558979959373,17.095382026996067,55800
2004-06-07,17.527359008789062,17.527359008789062,17.343645007311004,17.343645007311004,113400
2004-06-08,17.358543395996094,17.358543395996094,17.318822312617957,17.318822312617957,700
2004-06-09,16.931522369384766,17.164890009797197,16.92655794673753,17.164890009797197,95900
2004-06-10,17.100341796875,17.14999549569767,17.07055147167634,17.08048221144087,82900
2004-06-14,16.807395935058594,16.832223737916465,16.732918208771256,16.79250076862021,42700
2004-06-15,17.18475341796875,17.224474485890887,17.045726839098656,17.045726839098656,220400
2004-06-16,17.080480575561523,17.154958275520034,17.010965403867587,17.154958275520034,88600
2004-06-17,17.174821853637695,17.18475259366565,17.040759704402788,17.120203730531436,17300
2004-06-18,17.333715438842773,17.3535769252385,17.209583990012877,17.209583990012877,46500
2004-06-21,17.176143646240234,17.312502566439395,17.176143646240234,17.262000118904098,164000
2004-06-22,17.155941009521484,17.206443448774213,17.024631584993088,17.140788736510014,45300
2004-06-23,17.272090911865234,17.272090911865234,17.080178255471242,17.135732071259802,209000
2004-06-24,17.37815284729004,17.43875615415003,17.332699885508948,17.332699885508948,37300
2004-06-25,17.272090911865234,17.36299680560219,17.256938645213236,17.256938645213236,56600
2004-06-28,17.42865562438965,17.585216257277473,17.42865562438965,17.570065911900866,5600
2004-06-29,17.292295455932617,17.413502049555692,17.292295455932617,17.357948224751752,5300
2004-06-30,17.539762496948242,17.54986336892143,17.347849782546326,17.413504487099885,62400
2004-07-01,17.292295455932617,17.47410534636723,17.251891973695543,17.47410534636723,4300
2004-07-02,17.42865562438965,17.44380789631068,17.373103715827288,17.373103715827288,5200
2004-07-06,17.287246704101562,17.287246704101562,17.191291308913613,17.256944087784355,4700
2004-07-07,17.37310028076172,17.41350183595915,17.34279766945561,17.34279766945561,5500
2004-07-08,17.34784507751465,17.46400411042984,17.34784507751465,17.38824855444929,13600
2004-07-09,17.50946044921875,17.50946044921875,17.4034041798752,17.443807669079067,32800
2004-07-12,17.41350746154785,17.44381008264349,17.373105893298334,17.373105893298334,31700
2004-07-13,17.272090911865234,17.36299680560219,17.231687436184917,17.36299680560219,45600
2004-07-14,17.256942749023438,17.312496578023048,17.23169153399022,17.24179240531235,4200
2004-07-15,16.99938201904297,17.166043552569793,16.99938201904297,17.166043552569793,2700
2004-07-16,17.054933547973633,17.241794877869324,17.044832675202986,17.241794877869324,6200
2004-07-19,17.070077896118164,17.070077896118164,16.92361818222061,17.065028424779268,81600
2004-07-20,17.03473663330078,17.059987859116124,16.974133306034954,17.00443400639535,1500
2004-07-21,16.666061401367188,17.085239021961268,16.666061401367188,17.085239021961268,140200
2004-07-22,16.76706886291504,16.76706886291504,16.65596116614738,16.756967988068443,40800
2004-07-23,16.312530517578125,16.484241446249218,16.307481046092448,16.47919197476354,11000
2004-07-26,16.251930236816406,16.428690669708423,16.226679021623863,16.428690669708423,35600
2004-07-27,16.43880271911621,16.43880271911621,16.277192520139515,16.403450608499156,12700
2004-07-28,16.26708221435547,16.38829075661478,16.246880469554846,16.38829075661478,7500
2004-07-29,16.565053939819336,16.66606075394004,16.514551496031352,16.565053939819336,73500
2004-07-30,16.54484748840332,16.67615688739571,16.54484748840332,16.66605601620059,58000
2004-08-02,16.549907684326172,16.549907684326172,16.453952246783984,16.509504178069328,2500
2004-08-03,16.539798736572266,16.645854998924698,16.52464839239171,16.620603783109015,27800
2004-08-04,16.539798736572266,16.539798736572266,16.36303829931821,16.38323811604419,19500
2004-08-05,16.262035369873047,16.565053884681813,16.262035369873047,16.565053884681813,104800
2004-08-06,16.216577529907227,16.433741440035554,16.216577529907227,16.433741440035554,57000
2004-08-09,16.186277389526367,16.206479134611335,16.14587486262865,16.206479134611335,1900
2004-08-10,16.32263946533203,16.41354540941546,16.29738824231882,16.32263946533203,20600
2004-08-11,16.110525131225586,16.1610285380615,16.04487137662955,16.12567644225807,60700
2004-08-12,16.065074920654297,16.181233065309332,16.01457150514418,16.181233065309332,29000
2004-08-13,16.2266845703125,16.2266845703125,16.135778623298823,16.19638194579298,5700
2004-08-16,16.4034481048584,16.4034481048584,16.21153530041044,16.21153530041044,2500
2004-08-17,16.453956604003906,16.469106959589624,16.42365396628674,16.43880432187246,5100
2004-08-18,16.691312789916992,16.691312789916992,16.332740412517392,16.332740412517392,12100
2004-08-19,16.49435043334961,16.56505462820892,16.49435043334961,16.56505462820892,900
2004-08-20,16.58525276184082,16.610503979279777,16.378189696370338,16.378189696370338,36100
2004-08-23,16.398393630981445,16.585254976838755,16.398393630981445,16.539802008760528,7600
2004-08-24,16.35799217224121,16.464048468774497,16.35799217224121,16.464048468774497,2500
2004-08-25,16.539798736572266,16.565049952387948,16.378188643498763,16.378188643498763,15400
2004-08-26,16.605457305908203,16.605457305908203,16.49939909231329,16.50949996630065,33600
2004-08-27,16.575153350830078,16.585254224005038,16.50444916514992,16.57010387751488,48800
2004-08-30,16.509502410888672,16.539805037337707,16.509502410888672,16.509502410888672,15100
2004-08-31,16.72666358947754,16.72666358947754,16.52970136722122,16.55495258838709,34100
2004-09-01,16.691312789916992,16.691312789916992,16.655960692232235,16.686263315909812,12000
2004-09-02,17.009483337402344,17.009483337402344,16.70141341093071,16.70141341093071,65700
2004-09-03,16.797365188598633,16.827667805250726,16.751912226892692,16.827667805250726,316700
2004-09-07,16.99938201904297,16.99938201904297,16.883224856226438,16.933727300391972,2900
2004-09-08,16.96907615661621,16.979177028829653,16.908472849879946,16.908472849879946,73000
2004-09-09,17.03473663330078,17.03473663330078,16.89837770204389,16.96403243039981,15400
2004-09-10,17.166046142578125,17.21149911980294,17.145844391245976,17.145844391245976,22200
2004-09-13,17.231693267822266,17.3579512822365,17.231693267822266,17.332700064662536,30300
2004-09-14,17.317554473876953,17.317554473876953,17.277150973430498,17.277150973430498,700
2004-09-15,17.054933547973633,17.211494186101884,17.044832675202986,17.211494186101884,24500
2004-09-16,17.145841598510742,17.145841598510742,17.039785311109092,17.039785311109092,40800
2004-09-17,17.267045974731445,17.30744946552904,17.267045974731445,17.30744946552904,10300
2004-09-20,17.1782169342041,17.178216934204105,17.046233850584503,17.081767832191964,103900
2004-09-21,17.523391723632812,17.523391723632816,17.37617852619339,17.37617852619339,52600
2004-09-22,17.16805648803711,17.28481122396161,17.157903649723337,17.28481122396161,14800
2004-09-23,17.09699821472168,17.157913342560533,17.08684537067237,17.14268504471507,6500
2004-09-24,17.132526397705078,17.132526397705078,17.12237355709464,17.12237355709464,900
2004-09-27,17.056381225585938,17.091915199836446,16.995466117793118,17.000543506375397,28600
2004-09-28,17.203594207763672,17.208671596256405,17.09191489839947,17.188365915198126,12200
2004-09-29,17.2391357421875,17.289899967097547,17.188373453734634,17.20867914369865,78600
2004-09-30,17.264511108398438,17.345731904614695,17.168062018034302,17.345731904614695,97200
2004-10-01,17.655393600463867,17.655393600463864,17.492951945419502,17.492951945419502,327600
2004-10-04,17.630002975463867,17.72137659935275,17.604621843596117,17.70107091927606,92800
2004-10-05,17.741683959960938,17.802599069504794,17.645232938688707,17.645232938688707,14600
2004-10-06,17.817825317382812,17.817825317382812,17.65538375294236,17.690917724135197,21900
2004-10-07,17.71122932434082,17.782297290483204,17.660467044655363,17.73661046418355,78300
2004-10-08,17.761987686157227,17.84828392047076,17.711223486746732,17.711223486746732,38000
2004-10-11,17.767059326171875,17.782287614499882,17.716297074107985,17.782287614499882,6300
2004-10-12,17.482786178588867,17.53862581932565,17.386337122333604,17.426948474307935,43100
2004-10-13,17.457408905029297,17.53862969044915,17.345729598905898,17.53355423856003,126500
2004-10-14,17.41680145263672,17.53863167633309,17.406648611252603,17.467563723100792,35500
2004-10-15,17.640153884887695,17.731527498776256,17.55385765869073,17.55385765869073,257300
2004-10-18,17.670612335205078,17.72645004441049,17.60969530187115,17.69091607652704,104500
2004-10-19,17.73152732849121,17.8838160380243,17.73152732849121,17.84320661916161,80700
2004-10-20,17.80767822265625,17.81782912820565,17.731532875839466,17.736608328614167,8300
2004-10-21,17.929508209228516,17.929508209228512,17.827981727009988,17.883821389053008,33200
2004-10-22,17.7772159576416,18.020878305167717,17.7772159576416,18.020878305167717,25600
2004-10-25,17.78229331970215,17.843210365470153,17.75183673327456,17.843210365470153,34500
2004-10-26,17.863510131835938,17.88381580923551,17.76706106887193,17.858434680714034,35300
2004-10-27,18.107179641723633,18.127485327186708,18.02088338319069,18.056417364522694,106500
2004-10-28,18.26453971862793,18.300073688129736,18.17824348882529,18.198547231071963,55100
2004-10-29,18.36098861694336,18.3812942954572,18.218852740258633,18.310226357114836,47700
2004-11-01,18.391454696655273,18.452369820786945,18.34069241595503,18.386379243168005,142600
2004-11-02,18.452360153198242,18.487894118362778,18.386369610153164,18.401597899093435,195300
2004-11-03,18.59449005126953,18.777237186744227,18.569108934999168,18.772159801617125,394200
2004-11-04,18.914304733276367,18.914304733276367,18.675719801405698,18.71125376863018,76800
2004-11-05,19.015827178955078,19.025980015517522,18.909225299732768,18.970140382651863,35100
2004-11-08,18.88892936706543,18.9549218705239,18.86354823079881,18.919387892459316,46000
2004-11-09,18.858470916748047,18.91430863644066,18.817859553564645,18.894004891305336,54100
2004-11-10,18.88385009765625,18.9346123599296,18.817857607535956,18.9346123599296,96400
2004-11-11,19.173208236694336,19.173208236694336,18.985385454528526,19.000613753054726,31700
2004-11-12,19.269649505615234,19.269649505615234,19.08690225191154,19.112285321058614,20700
2004-11-15,19.137664794921875,19.21380818639421,19.086900597484192,19.198579895390967,59200
2004-11-16,19.01075553894043,19.051364956873368,18.94984044381304,19.051364956873368,38200
2004-11-17,19.320417404174805,19.411791048509862,19.218890917529553,19.218890917529553,76300
2004-11-18,19.269649505615234,19.310260867085518,19.213809851821736,19.289955186350376,64300
2004-11-19,19.117351531982422,19.411777950951933,19.117351531982422,19.411777950951933,48300
2004-11-22,19.198579788208008,19.229038306500573,19.015832551364856,19.09197787886821,47900
2004-11-23,19.188425064086914,19.274723222544903,19.13258542092985,19.269645835100118,29300
2004-11-24,19.345792770385742,19.35594560966709,19.218885184053068,19.295028573979017,71600
2004-11-26,19.614837646484375,19.63006593827515,19.513311182814675,19.513311182814675,7400
2004-11-29,19.65545082092285,19.77220558716092,19.543771506931478,19.767128198457815,22400
2004-11-30,19.421939849853516,19.64529848356185,19.421939849853512,19.64022109472859,118300
2004-12-01,19.87373924255371,19.873739242553714,19.594540856673238,19.594540856673238,34800
2004-12-02,19.711286544799805,19.858497868056844,19.701133705875865,19.858497868056844,36600
2004-12-03,19.83818817138672,19.86864474255967,19.762042870543457,19.797576827882192,105700
2004-12-06,19.88896369934082,19.93465052307265,19.82297119029334,19.868658014025176,62500
2004-12-07,19.817882537841797,20.041239118180968,19.797576866050385,20.02093344638956,71200
2004-12-08,19.7823543548584,19.7823543548584,19.63006370842498,19.706209031641688,55300
2004-12-09,19.76205062866211,19.76205062866211,19.43716749890617,19.594531675625092,113800
2004-12-10,19.589454650878906,19.594530102174193,19.49808103591537,19.49808103591537,30900
2004-12-13,19.92957305908203,19.954956133860154,19.802665431018337,19.802665431018337,58700
2004-12-14,19.909259796142578,19.975250336951564,19.797580517149214,19.807733354917318,25300
2004-12-15,20.08693504333496,20.086935043334964,19.960027441627535,19.975255734166403,68400
2004-12-16,19.711286544799805,19.899109223752596,19.665599737870096,19.894031836062616,50900
2004-12-17,19.584381103515625,19.59453200709304,19.493007479669036,19.56915087523704,206600
2004-12-20,19.767824172973633,19.88978395155434,19.757660535005954,19.87962031358666,12100
2004-12-21,19.92536735534668,19.95585828706216,19.77291657380299,19.889795570937046,100100
2004-12-22,20.047319412231445,20.062563901430703,19.986339516918477,19.99650121737404,5200
2004-12-23,20.3166561126709,20.321738903178982,20.20485798369215,20.25567619619003,51900
2004-12-27,20.428451538085938,20.48943144649654,20.41828789693145,20.423368748250528,31100
2004-12-28,20.479270935058594,20.49959822047406,20.448781945452023,20.448781945452023,27000
2004-12-29,20.469100952148438,20.479264591708034,20.372549284106313,20.423365543388265,37000
2004-12-30,20.489431381225586,20.499595022347698,20.43861511413136,20.469104098981365,27400
2004-12-31,20.36239242553711,20.45386327351865,20.357311573323326,20.45386327351865,17900
2005-01-03,20.276004791259766,20.479271838834975,20.276004791259766,20.42337277073386,77300
2005-01-04,19.93552589416504,20.265837451687606,19.93552589416504,20.265837451687606,22700
2005-01-05,19.910123825073242,20.011758330540758,19.90504103361554,19.971103752946966,58600
2005-01-06,19.94568634033203,20.011749028957116,19.92027821040425,19.955849980006356,6100
2005-01-07,19.80339813232422,20.113382339903232,19.72209095808349,20.052400505335726,24700
2005-01-10,19.813573837280273,19.884717415750686,19.79832740009581,19.854226479898884,6800
2005-01-11,19.666194915771484,19.818645648440857,19.62554035318432,19.81356479737558,50500
2005-01-12,19.818653106689453,19.823733959666775,19.76275403135402,19.823733959666775,22700
2005-01-13,19.69159507751465,19.78306586779466,19.68651422850596,19.767821382253143,21300
2005-01-14,19.69159507751465,19.727166836121825,19.650940531383327,19.661104167916157,43700
2005-01-18,19.7830753326416,19.7830753326416,19.50358197907444,19.574725530326113,91100
2005-01-19,19.579801559448242,19.81356137693771,19.528985303503,19.81356137693771,30900
2005-01-20,19.31047821044922,19.432439978409857,19.31047821044922,19.35621363111989,25200
2005-01-21,19.437515258789062,19.53914971320488,19.43243440840046,19.43243440840046,49300
2005-01-24,19.473094940185547,19.554402149055175,19.468014087732282,19.488339436062112,23500
2005-01-25,19.50358009338379,19.6458671821302,19.498497303919304,19.559479146395933,19700
2005-01-26,19.711929321289062,19.73733745234846,19.656030269848703,19.717010172094486,15200
2005-01-27,19.71701431274414,19.742422449139347,19.62046261903574,19.62046261903574,54200
2005-01-28,19.650951385498047,19.76274951059491,19.600135113281212,19.76274951059491,23500
2005-01-31,19.97110366821289,19.97110366821289,19.808489235561595,19.813572026997733,27100
2005-02-01,20.01683235168457,20.123547673670615,19.85421797384404,19.89995338876896,30000
2005-02-02,20.03716278076172,20.184532689613295,20.03716278076172,20.154041762035405,27300
2005-02-03,19.99651336669922,20.093067026333646,19.91520614404328,19.920288935875146,51800
2005-02-04,20.209941864013672,20.209941864013672,20.021919313923945,20.021919313923945,37800
2005-02-07,20.04224967956543,20.12355690578714,19.85422708239969,20.098148761064827,19200
2005-02-08,20.057498931884766,20.057498931884766,19.894884456621625,19.910128957890837,9200
2005-02-09,19.99651336669922,20.047331592432364,19.874553501973864,20.01175980367771,13700
2005-02-10,20.174367904663086,20.17944875638005,20.087977917342744,20.113387991477044,7800
2005-02-11,20.281084060668945,20.36747405149625,20.174368723632192,20.174368723632192,16400
2005-02-14,20.50467300415039,20.52500028354994,20.34205864598612,20.39287684448499,12400
2005-02-15,20.55548858642578,20.59614120153471,20.489425906043483,20.55548858642578,14400
2005-02-16,20.474185943603516,20.50467492704599,20.316652421257864,20.494513224909326,17000
2005-02-17,20.5504093170166,20.60122751774964,20.49959305479971,20.580900237456422,8100
2005-02-18,20.580894470214844,20.601221744811888,20.47926003574523,20.530078222237837,11500
2005-02-22,20.525007247924805,20.652049879504943,20.479271823015285,20.479271823015285,5300
2005-02-23,20.61646842956543,20.61646842956543,20.428445965785414,20.4945086460114,33300
2005-02-24,20.458938598632812,20.580900342498428,20.4030414853154,20.580900342498428,28800
2005-02-25,20.88581085205078,20.88581085205078,20.53009298341863,20.53009298341863,7500
2005-02-28,20.60630989074707,20.855314246442465,20.60630989074707,20.83498696464768,49500
2005-03-01,20.895959854125977,20.895959854125977,20.829899118252214,20.845143605220677,41300
2005-03-02,20.631717681884766,20.73843494028104,20.580901416756067,20.580901416756067,22500
2005-03-03,20.758766174316406,20.804501601317913,20.555499117600558,20.78417625260809,17100
2005-03-04,21.139892578125,21.165302654603636,20.93662553591258,20.93662553591258,11400
2005-03-07,21.139892578125,21.18562800186321,20.97219731676267,21.012849949798486,25500
2005-03-08,21.160219192504883,21.307589101931715,21.13989190737361,21.13989190737361,61000
2005-03-09,21.139892578125,21.139892578125,20.98744181183652,20.98744181183652,73300
2005-03-10,21.21103286743164,21.211032867431644,21.038254857813257,21.038254857813257,130400
2005-03-11,21.07890510559082,21.343153910437195,21.07890510559082,21.124640512939536,260000
2005-03-14,20.946781158447266,21.03825197090025,20.84514670699773,21.012841904150925,29000
2005-03-15,20.86039924621582,21.038260089517586,20.86039924621582,20.97727823200555,33800
2005-03-16,20.834989547729492,20.936624030787577,20.713027780356487,20.911215894652187,10900
2005-03-17,20.809568405151367,20.88071191727079,20.809568405151367,20.834976525406116,649000
2005-03-18,20.728269577026367,20.763841347363684,20.63171596738272,20.763841347363684,42500
2005-03-21,20.707948684692383,20.83499131465982,20.453863424757508,20.652049617344037,79300
2005-03-22,20.341341018676758,20.697760391902264,20.137672250453807,20.45335709310299,23000
2005-03-23,20.11221694946289,20.239509461801262,20.11221694946289,20.239509461801262,12100
2005-03-24,20.36680030822754,20.40753484116212,20.239507806301116,20.326065775292953,9600
2005-03-28,20.315889358520508,20.31588935852051,20.168229551793388,20.264971179133603,22800
2005-03-29,20.086748123168945,20.315874911650283,20.086748123168945,20.21404056762207,36900
2005-03-30,20.341341018676758,20.3667991291223,20.14276503794051,20.14276503794051,8400
2005-03-31,20.13768196105957,20.43300162315622,20.086765715616135,20.43300162315622,32000
2005-04-01,20.061304092407227,20.315889159862497,20.061304092407227,20.295521888306894,15100
2005-04-04,19.934011459350586,20.00020217808159,19.83217704440992,19.959469577503274,55200
2005-04-05,20.081666946411133,20.15804323416571,20.015476235508828,20.07657610031468,3400
2005-04-06,20.13768196105957,20.270067306940916,20.11222383833785,20.188600148833267,29600
2005-04-07,20.36680030822754,20.40753484116212,20.29042403013991,20.29042403013991,11300
2005-04-08,20.36680030822754,20.38207478691329,20.25987507276841,20.331158563074496,1700
2005-04-11,20.534832000732422,20.565380965032944,20.371895774366855,20.46863934086484,11200
2005-04-12,20.4686279296875,20.5144532929207,20.16821764678736,20.34133546985403,18500
2005-04-13,20.280244827270508,20.392260921924176,20.280244827270508,20.361711960804847,11200
2005-04-14,20.066402435302734,20.234429574911186,20.04094430751284,20.234429574911186,24900
2005-04-15,19.72524642944336,20.02056401606075,19.72524642944336,19.934006049367,7500
2005-04-18,19.674327850341797,19.70996959379805,19.531760876516792,19.57758625272188,53500
2005-04-19,19.664146423339844,19.77107360803207,19.664146423339844,19.77107360803207,3200
2005-04-20,19.373924255371094,19.771078302100133,19.323008016156354,19.5725003075706,37500
2005-04-21,19.85763931274414,19.918739197546248,19.771081304468677,19.852548464981595,13000
2005-04-22,19.90854263305664,19.928909895542965,19.659050465750827,19.928909895542965,30800
2005-04-25,19.954378128051758,19.95947091742213,19.8169019500023,19.95947091742213,53900
2005-04-26,19.567401885986328,19.832170500536357,19.567401885986328,19.832170500536357,38400
2005-04-27,19.501211166381836,19.603045557745105,19.465569420754107,19.56740381211738,358200
2005-04-28,19.266996383666992,19.450297927794683,19.266996383666992,19.450297927794683,18500
2005-04-29,19.42483901977539,19.526671480290908,19.302637347895224,19.526671480290908,310600
2005-05-02,19.450300216674805,19.592867237849063,19.450300216674805,19.592867237849063,42000
2005-05-03,19.61831283569336,19.659047354218767,19.5521221565827,19.653954568238717,38600
2005-05-04,19.842355728149414,19.842355728149414,19.735428550865713,19.832172094963852,10700
2005-05-05,19.90854263305664,20.061295159375035,19.872900894870096,20.061295159375035,33400
2005-05-06,19.913650512695312,19.95947591685678,19.883099595810826,19.95947591685678,41700
2005-05-09,19.86272430419922,19.908549689872263,19.82199170711748,19.832175341970352,11500
2005-05-10,19.674327850341797,19.821987611705893,19.64886973963438,19.821987611705893,1036500
2005-05-11,19.704877853393555,19.730335962944405,19.577585363310043,19.582676208288508,605700
2005-05-12,19.5521297454834,19.653962196664335,19.536853323942655,19.653962196664335,32500
2005-05-13,19.41973876953125,19.485931397296294,19.333180822886067,19.389189820046568,18600
2005-05-16,19.521581649780273,19.52667249613902,19.353554584994875,19.399379971542732,10400
2005-05-17,19.460479736328125,19.55213049979039,19.353552550735763,19.399377932466894,16200
2005-05-18,19.79652976989746,19.918729479884654,19.60813547497904,19.60813547497904,23000
2005-05-19,19.984922409057617,19.984922409057617,19.816895377504117,19.893271654088327,20900
2005-05-20,19.80670738220215,19.88308169214654,19.75578923324377,19.80670738220215,15300
2005-05-23,20.086748123168945,20.127480695383095,19.867804963323284,19.928904792808787,7300
2005-05-24,19.928916931152344,19.949284200829034,19.852542583359366,19.949284200829034,46700
2005-05-25,19.90854263305664,19.959460789272455,19.857626419169875,19.934002682329076,3000
2005-05-26,19.934011459350586,19.964560424201846,19.923827823623526,19.964560424201846,4000
2005-05-27,20.03584861755371,20.035848617553714,19.913648844911155,19.918739692800276,12600
2005-05-31,19.679418563842773,19.750702043242622,19.60304229744057,19.750702043242622,55600
2005-06-01,19.674327850341797,19.857629355162143,19.603044363429294,19.603044363429294,16500
2005-06-02,19.928916931152344,19.934009719736387,19.77616629323665,19.77616629323665,31400
2005-06-03,19.613224029541016,19.85762533909658,19.57758229329306,19.85762533909658,19600
2005-06-06,19.755794525146484,19.78634542270505,19.633594819570813,19.730336415012328,18400
2005-06-07,19.90345573425293,19.954371958233303,19.786346865234517,19.87290483446704,258700
2005-06-08,19.730337142944336,20.000196616515336,19.730337142944336,19.984922138337165,9400
2005-06-09,19.765981674194336,19.862723286846965,19.628505524216614,19.684514541873796,47500
2005-06-10,19.715068817138672,19.883093956521343,19.66924342597431,19.883093956521343,16200
2005-06-13,19.760887145996094,19.79652888834933,19.577585646848433,19.587769279282114,41200
2005-06-14,19.66923713684082,19.76597873510854,19.66414434926763,19.755795102291515,15600
2005-06-15,19.85763931274414,19.857639312744137,19.70488862957371,19.84236482712619,21000
2005-06-16,19.771072387695312,19.94928111396678,19.760888754432738,19.94928111396678,73800
2005-06-17,20.18859100341797,20.264965336985608,20.0714801957547,20.13767283871016,117700
2005-06-20,19.967416763305664,20.029571594213966,19.82756691186215,20.00367391265771,22000
2005-06-21,20.04511260986328,20.086548506887496,19.915622220879495,20.014034205195223,52200
2005-06-22,20.096908569335938,20.122806252725134,19.97259889872117,19.982958367250166,258800
2005-06-23,19.827573776245117,20.03993799991404,19.73434050967172,19.920807042818513,50200
2005-06-24,19.7861385345459,19.832755169406337,19.698084012757434,19.775779062813893,7500
2005-06-27,19.667015075683594,19.858660436163508,19.66183434990773,19.718810478234506,65800
2005-06-28,19.889728546142578,19.920804981206174,19.70844077951491,19.70844077951491,15000
2005-06-29,19.925983428955078,20.019216675233462,19.88972627494312,19.951881113839807,12800
2005-06-30,20.019216537475586,20.091730845000516,19.915623822782823,20.086550122539197,13900
2005-07-01,19.86901092529297,20.039937257097073,19.86901092529297,20.029577786098784,141400
2005-07-05,19.837932586669922,19.910446908062735,19.73952057561783,19.837932586669925,12500
2005-07-06,19.84311294555664,20.039936964044696,19.837932222199726,19.982962838187856,36000
2005-07-07,19.760236740112305,19.7861344261313,19.46499877258882,19.59448917855059,18800
2005-07-08,20.15387725830078,20.15387725830078,19.81202282583088,19.81202282583088,9800
2005-07-11,20.304094314575195,20.407687025663833,20.24193947826866,20.24193947826866,7300
2005-07-12,20.62523651123047,20.70811031132908,20.438769967041786,20.532003239136127,155600
2005-07-13,20.531993865966797,20.55271280049975,20.485377251200823,20.500917440033714,59400
2005-07-14,20.614871978759766,20.71328595062724,20.563076607362923,20.71328595062724,17000
2005-07-15,20.568260192871094,20.588979136650703,20.459488701829,20.459488701829,14800
2005-07-18,20.568260192871094,20.604517356551792,20.485386393619894,20.59415788466199,20100
2005-07-19,20.82205581665039,20.822055816650387,20.568253774221223,20.568253774221223,204900
2005-07-20,20.951541900634766,20.977439579015865,20.625225620607534,20.651123298988633,20600
2005-07-21,20.82724952697754,20.858327955277623,20.723656741845286,20.858327955277623,132600
2005-07-22,20.723644256591797,20.806518039595506,20.6355917265921,20.806518039595506,36700
2005-07-25,20.62523651123047,20.71329103526057,20.62523651123047,20.661493675281907,29900
2005-07-26,20.620054244995117,20.645951932632187,20.563078146673412,20.58897583431048,13000
2005-07-27,20.84796142578125,20.84796142578125,20.697752036952547,20.74954939992832,332100
2005-07-28,21.055145263671875,21.060324011626914,20.88939766696969,20.956731269721246,200300
2005-07-29,20.91529655456543,21.018889302395273,20.84278222384474,21.018889302395273,860600
2005-08-01,21.060325622558594,21.117301733758246,20.99299003878924,21.10176351283738,439100
2005-08-02,21.184629440307617,21.251963023172518,21.09657494414075,21.17944871801547,1063800
2005-08-03,21.44361686706543,21.448795615093683,21.3193051798478,21.350383595619014,337000
2005-08-04,21.18981170654297,21.324480870509106,21.179452236104503,21.26232602374527,225900
2005-08-05,21.013694763183594,21.184622981109108,20.96707815610082,21.184622981109108,52500
2005-08-08,21.024066925048828,21.25196937737906,21.008528705259806,21.25196937737906,213800
2005-08-09,21.438430786132812,21.46950919413815,21.251964289834245,21.26232375916936,361500
2005-08-10,21.51094627380371,21.692234033297538,21.485048586980838,21.547203430529105,368000
2005-08-11,21.697418212890625,22.645289199696155,21.593825463794836,21.593825463794836,942100
2005-08-12,21.547208786010742,21.59382542422506,21.44361801297213,21.55238951018308,68000
2005-08-15,21.474693298339844,21.47987402223325,21.345202863145992,21.391819498850467,73600
2005-08-16,21.143192291259766,21.340018251919027,21.127654075583166,21.340018251919027,52400
2005-08-17,21.024066925048828,21.127659667332466,20.977450289814552,20.977450289814552,1015300
2005-08-18,20.79615592956543,20.837591823936506,20.76507752688732,20.816872888817766,568400
2005-08-19,21.00334930419922,21.03960646990187,20.9204755003264,20.9204755003264,29100
2005-08-22,21.10175895690918,21.21570917883896,21.039602134910826,21.194990238172842,198500
2005-08-23,20.951541900634766,21.06549208068484,20.868668144295523,21.06549208068484,827800
2005-08-24,20.83759307861328,21.034419022359824,20.83759307861328,20.879030951345825,667000
2005-08-25,20.842782974243164,20.904937834831887,20.80134508327242,20.811704556015105,91400
2005-08-26,20.568260192871094,20.853138754305395,20.568260192871094,20.853138754305395,431700
2005-08-29,20.744365692138672,20.744365692138672,20.599337048399974,20.62523473822944,22000
2005-08-30,20.6511287689209,20.6511287689209,20.51127889758102,20.583795182468414,225800
2005-08-31,21.086225509643555,21.11212320582825,20.687394665623067,20.72365183545515,530400
2005-09-01,21.277864456176758,21.3607382369581,21.21052889183355,21.215707638690663,71300
2005-09-02,21.298580169677734,21.37109447662294,21.298580169677734,21.298580169677734,30500
2005-09-06,21.697418212890625,21.71295643370142,21.599006187976666,21.650801574590886,1262400
2005-09-07,21.635257720947266,21.71295078064087,21.599000564583548,21.68187434711016,573600
2005-09-08,21.531667709350586,21.593822560103245,21.521308238247297,21.521308238247297,377300
2005-09-09,21.738853454589844,21.749212925824136,21.635260718114004,21.676696627184075,14800
2005-09-12,21.412532806396484,21.46950889902306,21.40217333720377,21.459149429830344,119900
2005-09-13,21.2157039642334,21.340015601808627,21.189806282699603,21.340015601808627,291000
2005-09-14,21.28304100036621,21.386633709588356,21.257143317027325,21.350376557740596,470400
2005-09-15,21.16910171508789,21.246796788289167,21.14838474131963,21.236437313471143,374700
2005-09-16,21.500587463378906,21.500587463378906,21.391815989866423,21.417713677483647,484200
2005-09-19,21.2170352935791,21.34190347001302,21.18581973800487,21.279470374152226,191600
2005-09-20,21.138986587524414,21.38351694933939,21.118174901711175,21.310678033704647,110100
2005-09-21,21.02973175048828,21.21183107209493,21.02973175048828,21.185817450354588,205000
2005-09-22,20.99331283569336,21.019328442830602,20.863242738855824,21.019328442830602,135500
2005-09-23,20.94129180908203,20.982915205091402,20.852845069631265,20.904872329930214,87100
2005-09-26,21.26906394958496,21.32109119727017,21.19102109334487,21.211832786303862,178500
2005-09-27,21.175418853759766,21.20663441664945,21.08697012790914,21.180620786003782,240000
2005-09-28,21.409530639648438,21.451152022851502,21.35750142975533,21.35750142975533,105500
2005-09-29,21.576034545898438,21.58123647800481,21.289878662229164,21.347109838963018,575800
2005-09-30,21.45116424560547,21.53961296046563,21.41474477028439,21.41474477028439,171700
2005-10-03,21.383529663085938,21.383529663085938,21.321096553237716,21.383529663085938,32800
2005-10-04,21.289873123168945,21.52399970129721,21.28987312316894,21.393929600638423,181900
2005-10-05,21.07135581970215,21.373119398917755,21.07135581970215,21.373119398917755,988500
2005-10-06,21.232641220092773,21.35750738925547,21.138990600864766,21.243047064974995,1462600
2005-10-07,21.237844467163086,21.331495092198484,21.206626930580587,21.331495092198484,39400
2005-10-10,21.13380241394043,21.315901857830564,21.10258684077497,21.315901857830564,76600
2005-10-11,21.076560974121094,21.19102331267088,21.066157111264285,21.19102331267088,896800
2005-10-12,20.884044647216797,21.1441847190251,20.868436878015896,21.071345816472576,954800
2005-10-13,20.842439651489258,20.842439651489258,20.597907156661076,20.64993441803555,114500
2005-10-14,21.092161178588867,21.12858063621939,20.88925220472978,20.96729304906165,864600
2005-10-17,20.967308044433594,21.04535092929166,20.915280777670223,21.003727528110556,638700
2005-10-18,20.634315490722656,20.74877778557384,20.634315490722656,20.74877778557384,367200
2005-10-19,20.759201049804688,20.759201049804688,19.916344873578225,20.44703143407561,1597200
2005-10-20,20.32215690612793,20.62912247842638,20.290939361843943,20.603106865833432,1409600
2005-10-21,20.3637752532959,20.509453135301865,20.280530465762162,20.488643426952645,174200
2005-10-24,20.73838233947754,20.743584271528057,20.51986348381408,20.51986348381408,399300
2005-10-25,20.660341262817383,20.821628956390732,20.603110081719972,20.769599707796317,208900
2005-10-26,20.623916625976562,20.753986737880766,20.623916625976562,20.681147792768396,139900
2005-10-27,20.431407928466797,20.634316930984646,20.421002084143847,20.634316930984646,12500
2005-10-28,20.571880340576172,20.577082269494362,20.37937523050722,20.51464919891846,401300
2005-10-31,20.629119873046875,20.722770509358522,20.62911987304688,20.644727650861373,606700
2005-11-01,20.65513801574707,20.73317890660255,20.644732166690453,20.73317890660255,35600
2005-11-02,20.915273666381836,20.946489221941224,20.577090593264675,20.577090593264675,73500
2005-11-03,20.842439651489258,21.034942900230163,20.842439651489258,21.0037253525778,274000
2005-11-04,20.634315490722656,20.847630322674217,20.597896030490322,20.847630322674217,133900
2005-11-07,20.707157135009766,20.753982444998137,20.62911627483714,20.665535739860097,275000
2005-11-08,20.634315490722656,20.660329107358365,20.525057110025653,20.577084343297066,291100
2005-11-09,20.64473533630371,21.071365289562248,20.473041777578338,20.519867113165887,615800
2005-11-10,20.629119873046875,20.71236466257808,20.47823807179897,20.63432180408093,327400
2005-11-11,20.81121826171875,20.81121826171875,20.686350078874966,20.686350078874966,154200
2005-11-14,20.748779296875,20.873645459706093,20.70195398963537,20.852835755708828,93400
2005-11-15,20.764392852783203,20.837231798834928,20.66033636497541,20.7643928527832,368300
2005-11-16,20.608304977416992,20.65513028829721,20.571885511700383,20.63952052819579,77500
2005-11-17,20.873653411865234,20.873653411865234,20.73317743662973,20.73317743662973,484000
2005-11-18,21.045333862304688,21.045333862304688,20.837220994597015,21.029724107164203,83600
2005-11-21,21.14419174194336,21.149395656546268,21.05054112620997,21.149395656546268,51500
2005-11-22,21.253454208374023,21.269063970464735,20.956894529910183,20.988112069379323,543800
2005-11-23,21.35231590270996,21.373127602653526,21.222245755132118,21.2326516051039,49100
2005-11-25,21.138986587524414,21.227433275163285,21.128580744617793,21.227433275163285,23800
2005-11-28,21.227441787719727,21.27947102311741,21.17541453703443,21.27947102311741,514700
2005-11-29,21.232641220092773,21.321087924523685,21.17020615079945,21.321087924523685,681700
2005-11-30,21.123384475708008,21.22223902674218,21.10257476707499,21.17020979337885,606100
2005-12-01,21.477174758911133,21.477174758911133,21.25345402311312,21.25345402311312,175800
2005-12-02,21.471973419189453,21.50319095924589,21.315889688331886,21.40954032378889,443400
2005-12-05,21.497989654541016,21.55001690957496,21.378325380192894,21.503193570871947,9000
2005-12-06,21.539613723754883,21.68529163020152,21.49799033064863,21.576033200366542,151500
2005-12-07,21.341901779174805,21.55521665911869,21.315888156686462,21.49278356820423,164900
2005-12-08,21.508399963378906,21.65928181286815,21.39393759690941,21.399141514319645,174200
2005-12-09,21.58123016357422,21.58643407887073,21.477173689477787,21.477173689477787,61600
2005-12-12,21.89339828491211,21.919411905712394,21.85177490386202,21.85177490386202,132400
2005-12-13,22.033884048461914,22.096319153513956,21.893410023877607,21.919423658626066,356800
2005-12-14,22.049489974975586,22.106721152277583,22.0182724278892,22.04948997497559,197400
2005-12-15,21.92462730407715,22.00787213260179,21.856990260677982,22.00787213260179,466500
2005-12-16,22.137928009033203,22.267998093674656,22.137928009033203,22.169145543843467,68300
2005-12-19,22.12855339050293,22.222318607224008,22.102507938556098,22.15980912512349,282200
2005-12-20,22.008731842041016,22.08165986629716,21.967057549814868,22.0764515733387,799700
2005-12-21,22.097293853759766,22.118131006588175,22.03999466419204,22.118131006588175,73300
2005-12-22,22.248355865478516,22.248355865478516,22.154590683289566,22.185846406399175,111900
2005-12-23,22.258787155151367,22.258787155151364,22.191067376632315,22.232741697918197,78500
2005-12-27,22.191078186035156,22.362981864363174,22.185869886907938,22.336936394443107,63500
2005-12-28,22.243152618408203,22.425472743396174,22.222315464940912,22.399427295132224,309900
2005-12-29,22.263992309570312,22.316083212035636,22.24315515372796,22.2796191828818,429900
2005-12-30,22.076465606689453,22.076465606689457,21.87851656706419,21.914980602371358,243700
2006-01-03,22.821380615234375,22.83700749354677,22.430692760294917,22.545293179821147,974700
2006-01-04,23.09225082397461,23.097459119465853,22.894301813917316,22.935974139269035,685400
2006-01-05,23.0089168548584,23.07142836341449,22.962036204154117,23.014127140809002,617300
2006-01-06,23.311038970947266,23.31624726732502,23.133927086989626,23.21206544264247,268800
2006-01-09,23.12872314453125,23.149558321105367,23.055793071527273,23.139139739247657,53500
2006-01-10,23.02452850341797,23.024528503417965,22.847416669270892,22.847416669270892,443700
2006-01-11,23.196443557739258,23.222491008887047,23.061005952621787,23.071424535652596,349900
2006-01-12,22.92035484313965,23.040165550453658,22.889099098437246,22.925563140352757,310200
2006-01-13,22.93596839904785,22.9411786803757,22.77448544640622,22.790112316109578,375000
2006-01-17,22.784915924072266,22.784915924072262,22.65989493971793,22.670313520675883,28600
2006-01-18,22.534870147705078,22.639053952539836,22.40985117161601,22.555707306100192,210700
2006-01-19,22.696353912353516,22.764073679890668,22.55570608153359,22.592170113174976,74500
2006-01-20,22.284828186035156,22.65988905454714,22.25878273397529,22.65988905454714,81400
2006-01-23,22.613006591796875,22.670307778982433,22.53486824797282,22.597379717888316,631400
2006-01-24,22.654678344726562,22.71197753829575,22.59216688187588,22.654678344726562,302200
2006-01-25,22.82658576965332,22.889095261438143,22.711983378763726,22.80574861001141,138400
2006-01-26,23.264156341552734,23.264156341552738,23.092254741213026,23.092254741213026,135800
2006-01-27,23.118310928344727,23.368351000354888,23.118310928344727,23.337095246175423,557300
2006-01-30,23.227693557739258,23.253739015299,23.154765481715565,23.19122951972741,67500
2006-01-31,23.436054229736328,23.47251825691485,23.232894951989703,23.248523811595103,168300
2006-02-01,23.45167350769043,23.50376439046497,23.337071181018676,23.347489755001543,87700
2006-02-02,23.186017990112305,23.446476525996985,23.14434565768404,23.40480419356872,125500
2006-02-03,23.029735565185547,23.123500765721523,22.83699686947949,22.873460893339004,209500
2006-02-06,22.93596839904785,23.029733591548194,22.92034152934449,23.029733591548194,89200
2006-02-07,22.82658576965332,22.988070776166765,22.80054031367139,22.92555929724103,26600
2006-02-08,23.0089168548584,23.0089168548584,22.82659658942444,22.93078044987607,151600
2006-02-09,23.175596237182617,23.30582547612868,23.14434050446499,23.212060265116275,285600
2006-02-10,23.08704376220703,23.227691605779416,22.951606201993364,23.227691605779416,74500
2006-02-13,23.0557861328125,23.14434305838089,22.90993000498304,22.90993000498304,608500
2006-02-14,23.305843353271484,23.31625995169377,22.941200807089167,22.98287316220434,143000
2006-02-15,23.09225082397461,23.311035003137466,23.003693903498746,23.180805757309884,418300
2006-02-16,23.311038970947266,23.311038970947266,23.149553963263823,23.170391123056703,62200
2006-02-17,23.456897735595703,23.477734897716314,23.305833278074157,23.347505615174228,607400
2006-02-21,23.441274642944336,23.55587706597289,23.37876513362943,23.55587706597289,147000
2006-02-22,23.738178253173828,23.738178253173828,23.503765297363906,23.519394152511154,241800
2006-02-23,23.63400650024414,23.743400593276927,23.59754246494684,23.701726274570937,154700
2006-02-24,23.654844284057617,23.727772356577436,23.59754308789464,23.59754308789464,38900
2006-02-27,23.665260314941406,23.7486069584352,23.61316940793556,23.61316940793556,26800
2006-02-28,23.410011291503906,23.566287994747107,23.404802995394853,23.55586941538817,388300
2006-03-01,23.639205932617188,23.66004109526539,23.50376644613399,23.61316048895195,121500
2006-03-02,23.613178253173828,23.613178253173828,23.410018870611992,23.50899441299528,442400
2006-03-03,23.508989334106445,23.545453372220017,23.368341478322222,23.394386935954625,526300
2006-03-06,23.383968353271484,23.587125704782547,23.36313119231111,23.587125704782547,328600
2006-03-07,23.175596237182617,23.232895433120877,23.076620743813702,23.102666194174816,375200
2006-03-08,23.217269897460938,23.24331534932206,23.008902308290743,23.050576620981023,942000
2006-03-09,23.232906341552734,23.337090179054602,23.21727946142695,23.290207551535833,268200
2006-03-10,23.623579025268555,23.628789306715355,23.27977397396514,23.300611125472045,598800
2006-03-13,23.785072326660156,23.785072326660156,23.71214425789966,23.74339999614309,1303300
2006-03-14,24.08721351623535,24.097630112119102,23.779872271985052,23.779872271985052,281900
2006-03-15,24.18618392944336,24.233066553390405,24.06637322094342,24.20702109278455,118800
2006-03-16,24.35286521911621,24.42058497291624,24.238262864553125,24.24868144107161,440300
2006-03-17,24.388853073120117,24.409712094758735,24.268916682536748,24.37320980150405,55900
2006-03-20,24.37320327758789,24.461851111985183,24.326271486076013,24.45663735258398,62500
2006-03-21,24.195919036865234,24.336712500249423,24.1594167331395,24.268923644316697,448500
2006-03-22,24.414926528930664,24.414926528930664,24.258487840777956,24.258487840777956,549600
2006-03-23,24.107257843017578,24.315844042832556,24.02903951000603,24.248053229508873,138000
2006-03-24,24.24283790588379,24.274124441380103,24.07596776326049,24.128115304463176,429800
2006-03-27,23.98211097717285,24.091617851822217,23.90910440484758,24.01861326872264,743200
2006-03-28,23.77873992919922,24.04990124634804,23.75788289651532,24.002969441664092,627000
2006-03-29,24.008180618286133,24.10725796964468,23.856955722087214,23.872598990926605,49500
2006-03-30,24.44101333618164,24.534877000776802,24.331506390562947,24.331506390562947,517300
2006-03-31,24.315853118896484,24.409716744925944,24.26370555486558,24.409716744925944,752100
2006-04-03,24.456647872924805,24.555725257969172,24.274134387767983,24.326281950338267,597700
2006-04-04,24.66522979736328,24.738234388755828,24.54529339875754,24.59222520597074,219300
2006-04-05,24.769519805908203,24.80080833652112,24.639153912192896,24.71737424411235,144700
2006-04-06,24.61829948425293,24.639158508552725,24.47750405406836,24.639158508552725,1296300
2006-04-07,24.091615676879883,24.456640548649755,24.065542898016076,24.456640548649755,516100
2006-04-10,24.154193878173828,24.248057485643415,24.12290534594204,24.216768953411627,1992600
2006-04-11,23.935176849365234,24.20633613474899,23.856956524087856,24.19590861465581,519900
2006-04-12,23.85175132751465,23.93518544279389,23.783960487217072,23.89346739054116,58300
2006-04-13,23.88825225830078,23.893466019920183,23.757886336328617,23.757886336328617,53900
2006-04-17,24.10205078125,24.169839624187105,24.05511897271033,24.0916212694383,138700
2006-04-18,24.414926528930664,24.414926528930664,24.10204915262525,24.175053741148123,454900
2006-04-19,24.769519805908203,24.785163076601822,24.44621294647743,24.44621294647743,409800
2006-04-20,24.86338996887207,24.899892269605644,24.759096828536332,24.77995585444872,161000
2006-04-21,25.05110740661621,25.066750675307123,24.931171038459883,25.030248388878043,179300
2006-04-24,25.103261947631836,25.103261947631836,24.889461912347905,24.967682262252858,584900
2006-04-25,25.124116897583008,25.202337234800243,25.030253288612645,25.18669197382131,96800
2006-04-26,25.29098129272461,25.317054071469943,25.186688188517756,25.186688188517756,233100
2006-04-27,25.32227325439453,25.384848329713474,24.899887020233685,24.993750627824987,207400
2006-04-28,25.26491355895996,25.395279467944043,25.207552240730823,25.207552240730823,392900
2006-05-01,25.280561447143555,25.483931984013427,25.1971273297296,25.447429681971464,340800
2006-05-02,25.541292190551758,25.556935465246372,25.447428563931698,25.515219402985338,275800
2006-05-03,25.29098129272461,25.4057039062747,25.197117697860993,25.4057039062747,306700
2006-05-04,25.583019256591797,25.624735333552106,25.22320789802136,25.22320789802136,1050000
2006-05-05,26.03667640686035,26.057535427232832,25.791587890547884,25.864592472625894,308800
2006-05-08,25.91152572631836,26.021034594799552,25.885452944004086,26.010605084028686,20300
2006-05-09,26.03667640686035,26.083608208085597,25.91152427385114,25.948026564890146,43400
2006-05-10,26.03667640686035,26.11489673864432,25.94281280440986,26.03667640686035,175600
2006-05-11,25.7863826751709,26.052328310759364,25.74466462060139,26.026255521266584,139400
2006-05-12,25.343137741088867,25.734235558014475,25.32228070266487,25.666446701990353,181300
2006-05-15,25.09806251525879,25.254501315158663,24.936407961466802,25.1137057984806,110300
2006-05-16,25.22840118408203,25.36919654823999,25.11889235247577,25.36919654823999,38400
2006-05-17,24.201135635375977,25.07719500591483,24.14899004943562,25.04069269791126,1677800
2006-05-18,24.24283790588379,24.665222048886417,24.24283790588379,24.4670653707668,1242100
2006-05-19,24.456647872924805,24.508793446268974,24.258491113609956,24.347138986140266,16600
2006-05-22,24.211557388305664,24.30542100428738,23.924752779128625,24.117693772323946,131600
2006-05-23,24.284563064575195,24.748665414735893,24.284563064575195,24.435788006985728,97100
2006-05-24,24.221986770629883,24.352352682216452,23.851748059138252,24.279348090004124,303000
2006-05-25,24.753890991210938,24.753890991210938,24.414938673916495,24.4566567390966,28700
2006-05-26,24.90510368347168,24.90510368347168,24.691303661091812,24.87903089815238,97300
2006-05-30,24.362775802612305,24.748657685711233,24.357560053550593,24.748657685711233,150300
2006-05-31,24.61829948425293,24.7382358901377,24.519222102667957,24.644372270014653,120300
2006-06-01,24.884239196777344,24.884239196777344,24.3575599406102,24.3575599406102,17000
2006-06-02,24.988529205322266,25.160613109917733,24.821661049534413,25.160613109917733,91700
2006-06-05,24.394065856933594,24.85295436847574,24.347134054739218,24.85295436847574,37200
2006-06-06,24.164615631103516,24.27412247492,23.95602946164104,24.232406434562588,34000
2006-06-07,23.919540405273438,24.33149722365531,23.919540405273438,24.107267663737392,199300
2006-06-08,23.52323341369629,23.622310824112716,23.106062752434184,23.54409244406605,112900
2006-06-09,23.418933868408203,23.742240794117972,23.382431569822877,23.617090624461454,69900
2006-06-12,23.038265228271484,23.538869876850175,23.038265228271484,23.47107904238867,135900
2006-06-13,22.48551368713379,22.970475076490548,22.443797626458792,22.82967964191348,1301900
2006-06-14,22.876611709594727,23.02262289665741,22.652382161930795,22.881827460503818,467900
2006-06-15,23.601438522338867,23.731804405003462,23.220770383665315,23.220770383665315,668500
2006-06-16,23.384313583374023,23.442854522090848,23.21933678895441,23.394957574971066,146200
2006-06-19,23.192718505859375,23.54928294548537,23.18207451853924,23.54928294548537,59600
2006-06-20,23.48543357849121,23.586548466766217,23.2938457648046,23.2938457648046,15500
2006-06-21,23.911174774169922,23.959071710818353,23.48010234433404,23.496069343305763,34600
2006-06-22,23.730236053466797,23.799420983339424,23.57058024079702,23.692983098181642,22800
2006-06-23,23.67168617248535,23.719583101205266,23.49074244511379,23.51735139881751,16000
2006-06-26,23.76749038696289,23.77281136796912,23.54929362329702,23.613155546041344,11200
2006-06-27,23.315122604370117,23.76748092476366,23.2991556074403,23.75683693685482,50000
2006-06-28,23.554615020751953,23.55993803198621,23.37899422256658,23.469465112209416,68900
2006-06-29,24.46997833251953,24.50723129103812,23.7195941207203,23.7195941207203,103900
2006-06-30,24.82653045654297,24.863783393277345,24.603010806003912,24.757345561122214,95900
2006-07-03,25.055381774902344,25.055381774902344,24.847827000087715,24.90636793425592,18100
2006-07-05,24.544479370117188,24.6881701944663,24.480617458228775,24.650917243353593,39600
2006-07-06,24.87443733215332,24.91169028379318,24.693493554131027,24.693493554131027,23900
2006-07-07,24.69881248474121,24.975550124054102,24.69881248474121,24.90636520669252,60500
2006-07-10,24.847837448120117,24.92766639739485,24.768010528979893,24.77865452422549,515300
2006-07-11,24.799922943115234,24.837175885057846,24.501899407574346,24.688164117287403,75300
2006-07-12,24.384817123413086,24.69880764980907,24.374173135892356,24.69880764980907,37100
2006-07-13,23.88988494873047,24.20387550245519,23.868596971836165,24.129369613458344,45700
2006-07-14,23.72490882873535,23.84198864447487,23.581218026109642,23.84198864447487,61400
2006-07-17,23.363018035888672,23.432200907657585,23.267224180988503,23.299154112533238,62000
2006-07-18,23.325780868530273,23.442860746918548,23.1235490347551,23.426895770350683,213800
2006-07-19,24.1666259765625,24.182590946425023,23.30980407162649,23.30980407162649,106900
2006-07-20,23.98036003112793,24.27838361440262,23.98036003112793,24.27838361440262,80700
2006-07-21,23.98036003112793,24.081474885434215,23.96439303192864,24.081474885434215,61300
2006-07-24,24.501901626586914,24.512545615267786,24.08679418856596,24.08679418856596,129600
2006-07-25,24.49658203125,24.54447897192265,24.294352308528612,24.475296081054907,36100
2006-07-26,24.66155433654785,24.741383226682657,24.384816755582342,24.416748717662866,44800
2006-07-27,24.70412826538086,25.00215382118163,24.677519312036665,24.964900880473156,35500
2006-07-28,25.22035026550293,25.236315231342747,24.911682755179513,24.911682755179513,42600
2006-07-31,25.071346282958984,25.16181715763268,25.055381312165654,25.092634264105836,61700
2006-08-01,24.93299102783203,24.93299102783203,24.650932218027155,24.922349061163946,38400
2006-08-02,25.188426971435547,25.289541831954992,25.119242051009856,25.14053003116138,77500
2006-08-03,25.16713523864746,25.215032171779782,24.92232959380815,24.93297155216358,50600
2006-08-04,25.289548873901367,25.560963590942144,25.193754966678952,25.51838964891779,71700
2006-08-07,25.0500545501709,25.204389345171084,25.018122583232934,25.156492409830797,78300
2006-08-08,25.01811408996582,25.2363107146342,24.93828724492088,25.050046046063372,56000
2006-08-09,25.16713523864746,25.518378738240067,25.161812229336526,25.38533192733176,38400
2006-08-10,25.145851135253906,25.17246009550789,24.938298403085874,25.039413264104432,40500
2006-08-11,24.890403747558594,25.01812758055641,24.85315079375642,24.954265664057502,73000
2006-08-14,25.0766658782959,25.278897627755324,25.07134489836985,25.161815768047205,26200
2006-08-15,25.81639289855957,25.83235989054738,25.603519296669422,25.62480726589818,174700
2006-08-16,25.997343063354492,26.045239991003754,25.9228371825963,25.997343063354492,71600
2006-08-17,25.960105895996094,26.07718779697239,25.885599969969075,25.986716895406506,100300
2006-08-18,26.06121826171875,26.06121826171875,25.8483424844859,26.01332131334805,130800
2006-08-21,25.954771041870117,26.07717385922602,25.954771041870117,26.05588588312939,69600
2006-08-22,25.837697982788086,25.917526905208707,25.70465113217627,25.72061813474069,77000
2006-08-23,25.614181518554688,25.90688419839045,25.58224954197601,25.84302227536703,83900
2006-08-24,25.683353424072266,25.890908137750365,25.66206747893582,25.890908137750365,97600
2006-08-25,25.678030014038086,25.75785889867373,25.60884511602938,25.68335099228512,46400
2006-08-28,25.997343063354492,26.061206986975503,25.76850241237834,25.78979038691868,128200
2006-08-29,26.125070571899414,26.125070571899414,25.837688987397655,26.09846161706772,131900
2006-08-30,26.08249282836914,26.194253679198013,26.055883875365303,26.194253679198013,76500
2006-08-31,26.06654167175293,26.141047591687535,25.97074776608442,26.13572661032109,94200
2006-09-01,26.135704040527344,26.188921928771112,26.018622250232276,26.045231194354162,83100
2006-09-05,26.077177047729492,26.151682943044523,25.976062194106724,26.077177047729492,257400
2006-09-06,25.656749725341797,25.79511956280292,25.6567497253418,25.79511956280292,126600
2006-09-07,25.401302337646484,25.555637158600877,25.316152441625725,25.406625348097965,85200
2006-09-08,25.411956787109375,25.42260078225938,25.23101292982824,25.342771833701573,75600
2006-09-11,25.411956787109375,25.497106718174937,25.209724939528225,25.332127838551568,158500
2006-09-12,25.811077117919922,25.816398096232156,25.51837458755772,25.571592491211614,145300
2006-09-13,25.827049255371094,25.843016255007743,25.619496531295777,25.651428500435618,35200
2006-09-14,25.843019485473633,25.843019485473633,25.68868466053888,25.811087512342187,289800
2006-09-15,25.751052856445312,25.825910242120752,25.68154155272778,25.825910242120752,160000
2006-09-18,25.804513931274414,25.86867913338105,25.62806472475655,25.64945312545876,74800
2006-09-19,25.542516708374023,25.740354343064922,25.435576729723923,25.740354343064922,412200
2006-09-20,26.045129776000977,26.071864258497776,25.84194607725708,25.84729215787233,39400
2006-09-21,26.14138412475586,26.24832412955266,26.071872815681303,26.221589638281195,96900
2006-09-22,25.986318588256836,26.16811596608823,25.980972506428294,26.16811596608823,42200
2006-09-25,26.237619400024414,26.269702000506978,25.88471895355672,26.114639157739777,72000
2006-09-26,26.307144165039062,26.31783837068127,26.125346748543848,26.162775448435994,98400
2006-09-27,26.403385162353516,26.403385162353516,26.26436255406199,26.280404879456114,32900
2006-09-28,26.46219825744629,26.47823854070174,26.33386987227124,26.414075367969456,11800
2006-09-29,26.403385162353516,26.48358863048097,26.349914143891084,26.414079366046,250700
2006-10-02,26.387338638305664,26.499626739354515,26.33921574920201,26.35525807204354,43900
2006-10-03,26.387338638305664,26.483584416512983,26.232277808714294,26.275052576967287,46800
2006-10-04,26.750946044921875,26.750946044921875,26.29645346298544,26.29645346298544,210200
2006-10-05,26.750946044921875,26.76164025198892,26.627965723218033,26.713517340042944,126700
2006-10-06,26.504966735839844,26.521007015288596,26.333863622686497,26.371292301206918,140000
2006-10-09,26.542407989501953,26.569142481152685,26.414081613694055,26.456856392393032,51100
2006-10-10,26.504966735839844,26.504966735839844,26.360598101671084,26.451497777870674,65100
2006-10-11,26.547748565673828,26.649340420954324,26.376645420090686,26.430114388194024,82400
2006-10-12,26.82578468322754,26.857867281978738,26.708152567226488,26.708152567226488,76800
2006-10-13,26.75627899169922,26.79370767534797,26.660033222399484,26.73489058969699,43200
2006-10-16,26.772323608398438,26.815100419329433,26.65468941804881,26.681425944735988,72000
2006-10-17,26.553089141845703,26.585171739882856,26.403374430425597,26.57447754053714,65500
2006-10-18,26.643985748291016,26.75092365001402,26.56912636149129,26.697454699152516,32200
2006-10-19,26.852527618408203,26.922036872746574,26.74023951580295,26.756281838866844,418800
2006-10-20,26.975507736206055,26.996896140367504,26.7883622593591,26.884608038375134,60100
2006-10-23,26.948781967163086,26.996904872235955,26.686779030719418,26.71886164733838,127000
2006-10-24,26.88995361328125,26.92738229716473,26.80974812512506,26.852524929397774,372700
2006-10-25,27.119873046875,27.13056724763162,26.889952829883278,26.889952829883278,557700
2006-10-26,27.355134963989258,27.392563640788822,27.167991579991433,27.2749294910131,78500
2006-10-27,27.21077537536621,27.365838253450473,27.168000604690555,27.365838253450473,94300
2006-10-30,27.16800308227539,27.264248874710987,27.061063086267975,27.130574389629412,46400
2006-10-31,27.307016372680664,27.328404774124852,27.141259321053557,27.21611872610821,103000
2006-11-01,27.1733455657959,27.504857673778947,27.14661108026203,27.435348419332993,32600
2006-11-02,27.08779525756836,27.141264231141598,27.002243676024825,27.077101054911594,26300
2006-11-03,27.07710075378418,27.205429144527628,27.018283659681373,27.15195813183845,103600
2006-11-06,27.542287826538086,27.56902435320466,27.290981201499267,27.323061769962184,187500
2006-11-07,27.675945281982422,27.873784851160448,27.659905007614768,27.76149681145882,99200
2006-11-08,27.831031799316406,27.8684604978976,27.60111148533988,27.670622799723994,92400
2006-11-09,27.831031799316406,27.932625729503442,27.772214690199934,27.831031799316406,63000
2006-11-10,27.92726707458496,27.943307356581478,27.86844998765064,27.911226792588447,95500
2006-11-13,27.92726707458496,28.02885892674677,27.895184470881606,27.964695759050382,78200
2006-11-14,28.125099182128906,28.146487580403022,27.852404243118638,28.109058903278278,157700
2006-11-15,28.1464900970459,28.216001377796985,28.050244335916737,28.050244335916737,76800
2006-11-16,28.087678909301758,28.146496002299664,28.06629254433841,28.13580179996272,43600
2006-11-17,28.07164192199707,28.071641921997067,27.809639033252353,27.88984454034237,91800
2006-11-20,28.044898986816406,28.114410269379555,27.959347423550287,27.959347423550287,70600
2006-11-21,28.15719223022461,28.18927483954341,28.071640645085157,28.135803824012076,51200
2006-11-22,28.355030059814453,28.41919527883992,28.27482659559866,28.296212962229788,70300
2006-11-24,28.274818420410156,28.371064181409814,28.2320416200947,28.2320416200947,48600
2006-11-27,27.852415084838867,28.21066171668534,27.8096382716395,28.189275349796375,495000
2006-11-28,28.050256729125977,28.07164513876234,27.831030629630746,27.873807448903477,68700
2006-11-29,28.248085021972656,28.306900065093867,28.141145056798322,28.232042701384888,77800
2006-11-30,28.290851593017578,28.440566277087857,28.232034527215795,28.371057053603565,82600
2006-12-01,28.044898986816406,28.33898235806181,27.905876421690113,28.290859476242733,50600
2006-12-04,28.248085021972656,28.312248185193184,28.023510891135533,28.034205091623985,46300
2006-12-05,28.59563446044922,28.60632865985361,28.34432587372088,28.387102671338457,266300
2006-12-06,28.392465591430664,28.52614010370616,28.338996602404944,28.387119508412567,235800
2006-12-07,28.51009178161621,28.74001204112204,28.494051497370425,28.686543067162336,50900
2006-12-08,28.45660972595215,28.659793365362557,28.403138736862825,28.510078675331798,243100
2006-12-11,28.729326248168945,28.761408865762505,28.48871171549526,28.510100127224298,125000
2006-12-12,28.782791137695312,28.8148717087344,28.606339838137217,28.659808816342885,81000
2006-12-13,29.028743743896484,29.034089824367324,28.846946412234683,28.92180377708774,23100
2006-12-14,29.060829162597656,29.060829162597653,28.953891217628353,28.99131990630972,40100
2006-12-15,28.888784408569336,29.119251676847206,28.840547025800404,29.108532031280404,44300
2006-12-18,28.84054946899414,28.979900784040858,28.76551194366982,28.969181137565954,37400
2006-12-19,29.044208526611328,29.054928170099743,28.770864773627153,28.79766286006671,303900
2006-12-20,28.915584564208984,29.424756519878517,28.90486491787701,29.424756519878517,80900
2006-12-21,28.84054946899414,28.942383043660453,28.770872789189028,28.845908269949838,121600
2006-12-22,28.5886287689209,28.888772588292934,28.46535596218662,28.888772588292934,36300
2006-12-26,28.65831756591797,28.674396012225294,28.572562444673288,28.60471933728794,150400
2006-12-27,29.10317611694336,29.140693860501838,28.91558739915098,28.94238549532651,204900
2006-12-28,29.049558639526367,29.199629503801006,29.017399720940865,29.151392148203847,23500
2006-12-29,29.10317611694336,29.18357245003363,28.995981687677563,28.995981687677563,142400
2007-01-03,29.29075050354004,29.606972768571797,29.226432655200924,29.483697914869765,148100
2007-01-04,29.274673461914062,29.30683238986555,29.097804469587818,29.226436092268216,94300
2007-01-05,28.765501022338867,28.99060942371842,28.658308687414323,28.958450496503417,338900
2007-01-08,28.781587600708008,28.808385690111756,28.620797019722342,28.79230724538214,100300
2007-01-09,28.7119140625,28.851267413891506,28.56720191046885,28.835186922845786,41400
2007-01-10,28.40105438232422,28.449291769512396,28.2884991158428,28.406413183316896,106200
2007-01-11,28.7119140625,28.813747631160417,28.438570249483416,28.438570249483416,99000
2007-01-12,28.92095184326172,28.96383044115946,28.786959291677412,28.797678941151847,102700
2007-01-16,28.845901489257812,28.99061361580683,28.77086602613529,28.953095884245567,46700
2007-01-17,28.674379348754883,28.813730573085397,28.610063556337888,28.652940069761822,35900
2007-01-18,28.583269119262695,28.829814725387916,28.561829837539868,28.792297004654184,92400
2007-01-19,28.93701934814453,28.953097792855537,28.615436141982258,28.615436141982258,81700
2007-01-22,28.65831756591797,28.974539958863364,28.588640890980614,28.95845946799267,113200
2007-01-23,28.8834285736084,28.990623003306958,28.754796893621087,28.765514496483622,73100
2007-01-24,29.08707618713379,29.09779582660021,28.96916219756538,28.98524267904609,36300
2007-01-25,28.674379348754883,29.119235187331018,28.647581272294648,29.119235187331018,115400
2007-01-26,28.770883560180664,28.797681664118606,28.577933940524645,28.7494442592046,256100
2007-01-29,28.84054946899414,28.904865303280047,28.754794341758426,28.754794341758426,115200
2007-01-30,29.13532829284668,29.135328292846676,28.963818063677568,29.00669459868824,57800
2007-01-31,29.301477432250977,29.37115410119425,28.9584569767813,28.969176621585124,106100
2007-02-01,29.47835922241211,29.51051816851594,29.34972548256073,29.424763023469662,40500
2007-02-02,29.387235641479492,29.419392532477616,29.317558970044793,29.3818747966043,33400
2007-02-05,29.25324058532715,29.30147591760621,29.194283564235292,29.22108165257802,68600
2007-02-06,29.43545150756836,29.47833005995437,29.290741504670336,29.41401427593726,302000
2007-02-07,29.601634979248047,29.67667048285187,29.505160176167664,29.505160176167664,308500
2007-02-08,29.601634979248047,29.60699582639925,29.38724811817486,29.440844322302123,24700
2007-02-09,29.387235641479492,29.601622411532265,29.30147847998247,29.558745875347018,89100
2007-02-12,29.194292068481445,29.317564946417644,29.172852773736796,29.317564946417644,43100
2007-02-13,29.660587310791016,29.660587310791012,29.41404153973454,29.41404153973454,28200
2007-02-14,29.955358505249023,30.00895672399322,29.740971763961202,29.740971763961202,73600
2007-02-15,29.933916091918945,29.998233947695624,29.896398364997268,29.998233947695624,29100
2007-02-16,29.885677337646484,29.885677337646484,29.746326079045918,29.826722372760305,8300
2007-02-20,29.933916091918945,29.97143381884062,29.682011646096658,29.794564826861684,118900
2007-02-21,29.783845901489258,29.79992434353924,29.63377499018853,29.703449602113682,24900
2007-02-22,29.885677337646484,29.923197107392493,29.799922245147055,29.84815961246315,17900
2007-02-23,29.95000648498535,29.95536528579127,29.799933483094836,29.869610160952455,20100
2007-02-26,30.078641891479492,30.164397026985487,29.982167108464783,30.142959776531768,12200
2007-02-27,28.652944564819336,29.61768978067163,28.32064386654452,29.606972184055905,351400
2007-02-28,28.861976623535156,29.11388311618781,28.749423441756957,28.969171006231786,150400
2007-03-01,28.43857192993164,28.529685858133337,28.0365943876132,28.213463443060288,112400
2007-03-02,28.063396453857422,28.379618913691328,27.983000116188336,28.218828282916956,108200
2007-03-05,27.5595760345459,27.961553528944037,27.538138788712747,27.602454615338733,437400
2007-03-06,28.34208869934082,28.37960642853071,28.063384107813828,28.11162148028125,86500
2007-03-07,28.28849983215332,28.45465129102281,28.2134643489747,28.2134643489747,46900
2007-03-08,28.57792091369629,28.674395679547683,28.470726502243256,28.49752459396568,224600
2007-03-09,28.669034957885742,28.738709582782402,28.57256019849922,28.66367411316249,44200
2007-03-12,28.73335075378418,28.77086848855648,28.535042435050126,28.620797549467273,218400
2007-03-13,27.977636337280273,28.626159591284758,27.838282982719857,28.50824552889724,169500
2007-03-14,28.063396453857422,28.06339645385742,27.484547729593125,27.827568287128795,403300
2007-03-15,28.197376251220703,28.213454693666968,27.86507549176643,27.94011094926615,130500
2007-03-16,28.33902359008789,28.569727657913088,28.247816052264202,28.360484909574904,192700
2007-03-19,28.784339904785156,28.821896194659253,28.62338203770841,28.67703534228876,58000
2007-03-20,29.031147003173828,29.0472419756717,28.6931382540645,28.6931382540645,114700
2007-03-21,29.674962997436523,29.696422271666634,29.004312069470572,29.111614580613757,311200
2007-03-22,29.65349578857422,29.830546534136825,29.594478191165415,29.75006966675884,244000
2007-03-23,29.81981086730957,29.87346209953469,29.70177570041832,29.70177570041832,161800
2007-03-26,29.782262802124023,29.798359814664057,29.444256238743677,29.798359814664057,130900
2007-03-27,29.701786041259766,29.728611666711817,29.599845799212332,29.642768437266838,146300
2007-03-28,29.428171157836914,29.632049677139555,29.428171157836914,29.497919449352395,136100
2007-03-29,29.83591651916504,29.83591651916504,29.669594365005317,29.78762957419377,64600
2007-03-30,29.85736846923828,29.975401594724165,29.776889570652237,29.776889570652237,176300
2007-04-02,30.01296615600586,30.034427474443543,29.82518473633606,30.007601849728427,62400
2007-04-03,30.340255737304688,30.420734688985544,30.173935572272562,30.173935572272562,68200
2007-04-04,30.511938095092773,30.533399418835355,30.37780789169837,30.415364184915646,120400
2007-04-05,30.79092025756836,30.796286610284042,30.63532877543576,30.63532877543576,148800
2007-04-09,30.678264617919922,30.76410787835256,30.63534196437122,30.699725944694276,237500
2007-04-10,30.98942756652832,31.000158223647016,30.79628187838255,30.801646183610114,87900
2007-04-11,30.833852767944336,31.091382520852434,30.74800951697497,31.091382520852434,91700
2007-04-12,31.064558029174805,31.107478632903,30.710454350092586,30.72654932065758,41200
2007-04-13,31.354272842407227,31.354272842407227,31.15576073196354,31.268429601675013,23100
2007-04-16,31.778118133544922,31.83713573303049,31.681544251961974,31.681544251961974,50900
2007-04-17,31.799583435058594,31.9176186488182,31.729835168140276,31.84250402854855,67900
2007-04-18,31.751300811767578,31.8854310105173,31.574247967019026,31.68155253535169,162400
2007-04-19,31.66545867919922,31.73520695806615,31.381103302789803,31.445485227386097,71900
2007-04-20,32.19660186767578,32.28244508597442,32.11075864937714,32.137586318009774,92600
2007-04-23,31.896156311035156,32.06247641966516,31.869330685126844,31.965904575728032,105900
2007-04-24,31.949804306030273,32.01418621098024,31.794212826292657,31.890786707049532,166200
2007-04-25,32.34683609008789,32.36293105744704,32.15905260201952,32.21807021122203,81400
2007-04-26,32.175140380859375,32.29853987074353,32.12685344597743,32.27171425062326,666900
2007-04-27,32.169776916503906,32.26098648909646,32.051743768046926,32.08393369641528,110400
2007-04-30,32.19660186767578,32.3521933404245,32.083933027408264,32.23416019442872,360700
2007-05-01,32.175140380859375,32.33609614824464,31.96589767859216,32.330729796222414,149000
2007-05-02,32.34683609008789,32.35756675054873,32.153688295121206,32.180513922941195,496400
2007-05-03,32.34683609008789,33.178442832492934,32.19124458340204,32.379026024806194,287700
2007-05-04,32.615089416503906,32.615089416503906,32.438036627141145,32.48095925971288,801300
2007-05-07,32.620460510253906,32.71703440697266,32.620460510253906,32.67947811898917,109200
2007-05-08,32.36829376220703,32.36829376220703,32.10003342091905,32.27171987561024,181600
2007-05-09,32.49169921875,32.49169921875,32.23953379686699,32.26099511929626,169900
2007-05-10,31.719097137451172,32.298540364899765,31.643984581299758,32.18587153067265,251100
2007-05-11,32.40584182739258,32.41120613232568,31.928336821808397,31.965895142993933,153200
2007-05-14,32.244895935058594,32.464869358500295,32.148322037287684,32.44341008417893,58100
2007-05-15,32.4755973815918,32.74922408527574,32.29854661449988,32.320007933742545,258100
2007-05-16,32.51315689086914,32.62046145105854,32.29854981715459,32.59363582267726,158000
2007-05-17,32.35219192504883,32.448765797242764,32.23952308971047,32.31463564660271,173200
2007-05-18,32.9155387878418,32.9155387878418,32.58826293311969,32.620452860033886,134200
2007-05-21,32.63655090332031,32.75458405018178,32.609723234490914,32.71166346404956,1147000
2007-05-22,32.674095153808594,32.786763953420305,32.64726749485654,32.74920768688307,107400
2007-05-23,32.840431213378906,33.02821468441935,32.79214426901583,32.94237145518098,74000
2007-05-24,32.454139709472656,32.80824330778299,32.35219946137485,32.76532066718094,297800
2007-05-25,32.75459671020508,32.818978637619665,32.59364086833634,32.67411981260299,216100
2007-05-29,32.76532745361328,32.99603157797293,32.6687535389202,32.95310892848063,75200
2007-05-30,32.88871765136719,32.920909629334936,32.44340654613195,32.44340654613195,80400
2007-05-31,33.097965240478516,33.15698285206704,33.02285266088015,33.09260093336333,677100
2007-06-01,33.33938217163086,33.355477131036785,33.226713362462945,33.248174672779655,161200
2007-06-04,33.40377426147461,33.41450491991141,33.26427979512391,33.30183607632079,120800
2007-06-05,33.18917465209961,33.37695610006212,33.00675751122277,33.36086113214084,93200
2007-06-06,32.58827590942383,33.02285646912063,32.53998895316146,33.02285646912063,142100
2007-06-07,31.815673828125,32.45413470531827,31.77275324080509,32.35219447293879,228300
2007-06-08,32.29853439331055,32.29853439331055,31.874682708633905,31.955161602010126,329400
2007-06-11,32.28243637084961,32.4112021868672,32.06782940637123,32.13221129104842,174700
2007-06-12,31.681543350219727,32.15368208600204,31.654717727579964,31.939073011556314,79900
2007-06-13,32.207340240478516,32.207340240478516,31.729837096398636,31.906889927797742,388600
2007-06-14,32.652645111083984,32.679470732628346,32.29854158537269,32.29854158537269,76400
2007-06-15,33.150299072265625,33.23242286263453,33.04627741449379,33.10650124896502,110200
2007-06-18,33.194114685058594,33.32003635828975,33.07914090645995,33.32003635828975,58000
2007-06-19,33.303627014160156,33.347424877359956,33.128429295871,33.19412922341568,142600
2007-06-20,32.849205017089844,33.517139520756125,32.849205017089844,33.517139520756125,86300
2007-06-21,33.0572395324707,33.11198735382588,32.69042244620538,32.87109401596939,192300
2007-06-22,32.712318420410156,33.02986159332868,32.60829673712405,32.99153561685984,106700
2007-06-25,32.64114761352539,33.002488653952035,32.55902588390301,32.66852152339952,140400
2007-06-26,32.48237991333008,32.81087102713986,32.47690387795243,32.81087102713986,167700
2007-06-27,32.69042205810547,32.695898093273286,32.257907173649635,32.3290810113628,173600
2007-06-28,32.805389404296875,32.991534894016645,32.756117625263464,32.756117625263464,210700
2007-06-29,32.94773864746094,33.19410799696743,32.805390983970376,33.018912479206215,103300
2007-07-02,33.451438903808594,33.47881491154432,33.24339544679099,33.27076936603056,61600
2007-07-03,33.610198974609375,33.6704228292763,33.571875083184146,33.64852286603461,84800
2007-07-05,33.451438903808594,33.6485344639273,33.26529332908494,33.62663449313718,124600
2007-07-06,33.72517013549805,34.617573783305346,33.50617677190116,33.58282455358484,273300
2007-07-09,33.74160385131836,33.85110160235046,33.74160385131836,33.79635168258646,72100
2007-07-10,33.2324333190918,33.692322095171484,33.18863339351497,33.549974425542196,97200
2007-07-11,33.54998016357422,33.57735616598954,33.25981291673452,33.31456074457364,34600
2007-07-12,34.36025619506836,34.36025619506836,33.758021803802976,33.758021803802976,89100
2007-07-13,34.239810943603516,34.35478262325516,34.21791097933781,34.316458730037944,25700
2007-07-16,34.234344482421875,34.39311613500773,34.16317271139742,34.278144423202576,76200
2007-07-17,34.08651351928711,34.27813507520132,34.08651351928711,34.17958732381585,64800
2007-07-18,33.88941955566406,34.09198900200807,33.648524127962034,34.05913905591356,142000
2007-07-19,34.08651351928711,34.289085057410325,34.070089590221386,34.20696123509058,75400
2007-07-20,33.52809524536133,33.933234340361594,33.336473596864174,33.92228435286205,73500
2007-07-23,33.74160385131836,33.894899449665765,33.60473218465221,33.79635168258646,55800
2007-07-24,33.051761627197266,33.54997429192477,32.90941604663029,33.51165040144537,298300
2007-07-25,32.882049560546875,33.139366870640806,32.5645062951811,33.139366870640806,319000
2007-07-26,31.803485870361328,32.4549939511132,31.469518823687746,32.23052460493021,567300
2007-07-27,31.370981216430664,32.011541613302334,31.37098121643066,31.852770000826084,252700
2007-07-30,32.02250289916992,32.1101007010265,31.639261732861286,31.83635730916266,65000
2007-07-31,31.8856258392334,32.46596039571947,31.8856258392334,32.34551474373903,325200
2007-08-01,32.06082534790039,32.09914925393754,31.447638674313446,31.80897985158964,738500
2007-08-02,32.181251525878906,32.31812313269329,31.97320818723743,32.0936537810575,361700
2007-08-03,31.743274688720703,32.082715815952774,31.557129150207167,32.017018004858514,513800
2007-08-06,32.19769287109375,32.23601677217164,31.655680131069943,31.819925719760317,161200
2007-08-07,32.52071762084961,32.54809154387881,31.973230806279723,31.973230806279723,257100
2007-08-08,32.860137939453125,33.095557286909255,32.646618551875505,32.65756853181476,150800
2007-08-09,31.92393684387207,32.26337787077322,31.71041536606015,31.7925391720259,270300
2007-08-10,31.56806182861328,31.661135591097114,31.069849349890504,31.343592515968833,343300
2007-08-13,31.442155838012695,31.86372077375525,31.4202558726115,31.792546930449195,172000
2007-08-14,30.982267379760742,31.633775694566072,30.93299350126315,31.57902786890016,610600
2007-08-15,30.254104614257812,30.97131271769932,30.13913294463222,30.549747840576785,179000
2007-08-16,30.303377151489258,30.32527711288125,28.699241528193195,30.035109934170823,827900
2007-08-17,31.020599365234375,31.05344932229821,30.544286474537962,30.987749408170536,724300
2007-08-20,30.790651321411133,31.053444673088688,30.577129765208202,31.004170789118152,269700
2007-08-21,30.71401023864746,30.971329716321097,30.64831240401676,30.741386250865386,253900
2007-08-22,31.414777755737305,31.436675629736285,31.10818454630252,31.261480106772225,547400
2007-08-23,31.33266258239746,31.579032007170873,31.162940958998902,31.529758122216194,224200
2007-08-24,32.04439163208008,32.049867667911464,31.436681141531853,31.524281006868147,414000
2007-08-27,31.748748779296875,31.858244428246394,31.68304888373241,31.858244428246394,135900
2007-08-28,30.878244400024414,31.507852723156137,30.78517059404241,31.44215491737187,622500
2007-08-29,31.75969123840332,31.770641219123544,31.141032991425288,31.283378563797637,161900
2007-08-30,31.56806182861328,31.80895506290415,31.277894740888527,31.32169256144386,96300
2007-08-31,32.04985809326172,32.296227419679745,31.9896342480823,32.230527540304855,223300
2007-09-04,32.279808044433594,32.41120574171223,31.825395272023393,31.86371916529309,51400
2007-09-05,31.743274688720703,31.891096330054612,31.622826961301428,31.891096330054612,136500
2007-09-06,31.92393684387207,32.00605856134268,31.628293648589548,31.89108690378674,86900
2007-09-07,31.46404266357422,31.70493591689989,31.33264501453626,31.59543822411739,84200
2007-09-10,31.518802642822266,31.688524236630816,31.201261508417126,31.688524236630816,78300
2007-09-11,31.96774673461914,32.32361391005358,31.710427328120517,31.76517724891593,166400
2007-09-12,32.011539459228516,32.13198508085082,31.80896793066765,31.863717839128206,80300
2007-09-13,32.21959686279297,32.394792469093396,32.16484901901022,32.22507290026906,130700
2007-09-14,32.07175827026367,32.170303913003174,31.929410619149134,31.956784524826507,43400
2007-09-17,31.787071228027344,32.02249062185092,31.726847370747517,31.973216746667017,31900
2007-09-18,33.188636779785156,33.254336674853825,32.19221134469545,32.219585256726255,74500
2007-09-19,33.40214920043945,33.64851853395097,33.32002748159906,33.51164691405515,60700
2007-09-20,33.555450439453125,33.7525459274345,33.46785267684978,33.5609243858991,114500
2007-09-21,33.754486083984375,33.84795944525111,33.69950323438837,33.73249210516147,162900
2007-09-24,33.54006576538086,33.749004467274304,33.54006576538086,33.70501648899684,73900
2007-09-25,33.60054016113281,33.62253414501818,33.36411007801953,33.37510706996221,43800
2007-09-26,33.770992279052734,33.85346867962782,33.66102654156862,33.81498025201598,119100
2007-09-27,34.08989715576172,34.12288813390196,33.97992932608946,34.08989715576172,67700
2007-09-28,34.24384689331055,34.2823353146195,33.91944298694814,34.14487606781275,74200
2007-10-01,34.5682487487793,34.617734158592285,34.023911338297985,34.06239975732347,45300
2007-10-02,34.37581253051758,34.47478336706354,34.25484770863655,34.47478336706354,44800
2007-10-03,34.150386810302734,34.375819965087715,34.117395825165055,34.375819965087715,135400
2007-10-04,34.27684783935547,34.35382470436728,34.11189711469269,34.227362412210404,43000
2007-10-05,34.52976989746094,34.66173172601415,34.38681317253522,34.43079905041156,161000
2007-10-08,34.172386169433594,34.304345935792675,34.09540719201768,34.29884848613716,71500
2007-10-09,34.48579025268555,34.51328169350993,34.17238321287009,34.17238321287009,90100
2007-10-10,34.386810302734375,34.502275582168295,34.298836456861586,34.46378715569032,146100
2007-10-11,34.579254150390625,34.95864308372402,34.496779845616174,34.694719435552074,160000
2007-10-12,34.69471740722656,34.81018478309959,34.52976670985898,34.55176069549784,98900
2007-10-15,34.46929168701172,34.870672572383256,34.39231481823668,34.870672572383256,106300
2007-10-16,34.18336486816406,34.36481208274255,34.166870429552084,34.304329677883054,89800
2007-10-17,34.57375717163086,34.70021945197101,34.38681247515801,34.66722847113625,66200
2007-10-18,34.77720642089844,34.826691857806914,34.584764220400274,34.584764220400274,85400
2007-10-19,34.227359771728516,34.67272858167591,34.18337179656537,34.57925518318528,114700
2007-10-22,34.007415771484375,34.04040674478604,33.672016981494615,33.73249728635528,337600
2007-10-23,34.48579025268555,34.48579025268555,34.15038922122558,34.392316836927655,102500
2007-10-24,34.386810302734375,34.44179316985664,33.86446467522509,34.298836456861586,65400
2007-10-25,34.617733001708984,34.672717953808956,34.43078835949201,34.61223555522972,67000
2007-10-26,35.211570739746094,35.244559625574226,34.91465818251956,34.980638051638046,27600
2007-10-29,35.44249725341797,35.46449123974822,35.21706623464979,35.27204910301345,135000
2007-10-30,35.3160285949707,35.41499941222826,35.189564252671566,35.189564252671566,16200
2007-10-31,35.79438400268555,35.82737707167709,35.31052900501342,35.409499822142145,408500
2007-11-01,34.8046875,35.07960604596756,34.788193058429805,35.06860905243341,365700
2007-11-02,35.25005340576172,35.26654784597783,34.81018418781634,34.91465247162153,41300
2007-11-05,34.94764709472656,35.05761283758646,34.74970540163938,34.7716993891962,149100
2007-11-06,35.4480094909668,35.475498837529265,35.09611397353372,35.255567285327686,80300
2007-11-07,35.02461242675781,35.51396485534256,34.90364763246814,35.464481545818316,68900
2007-11-08,35.272037506103516,35.327020356389646,34.81567187837574,35.15657016456458,556100
2007-11-09,34.44179153442383,34.837674870784234,34.41979754963451,34.69471606711549,112600
2007-11-12,33.99091339111328,34.364802611321345,33.88644514626086,34.16686101268636,535200
2007-11-13,34.92015838623047,34.99163780693491,34.430803631521954,34.463794617415324,433000
2007-11-14,34.7936897277832,35.4809860773204,34.634238568761695,35.4809860773204,441700
2007-11-15,34.23834991455078,34.980629018473685,33.9579318726516,34.980629018473685,484000
2007-11-16,34.595741271972656,34.689214647894076,34.17786609612955,34.320822785968566,171900
2007-11-19,33.84245681762695,34.67271161410686,33.79847096145099,34.67271161410686,386300
2007-11-20,34.63972854614258,34.7441968136559,34.0898915850927,34.0898915850927,122700
2007-11-21,34.133880615234375,34.41429655124802,33.95793085253643,34.27683730669079,220000
2007-11-23,34.76619338989258,34.86516421806411,34.5682517335495,34.5847482698859,32500
2007-11-26,34.001914978027344,34.96962702755163,34.001914978027344,34.96962702755163,133500
2007-11-27,34.55725860595703,34.57925259189042,33.95243867502238,33.95243867502238,123300
2007-11-28,35.65692901611328,35.678922999753965,34.69471425518157,35.305033667709274,1344200
2007-11-29,35.211570739746094,35.420507341531675,34.925655176949675,35.420507341531675,672400
2007-11-30,35.34903335571289,35.95935297060502,35.20607451210915,35.95935297060502,410200
2007-12-03,35.244564056396484,35.387522904498084,35.206075619783554,35.27205759465929,146000
2007-12-04,35.23905944824219,35.30504141364069,35.129093700835725,35.15108768930189,121800
2007-12-05,35.54697036743164,35.689929192086176,35.415010634248226,35.49198749484891,124500
2007-12-06,35.93735122680664,35.93735122680664,35.426002583966415,35.49198454253171,148100
2007-12-07,35.8218879699707,35.98683658332005,35.78339954069677,35.937353257792495,111600
2007-12-10,36.20677947998047,36.283756353872505,36.01433729525039,36.069320177326844,122600
2007-12-11,35.21707534790039,36.223274264612506,35.11810238380265,36.11880804616565,238300
2007-12-12,35.9758415222168,36.28924850056104,35.755905843834626,36.28374895499734,130900
2007-12-13,35.44249725341797,35.60195050811934,35.01912245513949,35.52497365342543,152000
2007-12-14,34.524253845214844,34.85965463531589,34.45827191776282,34.63971907206442,220800
2007-12-17,33.880958557128906,34.22185903954327,33.83697268364887,34.1173886572871,196300
2007-12-18,34.25484085083008,34.50776533916241,33.79847728253143,34.50776533916241,114700
2007-12-19,33.97443389892578,34.33182674478742,33.847971621393626,34.205364467255265,169500
2007-12-20,34.27134704589844,34.27134704589844,33.97993196005851,34.144882668622174,235300
2007-12-21,34.843013763427734,35.22897669959418,34.479423913057346,35.173040784376454,268700
2007-12-24,34.9660758972168,35.17863623229144,34.93810793745347,35.07794987008864,244300
2007-12-26,35.094730377197266,35.45272536317751,35.010824368812585,35.23457230195945,141000
2007-12-27,35.15066146850586,35.39678245412807,35.06116273429613,35.312878591079155,153900
2007-12-28,35.60374069213867,35.79392571928443,35.50305437577812,35.57017787541263,119400
2007-12-31,35.049983978271484,35.497477762342406,35.049983978271484,35.352043082701364,209300
2008-01-02,34.988460540771484,35.41358132540367,34.93811734611291,35.34086290338148,186200
2008-01-03,35.105918884277344,35.19541763849925,34.999639780457144,34.999639780457144,42600
2008-01-04,34.384342193603516,34.97167800543286,34.384342193603516,34.97167800543286,114800
2008-01-07,34.65283966064453,34.781494013525595,34.52977804753262,34.71437046720049,128800
2008-01-08,34.289241790771484,35.06116986393723,34.24449348147618,34.94370315149117,96700
2008-01-09,34.50181198120117,34.59131075917006,34.12144164137863,34.32281442526341,251500
2008-01-10,34.65283966064453,34.82624233313597,34.233313761929274,34.26687446818229,131200
2008-01-11,34.177371978759766,34.43468279036146,34.05431251284817,34.389932341798094,177500
2008-01-14,34.9660758972168,34.9660758972168,34.59130054198745,34.87098440725779,101200
2008-01-15,33.74665451049805,34.41230130818874,33.7242792902853,34.33399017126259,137800
2008-01-16,33.041847229003906,33.8529307559805,32.963536098670126,33.60121488432318,256000
2008-01-17,32.365020751953125,33.377475088747424,32.2867096025678,33.310351551248395,265600
2008-01-18,32.19719696044922,32.946749563134254,31.9902294305086,32.879623920755634,165700
2008-01-22,30.457578659057617,31.553939089738062,29.137470243666545,29.148657856283968,505700
2008-01-23,29.657672882080078,29.758359229184705,28.080256289198555,28.471814068625637,691200
2008-01-24,31.03371810913086,31.033718109130863,30.239417041103952,30.541473961528954,557700
2008-01-25,30.066017150878906,31.369345058117407,30.015673967040964,31.302219390454376,301000
2008-01-28,30.877111434936523,30.87711143493652,30.066027476255062,30.345711452778364,150000
2008-01-29,30.95541000366211,31.12881476668094,30.653350919881635,30.90506682303203,180700
2008-01-30,30.972183227539062,31.615456817182572,30.614188307111313,30.765217814257653,121400
2008-01-31,31.257488250732422,31.4980166907813,30.289781748735244,30.31215484976177,484500
2008-02-01,31.766490936279297,31.766490936279297,31.313402349059576,31.481212225645947,108700
2008-02-04,31.29102897644043,31.565120093634135,31.291028976440433,31.520369652533745,271700
2008-02-05,29.540210723876953,30.418417893267144,29.53461585161311,30.418417893267144,173600
2008-02-06,29.83667755126953,30.328921796470443,29.59055649557845,30.1667046277151,244300
2008-02-07,29.652084350585938,29.87023957183521,29.383588078839168,29.439526135756427,130000
2008-02-08,29.484277725219727,29.646494907585325,29.15425062108442,29.350030641331525,97100
2008-02-11,29.573776245117188,29.59055873082707,29.098314448442398,29.512245443091743,159600
2008-02-12,30.267398834228516,30.547082797385208,30.082806394311834,30.149932081819337,130400
2008-02-13,30.70370101928711,30.765231824346845,30.31773797002924,30.603014635338273,83000
2008-02-14,30.39603614807129,30.81556185743895,30.373660931455333,30.714875516485264,172400
2008-02-15,30.284156799316406,30.284156799316403,29.948537145188592,30.110754236004713,91300
2008-02-19,30.658952713012695,31.07847860169411,30.625389873743334,31.07847860169411,137600
2008-02-20,30.653350830078125,30.765224801574828,30.127545938007696,30.127545938007696,865600
2008-02-21,30.52468490600586,30.960990881784788,30.519092169775387,30.905054984209233,194100
2008-02-22,30.793203353881836,30.7987982279815,30.23943031189348,30.770828125121692,165800
2008-02-25,31.195932388305664,31.229495213642373,30.6421575062497,30.79318701953769,153900
2008-02-26,31.777692794799805,31.917534776962384,31.246292835818135,31.246292835818135,166700
2008-02-27,31.99582862854004,32.163638489547964,31.492396911698116,31.492396911698116,207600
2008-02-28,31.710554122924805,31.822428089611225,31.53715150168836,31.60427502817284,294700
2008-02-29,30.664539337158203,31.190344244601754,30.664539337158207,31.156783545844487,122600
2008-03-03,30.82115364074707,30.854716464632208,30.614188228000486,30.737249781761285,143400
2008-03-04,30.345693588256836,30.51909831979284,30.077197384916612,30.323318371190616,352500
2008-03-05,30.80998420715332,31.011354853849287,30.54708061772312,30.5750485852793,509900
2008-03-06,30.295360565185547,30.83235315174917,30.256204989112298,30.821165539468403,214000
2008-03-07,29.93737030029297,30.362488965927064,29.831091167339245,29.99330623683299,80500
2008-03-10,29.786331176757812,30.22823218896137,29.752768345285393,30.12195095620796,186800
2008-03-11,30.81557273864746,30.81557273864746,30.2673925408987,30.60860724641409,295900
2008-03-12,30.87150001525879,31.207121887505895,30.809971365807495,31.078467583314225,48800
2008-03-13,31.039316177368164,31.128814928529355,30.261793242745807,30.451978355690652,239400
2008-03-14,30.384843826293945,31.207114771921024,30.15550322610229,31.207114771921024,114300
2008-03-17,30.0883846282959,30.26738209501706,29.573765311108968,29.573765311108968,79800
2008-03-18,30.95541000366211,31.028128405420784,30.535884209684298,30.603007739251556,54500
2008-03-19,29.86464500427246,30.85472621672441,29.83667704243751,30.73725949672639,188400
2008-03-20,30.090290069580078,30.213471788123346,29.46317420670724,29.603155082822642,72100
2008-03-24,30.667001724243164,30.80138213031438,30.342245160351315,30.342245160351315,44300
2008-03-25,31.266132354736328,31.32772428942393,30.823792220106224,30.99176886456582,27500
2008-03-26,31.467702865600586,31.50689734189077,31.131747465477762,31.22133514498943,89500
2008-03-27,31.434104919433594,31.932436492226582,31.434104919433594,31.932436492226582,45800
2008-03-28,31.400524139404297,31.641289380814346,31.361327512820825,31.529306342368574,12300
2008-03-31,31.55169105529785,31.714069396739593,31.428509327254833,31.43410762291818,67200
2008-04-01,32.649139404296875,32.649139404296875,31.809254171008618,31.854046939429253,54200
2008-04-02,32.67713165283203,32.81151207964451,32.44756313241721,32.593142284120454,456100
2008-04-03,32.727535247802734,32.79472548256228,32.32998999956178,32.35798575271667,104500
2008-04-04,32.90111541748047,33.29306243163407,32.5875595149091,32.82832687492034,97900
2008-04-07,33.018672943115234,33.20344649489459,33.00747422241079,33.19784820251116,58800
2008-04-08,32.934696197509766,32.95149321701954,32.7555208696109,32.7555208696109,35000
2008-04-09,32.74993133544922,32.985098215244975,32.665941943557044,32.97949991922368,35300
2008-04-10,32.598751068115234,32.64354384321829,32.279594802727374,32.542757429312765,62500
2008-04-11,32.005226135253906,32.35797852686177,31.966031662401765,32.29078617116789,60700
2008-04-14,32.1284065246582,32.21239375632261,32.01642141316731,32.1284065246582,26900
2008-04-15,32.31318283081055,32.34117857702731,32.094813020005866,32.34117857702731,630300
2008-04-16,33.24265670776367,33.24265670776367,32.80031877790868,32.80031877790868,622600
2008-04-17,32.727535247802734,32.82272123571717,32.63234712394925,32.71633651935297,500700
2008-04-18,33.192264556884766,33.231459031199066,32.97949516373249,33.01868963804679,460800
2008-04-21,33.26505661010742,33.270654905557045,32.99069314242336,33.10267827486458,66400
2008-04-22,32.88431167602539,33.02429257136141,32.71633502880995,32.98509809154244,321400
2008-04-23,32.97949981689453,33.08028623247684,32.51476221882735,32.693937594098344,76900
2008-04-24,32.72191619873047,32.8786961718894,32.40836052428828,32.63232855804158,225500
2008-04-25,32.957096099853516,32.97389312061317,32.78911948444131,32.88990588087634,68400
2008-04-28,32.940311431884766,33.125085137347746,32.940311431884766,33.029899136096375,41500
2008-04-29,32.738739013671875,32.82272628605943,32.71074112026997,32.78353179842403,42100
2008-04-30,32.95151138305664,33.130686809734215,32.772335956379074,32.772335956379074,245600
2008-05-01,33.25387191772461,33.27626938085322,32.74994181296869,32.75554011078102,529500
2008-05-02,33.21467971801758,33.37145769886091,33.091495798246505,33.321064471312724,67600
2008-05-05,33.225860595703125,33.377040197107966,33.17546739523484,33.23705932202259,110600
2008-05-06,33.41622543334961,33.438622879796775,33.02987909385722,33.02987909385722,51500
2008-05-07,32.76673126220703,33.19227228350932,32.727536778768894,33.19227228350932,102100
2008-05-08,32.8507194519043,33.0298969845956,32.811524967360974,32.83392242593979,53800
2008-05-09,32.727535247802734,32.82272123571717,32.55955859293435,32.58755434608924,102400
2008-05-12,33.12507629394531,33.16427077057793,32.766725572767776,32.79472132237125,59400
2008-05-13,32.906700134277344,33.035482266461116,32.80031545184859,32.88990311493027,74000
2008-05-14,33.08028793334961,33.32105312079891,33.04109131555095,33.04109131555095,34400
2008-05-15,33.427433013916016,33.49462323512301,33.11387508838569,33.1474712669585,89300
2008-05-16,33.79697036743164,33.79697036743164,33.48341255385548,33.55620318013774,195600
2008-05-19,33.61220932006836,33.83617958976001,33.53382036645792,33.64020720573391,343500
2008-05-20,33.5338249206543,33.679406256506766,33.42183977059988,33.679406256506766,207300
2008-05-21,33.23705291748047,33.64019844354347,33.19785845088415,33.589805252785595,87100
2008-05-22,33.461029052734375,33.56741588992567,33.326648602303656,33.326648602303656,192000
2008-05-23,33.069087982177734,33.37144509735292,33.02989350176727,33.37144509735292,104200
2008-05-27,32.934696197509766,32.973890666991494,32.7555208696109,32.82831151405056,174000
2008-05-28,33.12507629394531,33.13627502097446,32.811518344945576,33.097080544341836,289200
2008-05-29,32.940311431884766,33.035497433136136,32.69394364334833,32.75553559048244,171100
2008-05-30,33.018672943115234,33.2090469232156,33.018672943115234,33.074664410699874,215400
2008-06-02,32.56515121459961,32.6939333654226,32.40277288428157,32.64914059536788,618900
2008-06-03,32.39716720581055,32.621135276920015,32.31317784418312,32.53154762128859,120400
2008-06-04,32.139617919921875,32.29079542370475,31.994036576809133,32.02763276428266,562000
2008-06-05,32.60995101928711,32.60995101928711,32.12841638721497,32.184407892179124,641100
2008-06-06,31.68606948852539,32.229195941967326,31.67487076272943,32.13960827153821,382300
2008-06-09,31.68046760559082,32.04441654101655,31.574080790547452,32.01082036743365,265100
2008-06-10,31.221336364746094,31.462103663328527,31.170943159555843,31.20453934166229,399700
2008-06-11,30.69499969482422,31.221326906071752,30.683800970848118,31.1821324401245,853600
2008-06-12,30.655813217163086,30.91337752791486,30.555026811053477,30.75659962327269,374200
2008-06-13,30.963769912719727,30.963769912719727,30.55502600360502,30.55502600360502,193900
2008-06-16,30.941373825073242,31.042160232967518,30.594221828958947,30.73980314522348,463200
2008-06-17,31.019758224487305,31.316516952650566,31.01415779417951,31.260525465202594,230000
2008-06-18,30.812580108642578,30.823778831534145,30.605409074993553,30.75658863012273,243600
2008-06-19,30.70061683654785,30.812599865390002,30.52143929133381,30.62782615904896,1035000
2008-06-20,30.25724983215332,30.75884615961819,30.026631867498576,30.75884615961819,421400
2008-06-23,30.003572463989258,30.18230101989426,29.95168303177491,30.078522155465567,243500
2008-06-24,30.003572463989258,30.1592407606323,29.703767100012705,29.83060842306047,147500
2008-06-25,30.47633934020996,30.724255251402074,30.26301711407614,30.26301711407614,200000
2008-06-26,29.63457679748535,30.182295799125566,29.62304557017043,30.136173089222595,124000
2008-06-27,29.6979923248291,29.89978548393808,29.525028330847487,29.842129353039866,148300
2008-06-30,29.582674026489258,29.91130615893665,29.582674026489258,29.732575515234,265200
2008-07-01,29.403955459594727,29.461609394478728,28.960013123046675,29.202164488144085,93200
2008-07-02,29.21368980407715,29.796004589463813,29.1906295526673,29.77294213869761,80400
2008-07-03,29.525020599365234,29.73834492879231,29.346292138774253,29.69798454805416,93200
2008-07-07,29.21946144104004,29.56538946340972,29.063793171166665,29.334771514948844,356000
2008-07-08,29.50197982788086,29.501979827880863,28.9888521167259,29.184878655753838,166900
2008-07-09,29.150278091430664,29.732590811859584,29.150278091430664,29.709528355770534,59300
2008-07-10,29.432777404785156,29.432777404785153,29.144503380841407,29.26557794305228,132400
2008-07-11,28.92540740966797,29.109904763131336,28.631368945107567,28.89081594287011,239300
2008-07-14,28.75245475769043,29.190632570117522,28.729394503896835,29.15603889039225,139400
2008-07-15,28.30274772644043,28.625615470287446,28.112485788274356,28.337341405931507,294400
2008-07-16,28.85624122619629,28.856241226196293,28.152853814014854,28.152853814014854,541300
2008-07-17,29.519269943237305,29.594221829280645,29.179106398095332,29.28288525589166,734200
2008-07-18,29.865198135375977,29.86519813537598,29.50773884546903,29.640344675606173,578600
2008-07-21,29.97473907470703,30.06121997698281,29.790241644600776,30.003566042132288,130600
2008-07-22,30.107332229614258,30.107332229614258,29.519253104022923,29.525017615342378,637500
2008-07-23,30.02085304260254,30.124631854605163,29.9401366775685,30.020853042602543,41700
2008-07-24,29.513504028320312,30.13041047783561,29.427023110719965,29.9632131573988,78400
2008-07-25,29.726818084716797,29.83059690908909,29.496197986254757,29.51926043597221,42200
2008-07-28,29.248294830322266,29.72106425771059,29.20793662549818,29.64611236331277,70500
2008-07-29,29.605749130249023,29.617280358148474,29.12721526888453,29.12721526888453,80400
2008-07-30,29.8017635345459,29.80753024583822,29.53078748641733,29.594208114497192,50100
2008-07-31,29.55962371826172,29.8478977913487,29.53656126456917,29.669167074266383,125500
2008-08-01,29.161802291870117,29.507730252414405,29.063787976790223,29.49619902714875,89900
2008-08-04,29.06379508972168,29.219463369871008,28.99460992055205,29.144511486979063,176100
2008-08-05,29.865198135375977,29.88826059262339,29.461613930974213,29.50197213147869,90600
2008-08-06,29.882490158081055,29.940144090420997,29.536559965971783,29.61151183749894,45500
2008-08-07,29.27710723876953,29.669160061447897,29.242515765763635,29.65186432494495,52100
2008-08-08,29.207927703857422,29.207927703857425,28.539131971884494,28.55066319822016,90700
2008-08-11,29.05225944519043,29.24828589416905,28.971543060203324,29.029196992520816,69500
2008-08-12,28.890830993652344,29.023436817288964,28.804347882892568,28.994609846821326,60300
2008-08-13,28.475711822509766,28.579490661981133,28.175906530632094,28.46994730891983,69300
2008-08-14,28.198963165283203,28.36616261652766,28.08941983482448,28.129778019696435,226700
2008-08-15,27.904930114746094,28.072127399395256,27.82997824271654,27.94528830752588,187900
2008-08-18,27.772323608398438,28.18743898435667,27.66278025056798,28.18743898435667,954700
2008-08-19,27.420623779296875,27.47827769978053,27.25918884310168,27.437919515570755,112400
2008-08-20,27.472515106201172,27.5647627050314,27.253426234220786,27.39179653278801,55900
2008-08-21,27.558996200561523,27.582058650281866,27.339907326930803,27.368736488759357,199200
2008-08-22,27.564773559570312,27.77809580348859,27.564773559570312,27.633958736097867,54400
2008-08-25,27.201539993286133,27.662778041203516,27.166946314933643,27.558999205502545,57100
2008-08-26,27.322622299194336,27.460994852399164,27.034348162761635,27.161189486586302,80200
2008-08-27,27.605117797851562,27.628178045457158,27.40332468597165,27.42062262087084,60600
2008-08-28,28.10095977783203,28.12402003394508,27.997180927574483,28.049070352703257,48600
2008-08-29,27.968347549438477,28.19896767071605,27.899162392797795,28.02600367943611,81200
2008-09-02,27.766557693481445,28.170141822036705,27.73773072701819,28.164375109130116,116400
2008-09-03,27.674304962158203,27.829973191493078,27.5359324696307,27.674304962158203,79200
2008-09-04,26.307886123657227,27.357203318391715,26.307886123657227,27.28801817350705,103400
2008-09-05,26.077268600463867,26.157984977309155,25.621795103286814,26.00808344879024,162100
2008-09-08,26.39436912536621,26.84407810163501,26.10609509927228,26.84407810163501,136200
2008-09-09,25.685213088989258,26.40013358029263,25.679448576677014,26.302119276135738,182200
2008-09-10,25.7774658203125,26.071506592045214,25.685218209434037,26.036912913207093,139300
2008-09-11,25.823589324951172,25.840885063753976,25.07407725229204,25.13173118120566,207300
2008-09-12,26.325178146362305,26.394363281487063,25.783223889066083,25.881235980546506,159900
2008-09-15,25.200918197631836,25.466129809198744,25.01642297224994,25.0625478782737,371900
2008-09-16,24.993364334106445,25.13173687394168,24.30150823300099,24.416816116947295,163300
2008-09-17,24.168895721435547,24.82616241445618,23.863325926854696,24.578246551146865,977600
2008-09-18,25.033716201782227,25.316225724454384,24.15736506878285,24.83769196890958,162000
2008-09-19,27.07864761352539,27.176988147102925,25.78863757270118,26.66214133784191,178900
2008-09-22,26.210926055908203,27.257973302250615,26.164646602927483,27.257973302250615,209900
2008-09-23,25.79442024230957,26.500166465123176,25.71921723330669,26.31505306352056,125500
2008-09-24,25.77127456665039,26.15885717891426,25.713427469524586,26.15885717891426,95600
2008-09-25,26.59850311279297,26.800972383373715,26.378680152946192,26.390250014698704,405700
2008-09-26,26.3613224029541,26.37289226292438,25.991095710805748,26.10100607043568,137900
2008-09-29,23.752389907836914,25.048183889168463,23.13920030532442,25.013476501015184,129400
2008-09-30,24.637454986572266,24.70687194529862,23.85650813240611,23.97220232804159,155200
2008-10-01,24.649024963378906,24.793644915328585,24.035835572691155,24.319291649471673,144700
2008-10-02,23.46314811706543,24.134184786544598,23.353235511681383,24.128398751142313,100400
2008-10-03,23.584630966186523,24.654818133472794,23.561491235491662,23.596200831533952,123600
2008-10-06,22.149993896484375,22.774750984459043,21.39797053587253,22.52022064591018,181000
2008-10-07,21.288057327270508,23.029282853350143,21.24756391566172,22.79210621104491,227800
2008-10-08,20.755863189697266,21.594659637985913,20.426129763505866,21.068240715171264,98400
2008-10-09,19.24603271484375,21.32277631064606,19.008855967990623,21.120306956627868,588500
2008-10-10,18.441938400268555,19.136115812696016,17.244485204990458,17.956016307958702,344900
2008-10-13,21.675642013549805,21.68721187606566,19.830289766695135,19.864999354242702,569000
2008-10-14,21.102947235107422,22.161566548854527,20.686440986193702,22.074793678088913,96800
2008-10-15,18.69069480895996,20.634386297582797,18.53450490057723,20.576539164134388,241100
2008-10-16,19.5352725982666,19.61625945652246,18.112211025396917,19.14768979653679,120100
2008-10-17,19.292299270629883,20.107955650612183,18.64440255202962,18.64440255202962,3655300
2008-10-20,20.258373260498047,20.264157090508053,19.500563539053253,19.500563539053253,72200
2008-10-21,19.01463508605957,19.668318038760436,18.95100193932862,19.488988462221016,41700
2008-10-22,17.39488983154297,18.279964445992157,17.001523336232218,18.26839458357412,174600
2008-10-23,17.74198341369629,18.07171687004538,16.9378964865739,17.47009818378951,178900
2008-10-24,16.752777099609375,16.96103021326975,15.341286961181668,15.902412057767556,135500
2008-10-27,15.942906379699707,16.64286766075088,15.856134611863716,15.971831037886966,410800
2008-10-28,18.089067459106445,18.146915672085704,16.209007709139293,16.856904605090907,4000500
2008-10-29,18.297319412231445,18.823737155334065,17.782472635716584,17.915522752713905,942100
2008-10-30,18.65019416809082,19.176610823289206,18.18740955577204,19.130331369030703,88000
2008-10-31,19.060903549194336,19.153460198323103,18.146905811526032,18.36094264887545,103500
2008-11-03,18.74852752685547,19.130324051544882,18.615477456843625,18.76588121220158,98800
2008-11-04,20.5476016998291,20.570741420248353,19.51790841514954,19.71459162526279,107300
2008-11-05,19.280736923217773,20.478190189177703,19.240241298356207,20.07903762937387,62500
2008-11-06,18.002294540405273,19.303873180730843,17.851889637619966,19.303873180730843,84200
2008-11-07,19.199748992919922,19.35593884623508,18.418801933070043,18.418801933070043,293900
2008-11-10,18.783245086669922,19.575762017333293,18.499788934113543,19.529482561109425,38200
2008-11-11,17.99651336669922,18.285753370132568,17.718842124847285,18.008082128280634,48500
2008-11-12,17.018875122070312,17.53950670187849,16.891609968052236,17.51058315430794,46300
2008-11-13,18.742755889892578,18.75432354982962,16.6660111650549,17.227137561237786,139800
2008-11-14,17.533727645874023,18.38409391103587,17.533727645874023,17.898170646189953,56600
2008-11-17,17.1287899017334,17.70148486062235,16.989954860490272,17.383320258997713,67300
2008-11-18,17.215564727783203,17.435386639690712,16.851121714231592,17.001526644847477,26400
2008-11-19,16.041255950927734,17.313912853672925,16.03547101642685,16.98996424516746,64900
2008-11-20,15.24294662475586,16.60815853153308,15.104111571695274,16.058603251088627,122200
2008-11-21,15.966048240661621,16.041250155276035,15.04048001883023,15.89084522268417,268000
2008-11-24,17.418033599853516,17.718842369013437,16.39990864133477,16.42883220073145,221000
2008-11-25,17.776683807373047,18.18162010457642,17.14614074355323,17.990721816663434,167200
2008-11-26,17.817180633544922,17.984940335617473,17.1403591005266,17.1403591005266,292500
2008-11-28,17.713054656982422,17.713054656982422,17.377536366059076,17.49901661293139,162200
2008-12-01,16.116451263427734,17.01309471695138,16.099096468251886,17.01309471695138,181900
2008-12-02,17.215564727783203,17.227134592452813,16.602376244013076,16.77591980060516,214600
2008-12-03,17.37754249572754,17.383326325688724,16.50403742428165,16.57923935077236,146900
2008-12-04,16.943674087524414,17.429596110622793,16.718066212362928,16.97259763654792,104700
2008-12-05,17.047805786132812,17.09408414358185,16.122238637152094,16.538743854193417,257900
2008-12-08,18.141124725341797,18.303098343942153,17.614708258165585,17.632061943951324,241300
2008-12-09,18.048574447631836,18.511357955165817,17.932878019066884,18.07749800309162,370000
2008-12-10,18.736961364746094,18.736961364746094,18.36673462614553,18.389874348989423,272600
2008-12-11,18.70226287841797,19.11876705399046,18.592350246018807,18.70804670851591,188400
2008-12-12,18.783245086669922,18.875801792391734,18.135347043254285,18.14113197528227,133500
2008-12-15,18.881587982177734,18.962574833970887,18.615487695792734,18.89894167706878,98300
2008-12-16,20.275718688964844,20.35092168878638,18.91629189815354,18.95678531189001,140500
2008-12-17,20.188949584960938,20.512896919741625,19.847646352441487,19.847646352441487,231400
2008-12-18,19.59890365600586,20.530256839406047,19.43692775015834,20.31621764359435,452500
2008-12-19,19.188270568847656,20.456241480341834,19.066124699053866,19.450006329948355,141400
2008-12-22,18.949792861938477,19.438367315996416,18.705503416133602,19.397652778158253,338500
2008-12-23,18.955608367919922,19.333674471185418,18.845097795920058,19.21734626873635,139100
2008-12-24,19.048673629760742,19.47908738422148,18.91489695143848,19.130102719280707,50500
2008-12-26,19.10683250427246,19.961842197109355,19.10683250427246,19.182446164827457,110700
2008-12-29,19.095205307006836,19.537249875183786,19.03122467583391,19.490717700230306,139000
2008-12-30,19.8687801361084,19.8687801361084,19.45581714520563,19.484898639718704,316500
2008-12-31,19.979286193847656,20.136328891307873,19.729181403682347,19.729181403682347,121200
2009-01-02,20.316638946533203,20.427149495215094,19.740815686237056,19.77571480524076,262000
2009-01-05,19.798995971679688,20.002568774054573,19.682667705132406,19.787362923147246,101000
2009-01-06,19.967660903930664,20.368990873853345,19.659390833711633,19.845515070670785,71800
2009-01-07,19.694286346435547,20.299191114945472,19.51979518365109,19.828062978529477,156600
2009-01-08,19.89204978942871,19.897865201864747,19.455820637111312,19.601230354550445,139600
2009-01-09,19.002140045166016,19.59541193469378,18.984691589783942,19.59541193469378,15200
2009-01-12,18.57172203063965,19.950204991967464,18.449577338845476,19.002133383531717,361700
2009-01-13,18.22274398803711,18.298356545684037,17.972639120655128,18.1878459698453,87900
2009-01-14,17.268848419189453,17.501503611371387,17.11180574844635,17.489870574415427,134900
2009-01-15,17.22232437133789,17.443346616277346,16.669767094907375,17.257222386983507,189300
2009-01-16,17.449161529541016,17.710899396239256,16.960584917962844,17.687633315027053,156300
2009-01-20,15.954347610473633,16.663946331335623,15.872918558236842,16.64068136329124,128800
2009-01-21,16.751197814941406,16.780280421995567,15.977618217509061,16.262621110311713,224600
2009-01-22,16.280073165893555,16.425482895252436,15.87292658932161,16.0939488898163,348800
2009-01-23,16.128849029541016,16.256810318167464,15.465780931707007,15.553026558887007,230900
2009-01-26,16.59415054321289,16.803539696006997,16.396393319905155,16.408025249391525,43700
2009-01-27,16.809364318847656,16.94314100222656,16.524361385366785,16.710485659526686,54900
2009-01-28,17.530595779418945,17.757435700771197,17.39681910104976,17.524779257395746,102100
2009-01-29,16.605785369873047,17.082730062430468,16.553437795194647,16.63486797213207,149000
2009-01-30,16.332414627075195,16.797725142620674,16.268434015167276,16.72792911998274,175000
2009-02-02,16.250988006591797,16.378948140251218,15.744961774170195,15.925269487369365,61600
2009-02-03,16.838443756103516,16.95477085083238,16.326600989255006,16.442929193371842,147100
2009-02-04,16.65813636779785,17.204877199356464,16.61160530400912,16.71630047488078,211000
2009-02-05,16.902427673339844,17.15253260077681,16.332421765322923,16.495281071637013,58200
2009-02-06,17.396812438964844,17.57712011508292,17.07109509611561,17.07109509611561,137800
2009-02-09,17.5247745513916,17.617837769383996,17.356099895566295,17.507326099395648,65500
2009-02-10,16.448745727539062,17.420082571703343,16.4138466006436,17.22232529018094,96700
2009-02-11,16.68722152709961,16.873345810708354,16.413850514834554,16.751201056222467,58300
2009-02-12,16.559253692626953,16.559253692626953,16.000881062915806,16.22190328482952,127700
2009-02-13,16.39059066772461,16.570898485270714,16.338243057890484,16.361508045934215,46400
2009-02-17,15.227301597595215,15.483222940494272,15.204035516700847,15.483222940494272,371900
2009-02-18,15.209851264953613,15.32617944474566,14.924848444789616,15.32617944474566,147400
2009-02-19,15.163329124450684,15.646089468284616,15.11679804707109,15.593741867559023,73800
2009-02-20,14.872512817382812,15.006289554994366,14.540978680959126,14.628224331167155,318600
2009-02-23,14.221067428588867,14.959747774441382,14.13963725179709,14.860869145713242,103300
2009-02-24,14.88413143157959,14.924845954898135,14.28504329155476,14.302492848428804,128500
2009-02-25,14.453723907470703,14.698012239490048,14.168721038346122,14.628215097746835,109800
2009-02-26,14.395565032958984,14.866692305227089,14.395565032958983,14.808528184226356,265900
2009-02-27,14.302495956420898,14.593315311192551,14.093105665981215,14.093105665981215,94300
2009-03-02,13.40677261352539,13.889532726960844,13.336976585460524,13.7790221642935,114900
2009-03-03,13.494022369384766,13.749942676111399,13.284632018982869,13.674330110348556,105600
2009-03-04,14.03493881225586,14.23269602334965,13.69177306176819,13.842998120239837,178200
2009-03-05,13.296263694763184,13.685961746034527,13.133404426830023,13.534735520679737,65000
2009-03-06,13.238097190856934,13.563814558274439,12.900746782970423,13.278811723110646,128900
2009-03-09,12.958911895751953,13.174117614425516,12.749521588382748,12.749521588382748,51100
2009-03-10,13.976783752441406,14.075662413963022,13.453307832980965,13.453307832980965,83300
2009-03-11,14.128005981445312,14.500254432012246,13.941880646773955,14.290864123874401,87800
2009-03-12,14.756173133850098,14.796887662110793,13.947694650749472,14.05820630559114,99700
2009-03-13,14.77944564819336,14.866691268918686,14.4886261728501,14.738731099147426,64600
2009-03-16,14.948122024536133,15.291289106775938,14.919039410302412,15.006285034226975,44800
2009-03-17,15.285463333129883,15.285463333129885,14.837601329472449,14.843417848799021,26400
2009-03-18,15.803125381469727,15.913637058092007,14.488621631786943,14.488621631786943,159800
2009-03-19,15.849654197692871,16.344047302801208,15.843837677704801,16.221902601827264,67100
2009-03-20,15.643908500671387,16.04025211073552,15.603108619349502,16.04025211073552,78400
2009-03-23,16.908706665039062,16.908706665039062,16.092705882752703,16.209276787814673,120600
2009-03-24,16.279216766357422,16.66390278370034,16.215102059562636,16.494873506409682,58000
2009-03-25,16.693052291870117,16.844595500987342,16.279223657203115,16.413280726598337,235800
2009-03-26,16.856252670288086,16.920367403243837,16.553166256677912,16.7455093438318,80500
2009-03-27,16.086885452270508,16.209285132353894,15.976142090494788,16.209285132353894,59700
2009-03-30,15.195103645324707,15.469047540438407,15.031904162325668,15.469047540438407,108400
2009-03-31,15.824591636657715,15.952821085133177,15.480705389458771,15.556477538414855,60800
2009-04-01,16.133512496948242,16.1684836719092,15.480710931299928,15.54482567848969,60800
2009-04-02,16.984481811523438,17.27008209891272,16.658081641894746,16.66973906873841,135400
2009-04-03,17.287567138671875,17.287567138671875,16.83876623918168,16.8853948318746,23800
2009-04-06,16.733854293823242,16.792140321904174,16.564826035273406,16.768826577699915,43100
2009-04-07,16.32002067565918,16.524021156447557,16.285049514062457,16.331678100095814,9000
2009-04-08,16.611448287963867,16.78630519367825,16.44824769404084,16.489048676306417,29100
2009-04-09,17.12436866760254,17.159340950316892,16.91454052988383,17.054426325600797,60900
2009-04-13,17.334192276000977,17.398306995065745,16.95533489692752,17.025277216168064,116200
2009-04-14,17.17099380493164,17.40413786251072,17.08939405180692,17.24676595715882,48300
2009-04-15,17.369171142578125,17.369171142578125,16.937856276836946,17.048599628438236,37900
2009-04-16,17.54986000061035,17.596488610130145,17.328373271606036,17.509060106244753,30800
2009-04-17,17.532363891601562,17.596478610147887,17.345849559517468,17.462420461213473,38800
2009-04-20,16.512367248535156,16.966996892964584,16.512367248535156,16.966996892964584,100300
2009-04-21,16.955337524414062,16.955337524414062,16.24425123947162,16.337508420719374,59800
2009-04-22,16.87957191467285,17.194315857207027,16.582315229008877,16.599800262451627,24800
2009-04-23,17.264253616333008,17.299224783366256,16.908709897736006,17.077738131491177,50100
2009-04-24,17.759685516357422,17.829628975973783,17.567342392054403,17.759685516357422,16500
2009-04-27,17.357515335083008,17.5556871862046,17.205972089418633,17.322543047204856,22400
2009-04-28,17.27007484436035,17.433275416476572,16.996132098888467,17.05441809690947,131200
2009-04-29,17.80048370361328,18.039455392662333,17.54985458785125,17.54985458785125,34100
2009-04-30,18.021968841552734,18.400826307376448,17.94036907984979,18.039454981223383,176400
2009-05-01,18.167686462402344,18.23180120717772,18.091915400888,18.091915400888,44200
2009-05-04,18.907913208007812,18.925400460389792,18.348370047175766,18.348370047175766,90800
2009-05-05,18.639802932739258,18.896259712286724,18.546545719864966,18.88460450617636,63300
2009-05-06,19.100257873535156,19.12940033029427,18.785514004312116,19.041970736590006,72400
2009-05-07,18.797164916992188,19.368365320526856,18.651450460271317,19.339222873867914,74200
2009-05-08,19.70643424987793,19.79969146209171,19.18768864454724,19.420832786795355,3484400
2009-05-11,19.205167770385742,19.292595119147972,19.001166176421105,19.15271047175785,5209900
2009-05-12,19.286766052246094,19.490765407274466,19.071109273583787,19.484937807170603,129900
2009-05-13,18.575687408447266,18.83797287614401,18.50574395003333,18.76220070355279,66000
2009-05-14,18.78551483154297,18.907914489377337,18.470772060173516,18.470772060173516,55500
2009-05-15,18.470766067504883,18.907908354881943,18.38916521037643,18.785508736758995,72500
2009-05-18,19.39168357849121,19.39168357849121,18.768025771889903,18.837968100860422,94900
2009-05-19,19.595684051513672,19.747228366687903,19.391684654271444,19.41499950636389,44500
2009-05-20,19.788028717041016,20.201857346109986,19.788028717041016,19.82299877258521,61600
2009-05-21,19.76471710205078,19.793859560920342,19.44997321003449,19.607345156042634,33100
2009-05-22,19.95122718811035,20.102771498910805,19.81717012758786,19.96871221496171,79800
2009-05-26,20.400026321411133,20.411683746120254,19.58985420325189,19.64231150272972,65000
2009-05-27,19.910425186157227,20.440825770532108,19.910425186157227,20.440825770532108,70400
2009-05-28,20.283458709716797,20.34174584594076,19.881287475192508,20.271801282472005,38800
2009-05-29,20.56322479248047,20.56905461625679,20.289283107503636,20.56905461625679,128700
2009-06-01,21.116947174072266,21.30346157475407,20.94791780363343,21.047004829673348,463300
2009-06-02,21.350080490112305,21.449165242619,21.12276631819609,21.192708627225866,165600
2009-06-03,20.656478881835938,20.92459514990841,20.46413697099857,20.92459514990841,388100
2009-06-04,20.88379669189453,20.95956660738844,20.668137698308758,20.95956660738844,168400
2009-06-05,20.510772705078125,21.05866066104038,20.45248779306919,21.02951820503591,94300
2009-06-08,20.36505699157715,20.475801430611536,20.056142974116472,20.289287055153004,133500
2009-06-09,20.69146156311035,20.749746480959544,20.394204924596124,20.458317444859397,94800
2009-06-10,20.55157470703125,20.953748201008256,20.3300902398208,20.91877591614114,166800
2009-06-11,20.825511932373047,21.116940874427122,20.743912184346126,20.7497397848796,89700
2009-06-12,20.808025360107422,20.81385296020757,20.534081463450015,20.60402378178285,84400
2009-06-15,19.7996883392334,20.574888376601265,19.65397382916763,20.574888376601265,59900
2009-06-16,19.578201293945312,19.986202359157815,19.53740140976676,19.939572649566934,72900
2009-06-17,19.56654930114746,19.735578710221855,19.28677763617651,19.578206731783027,98900
2009-06-18,19.677278518676758,19.957052221694322,19.572366159327764,19.595678781724164,108800
2009-06-19,19.90134048461914,20.063091563592884,19.865395038636883,20.003182486955794,79100
2009-06-22,19.27829933166504,19.565856036653813,19.20641072674223,19.565856036653813,29200
2009-06-23,19.535903930664062,19.67968114999591,19.38014261020725,19.48797666735498,53500
2009-06-24,19.691659927368164,20.045115441191932,19.631753142773224,19.781522389557917,286600
2009-06-25,20.057096481323242,20.069078294839414,19.440047939672557,19.440047939672557,113200
2009-06-26,19.83544158935547,19.973229037301962,19.75157116758783,19.895348380533044,160800
2009-06-29,20.152950286865234,20.23083093818807,19.92530038277402,20.003181034096855,23700
2009-06-30,19.949264526367188,20.242813274897458,19.73958848120092,20.224839410099282,81200
2009-07-01,20.28474998474121,20.554335123684737,20.24880453778285,20.24880453778285,661200
2009-07-02,19.619773864746094,19.85341355428171,19.464014833488232,19.799496527058288,73200
2009-07-06,19.51194190979004,19.51194190979004,19.11655109603999,19.248348795722634,58200
2009-07-07,18.936824798583984,19.44603934691347,18.882907775854015,19.44603934691347,56700
2009-07-08,18.781068801879883,19.03268124952546,18.56540066314111,19.03268124952546,48700
2009-07-09,19.15848731994629,19.248349808147022,18.996736212363775,19.164478228669605,77500
2009-07-10,18.906879425048828,19.014713522768094,18.71517487028092,18.91886124538414,62600
2009-07-13,19.464017868041992,19.5359064871152,18.97876454737738,19.03268158300678,44200
2009-07-14,19.565858840942383,19.619775873686567,19.338208893211625,19.58982247445044,51000
2009-07-15,20.464468002319336,20.5423486437302,20.08105912967683,20.099030706426593,126500
2009-07-16,20.716087341308594,20.841892984604527,20.470463534924455,20.59627146351818,51500
2009-07-17,20.626216888427734,20.728058859738272,20.51838286863016,20.578289641719074,78500
2009-07-20,21.04557991027832,21.08751512594375,20.84788336331456,21.015626511274135,40900
2009-07-21,21.06354331970215,21.369071527472624,20.93773772152001,21.369071527472624,41200
2009-07-22,21.19534683227539,21.309170649945713,20.89580830496629,20.89580830496629,46600
2009-07-23,21.63266944885254,21.830363657824407,21.153408336635778,21.153408336635778,93200
2009-07-24,21.830366134643555,21.860321814359814,21.500874225442278,21.692578692079294,61200
2009-07-27,21.87828826904297,22.016075679331035,21.650638411251087,21.78243605817749,123600
2009-07-28,21.758481979370117,21.848344466295725,21.494888855178562,21.638666091901964,61500
2009-07-29,21.620691299438477,21.800413961315165,21.500875429754807,21.674608326531246,74000
2009-07-30,21.974138259887695,22.171832425007523,21.7824338575244,21.842340626276652,50100
2009-07-31,22.26769256591797,22.35755503638429,21.93221088481182,22.058016515226626,26700
2009-08-03,22.73497200012207,22.89672306003962,22.549257312372887,22.549257312372887,28600
2009-08-04,22.866771697998047,22.89073533035208,22.60317859799699,22.615160414174007,71700
2009-08-05,22.63912010192871,22.84879613524851,22.369534998162283,22.818842742673876,148200
2009-08-06,22.47736930847168,22.776907808394867,22.39948865860838,22.776907808394867,48700
2009-08-07,22.722993850708008,22.86677107028989,22.615159793372744,22.764929063527532,46200
2009-08-10,22.489349365234375,22.63911860349199,22.411468721457197,22.56722772371434,104300
2009-08-11,22.26170539855957,22.339586063031128,22.07599067106519,22.339586063031128,78500
2009-08-12,22.651103973388672,22.734974394334433,22.225757533124696,22.225757533124696,40400
2009-08-13,22.890729904174805,22.97460031223493,22.687043648044263,22.97460031223493,92200
2009-08-14,22.621143341064453,22.89072841030522,22.399485522042966,22.89072841030522,104600
2009-08-17,21.70456886291504,21.7884393136957,21.56678136730418,21.7884393136957,62400
2009-08-18,21.9621639251709,22.0460343440929,21.668615173646383,21.752487877865903,39600
2009-08-19,22.249713897705078,22.297641142764633,21.70455405428521,21.70455405428521,44300
2009-08-20,22.453411102294922,22.543273588091782,22.231753198706723,22.231753198706723,46400
2009-08-21,23.184280395507812,23.334049645756185,22.95064073076793,22.95064073076793,65200
2009-08-24,23.35202980041504,23.597651369613857,23.268159355122503,23.423918427051753,47900
2009-08-25,23.627599716186523,23.83128601914062,23.56769292102851,23.675526980551133,98600
2009-08-26,23.519756317138672,23.627590333841187,23.399942774399733,23.627590333841187,114500
2009-08-27,23.831279754638672,23.90317063228771,23.232202819346217,23.59165035169998,107200
2009-08-28,23.663536071777344,24.076898284248355,23.6575463086822,24.01699151210944,39200
2009-08-31,23.543720245361328,23.58565544292357,23.411924889578657,23.489803236310323,27600
2009-09-01,22.71700096130371,23.531746126508697,22.663086219924597,23.202254201394286,49600
2009-09-02,22.746952056884766,22.866765616192943,22.453403351866555,22.453403351866555,58700
2009-09-03,22.90869903564453,22.992569426383454,22.693031010717736,22.938652420151755,102800
2009-09-04,23.429912567138672,23.45986597379861,22.87277051912977,23.040511424664167,71600
2009-09-08,23.819303512573242,23.993036412912144,23.75939671915181,23.993036412912144,16400
2009-09-09,24.304548263549805,24.37044708443766,24.1188336124383,24.184732433326154,71300
2009-09-10,24.484285354614258,24.508248991898654,24.005024035417527,24.238663785694794,41000
2009-09-11,24.43634796142578,24.646023967986874,24.322521884752266,24.616070579234872,66600
2009-09-14,24.616079330444336,24.616079330444336,24.184743066121428,24.184743066121428,29900
2009-09-15,24.741880416870117,24.831742883799983,24.40040669901256,24.550175953697362,91200
2009-09-16,25.257080078125,25.263069841135554,24.939570076738427,25.017448422359806,28100
2009-09-17,25.107322692871094,25.281055610883083,24.94557159182178,24.94557159182178,88000
2009-09-18,25.196788787841797,25.35892283587159,25.118726027859893,25.35892283587159,47400
2009-09-21,24.99263572692871,25.01065215945639,24.320081040779957,24.73442233755994,72700
2009-09-22,25.328907012939453,25.382951713734993,25.11873444912854,25.382951713734993,28900
2009-09-23,24.99263572692871,25.533082888563293,24.980625535480186,25.310900073540093,43300
2009-09-24,24.638324737548828,25.3288953416498,24.458176581477122,25.3288953416498,62100
2009-09-25,24.58428382873535,24.722397512577253,24.44016619807791,24.51222501340663,44000
2009-09-28,25.136743545532227,25.2208125541995,24.770440901445937,24.770440901445937,34200
2009-09-29,24.980613708496094,25.064685008832495,24.83048982252987,24.992623894258436,23400
2009-09-30,24.818470001220703,25.13673175350496,24.590281162807358,25.13673175350496,70400
2009-10-01,24.067853927612305,24.566263860378832,23.965768530337105,24.53023331592149,55200
2009-10-02,23.833654403686523,23.97777426407455,23.641496116974132,23.641496116974132,45300
2009-10-05,24.30805015563965,24.386115188242595,23.85767866791995,23.92373351929876,48700
2009-10-06,24.878528594970703,25.004632099423684,24.58428479387189,24.668356087549075,53200
2009-10-07,24.78244972229004,24.92656736043769,24.662350163361292,24.848504594236278,71800
2009-10-08,25.124727249145508,25.328895773698207,24.968599455409034,25.09470293773943,55600
2009-10-09,25.106719970703125,25.13674429030121,24.956596082003966,25.022648668836244,15800
2009-10-12,25.412979125976562,25.5931273869455,25.322903850137383,25.44300345435315,32200
2009-10-13,25.274858474731445,25.38895180766216,25.136744769380968,25.316892981111646,26600
2009-10-14,26.121562957763672,26.121562957763672,25.845335485451805,25.869355863229178,30700
2009-10-15,26.151588439941406,26.15158843994141,25.821316248394524,25.881364904781446,178600
2009-10-16,25.539077758789062,25.821311430709738,25.394960094065848,25.821311430709738,99900
2009-10-19,26.049495697021484,26.115550569208406,25.767262076116854,25.881355397625175,35900
2009-10-20,25.809297561645508,26.109545326146797,25.65917367939487,26.109545326146797,26300
2009-10-21,25.791275024414062,26.205615979752885,25.749240534338007,25.76125071588944,41800
2009-10-22,26.067502975463867,26.103533521013127,25.49703193649441,25.761251355773044,66500
2009-10-23,25.665172576904297,26.073507312384972,25.49102837353101,26.04948923903293,70500
2009-10-26,24.980613708496094,25.85133270524193,24.872524327343715,25.6411601811727,56800
2009-10-27,24.734411239624023,25.082699763230316,24.620317908119603,24.986620565461127,72800
2009-10-28,24.055856704711914,24.62632574298969,23.94776730382138,24.54225671801019,58700
2009-10-29,24.962602615356445,24.98662298980653,24.590295974216108,24.590295974216108,26800
2009-10-30,23.81565284729004,24.716396150577424,23.73758778627337,24.60830677092624,99500
2009-11-02,23.94175910949707,24.428161373786736,23.72558032536833,23.953769296471883,73100
2009-11-03,23.767606735229492,23.83365929865296,23.40730815561489,23.497383373195525,54500
2009-11-04,24.18195152282715,24.38011382586844,24.049841793660754,24.127906841868924,58400
2009-11-05,24.67435646057129,24.740411322109757,24.4641839835927,24.4641839835927,24300
2009-11-06,24.548263549804688,24.74642592908048,24.386129444555845,24.44617809507356,40000
2009-11-09,25.473012924194336,25.521053654142015,25.100706429932178,25.100706429932178,69400
2009-11-10,25.400959014892578,25.4790240707471,25.21480687724295,25.280859457587592,42800
2009-11-11,25.56909942626953,25.845326805815958,25.46101005328031,25.66517861440344,35000
2009-11-12,25.15475845336914,25.70721555559742,25.15475845336914,25.533071294732405,21900
2009-11-13,25.599130630493164,25.653175331528484,25.082703996313235,25.2388318600213,29300
2009-11-16,25.899370193481445,26.115548928618722,25.80929495693811,25.86934587820314,36700
2009-11-17,25.737239837646484,25.827312796414656,25.5150571238345,25.77927434321338,184800
2009-11-18,25.8453311920166,25.9774386664278,25.719227665697716,25.935404157654837,38900
2009-11-19,25.44300079345703,25.527069820403078,25.17878352438242,25.527069820403078,36200
2009-11-20,25.022640228271484,25.100705265460828,24.920557117930635,25.01063233704972,23700
2009-11-23,25.623153686523438,25.827322342184207,25.53308069446432,25.53308069446432,41800
2009-11-24,25.68319320678711,25.71321752410939,25.47301840411399,25.71321752410939,34600
2009-11-25,26.07952117919922,26.07952117919922,25.689198166499388,25.899372977456476,42700
2009-11-27,25.010637283325195,25.280858412707282,24.638328441996737,24.68036294170988,30300
2009-11-30,25.040658950805664,25.232817297948348,24.78844968848827,24.998624455537463,52200
2009-12-01,25.707223892211914,25.86935801966048,25.418986206984297,25.587124284023034,30400
2009-12-02,25.809297561645508,25.881356383727397,25.65917367939487,25.737238739563622,35300
2009-12-03,25.55709457397461,25.989449865435102,25.55108833493947,25.863346334205335,113800
2009-12-04,25.56308364868164,25.97142061854192,25.40094964970409,25.809286619564368,53200
2009-12-07,25.406972885131836,25.6771941068593,25.214814452001136,25.394962696722516,21700
2009-12-08,24.800460815429688,25.1007085306061,24.734405951577553,25.1007085306061,18600
2009-12-09,24.668359756469727,24.824487600816873,24.38612609820538,24.608308823483235,97800
2009-12-10,24.83048439025879,25.022642738999558,24.740411452809923,25.022642738999558,46000
2009-12-11,24.94458770751953,25.046670859708126,24.764439486139775,25.046670859708126,23600
2009-12-14,25.094707489013672,25.190786677363292,24.95659379893038,25.12473180586508,25900
2009-12-15,24.8485050201416,25.0286532162682,24.788454094293673,24.80647051740235,27800
2009-12-16,25.274858474731445,25.37093767370173,25.082700076790882,25.082700076790882,40500
2009-12-17,24.572282791137695,24.812481985922663,24.458189433504945,24.812481985922663,109400
2009-12-18,24.511903762817383,24.76547638819079,24.306631562502158,24.693028053694544,34300
2009-12-21,24.89226722717285,24.970754284249516,24.63265814099674,24.63265814099674,35700
2009-12-22,25.03112030029297,25.103570933491014,24.88018493576671,24.994897286784838,20400
2009-12-23,25.32695960998535,25.33299601239378,25.10357587141193,25.236397452219492,46000
2009-12-24,25.399398803710938,25.399398803710938,25.302800278338164,25.387323700153026,8400
2009-12-28,25.592605590820312,25.59864429644187,25.447708899182402,25.586569188290145,18800
2009-12-29,25.592605590820312,25.785802715065117,25.459781704242737,25.785802715065117,35400
2009-12-30,25.33902931213379,25.351104417465926,25.20620545657117,25.314879101469522,45200
2009-12-31,25.043188095092773,25.435620849536463,25.043188095092773,25.38732044150453,4000
2010-01-04,25.9005069732666,25.918618478272016,25.64693438773748,25.64693438773748,34500
2010-01-05,25.77976417541504,25.924660855041143,25.610714978396324,25.924660855041143,25900
2010-01-06,25.7435302734375,25.828053692228924,25.56844473274645,25.56844473274645,51500
2010-01-07,25.665054321289062,25.665054321289062,25.441670574862723,25.514118921767484,131300
2010-01-08,25.864288330078125,25.870324732273048,25.586567767286436,25.689202726238957,52100
2010-01-11,26.02124786376953,26.14199657861033,25.876351248432712,26.14199657861033,55000
2010-01-12,25.56845474243164,25.749579057138483,25.435633162228974,25.646941791931848,43200
2010-01-13,25.809947967529297,25.846173285017517,25.520152336896373,25.785797755870487,105400
2010-01-14,25.92465591430664,25.92465591430664,25.568448382066162,25.677122022620257,46800
2010-01-15,25.133766174316406,25.52619687495342,24.988867161266704,25.52619687495342,43000
2010-01-19,25.435630798339844,25.502042733814772,25.037161488581383,25.037161488581383,21800
2010-01-20,24.584348678588867,24.771507024402112,24.3307761122325,24.771507024402112,41700
2010-01-21,23.73910903930664,24.566234020999534,23.678735827217388,24.566234020999534,65300
2010-01-22,23.364795684814453,23.841752005698794,23.23801052703739,23.648552613683453,51900
2010-01-25,23.52780532836914,23.79948714168604,23.491580011817806,23.708927304944034,17900
2010-01-26,23.46743392944336,23.73308169137383,23.32857364620302,23.44932241952675,15600
2010-01-27,23.41912841796875,23.443278625637245,23.129332835218477,23.24404286700799,24200
2010-01-28,22.86972427368164,23.42516524154849,22.622190398333913,23.42516524154849,132200
2010-01-29,22.60407829284668,23.17763311152737,22.561816577026175,22.911987711642666,25600
2010-02-01,23.189706802368164,23.189706802368164,22.948209324042693,23.06895806320543,37700
2010-02-02,23.624401092529297,23.64854899763421,23.274229982965934,23.274229982965934,17200
2010-02-03,23.310462951660156,23.491584966435553,23.147452447434887,23.443286837271422,33800
2010-02-04,21.927886962890625,22.797273729920036,21.927886962890625,22.706713903842942,64300
2010-02-05,21.547531127929688,21.843365446387732,20.992090109555644,21.728655402095047,162400
2010-02-08,21.354333877563477,21.73469162588183,21.330185970550392,21.613942878453216,114800
2010-02-09,22.23579978942871,22.410883068087017,21.63205831009271,21.91581523927877,142700
2010-02-10,22.054677963256836,22.133165009190872,21.855444450459643,22.133165009190872,51600
2010-02-11,21.964120864868164,22.07279454113309,21.553576377443225,21.78299883879046,76500
2010-02-12,21.758840560913086,21.82525248326161,21.481120070265312,21.607905211244862,15200
2010-02-16,22.435035705566406,22.435035705566406,21.782996034995552,21.90374250144448,113600
2010-02-17,22.380693435668945,22.616152212352947,22.338431722063646,22.495403472156095,24800
2010-02-18,22.573888778686523,22.604075385662945,22.290129606309094,22.290129606309094,49200
2010-02-19,22.50748062133789,22.56181744420856,22.24787161241035,22.278060527520285,32900
2010-02-22,22.441064834594727,22.628225481878516,22.39276672428662,22.53162695817183,62200
2010-02-23,21.89167022705078,22.27806680019876,21.879597421316596,22.27806680019876,26100
2010-02-24,22.066755294799805,22.20561558816197,21.837332839070754,21.897708381679166,58400
2010-02-25,21.831287384033203,21.85543759106271,21.44489328392314,21.583753519707038,29400
2010-02-26,22.102981567382812,22.139204591408404,21.63206383031768,21.89770931990209,51300
2010-03-01,22.477298736572266,22.477298736572266,22.157316436310357,22.199578162643387,21700
2010-03-02,22.52560043334961,22.64634691360082,22.374665029944108,22.471263595999968,14500
2010-03-03,22.821422576904297,23.002544521345904,22.664450839212368,22.664450839212368,25300
2010-03-04,22.748981475830078,22.948214986986514,22.622196304813148,22.87576664684701,18300
2010-03-05,23.35875129699707,23.40101300597361,22.92405910422548,22.936134207231692,29300
2010-03-08,23.41912841796875,23.515726945552174,23.304416083088668,23.401014610672092,22600
2010-03-09,23.268199920654297,23.388948691432965,23.056888996018824,23.153487552023506,54700
2010-03-10,23.53987693786621,23.672698472646697,23.316490973612105,23.316490973612105,19300
2010-03-11,23.570068359375,23.606291374853665,23.42516938818729,23.42516938818729,4100
2010-03-12,23.648548126220703,23.787410666682828,23.61836151863393,23.787410666682828,9300
2010-03-15,23.47347640991211,23.509699435570862,23.25612904359294,23.47347640991211,20100
2010-03-16,23.817598342895508,23.87797156077783,23.50365254310805,23.521764047854617,62500
2010-03-17,23.926267623901367,24.022866136790267,23.908153819360173,23.908153819360173,5600
2010-03-18,23.690814971923828,23.859861837085585,23.570066224055086,23.859861837085585,15700
2010-03-19,23.333559036254883,23.533043945876038,23.176390994165722,23.333559036254883,36700
2010-03-22,23.36377716064453,23.363777160644535,22.80159555568626,22.934583140858777,21800
2010-03-23,23.460493087768555,23.478627231788973,23.24287413564562,23.297278873676355,20700
2010-03-24,23.061532974243164,23.061532974243164,22.837867700335536,22.970857613905455,35800
2010-03-25,23.146167755126953,23.45445990510843,23.146167755126953,23.27915539532937,15700
2010-03-26,23.412132263183594,23.533031937080306,23.321459237238173,23.375861669223738,27500
2010-03-29,23.6297550201416,23.6297550201416,23.43027018019324,23.514901579727905,20400
2010-03-30,23.50886344909668,23.635807133302986,23.412144122181783,23.635807133302986,132900
2010-03-31,23.514902114868164,23.641845758104303,23.375865965453453,23.412136566079454,14300
2010-04-01,24.083126068115234,24.08917001482787,23.817148599333983,23.817148599333983,32900
2010-04-05,24.077085494995117,24.125443993381275,24.046858839287438,24.125443993381275,7300
2010-04-06,23.865514755249023,23.8896951618045,23.587446997772517,23.66603216609257,28600
2010-04-07,23.520950317382812,23.70229874138244,23.460501611373044,23.70229874138244,33100
2010-04-08,23.436323165893555,23.51490833505235,23.170345608855992,23.170345608855992,25300
2010-04-09,23.980365753173828,24.04686071135529,23.569310413995247,23.569310413995247,27900
2010-04-12,24.282621383666992,24.361206568143178,24.179858093635108,24.179858093635108,53600
2010-04-13,24.246339797973633,24.337012832600557,24.010586679586048,24.337012832600557,9800
2010-04-14,24.512319564819336,24.530456018224882,24.300746824837272,24.349105319988922,25600
2010-04-15,24.3853816986084,24.403515850340664,24.19798700881663,24.270528227686615,14100
2010-04-16,23.73251724243164,24.24029408800535,23.58139320870101,24.131484599241716,23400
2010-04-19,23.696252822875977,23.708343024266718,23.38795845233735,23.42422905650958,28400
2010-04-20,23.841339111328125,23.87760972840689,23.805070800220307,23.835295161467137,19300
2010-04-21,23.49072265625,23.629756505269008,23.39400335667287,23.629756505269008,9500
2010-04-22,23.134075164794922,23.146165368288536,22.78951243612376,22.95272672433176,24500
2010-04-23,23.31541633605957,23.327506535783744,22.988987861416287,23.01921451371163,16900
2010-04-26,23.345643997192383,23.41818520583743,23.24892469163579,23.309375698839997,10300
2010-04-27,21.979490280151367,23.013178608680555,21.91903925434885,22.87414470829103,94100
2010-04-28,21.900903701782227,22.172927535604696,21.634926123139532,22.10038861524227,62000
2010-04-29,22.2938232421875,22.39054255383813,22.148743121726415,22.148743121726415,36800
2010-04-30,22.16084098815918,22.487269642612834,22.130616625184825,22.487269642612834,20000
2010-05-03,22.269641876220703,22.366361183695172,22.13060801584929,22.22732732332376,34100
2010-05-04,21.042512893676758,21.574467872732168,20.96997169164835,21.453570481291347,70300
2010-05-05,20.5165958404541,20.794665785933695,20.425922813293603,20.45010320959087,103600
2010-05-06,19.525224685668945,20.41383474140863,18.044209847744263,20.25666445507534,134000
2010-05-07,19.1444034576416,19.767035243536345,18.709166409618952,19.68240610577832,107900
2010-05-10,21.217819213867188,21.489843010141463,21.02438058228779,21.20573131711756,130700
2010-05-11,20.873254776000977,21.229907655763903,20.589143106541496,20.613321204005786,60600
2010-05-12,21.15133285522461,21.29641071911783,21.036477048173815,21.211781580851607,30800
2010-05-13,20.69795036315918,21.06669109853359,20.691904109973567,20.83698420881903,14400
2010-05-14,19.80329704284668,20.35943481743584,19.56149991534859,20.35943481743584,46800
2010-05-17,19.857698440551758,20.033002884859805,19.301563066019916,19.936283589029486,71700
2010-05-18,19.55545425415039,20.359435434734753,19.39828623180981,20.262716119608925,90500
2010-05-19,19.809341430664062,19.845612034058234,19.337833963405156,19.555451818845,20900
2010-05-20,19.150442123413086,19.531275421279503,18.7816990277296,19.204846880251143,76600
2010-05-21,19.736806869506836,19.785165378695226,18.938870714163155,18.938870714163155,61600
2010-05-24,18.999319076538086,19.337836684963886,18.999319076538086,19.204847912757195,50600
2010-05-25,19.00536346435547,19.00536346435547,18.225562705688485,18.39482208003876,808400
2010-05-26,18.47944450378418,19.096030766173627,18.47944450378418,19.023490731134093,29300
2010-05-27,19.893972396850586,19.893972396850586,19.235071362250565,19.313656523983678,22400
2010-05-28,19.476863861083984,19.833516630004095,19.343873989495968,19.70052675841608,55000
2010-06-01,19.132307052612305,19.748892382627112,18.999318285939534,19.07185719394826,95200
2010-06-02,19.670307159423828,19.70053150862624,19.041630549745456,19.204844802602537,17600
2010-06-03,19.51917839050293,19.869784907270613,19.416412860884652,19.869784907270613,65000
2010-06-04,18.328330993652344,18.902603045190286,18.298106634302094,18.81192881415414,45800
2010-06-07,18.140933990478516,18.57012580742235,18.140933990478516,18.57012580742235,57100
2010-06-08,18.425045013427734,18.437135214875216,18.06839214162249,18.21347110003707,584800
2010-06-09,18.35855484008789,18.787746699439598,18.279969668131614,18.630577508512335,204600
2010-06-10,19.34388542175293,19.37410978153025,19.04163721203804,19.04768231459059,102700
2010-06-11,19.561500549316406,19.561500549316406,19.216937844337735,19.216937844337735,15900
2010-06-14,19.779117584228516,20.09949985146931,19.779117584228516,19.94837579243571,42700
2010-06-15,20.69795036315918,20.69795036315918,20.184127222969373,20.232488024574508,45100
2010-06-16,20.498470306396484,20.577055474386786,20.250626905169057,20.323165818560614,25500
2010-06-17,20.631454467773438,20.734217707516684,20.419879429408773,20.734217707516684,25000
2010-06-18,20.67053985595703,20.707749032615904,20.52169605194553,20.52169605194553,20500
2010-06-21,20.534086227416992,21.005420289010935,20.46586629457527,21.005420289010935,94200
2010-06-22,20.267414093017578,20.5837037831257,20.1805895649797,20.496879255087823,12800
2010-06-23,20.3852481842041,20.503083506672393,20.05655463372115,20.348039021985553,32100
2010-06-24,19.858095169067383,20.205395618993673,19.839489407604958,20.205395618993673,28900
2010-06-25,19.994539260864258,20.037951530515166,19.628632972488635,19.802283233987904,48500
2010-06-28,19.88290023803711,20.075153833406244,19.796074545518344,19.944917068970938,57500
2010-06-29,18.983652114868164,19.275135397489574,18.853414098108228,19.22552119655623,50300
2010-06-30,18.95884132385254,19.355754866437938,18.952639401887684,19.020859360605424,38100
2010-07-01,19.337141036987305,19.405360963084284,19.02705218439391,19.262719191891048,50300
2010-07-02,19.14488983154297,19.634829694433662,19.14488983154297,19.634829694433662,52200
2010-07-06,19.690643310546875,20.01313602031524,19.548002713766888,19.858091584799123,60000
2010-07-07,20.620914459228516,20.620914459228516,19.85189284897397,19.85189284897397,64000
2010-07-08,20.78216552734375,20.856588597117558,20.540296465057686,20.651928703926874,58700
2010-07-09,20.862783432006836,20.862783432006836,20.5526944930869,20.5526944930869,40000
2010-07-12,20.757349014282227,20.77595358880141,20.577496907962647,20.60850532075803,24400
2010-07-13,21.247295379638672,21.290710012367345,21.0240333064417,21.0240333064417,28900
2010-07-14,21.296907424926758,21.38993504857399,21.036431498188957,21.104651440091494,15300
2010-07-15,21.451955795288086,21.520175749619018,21.16047139616181,21.520175749619018,52800
2010-07-16,20.775959014892578,21.284504688083395,20.732546752482936,21.284504688083395,66000
2010-07-19,20.974416732788086,21.135664314276017,20.819372255244833,21.030232839335298,20600
2010-07-20,20.893796920776367,20.912403870362677,20.36044580372782,20.42246266023838,19200
2010-07-21,20.3852481842041,20.912400851614006,20.3232313366458,20.912400851614006,7500
2010-07-22,21.296907424926758,21.402336523655592,21.098450702550693,21.098450702550693,22600
2010-07-23,21.563583374023438,21.588391054945355,21.1604668393096,21.216282938488582,24600
2010-07-26,21.824066162109375,21.830269267860295,21.464364099681067,21.538784808150428,105600
2010-07-27,22.016319274902344,22.08453923428077,21.86127477296641,22.02872311895218,47700
2010-07-28,21.898483276367188,22.003912387522018,21.830263326424166,21.954299383975926,57500
2010-07-29,21.95429801940918,22.400824486734287,21.731033602851184,22.289192278455292,206100
2010-07-30,21.83026123046875,21.90468191153816,21.526373036933236,21.619400662613096,10300
2010-08-02,22.779132843017578,22.828748208113996,22.39462322668361,22.39462322668361,53100
2010-08-03,22.723316192626953,22.803939976070474,22.518658731012806,22.729519296009943,31700
2010-08-04,22.797739028930664,22.872162081821,22.624089970435193,22.69230991935584,18500
2010-08-05,22.78533363342285,22.78533363342285,22.61168223900499,22.64269065614692,13900
2010-08-06,22.741920471191406,22.785335096927334,22.450438492386635,22.599279850544235,7900
2010-08-09,22.841148376464844,22.92176978309614,22.79153301934672,22.822541434650326,26700
2010-08-10,22.710922241210938,22.717125347295095,22.25819249453108,22.469053151348312,49600
2010-08-11,21.365127563476562,21.724829488922392,21.309311461932634,21.724829488922392,70800
2010-08-12,21.296907424926758,21.365127366829295,21.16667064445323,21.24729206143737,25200
2010-08-13,21.024036407470703,21.303114631578516,21.024036407470703,21.222493190112086,14600
2010-08-16,21.12326431274414,21.23489654613519,20.912403690315653,20.974420546292276,37000
2010-08-17,21.495359420776367,21.551175509533387,21.32791115450531,21.439543332019348,21200
2010-08-18,21.464351654052734,21.51396464233476,21.315507957626057,21.50156080381668,26100
2010-08-19,20.91240692138672,21.433356635770465,20.769766237968664,21.402345837199423,83900
2010-08-20,20.57130241394043,20.645725474739802,20.416257919295266,20.645725474739802,41100
2010-08-23,20.515485763549805,20.83797618487462,20.515485763549805,20.633318711118836,23200
2010-08-24,20.14337921142578,20.279819115306843,19.95732630254594,20.199195320668842,16500
2010-08-25,20.14337921142578,20.168186896820718,19.796079896165487,19.895309454849688,52100
2010-08-26,20.08135986328125,20.379044953580692,20.037947602141173,20.211596646701484,25500
2010-08-27,20.58370590209961,20.589909006621436,20.006940202712194,20.372845298390327,32200
2010-08-30,20.1309757232666,20.36664400708681,20.118571880350682,20.36664400708681,17700
2010-08-31,20.205392837524414,20.416251007699582,20.130969801919775,20.130969801919775,35300
2010-09-01,21.12326431274414,21.259701869050993,20.868991417973735,20.949612857585063,32300
2010-09-02,21.396135330200195,21.40233606760887,21.216283190069614,21.27830239310983,67700
2010-09-03,21.71242904663086,21.799255947127662,21.532579238651035,21.638008354853305,35000
2010-09-07,21.06744956970215,21.346527805584998,21.055045724539777,21.346527805584998,25700
2010-09-08,21.26590347290039,21.46436023696562,21.179078934345757,21.179078934345757,42300
2010-09-09,21.476764678955078,21.712430614230524,21.402341616013175,21.712430614230524,60600
2010-09-10,21.600799560546875,21.644211828640678,21.532579606173417,21.557384926661893,10500
2010-09-13,22.084537506103516,22.084537506103516,21.96670217974669,22.022518290707513,13700
2010-09-14,22.301597595214844,22.38842212611043,21.87987641732967,21.991508632992865,34900
2010-09-15,22.276790618896484,22.295397565959444,22.016317017926102,22.17756224246142,23400
2010-09-16,22.332595825195312,22.338798926451503,22.202359088294816,22.264378271906924,28900
2010-09-17,22.02935218811035,22.23441967378768,21.892638950638435,22.203349129961484,33500
2010-09-20,22.43326759338379,22.482982345734737,22.00448852174127,22.097702497134364,22700
2010-09-21,22.569992065429688,22.793703821692244,22.352495841580566,22.63213316637771,65000
2010-09-22,22.55755615234375,22.793696527333303,22.4954150712819,22.607270913617462,27400
2010-09-23,22.128782272338867,22.333849785091292,22.054212483204427,22.14121096561642,29100
2010-09-24,23.091978073120117,23.104406763486843,22.743981854442687,22.743981854442687,74700
2010-09-27,22.799909591674805,22.94905150434061,22.781267741540432,22.92419412380793,12900
2010-09-28,23.08576202392578,23.10440387187762,22.57619763531555,22.793693763186987,26100
2010-09-29,22.874492645263672,23.048489650934975,22.775065446232727,22.893134504290906,48300
2010-09-30,22.812347412109375,23.253555425762542,22.706707058360543,23.110628986291708,63400
2010-10-01,23.017410278320312,23.17897852590358,22.85583966020654,23.17897852590358,64200
2010-10-04,22.538908004760742,22.793690158776663,22.476764570531476,22.793690158776663,25500
2010-10-05,23.458616256713867,23.489686797517358,23.085765026011334,23.091978185959906,29200
2010-10-06,23.601543426513672,23.707186113398695,23.508331801000242,23.613972117354873,17300
2010-10-07,23.645038604736328,23.918465015297084,23.52696961778599,23.893607637877018,34200
2010-10-08,23.732046127319336,23.79418959462533,23.558049159924337,23.613977095234286,22100
2010-10-11,23.669897079467773,23.80661029108603,23.595327314280585,23.6947544580402,36100
2010-10-12,23.657474517822266,23.707189287843992,23.297051917287583,23.502119417300435,53500
2010-10-13,24.167037963867188,24.328608588592907,24.017898401614865,24.036540254263755,32600
2010-10-14,24.34104347229004,24.44668620569972,24.285117894670805,24.440473042808062,32900
2010-10-15,24.291322708129883,24.490177039752687,24.135967613391404,24.490177039752687,34500
2010-10-18,24.40938377380371,24.47152721377023,24.198100818977252,24.210529506970556,7800
2010-10-19,23.719608306884766,24.036533941869553,23.613968008909822,23.918464955215796,31700
2010-10-20,24.309959411621094,24.428030775752195,24.011677977368517,24.011677977368517,17200
2010-10-21,24.390750885009766,24.744960326054073,24.24160894484498,24.602033917433626,34600
2010-10-22,24.452892303466797,24.58960555289736,24.40939306419903,24.558535006353345,13700
2010-10-25,24.415603637695312,24.72631378110035,24.37831756709581,24.620671099666897,22900
2010-10-26,24.260255813598633,24.278897669202394,24.03654406422962,24.104900695484705,104400
2010-10-27,23.961978912353516,24.11111852713161,23.74448028254926,24.005478164208082,108300
2010-10-28,24.222965240478516,24.322392402814575,24.10489622599524,24.322392402814575,59200
2010-10-29,24.222965240478516,24.247822623695164,24.135966769750784,24.160824152967432,20400
2010-11-01,23.95575714111328,24.254038663531695,23.819046258253273,24.254038663531695,9500
2010-11-02,24.55232810974121,24.595829734839185,24.465329600608435,24.539901783177886,8500
2010-11-03,24.583391189575195,24.595819881691142,24.167038300548324,24.496390344763594,80800
2010-11-04,25.14888572692871,25.223455515273063,25.024601166000906,25.124028340636986,39900
2010-11-05,24.738754272460938,24.90653811440144,24.639327073962647,24.80710854537175,55300
2010-11-08,24.50881576538086,24.558530527208582,24.285106448747072,24.3907467618355,25000
2010-11-09,24.222965240478516,24.769815818592104,24.17946600511465,24.701459200011588,51700
2010-11-10,24.167037963867188,24.216752731638362,23.725830067285713,24.167037963867188,65900
2010-11-11,23.80040168762207,23.806617219339085,23.613976035135057,23.76311797944314,53500
2010-11-12,23.66368865966797,23.88739800003607,23.50833356826951,23.78175767573979,52100
2010-11-15,23.694761276245117,23.968185407629765,23.694761276245117,23.968185407629765,15000
2010-11-16,23.073347091674805,23.50212644391961,22.87449269319622,23.50212644391961,60900
2010-11-17,23.22247886657715,23.34676341630717,23.135480392925317,23.154122245699103,17800
2010-11-18,23.887409210205078,23.887409210205075,23.707199021214905,23.707199021214905,27300
2010-11-19,23.999256134033203,23.999256134033203,23.632617988702098,23.694761453479877,5200
2010-11-22,23.5207576751709,23.59532981880363,23.25354675347947,23.508331355095788,15900
2010-11-23,22.54512596130371,22.874480306492785,22.52027095285163,22.806123699556746,49600
2010-11-24,22.66320037841797,22.731556994560073,22.58862823142815,22.60727245344083,6200
2010-11-26,22.221986770629883,22.29655890631646,22.1287751568168,22.1412038460979,15400
2010-11-29,21.69378662109375,21.712428474998195,21.358219027629154,21.650287381629532,124100
2010-11-30,21.153154373168945,21.358221905340013,21.016441104700846,21.016441104700846,59800
2010-12-01,22.048004150390625,22.072861545062132,21.749722525927414,21.811863642074556,89800
2010-12-02,22.656982421875,22.656982421875,21.95477922521169,21.95477922521169,42100
2010-12-03,22.94283103942871,22.99254578980149,22.712906245279033,22.743976778997133,60600
2010-12-06,22.650772094726562,22.72534187252739,22.507845699553936,22.613486020560902,37600
2010-12-07,22.806133270263672,23.178984629345347,22.775062718762054,23.14170091575586,20800
2010-12-08,22.98634910583496,23.0671320772941,22.84963581485569,22.893135067343373,29500
2010-12-09,23.160335540771484,23.17276423159752,22.89933777448556,23.042266533719747,25900
2010-12-10,23.154129028320312,23.166557723987157,22.92420408481194,23.01741811704763,24800
2010-12-13,23.458616256713867,23.61397133126164,23.34054725344847,23.371617794251964,115300
2010-12-14,23.4523983001709,23.61396650162256,23.390254860743468,23.464824617526556,28300
2010-12-15,22.98634910583496,23.35920051873837,22.967704875817763,23.272202013763003,7400
2010-12-16,23.147911071777344,23.154124233058354,22.87448693532731,22.998769125194077,26700
2010-12-17,22.931419372558594,23.006501111078187,22.712427587235425,23.006501111078187,54700
2010-12-20,22.918909072875977,23.05655855137697,22.843824935359994,23.05655855137697,29200
2010-12-21,23.100351333618164,23.23174735183314,23.06281165996128,23.23174735183314,52900
2010-12-22,23.08784294128418,23.112868598300043,23.006502992267137,23.112868598300043,21600
2010-12-23,22.95644760131836,23.050301575094476,22.893879876671416,22.906393898961944,26100
2010-12-27,22.893871307373047,22.893871307373047,22.693651799279216,22.693651799279216,33200
2010-12-28,22.73745346069336,23.02526875324266,22.662371729333806,23.02526875324266,14300
2010-12-29,22.993986129760742,23.04404221121998,22.931418414742033,22.95018825188658,21000
2010-12-30,22.881366729736328,22.993990547853954,22.72494502532916,22.90639477527487,79900
2010-12-31,23.050304412841797,23.106616326678946,22.868854647499205,22.868854647499205,48700
2011-01-03,23.250516891479492,23.4507364377747,23.162921138326,23.206719014902745,41500
2011-01-04,23.212980270385742,23.525823683123047,23.100356450855845,23.525823683123047,31900
2011-01-05,22.993986129760742,22.993986129760742,22.612316862452733,22.706170821786134,18400
2011-01-06,22.624834060668945,23.019017403708187,22.518468452836107,23.019017403708187,15200
2011-01-07,22.2431640625,22.562265649893952,22.136798457905748,22.562265649893952,31700
2011-01-10,22.074235916137695,22.093008148587753,21.886530299282008,21.94910042943818,16500
2011-01-11,22.2431640625,22.255678084241488,22.030430466505898,22.149312479647236,47700
2011-01-12,23.219236373901367,23.238006213189063,22.837567063014152,22.875109128395152,34300
2011-01-13,23.79486656188965,23.926262594594192,23.66347291599066,23.80738058342368,29600
2011-01-14,24.101457595825195,24.138999665837638,23.76358612613091,23.769844331202602,70600
2011-01-18,24.21408462524414,24.326708463388094,24.11397481209465,24.251624313421313,83200
2011-01-19,24.08894157409668,24.420554811209016,24.08894157409668,24.38301513111672,35900
2011-01-20,24.357980728149414,24.470604512638563,24.095191102073034,24.245356943660262,75500
2011-01-21,24.858537673950195,24.933619425862126,24.702115965163593,24.914849584585607,22800
2011-01-24,25.058759689331055,25.102557581074915,24.72714639846863,24.72714639846863,133900
2011-01-25,24.958648681640625,25.002446571278927,24.72088700445701,24.802226965273558,128000
2011-01-26,24.97116470336914,25.09630256383657,24.90859696653851,24.97742052232974,120500
2011-01-27,25.365341186523438,25.39036922912853,25.190147275093288,25.221433521752413,58800
2011-01-28,24.551944732666016,25.25271309913042,24.526916694305296,25.25271309913042,36600
2011-01-31,24.996183395385742,25.077523332260512,24.877301398382944,25.014953232047123,34100
2011-02-01,25.640644073486328,25.690700161778526,25.334058886516424,25.334058886516424,74800
2011-02-02,25.502994537353516,25.59684851803593,25.42791278489111,25.46545485452525,149000
2011-02-03,25.240205764770508,25.284003650099,24.94613220315999,25.152609994113522,62800
2011-02-04,25.208925247192383,25.215181065867004,24.87105375541741,25.0650175496155,44300
2011-02-07,25.334056854248047,25.334056854248047,25.096295227544385,25.096295227544385,20700
2011-02-08,25.58432960510254,25.628127484568704,25.37159602477884,25.48421982535053,36600
2011-02-09,25.640644073486328,25.74701206770442,25.496736399854747,25.553048305780642,82900
2011-02-10,25.371604919433594,25.40288878904743,25.065019655689255,25.190155134144593,107900
2011-02-11,25.321542739868164,25.359082416131926,25.0524972548857,25.07752529693185,66300
2011-02-14,25.10881805419922,25.171385794682013,24.95239631618593,24.996194211885147,39700
2011-02-15,25.115068435668945,25.2527202990946,25.058756526704432,25.196408390130088,40800
2011-02-16,25.590587615966797,25.596843432926757,25.365340016521742,25.38410985420703,15000
2011-02-17,25.740758895874023,25.753272920393705,25.484227360235845,25.540539277171355,57400
2011-02-18,25.865903854370117,25.865903854370117,25.6218862762696,25.69071223661729,28100
2011-02-22,24.877315521240234,25.34032497844878,24.864803880899967,25.177647399152423,147600
2011-02-23,25.00244140625,25.165121294276528,24.85227792616988,25.10255118857191,76400
2011-02-24,25.02121353149414,25.108809292325496,24.852277826974184,25.077525433000794,45900
2011-02-25,25.296512603759766,25.359080316890285,25.25271472720735,25.25271472720735,25100
2011-02-28,25.62813377380371,25.797069516118675,25.52176815094207,25.728243578123024,21400
2011-03-01,25.133846282958984,25.671937498520386,25.058764509357047,25.671937498520386,20200
2011-03-02,25.296512603759766,25.440420253404167,25.17137479069347,25.246456523811144,13300
2011-03-03,25.72199249267578,25.72824831236924,25.427918844147783,25.709478466482413,34400
2011-03-04,25.340320587158203,25.6656780761755,25.183898855138708,25.628136001240584,29400
2011-03-07,25.183895111083984,25.62813219114175,25.00870356104562,25.603104144906023,57400
2011-03-08,25.240205764770508,25.284003650099,24.889820295336825,25.00244411098316,26200
2011-03-09,25.12758445739746,25.258978126498853,25.071272543953153,25.25272230802992,50500
2011-03-10,24.589492797851562,24.75217271592739,24.533180885718533,24.664574551760296,37700
2011-03-11,24.73965072631836,24.777190397782007,24.501889130892927,24.501889130892927,15500
2011-03-14,24.60825538635254,24.65205325787567,24.48937340352833,24.58322734925218,83500
2011-03-15,24.020118713378906,24.070174808970805,23.269293987142436,23.419459887112133,63400
2011-03-16,23.069072723388672,23.88246512395543,22.837569264899436,23.80112755466284,210100
2011-03-17,23.957548141479492,24.107711636847263,23.876208189185274,24.001346026528903,78700
2011-03-18,24.316837310791016,24.649173238025057,24.241592478507307,24.642901440007197,48100
2011-03-21,25.088109970092773,25.132005391708482,24.787128170382523,24.893727236608015,30600
2011-03-22,24.968975067138672,25.182170833031503,24.837295962555423,25.132008389757836,127700
2011-03-23,24.874914169311523,25.000323850217693,24.636638406779586,24.755776288045553,23900
2011-03-24,25.50822639465332,25.527037005472575,25.11318682351762,25.226055272413532,388000
2011-03-25,25.226064682006836,25.46434287322189,25.200982263565024,25.332663764388997,17500
2011-03-28,25.182170867919922,25.35147359918623,25.182170867919922,25.301308763852063,16800
2011-03-29,25.326387405395508,25.326387405395504,25.081839849580597,25.113191670994446,6200
2011-03-30,25.614831924438477,25.646186142659484,25.426718575067515,25.426718575067515,22600
2011-03-31,25.52704429626465,25.596019744955615,25.42671702325711,25.464340647631513,11500
2011-04-01,25.903268814086914,25.928348833940305,25.558391631210274,25.627367067785602,3000
2011-04-04,25.878185272216797,26.028674952727467,25.846833454776267,26.028674952727467,14200
2011-04-05,25.878185272216797,25.953430112472134,25.664989564834723,25.664989564834723,7700
2011-04-06,26.298307418823242,26.348472245147413,26.16035893041291,26.172900136993956,21600
2011-04-07,26.223064422607422,26.3610153127473,26.122737154866808,26.2544162452781,15000
2011-04-08,26.442529678344727,26.611832391827893,26.37355662499151,26.611832391827893,19000
2011-04-11,26.386096954345703,26.54285845509541,26.335932125950276,26.536586655550643,5900
2011-04-12,26.260684967041016,26.354740424028986,26.097651681077124,26.31711919802998,26100
2011-04-13,26.216796875,26.448803249613192,26.116469600140977,26.448803249613192,19000
2011-04-14,26.197978973388672,26.204250772390843,25.840562973959717,25.940890230080292,43300
2011-04-15,25.96597671508789,26.072575786931594,25.840567027268,25.94089429912575,81200
2011-04-18,25.138277053833008,25.169628878949606,24.780860985123752,25.106925228716413,42700
2011-04-19,25.35146713256836,25.395360156294082,25.213516262578725,25.29503290320809,16300
2011-04-20,26.17289924621582,26.229333477914526,26.078841396054482,26.103923808362907,21000
2011-04-21,26.392362594604492,26.473879233115888,26.30457654943391,26.429986210530597,27700
2011-04-25,26.386096954345703,26.54285845509541,26.31084971175256,26.47388301204703,24800
2011-04-26,26.762332916259766,26.81876717185604,26.542867695602876,26.618112572400737,10200
2011-04-27,27.439531326293945,27.445803125675866,26.93789501531785,27.02568107073984,17100
2011-04-28,27.577486038208008,27.608837863499275,27.345479660663486,27.345479660663486,13200
2011-04-29,27.608835220336914,27.71543428651098,27.608835220336914,27.646458842279063,4000
2011-05-02,27.59001922607422,27.853377352349607,27.539854406598764,27.753050105388947,19000
2011-05-03,27.52104377746582,27.71542886482193,27.39563412084866,27.50223316616983,12000
2011-05-04,27.220073699951172,27.61511345036405,27.15109823965783,27.61511345036405,37000
2011-05-05,26.41118049621582,26.749785957036902,26.33593563558591,26.718434131107024,12300
2011-05-06,26.141555786132812,26.79368442241129,26.009876655343355,26.68708771424596,54400
2011-05-09,26.072580337524414,26.103932166953683,25.82176091810772,26.00360487758526,17000
2011-05-10,26.5240478515625,26.55539967615482,26.335934512017694,26.361016928487906,15900
2011-05-11,25.978515625,26.379824676931033,25.89072956888892,26.379824676931033,38300
2011-05-12,26.034950256347656,26.154088135456657,25.671262427503333,25.84683693438951,22000
2011-05-13,25.53331756591797,25.89073364607819,25.345201825209635,25.89073364607819,21500
2011-05-16,25.514501571655273,25.777862142641208,25.43298731167527,25.43298731167527,15500
2011-05-17,25.552106857299805,25.55210685729981,25.188419280255907,25.41415606711226,24700
2011-05-18,25.733964920043945,25.740234326716823,25.489417395965937,25.489417395965937,16300
2011-05-19,25.9283504486084,25.959704661360977,25.7841301595108,25.953432862014225,5900
2011-05-20,25.332656860351562,25.746507083888446,25.24486841973065,25.746507083888446,30100
2011-05-23,24.755781173706055,24.824756631416587,24.617830258284986,24.68680571599552,42400
2011-05-24,24.812204360961914,25.019130641850705,24.774580748439377,24.968965825153987,23500
2011-05-25,25.006591796875,25.094377842386148,24.711879450953003,24.711879450953003,15300
2011-05-26,25.1069278717041,25.163362119651143,24.799674212438852,25.050493623757063,19400
2011-05-27,25.357746124267578,25.395369755392434,25.232338804500653,25.32012488513402,17100
2011-05-31,26.12274169921875,26.129011108047223,25.897004709535125,26.053766242149734,15100
2011-06-01,25.28876495361328,25.92208032671425,25.282493154439408,25.91581091953091,23100
2011-06-02,25.539587020874023,25.633644891399545,25.2260639751103,25.552128229743495,79800
2011-06-03,25.74024200439453,25.83429987647521,25.338932881900252,25.34520229044314,33800
2011-06-06,25.200979232788086,25.577208288195123,25.200979232788086,25.577208288195123,24200
2011-06-07,25.564651489257812,25.802929506496877,25.558379693231103,25.671248101818588,15300
2011-06-08,25.182170867919922,25.43299026060875,25.13200842457676,25.395366634108125,7000
2011-06-09,25.545854568481445,25.558393383272467,25.20097736196301,25.2323315749124,6400
2011-06-10,24.711877822875977,25.20724463789904,24.61781998488774,25.20724463789904,20600
2011-06-13,24.787132263183594,24.96270680266479,24.617829524393397,24.856107718837876,7500
2011-06-14,25.40791130065918,25.49569738244962,25.26996037670773,25.307584008328487,33700
2011-06-15,24.27923011779785,24.743242975615964,24.229065272632933,24.624105056336496,8700
2011-06-16,24.298036575317383,24.398363856464858,24.091110212455746,24.254143539314807,162000
2011-06-17,25.032033920288086,25.109431942113588,24.890135496575702,25.109431942113588,167700
2011-06-20,24.864343643188477,24.909492709374565,24.645047124381946,24.645047124381946,70500
2011-06-21,25.58027458190918,25.586723392074624,25.180381919803242,25.206182081342675,42800
2011-06-22,25.244876861572266,25.580271540389685,25.244876861572266,25.38677527272847,117300
2011-06-23,24.819185256958008,24.819185256958008,24.322543254969343,24.541839691426173,14500
2011-06-24,24.258047103881836,24.690188738501128,24.258047103881836,24.677288657707276,24800
2011-06-27,24.66438865661621,24.722437784365923,24.32254269967298,24.35479166832535,20100
2011-06-28,25.077177047729492,25.13522616549611,24.819180422002713,24.819180422002713,5000
2011-06-29,25.631872177124023,25.631872177124023,25.290026224204425,25.386775589461372,18200
2011-06-30,26.186555862426758,26.244604978484535,25.72216539440266,25.76731443351003,23300
2011-07-01,26.560659408569336,26.560659408569336,26.031768382635576,26.031768382635576,69700
2011-07-05,26.0382137298584,26.263961429717618,25.97371579300638,26.19301222291725,104000
2011-07-06,25.715723037719727,25.754423281982856,25.48352649301886,25.670573982965553,28500
2011-07-07,25.92856216430664,25.99306008976377,25.86406177841137,25.876961855590423,36500
2011-07-08,25.19973373413086,25.46417926949103,25.115884429619847,25.46417926949103,31200
2011-07-11,23.948457717895508,24.25160107047994,23.86460840484735,24.219352091750448,45700
2011-07-12,23.703346252441406,24.01939195173327,23.703346252441406,23.78074424515944,72000
2011-07-13,24.18065071105957,24.399947178473628,23.909753916988564,24.032301002140333,25000
2011-07-14,23.961347579956055,24.335440002427266,23.954896310698544,24.335440002427266,4400
2011-07-15,23.95490074157715,24.122599327154802,23.838802477850702,24.03229876391519,33200
2011-07-18,23.490501403808594,23.645299867520432,23.245407321885505,23.535652903571386,30900
2011-07-19,23.91619873046875,24.000045547988467,23.735600096371538,23.761400252733758,35600
2011-07-20,24.380590438842773,24.38059043884277,24.161294019882472,24.316092505211458,26900
2011-07-21,25.277132034301758,25.35453252871682,24.92238837976971,25.012686496148145,41300
2011-07-22,25.21262550354004,25.25777454636623,25.03847814102259,25.25777454636623,9800
2011-07-25,24.91594123840332,25.012688172246442,24.89658988328325,24.941738944497903,24900
2011-07-26,25.115875244140625,25.18037563188249,24.941727887894906,25.025577161740227,14400
2011-07-27,24.283845901489258,24.819185691951454,24.21289669132758,24.819185691951454,53600
2011-07-28,24.135496139526367,24.406392899302574,24.12259851993393,24.16774756982352,10200
2011-07-29,24.167739868164062,24.28383809100786,24.019392685738747,24.019392685738747,8500
2011-08-01,23.490501403808594,24.303189032529055,23.148657974510844,24.303189032529055,86800
2011-08-02,22.697168350219727,23.34860879962927,22.690719541014985,23.1615613469918,44200
2011-08-03,22.903568267822266,23.032566616009248,22.40692868702648,23.032566616009248,192100
2011-08-04,21.065351486206055,22.25213195558833,21.05245140431245,22.174733924665734,216900
2011-08-05,21.936077117919922,22.071526692119445,20.85249774738997,21.903828156610714,118400
2011-08-08,20.078508377075195,21.187889088696817,19.891462194227937,20.923443679355508,121400
2011-08-09,21.078248977661133,21.078248977661136,19.872118533667408,20.71060530041206,310200
2011-08-10,19.272279739379883,20.291362783995364,19.227130685222782,20.291362783995364,223600
2011-08-11,20.22686195373535,20.471957311444758,19.085230760481597,19.085230760481597,442300
2011-08-12,20.923446655273438,21.026644818463954,20.517104041488185,20.80089960537167,171500
2011-08-15,21.484590530395508,21.510388227732925,21.284642998290085,21.284642998290085,47700
2011-08-16,21.05889892578125,21.56843853743654,20.85895138269111,20.994398527798012,351200
2011-08-17,21.207239151000977,21.710329787031355,21.16209011753352,21.394284092321378,568100
2011-08-18,20.033367156982422,20.401010858274258,19.846320901158265,20.401010858274258,311300
2011-08-19,19.523820877075195,20.104310836635612,19.491570683076826,19.697968234009053,42000
2011-08-22,19.814067840576172,20.413907995211165,19.807617800930505,20.413907995211165,83000
2011-08-23,20.581605911254883,20.581605911254883,20.00111585931362,20.06561502735583,85900
2011-08-24,20.691259384155273,20.768657416690477,20.41391253854224,20.465511636972224,22400
2011-08-25,20.104310989379883,20.74285007276961,20.039811831112218,20.678352144721067,21100
2011-08-26,20.272014617919922,20.330063755405174,19.607675172377288,19.807621518037884,19700
2011-08-29,20.85250473022461,20.85250473022461,20.67190605762789,20.736406462283455,254400
2011-08-30,20.65255355834961,20.736402839533536,20.27845988823932,20.49130626553967,41600
2011-08-31,21.065351486206055,21.194349844703073,20.95570448076897,20.96860210222353,151700
2011-09-01,20.66545867919922,21.0976003483578,20.652558597374316,20.82670601135195,27200
2011-09-02,19.852771759033203,20.110767241594296,19.79472262167952,20.091417119069902,84200
2011-09-06,18.820783615112305,18.8465825414275,18.395090874048588,18.524087966062915,158900
2011-09-07,19.375478744506836,19.40127767623614,18.969134805350233,19.027183939515464,60000
2011-09-08,18.930431365966797,19.36257413580072,18.91108124903006,19.091678649782153,44300
2011-09-09,17.892000198364258,18.369292057083765,17.79525206474342,18.311242930867408,98400
2011-09-12,17.556610107421875,17.60820920751596,17.040619106481024,17.27926571330341,126800
2011-09-13,17.87909507751465,17.950044262932295,17.50500149750882,17.563050607356185,159800
2011-09-14,18.45313835144043,18.63373451020913,17.692051024575008,18.104843650582396,81900
2011-09-15,19.194873809814453,19.23357280741401,18.885279368580093,19.12392462236614,56600
2011-09-16,19.001615524291992,19.26750834573921,18.768149410919094,19.24156821623219,156800
2011-09-19,18.41147232055664,18.515235364771268,18.022361523228316,18.165035399785165,93200
2011-09-20,18.476322174072266,18.703304268176687,18.379044487156914,18.495778206236498,42200
2011-09-21,17.821317672729492,18.593056315430818,17.821317672729492,18.476322593700022,81900
2011-09-22,17.179279327392578,17.36086521071861,16.926357148828124,17.211706040639708,109000
2011-09-23,17.48408317565918,17.51002454650238,16.926357309009493,16.926357309009493,86500
2011-09-26,18.158552169799805,18.18449355235134,17.445180230024175,17.795381472750705,42000
2011-09-27,18.833009719848633,19.20266569279991,18.76167216824296,18.865435204967774,169600
2011-09-28,18.521713256835938,19.10538045492387,18.489287782423716,19.03404416382647,56100
2011-09-29,19.11835289001465,19.364790971141513,18.82003453985891,19.273997407959296,42000
2011-09-30,18.340124130249023,18.748690697783385,18.340124130249023,18.541164743673725,162300
2011-10-03,17.665666580200195,18.29472989138686,17.639726449951993,18.06126377134316,64500
2011-10-04,18.210426330566406,18.210426330566406,17.30249933678664,17.51002536542742,91300
2011-10-05,18.735727310180664,18.748697996600036,18.158545370998795,18.340131270011767,74400
2011-10-06,19.384246826171875,19.384246826171875,18.6579057025845,18.690331181744515,22000
2011-10-07,19.24805450439453,19.656621150603215,19.228598478593167,19.56582883743517,61400
2011-10-10,20.266231536865234,20.266231536865234,19.84469416828896,19.84469416828896,44200
2011-10-11,20.246776580810547,20.25974726654922,19.838209875663846,19.877120695927182,124200
2011-10-12,20.772079467773438,20.9796055165989,20.6942578179403,20.72668329921197,148600
2011-10-13,20.668315887451172,20.700741365910112,20.246777245768676,20.54509684279232,47300
2011-10-14,20.921236038208008,21.07039768638999,20.765592758052083,20.98608946652742,18200
2011-10-17,20.13004493713379,20.68128549692364,20.084647535205686,20.648860018213433,45700
2011-10-18,20.558067321777344,20.739651978441778,19.864150462393667,20.13004457827875,28300
2011-10-19,20.214351654052734,20.564551519867493,20.181926175775466,20.493215220266965,44900
2011-10-20,20.078157424926758,20.233803149248494,19.72795763758393,20.22731780765572,45800
2011-10-21,20.713706970214844,20.713706970214844,20.532121119317637,20.571031931312607,92100
2011-10-24,21.01851463317871,21.089852166323364,20.55158108875204,20.558066431488157,18400
2011-10-25,20.603464126586914,20.90178249292736,20.499701108994348,20.849902221083816,29200
2011-10-26,20.862869262695312,21.14821940048882,20.46078790132896,21.14821940048882,28000
2011-10-27,22.64630126953125,22.795462941560025,22.069119271692497,22.263677113849777,247600
2011-10-28,22.21827507019043,22.315553976384397,22.10802795214893,22.159908221255122,23000
2011-10-31,20.940696716308594,21.628125851185615,20.914755340753228,21.602186949535987,56200
2011-11-01,19.714990615844727,19.961428694328657,19.539890071177616,19.62419829058889,68800
2011-11-02,20.058706283569336,20.227321484776716,19.890091082361955,20.078161074931913,34900
2011-11-03,20.83693504333496,20.91475670115724,20.214355595991954,20.571040874408805,51200
2011-11-04,20.181926727294922,20.395938105850288,19.916032602953777,20.3699967329574,37800
2011-11-07,20.233806610107422,20.331084276732884,19.883605525912582,20.168954420039565,20700
2011-11-08,20.67479705810547,20.76559061141422,20.259745055388457,20.577519399587736,56500
2011-11-09,19.176721572875977,19.617715034370978,19.13132540541963,19.526922699458286,81600
2011-11-10,19.643657684326172,19.84469839767176,19.42316093925571,19.84469839767176,33200
2011-11-11,20.408910751342773,20.473762956777993,20.21435537199005,20.21435537199005,44500
2011-11-14,19.773359298706055,20.019797400055342,19.689052308425158,19.97439999626264,73200
2011-11-15,19.624202728271484,19.779847279743308,19.455587488272105,19.585291899641764,55700
2011-11-16,19.267507553100586,19.695531423406198,19.267507553100586,19.455578741337323,43400
2011-11-17,19.079439163208008,19.53988730403058,18.982161508930947,19.53988730403058,153700
2011-11-18,19.293453216552734,19.48152444668666,19.228601025577152,19.48152444668666,53200
2011-11-21,18.74220848083496,18.865427500481402,18.606020014609257,18.833002028604557,51400
2011-11-22,18.49578094482422,18.70330703749187,18.366076518430393,18.606029336173044,468100
2011-11-23,17.801860809326172,18.242853031265454,17.801860809326172,18.2363689247695,83200
2011-11-25,17.73700523376465,18.02235410640038,17.724034549337446,17.74349057597825,61600
2011-11-28,18.85894012451172,18.96270310766827,18.75517714135517,18.910821616089994,59900
2011-11-29,18.969192504882812,19.08592619513297,18.858944157085734,18.858944157085734,45700
2011-11-30,20.123558044433594,20.155983520646952,19.896576000082202,19.967913532094745,43300
2011-12-01,19.93548583984375,20.168953215362137,19.87063365364947,20.000338026038033,55000
2011-12-02,19.922517776489258,20.331085737403136,19.922517776489258,20.331085737403136,184300
2011-12-05,20.24028778076172,20.519151291747953,20.130040681672007,20.493211161654038,81600
2011-12-06,20.311630249023438,20.434849298592365,20.078162836567106,20.162471063044233,287900
2011-12-07,20.305143356323242,20.395936919213238,19.773357612485768,19.922516787083563,163700
2011-12-08,19.41667366027832,19.85766710646977,19.35830680787341,19.786329567540932,106600
2011-12-09,20.143014907836914,20.155985594437826,19.714992145628898,19.721477488929352,48500
2011-12-12,19.1961727142334,19.475036228387093,19.072953693268456,19.429638835540292,71200
2011-12-13,18.690336227416992,19.38425205917496,18.638454704583307,19.215636800727207,61400
2011-12-14,18.417949676513672,18.62547567492695,18.35309749277139,18.54116870192875,64600
2011-12-15,18.489290237426758,18.73572709175813,18.417952699904617,18.716272299308617,111300
2011-12-16,18.2853946685791,18.559871697939847,18.167761477926774,18.48145040182765,81100
2011-12-19,18.226573944091797,18.61868407527381,18.200433933470993,18.61868407527381,114600
2011-12-20,19.063085556030273,19.08922558047569,18.84742505679687,18.84742505679687,38800
2011-12-21,18.906234741210938,18.951980702088893,18.710179020540338,18.932374756076648,74400
2011-12-22,19.102291107177734,19.14150300308554,18.912771929559618,18.94544726299872,45300
2011-12-23,19.27873992919922,19.27873992919922,19.036938235871553,19.128431408568403,45500
2011-12-27,19.2133846282959,19.272201212333762,19.16110335876044,19.17417398776525,319800
2011-12-28,18.749391555786133,19.095754555163897,18.605617106398544,19.095754555163897,85600
2011-12-29,19.187246322631836,19.19378163771527,18.723248923579163,18.723248923579163,40300
2011-12-30,19.2852725982666,19.311412610818405,19.12189346874535,19.12189346874535,60500
2012-01-03,19.964927673339844,20.004139559034524,19.788479173648767,19.827689812859703,519200
2012-01-04,19.579347610473633,19.670840739431817,19.4159685366353,19.59241823553672,147300
2012-01-05,19.089218139648438,19.154570045014925,18.938909629844257,19.095753454833478,168900
2012-01-06,18.684032440185547,19.030396552453972,18.67096181410368,19.030396552453972,215500
2012-01-09,18.814741134643555,18.853951776672883,18.625220746281432,18.853951776672883,37500
2012-01-10,19.232988357543945,19.285269621060355,19.16763646652752,19.25259305231032,155400
2012-01-11,19.174171447753906,19.174171447753906,18.932369829131616,19.00425703265136,202300
2012-01-12,19.363685607910156,19.46824935288668,19.18723717075492,19.46171404092044,130400
2012-01-13,18.991193771362305,19.030405668391175,18.690576706378952,18.997729087533784,175200
2012-01-17,19.494396209716797,19.63163531630306,19.40943961724625,19.4290443135559,213300
2012-01-18,19.814619064331055,19.847295635545457,19.60549399449385,19.677381204681794,188100
2012-01-19,20.252479553222656,20.252479553222656,19.925721248885765,20.062960384878945,118000
2012-01-20,20.232868194580078,20.2590094502474,20.076024400027173,20.147911606628632,97900
2012-01-23,20.409320831298828,20.513883375860388,20.278618273838806,20.409320831298828,174700
2012-01-24,20.36357879638672,20.3766494285956,20.049891102278117,20.121778332942874,463200
2012-01-25,20.598844528198242,20.63805517708063,20.03028451022538,20.13484707156778,146700
2012-01-26,20.683799743652344,20.899460167653118,20.631518466515306,20.82757419064217,143200
2012-01-27,20.7360782623291,20.78835953251131,20.54002381076676,20.55309443993326,98300
2012-01-30,20.330902099609375,20.428929341637232,20.193662963583165,20.259014873763075,138400
2012-01-31,20.442001342773438,20.631520523862303,20.278622179617752,20.598845189824804,129300
2012-02-01,20.886388778686523,21.043233850888992,20.814502804284647,20.892924093901954,345100
2012-02-02,20.977880477905273,21.082443027283595,20.873319175010863,20.958275778949282,888700
2012-02-03,21.31117057800293,21.33731183277521,21.010553627023477,21.030158321619055,361800
2012-02-06,21.187002182006836,21.20007281020588,20.964808981525316,21.01708900135408,207700
2012-02-07,21.409194946289062,21.448406825521303,21.102043951021287,21.193535842929435,257900
2012-02-08,21.55950927734375,21.61178929820088,21.35691827572463,21.526831459719638,185300
2012-02-09,21.631393432617188,21.722887829434054,21.45494618546031,21.722887829434054,326900
2012-02-10,21.017093658447266,21.09551495205118,20.925601733748035,21.043234920637897,1562200
2012-02-13,21.180469512939453,21.265427355359318,21.09551167051959,21.265427355359318,278000
2012-02-14,20.964815139770508,21.088982404683446,20.768759398646154,21.069377703109865,226100
2012-02-15,20.853713989257812,21.05630502673199,20.807968028048794,21.05630502673199,755800
2012-02-16,21.187002182006836,21.23275062718721,20.664190765365806,20.73607672749314,146300
2012-02-17,21.41573715209961,21.494158438272283,21.271962716643266,21.441878411813082,428300
2012-02-21,21.546430587768555,21.68366839576244,21.48107746993822,21.60524714733258,162900
2012-02-22,21.383066177368164,21.500699377060247,21.383066177368164,21.44841684698899,117200
2012-02-23,21.605262756347656,21.605262756347656,21.232758440976863,21.363459785131404,187100
2012-02-24,21.827457427978516,21.87973746440341,21.657541700419138,21.716358299502275,243500
2012-02-27,21.64446449279785,21.7098176346859,21.3438475190152,21.383059404148028,88100
2012-02-28,21.827457427978516,21.827457427978516,21.513767237556316,21.598725101336004,185400
2012-02-29,21.520296096801758,22.003896855737008,21.468013586123718,21.89280025999716,328600
2012-03-01,21.86012840270996,21.899337798966883,21.677142079296022,21.722890529875293,301400
2012-03-02,21.59218406677246,21.696746598862287,21.526830926111685,21.696746598862287,155900
2012-03-05,21.539907455444336,21.566048718870462,21.369994229110713,21.526836823731273,77700
2012-03-06,20.51388168334961,20.834104605459675,20.44199571894694,20.80796459471791,210600
2012-03-07,20.840648651123047,20.840648651123047,20.566171567679508,20.66420007686127,646200
2012-03-08,21.487621307373047,21.58564727787611,21.10858057445252,21.200072477442333,272600
2012-03-09,21.25235939025879,21.337317243328034,21.15433090648905,21.232754690692,319100
2012-03-12,21.31117057800293,21.33077527259851,21.108579592968635,21.193537424494924,673000
2012-03-13,21.6510009765625,21.6510009765625,21.298101490522964,21.324242747185323,711400
2012-03-14,21.5660457611084,21.722890827185907,21.513763241426645,21.68367893742459,253400
2012-03-15,21.866662979125977,21.89280423921641,21.5660459669893,21.64446725429283,161600
2012-03-16,22.074430465698242,22.126862491632764,21.989225610811847,22.028551505424605,211400
2012-03-19,22.231731414794922,22.303827645833,21.963010690154142,21.98922795602546,185900
2012-03-20,21.949907302856445,22.035109677270928,21.818823457320413,21.904025831734895,154800
2012-03-21,21.74016571044922,21.871249520173112,21.622193031934998,21.831926127406945,198200
2012-03-22,21.438674926757812,21.51077114788524,21.281376353585006,21.340363943578744,222500
2012-03-23,21.543540954589844,21.56320515092268,21.215832684820292,21.379686819705068,166600
2012-03-26,21.8778018951416,21.897463588657246,21.661513265608132,21.694283588205987,170000
2012-03-27,21.56975746154785,21.75327328612899,21.550095766118613,21.70084126491249,110400
2012-03-28,21.327253341674805,21.60908263446703,21.196169542666595,21.576309809553344,178400
2012-03-29,21.02577018737793,21.065093591579696,20.842251800309405,20.947118378541514,101500
2012-03-30,21.26826286315918,21.32069487549873,21.0060953008159,21.228936978743135,137600
2012-04-02,21.471439361572266,21.536982499252176,21.019202962548643,21.051973281281068,299700
2012-04-03,20.868471145629883,21.320707840447557,20.737387284747214,21.287937500281064,396300
2012-04-04,20.265480041503906,20.475213140234377,20.193383820024852,20.39656385326439,223500
2012-04-05,20.02298355102539,20.154067416378524,19.924671277064732,19.94433423190022,213800
2012-04-09,19.950881958007812,20.04263988337132,19.760810541060007,19.80668950374176,192200
2012-04-10,19.354454040527344,19.89189549117719,19.347899724042826,19.83946220940911,450200
2012-04-11,19.721485137939453,19.950881192656144,19.68216049287908,19.94432687679476,809000
2012-04-12,20.003314971923828,20.02953098591998,19.669052355244162,19.695268369240317,345900
2012-04-13,19.308568954467773,19.63627719537951,19.229919676709287,19.63627719537951,436900
2012-04-16,19.531414031982422,19.596955941507453,19.295464907843435,19.570739927762208,156300
2012-04-17,20.009868621826172,20.081963595496536,19.70837634520529,19.813242897914837,420800
2012-04-18,19.669050216674805,19.872228990958682,19.583845367708523,19.62317125958888,202300
2012-04-19,19.308568954467773,19.623169815824916,19.170932093336557,19.498640334248293,580000
2012-04-20,19.655941009521484,19.780470496607734,19.557628782919828,19.583844793296635,626800
2012-04-23,19.151273727416992,19.164382360213253,18.928431970312698,19.085733063651755,181400
2012-04-24,19.387224197387695,19.498645076400017,19.17749107221345,19.210261404231414,153200
2012-04-25,19.839460372924805,19.95743555850936,19.714930871462446,19.87878501808368,174900
2012-04-26,19.963991165161133,20.003317065433073,19.649391463634146,19.662500097058125,97200
2012-04-27,20.062299728393555,20.147503324464612,19.924661611530734,20.081961423582687,202800
2012-04-30,19.839460372924805,19.931218294998157,19.74770120074352,19.898447965717082,381600
2012-05-01,19.944326400756836,20.121289174466586,19.813242586873784,19.90500175663508,253200
2012-05-02,19.629730224609375,19.636283291367175,19.387225501002888,19.524863654970925,150000
2012-05-03,19.426544189453125,19.662494523772875,19.38066523558156,19.61006125504712,161500
2012-05-04,19.11194610595703,19.41343836282875,19.085730094550875,19.34134214377311,174400
2012-05-07,19.45276641845703,19.485536750992043,19.197154324381383,19.197154324381383,266000
2012-05-08,19.118507385253906,19.177494995038792,18.823569336329466,19.157832041741067,795600
2012-05-09,18.744911193847656,18.86944067252561,18.44997328384927,18.594165706563015,1340000
2012-05-10,18.974306106567383,19.138160213704897,18.941534535075302,19.105388642212816,1464400
2012-05-11,18.90876007080078,19.105384456242547,18.679364121047154,18.679364121047154,134000
2012-05-14,18.397544860839844,18.554844704222166,18.351665896116835,18.42376212645758,238000
2012-05-15,18.069826126098633,18.331992380627273,18.043610125699423,18.220571566189186,301100
2012-05-16,17.984634399414062,18.35166739733039,17.971525765532874,18.214030491902317,667900
2012-05-17,17.748685836791992,17.971527635527046,17.722469816409887,17.958419000281864,899000
2012-05-18,17.840438842773438,18.030510250867692,17.788005566421216,17.97152265870795,743800
2012-05-21,18.286123275756836,18.292677591908067,17.93219895434631,17.971523601145705,420300
2012-05-22,18.18126106262207,18.508969447853413,18.089503114791942,18.33856093752012,618500
2012-05-23,17.93874740600586,17.97151772594083,17.604484892217325,17.958409097923813,641000
2012-05-24,17.78801155090332,18.00429904488607,17.67003632689303,17.932204046964046,798400
2012-05-25,17.83388900756836,17.92564820181935,17.69625209135422,17.722469361171143,376800
2012-05-29,17.89286994934082,18.004290804341295,17.676582554352578,17.905978579366234,450200
2012-05-30,17.270227432250977,17.519285186918744,17.25056448447144,17.519285186918744,601200
2012-05-31,17.32921600341797,17.440636880240593,17.086711300883554,17.375094967384694,640800
2012-06-01,16.92940902709961,17.178466760029302,16.80487953558085,17.021166941846154,1421500
2012-06-04,17.270227432250977,17.309552077702108,17.119481916265013,17.263673116324462,1098000
2012-06-05,17.244014739990234,17.283340645974736,17.13259383991736,17.145702475245525,562000
2012-06-06,17.866655349731445,17.89287136174391,17.420971894548796,17.44063484113904,483000
2012-06-07,17.755229949951172,18.10915414740241,17.72901269452865,18.089492455943063,621000
2012-06-08,17.840438842773438,17.86010179019599,17.506176237237554,17.552056447890177,164600
2012-06-11,17.55205535888672,18.096051036079707,17.53239241268414,18.082942405277986,400100
2012-06-12,17.81422233581543,17.833884032585015,17.46685110829414,17.742126114039266,193500
2012-06-13,17.73556900024414,17.919086058489736,17.643811096175185,17.715907306576614,296900
2012-06-14,17.971525192260742,18.056728809554293,17.71591309027199,17.78145375737099,403400
2012-06-15,18.29619026184082,18.323246246379753,18.11356752660441,18.160914209447196,497100
2012-06-18,17.985048294067383,18.120325592287568,17.924173638878294,18.005340275830388,483100
2012-06-19,18.485578536987305,18.600563892655003,18.194733149704277,18.22855313084205,260100
2012-06-20,18.566741943359375,18.71554596395102,18.384117947564988,18.49910328305403,768900
2012-06-21,18.0932674407959,18.715540615597355,18.045920779142488,18.715540615597355,383500
2012-06-22,18.323240280151367,18.42469760893616,18.16767229000802,18.41793361500385,296100
2012-06-25,17.680679321289062,17.76860997356294,17.592749959115427,17.76860997356294,391200
2012-06-26,17.741552352905273,17.78889902740336,17.538637665027718,17.71449766323499,196300
2012-06-27,17.957998275756836,17.97829026425149,17.714500864322748,17.768611543541475,206800
2012-06-28,17.937702178955078,17.95799287124283,17.64009288776835,17.73478622537778,249700
2012-06-29,19.08755111694336,19.10784309617167,18.80346985824584,18.857580512754904,498000
2012-07-02,19.249887466430664,19.2566514610479,19.06050077754832,19.161958116606726,484000
2012-07-03,19.418983459472656,19.446039437938687,19.209304786761162,19.21606878137767,349300
2012-07-05,18.756126403808594,18.837293044500257,18.59379441252525,18.769654392273868,567500
2012-07-06,18.309715270996094,18.458520581515398,18.181201945574916,18.41117261628644,287500
2012-07-09,18.29619026184082,18.29619026184082,18.160914209447196,18.269135567402234,121200
2012-07-10,18.12708854675293,18.47880849490872,18.100033860794763,18.438225820921495,352500
2012-07-11,18.28942108154297,18.36382243248704,18.16090778067609,18.248837119100862,172500
2012-07-12,18.13385772705078,18.174441702744968,17.910651021134015,18.05945635181207,532400
2012-07-13,18.384117126464844,18.431463799533873,18.10679979268904,18.10679979268904,300100
2012-07-16,18.350292205810547,18.424694837775526,18.14737757876027,18.28265485686028,597000
2012-07-17,18.51938819885254,18.546444170571558,18.167669597203503,18.50586150309277,570000
2012-07-18,18.681726455688477,18.695253155073416,18.37735314277589,18.37735314277589,632400
2012-07-19,18.803470611572266,18.83729057830772,18.66819461492991,18.74935995489536,299300
2012-07-20,18.086502075195312,18.24207003456547,18.05944739491774,18.19472337650496,559000
2012-07-23,17.619800567626953,17.68067522352324,17.362775246142583,17.470996569935995,476500
2012-07-24,17.227497100830078,17.545398352708176,17.105749085112805,17.545398352708176,443800
2012-07-25,17.45746612548828,17.572451427101637,17.342480823874926,17.558923441006005,518200
2012-07-26,18.377351760864258,18.41793443616757,18.167673100013836,18.215019769551027,1111600
2012-07-27,19.067258834838867,19.175480134815633,18.66142831487617,18.688482994820532,1008300
2012-07-30,19.019922256469727,19.087559637223116,18.911699609043552,18.911699609043552,400900
2012-07-31,18.9522762298584,19.11460820284286,18.9522762298584,19.01991487446022,637400
2012-08-01,18.959043502807617,19.134903493152148,18.938751518887074,19.121375503871786,481400
2012-08-02,18.29619026184082,18.68849300695292,18.11356752660441,18.492342279447048,711700
2012-08-03,19.50014305114746,19.567781682746123,19.060493880905554,19.080784567315437,412700
2012-08-06,19.75041389465332,19.85187123960562,19.669247244631396,19.716593919602463,341000
2012-08-07,20.129188537597656,20.24417387230225,20.07507786774256,20.11566054760885,610000
2012-08-08,20.000673294067383,20.04125597004023,19.838341300076003,19.838341300076003,605300
2012-08-09,19.899219512939453,19.980386169480916,19.77747017317738,19.784234168730855,148200
2012-08-10,19.878923416137695,19.905979392757537,19.574551419764322,19.682772746043742,140600
2012-08-13,19.865400314331055,20.00067635162052,19.7504149730799,19.905982996507873,146200
2012-08-14,19.91274642944336,19.960093105662352,19.838343772470555,19.953329110473902,192600
2012-08-15,19.85863494873047,19.919509612845523,19.818050979253687,19.824814974166483,212500
2012-08-16,20.250934600830078,20.311809255860524,19.966853307387975,19.993907992901548,453300
2012-08-17,20.29151725769043,20.332099930977833,20.16300395383041,20.298281251588318,1744800
2012-08-20,20.311809539794922,20.332100231688763,20.095365602161092,20.244170889915598,306400
2012-08-21,20.541780471801758,20.717639157886232,20.474141820946212,20.5553071698929,462300
2012-08-22,20.5214900970459,20.575600763949048,20.325338123209438,20.35239410171104,397000
2012-08-23,20.244171142578125,20.365920455860444,20.135949817460496,20.27122582880755,267000
2012-08-24,20.244171142578125,20.386211148007526,20.00067251601348,20.06154717265464,330200
2012-08-27,20.365921020507812,20.50796102987529,20.359157026237934,20.392975707487334,296600
2012-08-28,20.420034408569336,20.474145079846657,20.325339766258896,20.365923737292015,561100
2012-08-29,20.311809539794922,20.359156207680467,20.230642901919744,20.345628219684617,139700
2012-08-30,19.99390983581543,20.244172472908236,19.933035175173938,20.21035250027405,775500
2012-08-31,20.34562873840332,20.5214887165332,20.196824736954948,20.42679537834787,895000
2012-09-04,20.420034408569336,20.562074436884743,20.33886775660327,20.555310441712557,325600
2012-09-05,20.440326690673828,20.582368020115414,20.372689313901923,20.555312037326438,927000
2012-09-06,21.224925994873047,21.285800648451545,20.751458043829032,20.751458043829032,2022600
2012-09-07,21.66457748413086,21.691633461867532,21.549593449050075,21.651049495262523,838400
2012-09-10,21.38726043701172,21.583411105885123,21.353440466447363,21.515772454856375,472500
2012-09-11,21.853965759277344,21.921603120358636,21.502245805214763,21.53606448575541,583800
2012-09-12,21.982473373413086,22.117750648673972,21.908070743009624,22.117750648673972,482700
2012-09-13,22.286846160888672,22.381539477655522,21.705155694807303,21.847195669957582,1492100
2012-09-14,22.597984313964844,22.827954926057558,22.516818974461422,22.58445632734767,1363100
2012-09-17,22.483001708984375,22.67238837311091,22.43565246275296,22.59122302851379,860100
2012-09-18,22.158340454101562,22.253036388945922,22.097465786087533,22.21245241686977,411200
2012-09-19,22.293621063232422,22.368023732893214,22.090706333376215,22.19216498840471,1350500
2012-09-20,22.070409774780273,22.08393776387246,21.79985515333678,21.874257803243744,510500
2012-09-21,22.208965301513672,22.358381651434513,22.20217211829347,22.324423507854334,290800
2012-09-24,22.052751541137695,22.127460997197392,21.916916402014586,21.978042085077995,358000
2012-09-25,21.82862091064453,22.24970746652903,21.81503713905606,22.113874932323366,551400
2012-09-26,21.4550838470459,21.611293389294296,21.373582484113566,21.58412713193033,481100
2012-09-27,21.719959259033203,21.815043095273964,21.414332087365,21.56374972937478,278600
2012-09-28,21.074735641479492,21.414322092899543,21.00681809211158,21.380362670505836,656000
2012-10-01,21.312454223632812,21.59770701647318,21.264912307396095,21.40074746414677,465100
2012-10-02,21.489032745361328,21.740326023376426,21.407532712920627,21.699577302575733,262500
2012-10-03,21.414325714111328,21.55015954039746,21.380366285975,21.516201407680857,348500
2012-10-04,21.67920684814453,21.685998735047413,21.482246014220923,21.58412302234415,216500
2012-10-05,21.86258316040039,22.10708591334787,21.81504124630949,21.971250762728157,1137200
2012-10-08,21.658824920654297,21.68599246040514,21.56374112236554,21.64524244619847,168500
2012-10-09,21.122278213500977,21.502614688547926,21.122278213500977,21.4550727910945,242500
2012-10-10,21.067951202392578,21.24453637498636,21.013617402780643,21.196993166833447,157700
2012-10-11,21.312454223632812,21.543373212856924,21.312454223632812,21.44828938038349,255700
2012-10-12,21.35320281982422,21.577329893034307,21.271701477102415,21.461870413173358,326900
2012-10-15,21.59091567993164,21.59770627165694,21.35999669867098,21.529789991043817,373700
2012-10-16,22.229337692260742,22.25650524104453,21.99841870927869,22.02558625806247,611800
2012-10-17,22.53496742248535,22.562134972816498,22.338006568844847,22.378757894341565,695900
2012-10-18,22.433086395263672,22.58929589549207,22.338002576936795,22.39912825883832,592200
2012-10-19,21.964454650878906,22.24970606373375,21.93728710941482,22.24970606373375,2227000
2012-10-22,22.113876342773438,22.181792614208053,21.950873664154805,22.161418250945605,255000
2012-10-23,21.522994995117188,21.563745016683132,21.326034182612105,21.47545308738695,457000
2012-10-24,21.4550838470459,21.62487716568639,21.43470818245776,21.597709612902204,331700
2012-10-25,21.48224449157715,21.685997197961814,21.40753633178066,21.679205311540336,1811400
2012-10-26,21.570541381835938,21.65883332946539,21.461873771482715,21.529791351808502,777500
2012-10-31,21.67920684814453,21.937292073354122,21.611289274535704,21.937292073354122,462200
2012-11-01,21.937294006347656,22.01879406552361,21.84900076425027,21.882961497177075,384100
2012-11-02,21.67920684814453,21.944085255676974,21.66562307433877,21.944085255676974,420500
2012-11-05,21.5297908782959,21.584124682277523,21.427913862337785,21.556957132576674,186200
2012-11-06,21.76070785522461,21.815040358757958,21.61128893653808,21.624872710131395,157400
2012-11-07,21.251323699951172,21.359991275847925,21.09511292610736,21.326031848742886,344300
2012-11-08,21.00682830810547,21.292081117838602,21.00003642032371,21.156245953043726,338500
2012-11-09,21.00003433227539,21.149451962356945,20.79628290076236,20.83024104087453,387300
2012-11-12,21.061159133911133,21.0951172725933,20.959283422444685,21.027199699809014,3932200
2012-11-13,20.979658126831055,21.190202735409876,20.775906700602487,20.78949047446305,909900
2012-11-14,20.8166561126709,21.169826450107166,20.77590608771131,21.163034563377245,484600
2012-11-15,20.91173553466797,21.11548689937964,20.85060986617055,20.98644367750514,1416800
2012-11-16,20.7419490814209,20.891366711373436,20.558572015965506,20.85061668419002,339600
2012-11-19,21.35999298095703,21.35999298095703,21.04078081778627,21.05436458971264,1384500
2012-11-20,21.46187400817871,21.51620781395455,21.237746897425858,21.29887259085119,190400
2012-11-21,21.550167083740234,21.604500892357443,21.49583327512303,21.509417051132374,204600
2012-11-23,22.14103889465332,22.14103889465332,21.957664463507115,21.96445505357796,153300
2012-11-26,22.120670318603516,22.120670318603516,21.944086431347902,22.02558648770895,507200
2012-11-27,21.88974952697754,22.032375261550605,21.855791388865836,21.90333330039019,880700
2012-11-28,22.134246826171875,22.154621185862947,21.685992777093713,21.72674279189547,435800
2012-11-29,22.35837745666504,22.426296321923072,22.215751725882864,22.344796274453227,518600
2012-11-30,22.426298141479492,22.548549518023016,22.371963044864593,22.426298141479492,211000
2012-12-03,22.49421501159668,22.670801489388264,22.45346627890637,22.63684334853298,545800
2012-12-04,22.657215118408203,22.725131392335705,22.582505662584087,22.67079889136166,309600
2012-12-05,22.7115478515625,22.806634263208757,22.528170801075852,22.609673439629788,251300
2012-12-06,22.670799255371094,22.677589846536964,22.507796568152184,22.650422300193842,167700
2012-12-07,22.514585494995117,22.541750445364357,22.358373428465505,22.514585494995117,316900
2012-12-10,22.4874210357666,22.514588580698575,22.331211538667258,22.35837649275955,1252300
2012-12-11,22.81342124938965,22.854172562227152,22.704753672662374,22.711544262715595,890700
2012-12-12,22.93567657470703,23.10546985471744,22.84738334366646,22.881341481500574,1147100
2012-12-13,22.881336212158203,23.023964503559363,22.80662936246333,22.915296933011344,285200
2012-12-14,23.091882705688477,23.153008381190055,22.908505679183744,22.942463812053628,391300
2012-12-17,23.19375991821289,23.19375991821289,23.01717348024796,23.01717348024796,477600
2012-12-18,23.451852798461914,23.479020351775393,23.214143184070167,23.241310737383646,577900
2012-12-19,23.438262939453125,23.635223763602767,23.438262939453125,23.635223763602767,711900
2012-12-20,23.628437042236328,23.64202081759271,23.472227511898296,23.56731134855273,340700
2012-12-21,23.465267181396484,23.472095892665806,23.2536240110723,23.260450117951358,322300
2012-12-24,23.3082332611084,23.581324328380408,23.14438070425674,23.478914527056045,190700
2012-12-26,23.356019973754883,23.513046400126942,23.24678408565306,23.458429758270537,373800
2012-12-27,23.59497833251953,23.67007589927239,23.417468363567163,23.64276887699378,410700
2012-12-28,23.123903274536133,23.280929768057916,23.110248457135526,23.226313102845616,821700
2012-12-31,23.66325569152832,23.67691050826499,23.212657156778224,23.2672764237249,562000
2013-01-02,23.909034729003906,23.997789726483802,23.731524734044115,23.984134911149223,821300
2013-01-03,23.540361404418945,23.738352310734463,23.519880484589617,23.64959731749137,392900
2013-01-04,23.74517059326172,23.806615936896726,23.540353649274607,23.560834562356693,413400
2013-01-07,23.649593353271484,23.690557790453155,23.499393021327858,23.574493187299673,611100
2013-01-08,23.581329345703125,23.69739138113474,23.50622915600503,23.663255641560145,509800
2013-01-09,23.622282028198242,23.670072565942405,23.533529660609926,23.560836679043035,828400
2013-01-10,24.100194931030273,24.141159373627904,23.874897007717077,23.97730420762689,549000
2013-01-11,24.298181533813477,24.332317261080703,24.12750029308829,24.236736182976845,706400
2013-01-14,24.35280418395996,24.35280418395996,24.182122901130786,24.298187527737266,529300
2013-01-15,24.16846466064453,24.216255199562397,24.018264335823215,24.059228771062404,789500
2013-01-16,24.00461196899414,24.107021765328234,23.93634050769762,23.963647529582644,673200
2013-01-17,24.311838150024414,24.407419235222306,24.236737981829144,24.332319067027036,928700
2013-01-18,24.25722312927246,24.284532759631563,24.079715740717692,24.250397023877536,632500
2013-01-22,24.318668365478516,24.32549707522666,24.127506162765357,24.264051709441762,700700
2013-01-23,24.195775985717773,24.250395242423604,24.05923305273221,24.127504519224992,1262500
2013-01-24,24.36646270751953,24.421081976444594,24.257226774059493,24.257226774059493,2047300
2013-01-25,24.817058563232422,24.837542089049666,24.67368690446073,24.77609672037754,1073300
2013-01-28,24.79656982421875,24.85801517351907,24.72829837139128,24.85801517351907,936500
2013-01-29,24.817058563232422,24.885332641973562,24.7078226416364,24.728306167453646,1163500
2013-01-30,24.80339813232422,24.919460121137895,24.782914613294967,24.851188669410902,780100
2013-01-31,24.537132263183594,24.81022326821975,24.516651349341977,24.68050647324144,848600
2013-02-01,24.85118865966797,24.93311492258603,24.63954299237496,24.755604981143133,630500
2013-02-04,23.74517059326172,24.270869065608174,23.67689914672893,24.23673334234178,1153000
2013-02-05,24.066055297851562,24.18211729315288,23.99778384230833,24.0524004858651,985500
2013-02-06,23.786144256591797,23.820279993108244,23.601808154135277,23.635943890651724,631200
2013-02-07,23.4038143157959,23.779315183789947,23.23313305012203,23.765660370009307,1083400
2013-02-08,23.59497833251953,23.629114063659802,23.478913721375392,23.478913721375392,452000
2013-02-11,23.53353500366211,23.635942205911995,23.431125197022656,23.608635181279098,715600
2013-02-12,23.85440444946289,23.956814214974923,23.670068434174347,23.704206758937374,456900
2013-02-13,23.956825256347656,24.093370805166167,23.88855378413326,23.990960992454852,734100
2013-02-14,23.642772674560547,23.690563226711046,23.499398413719284,23.547191570259546,901400
2013-02-15,23.410640716552734,23.6427673191567,23.301404821467877,23.6427673191567,690300
2013-02-19,23.915857315063477,23.92268602392073,23.738349950615063,23.77931439059055,821200
2013-02-20,23.376506805419922,23.854412255834884,23.36967809647721,23.82027652428944,441000
2013-02-21,22.830322265625,23.0010035096681,22.7279150818326,22.9668677817373,971400
2013-02-22,23.4038143157959,23.4038143157959,23.01466123841064,23.144380667132012,664400
2013-02-25,22.488956451416016,24.05922574788056,22.46164943574355,24.01826131778879,1242500
2013-02-26,22.611848831176758,22.898594654522103,22.407031874152313,22.775703959429656,795100
2013-02-27,23.110246658325195,23.17852074001404,22.618686292115115,22.63916721442681,492900
2013-02-28,22.99418067932129,23.219478599249577,22.96004494653088,22.96687105133317,681500
2013-03-01,22.850807189941406,22.89859773285879,22.543580410908742,22.666471122521806,549600
2013-03-04,23.0283203125,23.03514902284837,22.748403089184908,22.768884011450186,886500
2013-03-05,23.356019973754883,23.478910673418063,23.27409370877577,23.308229435484648,827600
2013-03-06,23.451602935791016,23.567667541199548,23.315060017977515,23.54035791588116,363700
2013-03-07,23.676898956298828,23.71786338652228,23.540353459942725,23.58814399300905,800800
2013-03-08,23.74517059326172,23.806615936896726,23.533527546376824,23.779308920916854,1977200
2013-03-11,23.76565170288086,23.772477805087046,23.615451410459993,23.66324193906873,750900
2013-03-12,23.65641975402832,23.861236711178876,23.554009973258587,23.8271009857186,646900
2013-03-13,23.53353500366211,23.6018064718287,23.349198914344832,23.53353500366211,663800
2013-03-14,23.86123275756836,23.90902328617203,23.683722847564617,23.758822993767087,556800
2013-03-15,23.833881378173828,23.922814501679117,23.744948254668536,23.922814501679117,1754400
2013-03-18,23.327646255493164,23.580763369043094,23.204508905554334,23.204508905554334,1258700
2013-03-19,23.129257202148438,23.443940334516654,22.917186773144216,23.368689452946903,1459500
2013-03-20,23.50550651550293,23.580757389117554,23.41657342762969,23.52602853208309,731800
2013-03-21,23.170307159423828,23.368695423409193,23.040329991441943,23.129263111438224,1329100
2013-03-22,23.457622528076172,23.56023523134329,23.300280962040606,23.3755292339235,1004100
2013-03-25,22.8145694732666,23.430256078294292,22.67091013529867,23.396051846818438,1478200
2013-03-26,22.80089569091797,22.95823728357888,22.677758338467466,22.835099931128383,882100
2013-03-27,22.42464256286621,22.48621124277908,22.171528038609473,22.260461156176156,1054000
2013-03-28,22.602510452270508,22.725647821108637,22.513577328194835,22.65039691686127,894500
2013-04-01,22.4725284576416,22.657234492725603,22.438324216244492,22.623030251328494,587600
2013-04-02,22.862451553344727,23.095043936425512,22.7666786796553,22.807725315357235,645100
2013-04-03,22.698286056518555,23.01981173633503,22.68460383507776,22.97192526610069,775700
2013-04-04,22.821413040161133,22.869299488573635,22.55461636768697,22.657229067307032,880000
2013-04-05,22.629873275756836,22.64355288499158,22.369916336817763,22.43148501683974,732600
2013-04-08,22.72563934326172,22.72563934326172,22.56829778835772,22.684592699089343,891400
2013-04-09,22.828258514404297,22.951395872233164,22.61619065006731,22.794054272699917,1701400
2013-04-10,23.313974380493164,23.423429549009313,23.13610810064376,23.16347254517706,1186900
2013-04-11,23.4849910736084,23.656014885296372,23.382375742749108,23.443944419341427,1107300
2013-04-12,23.355010986328125,23.355010986328125,23.115578697094556,23.231873634831935,1031900
2013-04-15,22.787202835083008,23.12925029674049,22.773520623462904,23.10872567450282,957900
2013-04-16,23.231874465942383,23.245556684333238,23.033486213699465,23.238716879945972,445300
2013-04-17,22.43148422241211,22.828258116577846,22.294664648362563,22.828258116577846,1688500
2013-04-18,22.41095542907715,22.55461739044485,22.246774058393825,22.540935174618603,631700
2013-04-19,22.59566307067871,22.746164846090878,22.5546190298325,22.636709721140946,685200
2013-04-22,22.787202835083008,22.848771482565958,22.534085834533645,22.718791776982492,802300
2013-04-23,23.327646255493164,23.35501069094984,23.136100426528852,23.14294284020112,1905300
2013-04-24,23.66969108581543,23.731259753543114,23.4781452793808,23.512349514870426,700300
2013-04-25,23.580760955810547,23.73126011618791,23.546554110182303,23.580760955810547,578300
2013-04-26,23.6491641998291,23.676528626436003,23.498662463106495,23.539709103016847,1098000
2013-04-29,24.169078826904297,24.223805072676495,23.861235539387373,23.888597357465745,725600
2013-04-30,24.141719818115234,24.196446076171412,24.03910449603784,24.114355384279122,1293700
2013-05-01,23.963851928710938,24.2785376765449,23.922807890448667,24.11435369464823,1197600
2013-05-02,24.12803840637207,24.169085058495998,23.847559474232206,23.868081495486106,1207200
2013-05-03,24.552175521850586,24.59322217199397,24.367469510629373,24.374311923794608,663600
2013-05-06,24.449569702148438,24.483773948767222,24.29906788548569,24.456409507625498,788900
2013-05-07,24.593225479125977,24.709520422413448,24.51113477741621,24.688998399390094,645000
2013-05-08,24.94211196899414,24.95579418702758,24.798452594067445,24.798452594067445,1121400
2013-05-09,24.606908798217773,24.818976671254045,24.511135873670238,24.784772428146564,1841000
2013-05-10,24.709514617919922,24.730039245738205,24.483764588844746,24.627423935494015,1021300
2013-05-13,24.586374282836914,24.620581121812364,24.476919183115584,24.545330251451055,571200
2013-05-14,24.688993453979492,24.7368799045195,24.559016318173168,24.5658561212721,921600
2013-05-15,24.709514617919922,24.723196833260197,24.442717942823922,24.46323996102646,786000
2013-05-16,24.552175521850586,24.75056374978626,24.517971284872438,24.634266212521347,818800
2013-05-17,24.83949089050293,24.846330692410152,24.56585184113718,24.61373828333388,924800
2013-05-20,24.887392044067383,24.921596293052982,24.654799497501635,24.695843552437584,952400
2013-05-21,24.901063919067383,25.010519036112292,24.654789253312376,24.79844860513085,800600
2013-05-22,24.68215560913086,25.2157490201203,24.552175853396278,24.901065860286323,2494700
2013-05-23,24.675308227539062,24.723194672236456,24.3469429169217,24.394829361619095,1183000
2013-05-24,24.627426147460938,24.627426147460938,24.381151468447772,24.463242158246835,1070900
2013-05-28,24.887392044067383,25.1952355041716,24.87370982254976,25.140506618101107,1165300
2013-05-29,24.784770965576172,24.846339643383008,24.675315828321384,24.818975206665232,1337800
2013-05-30,25.024211883544922,25.13366704709214,24.914754110380763,24.928436332026283,905300
2013-05-31,24.48377799987793,24.812143519060093,24.463253360817237,24.72321037544289,1352700
2013-06-03,24.72319793701172,24.74371995613045,24.463241053172375,24.6000606030676,1651800
2013-06-04,24.545333862304688,24.777926309631017,24.43587874648146,24.68899321251971,2140100
2013-06-05,24.182754516601562,24.45639353001417,24.175914715593017,24.422189305741355,2041700
2013-06-06,24.34694480895996,24.381149042171092,24.032261688032424,24.278536342537702,2226800
2013-06-07,24.606908798217773,24.736885965872794,24.26486114791001,24.387998510790123,1126500
2013-06-10,24.600053787231445,24.66162243714493,24.47007668613193,24.654782635872383,490300
2013-06-11,24.292217254638672,24.408514785350206,24.107513863441522,24.155400314435724,1128900
2013-06-12,24.20329475402832,24.55218224208586,24.155408287228592,24.524817801166954,971900
2013-06-13,24.517974853515625,24.552179095472276,24.12804075405378,24.16224499601043,1177100
2013-06-14,24.251174926757812,24.517971632431813,24.155402018014946,24.35378763914687,756500
2013-06-17,24.6342716217041,24.818977673482987,24.483772424030494,24.736886964786788,1131100
2013-06-18,24.771085739135742,24.805289976071204,24.661630615172662,24.661630615172662,339900
2013-06-19,24.169078826904297,24.73003654655048,24.12803218536355,24.68215010289401,942200
2013-06-20,23.259231567382812,23.642325732660108,23.21134512292509,23.621801106738584,1343400
2013-06-21,23.110721588134766,23.334893260735733,22.844516724794694,23.327886392777316,2530200
2013-06-24,22.725421905517578,22.900556175458693,22.46622393425906,22.515261316055618,2218100
2013-06-25,22.94259262084961,22.998636877912503,22.669383548511163,22.963607881079565,2295500
2013-06-26,23.271841049194336,23.327882622117592,23.14574416969613,23.285852110509325,1716400
2013-06-27,23.404939651489258,23.552051771255737,23.348898084484304,23.397935457739795,1305900
2013-06-28,23.20879364013672,23.37692103870965,23.124727268513432,23.271842082685772,1386300
2013-07-01,23.432966232299805,23.580078380073317,23.390933044791545,23.50301887247664,758500
2013-07-02,23.040674209594727,23.306879164663737,22.93559520504452,23.20179748777548,777000
2013-07-03,22.97762680053711,23.033671076759443,22.718428703854244,22.774470307738405,634900
2013-07-05,23.061683654785156,23.208798499761457,22.879545156137546,23.159761108881817,599800
2013-07-08,23.432966232299805,23.55906312248765,23.334891467117462,23.425959364879965,902500
2013-07-09,23.411945343017578,23.594086460193097,23.34889957822981,23.587079593658952,726700
2013-07-10,23.55206298828125,23.72719731112878,23.369924468348405,23.397946601365053,947300
2013-07-11,24.19655990600586,24.27361943951827,23.916343906385787,24.035436641542557,742700
2013-07-12,24.021419525146484,24.056445848194052,23.825267305873233,23.979386334087113,608200
2013-07-15,24.126489639282227,24.16151862181046,24.028414901809985,24.105474387634224,430300
2013-07-16,24.13351058959961,24.161532723042097,24.000406791916667,24.07046212552288,290100
2013-07-17,24.168527603149414,24.315639738503428,24.091468102058254,24.315639738503428,386300
2013-07-18,24.476768493652344,24.490779558154053,24.25960367471911,24.273614739220818,646000
2013-07-19,24.553831100463867,24.567842166727797,24.364685714407273,24.392707846935135,484000
2013-07-22,24.679931640625,24.742980111881778,24.64490530600191,24.672927442635594,604400
2013-07-23,24.77098846435547,24.848047961048266,24.721951088703065,24.848047961048266,540800
2013-07-24,24.967153549194336,25.044213093980698,24.834052399687664,25.023197826252858,1138000
2013-07-25,25.149295806884766,25.16330420438467,24.81303547544387,24.834053416370377,702800
2013-07-26,25.198322296142578,25.198322296142578,24.911102169763677,25.03019220327673,474000
2013-07-29,25.072233200073242,25.079237397968665,24.92512099322733,25.01618892755785,483400
2013-07-30,25.11426544189453,25.226351322218097,25.030201699736402,25.19132498568039,340700
2013-07-31,25.26837158203125,25.457516909223198,25.051204131032314,25.07222206005596,823000
2013-08-01,25.625652313232422,25.66067863911283,25.436506946673376,25.52057066325383,1702000
2013-08-02,25.723722457885742,25.751741910137092,25.562599250008716,25.569603444987333,783700
2013-08-05,25.618650436401367,25.639665701556925,25.485549303186353,25.569613036146475,1005900
2013-08-06,25.50655746459961,25.709713878982576,25.401475823411964,25.695702815335082,1613000
2013-08-07,25.625652313232422,25.66067863911283,25.485544337373423,25.555596989134237,1306900
2013-08-08,25.989931106567383,26.031964303933165,25.821803661779363,25.84982579335655,1478500
2013-08-09,25.968910217285156,26.03896285871204,25.863828582807855,25.940888091779613,828600
2013-08-12,25.87784194946289,25.884848817631585,25.74474084996704,25.7657561097987,774500
2013-08-13,25.996931076049805,26.010942138119862,25.73773310859579,25.88484525182616,1281200
2013-08-14,26.01095199584961,26.066993593031867,25.94790352880841,25.982929861089552,1254800
2013-08-15,25.996931076049805,26.024953200189923,25.485539336008387,25.71671517932228,1566800
2013-08-16,26.123023986816406,26.186072420368244,26.003931313513405,26.038957627189664,1370000
2013-08-19,25.786775588989258,26.00394041317728,25.772764524148517,25.982925152084857,971100
2013-08-20,25.73773956298828,25.814796415192315,25.597631579488883,25.681695300653516,789700
2013-08-21,25.471538543701172,25.73073661566017,25.366456871976702,25.555602277678,781400
2013-08-22,25.87083625793457,25.90586257974139,25.751743556986913,25.772761487940652,943200
2013-08-23,26.038965225219727,26.07399422145369,25.884848865606582,25.94789731755562,946200
2013-08-26,25.856830596923828,25.9619122566357,25.842819530806405,25.933890124400854,634800
2013-08-27,25.156293869018555,25.450520919171126,25.142282802598174,25.310412927305027,1286700
2013-08-28,25.100248336791992,25.184312049784793,24.918107174247453,24.967144562854696,685300
2013-08-29,25.002172470092773,25.100249925853653,24.904097686669317,24.93211981688671,582600
2013-08-30,24.70795249938965,24.890091033412528,24.62388876617431,24.876079965820324,567500
2013-09-03,24.94613265991211,25.100251714754457,24.785009408184937,25.06522271331748,972700
2013-09-04,25.07923126220703,25.13527552101091,24.679925271410095,24.721958465513005,692100
2013-09-05,25.0231876373291,25.065218155670824,24.897090737629686,24.925112864748915,999400
2013-09-06,25.310415267944336,25.387474804213834,25.016188190582433,25.261377867107004,1113500
2013-09-09,25.604633331298828,25.660677588282304,25.394472712285296,25.415487972485472,718800
2013-09-10,26.003936767578125,26.0389630886008,25.884846741633623,25.940888320802507,1887400
2013-09-11,26.256135940551758,26.263142809595795,26.031964233218314,26.05297949567534,1026600
2013-09-12,26.11602783203125,26.277151078895038,26.095012569673482,26.130038897715604,1343800
2013-09-13,26.263139724731445,26.26313972473144,26.01094591551958,26.144047016009296,2113800
2013-09-16,26.480302810668945,26.634421833434,26.466291747477843,26.634421833434,900000
2013-09-17,26.599397659301758,26.613408723624133,26.501322881382396,26.501322881382396,811100
2013-09-18,27.412031173706055,27.461068581431427,26.529352489972773,26.613418908077666,1477000
2013-09-19,27.285926818847656,27.405016870357834,27.20186309587944,27.405016870357834,1245900
2013-09-20,27.098430633544922,27.295049640237117,27.08438603610504,27.25993948600395,1980200
2013-09-23,27.014169692993164,27.140568409772833,26.87372637671204,27.077369051383,692500
2013-09-24,27.077363967895508,27.203762660945163,27.021185580436573,27.133539676621492,1166900
2013-09-25,27.182703018188477,27.27399158729726,27.05630428518672,27.08439348779462,825200
2013-09-26,27.168655395507812,27.252922993960272,27.056301276304705,27.14056887475716,581300
2013-09-27,27.175678253173828,27.245898571131175,27.11949985582121,27.16865461413804,818900
2013-09-30,26.972026824951172,27.028205204066623,26.803494366337382,26.85967274545283,971300
2013-10-01,27.30208396911621,27.372304305079027,27.04226283283876,27.112485847535684,1589400
2013-10-02,27.365266799926758,27.372287757785035,27.13353500961626,27.316112058721348,1650200
2013-10-03,27.168655395507812,27.288033153948714,27.119500635777296,27.281009514710924,1445000
2013-10-04,27.330169677734375,27.449547459776777,27.266972984501024,27.31612775394965,721900
2013-10-07,27.231853485107422,27.344207599071247,27.11247841096671,27.133543970230747,656900
2013-10-08,27.021188735961914,27.295051709973475,27.007144137457054,27.288030750087678,974500
2013-10-09,27.105445861816406,27.182689792037024,26.929892449035904,27.119490456286744,1024800
2013-10-10,27.77256202697754,27.814695829596353,27.519764568732086,27.547853770477964,2433500
2013-10-11,27.800649642944336,27.821715203685283,27.695316481772473,27.723405681916113,1164200
2013-10-14,27.92002296447754,27.955135801809224,27.723403933340393,27.751493131712383,863200
2013-10-15,27.8287296295166,27.927039118737337,27.821705992439302,27.849795183283135,982100
2013-10-16,28.10260009765625,28.165799454677117,27.976201383614512,27.99726694304367,1518700
2013-10-17,28.43263816833496,28.467748322869515,28.186861729126914,28.20792728610103,1079500
2013-10-18,28.594152450561523,28.622238972281327,28.45370912702813,28.50988484920133,2031900
2013-10-21,28.55201530456543,28.566059903146584,28.48179499039294,28.495839588974093,14925000
2013-10-22,28.882057189941406,28.994411301862907,28.77672403806917,28.77672403806917,2142000
2013-10-23,28.6573543548584,28.706509120646338,28.559042144548688,28.671398956331213,1098000
2013-10-24,28.889076232910156,28.903120830810007,28.79076672634433,28.875031635010302,1027400
2013-10-25,28.868019104003906,28.8961083080048,28.762685928367524,28.868019104003906,930900
2013-10-28,28.685440063476562,28.769707669917533,28.594154174599478,28.671398141136823,1363700
2013-10-29,28.875030517578125,28.931208907003494,28.79778657148476,28.882054155622818,3894600
2013-10-30,28.699478149414062,28.89609984107368,28.5941476833748,28.868010645303286,1578500
2013-10-31,28.671396255493164,28.818860538965883,28.57308405444444,28.727571977358856,1169100
2013-11-01,28.474777221679688,28.58011039338565,28.285179119849257,28.537976588956496,2121500
2013-11-04,28.573081970214844,28.587126569340192,28.467751494874783,28.53095085157217,2139200
2013-11-05,28.172822952270508,28.229001354119116,27.997269464594066,28.13771279048195,1513600
2013-11-06,28.50285530090332,28.622230348763672,28.418590403664677,28.474766108912846,3823800
2013-11-07,27.91300392150879,28.43966437285801,27.884914721207437,28.397530572405984,5079300
2013-11-08,27.997272491455078,28.01131709343563,27.751498653630232,27.779587857591338,9783800
2013-11-11,28.25006866455078,28.250068664550785,28.10962532996734,28.151759133962514,874800
2013-11-12,28.095582962036133,28.257094550823094,27.99025246177587,28.15176137182882,831200
2013-11-13,28.221981048583984,28.236025650705326,27.77958813606455,27.807674661573277,958000
2013-11-14,28.320283889770508,28.390504198401207,28.095573008939528,28.15175139883054,1606000
2013-11-15,28.418601989746094,28.453712154681988,28.341358019646805,28.404557388024962,1546600
2013-11-18,28.573081970214844,28.825879397004396,28.53095085157217,28.783748278361728,1373900
2013-11-19,28.404550552368164,28.559035776655445,28.34837215900317,28.481794503878422,2441900
2013-11-20,28.08152961730957,28.54499059466939,27.99024107789134,28.43263649951346,2073300
2013-11-21,28.369434356689453,28.383476273308272,28.19388093289492,28.250056635568185,967100
2013-11-22,28.622241973876953,28.636286575576502,28.467756712649688,28.50286687753162,997800
2013-11-25,28.58712387084961,28.66436781938088,28.552013715717155,28.636278623781667,1710600
2013-11-26,28.74161720275879,28.76970640366948,28.587129276483616,28.650328639165856,983400
2013-11-27,28.86098289489746,28.973336983237747,28.804807190093697,28.87502749078159,1641700
2013-11-29,28.910146713256836,29.106768438602675,28.896104791699052,29.050590037437118,736200
2013-12-02,28.692461013793945,28.832904332630203,28.67841641403697,28.78374957284754,2638800
2013-12-03,28.306241989135742,28.509881975059507,28.228998035042824,28.411572462117004,2019500
2013-12-04,28.060457229614258,28.12365656620615,27.83574907256143,27.870859219838582,3400600
2013-12-05,27.821720123291016,28.123672381394247,27.79363359691451,28.02536284224139,1497500
2013-12-06,28.292203903198242,28.306248505242145,28.018340860176963,28.095582153317526,1719700
2013-12-09,28.341354370117188,28.362419930619325,28.26411040996464,28.292199609789847,1763500
2013-12-10,28.144737243652344,28.27815693379906,28.102603441047936,28.200912968391172,1106600
2013-12-11,27.934057235717773,28.306232279710397,27.92001264172443,28.29920864334752,993500
2013-12-12,27.730436325073242,27.9130108146518,27.688302514216236,27.835766834114402,1037500
2013-12-13,27.77256202697754,27.84278503134223,27.632118696981877,27.828740430469292,711500
2013-12-16,28.25006866455078,28.348378195139052,28.13771453263079,28.250068664550785,950000
2013-12-17,27.976198196411133,28.109617855484885,27.92001980602234,28.109617855484885,980900
2013-12-18,28.50285530090332,28.587120198141967,27.962150409384172,28.243036971823372,2713200
2013-12-19,28.61521339416504,28.63627895173914,28.41859438018502,28.460725495333218,1033100
2013-12-20,28.81133460998535,28.83249780452463,28.649077172503574,28.677296559321842,1030700
2013-12-23,29.11469268798828,29.11469268798828,28.924215821833396,28.973598414042133,1933900
2013-12-24,29.19228172302246,29.192281723022464,29.04413132096886,29.065297201918373,767200
2013-12-26,29.418048858642578,29.44626825590503,29.276954563480174,29.32633716311454,712700
2013-12-27,29.54502296447754,29.63673193629218,29.46742099513524,29.523857078471256,914200
2013-12-30,29.700220108032227,29.714329799703773,29.5661820738753,29.594401457218396,1050500
2013-12-31,29.770763397216797,29.93302078654365,29.693161452071767,29.71432464033021,761200
2014-01-02,28.8959903717041,29.093523390282073,28.79017170678803,29.08646719793168,1902600
2014-01-03,28.80428123474121,28.959482480622285,28.79017154127041,28.888936704417148,1547900
2014-01-06,28.874832153320312,29.015926422007198,28.874832153320312,28.994760532457097,1388900
2014-01-07,29.24872398376465,29.26988986919421,29.093522740457836,29.135849129019324,1327400
2014-01-08,29.178178787231445,29.269890449514353,29.114686511981567,29.22756136896481,1457600
2014-01-09,29.135852813720703,29.269893570847216,28.903049573744322,29.23461798771972,1895300
2014-01-10,29.439205169677734,29.453314865006064,29.220508928812475,29.26283801479746,1782500
2014-01-13,29.171127319335938,29.382770065211577,29.10058153147693,29.27694869227376,2334400
2014-01-14,29.552066802978516,29.580286180993987,29.227552029244617,29.326317161150758,2004100
2014-01-15,29.897756576538086,29.911866269850186,29.5661855115758,29.5944048982,2288900
2014-01-16,29.763715744018555,29.79193513055588,29.573238921614838,29.763715744018555,1390100
2014-01-17,29.432157516479492,29.615578209899514,29.396881925573943,29.54503241038791,1027700
2014-01-21,29.664962768554688,29.74961827179404,29.495651762075976,29.728455068771687,2453100
2014-01-22,29.573238372802734,29.643786837836828,29.48858290591059,29.622623643900987,1670300
2014-01-23,29.537973403930664,29.63673859030503,29.389825624369116,29.63673859030503,1393100
2014-01-24,28.458593368530273,29.037077200683267,28.451539869130052,29.030023701283046,3132100
2014-01-27,28.423337936401367,28.649087731855673,28.28224364145497,28.6067586360268,1945500
2014-01-28,28.81133460998535,28.83249780452463,28.60674809227617,28.627913977964294,1948400
2014-01-29,28.30340003967285,28.50798658360515,28.183471667046522,28.254017451985636,2797000
2014-01-30,28.465662002563477,28.543263992966317,28.28929482115689,28.529154295515834,2771700
2014-01-31,28.049428939819336,28.19052319094614,27.788406324481592,27.823679214476044,3403000
2014-02-03,27.470943450927734,28.000044845760964,27.407451175901794,27.95066226420177,2992600
2014-02-04,27.717863082885742,27.781355367149956,27.597932016542554,27.689643691846253,1909700
2014-02-05,27.767244338989258,27.802517230521126,27.633203583559382,27.717861752614816,4505100
2014-02-06,28.388051986694336,28.388051986694336,28.06353445013932,28.070590641775624,3458500
2014-02-07,28.82544708251953,28.853666472058492,28.430383702421366,28.54325856942811,4306500
2014-02-10,28.64907455444336,28.69140093965397,28.5714725933591,28.69140093965397,920400
2014-02-11,29.107635498046875,29.171127784592358,28.747847668388705,28.76195736441541,1834200
2014-02-12,29.100576400756836,29.178178368409334,29.030030625335744,29.072357014128865,2460400
2014-02-13,29.382774353027344,29.410991057599016,28.96654768516107,28.96654768516107,2441300
2014-02-14,29.51681137084961,29.601466863780505,29.418046180571967,29.432155877918714,1090600
2014-02-18,29.62262725830078,29.67200984427567,29.502696198683836,29.65790014954726,877000
2014-02-19,29.418048858642578,29.777836754714354,29.389829461380128,29.60146955854881,1135900
2014-02-20,29.559141159057617,29.629686956303235,29.354554579435792,29.46037327530422,1581300
2014-02-21,29.6367244720459,29.79192837164116,29.594398092991344,29.629670972586208,1606100
2014-02-24,29.85542869567871,30.031795832440114,29.735500334432444,29.749607337162292,1243100
2014-02-25,29.89069366455078,30.017678184663335,29.763709144438224,29.968295614747145,1300500
2014-02-26,29.728437423706055,29.79192968623775,29.622618780252115,29.735493614625316,1242000
2014-02-27,29.784879684448242,29.798989376795497,29.481528026853873,29.5520737974415,940500
2014-02-28,29.883655548095703,30.07413242631525,29.742561265212753,29.848382650162367,1044900
2014-03-03,29.00886344909668,29.33338099858187,28.917154483359443,29.24166934169592,2085600
2014-03-04,29.714338302612305,29.763720892019542,29.636736321786852,29.74255769403052,1086400
2014-03-05,29.763715744018555,29.84131771142179,29.700223469883984,29.749606050749893,1496900
2014-03-06,30.074132919311523,30.151734910726734,30.01064062553087,30.074132919311523,1009000
2014-03-07,29.834260940551758,30.03179124236624,29.643784139024135,30.03179124236624,1467400
2014-03-10,29.728437423706055,29.806039376927945,29.460358682889076,29.728437423706055,898000
2014-03-11,29.54502296447754,29.876591345555255,29.523857078471256,29.67906101715586,1007300
2014-03-12,29.502689361572266,29.55912812740649,29.220500914698107,29.319268754907995,1077400
2014-03-13,28.726682662963867,29.629681622677737,28.62791748813881,29.594408730404382,2379200
2014-03-14,28.839548110961914,28.9876958247992,28.634961635006633,28.65612482522673,2188100
2014-03-17,29.326326370239258,29.382765143993172,29.135849545543074,29.171122433564843,985900
2014-03-18,29.608518600463867,29.756666363576674,29.474477841424395,29.495643729832793,802200
2014-03-19,29.199337005615234,29.714328621030297,28.980643521252425,29.63672666548927,1647300
2014-03-20,29.382774353027344,29.43921045332039,28.98771088637725,29.037093483314802,1475400
2014-03-21,29.295793533325195,29.628138660544742,29.225083066757005,29.515000295576804,659200
2014-03-24,29.295793533325195,29.472572397177057,29.012946272189655,29.45842976437714,1310100
2014-03-25,29.712987899780273,29.77662839039641,29.40185811089641,29.514996461166092,1175800
2014-03-26,29.72005844116211,29.960477777312402,29.70591580992608,29.953407810409935,1364200
2014-03-27,29.776634216308594,29.854417353105887,29.684708445781645,29.755421614429903,964200
2014-03-28,30.116044998168945,30.16554286038147,30.00997660918143,30.038261872568924,1346900
2014-03-31,30.16554069519043,30.40596002186521,30.094830239228255,30.342319532526854,1375900
2014-04-01,30.469602584838867,30.512030479762235,30.36353419624604,30.512030479762235,1576800
2014-04-02,30.40596580505371,30.42717840639078,30.335255335642465,30.39182317168516,1233600
2014-04-03,30.441301345825195,30.58272489058553,30.377660885554533,30.50494180609586,1048200
2014-04-04,30.377681732177734,30.688814283650515,30.349396464329008,30.554460610084867,2311100
2014-04-07,30.236248016357422,30.462527386324652,30.144324972623075,30.42716946457837,1633800
2014-04-08,30.264530181884766,30.391811134357862,30.094824043540925,30.116036636476295,1873900
2014-04-09,30.65345001220703,30.660522676422673,30.37060548449561,30.497886466066618,1773400
2014-04-10,29.974620819091797,30.582740483414568,29.953408220662766,30.582740483414568,4772800
2014-04-11,29.83319854736328,30.11604579384883,29.769558051775597,29.797843315910402,1616700
2014-04-14,29.995840072631836,30.045340642334043,29.79784858354993,29.946342200361357,964600
2014-04-15,29.811992645263672,30.0311994454065,29.408936981805333,29.96755893552193,1721700
2014-04-16,30.20090103149414,30.215043664564924,29.910983797121673,30.00290956336605,1465600
2014-04-17,30.342321395874023,30.45545975082002,30.17261251473946,30.2928235341746,1253900
2014-04-21,30.40596580505371,30.44132103975933,30.321112702273915,30.39182317168516,737400
2014-04-22,30.66758918762207,30.688804480447427,30.582736108612888,30.646376592227462,1763900
2014-04-23,30.547393798828125,30.660532184483966,30.45546801753529,30.660532184483966,1328800
2014-04-24,30.526187896728516,30.632256346068164,30.207987943575006,30.49790531467963,2392900
2014-04-25,30.257476806640625,30.42011306898827,30.130195784380398,30.405970433466923,1316300
2014-04-28,30.448387145996094,30.540310196942432,30.17260990086431,30.41302922147574,1215200
2014-04-29,30.695878982543945,30.83730260007874,30.660523752518035,30.68880901551122,1262900
2014-04-30,30.88680076599121,30.93629862800152,30.681736653416404,30.745377147062683,7122100
2014-05-01,30.95044708251953,30.97873235111294,30.70295502847474,30.70295502847474,1154300
2014-05-02,30.724170684814453,30.830236397121805,30.618102275075387,30.639317575482227,2132300
2014-05-05,30.759523391723633,30.78780865831797,30.349395118400203,30.533246653831906,1085500
2014-05-06,30.582727432250977,30.71000836337035,30.55444218146223,30.653437861792856,1985900
2014-05-07,30.823158264160156,30.844370861516488,30.58273893687477,30.738305177303843,1834800
2014-05-08,30.89386749267578,31.09186161738084,30.865584929801532,30.908010122828347,2002900
2014-05-09,30.68880271911621,30.809011016027508,30.56859172477432,30.809011016027508,1350000
2014-05-12,30.999937057495117,31.007007024126757,30.879726045309294,30.943366534718024,2102300
2014-05-13,30.87972640991211,30.964582195079657,30.837301214759364,30.964582195079657,1677700
2014-05-14,30.85144805908203,30.92923119072648,30.809020160703774,30.872660659555468,1405500
2014-05-15,30.49081039428711,30.653446586467414,30.328174202106798,30.653446586467414,2714200
2014-05-16,30.60394287109375,30.60394287109375,30.427164083349577,30.519089808257014,1506200
2014-05-19,30.611032485961914,30.65345769216081,30.48375147250177,30.49789410704531,1435000
2014-05-20,30.427175521850586,30.561529177399137,30.314037163059375,30.519101281315713,1377300
2014-05-21,30.717092514038086,30.731235145964234,30.554456293034253,30.554456293034253,1228200
2014-05-22,30.63222885131836,30.68172669726673,30.575661040561776,30.63222885131836,688600
2014-05-23,30.787811279296875,30.80902388233272,30.625175028681376,30.660530266218363,1678000
2014-05-27,31.16965103149414,31.240361499111238,31.06358263263706,31.16965103149414,1374800
2014-05-28,31.077722549438477,31.155505675477862,30.985796791625457,31.098935148383326,1317400
2014-05-29,31.176725387573242,31.190868022573603,31.063587005002198,31.120154847571815,1237500
2014-05-30,31.296926498413086,31.311069130141558,31.141362944262266,31.2050034383248,2388000
2014-06-02,31.25450325012207,31.275715850322296,31.1130796214474,31.275715850322296,1141200
2014-06-03,31.127216339111328,31.226212051142536,31.120143675434328,31.183784161373083,1773900
2014-06-04,31.12014389038086,31.148429150422526,31.02114817766589,31.04236347141257,1387200
2014-06-05,31.572711944580078,31.593924548948756,31.226224121111,31.41714565272475,3180600
2014-06-06,31.85553550720215,31.862608168938742,31.671686763502272,31.763609786637158,2481600
2014-06-09,31.784832000732422,31.798974629857362,31.57976792456682,31.636338441066584,1661800
2014-06-10,31.728256225585938,31.728256225585938,31.572692725856097,31.64340316233055,1670100
2014-06-11,31.4312801361084,31.523205893583977,31.346427043209275,31.487847965564086,1826800
2014-06-12,31.374713897705078,31.45956969963399,31.304003426862543,31.417141798669537,1538200
2014-06-13,31.325206756591797,31.445417758360378,31.19792578880424,31.339349386060498,883100
2014-06-16,31.304004669189453,31.39593044287815,31.212078895500753,31.28986203497337,1181100
2014-06-17,31.339365005493164,31.37472024807047,31.169658762149254,31.197941337751836,1067000
2014-06-18,31.714126586914062,31.721199251916175,31.388854130032083,31.424209362748588,1756100
2014-06-19,31.897991180419922,32.00405692202085,31.869705903686693,31.98991698108669,1392000
2014-06-20,31.73846435546875,31.832299085497652,31.637409874804963,31.803428343542343,1328500
2014-06-23,31.630184173583984,31.65183791435877,31.44251199530487,31.630184173583984,1885600
2014-06-24,31.43529510498047,31.637406800194356,31.391987619492205,31.594096561178276,2059700
2014-06-25,31.39919090270996,31.42806438277723,31.233172522613078,31.276482742713984,1498800
2014-06-26,31.218734741210938,31.305352424996816,30.84338777343678,31.305352424996816,1526900
2014-06-27,31.262052536010742,31.262052536010742,31.031070154253733,31.110468110741863,1656500
2014-06-30,31.233184814453125,31.31980253521678,31.153784089783233,31.19709432692891,2048900
2014-07-01,31.48580551147461,31.594079674379174,31.37031435602204,31.413624571889134,1950800
2014-07-02,31.413625717163086,31.413625717163086,31.283697818351257,31.32700803579735,866900
2014-07-03,31.622961044311523,31.69514200191245,31.5291235966087,31.55077733318357,994700
2014-07-07,31.14656639099121,31.26205760057972,31.0816024135022,31.21874736441117,1388900
2014-07-08,30.699039459228516,30.915587914157822,30.612421729373583,30.915587914157822,1593800
2014-07-09,30.944456100463867,31.002203084618497,30.749564159233636,30.785657401094156,1162900
2014-07-10,30.4536190032959,30.468055749929043,30.179329077849832,30.186546074402468,2347700
2014-07-11,30.431961059570312,30.46083454885117,30.25150588185618,30.366997085452123,1102800
2014-07-14,30.61962890625,30.742339841590702,30.61962890625,30.699029613789204,1337900
2014-07-15,30.374197006225586,30.597959518261092,30.179305211096608,30.55465206613845,2756400
2014-07-16,30.63406753540039,30.691814509358647,30.561886571479846,30.648504278889956,1891100
2014-07-17,30.006071090698242,30.561873078794086,29.969980624671457,30.388634986929045,1828900
2014-07-18,30.359779357910156,30.403086837259796,30.085486723410273,30.136013951669803,1293500
2014-07-21,30.10713768005371,30.15044790892728,29.95555600928697,30.049393461749453,1939500
2014-07-22,30.316476821899414,30.424751054817445,30.287603325984186,30.33813056707177,841000
2014-07-23,30.38144302368164,30.561898256002504,30.352569525663505,30.554681258262132,924000
2014-07-24,30.63406753540039,30.691814509358647,30.54744982799028,30.626850540419245,930200
2014-07-25,30.25872039794922,30.482485791248834,30.078265235021966,30.43917556087648,1065200
2014-07-28,30.20819091796875,30.28037462986845,29.926681325377572,30.15044670197605,1072400
2014-07-29,30.164888381958008,30.424744280277856,30.136014892471913,30.34534356095485,1515100
2014-07-30,30.121570587158203,30.316462461979864,29.933898459659655,30.26593524482538,1384600
2014-07-31,29.42140769958496,29.710137053313176,29.385317218750732,29.681263567234918,3565400
2014-08-01,29.139890670776367,29.464710422591242,29.024399509411797,29.305909043142528,2198500
2014-08-04,29.29146957397461,29.349213767084,29.053267549392714,29.29146957397461,2206600
2014-08-05,28.764545440673828,29.118238692517185,28.677927752814362,29.103801952286165,4256300
2014-08-06,28.764545440673828,28.91612983633621,28.562436584492854,28.562436584492854,3197200
2014-08-07,28.338668823242188,28.901690630106252,28.25205114277326,28.843943674109358,2744000
2014-08-08,28.757320404052734,28.79341086777265,28.403627251135465,28.504684404487456,2507600
2014-08-11,28.73568344116211,28.901701873950948,28.72124669654645,28.771773925937513,1625500
2014-08-12,28.5913143157959,28.69236875891075,28.483040124728806,28.627404794975906,1591900
2014-08-13,28.82229232788086,28.9594372294348,28.764545367104475,28.858382801602776,5407200
2014-08-14,28.981094360351562,29.03883856888418,28.908910657777405,29.002748094360456,1103200
2014-08-15,28.84394645690918,29.342004363091462,28.49747294808006,29.28425740152327,5412200
2014-08-18,29.060497283935547,29.082153775183123,28.966662584795696,29.017189808494745,1560500
2014-08-19,29.132692337036133,29.1471290856441,29.046074598916597,29.067728345064417,1246500
2014-08-20,28.937795639038086,29.00275962040895,28.800650679934172,28.822304422548527,1539600
2014-08-21,29.29146957397461,29.34199677551756,29.147104960912184,29.16875868913746,1459500
2014-08-22,29.024412155151367,29.204867345502013,28.836739968738875,29.125466621183296,1796600
2014-08-25,29.45026969909668,29.5585438528961,29.248160882432277,29.298688086598375,1403600
2014-08-26,29.6812686920166,29.84728713534063,29.659614950482755,29.659614950482755,1247600
2014-08-27,29.739009857177734,29.854501045314215,29.659609149047572,29.83284730801585,1147400
2014-08-28,29.508026123046875,29.52967985934881,29.356441708352357,29.44306216061408,1460900
2014-08-29,29.49359703063965,29.522470522215695,29.240958109640832,29.464723539063606,1463300
2014-09-02,29.50080680847168,29.55855377749416,29.38531562395376,29.55855377749416,2332000
2014-09-03,29.84006118774414,29.96998910502601,29.789533970304173,29.93389862878701,2012700
2014-09-04,29.933914184570312,30.179333405470306,29.840076694762832,29.948350933273638,2054100
2014-09-05,30.092697143554688,30.107133884692622,29.89780526848281,30.063826414805643,2751100
2014-09-08,29.717363357543945,29.948348565002913,29.637965376246733,29.854511082615964,1905700
2014-09-09,29.64518165588379,29.666835399938304,29.515253684500752,29.645181655883793,1857200
2014-09-10,29.710142135620117,29.717359131610653,29.515250201543846,29.558560438070018,2924600
2014-09-11,29.60185432434082,29.63794754829811,29.42861896486195,29.479146174170488,1680800
2014-09-12,29.558547973632812,29.666819389000164,29.40696634000262,29.536891487738142,1559100
2014-09-15,29.58742904663086,29.62351952768326,29.471937855146855,29.57299230350446,3139400
2014-09-16,29.66683578491211,29.739019521910485,29.363672350102984,29.385326094438486,1985500
2014-09-17,29.544113159179688,29.80396897863482,29.486366197733357,29.717348536465327,1937400
2014-09-18,29.79676055908203,29.87616128449199,29.76067007122143,29.782323813232246,1933500
2014-09-19,29.65499496459961,29.814120210749778,29.647763253021033,29.792419557729747,1885000
2014-09-22,29.568193435668945,29.7562482415197,29.452466764574297,29.727315883960667,1564500
2014-09-23,29.12697982788086,29.409063369625294,29.119745360115555,29.264404364870423,1473900
2014-09-24,29.401844024658203,29.430773630461434,29.047429451932306,29.155924440906528,1691700
2014-09-25,28.830442428588867,29.163156350290322,28.765345986591434,29.163156350290322,2796100
2014-09-26,29.02573013305664,29.090826571417455,28.81597463621156,28.902768967645297,1293100
2014-09-29,28.67131805419922,28.68578423721136,28.468797010313818,28.51942727128517,1480400
2014-09-30,28.7147159576416,28.924471467888274,28.57728860168719,28.63515333243478,1627300
2014-10-01,28.410921096801758,28.59897864280497,28.30966061471135,28.584512465486167,1729100
2014-10-02,27.991424560546875,28.2952061323772,27.7527366748439,28.25904205370345,3557900
2014-10-03,27.890148162841797,27.940778395997167,27.74548917133755,27.788884937390282,1735100
2014-10-06,27.998653411865234,28.121614577763257,27.77443449151211,28.034817486843924,2061200
2014-10-07,27.354928970336914,27.716575310779383,27.347697257550813,27.70210912606457,2577200
2014-10-08,27.904624938964844,27.948020721503777,27.29705915114338,27.456181619022505,2818500
2014-10-09,27.029441833496094,27.62977597466318,26.957113682119342,27.542981641182653,3619200
2014-10-10,26.609933853149414,27.065606177801154,26.60269938245467,26.935416055859328,3097300
2014-10-13,26.660554885864258,27.07283128025258,26.653320417672923,26.993268684994977,2600600
2014-10-14,26.769058227539062,27.007746112741092,26.68226388707575,26.8413891438771,2521600
2014-10-15,26.392946243286133,26.49420675836209,25.814309998608493,26.436342030237487,5034200
2014-10-16,25.995128631591797,26.27721499361423,25.50328956431288,25.539456392695854,6684800
2014-10-17,26.588232040405273,26.805222005508018,26.508672180228558,26.638865055633396,5547100
2014-10-20,26.675033569335938,26.68226528177658,26.35678303909805,26.414647775193117,2661900
2014-10-21,27.080074310302734,27.137939043459422,26.841389183887255,26.88478497461243,2353100
2014-10-22,26.675033569335938,27.007747524455112,26.660567385312174,26.942651075919404,2127500
2014-10-23,27.181333541870117,27.340456016048655,27.0439062006781,27.123468817338335,2870800
2014-10-24,27.3115234375,27.33322408859853,27.152400964581567,27.3115234375,1366400
2014-10-27,27.051145553588867,27.188570160444304,26.74012950094649,26.841390028012857,1526200
2014-10-28,27.514049530029297,27.52851571226612,27.347692573019042,27.412789013513677,1919800
2014-10-29,27.051145553588867,27.514052396830795,26.928184371335114,27.441721478110225,2084200
2014-10-30,27.188562393188477,27.260890532103843,26.754588041413005,26.797983821105568,1425600
2014-10-31,27.68039894104004,27.72379747591956,27.44894560663203,27.564672273836035,2284100
2014-11-03,27.347688674926758,27.456180887525427,27.195795162661828,27.420016816659206,2141100
2014-11-04,27.130704879760742,27.22473369263497,26.942650013154655,27.188569613573303,1935500
2014-11-05,27.289823532104492,27.37661785266923,27.188563031588682,27.311521422460252,2155700
2014-11-06,27.26812744140625,27.564677252120866,27.12346839148993,27.42724991308651,2872300
2014-11-07,27.072839736938477,27.101772100458998,26.79075609046851,26.971579223758695,1712800
2014-11-10,27.246421813964844,27.289820348755637,27.051135305259717,27.152395793963525,1475900
2014-11-11,27.42725372314453,27.470652271890703,27.22473268061359,27.340459384794453,907700
2014-11-12,26.957107543945312,27.058368036472448,26.87754494006214,26.94264136513551,1470900
2014-11-13,27.087305068969727,27.181333867890714,26.848617216126136,26.855851686350345,1515700
2014-11-14,27.130704879760742,27.18133790141792,26.88478527934209,26.88478527934209,1527500
2014-11-17,27.26812744140625,27.34045558679347,27.043905776078855,27.10177049970214,1130900
2014-11-18,27.796131134033203,27.8539930995673,27.62977418930251,27.62977418930251,1707600
2014-11-19,27.803354263305664,27.955247739126076,27.64423183784493,27.940781562422174,1667700
2014-11-20,27.59361457824707,27.64424484095529,27.4200231352886,27.4200231352886,1334300
2014-11-21,28.034809112548828,28.157770241717056,27.91185074252184,28.114371709220993,2624000
2014-11-24,28.40369415283203,28.44709269206915,28.27350129426234,28.41092586313405,3695200
2014-11-25,28.591754913330078,28.664085827090798,28.483262681402362,28.56282530696803,3011700
2014-11-26,28.7147159576416,28.729182140328497,28.562825178142518,28.58452307260175,1387500
2014-11-28,28.65683937072754,28.707469609613366,28.584511246359522,28.627909776464982,801700
2014-12-01,28.613449096679688,28.70747512459319,28.51942030962457,28.65684487598081,1490700
2014-12-02,28.533884048461914,28.591746002294727,28.41815738165491,28.570048114500096,1350800
2014-12-03,28.432628631591797,28.490490595745786,28.35306601663093,28.42539416160888,985700
2014-12-04,28.21563720703125,28.425392679327945,28.020350673945888,28.259035747240066,2869300
2014-12-05,28.562820434570312,28.671312647990852,28.425393101439152,28.490489533148182,3463700
2014-12-08,28.27349853515625,28.483253982287234,28.24456617848824,28.403691381020902,2196600
2014-12-09,28.0275821685791,28.09267859882018,27.810594987489413,27.890157597688695,4501000
2014-12-10,27.673173904418945,27.991424417058177,27.600845747442207,27.991424417058177,2817000
2014-12-11,27.615314483642578,27.919096081999626,27.571915929959037,27.70210883186708,2434300
2014-12-12,26.913711547851562,27.637004001763025,26.877547476984336,27.542977969336594,3182200
2014-12-15,26.37124252319336,27.19579548906314,26.29891438059284,27.130699057065957,4860500
2014-12-16,26.638866424560547,27.094538752751706,26.19765751958694,26.255519489883618,4625900
2014-12-17,27.051145553588867,27.297065158953945,26.66779858222592,26.66779858222592,3547800
2014-12-18,27.658708572387695,27.694872648381395,27.325991899476072,27.369390446153798,3351500
2014-12-19,27.356201171875,27.56029942764622,27.173972274581736,27.25415343428554,2934500
2014-12-22,27.531143188476562,27.553009767197562,27.378071576244764,27.501985896453625,2077400
2014-12-23,27.611324310302734,27.691505472950716,27.509276568966182,27.56030043963446,2524100
2014-12-24,27.72064971923828,27.78625221160347,27.55299952332533,27.633180656281823,1210900
2014-12-26,27.74982452392578,27.844584357312677,27.735245874128324,27.808139123115602,901000
2014-12-29,27.531143188476562,27.6259029972549,27.348914284221827,27.348914284221827,1714500
2014-12-30,27.101089477539062,27.327054374977493,27.064644243911726,27.290606360757067,1509600
2014-12-31,26.867820739746094,27.312459556313524,26.838663457868225,27.16667592751563,1527400
2015-01-02,26.84597396850586,27.05006953099587,26.729344754976143,26.984466988682154,1570500
2015-01-05,25.701574325561523,26.080610940727134,25.570372017036494,26.080610940727134,2872400
2015-01-06,25.410001754760742,25.92024330103724,25.34439923051673,25.75259302365647,2327800
2015-01-07,25.708858489990234,25.781748951771565,25.337109905363956,25.577653434309536,2697900
2015-01-08,26.095172882080078,26.33571631828944,25.847341514739437,25.876498800448175,2484800
2015-01-09,25.701574325561523,25.978563155989004,25.417297559335715,25.96398450379876,1981600
2015-01-12,25.83277130126953,25.993133644402942,25.526628043206887,25.87650724410393,2074400
2015-01-13,25.956687927246094,26.31385505493173,25.69427783636288,26.211807304164402,3070300
2015-01-14,26.0368709564209,26.168076011230973,25.83277265972031,25.96397771453038,2837400
2015-01-15,25.971261978149414,26.211802665159325,25.898368754364466,26.131621509291964,3097700
2015-01-16,26.53253936767578,26.6272964308465,26.066030864848706,26.102478883630376,6000200
2015-01-20,26.758501052856445,26.824103592705022,26.612717322015897,26.794946290418235,2911300
2015-01-21,27.020902633666992,27.020902633666992,26.590842293549105,26.61999958657905,3840000
2015-01-22,27.13025665283203,27.254171048391814,26.83140117934738,26.926158265154005,5741700
2015-01-23,26.92613983154297,27.210419236127716,26.91885189939104,27.006320988175165,3918100
2015-01-26,27.42910385131836,27.553018209494816,27.159402988357954,27.276029411591846,3987800
2015-01-27,27.341629028320312,27.414522272927176,27.159400087692603,27.24687198122084,2546700
2015-01-28,26.67831802368164,27.29060742654941,26.641872788630995,27.181271721397465,2705100
2015-01-29,27.40723419189453,27.443682207996954,27.064645641396282,27.144826827872436,2734300
2015-01-30,26.88969612121582,27.18126347434309,26.81680567323018,27.064637089210652,1884900
2015-02-02,27.370784759521484,27.421808637529313,26.95530302111898,27.006326899126808,2119000
2015-02-03,28.0413875579834,28.1142780149384,27.749820168977994,27.786265397455495,2341700
2015-02-04,27.44367027282715,27.844573250263185,27.370777052916583,27.662344371374804,2913700
2015-02-05,27.902891159057617,27.953915033878214,27.553011968605258,27.676929079307158,2152300
2015-02-06,27.22498893737793,27.57487077449436,27.137519868394605,27.49468963601316,2190000
2015-02-09,26.99174690246582,27.086506719999985,26.787651400631614,26.787651400631614,2871500
2015-02-10,27.37807846069336,27.44368099394507,27.130246977363907,27.319763861983787,2387400
2015-02-11,27.203134536743164,27.28331571109972,27.035484254267093,27.217713184861882,1925800
2015-02-12,27.939342498779297,27.95391836710095,27.698798962577552,27.698798962577552,4456100
2015-02-13,28.06325340270996,28.13614385775268,27.95391493955326,28.05596546944274,2616900
2015-02-17,28.121572494506836,28.165305662298692,27.72066658579438,27.997655364379423,1917300
2015-02-18,28.150724411010742,28.252772167217415,27.939340964836703,28.055967369157585,2202100
2015-02-19,28.150724411010742,28.31837469343496,28.09241259914671,28.165303059124955,1801300
2015-02-20,28.58078384399414,28.726567539675735,27.83000156503409,27.895604089061173,4277200
2015-02-23,28.383975982666016,28.478735800982314,28.311085525864367,28.354821468300972,2639100
2015-02-24,28.711992263793945,28.770306861151752,28.369400955799456,28.456872851836163,4476900
2015-02-25,28.675548553466797,28.73386037332802,28.544343483037547,28.624524668365776,2558400
2015-02-26,28.507890701293945,28.61722637731229,28.434997470022598,28.500599987870583,2927600
2015-02-27,28.61722755432129,28.77758988912141,28.442289353259863,28.580782327482872,1213700
2015-03-02,28.675548553466797,28.71928450380761,28.544343483037547,28.697415138340606,1661300
2015-03-03,28.398557662963867,28.558920021764592,28.281931251270517,28.5370534385074,1513800
2015-03-04,28.340240478515625,28.340240478515625,28.070539693336237,28.274637960579078,2119000
2015-03-05,28.420429229736328,28.54434358525592,28.332957328741458,28.427717164522633,1866400
2015-03-06,27.83000373840332,28.16530431824121,27.79355850678493,28.092413855004427,3413600
2015-03-09,27.94663429260254,28.019524766649443,27.837295800938836,27.91018905557909,1731100
2015-03-10,27.246868133544922,27.45096362843679,27.195844259821953,27.3634945278535,4617400
2015-03-11,27.44367027282715,27.596741863751305,27.246862749956655,27.356198408934468,3930200
2015-03-12,27.655065536499023,27.66235625191734,27.45825792910279,27.574887131050087,2487100
2015-03-13,27.458242416381836,27.494690411695434,27.224989705451385,27.40721855965278,2854700
2015-03-16,27.939342498779297,28.026811611674038,27.786268075472293,27.793558790226086,1759300
2015-03-17,27.815414428710938,27.866438289539147,27.647764203047974,27.79354785423938,3612700
2015-03-18,28.26006317138672,28.37668957690364,27.6550617811101,27.727955022428702,5331300
2015-03-19,27.8372859954834,27.939336516033297,27.698793031339953,27.837285995483402,2337100
2015-03-20,28.672136306762695,28.920253651943707,28.438614427039436,28.58456351401618,6623300
2015-03-23,28.803485870361328,28.949434922670644,28.65753403425228,28.818081332352207,3168800
2015-03-24,28.949440002441406,29.131879133640457,28.898357268409686,28.993226396097256,2090000
2015-03-25,28.74510383605957,29.058899307329963,28.723212035115033,29.00052024354462,3307100
2015-03-26,28.496994018554688,28.591863153839324,28.175902124099583,28.489697677594535,2393800
2015-03-27,28.635650634765625,28.715921523567054,28.351043218140276,28.475103289561666,2025900
2015-03-30,28.73781394958496,28.847275762685108,28.73051482509808,28.759705755444923,2408500
2015-03-31,28.32913589477539,28.504278610326892,28.263457724418455,28.307244099256085,2119800
2015-04-01,28.5772647857666,28.694025715873714,28.372933854029203,28.68672937565459,1796100
2015-04-02,28.876461029052734,28.927543755239903,28.73780831280181,28.796187378244383,1565100
2015-04-06,29.18295669555664,29.431073957697137,28.978623031335403,29.16106211279755,2490200
2015-04-07,29.00052833557129,29.328916576568506,28.993229210686625,29.197560166649424,1537600
2015-04-08,28.920244216918945,29.153766020457372,28.788887854453648,29.139170559761283,1686200
2015-04-09,28.847280502319336,28.90566237260521,28.708627736091575,28.89836324691908,1810300
2015-04-10,28.920244216918945,28.927540555367248,28.737805133917085,28.818078775845823,1071700
2015-04-13,28.752405166625977,28.971331544280506,28.67213151193267,28.92024881562111,1207400
2015-04-14,28.86187171936035,28.90565811562627,28.767002586017718,28.825384447705613,1312800
2015-04-15,28.956743240356445,29.073504189559472,28.759708616613725,29.00782598164523,2830500
2015-04-16,28.854570388793945,28.978627647727198,28.664832154919683,28.89835399368808,2692400
2015-04-17,28.35103416442871,28.416712349783666,28.18319053158819,28.409416010877408,6478700
2015-04-20,28.44591522216797,28.591867115799474,28.351046073737365,28.40212881893827,2033400
2015-04-21,28.5772647857666,28.67213391141618,28.511586588593843,28.60645571424342,1103600
2015-04-22,28.642942428588867,28.672133356500726,28.351038717070466,28.606455160599094,1428900
2015-04-23,28.723217010498047,28.79619154882017,28.336446946550446,28.38023055602364,1023100
2015-04-24,28.854570388793945,28.964032184829186,28.533475772637473,28.774296734754827,1322200
2015-04-27,29.248634338378906,29.45296521504322,29.24133521632695,29.255930676631458,3246400
2015-04-28,29.241334915161133,29.24133491516113,29.007813120292912,29.139169477881207,1337900
2015-04-29,28.8399715423584,29.16106333704412,28.73050697536576,29.015111508987125,3192600
2015-04-30,28.91294288635254,29.09538195542003,28.810777453082625,28.898347426771224,4047400
2015-05-01,29.18295669555664,29.20484849451627,28.94943211018959,29.088087593732475,1804800
2015-05-04,29.058902740478516,29.248640983746757,29.02241547332694,29.17566366564357,1603300
2015-05-05,28.504287719726562,28.854570478973905,28.43131040500842,28.832675892658504,2824000
2015-05-06,28.891056060791016,29.10998242458756,28.745104223660068,28.905651522884085,2142900
2015-05-07,28.752405166625977,28.92024881562111,28.621048783273277,28.752405166625977,1652200
2015-05-08,29.43107032775879,29.54053209285572,29.153762178674818,29.153762178674818,2217500
2015-05-11,29.058902740478516,29.21215093279514,29.0151163496166,29.073498204099153,1957900
2015-05-12,28.94213104248047,29.06619104517828,28.832666497970575,28.99321375423868,1321300
2015-05-13,29.01511573791504,29.409184895964284,28.978628471532698,29.307019436573736,2045800
2015-05-14,29.635404586791992,29.686487306464223,29.43107370810307,29.518643686998402,2293700
2015-05-15,29.62811851501465,29.63541764035399,29.328918403516937,29.44567935474042,1480100
2015-05-18,29.452972412109375,29.511351483793387,29.255937825550653,29.3070205571992,2160300
2015-05-19,29.51134490966797,29.613513134005544,29.39458400851021,29.43107405195908,1858300
2015-05-20,29.59892463684082,29.7156855654678,29.43837731605368,29.511351852520495,1769900
2015-05-21,29.708391189575195,29.781368521505467,29.533251160543678,29.562439309515216,1420200
2015-05-22,29.387292861938477,29.511350123423462,29.343506472343797,29.48216198082697,1334400
2015-05-26,28.628345489501953,29.29242375437829,28.48969276476512,28.905653722775575,3087200
2015-05-27,29.080795288085938,29.139177144062273,28.540777039305382,28.59915611148161,3679200
2015-05-28,29.022409439086914,29.051600360258913,28.635639476856063,28.94943213615692,1474500
2015-05-29,28.482391357421875,28.85456867977789,28.351034982919717,28.818081416593902,2699000
2015-06-01,28.45320701599121,28.548073356175404,28.219682376075973,28.511586088119937,1283600
2015-06-02,28.74510383605957,28.99322112069663,28.67942564942624,28.75240295890756,2206000
2015-06-03,29.18295669555664,29.40188303655132,29.109979392692104,29.153765774410825,2941200
2015-06-04,28.752405166625977,29.431078886014962,28.65753604891571,29.007818809922938,3625500
2015-06-05,28.314556121826172,28.504294400765634,28.088333352676017,28.270772506532886,2405700
2015-06-08,28.25617218017578,28.380229447236633,28.124815789287766,28.278063984057088,1518900
2015-06-09,28.146713256835938,28.329152416024037,27.949678630856713,28.161308723627066,1243900
2015-06-10,28.949440002441406,29.117286452888724,28.628348133699152,28.69402633228282,2470300
2015-06-11,29.036998748779297,29.270520501089553,28.832665127658668,29.153759624934423,1786400
2015-06-12,28.628345489501953,28.752405534834875,28.26346726080506,28.453205498655425,4707200
2015-06-15,28.25617218017578,28.256172180175778,27.956972130664212,27.98616027457259,1574600
2015-06-16,28.19779396057129,28.24887669874765,27.94238026968948,28.029950280306036,1802500
2015-06-17,28.066431045532227,28.21967922453066,27.76723102681157,28.168596498197847,2606700
2015-06-18,28.584566116333008,29.197561802363314,28.248878731645153,28.256177856938734,5702200
2015-06-19,28.42296600341797,28.557001706851104,28.348502986213795,28.519770198249017,1670200
2015-06-22,29.517595291137695,29.83034626907727,29.346328048216098,29.42823908626176,5356900
2015-06-23,29.450580596923828,29.5995095148004,29.413349077600394,29.51759846793914,2198000
2015-06-24,29.204849243164062,29.405902848955662,29.145276541929775,29.286760287069832,2919900
2015-06-25,29.25697898864746,29.398459917636185,29.085711703897985,29.338890046697912,3156000
2015-06-26,29.376113891601562,29.599505820241607,29.271864514275045,29.47291810222583,1872800
2015-06-29,28.050643920898438,28.557000367772726,27.909163058611934,28.3559496626326,4770700
2015-06-30,27.87194061279297,28.40063556754088,27.633655482749322,28.393190399981997,4000600
2015-07-01,28.04320526123047,28.355956240655182,27.901724366123187,28.28149036908618,4235300
2015-07-02,27.93151092529297,28.050653492235476,27.797478022992653,28.050653492235476,1829600
2015-07-06,26.91136360168457,27.320916166686136,26.769882632853932,26.948595136578525,7950200
2015-07-07,26.978368759155273,27.119849661166118,26.151816008194253,26.539030037499536,5164000
2015-07-08,26.635831832885742,26.851778590462388,26.524134450530255,26.777312722031255,3244700
2015-07-09,27.268775939941406,27.56663373084728,27.231544426223778,27.43259800899788,6684900
2015-07-10,28.765520095825195,28.832537986747056,28.51978688225048,28.713395385173047,4716100
2015-07-13,28.72083854675293,28.854874319224393,28.646375491194778,28.81019478153941,4944100
2015-07-14,28.914445877075195,28.944229393754462,28.705944216820075,28.72828540505874,1723900
2015-07-15,28.81763458251953,28.944222309025598,28.646367331055792,28.854866099692924,2245700
2015-07-16,29.108036041259766,29.227178566378416,29.06335652912207,29.152715553397456,1807100
2015-07-17,28.98145294189453,29.04102564002037,28.877203560756904,29.02613246548891,2447000
2015-07-20,29.063358306884766,29.16760766766763,29.02612679811689,29.16760766766763,1509200
2015-07-21,29.011255264282227,29.055934812476746,28.92934417955102,29.00381009320855,2271600
2015-07-22,28.89209747314453,28.899545480891767,28.758061739520933,28.758061739520933,2565000
2015-07-23,28.877206802368164,29.100601604834658,28.847423290544487,28.981456195208306,1693700
2015-07-24,28.579343795776367,28.86230554264054,28.54211228598709,28.810180860819134,2112800
2015-07-27,28.30384063720703,28.542128686057374,28.236822744845565,28.504894314291423,3003200
2015-07-28,28.616579055786133,28.676148911139215,28.34106243854034,28.519774845182074,2771000
2015-07-29,28.638914108276367,28.862306011220905,28.52721957709518,28.542112749369107,2186600
2015-07-30,28.519777297973633,28.527225305897375,28.214474306503025,28.415527911703094,1307300
2015-07-31,28.7282772064209,28.9293279591083,28.661259341997578,28.765508722082174,1223300
2015-08-03,28.8622989654541,29.03356898450329,28.7506044615394,28.988889478588526,1020000
2015-08-04,28.691041946411133,28.862309185524143,28.624024084098867,28.810184497123767,1030900
2015-08-05,29.03357696533203,29.122933161142562,28.974004274403512,29.00379061986777,1810700
2015-08-06,29.093158721923828,29.197408133130093,28.9963544798394,29.160176606354057,1126500
2015-08-07,29.063358306884766,29.085699484611123,28.869752756942596,28.921877437334025,1039400
2015-08-10,29.48036766052246,29.502706004539387,29.137833129542642,29.15272630574823,1186700
2015-08-11,29.011255264282227,29.175077433744644,28.884667471940656,29.137845897207953,1541400
2015-08-12,28.705936431884766,28.705936431884766,28.229366207259933,28.504882835761926,4561000
2015-08-13,28.4602108001709,28.579353375783306,28.4155312690976,28.504887490661133,1203900
2015-08-14,28.385738372802734,28.4080795534818,28.184684790185607,28.281488998241798,1408400
2015-08-17,28.266603469848633,28.274051478950238,27.916623737819098,27.97619360771603,1758100
2015-08-18,28.01341438293457,28.140004923841364,27.93895136398852,28.117663745691875,1218800
2015-08-19,27.782581329345703,27.93895539604907,27.551741392367518,27.700670292334653,1878400
2015-08-20,27.075172424316406,27.56663582829715,27.037940907765957,27.551742653560446,2429700
2015-08-21,26.553922653198242,27.268777996588774,26.47945962014688,27.090065581032455,4878900
2015-08-24,25.816722869873047,26.52413295693051,25.16144030807324,25.71247350052227,10149900
2015-08-25,26.062458038330078,26.8741175594328,25.973101834704618,26.85177921867206,5000600
2015-08-26,26.65073013305664,26.68051648615874,26.03267608881143,26.620943779954537,4485100
2015-08-27,26.963481903076172,26.985823091164,26.650733675680105,26.829446136882613,2945300
2015-08-28,26.710302352905273,26.80710658872787,26.576266592714973,26.695409175041547,4844800
2015-08-31,26.635831832885742,26.762419548345026,26.464564596367776,26.628383825751413,2427600
2015-09-01,25.95076560974121,26.14437406858689,25.85396422090141,26.10714254668058,3505400
2015-09-02,26.315635681152344,26.360315202178874,26.0326710624825,26.352867195049903,2252500
2015-09-03,26.300745010375977,26.606047998321902,26.211388800401796,26.397549228187913,3884200
2015-09-04,25.71993064880371,25.816732045845427,25.571001707976784,25.660357936239627,2330500
2015-09-08,26.47201156616211,26.51669109026431,26.248619626816367,26.442225216760644,2269300
2015-09-09,26.263517379760742,26.881568614375105,26.22628585681004,26.85923026872131,3247600
2015-09-10,26.50924301147461,26.606047226478246,26.20394003238555,26.278405905689354,3485400
2015-09-11,26.457120895385742,26.457120895385742,26.203942582677524,26.233728934897997,1264000
2015-09-14,26.211389541625977,26.278407411147466,26.05501545960343,26.211389541625977,2116300
2015-09-15,26.41244125366211,26.464565943926843,26.18160131064501,26.270957516729904,1579200
2015-09-16,26.74752426147461,26.777310606493796,26.56881187252389,26.643274894489654,2001600
2015-09-17,26.985816955566406,27.268778761565667,26.725190651409978,26.754977001699178,4159200
2015-09-18,25.984622955322266,26.25319546489534,25.939859447432397,26.089068294476583,4593200
2015-09-21,25.939861297607422,26.08160814715244,25.783193277701514,26.029385473850475,1449000
2015-09-22,25.119211196899414,25.19381704036865,24.850638698175974,25.14905353428711,2918500
2015-09-23,25.059537887573242,25.24604829077164,24.925250169596566,25.20874677931654,2624900
2015-09-24,24.9476318359375,25.06699838650474,24.63429570791964,24.79842578217074,5036100
2015-09-25,25.19382667541504,25.462402122773547,25.037158613096917,25.357956747894796,2797000
2015-09-28,24.75365447998047,24.940164834503577,24.686510638515266,24.88794216291088,3400800
2015-09-29,24.858108520507812,24.94763272514338,24.649217761050433,24.75366314077912,3722300
2015-09-30,25.253507614135742,25.387795332960266,25.02223653410022,25.33557264740883,2456900
2015-10-01,25.171443939208984,25.313190813625535,24.895406507981264,25.238587794653192,2476800
2015-10-02,25.58922004699707,25.59668205488729,24.977466312418105,25.059531323677604,3686300
2015-10-05,26.18605613708496,26.22336048971395,25.99954575763016,26.08907278883269,2873900
2015-10-06,26.402406692504883,26.49939287871664,26.22335833664566,26.2308174990055,2422900
2015-10-07,26.648603439331055,26.767969966159935,26.387487205321165,26.65606260216677,2071000
2015-10-08,26.782896041870117,26.79781437027319,26.38003287283493,26.409875221487095,1708600
2015-10-09,26.93208885192871,26.976852352898657,26.782882873872104,26.92462969139452,1803800
2015-10-12,26.86495018005371,26.924634859469872,26.77542600685162,26.820189516413745,726100
2015-10-13,26.59638023376465,26.79034976879028,26.49193203468054,26.50685320597827,1785900
2015-10-14,26.70827865600586,26.850028328032284,26.59637416568802,26.72319982389926,1644000
2015-10-15,27.036544799804688,27.066384296448454,26.790349742517233,26.812730076480666,2271600
2015-10-16,27.08130645751953,27.103689638223468,26.91717925925168,26.99924143542434,983300
2015-10-19,27.036544799804688,27.036544799804688,26.88733593289615,27.021623628521592,829100
2015-10-20,26.939552307128906,26.976853803649043,26.850028146296225,26.894788803751684,857700
2015-10-21,26.917184829711914,27.133534751191274,26.902263654795558,27.1111544117783,890800
2015-10-22,27.275270462036133,27.446859616439813,27.155903970019587,27.163363130679897,4225800
2015-10-23,27.573698043823242,27.663225088754164,27.4468723323889,27.60354039213355,1479500
2015-10-26,27.491634368896484,27.56624024336288,27.394651000974843,27.51401755419796,996200
2015-10-27,27.28274154663086,27.349885405605523,27.178296176208693,27.28274154663086,1527200
2015-10-28,27.43194580078125,27.6856000200343,27.111147733904673,27.43940496344057,2265900
2015-10-29,27.28274154663086,27.2902035564741,27.06638879594329,27.09623114347045,1472100
2015-10-30,27.320037841796875,27.521469380261053,27.28273633747144,27.297657508386088,1397300
2015-11-02,27.64084243774414,27.730366638478987,27.558777401269275,27.663225622370124,1105000
2015-11-03,27.551301956176758,27.596065453053697,27.305106992235622,27.387171980216003,1635200
2015-11-04,27.252897262573242,27.49163033398089,27.155913908885736,27.469249997887264,2139200
2015-11-05,27.327497482299805,27.49908666406656,27.223052140869786,27.417021654108087,1071900
2015-11-06,27.26036262512207,27.27528379966081,26.99178717527093,27.17829758812055,1172100
2015-11-09,26.902259826660156,27.06638703553887,26.75305094465183,27.03654753587538,1292800
2015-11-10,26.79034996032715,26.820192303135965,26.59638042391474,26.648603100868943,1211400
2015-11-11,26.86495018005371,27.05146053434599,26.842569848233726,27.0365422104141,1055500
2015-11-12,26.52924156188965,26.738132308968762,26.499399213471783,26.596385422868362,2013200
2015-11-13,26.253196716308594,26.372563230449384,26.0741483680585,26.223357222215032,3997700
2015-11-16,26.4919376373291,26.491937637329098,26.208443860484827,26.208443860484827,1525900
2015-11-17,26.581457138061523,26.820190169696897,26.529234465261425,26.670981313444234,1475600
2015-11-18,26.842571258544922,26.894793932816768,26.58891704954352,26.723204739363222,1802500
2015-11-19,26.92464828491211,27.088778389224625,26.902267941932614,26.97687098247999,930400
2015-11-20,26.775426864624023,27.044002238756477,26.738125361755017,26.984317557428266,2243400
2015-11-23,26.611297607421875,26.775427639904578,26.506852257995547,26.700824632006437,3009200
2015-11-24,26.544151306152344,26.588911963582163,26.29795630660129,26.320336635316202,1029500
2015-11-25,26.715744018554688,26.827648522928335,26.626216999949204,26.656059339484365,895300
2015-11-27,26.92464828491211,26.991792159774178,26.902267941932614,26.9619498051858,739300
2015-11-30,26.94701385498047,27.088763538603374,26.939554693384427,27.051459192857127,1673800
2015-12-01,27.021623611450195,27.118606955845415,26.894795078585215,27.07384628794683,1675300
2015-12-02,26.648603439331055,26.92463799901238,26.58891875295537,26.85003498696526,2084700
2015-12-03,26.394954681396484,26.842578538242712,26.27558812984262,26.827657363558092,3355200
2015-12-04,26.70827865600586,26.753042159686064,26.335257996436166,26.342720003343757,3041500
2015-12-07,26.63368797302246,26.70083183661696,26.52924259541393,26.68591066182673,1796600
2015-12-08,26.21588706970215,26.31287322166132,26.074140267547435,26.200965904329866,2304500
2015-12-09,26.09653663635254,26.499399811313644,25.91748823365186,26.21590318679401,2464800
2015-12-10,26.021923065185547,26.245734900831966,26.021923065185547,26.148748728547154,2053800
2015-12-11,25.54446029663086,25.768272160662747,25.499696785455576,25.701128316860956,3066200
2015-12-14,25.499696731567383,25.68620709218685,25.24604252728802,25.648905589247406,3955800
2015-12-15,25.7906551361084,25.94732317239258,25.7309732943479,25.835418651870686,3198800
2015-12-16,26.260665893554688,26.365111266201666,25.880183069285874,26.074155486421375,4011400
2015-12-17,26.014469146728516,26.394951946961744,26.00700998312049,26.394951946961744,5004800
2015-12-18,25.622634887695312,25.84739426624244,25.622634887695312,25.794950506513796,3129700
2015-12-21,25.720029830932617,26.03469236685007,25.59266438213006,26.019708028286807,2754900
2015-12-22,25.87737274169922,25.929816521281086,25.63762893276163,25.757500837230424,2487300
2015-12-23,26.31190299987793,26.32688734272064,26.034699802215762,26.034699802215762,2509500
2015-12-24,26.244476318359375,26.326888779506326,26.19952614534927,26.19952614534927,692100
2015-12-28,26.192026138305664,26.207010478301164,26.03469485530883,26.169551057297724,1421100
2015-12-29,26.43927001953125,26.46923870695598,26.274445096666568,26.33438247151603,2028100
2015-12-30,26.14708137512207,26.28942834751511,26.117112688943152,26.25196891877707,1856600
2015-12-31,25.79495620727539,25.997240550064408,25.764987521387123,25.937303178287873,4088200
2016-01-04,25.248037338256836,25.248037338256836,24.776040598470185,25.18060923257303,4143400
2016-01-05,25.023277282714844,25.023277282714844,24.746071267741627,24.978324260780354,3098800
2016-01-06,24.596235275268555,24.678644867548247,24.416426033087983,24.453885458300743,2797200
2016-01-07,24.251602172851562,24.551283303350257,24.206652003856505,24.281570857495645,5140500
2016-01-08,24.004365921020508,24.521312832607432,23.944428556098096,24.476359808915625,4396100
2016-01-11,24.13921546936035,24.363974809822295,23.96689845075549,24.348990472728826,3604600
2016-01-12,24.43889617919922,24.55876803044475,24.206646075019336,24.49883353380717,4431300
2016-01-13,23.929443359375,24.596232190626036,23.839538749559757,24.54378557234043,7428100
2016-01-14,24.221635818481445,24.363982780483042,23.84703441351921,24.04182657250537,5069800
2016-01-15,23.419994354248047,23.689706836660942,23.285138113041597,23.49491464702782,5630300
2016-01-19,23.61478042602539,23.817064735429486,23.41998828685686,23.727160121588103,5738300
2016-01-20,23.11281394958496,23.24017797182845,22.655801617596225,23.165257706570188,5898800
2016-01-21,23.352561950683594,23.502402508761733,22.90304170543464,23.150277625973747,6012000
2016-01-22,23.94442367553711,24.04182044469834,23.794584580728884,23.97439235188984,3502800
2016-01-25,23.61478042602539,23.847031987386373,23.60728825578983,23.772111714016113,3859400
2016-01-26,24.131725311279297,24.14670965050846,23.802078422149147,23.824553502007653,3308900
2016-01-27,23.93694305419922,24.311543093050624,23.86202276063179,24.019355520021964,5591500
2016-01-28,23.921955108642578,24.086780015476467,23.63725832173978,24.041826988711485,4215100
2016-01-29,24.221635818481445,24.236617302506026,23.89198601052048,23.899478181518273,3204000
2016-02-01,24.11674690246582,24.184175016592686,23.85452804640088,23.929448331984688,2542900
2016-02-02,23.39750862121582,23.697188245302517,23.322588357947854,23.682205335837057,3174400
2016-02-03,23.71966552734375,23.742142035753467,23.16525784743757,23.584809334855855,4763700
2016-02-04,23.82455825805664,23.936939395724547,23.547355071905805,23.62227535402257,2564000
2016-02-05,23.42748260498047,23.779606064423252,23.345070153818874,23.764621722578326,2935700
2016-02-08,22.895553588867188,22.962981709043653,22.670794140936117,22.87307850146551,4075700
2016-02-09,22.670793533325195,22.790665426207116,22.43104974756135,22.44603266243233,4237800
2016-02-10,22.760690689086914,23.097831191327124,22.7382156082611,22.947990650556964,7871500
2016-02-11,22.416061401367188,22.550917614027494,22.206284911786103,22.4685051665161,16394400
2016-02-12,22.715742111206055,22.730726453067483,22.371110822306157,22.505967041088027,4443800
2016-02-16,23.13529396057129,23.15027830261416,22.858090777705694,23.142786131592725,3110100
2016-02-17,23.644742965698242,23.712171055394847,23.419983619366285,23.419983619366285,2673700
2016-02-18,23.442461013793945,23.667220368641708,23.38252366158374,23.659728199615433,2144300
2016-02-19,23.360050201416016,23.37503454050639,23.097829983275403,23.21770183802793,1416500
2016-02-22,23.652240753173828,23.674717264740487,23.532368882789154,23.532368882789154,1625500
2016-02-23,23.225200653076172,23.524880375705834,23.16526470855024,23.48742094624674,2482300
2016-02-24,23.045387268066406,23.082846688501853,22.56589982736327,22.685771687539056,6755000
2016-02-25,23.34507179260254,23.367548306947736,23.12031236509291,23.202723393054125,2710100
2016-02-26,23.3300838470459,23.56233683912473,23.27764008399112,23.547352498541827,3023400
2016-02-29,23.18024444580078,23.41998817626523,23.1727522756006,23.262655460032093,1944200
2016-03-01,23.891984939575195,23.951920875885456,23.539861492375596,23.60728959934782,3159300
2016-03-02,24.026844024658203,24.026844024658203,23.71967213573878,23.787100250768468,3263500
2016-03-03,24.24410629272461,24.251597033312613,23.936934485148054,23.974393904029007,2039600
2016-03-04,24.386455535888672,24.52131174300089,24.30404309176779,24.386455535888672,2509400
2016-03-07,24.334014892578125,24.393952262521335,24.01935227428958,24.041827359032734,3621500
2016-03-08,24.146713256835938,24.34150683793713,24.10925383215368,24.334013238218134,2502600
2016-03-09,24.251602172851562,24.356489711134785,24.176683319212422,24.296555199817686,2789900
2016-03-10,24.304039001464844,24.96333558550336,24.08677324476771,24.738576230799623,11401700
2016-03-11,25.143150329589844,25.173116154314716,24.90340658396558,24.963341091386205,5176600
2016-03-14,25.083206176757812,25.14314352593045,25.023271685555283,25.105681253712497,2292500
2016-03-15,24.933368682861328,24.940862281400932,24.806006087392678,24.843465506179314,2498600
2016-03-16,25.233055114746094,25.240545856908096,24.7161081664359,24.7161081664359,5646600
2016-03-17,25.218067169189453,25.248035849497548,24.925879681112164,25.04575154437389,3724100
2016-03-18,25.236087799072266,25.356188046704954,25.198557008577506,25.258608564101735,2265500
2016-03-21,25.15351676940918,25.243594097064154,25.078455193112294,25.18354254529417,1198100
2016-03-22,25.070947647094727,25.108478431450184,24.808226429775935,24.83074719112145,2239200
2016-03-23,24.800729751586914,25.07846108523641,24.7631989546207,25.07846108523641,2346500
2016-03-24,24.545507431030273,24.545507431030273,24.38787642282935,24.43291221750663,2292500
2016-03-28,24.59804344177246,24.7031307478539,24.50796901704756,24.65058709481318,1546800
2016-03-29,24.920822143554688,24.95084791700434,24.477952007126078,24.522987803885197,3336200
2016-03-30,25.18354034423828,25.401222905255494,25.15351457097756,25.28862768723546,3299100
2016-03-31,24.943340301513672,25.161022866165982,24.943340301513672,25.070948408295003,2785500
2016-04-01,24.68061637878418,24.71063928236638,24.3353257851488,24.380364435644218,3025100
2016-04-04,24.62056541442871,24.793209283533436,24.575529626306057,24.71063985408883,1128800
2016-04-05,24.027572631835938,24.147672855402366,23.99754829179813,24.102637061199452,3115500
2016-04-06,24.350343704223633,24.365356590826725,24.02757380079551,24.057599574001692,3039800
2016-04-07,23.817398071289062,24.080119280205338,23.742335073271214,24.01256129345243,3509200
2016-04-08,24.26777458190918,24.39537980955069,24.2002180309769,24.32782325861841,2827000
2016-04-11,24.32032012939453,24.680620807770303,24.32032012939453,24.545507695452482,1954400
2016-04-12,24.635578155517578,24.665603923035228,24.237746757860492,24.417895636136805,1947400
2016-04-13,25.100975036621094,25.168531605884716,24.98087478719863,25.025913454512985,3543900
2016-04-14,25.19855499267578,25.303642343020357,25.183542104995766,25.25860654339585,2300500
2016-04-15,25.206064224243164,25.341174493800803,25.18354345980381,25.273617927314138,2589900
2016-04-18,25.45376968383789,25.50631336175037,25.16853052987323,25.16853052987323,2394100
2016-04-19,25.956689834594727,26.016738521350657,25.836586734251842,25.896638284423283,3254200
2016-04-20,26.05426597595215,26.159353311895153,25.949178640009144,26.031748079225835,4534800
2016-04-21,26.031755447387695,26.159360716175065,25.94918598480012,26.114324909975267,3697700
2016-04-22,25.926666259765625,25.994222827733903,25.821578901462917,25.881627593314853,1559700
2016-04-25,25.821582794189453,25.82158279418945,25.648935978475375,25.73150544770832,1997600
2016-04-26,25.904142379760742,25.986711826616652,25.821575796320243,25.96419392780701,1755400
2016-04-27,26.08429527282715,26.12182606024883,25.896638472303213,25.91165135995499,2686000
2016-04-28,25.806562423706055,26.016737111082307,25.723992978403853,25.73149799006071,1950300
2016-04-29,25.59638214111328,25.74650812896626,25.483789797784837,25.693964462729973,3594000
2016-05-02,25.806562423706055,25.82908032209198,25.64892854475851,25.73149799006071,2165200
2016-05-03,25.26610565185547,25.468775293056634,25.221066999339143,25.468775293056634,3088600
2016-05-04,24.920822143554688,25.085958170697054,24.860770596655385,25.010896600488284,3191400
2016-05-05,24.778200149536133,24.87578247759434,24.695633571010987,24.808225921771772,2257500
2016-05-06,24.943340301513672,24.943340301513672,24.680621939633568,24.680621939633568,2118600
2016-05-09,24.920822143554688,25.11598394414671,24.89830138175977,25.02590948721311,1292900
2016-05-10,25.213565826416016,25.22107083793688,25.02590904082596,25.033414052346828,2609900
2016-05-11,24.988374710083008,25.123487805606047,24.943336057103693,24.980866836212336,2118700
2016-05-12,24.875778198242188,25.13099149151059,24.733160099780196,25.123486481450378,2248500
2016-05-13,24.613067626953125,24.928329689985038,24.553016073947628,24.778203670886942,3206500
2016-05-16,24.890798568725586,24.920824344827434,24.620572310640174,24.62808018637344,2874500
2016-05-17,24.56802749633789,24.815735842582477,24.538001721626642,24.770697180515604,6039300
2016-05-18,24.59804344177246,24.868269579361495,24.470435381949045,24.522979034989767,4476900
2016-05-19,24.425405502319336,24.447923398087163,24.305305285865895,24.380366847368663,6552000
2016-05-20,24.688125610351562,24.755682165939096,24.620569054764033,24.665607712960796,3088500
2016-05-23,24.553014755249023,24.5980534175842,24.462940293994166,24.485458193454008,2425400
2016-05-24,25.070947647094727,25.138504204300666,24.823239316201178,24.83074719112145,3769600
2016-05-25,25.446264266967773,25.521325844674088,25.386212714070208,25.401225602294602,3540600
2016-05-26,25.611398696899414,25.708981032501736,25.54384213585403,25.663942370666327,2616500
2016-05-27,25.581369400024414,25.61890017714426,25.491292098839086,25.581369400024414,2018000
2016-05-31,25.438751220703125,25.70147241610824,25.34867677308012,25.686459530935227,2115800
2016-06-01,25.408735275268555,25.43125604344381,25.23609132414449,25.26611710610072,1822100
2016-06-02,25.42374038696289,25.42374038696289,25.23608360228088,25.288627272918617,1274200
2016-06-03,25.46126937866211,25.49129514931699,25.25109471090811,25.40872571172361,1657200
2016-06-06,25.513816833496094,25.596383410666142,25.438752404138963,25.491296072981356,2247100
2016-06-07,25.73149871826172,25.874119714516368,25.716485831107786,25.791550266877454,1665900
2016-06-08,25.746509552001953,25.79905322114238,25.671447985634263,25.761522437958536,1438600
2016-06-09,25.37119483947754,25.46126928770532,25.266107505975953,25.348676943274366,2956900
2016-06-10,24.470441818237305,24.725655141596764,24.387875244180936,24.673111474735855,5429500
2016-06-13,24.035076141357422,24.33532521403626,23.967519598907117,24.080114790795854,4422400
2016-06-14,23.59971809387207,23.809892780442972,23.44208564723622,23.719818323829063,4894100
2016-06-15,23.787370681762695,23.990038889210616,23.757344913721568,23.824901460106684,3844600
2016-06-16,24.012561798095703,24.035081127486603,23.22440388161353,23.374528449096612,5953900
2016-06-17,24.266786575317383,24.31300861451284,23.94322936220493,24.066489112974235,4863800
2016-06-20,24.806047439575195,25.067974759908218,24.806047439575195,25.037159089576313,3823400
2016-06-21,25.114198684692383,25.306792241902432,24.9139026782415,25.075680560999267,3196600
2016-06-22,25.160425186157227,25.41465012248111,25.121907057887043,25.376129055466112,4821400
2016-06-23,26.054058074951172,26.146502166271976,25.561019002913998,25.792130700588338,6464000
2016-06-24,22.872406005859375,23.65048397438271,22.8107761404997,23.034183851414063,18519300
2016-06-27,22.479515075683594,22.56425669161475,22.032698184234384,22.56425669161475,6360500
2016-06-28,23.07270622253418,23.103520424250068,22.787667142458865,23.065002304762192,6072200
2016-06-29,23.504117965698242,23.59656205057594,23.41937633008349,23.504117965698242,4643700
2016-06-30,24.012563705444336,24.089601418781935,23.511820772808175,23.61967268985752,8766200
2016-07-01,23.98944854736328,24.12041220064637,23.966338265201063,24.08959800130609,3250500
2016-07-05,23.265296936035156,23.60426046064521,23.1805553201967,23.573446262667883,6240100
2016-07-06,23.195966720581055,23.195966720581055,22.72603800685049,22.95714967001877,6566700
2016-07-07,23.018779754638672,23.2653007254699,22.88781608581701,23.157447341552444,3621900
2016-07-08,23.488712310791016,23.52723190754582,23.39626821732423,23.504120149492937,3257500
2016-07-11,23.812267303466797,23.950934899801652,23.796859466235762,23.873897183018705,1988400
2016-07-12,24.289897918701172,24.44397186987034,24.282194000736897,24.3977498314568,3029700
2016-07-13,24.359228134155273,24.49019178157333,24.305300716323927,24.39774624894863,2366700
2016-07-14,24.6596736907959,24.821454485522395,24.644267325491843,24.744415312142163,2313800
2016-07-15,24.544124603271484,24.605754485822573,24.45938296374912,24.590346647841727,3987400
2016-07-18,24.45937728881836,24.590340942525494,24.28219160126517,24.35922930392324,1620600
2016-07-19,24.228275299072266,24.23597774997079,24.128125804920874,24.17434785717476,1506400
2016-07-20,24.443967819213867,24.505597683343154,24.36693012170929,24.413153621835157,2015500
2016-07-21,24.428565979003906,24.567233574657685,24.366936099754696,24.451677734736943,1698400
2016-07-22,24.45937728881836,24.567229190916482,24.413155254972303,24.544118908679437,1307500
2016-07-25,24.451675415039062,24.544120959828803,24.382341623789774,24.521009206288348,1622000
2016-07-26,24.57493782043457,24.644271619184593,24.451678060295023,24.528715777725303,1439800
2016-07-27,24.79063606262207,24.867672288701748,24.57493080923223,24.82915417566191,2585700
2016-07-28,24.806047439575195,24.836863109907096,24.667379861825708,24.798342052620182,2037200
2016-07-29,25.09109115600586,25.106498994925488,24.875387288620665,24.921607866634755,3038100
2016-08-01,24.759830474853516,24.9370162179528,24.713609895889697,24.82916428204409,2472200
2016-08-02,24.49789810180664,24.621157851877275,24.405454023939726,24.621157851877275,1768800
2016-08-03,24.443967819213867,24.459375652589156,24.313004174267647,24.33611592433058,1567700
2016-08-04,24.49789810180664,24.544121610112224,24.397750105888797,24.467083898975044,1041800
2016-08-05,24.70589828491211,24.752121790979746,24.5672307054533,24.590342458487118,1294900
2016-08-08,24.806047439575195,24.844565558118035,24.7521214858664,24.821455274741144,674200
2016-08-09,25.160425186157227,25.268277120811668,24.983239445118524,24.99864728417556,1165000
2016-08-10,25.283679962158203,25.376124039482605,25.268272126146762,25.34531130620396,1173100
2016-08-11,25.46086311340332,25.56101256805646,25.399234714285654,25.406937162146388,790300
2016-08-12,25.46857452392578,25.584128901631715,25.44546129738889,25.561018613839455,608200
2016-08-15,25.537914276123047,25.614950545875676,25.530208885900596,25.568727020776908,755700
2016-08-16,25.48397445678711,25.607234184684472,25.45315879012684,25.499379351373523,1442800
2016-08-17,25.40694236755371,25.453165880420244,25.183533130148927,25.28368260532082,1232700
2016-08-18,25.4993839263916,25.507089313811008,25.329903606839938,25.353013891609656,814000
2016-08-19,25.260576248168945,25.299094378844575,25.06027726666369,25.145018917397067,1295900
2016-08-22,25.198936462402344,25.229752132137104,25.03715860441087,25.06797427414563,2639100
2016-08-23,25.337608337402344,25.52249944844398,25.337608337402344,25.430052423550904,1123400
2016-08-24,25.345312118530273,25.491682157213813,25.337606730905478,25.422348362312277,1033500
2016-08-25,25.222055435180664,25.322201976537922,25.198942208237334,25.26057356175997,788600
2016-08-26,25.168123245239258,25.661165192809122,25.029458595408332,25.3761246281021,2770700
2016-08-29,25.245161056518555,25.252863504912657,25.052567520480494,25.052567520480494,867400
2016-08-30,25.32990264892578,25.437754558764762,25.291384529518165,25.376123216717268,1248100
2016-08-31,25.30678939819336,25.460864814396928,25.214345323968875,25.39923641116198,1536400
2016-09-01,25.445463180541992,25.483984248039445,25.245167147781537,25.4223528910394,1880500
2016-09-02,25.807531356811523,25.853754858980466,25.614937839223376,25.738197572930037,1774400
2016-09-06,25.969316482543945,25.992429709476365,25.838354264487187,25.907688067795082,1502400
2016-09-07,26.030946731567383,26.123390819140695,25.96161293120126,26.046354569287026,693400
2016-09-08,26.046350479125977,26.138794552182432,25.907682900169245,25.9924245249477,2576000
2016-09-09,25.48397445678711,25.822937973818924,25.47626907075018,25.79982769319558,1923100
2016-09-12,25.668872833251953,25.676578222366967,25.145018045737025,25.198944014562542,2924400
2016-09-13,25.09109115600586,25.360720990237358,24.960128933306216,25.314500412223264,2533200
2016-09-14,24.97553062438965,25.17582956586371,24.921604664472266,24.99093846132953,3544900
2016-09-15,25.129608154296875,25.183534118719074,24.82146020599069,24.89849645838107,1120400
2016-09-16,24.61441993713379,24.684039722534504,24.544800151733075,24.684039722534504,2614500
2016-09-19,24.80780601501465,24.939311355597905,24.753657625029174,24.83874879525376,1398100
2016-09-20,24.8387508392334,25.001196022557433,24.815545227577445,25.001196022557433,877200
2016-09-21,25.210044860839844,25.248721847750016,24.900623063828565,25.001185590486973,2130000
2016-09-22,25.635513305664062,25.87531549263267,25.604570516855194,25.77475290443722,1737200
2016-09-23,25.48853302001953,25.581358412034458,25.473061629539377,25.473061629539377,787900
2016-09-26,25.14042854309082,25.24099108350548,25.109485768983944,25.179105535291733,1354500
2016-09-27,25.124963760375977,25.15590654261646,24.807807619576362,24.823279010696602,2784100
2016-09-28,25.387968063354492,25.40343945237576,25.094017573681832,25.295142680092603,2925900
2016-09-29,24.939313888549805,25.418915227502808,24.807808534610256,25.3570296607392,3951300
2016-09-30,25.341548919677734,25.41890584959261,25.024392884189634,25.063072824579645,2043900
2016-10-03,25.248733520507812,25.248733520507812,25.124965334656945,25.194585123627203,1100000
2016-10-04,25.295150756835938,25.473067361090724,25.186853949973603,25.387976169736984,2128300
2016-10-05,25.496273040771484,25.52721582877194,25.426653243203805,25.496273040771484,944000
2016-10-06,25.41891860961914,25.480801233750306,25.333827419430484,25.442124224809998,761800
2016-10-07,25.248733520507812,25.326090480956054,25.039874153597037,25.302881917388422,1512700
2016-10-10,25.372501373291016,25.46532677374406,25.357029981404462,25.357029981404462,657400
2016-10-11,25.063081741333008,25.349295106681986,24.98572478389666,25.34155793550525,3268400
2016-10-12,24.939313888549805,25.024402116550405,24.84648553840439,24.923842496858903,6533200
2016-10-13,24.784603118896484,24.8464857352842,24.490652576172604,24.5602723639002,3366200
2016-10-14,24.916101455688477,25.155903563352776,24.916101455688477,25.07081239770203,1677300
2016-10-17,24.87742805480957,24.962519232763242,24.815545439576308,24.90063366666377,983900
2016-10-18,25.14042854309082,25.24872530159952,25.078542994877072,25.179105535291733,820300
2016-10-19,25.18684959411621,25.2487322083926,25.132701200049564,25.1404354202593,1129300
2016-10-20,25.279672622680664,25.380235181183195,25.171375844692964,25.179110064178136,1416500
2016-10-21,25.20231819152832,25.20231819152832,25.039870076470848,25.063078636259537,1266200
2016-10-24,25.28741455078125,25.44212554543973,25.256474712542985,25.418919929044336,816300
2016-10-25,25.271934509277344,25.318348677054022,25.155903516134305,25.271934509277344,1402600
2016-10-26,25.18684959411621,25.287409211173614,25.12496402897366,25.155906811544938,856100
2016-10-27,25.225515365600586,25.326077888750138,25.194572596806132,25.287397952324646,686600
2016-10-28,25.256465911865234,25.341554125954755,25.18684613607144,25.202317525232925,1361000
2016-10-31,25.194578170776367,25.233255164893787,25.078544237558603,25.1791067829563,1339600
2016-11-01,25.055339813232422,25.3028761282999,24.954777263090747,25.295141909457758,2374300
2016-11-02,24.869693756103516,25.01666754882726,24.800073969894118,25.008933328522307,1941400
2016-11-03,24.792335510253906,24.89289807418924,24.73818711833474,24.877426683517186,1857700
2016-11-04,24.583478927612305,24.745924111892016,24.529329057419304,24.629891626630354,1309200
2016-11-07,25.016664505004883,25.024398724368805,24.87742494952762,24.95477894663017,1473500
2016-11-08,25.14042854309082,25.202314091304565,24.931569244167452,24.985717623421806,1676900
2016-11-09,25.117225646972656,25.256465194605976,24.776860996817575,24.784598166611467,5966500
2016-11-10,25.024404525756836,25.20232407189816,24.792339529783895,25.140438499176568,3463400
2016-11-11,24.77686309814453,24.86969143834997,24.63762501413526,24.82327726824725,2587300
2016-11-14,24.591209411621094,24.64535779490507,24.47517547551796,24.52158964013233,2667400
2016-11-15,24.699504852294922,24.714976239669195,24.4906455490404,24.521588323788944,1711700
2016-11-16,24.32820701599121,24.436503806161504,24.25858722932942,24.304999928626245,2290200
2016-11-17,24.40555763244629,24.467441714722458,24.32820363617575,24.397823413165558,1408900
2016-11-18,24.096141815185547,24.204440086391447,24.049729113487693,24.18123299782593,2449800
2016-11-21,24.335935592651367,24.351406980640075,24.204433221045655,24.22763882759595,2011400
2016-11-22,24.413299560546875,24.451978043990728,24.297267061081875,24.436506650613186,2059700
2016-11-23,24.150287628173828,24.15802332353435,23.94142975517176,24.018783757910956,1185600
2016-11-25,24.320466995239258,24.335936908631744,24.27405282876326,24.29725991200126,1118600
2016-11-28,24.0419921875,24.150288977733105,23.995579488176254,24.10387627840936,1440400
2016-11-29,24.3127384185791,24.382358213242014,24.080671944558304,24.096143337913013,2647800
2016-11-30,24.27405548095703,24.42876643524845,24.2585855658743,24.413295044732706,1849500
2016-12-01,24.219907760620117,24.266321933453295,24.111610974875468,24.266321933453295,1664800
2016-12-02,24.20444107055664,24.305002174229717,24.02652300185313,24.0574657878653,1581600
2016-12-05,24.75365447998047,24.80780286308618,24.50611817124991,24.50611817124991,2708400
2016-12-06,25.155902862548828,25.19457985925829,24.846480987141724,24.854218157003036,3402400
2016-12-07,25.581361770629883,25.68965856734333,25.27967699382346,25.287411214645967,3191900
2016-12-08,25.48853302001953,25.527210020786917,25.364764847044295,25.496267239826604,2966300
2016-12-09,25.496273040771484,25.534950050338715,25.341562051635897,25.39571340607003,2247700
2016-12-12,25.527212142944336,25.612303322226087,25.473063747195273,25.527212142944336,3456700
2016-12-13,25.8443603515625,25.975865665714114,25.759269198440638,25.759269198440638,2455500
2016-12-14,25.43437957763672,25.85209523418073,25.357022640598625,25.782478417144578,4363800
2016-12-15,25.465328216552734,25.504008173893777,25.34929719712894,25.36476858989207,4056400
2016-12-16,25.538265228271484,25.685704770793482,25.507224389777182,25.546023957786414,2380400
2016-12-19,25.460674285888672,25.639154724342713,25.45291259365862,25.561552603133407,1411400
2016-12-20,25.615863800048828,25.67018674632593,25.514985517490334,25.52274424683436,2127300
2016-12-21,25.677949905395508,25.72451117014368,25.65467075313029,25.65467075313029,1243200
2016-12-22,25.66243553161621,25.79435766605026,25.654676799105236,25.755555122840082,1460300
2016-12-23,25.74778938293457,25.786588955366806,25.701228119885307,25.701228119885307,854600
2016-12-27,25.77883529663086,25.84091403269213,25.77107360448682,25.77883529663086,991100
2016-12-28,25.600345611572266,25.662424325206494,25.53050520859805,25.63138348828081,1721600
2016-12-29,25.771066665649414,25.840907075050257,25.708987946302784,25.724508366193795,2019700
2016-12-30,25.965070724487305,26.17459197891947,25.957311993679202,26.042672833657246,4798200
2017-01-03,26.019392013549805,26.050432858760022,25.918513706943504,25.949551591935787,3039500
2017-01-04,26.19786834716797,26.2133887673524,26.03490837555768,26.073707945910016,1703500
2017-01-05,26.461711883544922,26.516031878831146,26.290993167024382,26.290993167024382,1432900
2017-01-06,26.360836029052734,26.469476029702506,26.30651602872785,26.314274760109402,2179500
2017-01-09,26.345308303833008,26.36858745174329,26.197865806488707,26.236668333295427,2139200
2017-01-10,26.267715454101562,26.407396311151633,26.267715454101562,26.337555882626596,718000
2017-01-11,26.407386779785156,26.407386779785156,26.12026643735562,26.15130727443372,2399600
2017-01-12,26.430679321289062,26.48499932751014,26.35307719796015,26.477237635068086,1049200
2017-01-13,26.56259536743164,26.647956212947683,26.539316213279253,26.64019748163621,1424700
2017-01-17,26.50052833557129,26.570368789079136,26.477246210922484,26.50052833557129,2167800
2017-01-18,26.461711883544922,26.516031878831146,26.368592314513922,26.453953152883056,1062700
2017-01-19,26.360836029052734,26.438435183740285,26.267713491166074,26.407394337778065,2443900
2017-01-20,26.601394653320312,26.601394653320312,26.477234232169682,26.523795500182896,1726900
2017-01-23,26.58587074279785,26.609152853859005,26.422910766457548,26.539312441110653,3619300
2017-01-24,26.655715942382812,26.686756789226965,26.539317207044363,26.539317207044363,1549000
2017-01-25,26.989391326904297,27.012673436695863,26.911792188178794,26.927312607967373,1979400
2017-01-26,26.686756134033203,26.795396135102408,26.616915710457572,26.77987571206138,3102200
2017-01-27,26.640199661254883,26.671237549258162,26.585876696758156,26.65571712514741,1254200
2017-01-30,26.38411521911621,26.38411521911621,26.19787310330888,26.290995641321548,1396400
2017-01-31,26.399635314941406,26.516034045687675,26.290995315491035,26.500516583095884,2408400
2017-02-01,26.47723388671875,26.547074307718386,26.368593889656626,26.539315576593047,2221300
2017-02-02,26.50052833557129,26.624688812894213,26.430687882063438,26.56260709412311,1579200
2017-02-03,26.647953033447266,26.694514296414553,26.57035388871941,26.64019430306153,2387900
2017-02-06,26.267715454101562,26.306517994562977,26.143555021192412,26.259956722140213,3016900
2017-02-07,26.159072875976562,26.197872452408845,26.089232454311286,26.13579372216078,1533800
2017-02-08,26.1435546875,26.174595535385645,25.965074252484833,26.02715594825612,2497000
2017-02-09,26.36858558654785,26.42290556797429,26.29098645885779,26.322024333803633,2590600
2017-02-10,26.306514739990234,26.32979389321247,26.197871784444803,26.213392206665578,867400
2017-02-13,26.415157318115234,26.539317747803633,26.407395626137003,26.5315560558254,1322700
2017-02-14,26.492746353149414,26.50826677095705,26.345306824302376,26.453946788738826,1861300
2017-02-15,26.601394653320312,26.62467676743589,26.368594233690125,26.376355925134632,2831700
2017-02-16,26.710031509399414,26.710031509399414,26.609153214232563,26.64019405592279,1699400
2017-02-17,26.578109741210938,26.593630160519474,26.461708076505577,26.48499018557703,2515600
2017-02-21,26.62467384338379,26.62467384338379,26.500513435869067,26.500513435869067,1521500
2017-02-22,26.647953033447266,26.6712321848221,26.384111797067884,26.422911369431812,2980500
2017-02-23,26.655715942382812,26.725556367673118,26.570358053888516,26.694518481047048,2263900
2017-02-24,26.44620132446289,26.453960057149718,26.267717910262327,26.29100002875981,1487500
2017-02-27,26.531551361083984,26.57811262405995,26.422911374357682,26.422911374357682,2107900
2017-02-28,26.531551361083984,26.647953038415093,26.50051347931763,26.547071782075975,4073100
2017-03-01,26.973867416381836,27.082510340842227,26.880747869918512,26.880747869918512,2475500
2017-03-02,26.849720001220703,26.91956043485134,26.826440843416638,26.84196126869216,2445800
2017-03-03,27.26875877380371,27.323078774530966,27.02043792470253,27.082519617086838,2629400
2017-03-06,27.129074096679688,27.152356208146365,27.043713261809614,27.105794945430613,1977600
2017-03-07,27.0281982421875,27.066997817846023,26.896276132687063,26.96611655295956,4176100
2017-03-08,26.9195499420166,27.105792012510097,26.904029522790704,27.066992444553993,2761900
2017-03-09,27.28426742553711,27.29978784193715,27.160107054553535,27.19890661544526,4150400
2017-03-10,27.571393966674805,27.617955226409837,27.431713147687134,27.478274407422163,3134700
2017-03-13,27.57916259765625,27.57916259765625,27.486040054749807,27.54812175002077,1999400
2017-03-14,27.28426742553711,27.377386963720603,27.23770617633699,27.369628235628955,2373900
2017-03-15,27.672277450561523,27.680036181035177,27.299796223255232,27.299796223255232,1439300
2017-03-16,28.00596809387207,28.029247252982387,27.819725940333736,27.86628721877297,2730000
2017-03-17,27.983413696289062,28.05339178423405,27.89788459257263,28.037840768462612,1891600
2017-03-20,27.905668258666992,28.0611755040552,27.859018161288336,28.02229943422165,1495700
2017-03-21,27.913436889648438,28.37995551999422,27.897885873163162,28.348853487023668,3350600
2017-03-22,27.983413696289062,28.045614793321842,27.86678256102975,27.89010760166042,4854400
2017-03-23,28.045618057250977,28.154472214266445,27.913438856890284,27.936763900235505,3103000
2017-03-24,28.107820510864258,28.177798602928235,28.053393435487074,28.123368561497895,1902500
2017-03-27,28.278865814208984,28.302193814059287,28.131135656733587,28.15446069053178,1667200
2017-03-28,28.411060333251953,28.465487413250052,28.263327145211328,28.294429181225503,3972500
2017-03-29,28.34107780456543,28.348851829326925,28.17779659009757,28.232223661586858,4793600
2017-03-30,28.1389217376709,28.294428950419846,28.1389217376709,28.20112580919183,1634400
2017-03-31,28.263320922851562,28.37217802493555,28.11559073338814,28.15446678682033,3596700
2017-04-03,28.16224479675293,28.224445891285878,27.921208511062222,28.185569836446177,4528400
2017-04-04,28.18556785583496,28.18556785583496,27.991184629242994,28.06116270945821,3037000
2017-04-05,27.975637435913086,28.208896746469897,27.95231239467332,28.14669564781284,3909400
2017-04-06,28.084491729736328,28.18557185239149,28.053392663271957,28.1233677873566,3759000
2017-04-07,28.06894302368164,28.131147093836216,27.998964927784403,28.014515945323048,2547700
2017-04-10,27.890108108520508,27.983414204844845,27.882334083519996,27.897885099574054,1940100
2017-04-11,27.952302932739258,27.99895299942761,27.703492690227897,27.95230293273926,3670900
2017-04-12,27.93675994873047,27.94453397339484,27.781252760966886,27.874555887203872,2463400
2017-04-13,27.695728302001953,27.76570639992328,27.602425160124653,27.726830337978853,2670700
2017-04-17,27.8590087890625,27.8745568389221,27.773479684569672,27.82012976625448,2822400
2017-04-18,27.67240333557129,27.71905638966734,27.509122095315224,27.64130129950725,3468400
2017-04-19,27.641300201416016,27.804581435185494,27.617975158321315,27.765705374676564,4910500
2017-04-20,27.92121696472168,28.12337429072666,27.905665944866872,27.99896909794196,9698500
2017-04-21,27.9600830078125,27.9600830078125,27.835677859626287,27.92898097925277,5082900
2017-04-24,29.515159606933594,29.530710626884698,29.351878346527673,29.359652373476337,15652100
2017-04-25,29.740642547607422,29.787295603696666,29.546259262982534,29.585135326696804,8435700
2017-04-26,29.476274490356445,29.569577615363617,29.45294945061787,29.48404851491835,7530500
2017-04-27,29.421850204467773,29.45295223776432,29.344098087279555,29.45295223776432,4364800
2017-04-28,29.414073944091797,29.522928086305093,29.398522928625194,29.51515109554533,3222100
2017-05-01,29.577350616455078,29.616226666126554,29.414069428203398,29.561799603375995,2027100
2017-05-02,29.779502868652344,29.787279856916086,29.56956867631089,29.64732372868845,3761700
2017-05-03,29.73285675048828,29.795057834595916,29.66287867708446,29.7250797611921,3937400
2017-05-04,30.370445251464844,30.37821927773353,30.05943081175429,30.090532848936046,7278500
2017-05-05,30.860292434692383,30.875843455019183,30.463751797547445,30.48707684501072,9672800
2017-05-08,30.385988235473633,30.455963351549684,30.316010153344852,30.417087298378746,5946100
2017-05-09,30.222705841064453,30.385990019654358,30.168278770218787,30.362662013539854,4943400
2017-05-10,30.277137756347656,30.277137756347656,30.152732579359068,30.261586738467408,5192400
2017-05-11,30.12940216064453,30.13717618517112,29.93501892089844,30.1138511455385,2365000
2017-05-12,30.40153694152832,30.40153694152832,30.222704720231427,30.24603272548079,3202100
2017-05-15,30.61147689819336,30.62702791590726,30.448195661277445,30.455969687107718,4083600
2017-05-16,30.93804359436035,30.96914563105109,30.852514476487556,30.938043594360355,6338800
2017-05-17,30.378206253051758,30.759198630043713,30.36265524112839,30.7125455942736,10979200
2017-05-18,30.393766403198242,30.424868436396153,30.199383144791,30.20715717006391,3736400
2017-05-19,30.829181671142578,30.836955695331515,30.658123478458702,30.681448517078238,7487400
2017-05-22,30.86806297302246,30.945815092343768,30.798084879211995,30.891388015608207,3098500
2017-05-23,30.883609771728516,31.046890979632742,30.8525077418269,31.015788949731128,2989100
2017-05-24,30.89137840270996,30.89137840270996,30.728097223313746,30.79807529534817,2447900
2017-05-25,30.821401596069336,30.930255720135897,30.76697453403606,30.860277645228475,2031800
2017-05-26,30.68145751953125,30.704785531048344,30.595928398093637,30.611479417087168,1772600
2017-05-30,30.595922470092773,30.67367754999527,30.533721372223795,30.588148445129033,7944100
2017-05-31,30.743650436401367,30.97690970453038,30.70477438605528,30.906931627486426,3751600
2017-06-01,30.89137840270996,30.899155391853956,30.728097223313746,30.774750260020795,3662100
2017-06-02,31.24127960205078,31.272381637313003,31.085772391792993,31.163527479948552,4025000
2017-06-05,31.008024215698242,31.031349262086533,30.930269117647754,30.961371156867948,2465300
2017-06-06,30.805858612060547,30.89916471362356,30.759208527332238,30.78253356969639,2581200
2017-06-07,30.821401596069336,30.984682782169173,30.650343420506214,30.92248169672504,3251500
2017-06-08,30.829181671142578,30.836955695331515,30.69699953150884,30.743652574800638,4524100
2017-06-09,30.805858612060547,30.906938739060546,30.68145344269639,30.790307595133378,3533800
2017-06-12,30.549272537231445,30.681451724630964,30.45596644089328,30.6736776996293,3353500
2017-06-13,30.78253173828125,30.813633770285165,30.66590060129308,30.766980722279293,3582000
2017-06-14,30.75143051147461,31.015791858323887,30.611474329845397,31.008017833145864,3374800
2017-06-15,30.31601333618164,30.3315613862402,30.08275106056066,30.129404108895464,8326500
2017-06-16,30.63789176940918,30.63789176940918,30.376906742421422,30.440176936923518,3150000
2017-06-19,30.81187629699707,30.922596111598452,30.645796575095,30.86723620429776,2364900
2017-06-20,30.503446578979492,30.772338893559972,30.424361846351363,30.772338893559972,2796600
2017-06-21,30.519262313842773,30.574622226767936,30.432267302992095,30.448084851954853,1838600
2017-06-22,30.479719161987305,30.574621436421673,30.408541701939303,30.495536710541185,1918900
2017-06-23,30.558805465698242,30.622075663180564,30.408543272011325,30.463903186363822,2111800
2017-06-26,30.67743682861328,30.922601311632857,30.669526545160863,30.88305894503833,1682100
2017-06-27,30.756526947021484,30.906792190035773,30.693259752770505,30.772344499806657,2431900
2017-06-28,31.06495475769043,31.10450013928096,30.85933265110927,30.88305746655235,3212100
2017-06-29,30.54298210144043,30.87514454120616,30.384809654737154,30.87514454120616,4284800
2017-06-30,30.424358367919922,30.566713283886383,30.195008445875196,30.566713283886383,4206000
2017-07-03,30.487627029418945,30.582529305725977,30.46390221456443,30.487627029418945,2382800
2017-07-05,30.479719161987305,30.48762642781979,30.32154669333742,30.392724153385423,1649000
2017-07-06,30.36109161376953,30.50344654585692,30.250371781454707,30.289914147725835,2924500
2017-07-07,30.49555015563965,30.527182249804685,30.30574250619824,30.36901272830879,1447300
2017-07-10,30.56671905517578,30.606261424434926,30.440181663412876,30.44808893050895,1412500
2017-07-11,30.70907211303711,30.72488664625853,30.455994328156322,30.511357261988113,3655100
2017-07-12,30.93051528930664,30.993782480036433,30.883062633592132,30.906790469894162,2698800
2017-07-13,31.0333251953125,31.049139728965663,30.914695074688737,30.993779810511718,1753100
2017-07-14,31.20730972290039,31.238944821456503,30.97795978370215,31.025412431536317,2159000
2017-07-17,31.072860717773438,31.104495811889034,31.033318358573258,31.088678264831238,1368400
2017-07-18,31.017505645751953,31.049137727908946,30.93841789813673,30.962145730865846,1598800
2017-07-19,31.11240577697754,31.12822332540802,30.99377567219338,31.02541076905434,1673000
2017-07-20,31.325937271118164,31.389204446165152,31.23103500010328,31.333844536665737,2273500
2017-07-21,31.1044979095459,31.112405175163744,30.875147987073625,31.064952530790187,2299000
2017-07-24,31.072860717773438,31.096585529915824,30.92259552916867,31.017500811515458,1869000
2017-07-25,31.17566680908203,31.452469326724287,31.151941999556914,31.412926971886336,3204400
2017-07-26,31.397117614746094,31.468295078772364,31.23103787098115,31.286397785569466,2636900
2017-07-27,31.325937271118164,31.476199451632464,31.19148962169901,31.460381903648518,2158100
2017-07-28,31.41293716430664,31.428754714751733,31.238947126299898,31.286399777635175,1345800
2017-07-31,31.41293716430664,31.452479531974735,31.286399777635175,31.436661981529642,1626500
2017-08-01,31.61065101623535,31.745095665417548,31.579015916349245,31.6501933826484,3003900
2017-08-02,31.61855697631836,31.69764472276581,31.5157444143812,31.673916890387048,1067200
2017-08-03,31.70555877685547,31.816278628697024,31.634381298258802,31.689741224179578,4656600
2017-08-04,31.871631622314453,31.942809085429527,31.76881906072845,31.895359454612173,2497500
2017-08-07,31.863733291625977,31.87955084529713,31.816280630612525,31.84000545267431,1437300
2017-08-08,31.71345329284668,31.91116809646016,31.666003670788076,31.863718474401555,2198700
2017-08-09,31.515727996826172,31.51572799682617,31.254746111726057,31.29428845590638,3085800
2017-08-10,31.009597778320312,31.21522292124983,30.962148142943754,31.19940537049453,4830900
2017-08-11,31.009597778320312,31.104503082852087,30.914695490677868,31.064957697519183,2938700
2017-08-14,31.333852767944336,31.43666534840405,31.302220680555617,31.325945500319552,3113600
2017-08-15,31.365482330322266,31.39711742901104,31.207309853767462,31.365482330322266,1647600
2017-08-16,31.499927520751953,31.579012244382177,31.412932514625414,31.492017238255638,2352500
2017-08-17,31.072860717773438,31.412930437294538,31.04913288874243,31.349660249063348,2877900
2017-08-18,31.199405670166016,31.28640069171107,31.025415627075912,31.10450338161203,3170500
2017-08-21,31.136131286621094,31.2073087477036,31.025411462023634,31.136131286621094,2806100
2017-08-22,31.38129425048828,31.38129425048828,31.238939348813492,31.24684661362275,2636300
2017-08-23,31.365482330322266,31.389207145894318,31.25476250180062,31.29430486671706,2032200
2017-08-24,31.333852767944336,31.47620772030714,31.31803521580518,31.444572616028832,1352000
2017-08-25,31.59483528137207,31.658102467889723,31.405027688040416,31.420845238892166,2602800
2017-08-28,31.555286407470703,31.634371128536554,31.531558577639967,31.618553580945637,1059500
2017-08-29,31.405033111572266,31.49202814783593,31.270588431448317,31.30222353861508,2055300
2017-08-30,31.270584106445312,31.35757913067679,31.238949003653968,31.333851295138555,1464500
2017-08-31,31.452476501464844,31.468294050385886,31.286396763127403,31.38920630578069,2301500
2017-09-01,31.539478302001953,31.658105419114687,31.5157504650677,31.626473331351736,1753000
2017-09-05,31.278488159179688,31.531562921722823,31.151950777908116,31.4841132893017,2530400
2017-09-06,31.673906326293945,31.737176502349612,31.571093798647507,31.618546430689257,1973100
2017-09-07,31.950719833374023,32.03771183010125,31.855814536580365,32.02980456381299,3366800
2017-09-08,31.92698860168457,32.013983606039126,31.895356523010083,32.00607634059269,1324600
2017-09-11,32.2591552734375,32.322422455916495,32.18006752422731,32.18006752422731,3125200
2017-09-12,32.39360046386719,32.409418013973934,32.33824054693819,32.3619653636537,2184100
2017-09-13,32.25123977661133,32.425229779858846,32.21960769892978,32.401504967375516,2248900
2017-09-14,32.369876861572266,32.385694412272436,32.21961465525462,32.21961465525462,1412100
2017-09-15,32.409549713134766,32.44922779229926,32.322256122626825,32.409549713134766,2333800
2017-09-18,32.51272201538086,32.560334509548284,32.44923465349891,32.49685017491038,7089500
2017-09-19,32.63969039916992,32.66349664383744,32.57620304373156,32.60794672145074,2846900
2017-09-20,32.52858352661133,32.679361422336356,32.33019012459483,32.592067841090206,2136000
2017-09-21,32.584144592285156,32.631757087633844,32.528594662882284,32.544463476502436,1923900
2017-09-22,32.615867614746094,32.74283924577569,32.615867614746094,32.69522677616614,1272700
2017-09-25,32.31433868408203,32.50479477496647,32.24291689318912,32.417501138625695,2401600
2017-09-26,32.171470642089844,32.234954948368745,32.04449900228936,32.21114871191949,1677000
2017-09-27,32.26670455932617,32.3539981453783,32.17941097327405,32.21115464588269,1154100
2017-09-28,32.3778076171875,32.44129496874016,32.36193577929934,32.39367945507566,4789600
2017-09-29,32.73490905761719,32.782524560599335,32.54445007293146,32.568259338043966,2321500
2017-10-02,32.63969039916992,32.67143104964538,32.536524960204446,32.552396799064034,1246800
2017-10-03,32.72697067260742,32.73490507518441,32.63967710804813,32.655548940444596,1223800
2017-10-04,32.576202392578125,32.63175231385446,32.53652430984412,32.55239614838646,2164300
2017-10-05,32.65555953979492,32.6793657824954,32.528587866653226,32.56032851450604,2189000
2017-10-06,32.66349792480469,32.671432330923786,32.496848151109056,32.512719990591094,1663400
2017-10-09,32.615867614746094,32.703161178686905,32.607933212225326,32.639676876793345,904700
2017-10-10,32.91742706298828,32.94917072822105,32.687290030914525,32.72697112607675,2949300
2017-10-11,33.012672424316406,33.044416106273474,32.893638157843604,32.893638157843604,1328500
2017-10-12,32.91742706298828,32.980914393453816,32.89362082768498,32.925364492917744,1152400
2017-10-13,32.89362335205078,33.028529398779376,32.86981408767774,32.98885132781466,1606500
2017-10-16,32.83809280395508,32.885705306281245,32.8063491175746,32.869833463091005,795400
2017-10-17,32.76665115356445,32.80632922385704,32.726973083271865,32.758713723160305,903100
2017-10-18,32.933311462402344,32.972989545462525,32.83808345760917,32.88569594638391,915700
2017-10-19,32.94124984741211,32.94124984741211,32.80634374326213,32.80634374326213,1031800
2017-10-20,32.76665115356445,32.84600729414963,32.7349074864333,32.82220105742262,4694800
2017-10-23,32.62382507324219,32.79047487367181,32.61588763860592,32.79047487367181,1832700
2017-10-24,32.76665115356445,32.861879127715206,32.71110124970629,32.76665115356445,2928200
2017-10-25,32.72697067260742,32.877748539510065,32.576189778462286,32.8618767071136,1616900
2017-10-26,32.75872039794922,32.893629497123825,32.6952360779943,32.78252966677023,2274700
2017-10-27,32.695247650146484,32.75873199257104,32.60001962288745,32.679375807729244,2197300
2017-10-30,32.88569259643555,32.90156443349155,32.67936476919428,32.67936476919428,1694100
2017-10-31,33.05233383178711,33.123755559980765,32.98884650572949,33.060268233923146,2194300
2017-11-01,33.1475830078125,33.25868287227401,33.12377675892625,33.203132940043254,2516800
2017-11-02,33.24280548095703,33.266611725869,33.0920275511083,33.0999619569977,1618400
2017-11-03,33.060272216796875,33.12375955050301,32.965044243480364,33.12375955050301,1699900
2017-11-06,33.04441452026367,33.05235195399404,32.901570985556965,32.901570985556965,1594200
2017-11-07,32.73490905761719,32.893624373648144,32.631743648110636,32.846008870666,3268200
2017-11-08,32.75872039794922,32.78252966677023,32.61587689399649,32.67142680917329,1144500
2017-11-09,32.47304153442383,32.552400738325275,32.28258549954855,32.44130088010735,2960600
2017-11-10,32.3936767578125,32.48097034530712,32.322255006884475,32.42542043094569,2577500
2017-11-13,32.2587776184082,32.30639011109387,32.004834233271524,32.020703046004115,2227000
2017-11-14,32.3936767578125,32.41748299904075,32.2270270147282,32.298448765656225,2254700
2017-11-15,32.29051208496094,32.393677511422204,32.163540416717595,32.19528409058927,2045700
2017-11-16,32.48097610473633,32.512719783498206,32.39368250176307,32.47303867142394,1574100
2017-11-17,32.338134765625,32.409556534049884,32.27464740380554,32.40162212744447,2818500
2017-11-20,32.27464294433594,32.40161765043045,32.250836700565024,32.36987397390683,2094900
2017-11-21,32.48891067504883,32.56033243900222,32.45717002337031,32.48097626894016,1430100
2017-11-22,32.52066421508789,32.703185883371034,32.40956433241509,32.66350778630857,2734600
2017-11-24,32.98885726928711,33.0761508574772,32.972985432594065,33.004729105980154,2061100
2017-11-27,32.78253173828125,32.988859575226634,32.78253173828125,32.94918149434216,2791700
2017-11-28,32.965057373046875,33.004735458795146,32.822213842557986,32.917441853802615,1991700
2017-11-29,32.86189651489258,33.123777366421294,32.81428098900254,33.052355591208396,2153000
2017-11-30,32.84602355957031,33.052354470855626,32.80634546962905,33.012673353670145,2463200
2017-12-01,32.592071533203125,32.711108798795095,32.385743703719584,32.61587777542415,4786700
2017-12-04,32.65555953979492,32.83014369833758,32.60000962199815,32.78253121293662,2119300
2017-12-05,32.504783630371094,32.70317708958075,32.4571711375969,32.56033355677028,1898100
2017-12-06,32.401611328125,32.48890188066715,32.29844591317498,32.32225215230074,7237600
2017-12-07,32.52066421508789,32.639701533520046,32.425436176689026,32.43337058520361,4147300
2017-12-08,32.695247650146484,32.726991334980966,32.56827593805297,32.679375807729244,3660900
2017-12-11,32.67143249511719,32.69524176808182,32.60001375795486,32.64762624939641,2289100
2017-12-12,32.615867614746094,32.63173944703011,32.512705245763755,32.53651148056853,2983200
2017-12-13,32.60000228881836,32.663486597487044,32.488899450973264,32.61587109555344,3355600
2017-12-14,32.29051208496094,32.663492684844734,32.2746402480251,32.5841365274089,2091900
2017-12-15,32.397987365722656,32.45370847594398,32.262662500490336,32.38206661472046,6752000
2017-12-18,32.835784912109375,33.002948179248385,32.79598456801508,32.86762640201346,3496300
2017-12-19,32.788028717041016,32.93131241143164,32.676586518419896,32.93131241143164,1739600
2017-12-20,32.589019775390625,32.724344596900735,32.56514017488898,32.70842385104238,2405500
2017-12-21,32.66862487792969,32.788025922028766,32.55718268880845,32.56514154378629,1750600
2017-12-22,32.596981048583984,32.61290179414049,32.46165622963956,32.533298066357965,2309800
2017-12-26,32.62882995605469,32.70047180905691,32.57310581565526,32.612909206879486,1061100
2017-12-27,32.589019775390625,32.7004649963991,32.56514017488898,32.63678201296568,1518700
2017-12-28,32.52533721923828,32.68454162847812,32.493495730076006,32.64473824873951,1939100
2017-12-29,32.40592956542969,32.62085503862284,32.397970712306034,32.54125436110147,2516900
2018-01-02,32.54922103881836,32.56514178546411,32.39797850054167,32.42981999383316,2751900
2018-01-03,32.67658233642578,32.72434457396737,32.5173779145256,32.55718129742949,2949400
2018-01-04,33.25767135620117,33.43279650004711,33.24175061252687,33.28155398999831,3167100
2018-01-05,33.59199905395508,33.631799392667666,33.4248358094195,33.496477633730635,4367500
2018-01-08,33.45667266845703,33.51239374732081,33.42483422094276,33.48055529980655,2607500
2018-01-09,33.480567932128906,33.480567932128906,33.305442740155435,33.432805687980085,2053000
2018-01-10,33.36117172241211,33.48853470032929,33.273609105736625,33.48853470032929,1633800
2018-01-11,33.56812286376953,33.58404360962427,33.42484222422045,33.48852217106762,2069100
2018-01-12,34.03777313232422,34.04573502327873,33.83080951608208,33.870609861139606,3773800
2018-01-16,34.125335693359375,34.33230234605169,34.10941494803138,34.25269861941169,4624900
2018-01-17,34.252708435058594,34.38007139760875,34.06962436617853,34.19698732872869,2979400
2018-01-18,34.30046081542969,34.34822305135803,34.14921828984744,34.27658121575136,2417100
2018-01-19,34.563140869140625,34.61090309863981,34.411898363916784,34.57906161230702,3541900
2018-01-22,34.85768127441406,34.87360202270117,34.626834979109326,34.67459722397066,2255800
2018-01-23,34.94525146484375,34.953210322430536,34.80196773569836,34.84972695436489,2658500
2018-01-24,35.00096893310547,35.14425264733108,34.84972332554922,35.1124111471537,4005700
2018-01-25,34.86564254760742,35.18405146228135,34.80992144302535,35.17608956929965,4460800
2018-01-26,35.19200897216797,35.20792972094975,35.016886808713075,35.04076641359957,2489900
2018-01-29,34.89747619628906,34.95319728833681,34.74623366595542,34.857675850050924,3110200
2018-01-30,34.60295486450195,34.81788040834899,34.571113368397455,34.778077019932276,5068100
2018-01-31,34.65866470336914,34.825827948746024,34.58702287869744,34.801948352712536,4046000
2018-02-01,34.67459487915039,34.69847448168011,34.45170745477554,34.475590093877294,3159200
2018-02-02,33.791011810302734,34.196980220112714,33.72732882397933,34.18105947353186,4615100
2018-02-05,32.366146087646484,33.655696562018925,32.230824258050696,33.50445398131078,10974700
2018-02-06,33.28156661987305,33.28156661987305,32.310422143204946,32.374102105496405,21198000
2018-02-07,32.636783599853516,33.01091355428656,32.51737951839601,32.74026693467856,6304600
2018-02-08,31.67361068725586,32.573110367047576,31.65768993585607,32.55719265222063,11617600
2018-02-09,31.769121170043945,31.912404846506927,30.845739164266828,31.753200424151192,14338900
2018-02-12,32.206947326660156,32.27858920108872,31.912420970264208,31.98406284469277,5266300
2018-02-13,32.11140823364258,32.15917046926575,31.960165709026665,32.047725252811674,4361900
2018-02-14,32.692501068115234,32.74026330271423,31.840760955481823,31.840760955481823,4798000
2018-02-15,32.907432556152344,32.95519479944124,32.6208651695633,32.88355295279398,4421300
2018-02-16,32.97111129760742,33.17011608246475,32.875589851116075,32.8915105982933,5742900
2018-02-20,32.67658233642578,32.90742859635245,32.604940498399294,32.73230342860508,3991600
2018-02-21,32.43778610229492,32.93927910577319,32.43778610229492,32.74823313987631,4412700
2018-02-22,32.67658233642578,32.83578675832596,32.5094190598879,32.620861244246484,4741400
2018-02-23,32.907432556152344,32.96315365503664,32.68454816061516,32.76414886285782,3359100
2018-02-26,33.178077697753906,33.201957300034664,32.86763072181601,33.01091440864458,2274600
2018-02-27,32.589019775390625,32.99499120334917,32.58106092074734,32.947228965774116,4236700
2018-02-28,32.27858352661133,32.740276199891966,32.26266277547343,32.71639355489872,4655900
2018-03-01,31.984046936035156,32.29449389195352,31.649717342804127,32.119368722329085,7232400
2018-03-02,31.968130111694336,32.00793046333552,31.59400012580837,31.80096681285804,5539400
2018-03-05,32.191009521484375,32.2308129035294,31.73727890263092,31.74524079366861,3780300
2018-03-06,32.342262268066406,32.413904120457296,32.23082006136333,32.38206262237859,3113100
2018-03-07,32.53330612182617,32.5571887643603,32.270621346530625,32.302462845527806,3374500
2018-03-08,32.55718231201172,32.72434559375893,32.461657833951705,32.65270375349986,3155900
2018-03-09,32.66862487792969,32.66862487792969,32.517379304203516,32.57310039876413,2564400
2018-03-12,32.70843505859375,32.75619731253455,32.612913587284964,32.67659355596655,2701200
2018-03-13,32.43778610229492,32.83579574772185,32.35818538783858,32.81987499751607,4923000
2018-03-14,32.53330612182617,32.716390186201245,32.374101663412745,32.68455172377654,3140500
2018-03-15,32.55718231201172,32.676583354728926,32.453698979065976,32.49349932663838,4139000
2018-03-16,32.69834899902344,32.77012598437183,32.57871967600942,32.60264736599226,4448100
2018-03-19,32.4670524597168,32.61060636495715,32.29957391770262,32.602632500132096,3455300
2018-03-20,32.41921615600586,32.49099313734158,32.26768528301938,32.29161297166455,3139100
2018-03-21,32.33946228027344,32.51491779969156,32.243760652545326,32.30756072359743,4219300
2018-03-22,31.64561653137207,31.95664906759596,31.613714978349222,31.83701976491006,5319700
2018-03-23,31.270769119262695,31.749283107601403,31.2468444846502,31.70143079607801,5480300
2018-03-26,31.93271827697754,31.94069214254852,31.446230335075743,31.821065905190036,5157800
2018-03-27,31.525985717773438,31.996522954261074,31.398382554097097,31.932722893572603,6061400
2018-03-28,31.725360870361328,32.0363933428474,31.605734634489185,31.71738700488942,6301300
2018-03-29,32.116153717041016,32.25173075362907,31.996524414628407,32.124127584128736,3942400
2018-04-02,31.629667282104492,32.1799554079714,31.430287129533916,32.092230696372084,6274200
2018-04-03,31.97260093688965,31.972600936889645,31.68549303447014,31.860948539793092,4108800
2018-04-04,32.10019302368164,32.10019302368164,31.573829731817565,31.58180359644188,4087200
2018-04-05,32.45908737182617,32.554788987097886,32.37933349051683,32.38731039979751,2219600
2018-04-06,32.25970458984375,32.5946617370106,32.20387839864927,32.467058579666194,3979700
2018-04-09,32.57870864868164,32.78606566607917,32.52288246145131,32.634534835911964,2170300
2018-04-10,32.92962646484375,32.993426531159265,32.80202328991305,32.905698777963224,3379300
2018-04-11,32.75416564941406,32.961522676503776,32.73821487484569,32.849867254525144,1579800
2018-04-12,32.95355987548828,32.96951065688519,32.83393053616173,32.841907448010424,2009700
2018-04-13,32.985450744628906,33.12900468836139,32.90569686350003,33.11305391213561,1749800
2018-04-16,33.11304473876953,33.160897054190244,33.00936624317398,33.11304473876953,1869000
2018-04-17,33.440032958984375,33.48788528156564,33.27255439339859,33.304452899487,4165700
2018-04-18,33.55169677734375,33.61549989587596,33.48789670111167,33.54372290867729,1812900
2018-04-19,33.42408752441406,33.55966760557086,33.32040899674117,33.52776605208696,2290000
2018-04-20,33.32838439941406,33.38421059433708,33.216732009568034,33.33635826627473,2213700
2018-04-23,33.31243896484375,33.40016672587495,33.216737335673315,33.32838974342214,1211200
2018-04-24,33.1369743347168,33.400157545471586,33.025321957656864,33.312429808553325,2843400
2018-04-25,33.09709167480469,33.10506553900658,32.865810063070086,32.97746241568722,1746900
2018-04-26,33.16090774536133,33.20875703391014,33.04127843939004,33.19280625696066,1715400
2018-04-27,33.24863052368164,33.2805320757274,33.02532574396022,33.1449550429821,1323500
2018-04-30,33.17684555053711,33.304448685643074,33.14494704848466,33.15292091342309,1708200
2018-05-01,32.99342727661133,33.152932009453465,32.8339225437692,33.152932009453465,7175200
2018-05-02,33.04925537109375,33.288514005220755,33.00937994617255,33.26458631642811,2041000
2018-05-03,33.12102508544922,33.19280205147802,32.88176954611963,33.12900199406311,1862100
2018-05-04,33.17684555053711,33.26457327635347,32.825937689570395,32.85783923392157,1451700
2018-05-07,33.208763122558594,33.29649089071533,33.1449630453629,33.15293691414979,815500
2018-05-08,33.04128646850586,33.057237249331415,32.84988014089951,32.913683264201744,1932800
2018-05-09,33.16090774536133,33.20875703391014,33.04925230671497,33.05722921633952,1062000
2018-05-10,33.392189025878906,33.40016593612946,33.14495956950935,33.20078577206376,1184700
2018-05-11,33.36825180053711,33.448002619178915,33.352301028349004,33.3762256654818,1030800
2018-05-14,33.37623596191406,33.487891401676045,33.31243589577831,33.44801293775408,2054000
2018-05-15,33.11304473876953,33.20874632731231,32.96151697005192,33.0731693304016,3078900
2018-05-16,33.05722427368164,33.089125822810736,32.86581802120624,32.937594985597116,1362700
2018-05-17,33.16887664794922,33.23267670389788,33.06519813444608,33.10507354970139,1970500
2018-05-18,33.04925537109375,33.10508157444341,32.97747838931563,33.06520614952221,3326500
2018-05-21,33.200775146484375,33.280525969667245,33.09709664250753,33.22469978497946,1176500
2018-05-22,33.23267364501953,33.344329056675996,33.20077514113086,33.28850287199721,1432200
2018-05-23,32.72227096557617,32.72227096557617,32.514916937281704,32.61061856247147,3093700
2018-05-24,32.618595123291016,32.65847054650144,32.355411853962615,32.618595123291016,2259300
2018-05-25,32.25970458984375,32.29160613975466,32.05234755772206,32.16400298241025,2558200
2018-05-29,31.10329818725586,31.510032286477582,30.89594420461911,31.31862907824353,10605400
2018-05-30,31.76524543762207,31.876897829509048,31.38243289072457,31.557888387860967,5721600
2018-05-31,31.589792251586914,31.677520006573253,31.286733564079494,31.581815341697396,10185400
2018-06-01,31.892841339111328,31.980566025392154,31.693461244084446,31.964618295012958,6156100
2018-06-04,32.06032943725586,32.20388339181355,32.020454014834215,32.148057191963304,2053600
2018-06-05,31.97260093688965,32.14007953253448,31.876899316849695,32.1002041110428,2900600
2018-06-06,32.347434997558594,32.36338577382898,31.980573227938784,32.08425175254652,2926600
2018-06-07,32.06830596923828,32.41921701722376,32.020456675276606,32.37136468096211,3848900
2018-06-08,32.1241340637207,32.17996027149379,31.924753881016777,32.10020941533228,3680500
2018-06-11,32.52288055419922,32.60263441863624,32.26767427259845,32.30754968366754,3655900
2018-06-12,32.283626556396484,32.5388328499412,32.23577423549473,32.506931302673365,3242900
2018-06-13,32.38730239868164,32.48300399031077,32.25172235509985,32.44312858065686,2309100
2018-06-14,32.41921615600586,32.59466863303772,32.40326537767571,32.41921615600586,3052000
2018-06-15,32.33684158325195,32.353149988148566,32.19004105035394,32.32053006725178,3519300
2018-06-18,31.92090606689453,31.937217583080653,31.700705265037286,31.765951329781775,2892100
2018-06-19,31.627300262451172,31.635457574874703,31.276610494714497,31.35001075101062,3174400
2018-06-20,31.553911209106445,31.668091845852835,31.480510926750167,31.65178032631764,2966900
2018-06-21,31.235828399658203,31.415251911785813,31.178739665999903,31.407094600633112,5045000
2018-06-22,31.659931182861328,31.806731732051418,31.472353394697084,31.651776979508064,2796600
2018-06-25,31.24399757385254,31.521287147378153,31.154285783726042,31.47235259518993,5043200
2018-06-26,31.154287338256836,31.276619058175736,31.031952507233946,31.252153336412754,3793000
2018-06-27,30.844371795654297,31.464196984563333,30.844371795654297,31.268461895670033,5552400
2018-06-28,30.893306732177734,30.925926654814997,30.689417437952095,30.762817708317474,4668800
2018-06-29,31.260311126708984,31.51313188505055,31.211376571334473,31.358177126353976,4937200
2018-07-02,31.11350440979004,31.137970127079942,30.925923540222694,30.95854657067818,4037200
2018-07-03,31.292940139770508,31.488675307004637,31.276628616575586,31.43974073741987,2909600
2018-07-05,31.880125045776367,31.92905958852308,31.790413272959007,31.863813531527462,4119500
2018-07-06,32.06769943237305,32.108476658170346,31.920898930620446,31.961676156417745,2499300
2018-07-09,32.23081970214844,32.23897390495532,32.132953712947305,32.20635398262408,2159300
2018-07-10,32.287906646728516,32.320529678336314,32.15741763140086,32.19004066300865,1998700
2018-07-11,31.61914825439453,31.929060814820048,31.537590680017633,31.847503240443146,4420200
2018-07-12,31.86382293701172,31.929069013266513,31.700710857478885,31.757799618649756,3262700
2018-07-13,31.953536987304688,31.96169119185889,31.782270691727074,31.85567097713239,1632600
2018-07-16,32.02692794799805,32.067705181105424,31.94537037067983,32.00246223035431,1415900
2018-07-17,31.99431037902832,32.07586797026976,31.814886789401132,31.814886789401132,2577700
2018-07-18,32.108482360839844,32.19003993802249,32.03508209692719,32.07586244107024,1454100
2018-07-19,31.929059982299805,32.03508015957037,31.831190895599367,31.863813924499514,9287500
2018-07-20,32.075862884521484,32.12479432040409,31.8638162920185,31.87197360540127,2981500
2018-07-23,32.05139923095703,32.075868063952925,31.953533232285455,32.0350877126611,2158700
2018-07-24,32.20635223388672,32.39392999929702,32.14110617055955,32.304218217773936,3207500
2018-07-25,32.49995422363281,32.557042980585535,31.969843893199847,32.18188740315225,3916000
2018-07-26,32.29606246948242,32.410243085838545,32.27159675010081,32.36130853597164,2259800
2018-07-27,32.434715270996094,32.56520431888348,32.38578071137421,32.49180403500281,2179400
2018-07-30,32.49180221557617,32.64675697904543,32.48364801164795,32.58966821823548,2230000
2018-07-31,32.622291564941406,32.77724632987738,32.55704548848153,32.728314883636635,2195000
2018-08-01,32.3939323425293,32.55704129043872,32.35315199444818,32.49995253644967,1723200
2018-08-02,32.043243408203125,32.05139761138705,31.847508309646543,31.929065897005053,2570600
2018-08-03,31.99431037902832,32.03508761909704,31.831198307649423,31.871978658822144,3481200
2018-08-06,31.888273239135742,31.961673483874527,31.765941571972867,31.839341816711652,1530000
2018-08-07,32.19820022583008,32.287912022135295,32.18188870731058,32.27975781842757,1677700
2018-08-08,32.1003303527832,32.14926179133388,32.01877277002596,32.11664186933465,1153200
2018-08-09,31.90459442138672,32.0921721901114,31.8719745002503,32.07586378509498,2295300
2018-08-10,30.925926208496094,31.09719557761273,30.836217533658612,30.99932647780217,6292200
2018-08-13,30.770965576171875,30.966700627216817,30.705722633225623,30.90145457316747,3508300
2018-08-14,30.787277221679688,30.819900248844224,30.64863402288506,30.787277221679688,1873600
2018-08-15,30.175615310668945,30.265327097206985,29.988037534772907,30.240861377643412,16818200
2018-08-16,30.387659072875977,30.558928444635534,30.363193353097643,30.363193353097643,4226300
2018-08-17,30.624162673950195,30.70572023514232,30.32240747529646,30.371342012011734,5080200
2018-08-20,30.836219787597656,30.868839712148475,30.75466219846083,30.779131030753838,2535900
2018-08-21,31.2766170501709,31.39895187333971,31.13797382094311,31.23583981281589,5028200
2018-08-22,31.464187622070312,31.529430558218575,31.390787374464285,31.456030310612547,2200600
2018-08-23,31.252151489257812,31.45604078817578,31.23583997201192,31.325551761312436,2068100
2018-08-24,31.586511611938477,31.627288826001664,31.439711152429382,31.49679987433825,3375800
2018-08-27,32.02692794799805,32.051393665641775,31.79041564043041,31.79041564043041,2521700
2018-08-28,31.961685180664062,32.17373179244513,31.95353097764346,32.17373179244513,2532200
2018-08-29,32.084022521972656,32.084022521972656,31.847510171462158,31.880133208312714,2264600
2018-08-30,31.668087005615234,31.76595299676408,31.602840937446828,31.676241208584404,2733300
2018-08-31,31.21953010559082,31.44788824800464,31.03195231400002,31.333707621245747,3869400
2018-09-04,30.885156631469727,30.893313947361996,30.61602431800953,30.673113084837585,2787900
2018-09-05,30.599708557128906,30.78728635230051,30.50999676137205,30.754663315460917,3454000
2018-09-06,30.44474983215332,30.713882073254652,30.31425770179677,30.5915472565972,3600100
2018-09-07,30.1185302734375,30.240865108555617,30.036975790761485,30.085907235925458,4076200
2018-09-10,30.461061477661133,30.542619067809724,30.412130034675933,30.526307549780004,3257300
2018-09-11,30.49367332458496,30.49367332458496,30.175606617474518,30.224541153607973,1710300
2018-09-12,30.567081451416016,30.72203618912155,30.461058151352432,30.477369667600954,4338000
2018-09-13,30.925926208496094,31.064572544342543,30.81174870315413,30.983018072270763,3659600
2018-09-14,30.80360221862793,30.966714314745015,30.722044615017154,30.901468231856395,3435500
2018-09-17,30.893306732177734,31.05641878977899,30.860683698436734,30.991172722296994,1866300
2018-09-18,31.080883026123047,31.162437495479427,30.991171243168882,30.991171243168882,2816800
2018-09-19,31.19505500793457,31.235832235397538,31.064566013391254,31.064566013391254,2125800
2018-09-20,31.847509384155273,31.88013242019935,31.6517773900987,31.749643387126987,4551700
2018-09-21,31.910371780395508,31.95936216706231,31.82055191837085,31.853211137864836,2467700
2018-09-24,31.7552490234375,31.951220049031928,31.74708499167905,31.951220049031928,1582000
2018-09-25,31.877716064453125,31.98386400083723,31.853217751181777,31.92670646129124,991300
2018-09-26,31.9022159576416,32.114518091357034,31.82056320766043,31.82056320766043,2151600
2018-09-27,31.7552490234375,32.0002104692902,31.738917845066815,31.845068947049374,2097900
2018-09-28,31.248977661132812,31.395955070282387,31.142826617890996,31.159157787224512,3841000
2018-10-01,31.265308380126953,31.51843371402032,31.24897721102867,31.461276179602333,2788100
2018-10-02,31.012189865112305,31.102009766497694,30.92236996372691,31.012189865112305,2921400
2018-10-03,31.1591739654541,31.33881380654194,31.11018043201551,31.297987419436616,4259500
2018-10-04,30.799890518188477,31.069347104776533,30.661077095213496,31.044851900955702,4151000
2018-10-05,30.53859519958496,30.71006784053008,30.39978178916318,30.652910293548373,3353700
2018-10-08,30.277307510375977,30.30180271590066,30.04051014079337,30.130330047521475,2581500
2018-10-09,30.293628692626953,30.36711740736852,29.983345776920316,30.04050332006904,2179600
2018-10-10,29.681228637695312,30.14665620236327,29.60773991091337,30.1384921726555,5596100
2018-10-11,29.403596878051758,29.877191457995572,29.215793097510915,29.803702751275054,8087100
2018-10-12,29.411771774291992,29.591411574712687,29.08515452168218,29.5750804005969,4912200
2018-10-15,29.501596450805664,29.599580396511005,29.395445359293685,29.42810771281329,2933000
2018-10-16,30.007841110229492,30.007841110229492,29.811870165096973,29.87719485175865,2636500
2018-10-17,29.681228637695312,29.844537265527737,29.575080677229284,29.81187491699065,2747200
2018-10-18,29.093320846557617,29.591410741071694,28.970838601566232,29.526086046448853,5259800
2018-10-19,29.32195472717285,29.493427399793838,29.16681323025671,29.174977260682496,4962800
2018-10-22,29.052494049072266,29.272957103099145,28.97083818197635,29.248461900396787,2673300
2018-10-23,28.881011962890625,29.01982534913787,28.472742061349077,28.619719475092207,4944200
2018-10-24,28.07264518737793,28.725876543819098,28.04814687005008,28.701381341344057,7499500
2018-10-25,28.50541114807129,28.67688379974062,28.27678094584552,28.399260076386657,5275700
2018-10-26,28.358427047729492,28.554397971422027,27.89299960816841,28.129796899131673,7548500
2018-10-29,28.32575798034668,28.71769661979059,28.09712788605059,28.660539096216567,4742400
2018-10-30,28.480911254882812,28.489075282966667,28.227782776350047,28.26044511839022,6251300
2018-10-31,28.693208694458008,28.89734364887487,28.66871349668069,28.70953986459362,7728100
2018-11-01,29.085153579711914,29.093320723931782,28.88918572637514,29.0035008266304,3238000
2018-11-02,29.142303466796875,29.41176308784593,28.938168522918033,29.346438410675717,8239700
2018-11-05,29.150474548339844,29.240294434161353,29.052490634194772,29.158638576663403,6232400
2018-11-06,29.248458862304688,29.26479003402752,29.06065505977087,29.1014814316517,5090400
2018-11-07,29.632232666015625,29.656727865392735,29.48525524004812,29.6077343517861,4423200
2018-11-08,29.174970626831055,29.517919008946148,29.125977110856738,29.452594320980392,5379400
2018-11-09,29.125980377197266,29.142311551020168,28.94634369485116,29.060658796758567,4536500
2018-11-12,28.472753524780273,28.74221326341407,28.45642234836125,28.74221326341407,4434900
2018-11-13,28.70138168334961,28.938175911419865,28.603394642576212,28.644224133658216,4941300
2018-11-14,28.79120445251465,29.060664198398907,28.62789891363709,29.03616899053797,5461100
2018-11-15,28.946338653564453,29.003496194563617,28.431917669719635,28.570731065612147,7056800
2018-11-16,28.921842575073242,28.954504919555095,28.611559647053486,28.676881221164578,4271500
2018-11-19,28.644227981567383,28.930015768415508,28.587067309344498,28.92184862316084,3900100
2018-11-20,28.08896827697754,28.333929575789455,28.00731243413896,28.178785031822112,6249600
2018-11-21,28.456411361694336,28.578893580121452,28.366594598346946,28.39925382372227,5798000
2018-11-23,28.18695831298828,28.2359518293628,28.088974395091828,28.088974395091828,1531500
2018-11-26,28.611555099487305,28.66054549357086,28.48907288457419,28.529899251261188,3057800
2018-11-27,28.472753524780273,28.48092067041649,28.301280844660628,28.440094286795635,2846200
2018-11-28,28.913681030273438,28.938176233312838,28.358433585792636,28.505411033734784,3915500
2018-11-29,28.79120445251465,28.856529159948465,28.652394121498023,28.750378067795257,3244100
2018-11-30,28.644227981567383,28.644227981567383,28.45642101894917,28.570739248541685,3353200
2018-12-03,29.019834518432617,29.06882492859155,28.930014613337054,29.02799854850806,4097000
2018-12-04,28.27678108215332,29.019832357821837,28.252282764044683,29.003501184033716,6657400
2018-12-06,27.90117073059082,27.942000223096127,27.394916795025136,27.762360423602225,7853200
2018-12-07,27.566387176513672,28.04814586872504,27.50106560062795,27.933830774785513,7596200
2018-12-10,27.460237503051758,27.599047789880686,27.14995147122195,27.550057389754006,6152900
2018-12-11,27.517396926879883,27.76235828881061,27.354088313975158,27.73786308707335,6663600
2018-12-12,28.05631446838379,28.22778711819109,28.007320947787623,28.015488091980078,5064600
2018-12-13,28.039976119995117,28.203284698675496,27.990982611935387,28.121628851909275,4963200
2018-12-14,27.631702423095703,27.819506172500724,27.631702423095703,27.697023976655366,4263900
2018-12-17,27.443906784057617,27.680704104750692,27.354086895873863,27.62354656042513,5315500
2018-12-18,27.501068115234375,27.71336714984075,27.419415359197995,27.615383219626498,8970700
2018-12-19,27.272436141967773,27.933831521688987,27.174449103240143,27.688870154575472,9544500
2018-12-20,27.141786575317383,27.386747912678874,27.084625918909047,27.272432829567006,10398400
2018-12-21,26.768043518066406,27.235213656083054,26.718866562190673,27.079491318915867,10940500
2018-12-24,26.292682647705078,26.817224414733964,26.259898005636884,26.653304330908547,5329800
2018-12-26,27.013931274414062,27.022128999785192,26.186139223351024,26.38284086103191,14824000
2018-12-27,27.030323028564453,27.03852075376269,26.382840304611758,26.5877396633424,8202400
2018-12-28,27.153263092041016,27.399141689948955,27.071301475061038,27.33357239636497,4913400
2018-12-31,27.268009185791016,27.390946934816327,27.136873710920877,27.358165410986047,5171600
2019-01-02,27.145063400268555,27.145063400268555,26.85000785355111,26.89099022232969,5217600
2019-01-03,26.784442901611328,26.94836300458581,26.76805057866229,26.923772956904294,3384200
2019-01-04,27.68599510192871,27.735172064245894,27.210630305591256,27.25980414139294,6275300
2019-01-07,27.71059226989746,27.800745367548007,27.497495171591027,27.579456796522848,3240700
2019-01-08,27.890901565551758,28.00564471383237,27.78435614301479,27.964665464663053,4084800
2019-01-09,28.251523971557617,28.284305492093655,28.054819215761253,28.153170030401423,4140700
2019-01-10,28.226930618286133,28.243322939893,28.0056389663669,28.038423609580633,3173200
2019-01-11,27.989253997802734,28.06301789291456,27.899097778608716,27.981056272503572,2285500
2019-01-14,27.890901565551758,27.98105778963404,27.78435614301479,27.78435614301479,2500300
2019-01-15,27.923683166503906,27.94827008801759,27.75156846287621,27.792547707571003,4031000
2019-01-16,27.899097442626953,27.956469012965666,27.866312794857375,27.866312794857375,3384400
2019-01-17,27.948270797729492,27.997447768521607,27.718784520398376,27.718784520398376,2384900
2019-01-18,28.35806655883789,28.41543812220395,28.22693111021323,28.349871961149475,4575400
2019-01-22,28.013839721679688,28.144975182208555,27.964662751537862,28.030232045060295,9241200
2019-01-23,28.19414520263672,28.35806214300611,28.103989009524415,28.308888311501384,3462600
2019-01-24,28.218740463256836,28.32528900721774,28.095799595108396,28.23513278744437,3881400
2019-01-25,28.66132354736328,28.76786896373219,28.595754251275228,28.612146575297242,5206700
2019-01-28,28.603952407836914,28.6367339298591,28.456424615930477,28.49740386334534,2798600
2019-01-29,28.73508071899414,28.800646873225418,28.65311911806081,28.726882995643113,2680500
2019-01-30,28.956375122070312,29.07111824783935,28.636729537622106,28.710493422261585,2266000
2019-01-31,28.890810012817383,28.93178925987276,28.661323728094352,28.71869529927511,4042800
2019-02-01,28.956375122070312,29.038333604329427,28.808847352791354,28.882611237430833,2993700
2019-02-04,28.939983367919922,28.939983367919922,28.661320145651498,28.78425787145137,2157700
2019-02-05,29.210447311401367,29.251426551153866,29.120291108036515,29.169468071648865,3022500
2019-02-06,29.08751106262207,29.177664144028903,29.030136372249373,29.144882626479028,2450300
2019-02-07,28.571165084838867,28.767866704624034,28.472814274946288,28.726887461045113,4854800
2019-02-08,28.4564208984375,28.4564208984375,28.202344595231537,28.37445928779892,6177300
2019-02-11,28.440031051635742,28.51379494437275,28.374461757417944,28.440031051635742,2324800
2019-02-12,28.800647735595703,28.86621701830569,28.735081579401196,28.735081579401196,3276700
2019-02-13,28.800647735595703,28.92358857741919,28.784255414918206,28.86621701830569,2580500
2019-02-14,28.710491180419922,28.808845103269782,28.61214038408551,28.718688903915133,3955300
2019-02-15,29.218650817871094,29.24323774128543,29.06292529887042,29.12849459666359,3442600
2019-02-19,29.341581344604492,29.35797366502093,29.0957027913888,29.0957027913888,4327300
2019-02-20,29.464527130126953,29.603857187280237,29.341586269625616,29.341586269625616,3083100
2019-02-21,29.43993377685547,29.55468002614811,29.39895453679447,29.513697659571505,2622400
2019-02-22,29.5546817779541,29.603855618335757,29.49731021316498,29.538289455654954,1671700
2019-02-25,29.620248794555664,29.775974297629087,29.58746414901222,29.75138425021356,1870500
2019-02-26,29.8497314453125,29.874321489749992,29.677616766827555,29.677616766827555,3033300
2019-02-27,29.710397720336914,29.825140825083384,29.669418486715337,29.775966995343534,1791800
2019-02-28,29.857933044433594,29.956283855402702,29.808756075691086,29.866127642632723,3567800
2019-03-01,30.07101821899414,30.2021536375456,29.99725435065176,30.144782087336523,3610400
2019-03-04,29.939884185791016,30.054627291518443,29.792356442279996,30.054627291518443,3242200
2019-03-05,29.9644775390625,30.02184909826692,29.857929017747647,29.93988749474954,2587500
2019-03-06,29.898914337158203,30.079226775053307,29.898914337158203,30.071029049776552,3592000
2019-03-07,29.398958206176758,29.75958306736179,29.398958206176758,29.751385342417038,4177100
2019-03-08,29.51369285583496,29.51369285583496,29.316991284951662,29.33338360361112,3788600
2019-03-11,29.718597412109375,29.71859741210937,29.472718841705586,29.472718841705586,2368500
2019-03-12,29.710397720336914,29.775966995343534,29.66122076408195,29.68581080546699,2439900
2019-03-13,30.04644012451172,30.062832447456625,29.866127698633665,29.866127698633665,4371700
2019-03-14,30.112010955810547,30.16938252579296,30.046441660678596,30.062833984461584,5169500
2019-03-15,30.549123764038086,30.581990706186808,30.41765912980732,30.45052607195604,5249600
2019-03-18,30.68059539794922,30.68059539794922,30.540912429130987,30.590212853601805,3342600
2019-03-19,30.779184341430664,30.976382848753754,30.721668763120583,30.94351590847258,3732200
2019-03-20,30.787410736083984,30.959957516367755,30.50804793899203,30.647727770355623,3120000
2019-03-21,30.66415786743164,30.66415786743164,30.458744160852188,30.475177633502277,5164500
2019-03-22,29.73569107055664,30.06435429942198,29.669960305402476,29.99040522964552,4557400
2019-03-25,29.793203353881836,29.858937246094396,29.678172176874355,29.801421657590655,2693400
2019-03-26,29.85072135925293,29.957534229984223,29.793202637767227,29.900018642862936,2910200
2019-03-27,29.93288803100586,30.03970404481884,29.711040833562603,29.97397014882172,4479300
2019-03-28,29.842506408691406,29.89180683220497,29.70282657695013,29.83429123862153,2198600
2019-03-29,30.056135177612305,30.088998988686278,29.8753701120655,30.047916874070484,3893700
2019-04-01,30.409440994262695,30.409440994262695,30.25332771974422,30.310843301638613,3249700
2019-04-02,30.508045196533203,30.51626036584238,30.310846655103685,30.401229189327026,1741600
2019-04-03,30.828500747680664,30.90244983450092,30.68881774619104,30.72990301004218,2761700
2019-04-04,30.877784729003906,30.885999896776955,30.79561737945393,30.79561737945393,2236000
2019-04-05,30.902450561523438,30.93531751963136,30.812067993909466,30.812067993909466,4157200
2019-04-08,30.91887092590332,31.001035151956376,30.87778881287679,30.984601679872902,1287900
2019-04-09,30.746320724487305,30.853136724764774,30.721672083794154,30.82848808407162,1671300
2019-04-10,30.88600730895996,30.91065595255831,30.72989400889598,30.770976126348117,2901400
2019-04-11,30.927085876464844,30.992819764334758,30.836703347825857,30.927085876464844,3041400
2019-04-12,31.173595428466797,31.214680693677888,31.11607981841008,31.1900289076781,2246200
2019-04-15,31.181804656982422,31.20645330144033,31.107855589243933,31.20645330144033,1694500
2019-04-16,31.206457138061523,31.288624520297738,31.206457138061523,31.272191043850494,961400
2019-04-17,31.46116065979004,31.50224276980354,31.370778137141887,31.50224276980354,2192300
2019-04-18,31.477609634399414,31.50225828567495,31.379008760566023,31.42830919748272,2398900
2019-04-22,31.477609634399414,31.551558722591647,31.436524369786024,31.477609634399414,10172900
2019-04-23,31.452951431274414,31.452951431274414,31.288622943812005,31.305053285066258,2925900
2019-04-24,31.21466636657715,31.34613100556144,31.17358112022362,31.296830590555743,3313100
2019-04-25,31.181804656982422,31.181804656982422,31.00925787704754,31.042121691536497,2290900
2019-04-26,31.21466636657715,31.30504575920791,31.148932479902886,31.231096703881484,3354900
2019-04-29,31.39544105529785,31.42830801200257,31.23110940613977,31.239327712498703,1547900
2019-04-30,31.67479705810547,31.707664007691527,31.420086034725593,31.444734679732722,4311900
2019-05-01,31.43651580810547,31.78982767387052,31.420085467973635,31.699448265686357,4213800
2019-05-02,31.305044174194336,31.461160579959223,31.231095122612043,31.461160579959223,2348400
2019-05-03,31.58440589904785,31.60083936935853,31.395425692020996,31.420077464669003,1495800
2019-05-06,31.313274383544922,31.337923031990215,30.918880336593908,30.93531381367919,2537800
2019-05-07,30.557348251342773,30.886011504332842,30.442317053105775,30.85314455216082,4805400
2019-05-08,30.76276206970215,30.89422674431931,30.664164347330544,30.72989825182167,3218300
2019-05-09,30.63129425048828,30.672379503759977,30.335497979374722,30.384798402681902,5598100
2019-05-10,30.828500747680664,30.87780118368269,30.450540141428505,30.565571357734328,2852300
2019-05-13,30.146507263183594,30.26154154431339,30.056127886698548,30.212241138114905,4597500
2019-05-14,30.442312240600586,30.573776894140867,30.294414113572195,30.302632417498536,3420400
2019-05-15,30.655941009521484,30.713456593446175,30.162946260270125,30.171164563324652,3385500
2019-05-16,31.009267807006836,31.132514203127784,30.770987053060935,30.795635705411975,2186300
2019-05-17,30.861347198486328,30.98459350504921,30.79561332749534,30.828480262990833,1580400
2019-05-20,30.524478912353516,30.639510089784,30.442311546785664,30.508045439239947,1515000
2019-05-21,30.70525360107422,30.787421000769694,30.590222375866365,30.68060494834848,1515900
2019-05-22,30.623065948486328,30.705230151066058,30.557332078931815,30.581983847196465,775700
2019-05-23,30.253332138061523,30.28619908519095,30.08078536717893,30.17938307420261,1645800
2019-05-24,30.63129425048828,30.63129425048828,30.491614419331743,30.565563487110133,3900000
2019-05-28,30.27798843383789,30.64773384658377,30.26155809048508,30.614866891147383,1701600
2019-05-29,29.990402221679688,29.99861739111318,29.834288927527105,29.932886632551657,2564800
2019-05-30,30.1382999420166,30.162948584350882,30.023268765303975,30.023268765303975,1811300
2019-05-31,29.817853927612305,29.850720872392532,29.637088865685413,29.678170979478516,1859800
2019-06-03,30.064353942871094,30.130084707245715,29.875373685542446,29.965756229126757,2307100
2019-06-04,30.606645584106445,30.63951253295437,30.417665329778014,30.516263041957032,1948700
2019-06-05,30.557348251342773,30.69703123089133,30.508050957449818,30.69703123089133,1120200
2019-06-06,30.66415786743164,30.77918904161783,30.549126693245455,30.672376170938897,3012900
2019-06-07,31.157148361206055,31.31326477844613,31.09141760739258,31.09141760739258,1995500
2019-06-10,31.165363311767578,31.27217930138349,31.124281203258064,31.173578479723894,1338100
2019-06-11,31.354360580444336,31.526907410697152,31.27219631871414,31.51047393147798,1339100
2019-06-12,31.107858657836914,31.28040545479244,31.091425181788996,31.222889855807264,828500
2019-06-13,31.140714645385742,31.206445392068755,31.09141423460051,31.206445392068755,1311500
2019-06-14,30.902450561523438,30.927099212921558,30.83671664530759,30.9188840405774,1665100
2019-06-17,30.91065788269043,31.03390737710747,30.8942244078105,30.918876187312815,1221900
2019-06-18,31.50225067138672,31.559766266704845,31.370786005750308,31.379001176067955,3254800
2019-06-19,31.64192771911621,31.740528560428654,31.502247895470465,31.52689653861628,2327400
2019-06-20,31.95416831970215,32.085633018482625,31.82270362092167,32.03633571541848,4565500
2019-06-21,31.951637268066406,32.03556463864928,31.87610135389224,31.926459697216337,3787700
2019-06-24,32.00199508666992,32.08592245587668,31.968422858337657,32.052350227544416,1700600
2019-06-25,31.775394439697266,32.027179805136505,31.750216863640727,32.027179805136505,3996100
2019-06-26,31.83413314819336,31.943241275757046,31.8173470361356,31.93484661891641,1447200
2019-06-27,31.892887115478516,31.934850800305675,31.842528772711567,31.859314886967216,1515800
2019-06-28,32.14468002319336,32.22021595438411,32.04396651548059,32.060752633703494,3340400
2019-07-01,32.178245544433594,32.421639405435435,32.10270962900626,32.421639405435435,1726400
2019-07-02,32.287353515625,32.32092254326012,32.203422942477204,32.211817600603986,1635800
2019-07-03,32.55592727661133,32.581104849545724,32.497177472014904,32.513963587845915,1588100
2019-07-05,32.32093048095703,32.32932514114545,32.09432588186616,32.28736144507769,1363300
2019-07-08,32.1530647277832,32.22860063558628,32.11109784440751,32.14467007045859,1175200
2019-07-09,32.085933685302734,32.10271980534367,31.993611625890107,32.010397745931044,1218600
2019-07-10,32.14468002319336,32.28736042727574,32.077538751926404,32.228610614307904,1718000
2019-07-11,32.1194953918457,32.25378110650936,32.02717336270994,32.21181742098146,2462900
2019-07-12,32.12790298461914,32.13629764691535,32.02718944844378,32.1027254009817,1799100
2019-07-15,32.16145706176758,32.20342074466555,32.12788483479969,32.16985171932144,1010400
2019-07-16,32.102718353271484,32.253790225181575,32.085932233989816,32.153076711116476,1352800
2019-07-17,31.985214233398438,32.20342735020182,31.951641999544247,32.17824977562339,1327100
2019-07-18,32.0439567565918,32.0775289828133,31.80056291892149,31.892884940218757,2051200
2019-07-19,31.792179107666016,31.901284066684813,31.741820756225007,31.859320374629547,2314000
2019-07-22,31.901287078857422,31.96004009523173,31.850931924286275,31.934859316321372,1442500
2019-07-23,32.18663024902344,32.22859712783146,32.119489005852614,32.1530612282497,1444000
2019-07-24,32.19503402709961,32.19503402709961,32.07753441704256,32.07753441704256,2139600
2019-07-25,31.85931396484375,32.15306615337948,31.766991939921773,32.15306615337948,3846000
2019-07-26,31.968429565429688,32.0103932588372,31.901285094678,31.976821023461355,1438300
2019-07-29,32.02717971801758,32.07753807161829,31.985216024162625,32.052357294005624,1706500
2019-07-30,31.439668655395508,31.49841844890964,31.364132749216825,31.464849425204154,3942500
2019-07-31,31.17949104309082,31.565562018731402,30.944488673968415,31.464848547178107,4005200
2019-08-01,31.045209884643555,31.51520828833521,30.95288785488298,31.204673171378367,6395100
2019-08-02,30.675928115844727,30.868963671839072,30.49128721972495,30.860572213589172,8097100
2019-08-05,30.096811294555664,30.340205122813305,29.920561916144376,30.298238240847546,8150300
2019-08-06,30.239492416381836,30.340209104368444,30.02967078551241,30.306636875039572,4815100
2019-08-07,30.44930648803711,30.491273365091683,30.071630207531644,30.155557558394367,4490300
2019-08-08,30.726289749145508,30.877361626762514,30.541645631696937,30.625576231275836,5547500
2019-08-09,30.566810607910156,30.642346515574832,30.39056122390048,30.58359672090494,4033500
2019-08-12,30.323429107666016,30.558428357132815,30.289856871563714,30.432534072561516,2412900
2019-08-13,30.68431854248047,30.852173297318373,30.23949447761219,30.264675252137256,5415400
2019-08-14,29.761089324951172,30.06323288384374,29.744303215943482,30.004483103128287,5635800
2019-08-15,29.761089324951172,29.912161104397455,29.5932314364972,29.75269787125879,4878400
2019-08-16,30.11359977722168,30.18913568843237,29.861814473727325,29.870205929806804,2655400
2019-08-19,30.365386962890625,30.550031024322625,30.365386962890625,30.54163636609897,2726000
2019-08-20,30.239492416381836,30.390564246737743,30.180742615868315,30.340209104368444,2302300
2019-08-21,30.64235496520996,30.768249246574353,30.625572049210977,30.75985778857486,3706800
2019-08-22,30.533245086669922,30.717885947549274,30.398959368928548,30.667530804411292,3254800
2019-08-23,30.071638107299805,30.65074466427861,30.063243449034342,30.39056468565819,4407500
2019-08-26,30.37378692626953,30.4157538258934,30.231109712748164,30.390573045794092,1683800
2019-08-27,30.38217544555664,30.60878321089555,30.33181709716212,30.56681631975464,1983600
2019-08-28,30.37378692626953,30.457717523892335,30.14717911512536,30.23950117169798,2094100
2019-08-29,30.776634216308594,30.8186011023324,30.642348505254542,30.776634216308594,4280700
2019-08-30,30.76824951171875,30.978071181384486,30.65074988896587,30.961285063616273,2602100
2019-09-03,30.633960723876953,30.659138297212426,30.482888880615562,30.54163868614785,2368300
2019-09-04,31.07878303527832,31.087177694528748,30.944497301891293,31.00324711014659,1858300
2019-09-05,31.338970184326172,31.498433528545874,31.288611822223825,31.4312922473679,2948300
2019-09-06,31.355751037597656,31.473250661139303,31.3473563778449,31.431286967249378,2271900
2019-09-09,31.4648494720459,31.5152046084909,31.422882589510223,31.498418495801356,2120500
2019-09-10,31.498430252075195,31.599146965803328,31.39771673997189,31.481644133120508,4568900
2019-09-11,31.624319076538086,31.624319076538086,31.448069660419268,31.47324723368645,3106400
2019-09-12,31.926456451416016,32.00199235791084,31.624312825436743,31.649490393727135,4095900
2019-09-13,32.0103874206543,32.11949556491392,31.985209849526694,32.06074576453351,1807700
2019-09-16,31.615922927856445,31.725031076246495,31.565567783694974,31.716639619427625,4034800
2019-09-17,31.82573699951172,31.834131655958853,31.582346390141982,31.607523956236662,1333900
2019-09-18,31.817344665527344,31.90127201793948,31.64948675907981,31.766986333106104,1673400
2019-09-19,31.926456451416016,32.035561381756814,31.901275681501986,32.01038381346642,1904500
2019-09-20,31.90377426147461,32.11388869134116,31.87856155583999,32.03824736834553,1983700
2019-09-23,31.74408721923828,31.794515834645736,31.618017283765454,31.643233194515002,1979600
2019-09-24,31.618009567260742,31.811314403341697,31.55917780002266,31.777698540699124,2593600
2019-09-25,31.41629981994629,31.44151251704883,31.17256639431947,31.31544261935477,3570000
2019-09-26,31.57598876953125,31.626417374923403,31.483537929357805,31.55917923440053,2240400
2019-09-27,31.517166137695312,31.693661498604342,31.458334350725636,31.601210631625726,2418500
2019-09-30,31.7188720703125,31.794513384548917,31.584398979013464,31.601205310095875,2127200
2019-10-01,31.374284744262695,31.685253168442323,31.30704659520147,31.676846796763964,5512200
2019-10-02,30.575841903686523,30.88681025205627,30.441368844438202,30.870000718888903,4309800
2019-10-03,30.802770614624023,30.802770614624027,30.40775453857587,30.542227618876563,4289400
2019-10-04,31.046510696411133,31.04651069641113,30.777564450673452,30.82799307403382,2340700
2019-10-07,31.054906845092773,31.21459262401869,31.012884609174492,31.02969093866893,1710400
2019-10-08,30.718725204467773,30.87841420330689,30.685106130386764,30.84479512922588,2461700
2019-10-09,31.080114364624023,31.1473524957581,30.970854004576424,31.029685766273463,1804600
2019-10-10,31.39109230041504,31.47513999002137,31.13055247786425,31.180977885536514,3072000
2019-10-11,32.02984619140625,32.24836380136059,31.98782394404103,32.01303665124177,5060100
2019-10-14,32.02143096923828,32.063456411081845,31.9205769622141,31.95419603325252,1377400
2019-10-15,32.4500732421875,32.559333644031966,32.12229524274589,32.147507948520854,3691200
2019-10-16,32.5088996887207,32.59294416489907,32.43325837772366,32.466877450631515,2761600
2019-10-17,32.58455276489258,32.769454526556245,32.492101884060745,32.74423860972512,3432000
2019-10-18,32.63496017456055,32.69379193209585,32.48367759630112,32.559318885430834,2181200
2019-10-21,32.77783966064453,32.887100023885395,32.735817430502856,32.87029049061059,1691500
2019-10-22,32.59294509887695,32.85348811224199,32.55932923109707,32.7190150228484,2337700
2019-10-23,32.803062438964844,32.81987197740576,32.618163928298,32.643376632913565,1910200
2019-10-24,32.811466217041016,32.88710753099887,32.75263444019507,32.87029799388697,2076900
2019-10-25,32.77783966064453,32.8198618907862,32.702198363953265,32.72741106082014,1424100
2019-10-28,32.86188507080078,32.94593273960417,32.85348190696581,32.85348190696581,1198300
2019-10-29,32.836669921875,32.89550168260008,32.76102862864411,32.777838161149916,1825100
2019-10-30,33.0047721862793,33.02998488974297,32.58454336273017,32.77784823683179,2093900
2019-10-31,32.92072677612305,32.96275222625943,32.80306321036127,32.96275222625943,5854900
2019-11-01,33.130836486816406,33.16445555970371,33.03838884551318,33.0888142487529,2448400
2019-11-04,33.32414245605469,33.48382823308479,33.290523385282754,33.45861553305137,2860400
2019-11-05,33.29051971435547,33.30732924788786,33.18125934944029,33.29051971435547,1481800
2019-11-06,33.3409538269043,33.43340468246128,33.29052841921252,33.36616973684173,1290400
2019-11-07,33.42500686645508,33.509051363454326,33.39979415857371,33.48383865557296,2477200
2019-11-08,33.42500686645508,33.42500686645508,33.248511499101426,33.33255599610067,1201800
2019-11-11,33.416587829589844,33.42499419975933,33.298924295943706,33.315733830191846,1069100
2019-11-12,33.408180236816406,33.49222469082506,33.357751640756966,33.41658339978111,1523500
2019-11-13,33.31574630737305,33.340959015142325,33.240104977973175,33.24851135129096,1327400
2019-11-14,33.307334899902344,33.32414443628719,33.19807451644647,33.214884052831316,1913700
2019-11-15,33.55105972290039,33.55105972290039,33.416586659713865,33.416586659713865,2126600
2019-11-18,33.54265594482422,33.60989407823146,33.374563817396776,33.4081828841004,1501200
2019-11-19,33.5090446472168,33.67713681361653,33.43340333264149,33.66032727636742,1292600
2019-11-20,33.307334899902344,33.41659207726698,33.18126498006162,33.357760302965644,1859900
2019-11-21,33.357757568359375,33.4165893378378,33.24850039995143,33.38297347391511,1203600
2019-11-22,33.31574630737305,33.441816258403506,33.24851135129096,33.408197177316445,556200
2019-11-25,33.42500686645508,33.450219574336444,33.349365536718935,33.366175077337196,618500
2019-11-26,33.450218200683594,33.483837280539525,33.38298324706365,33.41659912082766,710300
2019-11-27,33.450218200683594,33.46702774061156,33.37457687405371,33.41659912082766,789400
2019-11-29,33.38296890258789,33.467013360022364,33.33254030447288,33.39137206589512,2167700
2019-12-02,32.979557037353516,33.20647776388317,32.861890282368,33.19807459871554,2512700
2019-12-03,32.94593811035156,32.94593811035156,32.60975379251573,32.727417341930895,2881300
2019-12-04,33.26530838012695,33.30733061263441,33.18126070902121,33.20647340730752,991700
2019-12-05,33.231685638427734,33.349349158879036,33.13082844424907,33.340942789652246,1150200
2019-12-06,33.43339538574219,33.48382398550298,33.36616045881844,33.4754208219215,869800
2019-12-09,33.19807052612305,33.40818489654154,33.18126099175866,33.357756293448396,1262700
2019-12-10,33.28211975097656,33.35776106338706,33.139243497585234,33.1980752732277,1360900
2019-12-11,33.55947494506836,33.59309402125569,33.35776369403597,33.35776369403597,2420700
2019-12-12,33.862030029296875,33.90405225884053,33.55946484683763,33.57627437987321,1791000
2019-12-13,34.03852081298828,34.30746689378888,33.94606999657117,34.05533034379959,2282100
2019-12-16,34.383113861083984,34.4671583229384,34.34949479390593,34.37471069733483,1448000
2019-12-17,34.18140411376953,34.29907085388306,34.16459778555844,34.29066448368667,1174900
2019-12-18,34.05533981323242,34.17300335553895,34.004911206776306,34.14779065535643,650000
2019-12-19,34.046932220458984,34.06374175534104,33.929268682375536,33.97969728702171,1668300
2019-12-20,34.217987060546875,34.26011641836666,34.150577516624054,34.1927100887078,1248200
2019-12-23,34.226409912109375,34.285391652921184,34.2095575269826,34.2095575269826,512700
2019-12-24,34.16743087768555,34.20113565060884,34.10002454610303,34.18428326414719,523100
2019-12-26,34.369651794433594,34.369651794433594,34.18427878192556,34.18427878192556,1415900
2019-12-27,34.48761749267578,34.571876205102505,34.462340521800535,34.54659923422726,1180500
2019-12-30,34.201133728027344,34.47076546772846,34.15900437137352,34.46234088210325,1818500
2019-12-31,34.369651794433594,34.369651794433594,34.091592275671545,34.2095557511717,1386300
2020-01-02,34.765663146972656,34.7740909441875,34.62242273694893,34.656127497282576,1725200
2020-01-03,34.319095611572266,34.4876162445909,34.251689286923046,34.251689286923046,1267600
2020-01-06,34.37807846069336,34.4117832312378,34.201133236730776,34.217985622003,837500
2020-01-07,34.18427658081055,34.30224004871506,34.1674241976437,34.285387665548214,1140500
2020-01-08,34.35279846191406,34.47076193415798,34.16742545452303,34.16742545452303,1844100
2020-01-09,34.49604034423828,34.51289272872929,34.39492925155588,34.4707633746336,1164300
2020-01-10,34.38650894165039,34.55502637898461,34.3275271957306,34.479192246478576,1237200
2020-01-13,34.470760345458984,34.470760345458984,34.276962762238135,34.32751991126838,1310100
2020-01-14,34.35279846191406,34.41178019803602,34.260111958218545,34.293816725792105,2251600
2020-01-15,34.293819427490234,34.39493052391299,34.251690071836066,34.31067181260466,1661400
2020-01-16,34.46234130859375,34.46234130859375,34.31909763708138,34.41178415142516,1019600
2020-01-17,34.614009857177734,34.614009857177734,34.496043156124784,34.58030508544832,1701100
2020-01-21,34.268531799316406,34.42020001813902,34.268531799316406,34.37807067163565,3016800
2020-01-22,34.142147064208984,34.302239882121405,34.12529468112398,34.302239882121405,1759400
2020-01-23,34.04103469848633,34.04103469848633,33.73769824290219,33.98205296704089,1745600
2020-01-24,33.982059478759766,34.1927094783625,33.88937296465234,34.17585709268261,1976300
2020-01-27,33.156307220458984,33.34168024067158,33.12260566481796,33.24056914522097,1773500
2020-01-28,33.52705383300781,33.56918318897584,33.29112365391199,33.32482842439194,1356900
2020-01-29,33.57760238647461,33.720846030897064,33.52704845313058,33.628159534081945,1210400
2020-01-30,33.54390335083008,33.56075573462947,33.21528668813729,33.24899145573607,3026100
2020-01-31,32.94565200805664,33.23213607831206,32.83611634462314,33.21528369603077,2226200
2020-02-03,33.08890151977539,33.240569772947346,33.055196749234106,33.06362454900134,1172400
2020-02-04,33.661865234375,33.75455173376521,33.62816046836703,33.636585052737324,1838200
2020-02-05,34.024192810058594,34.11687933499237,33.93150628512482,34.057894371091,2327000
2020-02-06,34.20955276489258,34.26010991323516,34.142146448032484,34.234832946195546,2449100
2020-02-07,33.9736213684082,34.08316023495246,33.93149202412594,34.05788005697275,917000
2020-02-10,34.024192810058594,34.024192810058594,33.84724434688307,33.84724434688307,756200
2020-02-11,34.18427658081055,34.285387665548214,34.13371943130999,34.15899961319199,4680700
2020-02-12,34.369651794433594,34.42863353218367,34.30224225742571,34.42863353218367,2272700
2020-02-13,34.11687469482422,34.1927088217956,33.97363102642768,34.06631753875535,1504000
2020-02-14,34.11687469482422,34.17585643643931,34.01576038268649,34.14215166572673,996800
2020-02-18,33.96520233154297,34.04946103386638,33.9230697661178,33.939922149435176,1161600
2020-02-19,34.142147064208984,34.184276414789785,34.05788514878396,34.10001771362818,764400
2020-02-20,33.93992614746094,34.15057614234689,33.75455633766071,34.08316981540059,1604000
2020-02-21,33.720848083496094,33.79668220239149,33.5860322292669,33.74612505170672,2243000
2020-02-24,32.26314926147461,32.48222380978461,32.20416752868871,32.21259211297382,3826400
2020-02-25,31.43739891052246,32.229441545619984,31.378417183135575,32.20416458081505,4804100
2020-02-26,31.445829391479492,32.001945221325066,31.40370003748252,31.749165883079563,5330800
2020-02-27,30.552669525146484,31.420549567095037,30.535820356489538,30.931840105195523,4655700
2020-02-28,30.308317184448242,30.358871117571415,29.507846695943933,29.76062600434969,6500600
2020-03-02,30.96554946899414,31.016106625262186,30.097672512441193,30.38415663609904,3817800
2020-03-03,30.544246673583984,31.58064417500362,30.325172111718384,31.142491837008855,3426400
2020-03-04,31.65648078918457,31.69861014506261,30.89813952632458,31.14249429038656,2441000
2020-03-05,30.58637809753418,31.00767808018414,30.41785746162144,30.712769378034682,2663700
2020-03-06,30.03026008605957,30.27461482982006,29.701646637543384,30.004983117485573,3254400
2020-03-09,27.22440528869629,28.387190894623107,27.114866396220158,27.8057980916597,5884100
2020-03-10,28.083852767944336,28.235517774234115,27.005322842427653,28.201816225204798,8606100
2020-03-11,26.567176818847656,27.494037078881963,26.272266516955128,27.40977515590484,5866200
2020-03-12,23.25575828552246,24.679752610857136,23.070385273186318,24.595492296807237,5451000
2020-03-13,24.69660186767578,25.117901804858867,23.112514811005322,25.084198645592714,2881000
2020-03-16,21.865468978881836,22.910292706514497,21.064998396945185,21.32620392707039,4681300
2020-03-17,22.99455451965332,23.07038704026162,21.6969497624376,22.067694208375226,3165700
2020-03-18,21.225086212158203,21.916017686854126,20.466746827909787,21.368328220848674,3324900
2020-03-19,21.536853790283203,22.008710908864003,20.87120068038059,21.081850663168932,3821100
2020-03-20,21.595834732055664,22.750197302310898,21.402037140747602,22.21093388053829,3086300
2020-03-23,21.847896575927734,22.448439676351096,21.619520962528682,22.067813654019343,3976800
2020-03-24,23.903270721435547,24.224686954279,23.28581224502812,23.61568701206488,4228700
2020-03-25,24.79139518737793,25.29889593253754,23.73410264050391,24.080894466814556,4490200
2020-03-26,25.831771850585938,25.882521440268913,24.89289556829891,24.90135410212947,5876200
2020-03-27,24.808313369750977,25.214313338796707,24.309271136144595,24.647604443682702,3741800
2020-03-30,25.214317321777344,25.27352545828677,24.54610913549861,24.689901015578954,3269600
2020-03-31,24.960561752319336,25.205852775552593,24.63068700568483,24.969020285989497,4036100
2020-04-01,23.691814422607422,24.241606290195694,23.59877215107843,24.063981895422803,4016300
2020-04-02,24.038604736328125,24.275438860680794,23.50572997316023,23.581853556498086,4320800
2020-04-03,23.632606506347656,23.81868943780057,23.395772364525275,23.6918146384781,2229200
2020-04-06,25.07052230834961,25.231231239718664,24.571480058282955,24.63068980069299,3127000
2020-04-07,25.205852508544922,26.00939545239431,25.205852508544922,25.958645864211285,4202500
2020-04-08,25.493438720703125,25.628772044788175,25.112814351701605,25.358105396618075,3290700
2020-04-09,26.136274337768555,26.305441809369878,25.789482472956365,26.017858075627977,4983900
2020-04-13,25.823312759399414,26.077062315637857,25.569561589860637,25.992478592458266,2161500
2020-04-14,26.330812454223633,26.65223028675468,26.21239620713344,26.381563657234032,2876700
2020-04-15,25.172021865844727,25.366563312813145,25.04514707926969,25.248147060449835,2971200
2020-04-16,25.062063217163086,25.349646934994766,24.808313637100067,25.290438807200093,2915100
2020-04-17,25.967103958129883,26.05168606590271,25.67106174102411,25.899437303931446,2036100
2020-04-20,25.628772735595703,26.068606857377805,25.51881501180044,25.52727354644631,2377200
2020-04-21,24.977479934692383,25.375021355134677,24.84214661652903,25.09589618476021,3026200
2020-04-22,25.25660514831543,25.324271807512975,25.12972875068217,25.25660514831543,2336600
2020-04-23,24.985937118530273,25.68797927355281,24.884436328742535,25.172020017624085,5728400
2020-04-24,25.265064239501953,25.315813831694097,24.909813867556043,25.163563441817214,2664800
2020-04-27,25.76410675048828,25.823316494588564,25.41731488726087,25.44269049187528,1666500
2020-04-28,25.90789794921875,26.32235808073989,25.89944102786573,26.288523942125703,2444000
2020-04-29,26.804485321044922,26.931360123989023,26.483067432732504,26.55073410185607,2322600
2020-04-30,26.280067443847656,26.449234923425887,26.11090157757008,26.449234923425887,4322400
2020-05-01,25.69643211364746,26.000932821360355,25.569557356533775,25.88251659649426,4917000
2020-05-04,25.578020095825195,25.586478629464033,25.2819778716672,25.408854262949433,3017800
2020-05-05,25.527273178100586,25.78948129513693,25.476523584258178,25.637230900309213,1957100
2020-05-06,25.180477142333984,25.645685170689674,25.155101542981768,25.611852651520284,2690200
2020-05-07,25.63723373413086,25.789484145787636,25.484983322474083,25.6034012055964,2800400
2020-05-08,26.068607330322266,26.1109000043189,25.933274000134134,25.975565060830217,1760000
2020-05-11,25.90789794921875,25.95864915714003,25.67106543212156,25.764106086709518,1615500
2020-05-12,25.527273178100586,26.00093981833087,25.493439040005313,25.924814620917015,2100700
2020-05-13,25.053606033325195,25.49343852660259,24.850604435442744,25.468064536842636,3762100
2020-05-14,24.892892837524414,24.92672535583481,24.17393367380128,24.3684750906616,4711900
2020-05-15,24.952106475830078,25.01131460594972,24.698356885802873,24.799856076493533,2804700
2020-05-18,26.364648818969727,26.508440679724217,25.76410577230079,25.76410577230079,5709500
2020-05-19,26.000940322875977,26.347732178579456,25.98402325350007,26.23777445423711,3531700
2020-05-20,26.66914939880371,26.821398179604742,26.432315273167948,26.508440470218712,3701400
2020-05-21,26.415393829345703,26.745270166365835,26.280060526624705,26.6183937834272,4917000
2020-05-22,26.373104095458984,26.381562628964364,26.153187064220035,26.305437440716254,2180900
2020-05-26,27.142818450927734,27.379650984327508,27.134361528992574,27.22740057668443,5992500
2020-05-27,27.878692626953125,27.946360907278347,27.557277975211928,27.844858486790518,8291300
2020-05-28,28.140901565551758,28.487693425761154,28.09015035676461,28.166275556644777,5238700
2020-05-29,28.217025756835938,28.33544201317214,27.87023390902235,28.301607875190086,5845300
2020-06-01,28.783729553222656,28.834480754033198,28.377729626540127,28.403106840245695,2201700
2020-06-02,29.333532333374023,29.35044940573072,29.037491633635895,29.122073768817753,3593900
2020-06-03,30.500783920288086,30.60228312585366,29.97636436722921,30.001741588571782,4391600
2020-06-04,30.551523208618164,30.754524788535516,30.28931673336737,30.356981775606055,3896900
2020-06-05,31.456581115722656,31.718790949145745,31.355081888134027,31.515789267366213,5490100
2020-06-08,31.81182098388672,31.81182098388672,31.329695805520533,31.63419659745729,6584700
2020-06-09,31.194358825683594,31.40581732569875,30.991357245964764,31.050565367840953,5570800
2020-06-10,31.008277893066406,31.35506974406438,30.87294456649649,31.28740469407993,2711100
2020-06-11,29.037485122680664,30.17089967702385,28.935982711299946,30.06940049224404,4136700
2020-06-12,29.54498291015625,30.001734060495064,29.071314692034434,29.908691800988922,3565200
2020-06-15,29.824106216430664,29.91714847517047,28.86831609406894,28.944441285165077,2382500
2020-06-16,30.230121612548828,30.61074449536288,29.83257842864735,30.45003712765477,3993400
2020-06-17,30.348529815673828,30.55152820216998,30.247027395824574,30.55152820216998,1369400
2020-06-18,30.196273803710938,30.340064031887376,30.018649441869247,30.086314482599164,1661600
2020-06-19,30.00173568725586,30.669942154611956,29.950984481155007,30.66148523356228,1599500
2020-06-22,30.466506958007812,30.543399562796754,30.099131541697087,30.227286969387958,973000
2020-06-23,30.79970932006836,31.107279760804364,30.782621711235457,31.047474759453266,2232000
2020-06-24,29.936798095703125,30.466500788580653,29.800100521440303,30.372520595188604,3020400
2020-06-25,30.398162841796875,30.432334801371404,29.748846722957246,29.919719557342844,2575800
2020-06-26,29.851356506347656,30.321257417135072,29.76592175481914,30.321257417135072,2705100
2020-06-29,30.31271743774414,30.415239809840678,29.95388750584255,30.176019855239616,2011300
2020-06-30,30.355443954467773,30.475053967756292,29.953896518303225,30.013701524947486,2347700
2020-07-01,30.363988876342773,30.449423667497705,30.090593633692947,30.124765594677896,1829700
2020-07-02,30.919321060180664,31.286696522911225,30.876603665262106,31.03893432873227,4404600
2020-07-06,31.551544189453125,31.662612004547054,31.363583773006138,31.56008636332446,3112500
2020-07-07,30.996206283569336,31.320864273965903,30.953488898836834,31.20125429306389,2002700
2020-07-08,31.278148651123047,31.278148651123047,30.910773255299823,31.004753462481723,2874500
2020-07-09,30.84242057800293,31.286688541908756,30.586113014745433,31.27814636875542,3153700
2020-07-10,31.209800720214844,31.269605718817196,30.868058336648268,30.97912290026521,2685300
2020-07-13,31.158540725708008,31.807853526923907,31.081648120118025,31.57717571015396,2979300
2020-07-14,31.696788787841797,31.756593791435108,31.141456146028446,31.167085930674645,3758800
2020-07-15,32.12397003173828,32.371735486462676,31.970184801849236,32.24358330097403,2404500
2020-07-16,32.029991149902344,32.20940615433032,31.918923321820586,32.01290354103376,1768700
2020-07-17,32.175235748291016,32.21795314728666,31.987275281755824,32.0983431264474,1988400
2020-07-20,32.405887603759766,32.431517370760105,32.0983173632516,32.19229752108754,1960800
2020-07-21,32.5340576171875,32.77327757465498,32.49133697410189,32.662209769061874,1422200
2020-07-22,32.64512634277344,32.72201894739259,32.474253525938884,32.61095112758095,3010000
2020-07-23,32.32047653198242,32.67930656914433,32.24358391557224,32.55115112208456,2169300
2020-07-24,32.08125305175781,32.20086306341316,31.970185215594253,32.08125305175781,2306100
2020-07-27,32.414451599121094,32.5682368229255,32.31192920296089,32.32901681217563,4085500
2020-07-28,32.18376541137695,32.39735558243986,32.14104802898984,32.21794062093758,2316600
2020-07-29,32.559688568115234,32.62803573308371,32.29483556343431,32.371728160978606,1941000
2020-07-30,31.936002731323242,31.97017468115884,31.20979420693427,31.611344764430203,4425500
2020-07-31,31.226886749267578,31.893290392912327,30.96203698574307,31.867657352573183,5371500
2020-08-03,31.884748458862305,31.944553461003743,31.560090405002953,31.679703668414007,4499100
2020-08-04,32.05562210083008,32.08979731981162,31.6626168599271,31.713876429271153,1718000
2020-08-05,32.23502731323242,32.508422463723676,32.18376450034258,32.38881249277466,2382700
2020-08-06,32.26920700073242,32.32046982073744,31.953094425187427,32.05561680606975,3089600
2020-08-07,32.09832763671875,32.09832763671875,31.824932504124888,31.842020107302886,2205100
2020-08-10,32.08125305175781,32.14105805758548,31.90183803427479,32.08125305175781,2537900
2020-08-11,32.31192398071289,32.84162674424637,32.26920659414413,32.76473414477154,3152000
2020-08-12,33.089385986328125,33.22608355336526,32.91851321274994,32.96977602256152,2331500
2020-08-13,32.84162139892578,33.0979321948764,32.72201143234997,32.978318969173436,2070500
2020-08-14,32.568233489990234,32.65367152732044,32.448623496855824,32.499886319253946,1994800
2020-08-17,32.73910140991211,32.773276619733835,32.66220881737692,32.72201380500125,1132100
2020-08-18,32.68783950805664,33.02104292443278,32.60240474024378,32.986867713656636,1924800
2020-08-19,32.64512634277344,32.97832654308047,32.5938667791126,32.90997937182339,5593100
2020-08-20,32.45716857910156,32.49134053453617,32.192315554934346,32.20940316221557,2075300
2020-08-21,32.12397003173828,32.14960307613868,31.782227611306887,31.799315221197705,3314200
2020-08-24,32.764732360839844,32.84162495612813,32.61949260258836,32.84162495612813,3094200
2020-08-25,32.92707061767578,33.18337824168421,32.68784734402342,33.18337824168421,2885600
2020-08-26,33.19192123413086,33.20900884403593,32.89289620861299,32.90998381851806,1293900
2020-08-27,32.74764633178711,33.20045644792519,32.61094549462974,33.20045644792519,3765600
2020-08-28,32.99541473388672,33.021047775298115,32.79036995736331,32.952697343705005,2092900
2020-08-31,32.5511474609375,32.95269810804106,32.525517678059586,32.83308810910673,3448600
2020-09-01,32.5853157043457,32.75618849159753,32.41444291709388,32.60240330898362,4049300
2020-09-02,33.24317932128906,33.268809102926085,32.807456737820274,32.961241945898166,3868900
2020-09-03,32.4742546081543,33.32861546167102,32.32047265291906,33.285898070820785,6751900
2020-09-04,32.5084342956543,32.7049369278945,31.84203378117634,32.602414523927536,7273100
2020-09-08,31.936002731323242,32.26920287089335,31.84202253623889,31.9872622856403,4985600
2020-09-09,32.77328872680664,32.94416157991154,32.5511530400317,32.6195034849251,3571800
2020-09-10,32.371734619140625,33.11502770427073,32.35464700970763,32.995417697367984,8908500
2020-09-11,32.6622200012207,32.867268071234,32.474259541969225,32.67930761198252,6219500
2020-09-14,32.71347427368164,32.90997685733281,32.670756887518806,32.89288925104214,2330200
2020-09-15,32.90142822265625,33.072301009805905,32.81599345864509,33.0381258005505,2360600
2020-09-16,32.679298400878906,32.99541096305064,32.63658101557909,32.82453816272379,2678000
2020-09-17,32.781822204589844,32.81599741796855,32.45716745487525,32.50842701581559,2823600
2020-09-18,32.42299270629883,32.6024076904175,32.25211989608343,32.6024076904175,4245100
2020-09-21,31.25883674621582,31.353274843864096,30.855329701721136,31.301762261054076,7718700
2020-09-22,31.155818939208984,31.31035343288709,30.80382443138825,31.28459550060255,3431400
2020-09-23,30.66645622253418,31.284590829954613,30.63211450128671,31.276007037146144,4010700
2020-09-24,30.778064727783203,31.009866454959848,30.511924551215536,30.74372627839218,5300700
2020-09-25,30.700796127319336,30.71796698875883,30.134170799843865,30.237195968480822,3766800
2020-09-28,31.370441436767578,31.40478315396864,31.241661634766796,31.28458714376492,3289000
2020-09-29,31.430538177490234,31.593656423622107,31.284587515156282,31.447709036294604,2065200
2020-09-30,31.207317352294922,31.55072794606406,31.044199121507955,31.34468093480135,4721000
2020-10-01,31.327526092529297,31.387622479627268,31.12147899747377,31.33610988711152,4156700
2020-10-02,31.233081817626953,31.327519914444668,30.846745637466675,30.855329430356093,3273300
2020-10-05,31.816869735717773,31.816869735717773,31.50780087171634,31.50780087171634,2624900
2020-10-06,31.421958923339844,31.945658784563385,31.370449609125895,31.937074990530146,4102500
2020-10-07,31.748186111450195,31.81686953635614,31.576480824191293,31.636577183481016,2867500
2020-10-08,32.00575637817383,32.03151431126215,31.868392743396544,31.88556360711963,1827500
2020-10-09,32.289058685302734,32.36632590576103,32.16027889287019,32.22896232216919,2377400
2020-10-12,32.52945327758789,32.589549657606625,32.40926051755043,32.4178443111215,1626900
2020-10-13,32.06584167480469,32.16027975511972,31.96281980310023,32.16027975511972,2340000
2020-10-14,31.902729034423828,32.23755263244952,31.868387312829697,32.12594367477201,2733300
2020-10-15,31.370441436767578,31.37902522856464,30.992689097568704,31.06995632376789,4015400
2020-10-16,31.696680068969727,31.885556251343843,31.59365818540504,31.65375455706833,3667600
2020-10-19,31.5335693359375,31.962831107363286,31.473472949938483,31.911318515789524,2633500
2020-10-20,31.78253936767578,32.04868282334365,31.756784711484652,31.919902992373714,1803200
2020-10-21,31.370441436767578,31.748190500960046,31.36185436996411,31.559314331360607,2593800
2020-10-22,31.353269577026367,31.413365942706086,31.061371540150738,31.2416606371899,2211900
2020-10-23,31.688095092773438,31.765362321312022,31.447709615100724,31.756778529255072,2131900
2020-10-26,30.640697479248047,30.966937272409496,30.374557334174792,30.915424691908203,3786100
2020-10-27,30.108415603637695,30.52050644575253,30.0740738813764,30.451826276236837,3202100
2020-10-28,28.854969024658203,29.181208800042942,28.717605425813026,29.026674341966302,10561400
2020-10-29,28.93223762512207,29.07818502299781,28.51155974152687,28.74336143962953,7809200
2020-10-30,28.83779525756836,28.95798798506244,28.597409802580195,28.88072076381536,4716100
2020-11-02,29.37008285522461,29.464520947203894,29.11252650664898,29.33574113541275,4992600
2020-11-03,30.331634521484375,30.494752795083084,30.022565560975664,30.048320216015725,4618600
2020-11-04,30.709379196166992,31.035618971016262,30.3230430516095,30.486161301530874,7300500
2020-11-05,31.628000259399414,31.7825347239817,31.439124074908467,31.636584051873243,5523700
2020-11-06,31.722440719604492,31.902729850072838,31.67951520401778,31.851217266364635,4493700
2020-11-09,33.31070327758789,34.083375555098996,33.30211948561843,34.083375555098996,11386400
2020-11-10,33.92025375366211,34.14347164311024,33.81723187584337,33.98035339698003,5446800
2020-11-11,34.10055160522461,34.11772246678397,33.87733367995993,33.928846264638004,3586500
2020-11-12,33.5339241027832,33.868747693996525,33.43089894009698,33.72279701769442,3537700
2020-11-13,34.0318717956543,34.05762645324201,33.80865712154373,33.80865712154373,2925400
2020-11-16,34.30659103393555,34.418199982383626,34.0747893448541,34.383858263629364,2022200
2020-11-17,34.36669158935547,34.443958828458726,34.074793494410606,34.19498952468775,2133200
2020-11-18,34.15205001831055,34.51263144599566,34.15205001831055,34.40102251897337,1470900
2020-11-19,34.3409309387207,34.358101797190834,33.997520319330945,34.109129261883574,1747800
2020-11-20,34.298011779785156,34.358108158053305,34.20357367821892,34.24649919483803,2029800
2020-11-23,34.33234405517578,34.52980399729032,34.126297047096294,34.49546228344273,2082900
2020-11-24,34.87322235107422,34.87322235107422,34.58132424097138,34.615665965691036,2378600
2020-11-25,34.93331527709961,35.001998719746474,34.68434598502172,34.74444235983433,1785000
2020-11-27,35.19087600708008,35.268143244958786,35.0792670468093,35.0792670468093,1572700
2020-11-30,34.62425231933594,35.38833766602972,34.59849438882457,35.34540887351313,3035600
2020-12-01,35.49993896484375,35.5256968921686,35.19945710444263,35.21662796432364,2324800
2020-12-02,35.51710891723633,35.5514506361209,35.29389429449975,35.336819805602175,2437100
2020-12-03,35.491355895996094,35.740328456836814,35.40550486984736,35.65447415568136,1721500
2020-12-04,35.817596435546875,35.85193488171674,35.69740368643539,35.70598747922617,1985600
2020-12-07,35.62013626098633,35.78325452319374,35.55145281899998,35.65447470697273,1461100
2020-12-08,35.6973991394043,35.72315378950284,35.49993590529426,35.49993590529426,976400
2020-12-09,35.56003189086914,35.80042063090107,35.3711590004946,35.77466270607238,1632000
2020-12-10,35.62013626098633,35.74891280220057,35.336821975302804,35.362576628544296,1630800
2020-12-11,35.345401763916016,35.40550140634902,35.12218715276097,35.28530539648941,1485300
2020-12-14,35.388328552246094,35.71456502130646,35.388328552246094,35.66305572356335,1408900
2020-12-15,35.894859313964844,35.903443105713755,35.61154506115485,35.71456693717376,1768100
2020-12-16,36.049400329589844,36.10949670779412,35.79184068013495,35.937791366493194,1787700
2020-12-17,36.401390075683594,36.52158281647488,36.35846128968108,36.43572851947642,2391400
2020-12-18,36.14382553100586,36.3670433977566,36.066558311746924,36.3670433977566,2051700
2020-12-21,35.522003173828125,35.608367045037966,34.82244395657457,34.986536629701476,2653400
2020-12-22,35.49609375,35.573822557113836,35.39245643870512,35.51336718431093,1499400
2020-12-23,36.00564956665039,36.07474330588117,35.884738817567346,35.953832556798126,1184800
2020-12-24,36.117919921875,36.126558285290976,35.945188893829226,36.022917691721304,703900
2020-12-28,36.368385314941406,36.55838980433393,36.316565010224124,36.428840689826146,937900
2020-12-29,36.428829193115234,36.72247090469999,36.34246534041316,36.70519747524562,1222900
2020-12-30,36.44611358642578,36.68793508239307,36.42884015177515,36.567024334409425,1211200
2020-12-31,36.03156280517578,36.31656625445817,35.902013686229544,36.31656625445817,907300
2021-01-04,36.29928970336914,36.96430208737754,36.083376720038,36.93839358364042,2273900
2021-01-05,36.532470703125,36.601564428938616,36.19564702620906,36.221555526104076,923400
2021-01-06,37.11975860595703,37.25794277943733,36.696571016048246,36.73975295252886,1710100
2021-01-07,37.137027740478516,37.21475653497395,37.01611701450121,37.111119240503434,1226100
2021-01-08,37.30976486206055,37.3443117307234,36.93839426036172,37.30976486206055,1611700
2021-01-11,36.73976135253906,36.85203375414398,36.506574888744396,36.506574888744396,1114800
2021-01-12,36.80020523071289,36.82611373151042,36.46338154206388,36.65338270552956,1188800
2021-01-13,36.722476959228516,36.852022759640164,36.60156622768284,36.705203526926226,935600
2021-01-14,36.955657958984375,37.042021813318826,36.76565352596476,36.79156202335112,956000
2021-01-15,36.238834381103516,36.532476170617805,36.04883319582063,36.48929423280673,1315000
2021-01-19,36.52384567260742,36.64475643144123,36.377023112187025,36.64475643144123,892800
2021-01-20,36.748382568359375,36.78292943024517,36.54974305437117,36.65338034545847,901000
2021-01-21,36.83475875854492,36.89521413438957,36.61020739577546,36.86930233433409,874100
2021-01-22,36.61019515991211,36.731105871190614,36.532466374865955,36.5411047368543,2402600
2021-01-25,36.256107330322266,36.264745694511376,35.84155480265211,36.10928808481374,1901600
2021-01-26,36.5670166015625,36.670653892979274,36.42019408536615,36.5670166015625,2291900
2021-01-27,35.547908782958984,35.93655276091176,35.280175532687025,35.68609294238995,3673200
2021-01-28,35.979736328125,36.212922725493975,35.8674606639317,35.902007529002006,2382700
2021-01-29,35.20245361328125,35.73792021841923,35.064269426858424,35.64291797252149,3281300
2021-02-01,35.686092376708984,35.76382117106741,35.521999719539046,35.76382117106741,1217900
2021-02-02,36.2215576171875,36.24746941314859,35.945189287118545,36.04019151831169,1422300
2021-02-03,36.31656265258789,36.359744589763544,36.100649672139006,36.2129253444522,959200
2021-02-04,36.43746566772461,36.48928595808896,36.26473795564995,36.27337302342571,1074600
2021-02-05,36.80020523071289,36.860660595620644,36.58429227187939,36.73974986580513,929000
2021-02-08,37.01613235473633,37.10249625349101,36.843401262655405,36.99022384402423,871300
2021-02-09,37.0852165222168,37.15431026515398,36.92975889517913,36.96430576664772,736700
2021-02-10,36.895206451416016,37.23203013085992,36.739748861738796,37.188848199187404,1104800
2021-02-11,37.21475601196289,37.257937942837884,37.033389925545826,37.20612094361595,1086600
2021-02-12,37.456581115722656,37.48249291243237,37.11975740963053,37.13703084258018,673600
2021-02-16,37.68976593017578,37.79340322893525,37.59476370024197,37.68113086135013,1392200
2021-02-17,37.352943420410156,37.413398787813975,37.14566552176105,37.34430835131123,1414200
2021-02-18,37.30112838745117,37.32704018754648,37.02476001328777,37.25794644672018,1039400
2021-02-19,37.508399963378906,37.715674561614435,37.4652180299607,37.56885532907846,1483500
2021-02-22,37.439308166503906,37.672494572481426,37.39612623085707,37.43067309720274,1013800
2021-02-23,37.48249435424805,37.56885822774797,37.00748316628671,37.33567181581347,1555100
2021-02-24,37.767494201660156,37.8106761343274,37.26657785249357,37.39612365049532,1545700
2021-02-25,37.05066680908203,37.957500620233596,36.99021144130996,37.85386331756296,3482800
2021-02-26,36.687931060791016,37.067936697737686,36.6274756934261,37.067936697737686,2675200
2021-03-01,37.37886047363281,37.40477227599845,37.06794520181468,37.10249207525473,1541300
2021-03-02,37.42204666137695,37.56886593536232,37.33567947558738,37.47386367827943,1513600
2021-03-03,37.19749069213867,37.49113249851959,37.14567038704644,37.327039807583816,2613200
2021-03-04,36.80884552001953,37.43067598391614,36.584297460596176,37.26658329797487,3792800
2021-03-05,36.97294235229492,37.02475936243287,36.48066098855944,37.00748592752994,2971400
2021-03-08,37.16293716430664,37.430670417462245,36.90384227440427,36.97293600214905,2459100
2021-03-09,37.68976593017578,37.767494727887964,37.56885519919468,37.63794892808121,1917700
2021-03-10,38.11296844482422,38.13887695379888,37.888417051806044,38.04387469479668,1646500
2021-03-11,38.48432922363281,38.55341966133154,38.233869386012636,38.354780122913276,1197100
2021-03-12,38.48432922363281,38.48432922363281,38.0870468522258,38.112958649111995,1055000
2021-03-15,38.31159973144531,38.32887316520872,38.02659301620508,38.29432629768191,892900
2021-03-16,38.25114822387695,38.36342061282252,38.216601352860955,38.36342061282252,2730700
2021-03-17,38.639793395996094,38.70024877472471,38.21660245032474,38.21660245032474,1506700
2021-03-18,38.173423767089844,38.63979669530766,38.13024182067812,38.380698427694654,1855400
2021-03-19,38.190704345703125,38.28570662231583,37.89706244279655,38.06979355531312,1367700
2021-03-22,38.20796585083008,38.31165004271207,38.13020188290333,38.20796585083008,995500
2021-03-23,37.75001907348633,38.13019991755969,37.68953635666754,38.06107492916059,1066200
2021-03-24,37.65497589111328,37.9314692432816,37.65497589111328,37.79322256719744,1244700
2021-03-25,37.89691162109375,37.92283184617204,37.456248018395726,37.50809176461348,1420500
2021-03-26,38.380775451660156,38.39805670132249,38.00059784727289,38.009240120134734,1255300
2021-03-29,38.3116569519043,38.40670218496218,38.15612898800261,38.216611718846416,1071600
2021-03-30,38.44989776611328,38.52766173613438,38.27708857761515,38.27708857761515,1246800
2021-03-31,38.45853042602539,38.62270061136342,38.36348851921881,38.406689985232816,1642900
2021-04-01,39.12385559082031,39.14113684175652,38.71775773003502,38.743677958408526,2952900
2021-04-05,39.81509017944336,39.8410104063426,39.400346772687094,39.521315522360155,2725000
2021-04-06,39.40898513793945,39.434905362268466,39.27937742417222,39.33986014498064,1554700
2021-04-07,39.46946334838867,39.538585037387556,39.33985564943231,39.42626188075679,1209800
2021-04-08,39.65956497192383,39.711405429311704,39.486755756487106,39.58180098978038,827400
2021-04-09,39.72868347167969,39.754603698280114,39.55587427020031,39.581797792862105,1428100
2021-04-12,39.58180236816406,39.65092407910884,39.46947587980932,39.590441346009,1079300
2021-04-13,39.823726654052734,39.823726654052734,39.59907701089865,39.62499723616918,899300
2021-04-14,39.80644226074219,39.9446889446998,39.74595954251454,39.797803285021494,912600
2021-04-15,40.10886764526367,40.12614889784727,39.97926319497954,40.01382570014673,1118400
2021-04-16,40.670494079589844,40.670494079589844,40.368080419893715,40.368080419893715,996600
2021-04-19,40.575443267822266,40.687769738582574,40.42855759503368,40.679130762090814,948900
2021-04-20,39.80644226074219,40.169341866169006,39.72867829501222,40.15206061866669,1125200
2021-04-21,40.376708984375,40.376708984375,39.78915977187067,39.78915977187067,950700
2021-04-22,40.2643928527832,40.50632707624975,40.169350914203925,40.4631255957934,984900
2021-04-23,40.6964111328125,40.79145636017461,40.31623351942552,40.350796019568364,775300
2021-04-26,40.75688934326172,40.80009411168294,40.68776764669769,40.73096911905784,873100
2021-04-27,40.71369171142578,40.75689318786113,40.57544500919583,40.6359277354176,1017400
2021-04-28,40.86922073364258,40.95562698483729,40.67049129998694,40.69641152731462,594300
2021-04-29,40.86057662963867,40.955621845996475,40.54087848442405,40.955621845996475,1101400
2021-04-30,40.15206527709961,40.63592707905831,40.02245755382563,40.55816310430619,1460800
2021-05-03,40.65320587158203,40.70504961697058,40.51495917994037,40.58408417379176,1099500
2021-05-04,39.83237075805664,40.17798918777397,39.59908210846831,40.09158622837545,2005300
2021-05-05,40.48904037475586,40.53224184939699,40.22118595828287,40.368074927336195,2793100
2021-05-06,40.86922073364258,40.87786300679278,40.402636865375534,40.61000857218137,1275400
2021-05-07,41.48268127441406,41.48268127441406,40.96425706409834,41.02473977876648,1642000
2021-05-10,41.01610565185547,41.4222034560499,40.990182131032874,41.41356447981646,2008500
2021-05-11,40.4976692199707,40.653197126619396,40.26437735999766,40.35078358372495,2183100
2021-05-12,40.082942962646484,40.53224559173301,39.99654000538665,40.26439115052906,2631600
2021-05-13,40.52360534667969,40.61864727826757,40.22983068670062,40.25575091385537,1646700
2021-05-14,41.474056243896484,41.50861874848791,40.98155208968517,41.01611459427659,5093000
2021-05-17,41.30988311767578,41.33580334421481,41.128431643718514,41.188914369683815,1714500
2021-05-18,41.249412536621094,41.46542327754251,41.249412536621094,41.422218492508364,1217500
2021-05-19,40.687774658203125,40.8692228510204,40.24711429049522,40.51496544292216,3387500
2021-05-20,41.422203063964844,41.49996703357427,41.033386511978804,41.06794571264658,2432900
2021-05-21,41.55181884765625,41.60366260281716,41.387651900405984,41.50861736638636,1369200
2021-05-24,41.880149841308594,41.94927154190029,41.664139170860025,41.69869837312524,1044000
2021-05-25,41.9319953918457,42.09616563082962,41.81102992905439,42.04432187703549,2936100
2021-05-26,41.68142318725586,41.8110276204927,41.60365920888917,41.74190591531202,1735300
2021-05-27,41.776466369628906,41.906074102804475,41.664143183342425,41.81102887128393,1317800
2021-05-28,42.0011100769043,42.08751301593632,41.862863396816564,41.897425890853704,1962400
2021-06-01,42.18256378173828,42.41585570312111,42.13936230653286,42.38993547721011,1770100
2021-06-02,42.26033401489258,42.32945902230868,42.10480604426811,42.173931051684214,1120800
2021-06-03,41.94927215576172,42.00111590401008,41.802386479816654,41.91470965692948,1199600
2021-06-04,42.234405517578125,42.24304449378314,42.06159632892776,42.12207905054622,880200
2021-06-07,42.41585922241211,42.41585922241211,42.2776125126475,42.31217501410404,2403400
2021-06-08,42.364009857177734,42.44177382712078,42.24304441416879,42.43313485093205,1267300
2021-06-09,42.27760696411133,42.40721467953279,42.251686739451486,42.38129115881183,1216900
2021-06-10,42.303524017333984,42.38128798154478,42.16527733607711,42.22576005312319,1361200
2021-06-11,42.49363327026367,42.49363327026367,42.26034127425274,42.36402550712571,1260300
2021-06-14,42.5973014831543,42.5973014831543,42.389933095395406,42.45041581649684,968400
2021-06-15,42.6405029296875,42.6405029296875,42.528179759746024,42.60594372912302,876500
2021-06-16,42.21712112426758,42.66642366286461,42.07887444285779,42.623222192935465,1951600
2021-06-17,41.94927215576172,42.09616112776809,41.741903754890885,41.96655340517784,1451200
2021-06-18,41.05067443847656,41.26668515142512,40.92106998834457,41.163000932107146,3185900
2021-06-21,41.630393981933594,41.63913655826733,41.298119376254355,41.350584841020996,1968100
2021-06-22,41.647884368896484,41.77030045667813,41.38556370428036,41.47300281395632,1555100
2021-06-23,41.23691940307617,41.60417105711856,41.166968771956356,41.5779366518085,1589600
2021-06-24,41.735328674316406,41.779048234597155,41.63914364034557,41.6566321315756,2564700
2021-06-25,41.717830657958984,41.735319145195994,41.62164564594937,41.717830657958984,1201400
2021-06-28,41.41179656982422,41.61290919928989,41.31561154364751,41.595420709477,1042900
2021-06-29,41.40304946899414,41.57793102651615,41.35932991351071,41.55169996034374,791000
2021-06-30,40.948360443115234,41.14072714662675,40.77347889262356,40.983334084743056,2122400
2021-07-01,41.05329132080078,41.09701087802142,40.86966717912105,41.00957176358014,1331400
2021-07-02,41.097015380859375,41.114503872781455,40.8784142352165,41.04454990509313,1613700
2021-07-06,40.57237243652344,40.94836665970639,40.41497935074506,40.93962074628056,1626600
2021-07-07,40.84342956542969,40.87840654269186,40.572366330618195,40.71227090407875,3744100
2021-07-08,40.117679595947266,40.178887644408356,39.82912450841201,40.04772563451261,2841300
2021-07-09,41.000823974609375,41.000823974609375,40.633575708054984,40.65980677406937,3137900
2021-07-12,41.219417572021484,41.22816348282407,40.974585438951316,40.99207392496885,1190300
2021-07-13,40.86091613769531,41.07077465583791,40.808450674262666,41.00956661629381,1237800
2021-07-14,41.08826446533203,41.14072659486423,40.99207944707219,41.08826446533203,1601400
2021-07-15,40.6160888671875,40.703527981176194,40.432464726458214,40.6073429544356,1665700
2021-07-16,40.266326904296875,40.58111306069916,40.16139929735894,40.56362457027809,1910400
2021-07-19,39.2869873046875,39.44438035290135,39.0683862194558,39.391914891634116,6668800
2021-07-20,39.636749267578125,39.697957302885406,39.085873614224795,39.16457013613241,2686300
2021-07-21,40.397483825683594,40.44120337843456,40.01274375606375,40.01274375606375,2875600
2021-07-22,40.51115798950195,40.73850166885352,40.388738569986984,40.66854771484497,1390800
2021-07-23,40.93088150024414,41.07078610614784,40.86092752949783,40.91339300755756,1684000
2021-07-26,41.018310546875,41.07077601204011,40.98333357009826,40.98333357009826,1231300
2021-07-27,40.852176666259766,40.86966515539974,40.642318132168384,40.86966515539974,2893000
2021-07-28,41.097015380859375,41.18445450488101,40.8172061812836,40.86967165704985,1873000
2021-07-29,41.41179656982422,41.55170115273896,41.39430808001133,41.47300461637514,1984400
2021-07-30,41.12323760986328,41.394304172995795,41.062029569089496,41.254399603286,2040100
2021-08-02,41.22817611694336,41.53421637706521,41.210687625566585,41.473008325040844,2053200
2021-08-03,41.4904899597168,41.51672102465269,41.2369118800428,41.46425555919279,1705900
2021-08-04,41.50798416137695,41.70909680327227,41.49923824813579,41.621654348803496,1914600
2021-08-05,41.70034408569336,41.779040614079875,41.64788195716103,41.717832573733475,806300
2021-08-06,41.630393981933594,41.7353215758788,41.56044002891141,41.691602023033965,1082000
2021-08-09,41.55170440673828,41.65663201824434,41.53421591555583,41.63914352706189,1177500
2021-08-10,41.61290740966797,41.63913847546501,41.54295345342488,41.595418920607194,1549800
2021-08-11,41.87522888183594,41.901459948138765,41.77030128103633,41.857740392437954,1386900
2021-08-12,41.997642517089844,42.058850558610764,41.91894598719322,42.01513100546555,830200
2021-08-13,42.25122833251953,42.277459402092674,42.09383524390327,42.12881222705993,678200
2021-08-16,42.00639343261719,42.03262450051118,41.77030381480576,41.92769689334671,1735100
2021-08-17,41.57793045043945,41.68285804926354,41.39430631860025,41.60416485183664,1643600
2021-08-18,41.34183883666992,41.65662495338984,41.33309626035573,41.43802385406635,1487900
2021-08-19,40.90464401245117,40.99208646929783,40.70353136508686,40.70353136508686,2096500
2021-08-20,41.131988525390625,41.15821959303092,40.83469086164292,40.860921929283215,1781700
2021-08-23,41.586673736572266,41.61290480072474,41.36807264040027,41.41179219251707,1773400
2021-08-24,41.569190979003906,41.61291053714753,41.39430941084093,41.438028968984554,1209100
2021-08-25,41.61290740966797,41.64788438778951,41.50797981089156,41.56918785481015,650700
2021-08-26,41.41179656982422,41.56918964255185,41.36807701308618,41.48174719348741,803100
2021-08-27,41.85774230957031,41.91020778016724,41.44677446445394,41.47300553195818,1043000
2021-08-30,41.927696228027344,41.96267320838997,41.84899969000564,41.927696228027344,1247700
2021-08-31,41.91895294189453,41.95392992444891,41.726586209022734,41.94518734660464,1496900
2021-09-01,42.3211784362793,42.48731408772756,42.198759006403925,42.233735986368316,1188100
2021-09-02,42.478572845458984,42.513546490934054,42.391130392800044,42.46982693239884,695400
2021-09-03,42.2075080871582,42.312435699338536,42.067603492388216,42.17253110456854,1480700
2021-09-07,42.25996398925781,42.41735370408558,42.23372959046328,42.373634153545204,1063700
2021-09-08,41.78779220581055,42.03262440047445,41.67411868589296,41.953927861391264,1543300
2021-09-09,41.682861328125,41.92769685875811,41.64788768282469,41.7353267994582,1569100
2021-09-10,41.54296112060547,41.980163421050264,41.534218542255665,41.93644385812355,2161500
2021-09-13,41.927696228027344,41.988904275867725,41.752814661802624,41.96267320838997,2261300
2021-09-14,41.79653549194336,42.093833162899976,41.735327442239516,42.076344672186224,1188800
2021-09-15,41.72658920288086,41.72658920288086,41.43803407948653,41.65663523275294,1667100
2021-09-16,41.7528076171875,41.78778459164875,41.46425258126403,41.63913411798239,1348700
2021-09-17,41.05329132080078,41.60416708142838,40.852178689115114,41.551701611410564,4184800
2021-09-20,40.129512786865234,40.25209858377968,39.77926478978472,40.0156816867822,3878500
2021-09-21,40.65488815307617,40.89130508909842,40.5673278094589,40.698668324884814,5584000
2021-09-22,41.162742614746094,41.53925809056362,41.1364751806886,41.162742614746094,3480800
2021-09-23,41.74940490722656,41.84572327954652,41.55676816258666,41.55676816258666,2713500
2021-09-24,41.320350646972656,41.4079143206265,41.22403561627235,41.2503030482622,1242900
2021-09-27,41.33786392211914,41.41666955933153,41.21527811761379,41.302838452199715,1498900
2021-09-28,40.27837371826172,40.66364391656838,40.0944949877208,40.654889218062515,8727200
2021-09-29,40.05946350097656,40.37468604328711,40.0244380317837,40.37468604328711,2481900
2021-09-30,39.65668869018555,40.0332042100427,39.5165901251373,39.99817873372732,4720300
2021-10-01,39.86682891845703,39.989414727054516,39.49907149266457,39.84056148524693,3520000
2021-10-04,39.51658248901367,39.840559731792894,39.34145848149074,39.79677956496531,3456700
2021-10-05,39.893096923828125,40.06821758669476,39.58662908338645,39.647921983432276,1934400
2021-10-06,39.61289978027344,39.63040917435705,39.13130793766091,39.23638434343775,2980400
2021-10-07,40.05946350097656,40.225829469323756,39.91936496441772,39.91936496441772,1446400
2021-10-08,39.95439147949219,40.18205035477999,39.86682780421789,40.16453761972513,4186400
2021-10-11,39.700462341308594,40.0419523287317,39.682949606028856,39.8493155808673,1192100
2021-10-12,39.6741828918457,39.805523356343826,39.57786454708672,39.70920501158484,1435000
2021-10-13,40.269615173339844,40.30463730423119,39.93687987827628,40.03319825370621,1567000
2021-10-14,40.90005111694336,40.935076583050396,40.707417733779245,40.77746532578103,1139200
2021-10-15,41.21528244018555,41.21528244018555,41.01389097734629,41.09269662282365,982800
2021-10-18,40.95259094238281,40.970103676131785,40.698661313341375,40.7949796788545,1507900
2021-10-19,41.118961334228516,41.18901227677406,41.04015569397117,41.07518116524394,1055400
2021-10-20,41.276573181152344,41.320353350737676,41.118961898474865,41.18901284198167,1613200
2021-10-21,41.153987884521484,41.18025531855838,41.040156770006824,41.07518224219793,1843200
2021-10-22,41.46921157836914,41.55677192100848,41.2940875528775,41.39040593390855,1497600
2021-10-25,41.28532791137695,41.3728882435322,41.23278970795626,41.3641335464017,1162500
2021-10-26,41.53926086425781,41.679359422274025,41.43418778079893,41.67060472374124,1469000
2021-10-27,41.44294738769531,41.71438647525278,41.43418934861804,41.600555348740784,1021000
2021-10-28,41.9507942199707,42.02084515636154,41.69686458587266,41.69686458587266,2428800
2021-10-29,41.81069564819336,41.86323385043722,41.60054617943041,41.618058913511696,2266700
2021-11-01,42.22224044799805,42.257262579182594,41.87199241445022,41.96831079068651,1624600
2021-11-02,42.25726318359375,42.318559429522224,42.16970284406081,42.20472831595912,1857100
2021-11-03,42.67756652832031,42.73885944030112,42.23100006650221,42.29229297848302,1679600
2021-11-04,42.598751068115234,42.616260461608896,42.37984690710788,42.589993031155984,1306800
2021-11-05,42.90522384643555,42.90522384643555,42.67756494469923,42.83517289807787,1550500
2021-11-08,42.87018966674805,43.02780092833415,42.808896769488165,42.87018966674805,971500
2021-11-09,42.8614387512207,43.02780472414361,42.72134021080861,43.0015372916328,1637200
2021-11-10,42.248504638671875,42.76511861138538,42.204724472891925,42.65128750818748,1763400
2021-11-11,42.37985610961914,42.50244193196799,42.34483063460143,42.44990371944142,610400
2021-11-12,42.493682861328125,42.55497577101431,42.40612251612302,42.48492816289284,2756000
2021-11-15,42.2747802734375,42.53746799951633,42.23100009916209,42.53746799951633,1138700
2021-11-16,42.2747802734375,42.43239157299952,42.266025574667694,42.36234396220151,3254900
2021-11-17,42.28353500366211,42.371095345361184,42.22224209643017,42.28353500366211,1597800
2021-11-18,42.397369384765625,42.397369384765625,42.169710456754096,42.309809029425836,833500
2021-11-19,41.714378356933594,41.91576979374483,41.653085456174196,41.87198962751849,1709800
2021-11-22,41.250308990478516,41.68811740117735,41.250308990478516,41.54801884336225,2487700
2021-11-23,41.14522933959961,41.33786273821419,40.87378696581705,41.17149677118056,1936000
2021-11-24,40.786231994628906,40.82125412793592,40.33091085950773,40.374691031301246,1368100
2021-11-26,39.3852424621582,39.79678341865645,39.19260570120788,39.709219736309514,3085700
2021-11-29,39.51658248901367,39.74424136064465,39.21887267828847,39.70046119381707,2499300
2021-11-30,39.20136260986328,39.69170919623674,38.754796193295185,39.50782713871366,6380800
2021-12-01,39.22762680053711,40.32214765624524,39.22762680053711,40.00692511536729,5545000
2021-12-02,39.63916778564453,39.77050828444879,39.42901831126011,39.49031121207794,5090500
2021-12-03,39.23638916015625,39.65668481422215,38.92116658455359,39.63041403944664,4260400
2021-12-06,39.75299835205078,39.823045949089106,39.41150504327167,39.63040921186179,3794300
2021-12-07,40.90882110595703,40.943843242084235,40.45349993417069,40.48852541051116,3270200
2021-12-08,40.8737907409668,40.93508364712514,40.724934154430194,40.8737907409668,2003100
2021-12-09,40.269615173339844,40.49727405509106,40.225831664353315,40.479761319539,2307600
2021-12-10,40.45349884033203,40.4797662767705,40.243349328184784,40.39220592850016,1216500
2021-12-13,40.05946350097656,40.39219877788354,40.0244380317837,40.330905876902335,3284800
2021-12-14,39.82304763793945,40.07697728592387,39.612901497699895,39.89309857816109,2389000
2021-12-15,40.409706115722656,40.43597354400297,39.691700794222335,39.87557947260878,4203100
2021-12-16,40.2958869934082,40.68991523569382,40.11200826041263,40.672402498235215,5559600
2021-12-17,39.577877044677734,39.945634469654074,39.55160627131316,39.875586867845,3205400
2021-12-20,39.62399673461914,39.65060084215681,39.34020831080113,39.420024016439,2886300
2021-12-21,40.20930480957031,40.24477920303498,39.84570073411841,39.90777923116939,1415300
2021-12-22,40.750282287597656,40.76801948642722,40.12062695275962,40.18270545715071,1270400
2021-12-23,41.060672760009766,41.175962855134834,40.72367276511896,40.7946215568958,1103700
2021-12-27,41.4420166015625,41.45088689259128,41.08728276998191,41.08728276998191,1511000
2021-12-28,41.397674560546875,41.52183156854712,41.326725765675455,41.388804269675575,1531500
2021-12-29,41.371070861816406,41.41541216753579,41.211439454806815,41.2735179594189,1587400
2021-12-30,41.30010986328125,41.46860812843855,41.2735057643153,41.40652964216882,1997700
2021-12-31,41.37993621826172,41.51296351345695,41.23804201546498,41.41541061471707,1927300
2022-01-03,41.74353790283203,41.796749494428255,41.52182801238443,41.72580070563329,2210100
2022-01-04,41.89430236816406,42.08940477121123,41.76127508074715,42.08053786412818,1675200
2022-01-05,41.69032669067383,42.36432665826253,41.69032669067383,42.24903656693364,2563500
2022-01-06,41.512962341308594,41.79675073888911,41.39767224759634,41.64598624972315,2521500
2022-01-07,41.61050796508789,41.699193945432995,41.27351138884921,41.50408817169801,1861800
2022-01-10,41.19369125366211,41.20255815922785,40.741401260260254,41.042926794853535,2762100
2022-01-11,41.583892822265625,41.637104396345386,41.03405342220142,41.158210378697525,4306200
2022-01-12,42.01845932006836,42.08940472572946,41.805616337036184,41.841090731378955,2540300
2022-01-13,41.67258834838867,42.23129478091756,41.583902371224006,42.1958237730758,1712900
2022-01-14,41.681461334228516,41.743539835786464,41.353331628418715,41.51296302757475,1925400
2022-01-18,41.042938232421875,41.34446385104228,40.91878122175903,41.24691094751438,5147700
2022-01-19,41.09614944458008,41.583910574623644,41.06067504671606,41.51296516192038,2106200
2022-01-20,40.909912109375,41.53956741982305,40.892174911232495,41.29125341187726,2457500
2022-01-21,40.395538330078125,40.86556556299434,40.360063938344034,40.74140519192502,3460900
2022-01-24,39.872310638427734,39.88118092959655,38.568658627674225,39.39341640605713,5339000
2022-01-25,39.42887878417969,39.74814150842791,38.80809052958856,39.18943174099352,3281300
2022-01-26,39.60626220703125,40.38668211668916,39.3224737640693,40.16497218418606,3396500
2022-01-27,39.46435546875,39.97872397286839,39.331328198230004,39.819092601453995,2247200
2022-01-28,39.63285446166992,39.63285446166992,38.870175363727434,39.16283062792154,2939700
2022-01-31,40.20043182373047,40.28024412242045,39.464353494255825,39.482090688305995,2345400
2022-02-01,40.67045974731445,40.697063849574036,40.289118494147594,40.6172481597711,1681800
2022-02-02,40.79462432861328,40.92765163072087,40.57291441378386,40.90104414048445,1229700
2022-02-03,40.13835525512695,40.501959323626124,40.067409852578585,40.36893542521382,3294400
2022-02-04,40.07627868652344,40.271384473206574,39.71267460053862,39.85456879548332,3951400
2022-02-07,40.10288619995117,40.31572580099422,39.97872920217198,40.02307050380391,1763900
2022-02-08,40.32460021972656,40.37780843392276,39.87231010091002,39.987600203376466,1965000
2022-02-09,41.016334533691406,41.0872833307908,40.874440322517465,40.95425602774186,3116300
2022-02-10,40.555171966552734,41.21143471805441,40.43101497159889,40.457619075367745,3782100
2022-02-11,39.45549011230469,40.58177327937005,39.27812153898701,40.4221452847107,6809900
2022-02-14,39.029808044433594,39.26038822746561,38.6662039555211,39.16283533333856,4103200
2022-02-15,40.11175537109375,40.164966965870164,39.8013628591263,39.83683387261925,2820500
2022-02-16,40.271385192871094,40.38667528551908,39.872306705262304,39.92551829795165,1555700
2022-02-17,39.49983215332031,39.89891060504028,39.48209495735229,39.87230311957614,2906700
2022-02-18,39.32246398925781,39.62398955782954,39.09188720530261,39.47322508203155,3623000
2022-02-22,38.37355422973633,38.8258409882616,37.96560877961158,38.47997404650257,5122300
2022-02-23,38.00106430053711,38.95885240994377,37.87690733443408,38.9411152172114,3293300
2022-02-24,37.300472259521484,37.43349616066847,35.95247575314768,36.02342115715453,11046100
2022-02-25,38.30259323120117,38.364671719796036,37.584255468025226,37.637463667950016,4087100
2022-02-28,37.016685485839844,37.672944879271576,36.697422696375966,36.857054091107905,5571900
2022-03-01,35.4913215637207,36.617608273290664,35.10111335358825,36.555529771292875,5316000
2022-03-02,36.20965576171875,36.404758136999185,35.76623604413527,35.916997124262146,5478200
2022-03-03,35.1809196472168,36.1564450800606,34.97694697800081,36.1564450800606,5799100
2022-03-04,33.34516906738281,33.72651038272838,32.85740794262271,33.66443187865117,7842400
2022-03-07,32.10359573364258,33.50480060955587,31.766595722260995,33.40724770760136,8916100
2022-03-08,33.04364776611328,34.01917352593668,32.28096841893887,32.919490741759894,13585500
2022-03-09,35.35829162597656,35.952475878855275,34.62221656458803,34.95921315509152,10214700
2022-03-10,34.302955627441406,34.75524233001628,34.11672012538261,34.24087712675514,6629600
2022-03-11,34.01030349731445,35.06564497854249,33.95709527676529,35.00356646588498,4602200
2022-03-14,34.73749923706055,35.234130541293595,34.61334225675828,34.93260499640638,5443900
2022-03-15,35.07450485229492,35.14545364282968,34.61334786289259,34.90600654931167,8718500
2022-03-16,36.75062561035156,36.91912727107974,35.77510356802391,36.023417531592976,9706200
2022-03-17,36.79497528076172,36.98121077870252,36.2007910091572,36.29834390322843,5884900
2022-03-18,36.919132232666016,36.98121073190105,35.99681826828191,36.10323806939562,3679200
2022-03-21,36.41065979003906,36.73067590431398,36.1262017753518,36.659563096145675,3856000
2022-03-22,36.94401550292969,36.997349253208384,36.70400345365604,36.78400747008059,4976200
2022-03-23,36.09064865112305,36.330660769916655,36.00175678090652,36.143985807857455,4214200
2022-03-24,36.41065979003906,36.44621788962672,35.96619371821435,36.10842272555797,2979100
2022-03-25,36.44621276855469,36.623999850505044,36.09952982380509,36.54399583317771,2446900
2022-03-28,36.73067855834961,36.792903541620674,36.277324624373655,36.535112387493534,2863800
2022-03-29,37.93962860107422,38.22408664904231,37.53072058099601,38.07296979462501,4157200
2022-03-30,37.54849624633789,37.74405901729834,37.4062672351816,37.68183403685541,2642400
2022-03-31,36.579566955566406,37.281820923317625,36.570675733248684,37.13070405399387,4173700
2022-04-01,37.00624465942383,37.03291153758047,36.677337337459804,36.979574390260304,2873100
2022-04-04,37.0684700012207,37.121803758059755,36.72178701773918,36.792899823860225,2129100
2022-04-05,36.286216735839844,36.72179506113871,36.15287553252183,36.588453857820696,3234600
2022-04-06,35.557289123535156,35.7350762473543,35.26393986058247,35.56617695377281,5917900
2022-04-07,35.583953857421875,35.806186901030074,35.21060397184353,35.699515989580135,5308200
2022-04-08,35.592838287353516,35.832850335579195,35.39727216116819,35.4506093022205,3311500
2022-04-11,35.35283279418945,35.85063602996007,35.32616591422201,35.68173674748064,6236000
2022-04-12,35.1217041015625,35.69951129536947,35.015033204138966,35.56617013033503,5651800
2022-04-13,35.53062438964844,35.55729127298076,34.9972629859492,34.9972629859492,2914000
2022-04-14,35.326168060302734,35.619513930786816,35.246164024533016,35.5395098950171,5442200
2022-04-18,35.28172302246094,35.5572932660355,35.192831145698946,35.219498030526,3339500
2022-04-19,35.53062438964844,35.54840344220583,35.04170892183892,35.086158248736176,3118400
2022-04-20,36.04620361328125,36.161765760245316,35.86841647741521,36.019536729753995,3749100
2022-04-21,35.70840835571289,36.792906831418925,35.66396241954622,36.70401495908559,4091300
2022-04-22,35.14837646484375,35.7172924730323,35.077260268316735,35.70840125296298,5116200
2022-04-25,34.80168914794922,34.84613506973713,34.26832791347489,34.67723581953401,5567400
2022-04-26,33.60163879394531,34.54390821154598,33.55719285908841,34.52612915940173,8220600
2022-04-27,33.61052703857422,33.90387289545356,33.281619689548656,33.55718988686563,5324400
2022-04-28,34.25945281982422,34.34834469644132,33.50385830454794,33.903878531340354,5755500
2022-04-29,33.74386215209961,34.56168145832799,33.73497432302411,34.28611128289106,5522400
2022-05-02,33.7349739074707,34.001652859540236,33.317174734924095,33.67274893168804,6625700
2022-05-03,34.00165557861328,34.117217710453964,33.82386846601388,33.948318427531326,4793000
2022-05-04,34.739471435546875,34.828363297690224,33.717198065862455,34.099439176891785,8440700
2022-05-05,33.54829788208008,34.21499693593614,33.157165600240205,34.21499693593614,6648100
2022-05-06,33.059391021728516,33.370519361384765,32.85493699961547,33.219399107035706,7741300
2022-05-09,32.14379119873047,32.641594497680344,32.04600810509678,32.49047424633532,10125500
2022-05-10,32.4904670715332,32.97937904072867,32.22378812388175,32.91715406597689,7865700
2022-05-11,32.446022033691406,33.361621022396655,32.43713420462932,32.792705014230016,7170800
2022-05-12,32.38379669189453,32.7927046442753,32.010443446367894,32.14378461784316,7630200
2022-05-13,33.37940216064453,33.46829741186356,32.84604421735875,32.872711097220915,7188400
2022-05-16,33.343849182128906,33.548306595835975,32.93494113673002,33.148286381420704,7166200
2022-05-17,34.30389404296875,34.3305609240869,33.89498604112324,34.1527738042823,8323300
2022-05-18,33.12160873413086,33.859424008827695,33.103833076120196,33.78830781275755,6899500
2022-05-19,33.468299865722656,33.69942075382346,32.970496595419,32.979384425689,4979700
2022-05-20,33.521629333496094,33.88609136599181,33.05938422552473,33.868312316722886,9010000
2022-05-23,34.38389587402344,34.44612085331661,33.89498386914551,34.00165477778994,3910700
2022-05-24,34.20610046386719,34.348329437876785,33.93942156147497,34.23276733680454,1825400
2022-05-25,34.29500961303711,34.45501430661659,33.841652243037856,33.89498940156941,1385900
2022-05-26,34.94392776489258,34.98837369893242,34.41945760480464,34.43723665662206,1856300
2022-05-27,35.610633850097656,35.610633850097656,35.210613584197574,35.24617169472382,1643100
2022-05-31,35.423946380615234,35.592845666795434,35.15726740207626,35.37061261951175,1584800
2022-06-01,34.83725357055664,35.495064925972606,34.65946983380238,35.468398043660954,1044400
2022-06-02,35.78840637207031,35.78840637207031,35.121707268789514,35.24616061651447,1560600
2022-06-03,35.28172302246094,35.432843282165614,35.18394331442584,35.35283923667672,857300
2022-06-06,35.5661735534668,35.93063559649832,35.486169524947336,35.82396468880805,929000
2022-06-07,35.60173416137695,35.61062538239834,35.08615524537599,35.10393429641151,1147800
2022-06-08,35.08615493774414,35.397279850619626,35.01503873422561,35.281717715405634,808600
2022-06-09,34.05499267578125,34.79280461404109,34.05499267578125,34.659466823057976,1986200
2022-06-10,32.95271682739258,33.281620796348875,32.85493374151191,33.246066085034585,4206700
2022-06-13,31.743764877319336,32.17045188377732,31.663760851670535,31.921551977761887,4854600
2022-06-14,31.450420379638672,31.965999262711023,31.219296121945483,31.82377025451792,4062900
2022-06-15,32.22380065917969,32.45492159945023,31.56598916747286,32.03712566230639,4497300
2022-06-16,31.308191299438477,31.637095244314743,31.13929202128029,31.263741979287143,3236300
2022-06-17,31.46819305419922,31.63708890752115,31.13928578419485,31.459301835547016,5967400
2022-06-21,31.941364288330078,32.18657848874082,31.905038953254607,32.02310235513366,2103200
2022-06-22,31.759733200073242,32.086685528855554,31.48727061641754,31.55992822926057,1885600
2022-06-23,31.63258934020996,31.65075028092339,31.205734478817348,31.550851248975334,5356300
2022-06-24,32.69517517089844,32.749668376738555,32.01402568817139,32.01402568817139,2909800
2022-06-27,32.413631439208984,32.74058373819544,32.38638656912856,32.6316007933684,1859200
2022-06-28,32.11392593383789,32.80415583729591,32.104842001243405,32.667928028925274,2172800
2022-06-29,31.841468811035156,32.186582051738135,31.814220476080944,32.150256712641514,2639500
2022-06-30,31.596256256103516,31.696158739044947,30.91510674278168,31.105827775030455,2520700
2022-07-01,31.550851821899414,31.57809669797034,30.933275891246947,31.133077423277253,2233400
2022-07-05,30.451923370361328,30.46100730406604,29.897921207564682,30.05231689999428,3285800
2022-07-06,30.47008514404297,30.56090715072512,30.188545584591562,30.361102200529693,2146700
2022-07-07,30.933277130126953,30.978686413565846,30.751636531865135,30.751636531865135,1398400
2022-07-08,30.933277130126953,31.096753322111965,30.62448915243374,30.83337462785764,947100
2022-07-11,30.31569480895996,30.58815391688778,30.279366004034777,30.515496307037417,2150800
2022-07-12,30.2430419921875,30.62448757534439,30.170387835328043,30.206713181504735,4812900
2022-07-13,30.31569480895996,30.479170966617758,29.779857062082854,29.816185867008038,2689400
2022-07-14,29.83434295654297,29.843426888855262,29.234931610619437,29.54371948364096,4050500
2022-07-15,30.506412506103516,30.56090570753946,29.98873921823004,30.17037975851138,2986800
2022-07-18,30.68805503845215,31.133070753298533,30.624481364902667,31.005923406199567,2752200
2022-07-19,31.950454711914062,32.0231088613313,31.478190614931993,31.505435487900243,5731200
2022-07-20,31.578092575073242,31.914125372597308,31.378287604623747,31.714320402147813,5909300
2022-07-21,31.968616485595703,32.0049452895687,31.460023623489967,31.578090504149507,3125500
2022-07-22,31.77789878845215,32.25924336571932,31.6325870218523,32.059438387454854,2335700
2022-07-25,32.068519592285156,32.18658301075137,31.850550228683957,32.104844932464104,2026000
2022-07-26,31.314716339111328,31.614423817883374,31.296551934533696,31.569011074186328,2582200
2022-07-27,32.259239196777344,32.322812869917385,31.614418532353895,31.73248194561091,4489600
2022-07-28,32.54986572265625,32.577110595251106,31.877796661102543,32.10484650474147,3316500
2022-07-29,33.140193939208984,33.17651927813866,32.622517151522814,32.69517475839294,2699500
2022-08-01,33.094783782958984,33.28550828361056,32.89498227749901,33.05845844119713,1413500
2022-08-02,32.4953727722168,32.85865391073969,32.4953727722168,32.776915827797325,1909600
2022-08-03,33.0857048034668,33.140198015321836,32.67701437581851,32.849571016600756,2054500
2022-08-04,33.42173767089844,33.46714694860026,33.19468781788349,33.21285222186539,1138200
2022-08-05,33.1311149597168,33.18560817301697,32.84957188775805,32.93130997545537,1523800
2022-08-08,33.22193908691406,33.55797192895901,33.1402009940376,33.403576213745204,1294900
2022-08-09,32.958553314208984,33.26734121371858,32.913144042267504,33.2219319417771,999500
2022-08-10,33.694190979003906,33.85766712208522,33.521634367753734,33.66694610999209,1248400
2022-08-11,33.63969802856445,33.89399268707147,33.5761243639377,33.77592582511969,1606600
2022-08-12,33.975738525390625,33.984818994770215,33.61245738910483,33.68511500216427,1059600
2022-08-15,33.66694259643555,33.69418746260403,33.46713767252043,33.55795966725678,1406800
2022-08-16,33.85767364501953,33.94849566673181,33.57613403897618,33.60337891323692,1724000
2022-08-17,33.458065032958984,33.64878606976806,33.24009565910171,33.41265575721954,1358800
2022-08-18,33.28550720214844,33.403570621923414,33.17652078688695,33.31275207371104,1447400
2022-08-19,32.64068603515625,32.9494739777434,32.56803188281532,32.91314863382586,2494800
2022-08-22,31.641658782958984,31.941362703363797,31.569001187403366,31.941362703363797,2344200
2022-08-23,31.732484817504883,32.04127274263368,31.64166626608698,31.668911138611218,2600700
2022-08-24,31.814224243164062,31.98678434845358,31.587174390524854,31.65074807210337,1552000
2022-08-25,32.19567108154297,32.19567108154297,31.78698063758709,31.868718726378265,1156900
2022-08-26,31.042251586914062,32.26831922592667,31.033167654014687,32.2592387575326,3204900
2022-08-29,31.15123748779297,31.314713650449775,30.996845258898006,31.078583340226405,1675400
2022-08-30,30.996841430664062,31.51451472697401,30.878774557881293,31.496350326199337,2978800
2022-08-31,30.733470916748047,31.133077445601312,30.68806163509524,31.033174947261468,2613100
2022-09-01,30.270286560058594,30.297531432422275,29.825267345919826,30.17946454467025,5702400
2022-09-02,30.025068283081055,31.05133093535605,29.87975654247985,30.769791386725377,4765800
2022-09-06,30.025068283081055,30.406510302969775,29.88883701054641,30.243034161730275,3308500
2022-09-07,30.724380493164062,30.74254142833712,30.00690229615347,30.034147163418055,2304300
2022-09-08,30.542743682861328,30.60631735722917,29.988741550936894,30.079560095889413,3806100
2022-09-09,31.414613723754883,31.423694192314176,31.16031903003034,31.17848343165429,3118000
2022-09-12,32.168418884277344,32.32281457325757,32.023107128798884,32.095764738790876,2518900
2022-09-13,30.942350387573242,31.705237950819626,30.91510551676262,31.441859317965477,9347000
2022-09-14,31.160316467285156,31.2692994035603,30.869692994214716,31.024085198562418,1679300
2022-09-15,30.82427978515625,31.178480385459135,30.76070611793638,30.806115385306995,3192000
2022-09-16,30.68805503845215,30.769793113659397,30.379267139280927,30.433756879748845,3039600
2022-09-19,30.794841766357422,30.831347525986992,30.247213591359262,30.247213591359262,2803700
2022-09-20,30.155948638916016,30.365871586569245,29.882136249877604,30.210709027695643,3232600
2022-09-21,29.70871925354004,30.48452508933924,29.699593682590766,30.137694204138263,2517400
2022-09-22,29.599193572998047,29.909515196081465,29.4257798795771,29.83649670513794,2383700
2022-09-23,28.458303451538086,28.805132551043602,28.21187128720558,28.750370428144098,3473800
2022-09-26,28.074966430664062,28.567829041665426,27.947187557600113,28.312271295537528,2618600
2022-09-27,27.86504554748535,28.43092494767542,27.609486041713147,28.284891441764646,2095500
2022-09-28,28.576955795288086,28.67735447408368,27.691627530452333,27.792026209247926,2564100
2022-09-29,28.193614959716797,28.211869579864054,27.6368629720766,27.983692050592516,1936200
2022-09-30,28.074966430664062,28.54044884935548,27.983695060965566,28.03845718644203,2492200
2022-10-03,28.741243362426758,28.87814954127036,28.266633650969514,28.44004907262822,2153500
2022-10-04,30.41150665283203,30.438886847445463,29.86388187028268,29.86388187028268,2897300
2022-10-05,29.99165916442871,30.165072857311305,29.507923849426078,29.745226980829273,2219200
2022-10-06,29.316255569458008,29.73610497802602,29.298000944588644,29.55356221104606,3475000
2022-10-07,28.6317195892334,29.10632756768365,28.52219359983316,29.04243813255707,3115800
2022-10-10,28.50394058227539,28.786882012125893,28.275763020635292,28.695610639298526,4346200
2022-10-11,28.202743530273438,28.70473516162048,28.084091975726086,28.321396825677265,4351500
2022-10-12,28.193614959716797,28.394412299623838,28.12059821998416,28.23012420001131,1771900
2022-10-13,29.05156707763672,29.188473266445932,27.499958962181253,27.62773958047894,5921700
2022-10-14,28.567829132080078,29.480539350240548,28.55870356185227,29.3345058546034,1763500
2022-10-17,29.54442596435547,29.672204825616074,29.416647103094864,29.416647103094864,2873700
2022-10-18,29.95514678955078,30.32935781109628,29.69046001092489,30.28372300002252,2487900
2022-10-19,29.635700225830078,29.873003337209823,29.407522684163293,29.6904606075338,1879500
2022-10-20,29.672210693359375,30.10118565389027,29.56268643086489,29.70871994142871,1560600
2022-10-21,30.27459716796875,30.30198084289512,29.380141545303818,29.48054022936953,3392000
2022-10-24,30.511899948120117,30.69444267060437,30.219832984830443,30.4023757073147,2443500
2022-10-25,31.296838760375977,31.30596433192874,30.630560622186334,30.667066390111078,2563300
2022-10-26,31.598026275634766,31.826203826548358,31.223815231404995,31.260324475162317,2160500
2022-10-27,31.296838760375977,31.780574132087185,31.251203939184787,31.488507098407172,3844000
2022-10-28,31.762311935424805,31.762311935424805,31.20555819716172,31.3242114893439,4656800
2022-10-31,31.278581619262695,31.415486071822592,31.1690573608721,31.315090865964027,3086500
2022-11-01,31.552391052246094,31.963111334902052,31.388102939183707,31.935731143296014,3027000
2022-11-02,30.80396842956543,31.83533190297571,30.794842859762248,31.47937549153037,3314800
2022-11-03,30.5301570892334,30.75833464074977,30.374994543711438,30.402378217458327,3039000
2022-11-04,32.173030853271484,32.26430047009923,31.598022518461118,31.78969428453971,6203800
2022-11-07,32.483360290527344,32.5928845535838,32.2551827114935,32.40121622280662,2414600
2022-11-08,32.78455352783203,32.98535091547126,32.501615552573426,32.60201424639304,4040900
2022-11-09,32.40121078491211,32.903200678194914,32.39208521523626,32.5928790835216,4546100
2022-11-10,34.41830062866211,34.41830062866211,33.63336930364118,33.85242128246382,8398000
2022-11-11,35.26712417602539,35.340142668641384,34.65560996807656,34.82902366546951,4650300
2022-11-14,34.96592712402344,35.41315314807254,34.95679807275791,35.18497561041523,2930000
2022-11-15,35.19411087036133,35.74173566466156,34.67386627126204,35.59570215406727,3934800
2022-11-16,35.30363082885742,35.46791894346111,35.15759733606671,35.40402950797224,2492400
2022-11-17,35.349266052246094,35.36752067427065,34.756006504157185,34.76513207431289,1790300
2022-11-18,35.522674560546875,35.61394765736421,35.34926089916291,35.61394765736421,1945600
2022-11-21,35.19411087036133,35.258000313639236,35.020693682852546,35.121092374207414,2015400
2022-11-22,35.6322135925293,35.6322135925293,35.18498398037828,35.267128052744226,2201600
2022-11-23,35.969905853271484,35.988160473559915,35.56831465206446,35.56831465206446,1650300
2022-11-25,36.08856201171875,36.17070606868706,35.89689370603038,35.89689370603038,798800
2022-11-28,35.53180694580078,36.07030608156777,35.4952977036474,35.997287597261014,1979400
2022-11-29,35.73260498046875,35.878638470166905,35.5500622479178,35.62307725191036,2200200
2022-11-30,36.554046630859375,36.627065125706714,35.67784558297213,36.02467647007005,3514200
2022-12-01,36.7365837097168,36.87349162554377,36.45364230847375,36.74570927930589,1789000
2022-12-02,36.77309799194336,36.84611300380301,36.39888691666496,36.43539268173808,1765500
2022-12-05,36.28023147583008,36.718331966411874,36.207212986543176,36.636187906820716,1809000
2022-12-06,36.1433219909668,36.45364359363031,35.94252811751138,36.380628589204626,1551200
2022-12-07,36.225467681884766,36.371501179039726,35.97903550261454,36.170707296522416,1900300
2022-12-08,36.36238479614258,36.4080196227125,36.00642827449743,36.14333275420721,986500
2022-12-09,36.225467681884766,36.499283535549374,36.17983286684507,36.30761174164151,2677700
2022-12-12,36.38975143432617,36.38975143432617,36.125068146174826,36.298481815199885,2884200
2022-12-13,37.04690933227539,37.640172389790834,36.79135157541991,37.52151908194508,3606800
2022-12-14,36.95564270019531,37.2477097265196,36.663572192157424,37.028657715919586,2467800
2022-12-15,35.705223083496094,36.33499536803691,35.568318638557855,36.24372225636487,4065000
2022-12-16,35.37664794921875,35.540936073643614,35.17585406069872,35.35839680802782,3357900
2022-12-19,35.308815002441406,35.565471933428285,35.21714931516864,35.464641425772456,1722700
2022-12-20,35.40048599243164,35.55631595118537,35.27215749503992,35.3179886017242,1642900
2022-12-21,35.987125396728516,36.087955909405004,35.68463735538765,35.7396367704899,2662500
2022-12-22,35.58380889892578,35.77630161787396,35.20798828239841,35.77630161787396,1522600
2022-12-23,35.62047576904297,35.63880890877408,35.27215310752959,35.37298362770627,2814100
2022-12-27,35.702972412109375,35.849634030240374,35.647972994051955,35.73047037279369,1670900
2022-12-28,35.27214813232422,35.858794534216685,35.27214813232422,35.75796402826235,1122800
2022-12-29,35.987125396728516,36.06962277103759,35.7396367704899,35.76713472969672,1581400
2022-12-30,35.47380447387695,35.75795932049558,35.40964025066062,35.62046605504112,2164300
2023-01-03,35.99629592895508,36.34461858598959,35.803803209286855,36.14295754822927,1980300
2023-01-04,36.98625564575195,37.08708615007678,36.674599312697175,36.88542863811544,3411600
2023-01-05,36.57377624511719,36.77543377880289,36.518776828645436,36.63794048265655,2392500
2023-01-06,37.67374038696289,37.710406668295406,36.58294474248847,36.747939511795735,2483400
2023-01-09,38.08621597290039,38.480369638172434,38.08621597290039,38.15954851373613,3018800
2023-01-10,38.40704345703125,38.42537309691854,38.113720265198914,38.18704931481287,2509400
2023-01-11,38.8470344543457,38.856199275754314,38.60870713745596,38.73703561730944,1980100
2023-01-12,39.38784408569336,39.470341453091905,38.72786514650497,39.112850529905984,2151000
2023-01-13,39.644500732421875,39.644500732421875,39.158684848167134,39.158684848167134,3741100
2023-01-17,39.562007904052734,39.89199740920901,39.43367942908945,39.69950469676408,2305500
2023-01-18,39.31451416015625,40.056990516257144,39.29618102210195,40.02032424014853,4360100
2023-01-19,39.03036117553711,39.094525413528615,38.77370072688236,39.00285971876309,2347200
2023-01-20,39.41534423828125,39.44284219671647,38.90202686846321,39.002857378310374,1885200
2023-01-23,39.6811637878418,39.726994877541664,39.287010122384565,39.332841212084425,2293100
2023-01-24,39.69950485229492,39.72700281226945,39.314515929208106,39.44284440467414,1087600
2023-01-25,39.92865753173828,39.94699066771962,39.387842258697454,39.42450503397197,1669800
2023-01-26,40.047821044921875,40.047821044921875,39.68116878446637,39.92866089603527,1545500
2023-01-27,39.82782745361328,39.94699109040878,39.598668496454046,39.65366440829182,1228400
2023-01-30,39.45201110839844,39.82783169832572,39.45201110839844,39.62617067559303,1448400
2023-01-31,39.91949462890625,39.928662946484316,39.46117665728462,39.50700775510906,923800
2023-02-01,40.48781204223633,40.65280680849435,39.6903396697819,39.947000137677136,2098700
2023-02-02,40.671138763427734,40.79030242373851,40.295318139391185,40.73530300435918,1906400
2023-02-03,40.176151275634766,40.62530088725067,40.102818728691915,40.15781813889905,1852900
2023-02-06,39.6811637878418,39.809492237676615,39.452004842654475,39.73615969680643,1372800
2023-02-07,39.9744987487793,40.01116503002944,39.34201763562606,39.39701705750126,1835500
2023-02-08,39.6811637878418,39.89198959781157,39.57116497653652,39.763661147976755,1350900
2023-02-09,39.82782745361328,40.386975868551936,39.5620022241034,40.33197646002597,3712200
2023-02-10,39.47034454345703,39.51617564078054,39.241185560150896,39.488677681724155,3288900
2023-02-13,40.06615447998047,40.0753227971558,39.67200076196468,39.727000174951236,1804000
2023-02-14,40.23114776611328,40.43280877640986,39.83699406236361,39.91949143051327,3337000
2023-02-15,40.37781524658203,40.39614838625095,39.956163524263566,40.00199462509142,1356900
2023-02-16,40.16698455810547,40.460307764178445,39.98365668013775,40.02948777545757,2511600
2023-02-17,40.26781463623047,40.31364573106135,39.84616296908495,39.937825158746705,1240000
2023-02-21,39.635345458984375,40.01116611022182,39.60784399895979,39.79117191347079,1090700
2023-02-22,39.47034454345703,39.74533462408668,39.4061803078664,39.653668932751074,1363500
2023-02-23,39.88283157348633,39.92866617170166,39.461179844741,39.85533361190826,1682800
2023-02-24,38.89285659790039,39.06701613806634,38.67286247118044,38.966185642348364,3972600
2023-02-27,39.562007904052734,39.69950469676408,39.43367942908945,39.626172141534376,1406200
2023-02-28,39.27784729003906,39.69033414830142,39.27784729003906,39.57117050109485,909000
2023-03-01,39.50701141357422,39.87366722350038,39.36951810736862,39.827836121431844,1336000
2023-03-02,39.6811637878418,39.690328607106565,39.18617962703206,39.250343851949474,984000
2023-03-03,40.31364822387695,40.33198136228062,39.782001196924966,39.9011613515159,1168900
2023-03-06,40.33197784423828,40.551971989204254,40.29531157062924,40.377808937905435,1164200
2023-03-07,39.54367446899414,40.24031975170245,39.48867854967257,40.18532033569222,1997500
2023-03-08,39.76366424560547,39.90115752541592,39.534505282566435,39.65366542573117,2185600
2023-03-09,39.31451416015625,39.910328908511254,39.31451416015625,39.73616584533963,1692700
2023-03-10,39.05785369873047,39.62616694041208,38.98452115312601,39.50700330214895,2893800
2023-03-13,38.57204055786133,38.91119486361262,38.23288275542156,38.34288158162885,5596600
2023-03-14,39.3695182800293,39.47034880303564,39.07619502947754,39.296185719046875,2912200
2023-03-15,37.93955993652344,38.04039044657488,37.25208300074196,37.30708241441235,6470500
2023-03-16,38.66370391845703,38.682037056712446,37.517909002658016,37.57290841742426,3989900
2023-03-17,38.09539031982422,38.214550472514816,37.728734550975396,38.05872404360163,3403900
2023-03-20,38.85314178466797,39.01867024332544,38.577262189571975,38.614047071051274,2078800
2023-03-21,39.66239547729492,39.82792395197872,39.47847456009073,39.754354181897156,1853900
2023-03-22,39.59801483154297,40.42565351196881,39.57962239313365,39.83710951486628,2262100
2023-03-23,39.69917297363281,40.379679248367026,39.441685819516856,40.112994119890146,2569400
2023-03-24,39.322139739990234,39.34973015720046,38.862339210482396,39.1658092437974,1901000
2023-03-27,39.64399719238281,39.735955883432965,39.44168386247343,39.598017846857736,2809800
2023-03-28,39.7359619140625,39.827924127068734,39.588825881252255,39.653197676356754,835400
2023-03-29,40.43485641479492,40.508422669402115,40.195758194322984,40.333699745210595,2052600
2023-03-30,41.14295196533203,41.19812578246776,41.00501040649359,41.07857666534108,2420800
2023-03-31,41.29008865356445,41.43722468161993,41.17973400152313,41.20732441853327,2496600
2023-04-03,41.51078796386719,41.54757284524219,41.244102835897436,41.345259505679024,1385000
2023-04-04,41.630332946777344,41.805055853986175,41.519981821592765,41.62113497334587,1945000
2023-04-05,41.34526824951172,41.52918918728359,41.1889377326057,41.45562291697491,2097400
2023-04-06,41.56596374511719,41.70390178316118,41.244101307016074,41.29927862703321,1944700
2023-04-10,41.57516098022461,41.584358954839715,41.13375291468534,41.216517146223914,2437300
2023-04-11,41.6671257019043,41.78667131512208,41.63034081722204,41.68551814424542,1628800
2023-04-12,42.03495788574219,42.25566365360308,41.80505765205338,42.03495788574219,3283200
2023-04-13,42.623504638671875,42.64189707949884,42.35682301667929,42.375215457506265,1762700
2023-04-14,42.54993438720703,42.76144217485395,42.34762106511039,42.66948348735497,1780400
2023-04-17,42.209686279296875,42.237273186067874,41.97978603487369,42.228075211811316,1367100
2023-04-18,42.55912780761719,42.55912780761719,42.39359936778471,42.49475602634889,1080200
2023-04-19,42.50395965576172,42.540741029953196,42.32923321935457,42.32923321935457,946400
2023-04-20,42.4119987487793,42.54074233238971,42.22807784019318,42.26486272351031,1005000
2023-04-21,42.77063751220703,42.789029951681535,42.3384274625531,42.439584125663316,1755200
2023-04-24,42.89938735961914,42.92697426661331,42.77983824931213,42.853404503963034,1094700
2023-04-25,42.1361198425293,42.66029216054071,42.12692537554647,42.61431280962736,1132700
2023-04-26,42.237274169921875,42.54993864994044,42.18209684709528,42.531546208998236,1082600
2023-04-27,42.76144027709961,42.798225153666316,42.38440406228815,42.494755183989355,1258000
2023-04-28,42.59591293334961,42.66948268837046,42.21887670886526,42.26485605175379,1371200
2023-05-01,42.513160705566406,42.7798458807482,42.513160705566406,42.7154740809457,1805900
2023-05-02,42.044158935546875,42.145315607050506,41.75908136203659,42.145315607050506,1800000
2023-05-03,42.14530944824219,42.52234566365876,42.126917009929315,42.191288790024906,853700
2023-05-04,41.988983154296875,42.15451162138079,41.77747533702288,41.915416895592664,1780100
2023-05-05,42.66948318481445,42.74304943269222,42.19129029561233,42.209682734581534,807900
2023-05-08,42.641902923583984,42.779844494691496,42.57753112586712,42.752257583669945,1402300
2023-05-09,42.237274169921875,42.32003840016207,42.04415880202791,42.06255124297011,756300
2023-05-10,42.182090759277344,42.34761919586827,41.86023185923882,42.31083431929275,996800
2023-05-11,41.9981689453125,42.04415179400317,41.64872314965546,41.82344604748398,676200
2023-05-12,41.860233306884766,42.01656377573871,41.70389933003179,41.9797824058901,692800
2023-05-15,42.053348541259766,42.053348541259766,41.79586141301207,41.878625633948694,946900
2023-05-16,41.78666687011719,41.99817467254172,41.768274429732536,41.924608419002425,555900
2023-05-17,42.099334716796875,42.12692513358611,41.72229842867351,41.92461178112981,1918900
2023-05-18,42.16370391845703,42.19129433355091,41.906216764243354,42.053352782079656,936400
2023-05-19,42.49475860595703,42.623502176308904,42.42119235489847,42.50395657983885,983000
2023-05-22,42.50395965576172,42.55913347104865,42.347625660450035,42.402802983736414,1739100
2023-05-23,41.67631149291992,42.09013258944694,41.6671170276633,42.062545685678124,1273000
2023-05-24,40.98661422729492,41.234906905763076,40.940634881208055,41.207319999710805,3599100
2023-05-25,41.087772369384766,41.19812350555697,40.90385147043151,41.05098748799424,2085700
2023-05-26,41.71310043334961,41.77747222041348,41.336064177118686,41.37284905772641,1047500
2023-05-30,41.216514587402344,41.63953018544904,41.10616345486826,41.63953018544904,1385700
2023-05-31,40.499229431152344,40.738324150875094,40.204957387801514,40.71073724306079,2285600
2023-06-01,41.07857894897461,41.14295425254431,40.60038946988358,40.64636882271928,3014900
2023-06-02,41.51078796386719,41.611944633648775,41.4096312940856,41.519985938210624,1781900
2023-06-05,41.09695816040039,41.336056330967175,41.050978822367895,41.30846592174878,1219900
2023-06-06,41.207313537597656,41.24409490389956,40.885451149465446,40.91304155919024,2149800
2023-06-07,41.060184478759766,41.37284894709072,40.99581269186804,41.23490739918028,849600
2023-06-08,41.5843620300293,41.59355649732487,41.30847889916598,41.35446175964302,953200
2023-06-09,41.27169418334961,41.45561508638047,41.234909301143546,41.39123978852014,1584700
2023-06-12,41.73149108886719,41.74988352838444,41.51998329641756,41.6027475202456,1580000
2023-06-13,42.071739196777344,42.126916511062554,41.86942588573047,41.97978051430088,2594800
2023-06-14,42.375213623046875,42.57752344738659,42.117722970615674,42.43038743513986,1849500
2023-06-15,42.890193939208984,42.9269788244398,42.338434692745636,42.384414045284295,1089000
2023-06-16,42.954559326171875,43.221244442310194,42.93616688630035,43.21204997637404,1047200
2023-06-20,42.498416900634766,42.66735966162926,42.37640546908366,42.60166009683782,968800
2023-06-21,42.479644775390625,42.63920341754843,42.30131789802152,42.3764051602976,1692700
2023-06-22,42.27315902709961,42.36701451806455,42.1605281415127,42.18868765308817,1070800
2023-06-23,41.64431381225586,41.80387243578402,41.49414288559499,41.55045832572681,1662500
2023-06-26,41.81325912475586,41.97281775810049,41.794487310223694,41.81325912475586,645700
2023-06-27,42.442108154296875,42.517191842282635,42.02913533912214,42.094834908743934,1900400
2023-06-28,42.479644775390625,42.56411615527235,42.413945211077916,42.489032473353994,953100
2023-06-29,42.498416900634766,42.51718871634057,42.37640546908366,42.41394552013752,1258700
2023-06-30,43.15541458129883,43.19295821136408,42.930159961622586,43.014631339090585,1852900
2023-07-03,43.15541458129883,43.16480227899395,42.99585952405796,43.10848683389608,711600
2023-07-05,42.310707092285156,42.55473354259685,42.28254757775691,42.53596172636397,1114300
2023-07-06,41.306434631347656,41.616164228769975,41.08117999718402,41.606780110828936,3218200
2023-07-07,41.710018157958984,41.93527636399264,41.40967627015259,41.47537583433788,2324000
2023-07-10,42.038516998291016,42.05728881268007,41.84141831774223,41.84141831774223,2174400
2023-07-11,42.460872650146484,42.49841269748758,42.17929902276514,42.32946995320174,1064800
2023-07-12,43.56838607788086,43.59654559209965,43.17418868239595,43.26804418217108,1313600
2023-07-13,44.3286247253418,44.35678065679549,44.10337011299717,44.150297858872506,1330800
2023-07-14,44.15968704223633,44.48818846176687,44.150302924127644,44.41310119546574,1294200
2023-07-17,44.03766632080078,44.12213769426963,43.7373244552132,43.80302401453814,926800
2023-07-18,44.15968704223633,44.17845885881161,43.821801504597104,43.86873283621427,1043100
2023-07-19,43.82179641723633,44.03766691225434,43.737325042632975,43.943811420631725,1480200
2023-07-20,43.56838607788086,43.93443111986261,43.46514646027135,43.80302840767649,1091700
2023-07-21,43.878116607666016,43.89688842409299,43.681017905719614,43.84057297481206,1205700
2023-07-24,43.55900573730469,43.66224894422484,43.44637841173639,43.4839220470452,851200
2023-07-25,43.399444580078125,43.605927384644254,43.35251325233536,43.35251325233536,1124700
2023-07-26,43.35251235961914,43.48391506209235,42.84568768579553,42.86445592007701,1013200
2023-07-27,43.40882110595703,44.009504760295854,43.40882110595703,43.84994973101829,2267300
2023-07-28,44.169071197509766,44.31924213770755,43.906269366895415,43.9532006947478,982400
2023-07-31,44.140907287597656,44.42248090523227,44.13152317117657,44.33800953601334,849400
2023-08-01,43.474525451660156,43.74671138141324,43.31497040478535,43.63408407889236,1188000
2023-08-02,42.50780487060547,42.95831770935364,42.423333489567824,42.95831770935364,2314000
2023-08-03,42.3294677734375,42.46087046361564,42.05728543753297,42.122984992443435,1496500
2023-08-04,42.4890251159668,43.024009235794125,42.4420973753491,42.60165240952068,1595900
2023-08-07,42.96770477294922,42.97709247168467,42.62043510725581,42.845693332252466,794700
2023-08-08,42.45148468017578,42.45148468017578,41.954044147618994,42.10421507709033,1439500
2023-08-09,42.601654052734375,42.77059678976014,42.489026754836274,42.61104174943428,1158700
2023-08-10,43.014625549316406,43.624693344152185,42.9583101117986,43.211724210093024,1527200
2023-08-11,42.545345306396484,42.695516241365546,42.43271441990155,42.55472942342564,1310300
2023-08-14,42.479644775390625,42.52657610449204,42.04790375837634,42.16991876939611,712600
2023-08-15,41.878963470458984,42.22623670844658,41.79449208559146,42.22623670844658,791400
2023-08-16,41.597389221191406,42.094829782133985,41.597389221191406,41.89773109727269,1038900
2023-08-17,41.128108978271484,41.6818650426673,41.05302529142284,41.64432140906399,2188600
2023-08-18,41.184417724609375,41.278273212981716,40.74328905247315,40.75267316916743,1148800
2023-08-21,41.494144439697266,41.55984399879975,41.212574389207006,41.41906076373334,1087700
2023-08-22,41.41905975341797,41.73817342428492,41.372132009540515,41.72878572729502,598200
2023-08-23,41.65370559692383,41.71940516001323,41.31582008368822,41.34397601633864,721500
2023-08-24,40.92162322998047,41.54107887293591,40.92162322998047,41.40029561520305,1323800
2023-08-25,41.27827072143555,41.48475707982008,40.8746857011515,41.27827072143555,1330500
2023-08-28,41.766334533691406,41.813262283388035,41.56923583675087,41.62554770424371,680400
2023-08-29,42.376399993896484,42.385784110358045,41.67247310748862,41.68185722395018,1234100
2023-08-30,42.36701583862305,42.57350222161097,42.27316034473268,42.39517177071864,1438100
2023-08-31,41.84141540527344,42.23561273893199,41.71940041041649,42.151141370239834,933900
2023-09-01,41.54106903076172,42.13236859814774,41.41905761903923,42.10421266934365,786200
2023-09-05,41.0717887878418,41.38151835878672,41.06240467070295,41.334590612377426,994600
2023-09-06,40.874691009521484,41.00609013451921,40.67759232202489,40.902850522276445,1119300
2023-09-07,40.57434844970703,40.74329120197609,40.452333444099914,40.6494357086522,1010100
2023-09-08,40.677589416503906,40.82776034582598,40.60250216166418,40.658817602793974,1534300
2023-09-11,41.14687728881836,41.1750332214426,40.931006784531334,41.09056184321223,800700
2023-09-12,40.85592269897461,41.03425316707474,40.72452356270584,40.75267949751831,711100
2023-09-13,40.61189270019531,40.84653501745064,40.5180336250786,40.74329182500107,741700
2023-09-14,41.05302429199219,41.081180226330225,40.75267881083562,40.78083832553153,1219200
2023-09-15,40.996700286865234,41.33458574983587,40.96854435840339,41.184414830777484,1135200
2023-09-18,40.733184814453125,40.836712432695485,40.59201372703088,40.70495131501291,1139100
2023-09-19,40.75200271606445,40.817883265807254,40.60141808947796,40.74259274762435,892900
2023-09-20,40.733184814453125,41.316703464506205,40.714361284752584,41.09082469832095,1760000
2023-09-21,40.09319305419922,40.49788990552071,40.07437311758855,40.384952334753514,2417600
2023-09-22,40.064964294433594,40.44142769511353,40.00849370726528,40.243782435134975,2081500
2023-09-25,39.68849563598633,39.716732720940286,39.39673994981998,39.56614809866135,2134400
2023-09-26,39.10498046875,39.41556327007373,39.039099921236584,39.255565090240744,2834200
2023-09-27,39.010868072509766,39.26498030516269,38.681461730824545,39.22733325064654,1952400
2023-09-28,39.500274658203125,39.66026927744129,39.11440126979324,39.16145829955616,1633300
2023-09-29,39.537906646728516,40.10260161056916,39.45320258166343,40.0743681189542,1312400
2023-10-02,38.84145736694336,39.37791529280027,38.74733973683308,39.302621188712045,2361000
2023-10-03,38.53087615966797,38.756754891014175,38.40852862081688,38.662640847248625,1442700
2023-10-04,38.86028289794922,38.90733992032201,38.48381953852555,38.87910642494247,1200700
2023-10-05,38.98263168334961,39.02027873853872,38.70969950878052,38.86969410800306,1169800
2023-10-06,39.59437942504883,39.68849346248638,38.662638247667715,38.91674686679318,1552100
2023-10-09,39.25556564331055,39.28380272851454,38.86028235266093,38.97321992281502,1230200
2023-10-10,39.84849548339844,40.13084121320353,39.79202490134912,39.84849548339844,1428300
2023-10-11,40.12143325805664,40.26260433493322,39.8673210114137,40.14025678635104,926300
2023-10-12,39.58497619628906,39.97084955982625,39.44380152587894,39.94261247161162,1548000
2023-10-13,39.00144958496094,39.490850461160655,38.8885120259057,39.44379344407266,2828400
2023-10-16,39.43439483642578,39.481451867069275,39.199106092987016,39.24616312363051,974000
2023-10-17,39.49085235595703,39.66026049777833,38.96380799493115,38.98262793049313,1158400
2023-10-18,38.737937927246094,39.08616425644033,38.69088089739086,39.0108737267162,1766000
2023-10-19,38.66263961791992,39.1238034440167,38.56852198692633,38.86969122566478,2307300
2023-10-20,38.28618240356445,38.6061752197288,38.267358874352304,38.5308811028802,1720300
2023-10-23,38.54970169067383,38.81322748931528,38.135594850267005,38.25794598569979,1323100
2023-10-24,38.74734115600586,38.8132252946064,38.55911306933216,38.64381714442357,2170700
2023-10-25,38.464996337890625,38.850869668974546,38.40852934665245,38.58734746927451,1581100
2023-10-26,38.295589447021484,38.559115245635354,38.12618128727715,38.46499760676582,1850700
2023-10-27,37.9661865234375,38.49323452818035,37.86265891623615,38.49323452818035,1973400
2023-10-30,38.56852340698242,38.60617046076599,38.32382473783055,38.46499580418794,1047400
2023-10-31,38.72852325439453,38.84146083037685,38.49323454346922,38.69087619899349,1069800
2023-11-01,39.057918548583984,39.06732851552535,38.615574707717535,38.7473357862173,1409500
2023-11-02,39.999080657958984,40.08378473707879,39.77320191689925,39.961433602745565,2146300
2023-11-03,40.29084014892578,40.53553882857635,40.196722510428785,40.34730714180317,1191400
2023-11-06,40.064964294433594,40.27201952382966,39.98026020879166,40.234372465717456,1189200
2023-11-07,39.904964447021484,40.03672554290531,39.73555629796497,39.81084681408976,1346300
2023-11-08,40.281429290771484,40.356723406617434,40.064964093045965,40.168491707223616,1494900
2023-11-09,40.31907653808594,40.789653993670406,40.29084303962161,40.620245822442314,1234900
2023-11-10,40.639068603515625,40.6673021014603,40.06496354383381,40.36613282264706,805500
2023-11-13,40.77082824707031,40.82729883114857,40.38495489808778,40.44142548216603,1749400
2023-11-14,42.02256393432617,42.08844448417182,41.664924099292136,41.664924099292136,1659300
2023-11-15,42.107269287109375,42.22961683183219,42.003741679866366,42.07903220044804,2597700
2023-11-16,42.12609100341797,42.3237362575099,42.00374345352887,42.107271065143465,1158200
2023-11-17,42.671958923339844,42.71901594545863,42.38961320040649,42.47431727630856,1807400
2023-11-20,42.89784240722656,42.96372296353399,42.653140120752376,42.690787178705484,1044900
2023-11-21,42.6154899597168,42.831955141853534,42.54960940820652,42.822545173160975,1433400
2023-11-22,42.66255187988281,42.72843243340991,42.50255368544494,42.67196184886344,1794900
2023-11-24,43.11430358886719,43.11430358886719,42.87901488390982,42.93548187535833,2057200
2023-11-27,42.94490432739258,43.039018392776995,42.83196314066552,43.02019486165582,1440400
2023-11-28,42.954307556152344,43.10489219126599,42.79431295206574,42.83195641817848,745300
2023-11-29,43.19900894165039,43.35900354243907,43.07665780619852,43.19900894165039,1174900
2023-11-30,43.039005279541016,43.11429938108491,42.926067717445534,43.10488582328174,1451500
2023-12-01,43.340179443359375,43.39665002595143,42.95430610453226,43.01077668712431,1072300
2023-12-04,43.23664855957031,43.246062117732464,42.96371640661647,43.02018339470737,2342100
2023-12-05,43.35900115966797,43.462528761651726,43.19900656767171,43.28371064291109,1825900
2023-12-06,43.37782669067383,43.782523558825275,43.37782669067383,43.641348896829825,1035700
2023-12-07,43.62252426147461,43.66958487442524,43.35900206201044,43.46252966614871,588700
2023-12-08,43.97075271606445,44.00839617890708,43.62252286056064,43.64134638709225,1146000
2023-12-11,44.121341705322266,44.149575202803995,43.91428648320043,43.91428648320043,542900
2023-12-12,44.26251220703125,44.27192576621664,44.036637049674525,44.12134113123852,831200
2023-12-13,44.846031188964844,44.88367465536263,43.98958039710427,44.27192614130275,1481800
2023-12-14,45.02484893798828,45.17543357295597,44.74250319620148,44.89308783116917,3198100
2023-12-15,44.57309341430664,44.90249616939137,44.55426988684169,44.751911539892525,2202100
2023-12-18,44.600460052490234,44.63820194412898,44.43062513938077,44.62876467158685,772800
2023-12-19,45.00617218017578,45.00617218017578,44.779724450787064,44.78916172244656,2073000
2023-12-20,44.3173942565918,44.90237906367952,44.307956985925124,44.77028606845947,1756700
2023-12-21,45.03447341918945,45.04391069014119,44.65706536419867,44.78915836340866,784200
2023-12-22,44.9212532043457,45.07221715238424,44.77028925630716,45.01560432214563,2106600
2023-12-26,45.251487731933594,45.3081005646944,44.88351331714985,45.034477271914064,1044700
2023-12-27,45.44019317626953,45.46849779276914,45.21374544647897,45.251487334654826,829800
2023-12-28,45.062782287597656,45.27035907696033,45.04391494244162,45.17600795412164,971400
2023-12-29,45.10996627807617,45.317539490398495,44.98730692584139,45.16657551813453,765900
2024-01-02,44.458927154541016,44.65707027440684,44.40231791966337,44.54384460612218,1443900
2024-01-03,43.84564208984375,43.9682978440142,43.62863160254406,43.77015830334036,1671100
2024-01-04,44.04377746582031,44.28909255022972,43.921118123983256,43.94942634087778,1280300
2024-01-05,43.97773361206055,44.39288362582782,43.873945208802496,43.911687100762684,3871100
2024-01-08,44.543846130371094,44.543846130371094,44.185308966328215,44.23248453009546,757600
2024-01-09,44.05320739746094,44.15699578564248,43.8928097788272,43.97772722376988,2221800
2024-01-10,44.298526763916016,44.374006938805955,44.015469809365946,44.10982092779449,1181700
2024-01-11,44.24191665649414,44.42118883151323,43.79845845420232,44.36457599741278,1447100
2024-01-12,44.298526763916016,44.496666272174615,44.19473837408595,44.364573266668884,938600
2024-01-16,43.487091064453125,43.70410150066272,43.38330268207805,43.55313756246195,1051100
2024-01-17,43.213470458984375,43.23234140232791,42.87380067732955,43.05307283946094,1463000
2024-01-18,43.82676696777344,43.836200640555084,43.43048432491518,43.505968104227115,1179700
2024-01-19,43.97773361206055,43.98716728541813,43.543712652313175,43.647497456306304,2140700
2024-01-22,43.94942855834961,44.10982619869773,43.93055761255603,43.98716685067189,939300
2024-01-23,43.864505767822266,43.864505767822266,43.61918710160226,43.71354181909628,610800
2024-01-24,44.74198532104492,45.05335051824217,44.72311797509185,44.9023865557642,1270200
2024-01-25,44.97787094116211,44.97787094116211,44.68538026111027,44.88351980551928,926300
2024-01-26,45.383583068847656,45.477937794952375,45.31753656020675,45.37414939586957,1116500
2024-01-29,45.5345458984375,45.55341684318893,45.091091294205334,45.16657147394636,1412700
2024-01-30,45.62889862060547,45.68550785311181,45.49680561240464,45.63833229293502,693200
2024-01-31,45.1476936340332,45.78929126053531,45.09108440768922,45.72324476362457,1963200
2024-02-01,45.694942474365234,45.71381341719433,45.21374243038415,45.345839030187804,850800
2024-02-02,45.4024543762207,45.44962994001697,45.21374852177084,45.4024543762207,802200
2024-02-05,45.23261260986328,45.308096379905784,44.86463822906673,45.07221499741935,812100
2024-02-06,45.60059356689453,45.60059356689453,45.26092377805692,45.27979472179951,654200
2024-02-07,45.61003112792969,45.63833574632463,45.38358338297576,45.525113673480064,1366200
2024-02-08,45.77043151855469,45.88365719747691,45.7138222783586,45.79873973791776,570200
2024-02-09,46.10066223144531,46.128966848196136,45.74212148912168,45.86478082714956,398400
2024-02-12,46.09122848510742,46.261063397131856,46.025181974794016,46.04405292049283,516800
2024-02-13,45.18544006347656,45.459063349213054,45.015605168830774,45.31753307058673,787200
2024-02-14,45.79873275756836,45.808166429741554,45.49680485832373,45.51567580193458,549800
2024-02-15,46.345977783203125,46.355415055059844,46.02517892610267,46.03461619795939,811700
2024-02-16,46.24219512939453,46.47807656539265,46.14784399470131,46.27050334921456,2461300
2024-02-20,46.54411315917969,46.610159654133504,46.383711957674684,46.53467588889256,742700
2024-02-21,46.846046447753906,46.87435106336575,46.55355222246191,46.56298589457771,1202300
2024-02-22,47.591434478759766,47.63861364264281,47.33668211070378,47.41216589350475,1702300
2024-02-23,47.6197395324707,47.76126621692036,47.56312669913206,47.74239527247415,1235800
2024-02-26,47.676353454589844,47.76127091331548,47.5820023223458,47.71409534719346,1122400
2024-02-27,47.90279769897461,47.95941053372948,47.69522090413813,47.799009301556374,1148400
2024-02-28,47.79901123046875,47.91223330528281,47.704660101334504,47.761269339109106,766700
2024-02-29,47.8461799621582,47.97827296378798,47.53481840106863,47.87448817626769,940600
2024-03-01,48.03488540649414,48.05375634932728,47.56312263345874,47.799004019976444,3174000
2024-03-04,48.185855865478516,48.289644265462634,48.072633792434395,48.10093841087922,1467000
2024-03-05,47.865055084228516,48.25190045103297,47.69522018180074,48.072631875921275,599400
2024-03-06,48.450042724609375,48.57270207206003,48.289645085013404,48.34625792212868,575500
2024-03-07,49.280338287353516,49.336951115218774,48.78027090530207,48.836880133903044,675200
2024-03-08,48.82745361328125,49.346392013955914,48.79914899483539,49.29921645012455,4088500
2024-03-11,48.72365951538086,48.76140140173821,48.46890718136532,48.72365951538086,937300
2024-03-12,49.2897834777832,49.2897834777832,48.56326826680438,48.79914968857939,960400
2024-03-13,49.487918853759766,49.620011862982246,49.42187234914853,49.50678979782934,745700
2024-03-14,49.10107421875,49.46904863534309,48.86519281331703,49.4501776909967,1065900
2024-03-15,49.17655563354492,49.336956864890645,49.01615800146389,49.2426021407859,601400
2024-03-18,48.920379638671875,49.19452369438511,48.88256591937734,49.19452369438511,519700
2024-03-19,49.043270111083984,49.213428233772206,48.910925705907495,49.00545639357225,652600
2024-03-20,49.723899841308594,49.752261932982,48.97709874138223,48.9865503678636,992800
2024-03-21,49.49702072143555,49.65772360135929,49.478113863894926,49.56319291977054,992400
2024-03-22,49.241783142089844,49.307955339871555,49.06217340612723,49.06217340612723,516400
2024-03-25,49.393035888671875,49.53483552027173,49.22287777319782,49.23233300523218,330100
2024-03-26,49.49702072143555,49.79952322985676,49.478113863894926,49.71444417398114,963900
2024-03-27,49.903507232666016,49.92241408948277,49.695535413795966,49.80897294858226,1146600
2024-03-28,49.676631927490234,49.79952470208016,49.619914959306,49.742804127781476,1941800
2024-04-01,49.790069580078125,50.12093418838046,49.723897379640555,49.752259469909845,2403100
2024-04-02,49.222877502441406,49.23233273442375,49.04326776203539,49.19451901872319,2066200
2024-04-03,49.638816833496094,49.72389588952541,49.29850421549319,49.3079558412234,1032200
2024-04-04,49.06217575073242,49.97913493786239,48.99600354978844,49.95077645349053,1756000
2024-04-05,49.137794494628906,49.26068725771825,48.79747829291323,48.929822681110636,1485000
2024-04-08,49.459205627441406,49.59155002042166,49.41194028796478,49.52537782393153,612900
2024-04-09,49.16615295410156,49.563189724630504,48.92982265925061,49.459203817917825,1409600
2024-04-10,48.561153411865234,48.80693896544568,48.296464605961226,48.372088433599004,1897900
2024-04-11,48.54224395751953,48.61787138722748,47.84270826329265,48.61787138722748,1977400
2024-04-12,47.511844635009766,47.99396049392979,47.445672435724966,47.76708180630018,2262400
2024-04-15,47.54020690917969,48.46662130887463,47.49294156752356,48.40044910933317,1093000
2024-04-16,47.398406982421875,47.6252856695162,47.162076669501054,47.370048498827984,2746500
2024-04-17,47.464576721191406,47.908878840408455,47.22824642052093,47.908878840408455,1436700
2024-04-18,47.436222076416016,47.776538313889624,47.3322361587308,47.51184590356876,1323000
2024-04-19,47.3795051574707,47.66310084187733,47.19044016582802,47.5591185222829,1593900
2024-04-22,47.8994255065918,48.08849047584122,47.568564514991074,47.63473671331121,1140200
2024-04-23,48.76912307739258,48.84474690166362,48.21138339970049,48.305914081567884,1115800
2024-04-24,48.561153411865234,48.78803210700761,48.343729948999155,48.78803210700761,3256900
2024-04-25,48.324825286865234,48.40045272405471,47.62528952343603,47.74817869969689,1959000
2024-04-26,48.84474563598633,48.92982468990814,48.5516983661223,48.59896370583125,1087400
2024-04-29,48.69349670410156,48.74076565217579,48.532793820215396,48.66513822014858,924300
2024-04-30,47.73871994018555,48.44771083038632,47.70090622724078,48.277552728249006,993400
2024-05-01,47.58747100830078,48.1641175373465,47.37004755746809,47.66309483175313,2113600
2024-05-02,47.96560287475586,48.069585185424344,47.596924549948724,47.95614764262225,1860600
2024-05-03,48.419349670410156,48.6651315787274,48.211377866832066,48.5800525323649,978200
2024-05-06,48.89201736450195,48.94873433293503,48.69349715664276,48.76912458937283,812900
2024-05-07,49.2512321472168,49.402483392115144,49.194515184201244,49.31740434147769,841700
2024-05-08,49.49702072143555,49.58209977731116,49.35522109293808,49.38358318230618,1093100
2024-05-09,49.97913360595703,49.98858883790533,49.56319355309155,49.648272610054306,895800
2024-05-10,50.15874481201172,50.27218234775125,50.06421052713358,50.19655491984874,773500
2024-05-13,50.20600891113281,50.35726015708717,50.13983671640992,50.22491576764138,769200
2024-05-14,50.52742385864258,50.54633071724626,50.28163830290918,50.33835887872024,1239500
2024-05-15,50.97172164916992,50.981176881387086,50.55578158447711,50.67867436049877,1786900
2024-05-16,50.4517936706543,50.70703083870185,50.41398356162509,50.69757921297313,650000
2024-05-17,50.593597412109375,50.62195589771512,50.33836022331375,50.39508080063988,677500
2024-05-20,50.52742385864258,50.6881267476021,50.508517000038886,50.621954545546465,597400
2024-05-21,50.470703125,50.48015835732956,50.22492117614977,50.300545004213475,397200
2024-05-22,50.00749206542969,50.224915504969836,49.81842710744699,50.177650167002696,719600
2024-05-23,49.81843185424805,50.499060719277644,49.6671805946732,50.499060719277644,900800
2024-05-24,50.29108428955078,50.338349624313274,50.00748867486193,50.054754009624425,520500
2024-05-28,50.32890701293945,50.46125141642083,50.13984203391696,50.45179618410671,871200
2024-05-29,49.421390533447266,49.686082918131156,49.38358042659027,49.47811110290399,566300
2024-05-30,49.78062057495117,49.89405812365729,49.57264873056108,49.57264873056108,930300
2024-05-31,50.035850524902344,50.09257109410636,49.6671758403616,49.96967833055473,493400
2024-06-03,50.187103271484375,50.35726137807303,49.856242289847685,50.28163395020508,1183400
2024-06-04,49.81843185424805,50.00749683024524,49.591553161828536,49.90351091314106,1119700
2024-06-05,50.6408576965332,50.650312928200066,50.243824513267775,50.55577864210286,690000
2024-06-06,50.877193450927734,50.896100310171875,50.72594218308933,50.80156962006587,4742000
2024-06-07,50.15874481201172,50.4990574192303,50.13983795503609,50.32890291867813,1403100
2024-06-10,49.83734130859375,49.87515142087121,49.307960069447915,49.38358750623218,1180200
2024-06-11,49.21342468261719,49.3174069890994,48.825843121375584,49.118890395659285,797200
2024-06-12,50.11147689819336,50.385620920812585,49.979132502753544,50.130383755558235,1461200
2024-06-13,48.98654556274414,49.572643712193944,48.75021525663051,49.572643712193944,923700
2024-06-14,47.70090866088867,47.81434980551062,47.35114081359015,47.644191694692026,2826800
2024-06-17,48.428810119628906,48.46662383737232,47.88052563680791,48.12630758991085,2213100
2024-06-18,48.58005905151367,48.684044967256995,48.40044931002984,48.40044931002984,1626000
2024-06-20,48.69349670410156,48.80693785214238,48.48552847825561,48.570607536229005,3438900
2024-06-21,48.27755355834961,48.40989794981773,48.022316400755,48.23973984475466,1806800
2024-06-24,48.72560119628906,49.082886305258384,48.66766585808392,48.83182089443781,1275500
2024-06-25,48.76423263549805,48.812513317233055,48.310386123313194,48.41660583327815,840600
2024-06-26,48.368324279785156,48.455230978773784,48.059323501954445,48.13657185462221,1486200
2024-06-27,48.37797546386719,48.590414864692605,48.223475086061306,48.46488215660671,3850200
2024-06-28,48.310386657714844,48.39729335923117,48.0689795627895,48.11726392863852,1923800
2024-07-01,48.851139068603516,49.11185916884105,48.62904498697448,49.024952468761875,1719200
2024-07-02,48.62904357910156,48.64835658784668,48.3007297975942,48.339355815084424,1111200
2024-07-03,49.4594841003418,49.4594841003418,49.14082498423198,49.23739002710453,1200400
2024-07-05,49.79745101928711,49.90367072141023,49.38223055657652,49.90367072141023,1468400
2024-07-08,49.50776672363281,49.980922559755044,49.44017303275821,49.90367420600402,1528600
2024-07-09,48.88010787963867,49.140827985950786,48.725607485184824,49.13117332286365,1046300
2024-07-10,49.585018157958984,49.62364417902416,49.20842366152377,49.21808200858012,1410100
2024-07-11,49.71055221557617,50.058179047309885,49.67192619347683,50.000240014160866,1338300
2024-07-12,50.52167510986328,50.73411452616619,50.21267433173897,50.21267433173897,1402800
2024-07-15,49.87471008300781,50.309239931386855,49.80711638732307,50.28993060425991,1104400
2024-07-16,49.845733642578125,49.845733642578125,49.4787975272989,49.62363956746288,2271300
2024-07-17,49.1794548034668,49.47880093414469,49.12151577326397,49.285674517048626,1908700
2024-07-18,48.802860260009766,49.488455540511794,48.69664054655001,49.45948786723369,1508900
2024-07-19,48.33935546875,48.551791196264666,48.29107110544327,48.51316886263093,3087200
2024-07-22,49.295326232910156,49.33395225073591,49.0056384663766,49.15048419143328,1646200
2024-07-23,48.967010498046875,49.15048223362108,48.92838448175971,49.09254320919033,1127100
2024-07-24,48.223480224609375,48.77388810941633,48.1848578887271,48.715952763802946,1046900
2024-07-25,48.02069854736328,48.43591904244057,47.64410407126526,47.90482417400541,1164400
2024-07-26,48.71595001220703,48.80285670929837,48.406949241122206,48.484197592103534,917600
2024-07-29,48.07863235473633,48.27175874508018,47.866192957000145,48.1751937081185,541200
2024-07-30,48.21382522583008,48.41660630122493,48.02069881344357,48.349012609426644,648200
2024-07-31,48.58076477050781,48.831826526706394,48.445573704084055,48.67732613437344,941200
2024-08-01,47.248191833496094,48.088287402109444,47.00678476452609,47.97241304040612,701300
2024-08-02,46.78469467163086,46.997130405510305,46.51431622661542,46.91022738954589,969100
2024-08-05,46.07978820800781,46.4660373560263,45.49075429743112,45.61628702023762,4797700
2024-08-06,46.09909439086914,46.417749798703404,45.73215462355077,45.770780637706274,1152500
2024-08-07,46.330848693847656,47.1902573527227,46.311535684441715,46.929537251112315,1797300
2024-08-08,47.08403396606445,47.15163133549664,46.59156515719862,46.78469155259724,2073700
2024-08-09,47.17094039916992,47.248192430334356,46.804004301877654,46.9005656572536,1382000
2024-08-12,46.997127532958984,47.23853460765118,46.91987918451889,47.151631596998435,1269300
2024-08-13,47.759979248046875,47.759979248046875,47.17094534123403,47.21922970756031,648500
2024-08-14,48.09794998168945,48.10760464452314,47.9144782356305,48.030356291114,1603400
2024-08-15,48.86079406738281,48.92838775862245,48.55179328355022,48.571106292987245,1426100
2024-08-16,49.24705505371094,49.29533574351808,48.97668024392652,48.97668024392652,411800
2024-08-19,49.89401626586914,49.942300631384114,49.507767126808744,49.57536081823381,1440100
2024-08-20,49.884361267089844,50.000235639669896,49.72020621289976,49.86504825772985,754600
2024-08-21,50.376834869384766,50.45408691411819,50.038866382626594,50.164399113528304,486100
2024-08-22,49.913333892822266,50.43477414655094,49.884366217697426,50.405806471426104,466500
2024-08-23,50.73411560058594,50.75342861007519,50.19336238562669,50.23198840460519,561700
2024-08-26,50.49271011352539,50.62789750067057,50.42511641995281,50.531336133732594,269400
2024-08-27,50.637550354003906,50.724457054573804,50.4540822899474,50.540988990517306,545100
2024-08-28,50.454078674316406,50.64720507102972,50.22232626154451,50.56029837668771,340000
2024-08-29,50.589271545410156,50.96586603396378,50.502364841622395,50.80171097324247,622600
2024-08-30,50.724456787109375,50.86930251515542,50.42511435173138,50.79205047790956,596600
2024-09-03,49.81676483154297,50.560299074829246,49.710545127704975,50.550640728891416,1579200
2024-09-04,49.59467315673828,49.82642190032311,49.43051442008415,49.44982742931286,557600
2024-09-05,49.35326385498047,49.613983942514125,49.27601182152767,49.469138221579975,1832100
2024-09-06,48.435916900634766,49.47879726547985,48.377977874727904,49.40154523093736,2840900
2024-09-09,48.83182144165039,48.92838279546069,48.63869505045026,48.69663407288416,2554500
2024-09-10,48.49385452270508,48.609728887584644,48.11726007416177,48.60007422533619,922200
2024-09-11,49.015289306640625,49.04426065954055,48.14622607481288,48.71594690078442,789000
2024-09-12,49.3629264831543,49.391897842164106,48.73527018617294,48.89942525838058,611300
2024-09-13,49.59467315673828,49.749173546988125,49.44017276648844,49.44017276648844,1146300
2024-09-16,49.87471008300781,49.884364746571286,49.546396268147554,49.65261230166634,433300
2024-09-17,49.845733642578125,50.058173055114345,49.65260723877972,50.0292053837975,373700
2024-09-18,49.7202033996582,50.367172600501924,49.585012341787575,49.865045436292924,799000
2024-09-19,50.907928466796875,51.08174186679148,50.46373662037739,50.73411506680227,1414200
2024-09-20,50.25130081176758,50.52167557421645,50.08714207486656,50.512020911377505,777600
2024-09-23,50.236793518066406,50.29482733940869,50.11105910623459,50.236793518066406,509000
2024-09-24,50.98154067993164,50.991214827607166,50.60433009192449,50.71072357871754,563000
2024-09-25,50.50761032104492,50.94285103295944,50.48826571546553,50.9235101169863,384300
2024-09-26,52.04547119140625,52.14219052928453,51.65858646068067,51.81333961504965,757200
2024-09-27,52.04547119140625,52.38399256358646,51.97776691697021,52.258254472659715,718000
2024-09-30,51.49415969848633,51.80366598829191,51.252357678975336,51.7746472370185,588600
2024-10-01,50.69137954711914,51.32006632732262,50.39154368908872,51.252362051252256,707400
2024-10-02,50.5753173828125,50.68171087455905,50.304496579383155,50.50761310435678,407900
2024-10-03,50.04335021972656,50.28515225198545,49.88859706666512,50.149740014651265,513900
2024-10-04,50.410884857177734,50.44957406646697,50.07236349991207,50.169082833529096,766200
2024-10-07,50.19810485839844,50.41088814415135,50.02400709485113,50.34318386828365,435600
2024-10-08,50.20777130126953,50.36252444653477,50.062688613380736,50.20777130126953,611200
2024-10-09,50.410884857177734,50.44957406646697,50.053018895267456,50.053018895267456,306900
2024-10-10,50.285152435302734,50.29482289320161,49.994987043849285,50.29482289320161,440300
2024-10-11,50.60432815551758,50.60432815551758,50.24646218694916,50.24646218694916,332400
2024-10-14,50.9041633605957,50.91383381817368,50.54629370690703,50.565638311669076,248100
2024-10-15,49.57908630371094,50.672032505697764,49.424333153044266,50.643017442949684,1096400
2024-10-16,49.31793975830078,49.48236335467432,49.211546283185726,49.45334829404508,511600
2024-10-17,49.38565444946289,49.63712697040559,49.375980300807406,49.60811190365246,789300
2024-10-18,50.05302429199219,50.05302429199219,49.82089270083436,49.93696034121651,277800
2024-10-21,49.414669036865234,49.8112242669401,49.366309362876905,49.76286459295178,262100
2024-10-22,49.230892181396484,49.34695611657138,49.16318791174397,49.27925184691886,375400
2024-10-23,48.921390533447266,49.15351842580835,48.70860355744434,48.99876526769885,358500
2024-10-24,49.30827331542969,49.53073075742352,49.10516048007964,49.52106029890486,574000
2024-10-25,49.11482620239258,49.54040012830428,49.037451472885245,49.51138137633369,473700
2024-10-28,49.61777877807617,49.704827661653404,49.31794660433734,49.34696166899428,895800
2024-10-29,49.424339294433594,49.56942200541403,49.28893073197537,49.453358050393646,899500
2024-10-30,48.950401306152344,49.15351411656315,48.69892514026716,48.74728849574154,1266500
2024-10-31,48.60220718383789,48.72794527033852,48.17663694670527,48.72794527033852,1597900
2024-11-01,48.77630615234375,49.008434036704074,48.67958681546131,48.90204424197588,555800
2024-11-04,48.68925857543945,49.085813770632726,48.6505693638093,48.98909443116365,266300
2024-11-05,49.13417053222656,49.317942431789575,48.824664236716956,48.85367929891908,402200
2024-11-06,47.7607421875,47.88647659761097,47.43189125027419,47.818772318441525,3576100
2024-11-07,48.631221771240234,48.68925558512123,48.254011205028945,48.389419747811864,1853100
2024-11-08,47.741390228271484,47.88646922288901,47.46089900656264,47.87679876575688,1539700
2024-11-11,47.56729507446289,47.954179793731896,47.56729507446289,47.886471831694614,1146300
2024-11-12,46.58074188232422,47.151394808098786,46.36795491995218,47.1320502033735,1860200
2024-11-13,46.33894348144531,46.35828808768338,45.816650181836756,46.30025426896919,4212200
2024-11-14,46.735496520996094,47.180411375048465,46.68713685244365,47.04500282725915,2314100
2024-11-15,46.600093841552734,46.79353622972888,46.484029884489715,46.7838620810364,1503200
2024-11-18,46.75484085083008,46.88057894001046,46.41631948335157,46.41631948335157,681900
2024-11-19,46.47435760498047,46.60009571579311,46.01977221753092,46.05845774503673,2053100
2024-11-20,46.251895904541016,46.319600183483324,45.894029903045045,46.26157005273648,1132800
2024-11-21,46.155174255371094,46.21320438322009,45.855338399594885,46.02943616235445,2102800
2024-11-22,46.13582992553711,46.26156801930592,45.8843537379995,45.89402788576973,2371900
2024-11-25,46.37763214111328,46.74517227604274,46.29058325888278,46.71615352222835,1556300
2024-11-26,46.0681266784668,46.493696949703896,45.952059040269624,46.4550077369715,1444000
2024-11-27,46.280906677246094,46.338940492216636,46.06812340156637,46.155172279219116,3293700
2024-11-29,46.977298736572266,46.9869728840842,46.35828612163205,46.38730118495543,1304700
2024-12-02,47.112709045410156,47.19975792823938,46.532385619619575,46.899925757077,1656100
2024-12-03,47.431888580322266,47.547952525278546,47.161067789282555,47.2868058819222,1396000
2024-12-04,47.770408630371094,47.963850992996555,47.66401514644678,47.789753235594254,1064400
2024-12-05,48.37975311279297,48.42811278337833,48.205655347000565,48.25401501758593,2271900
2024-12-06,48.54417037963867,48.75695732990285,48.42810644749724,48.689253062019866,1577000
2024-12-09,48.52483367919922,48.93106304226515,48.49581861383968,48.863358763355244,889200
2024-12-10,48.09926223754883,48.428113165573514,48.07024717288989,48.428113165573514,788600
2024-12-11,48.2540168762207,48.26369102447422,47.98319975882631,48.19598674512562,2339700
2024-12-12,47.95418167114258,48.36040732163329,47.95418167114258,48.07991607366231,1195100
2024-12-13,48.2540168762207,48.36041036937036,48.05090403817491,48.36041036937036,4040000
2024-12-16,48.00254440307617,48.21532769993454,47.96385518924502,48.07024868247745,1231500
2024-12-17,48.012210845947266,48.137948935578436,47.95418071966072,48.041225909090535,1448200
2024-12-18,46.79353332519531,48.283031135601284,46.76451457052578,48.07024784246126,1842100
2024-12-19,46.677467346191406,47.03533704619672,46.629107672830486,47.015992438931036,1836300
2024-12-20,46.696807861328125,47.08369259352524,46.2712376075963,46.31959727671938,3456200
2024-12-23,46.965599060058594,46.965599060058594,46.48041726688296,46.655083008557654,1118800
2024-12-24,47.13056564331055,47.17908308904256,46.77153210292104,46.8491592757635,935500
2024-12-26,47.33433532714844,47.363448752329695,47.0917444266171,47.19848501511383,1129800
2024-12-27,47.14026641845703,47.247003307235936,46.926785237612336,47.0723375595709,1133000
2024-12-30,46.75212097167969,46.90737900767554,46.528937776288366,46.829748138855834,1255900
2024-12-31,46.72300720214844,47.159667845707595,46.58715319347406,46.8976729402294,2805400
2025-01-02,46.24753189086914,46.78123116357891,46.24753189086914,46.6550865529532,1906200
2025-01-03,46.519229888916016,46.5580453215086,46.23782725672825,46.50952788158956,1665600
2025-01-06,47.71277618408203,48.062107670506315,47.37315040652695,47.42166784594291,2943800
2025-01-07,47.858333587646484,48.40173854908881,47.80011043767798,48.40173854908881,1706200
2025-01-08,47.64485549926758,47.75159609698458,47.314931697980356,47.54782061133051,1025800
2025-01-10,47.247005462646484,47.66426213425451,47.062637699097394,47.66426213425451,1339300
2025-01-13,47.0626335144043,47.0626335144043,46.60656144839865,46.655082588594105,1077400
2025-01-14,47.509002685546875,47.59633556077059,47.29552520294495,47.47018725174888,825400
2025-01-15,47.99418640136719,48.246483029389495,47.84863407133307,48.21736960206775,1259400
2025-01-16,48.73166275024414,48.90632850001619,48.421146684347946,48.49877385000025,2018200
2025-01-17,48.9354362487793,49.342987180697854,48.9354362487793,49.11980399869817,2239100
2025-01-21,50.031951904296875,50.051359621795775,49.653506965533666,49.75054555302819,2486200
2025-01-22,50.13868713378906,50.38127804200746,50.11928311857787,50.332760600692474,1061700
2025-01-23,50.526832580566406,50.633573169304036,50.109575934579354,50.24542624692056,1345400
2025-01-24,50.61416244506836,50.91497647712063,50.61416244506836,50.788828179596365,1711200
2025-01-27,50.691795349121094,50.691795349121094,50.3036484341575,50.35216587311712,874300
2025-01-28,50.38127899169922,50.44920785279285,49.99313575221935,50.44920785279285,982500
2025-01-29,50.49772262573242,50.643274944727196,50.313351172704984,50.47831490953777,748900
2025-01-30,51.03142166137695,51.32252999984641,50.808238478495596,50.9926062291428,965200
2025-01-31,50.57535171508789,51.225497276618206,50.468611122773694,50.944090933543244,3557700
2025-02-03,49.643802642822266,50.070761302959134,49.207138273566684,49.42061945445685,2973500
2025-02-04,50.71120071411133,50.71120071411133,50.32305749045264,50.36187292331154,1543100
2025-02-05,51.01201629638672,51.05083173040986,50.720907944500176,50.84705625425364,1760300
2025-02-06,51.4389762878418,51.61364204379185,51.23520080644795,51.274016241468765,2262400
2025-02-07,50.895572662353516,51.52630679502457,50.81794179588378,51.497197070920144,5564300
2025-02-10,51.341941833496094,51.341941833496094,51.06053547969521,51.099350915042294,1754300
2025-02-11,51.87563705444336,51.99208335137257,51.312828092525635,51.312828092525635,1989500
2025-02-12,52.53548812866211,52.64222872386749,51.633049625835746,51.70097478612215,5403100
2025-02-13,53.04007339477539,53.29236629808926,52.55489160239668,52.81689021447838,2671900
2025-02-14,53.39910888671875,53.796957823319744,53.36029715512224,53.70962494935156,1824500
2025-02-18,53.690223693847656,53.85518374113064,53.583483097773424,53.719333419452035,3085200
2025-02-19,52.816890716552734,53.040073898971315,52.64222497350457,52.98185075074081,2444800
2025-02-20,53.175926208496094,53.30207451691516,52.952743017689116,53.19533392530237,2083300
2025-02-21,52.836299896240234,53.23414883272773,52.71985729819701,53.22444312359878,1351300
2025-02-24,52.70044708251953,53.06918257577815,52.651925942462576,53.05948056875272,1646400
2025-02-25,53.24385070800781,53.51555503829195,52.98185208682853,53.31177586516799,2671200
2025-02-26,53.39910888671875,54.02014101198436,53.26325857202233,53.58348034378685,1620700
2025-02-27,52.25407791137695,52.99155631369269,52.25407791137695,52.99155631369269,3195600
2025-02-28,52.45785903930664,52.75866939480313,51.924156082825505,52.516078487909326,2791700
2025-03-03,53.48644256591797,54.18510556818178,53.08859362332741,54.02014182525016,2981500
2025-03-04,53.641700744628906,54.2142154393336,52.31230359652067,52.78778340804566,3617400
2025-03-05,55.35924530029297,55.51450333568909,54.767322883581635,54.77702859296839,6756200
2025-03-06,54.87406539916992,55.71828076485582,54.75762279395482,54.98080599630196,4721900
2025-03-07,55.553321838378906,55.65035672774477,54.80614134500171,54.85465878968465,3236200
2025-03-10,54.04925537109375,54.699397231694675,53.61259099371218,54.48591974847531,2763000
2025-03-11,54.13658905029297,54.47621484794105,53.583482064612625,54.42769740565469,2487600
2025-03-12,54.14628601074219,54.38887690120398,53.86487968941214,54.38887690120398,2559900
2025-03-13,53.5252571105957,53.9813291963466,53.42822222929031,53.69992285826016,2602700
2025-03-14,54.80613327026367,54.83524299245587,54.21421090806766,54.398582353000116,1930400
2025-03-17,55.4368782043457,55.53391309191488,54.844955765900146,54.961398371311894,1443900
2025-03-18,55.650352478027344,55.786206495066374,55.31072668953844,55.59213302951123,1815200
2025-03-19,55.74739074707031,55.970573935624195,55.35924381815015,55.47568641616882,3389900
2025-03-20,54.883766174316406,54.951691329721726,54.51502697237085,54.5344346884357,1954700
2025-03-21,54.35006332397461,54.44710190445481,54.11717813410882,54.33065930952192,4638200
2025-03-24,54.355899810791016,54.511563598905234,54.10294754684946,54.24888026059047,2607700
2025-03-25,54.88126754760742,55.00774553768021,54.657501079827895,54.93964286102199,1204700
2025-03-26,53.82080841064453,54.521297347171384,53.597041936213486,54.28779979788989,2122400
2025-03-27,53.781890869140625,54.015388415536115,53.509480157777205,53.645685513458915,3250200
2025-03-28,53.51920700073242,53.73324610690369,53.334357407150215,53.52893807536796,1380500
2025-03-31,52.93547058105469,53.02303169928604,52.38091806936207,52.633870349076126,3067400
2025-04-01,53.1397819519043,53.41219639865981,52.84791277660431,53.10086878349744,2733800
2025-04-02,53.42192077636719,53.52894033396841,52.80899294458055,52.85764089717581,1273300
2025-04-03,52.127967834472656,52.98411690041033,52.02094827340099,52.84791153588923,5404900
2025-04-04,48.90766525268555,50.425390024197135,48.88820681456542,50.2989120320751,6680400
2025-04-07,47.5650634765625,49.8902930551426,46.78674449584999,47.234277445844974,7837400
2025-04-08,46.91322326660156,48.90766684748005,46.33921231295188,48.84929153121615,6842900
2025-04-09,51.164791107177734,51.592865603425906,47.16617307962744,47.46777329756531,8387300
2025-04-10,50.35728454589844,50.68807057728814,49.09251573575583,50.38647405926535,4262700
2025-04-11,51.320457458496094,51.51503813425156,50.19189399269562,50.34755779103645,5155600
2025-04-14,51.67070007324219,52.14741881480496,51.20370869502419,51.57340788320662,2656800
2025-04-15,52.01121520996094,52.312815442242005,51.894468289307945,52.020946284950675,1433300
2025-04-16,51.85554885864258,52.458745582185905,51.66096819292352,52.040402161168565,1542000
2025-04-17,52.31281661987305,52.594958419843714,51.962572138711906,52.18633862138313,4162500
2025-04-21,51.69015884399414,52.536580490505585,51.37883125651137,52.410102498303964,4951700
2025-04-22,53.10086441040039,53.22733869211331,52.51712239655631,52.6144145878558,4199500
2025-04-23,53.77216339111328,54.355901688881396,53.606768522911175,53.91809610989652,2838500
2025-04-24,54.5407600402832,54.56021848018442,53.8986463688148,54.073768616607815,1475700
2025-04-25,54.90073013305664,54.939647011606446,54.492110330919324,54.56021672404039,1483600
2025-04-28,55.15367889404297,55.15367889404297,54.78397970541469,54.98828773775941,1041900
2025-04-29,54.97855758666992,55.056391340099765,54.76452218737312,54.80343906408804,1587700
2025-04-30,54.725608825683594,54.90073107083121,54.10295360352223,54.414281214602916,1463700
2025-05-01,54.77425003051758,55.04666445858977,54.67696154919601,55.00774758153407,2269400
2025-05-02,55.85417175292969,56.068210875028036,55.66932214559246,55.80552751008492,3370300
2025-05-05,55.980648040771484,56.16549764245363,55.89308692180253,56.08766759854662,1021900
2025-05-06,55.91254806518555,56.01956762813739,55.7374258187767,55.82498694198112,1049200
2025-05-07,55.65958786010742,55.83471009330278,55.416362948593594,55.64986049662662,937200
2025-05-08,55.698509216308594,56.039022635287246,55.698509216308594,56.01956790676096,1162400
2025-05-09,56.18495559692383,56.301702517436794,56.0195644354736,56.272516715137975,808600
2025-05-12,56.44763946533203,56.46709790414758,55.844442707320994,56.37953678513648,1557500
2025-05-13,56.91462707519531,56.99246082527754,56.5546552593587,56.63248529812345,1927100
2025-05-14,56.77842712402344,57.11894053472548,56.72005180590973,57.11894053472548,2125700
2025-05-15,57.04111099243164,57.11894103928626,56.72978338237742,56.88544718740453,1277500
2025-05-16,57.20650100708008,57.20650100708008,56.77842647972402,57.05083720519444,1111900
2025-05-19,57.85834503173828,57.87780347065421,57.284334073330484,57.34270567876053,1179300
2025-05-20,58.11130142211914,58.179404107479286,57.93617917081648,57.945910246621075,1566700
2025-05-21,57.877803802490234,58.510186369953765,57.7902426825254,58.26696144908677,1092800
2025-05-22,57.84861755371094,58.033470879247766,57.48864568967718,57.57620681458463,909700
2025-05-23,57.20650100708008,57.37189588419982,56.554659996470775,56.62276267783838,1797400
2025-05-27,58.15021514892578,58.32533739073069,57.99455134635673,58.228045194551406,1298600
2025-05-28,57.44972229003906,57.741591436169976,57.35243381176794,57.67348875911668,1479200
2025-05-29,57.712406158447266,57.858342588495255,57.43999544776312,57.838884150401014,1077700
2025-05-30,57.585933685302734,57.75132856929575,57.177317580116345,57.75132856929575,883300
2025-06-02,58.305877685546875,58.305877685546875,57.430266495533765,57.59566136978856,1049300
2025-06-03,57.926448822021484,57.94590726131019,57.4691847770314,57.498370580305554,1168600
2025-06-04,58.305877685546875,58.50045836236286,58.023735889729565,58.11129700873088,1728500
2025-06-05,58.305877685546875,58.68530796411331,58.140482811292074,58.66584952529994,1544500
2025-06-06,58.51018524169922,58.5977463599756,58.393438321103275,58.393438321103275,728600
2025-06-09,58.43235397338867,58.65612044622207,58.22804222748199,58.24750066572632,766200
2025-06-10,58.52964401245117,58.70476624999759,58.451813968718156,58.66584937247223,875800
2025-06-11,58.45181655883789,58.76314417020093,58.35452436071326,58.646393532451384,1074100
2025-06-12,58.77287292480469,58.96745361433945,58.61720911544047,58.73395604463414,1173900
2025-06-13,57.59566116333008,57.984818804249365,57.43026628966816,57.54701692212988,2035400
2025-06-16,58.15993881225586,58.6755781409022,58.12102564757793,58.35451948091575,1342400
2025-06-17,57.20650100708008,57.9459068495252,57.13839832571247,57.86807309292349,1426800
2025-06-18,57.1286735534668,57.51783122017633,56.992468184552564,57.157859357857575,7288500
2025-06-20,56.91462707519531,57.44972111739947,56.8757102001542,57.44972111739947,2359600
2025-06-23,57.48942184448242,57.48942184448242,56.4686661810519,56.49839575401721,3050200
2025-06-24,58.41107940673828,58.48045093419149,57.96512066752899,57.99485024201902,1732800
2025-06-25,57.95520782470703,58.01467075367537,57.707451291369296,57.9254782504552,2306000
2025-06-26,58.311973571777344,58.311973571777344,57.90565303804641,58.11376760351397,1449300
2025-06-27,58.956146240234375,59.243540945283954,58.668747754720115,58.84713276086933,3709500
2025-06-30,59.193992614746094,59.22372219006436,58.66874995497779,58.84713496781699,1007600
2025-07-01,58.9660530090332,59.154346607254475,58.757938435136346,58.827309959768634,934900
2025-07-02,59.491294860839844,59.491294860839844,58.84713017183248,58.93632267098298,1374700
2025-07-03,59.38228225708008,59.521029087043445,59.263360183290324,59.293093537086186,694900
2025-07-07,59.075069427490234,59.41201846982926,58.91650539465215,59.144440955577856,1548900
2025-07-08,59.748966217041016,59.78860816950744,59.16426064978759,59.26336175048898,1318200
2025-07-09,60.6904411315918,60.6904411315918,60.24447862238515,60.40304265005145,1100500
2025-07-10,60.274208068847656,60.48232264588291,60.06609349181241,60.363400570500566,2481200
2025-07-11,59.54085159301758,59.699415622300705,59.48138866436215,59.63004031530372,1182400
2025-07-14,59.5012092590332,59.5012092590332,59.06515534595226,59.124618274226385,922000
2025-07-15,58.757938385009766,59.441745033143754,58.757938385009766,59.43183643554669,1408400
2025-07-16,58.916500091552734,58.916500091552734,58.29215261449722,58.62910162650733,1775000
2025-07-17,59.094886779785156,59.094886779785156,58.648924283384275,58.72820440470859,2064200
2025-07-18,58.70838928222656,59.36246637321632,58.658834951626936,59.36246637321632,1501500
2025-07-21,58.916500091552734,59.23362812868408,58.69847314835078,58.86694954458804,1551000
2025-07-22,58.90658950805664,58.92641048353911,58.420988840362035,58.72820450917896,1688000
2025-07-23,60.30393600463867,60.323756980074805,59.14443729510906,59.26335936726131,4049600
2025-07-24,59.51111602783203,59.729142977671664,59.47147407686764,59.51111602783203,5265300
2025-07-25,59.7687873840332,59.7687873840332,59.06515595713479,59.2039027912101,857700
2025-07-28,58.609283447265625,59.18408040477401,58.45071942113652,59.08497552565295,2209100
2025-07-29,58.74802780151367,58.98587573621879,58.65883529855734,58.9561461620549,2361600
2025-07-30,58.32188415527344,58.817397202575556,58.10386098517639,58.5696406789245,2031800
2025-07-31,57.35068130493164,57.786735223304504,57.23175922740481,57.74709327064066,1834500
2025-08-01,56.637142181396484,56.75606425288052,56.2110006630755,56.7461518749859,2376800
2025-08-04,57.37049865722656,57.47951212993351,57.19211366197237,57.37049865722656,1333100
2025-08-05,57.50924301147461,57.608347889129895,57.19211496390675,57.548884962536725,1315200
2025-08-06,57.98493576049805,58.09394923696064,57.757000209923795,57.82637173486098,1167300
2025-08-07,58.77775955200195,58.946232174952314,58.45071912326597,58.88676924778271,1409900
2025-08-08,59.01560592651367,59.16426135981443,58.728207438380046,58.80749134426438,1146200
2025-08-11,58.54982376098633,58.71829638324353,58.39125595585312,58.59937430985818,1045200
2025-08-12,59.12461853027344,59.13452712812972,58.45072046210689,58.53991296467201,977900
2025-08-13,59.758872985839844,59.79851493709291,59.54084981487704,59.55075841245804,1332900
2025-08-14,60.006629943847656,60.09582244457895,59.550758842538634,59.58048841596087,737600
2025-08-15,60.4129524230957,60.482323950270214,60.22465881797413,60.29403034514864,5960600
2025-08-18,60.05617904663086,60.085912399801565,59.74896338076124,59.917436000049165,760800
2025-08-19,60.22465896606445,60.60124995769833,60.13546646226866,60.52196605189553,1341400
2025-08-20,60.363399505615234,60.541784505774125,60.16519352983153,60.37330810319538,7757800
2025-08-21,59.8877067565918,60.056179376805936,59.81833523291956,59.976899255665316,1117800
2025-08-22,60.819271087646484,60.94810554000096,60.105734861796535,60.13546443523811,906600
2025-08-25,59.669681549072266,60.60124851779734,59.63995197533495,60.591336139575155,1044600
2025-08-26,59.42192459106445,59.61022197128046,59.24353958899908,59.521029470247775,918300
2025-08-27,59.332733154296875,59.3624665088175,58.886770641134085,59.09488900091983,663500
2025-08-28,59.64986038208008,59.729144285745186,59.46156678157236,59.64986038208008,1102500
2025-08-29,59.263362884521484,59.421926916956714,59.14444080531125,59.2930962396726,1295400
2025-09-02,58.5993766784668,58.74802833109091,58.232694284971636,58.30206959275387,1260200
2025-09-03,58.77775955200195,58.86695205252408,58.56964119714061,58.62910412431022,762600
2025-09-04,58.995784759521484,59.03542671233563,58.67865669793772,58.75794060356601,806600
2025-09-05,59.065155029296875,59.44174601208474,58.837219476165025,59.283181984668474,1701600
2025-09-08,59.62013244628906,59.639953422749855,59.34264633676746,59.40210548568511,954600
2025-09-09,59.59040069580078,59.61022167153778,59.3723737431584,59.45165764610638,1130600
2025-09-10,59.28318405151367,59.580491140726394,59.19399154670338,59.511119612592246,1132300
2025-09-11,59.907527923583984,59.966987069513486,59.35255195196672,59.35255195196672,1598100
2025-09-12,59.8877067565918,59.94716968279564,59.59039968650157,59.68950078304348,2044000
2025-09-15,60.561607360839844,60.561607360839844,60.26430027817006,60.28412125441,1329700
2025-09-16,60.4228630065918,60.50214312937983,60.0760016005585,60.49223453170554,914100
2025-09-17,60.05617904663086,60.63097598871443,59.84806447675832,60.175104898384724,1461200
2025-09-18,60.829185485839844,60.928286587579194,60.37331058863058,60.56160797458594,1014500
2025-09-19,60.739994049072266,60.97783820961067,60.60125099201407,60.739994049072266,1382800
2025-09-22,60.802490234375,60.862010562584985,60.4056703859872,60.594161516930946,1785800
2025-09-23,60.981056213378906,61.27866919492865,60.85208920044408,61.169543552011056,1530400
2025-09-24,60.653682708740234,60.87193400689648,60.564398430799464,60.64376391534886,1538700
2025-09-25,60.167579650878906,60.28662408798608,59.95924715549834,60.06837279966092,1939200
2025-09-26,61.02073669433594,61.02073669433594,60.663603378161945,60.74296507586023,2064100
2025-09-29,61.24890899658203,61.308429322244855,61.08025924371047,61.119941983721944,1200900
2025-09-30,61.625885009765625,61.695327914114124,61.19930500627941,61.21914637671534,1276200
2025-10-01,62.37984085083008,62.4988852869956,61.80445247138032,61.88381795172694,1579800
2025-10-02,62.816341400146484,63.094113020435586,62.53856977985738,63.03459269286192,1128300
2025-10-03,62.95522689819336,63.00482843237702,62.69729664982565,62.85602382982604,820000
2025-10-06,62.6179313659668,62.68737427091475,62.459204185463705,62.5187282972853,1485400
2025-10-07,61.93342208862305,62.40960363765956,61.90366192441906,62.360002102534736,1200200
2025-10-08,62.34016036987305,62.35007916309864,62.11199028213922,62.16159181697622,673400
2025-10-09,61.68540954589844,62.23103399140343,61.50684099509979,62.21119262083086,1752600
2025-10-10,60.60408020019531,61.764772010438165,60.584238829376474,61.67548773393067,2040000
2025-10-13,61.13978576660156,61.209228672185,60.802490031901506,60.89177430827371,823500
2025-10-14,61.52668380737305,61.72509373339343,60.62392223911714,60.71320651660859,1806800
2025-10-15,61.68540954589844,61.93342100152384,61.27867091004696,61.84413672612452,1338200
2025-10-16,62.2409553527832,62.56832849994808,62.01278148783402,62.2211139825983,1700000
2025-10-17,62.41952133178711,62.44928527982153,61.91357962745583,62.052465437101496,1796800
2025-10-20,62.89570617675781,62.91554376282337,62.528646500519194,62.53856907790643,2173000
2025-10-21,62.39968490600586,62.75681822987005,62.37984353506542,62.598091046701114,1430100
2025-10-22,62.042545318603516,62.419519998344455,61.735009757847514,62.34015830210851,1777700
2025-10-23,62.4691276550293,62.57825330275,62.240957566319885,62.25087635958788,1185000
2025-10-24,62.49888610839844,62.58817038278461,62.40960183401226,62.508804901394925,708500
2025-10-27,63.064353942871094,63.09411410717051,62.776659740128125,62.81634248209706,793600
2025-10-28,62.984989166259766,63.1933178748873,62.89570489336877,62.975066589075,1745500
2025-10-29,62.80642318725586,63.193320457477135,62.459204874332116,63.11395497417301,2496900
2025-10-30,62.33024215698242,62.64769652412038,62.2707180440111,62.2707180440111,3418900
2025-10-31,61.9830207824707,62.151670535389734,61.70524917102099,62.141747958206885,1132500
2025-11-03,62.042545318603516,62.2111912883264,61.96317983801316,62.0623866887511,633300
2025-11-04,61.36795425415039,61.76477030651642,61.11994280228871,61.35803167683744,845900
2025-11-05,61.89373779296875,61.99294464508241,61.34811335158422,61.457238996732016,739400
2025-11-06,61.44731521606445,61.824293678005354,61.30842941017949,61.70524924215458,1051600
2025-11-07,61.67548751831055,61.67548751831055,60.97113588629975,61.13978564549297,1129300
2025-11-10,62.48896789550781,62.52864685221656,62.002863778369424,62.22111506986272,689400
2025-11-11,63.094112396240234,63.22307941196479,62.86594231263799,62.86594231263799,810200
2025-11-12,63.69926071166992,63.78854877052255,63.5008545766557,63.51076958531018,1207900
2025-11-13,63.21316146850586,63.84807019390694,63.054434287155594,63.74886712469596,1038100
2025-11-14,62.70721435546875,62.836181369593334,62.280634357048875,62.35007726057263,1327100
2025-11-17,61.71516799926758,62.26079242965167,61.46715655051531,62.042544928110665,1586300
2025-11-18,60.9512939453125,61.1893866077241,60.61399821443619,61.03065942756786,1591300
2025-11-19,60.84217071533203,61.25882813473811,60.623919428392995,60.92153241144797,1284000
2025-11-20,59.979087829589844,61.536599424267905,59.949327666747074,61.4274737813719,2380000
2025-11-21,60.574317932128906,60.73304510881175,59.969169388414805,60.38582680807438,1731000
2025-11-24,60.49495315551758,60.8124075125771,60.266783072903195,60.5147945258781,1364400
2025-11-25,61.477081298828125,61.526682833459425,60.842172573096605,61.11994419451551,807700
2025-11-26,62.23103332519531,62.38976050372215,61.83421727105544,61.89373759778147,763700
2025-11-28,62.578250885009766,62.61792984090329,62.25087395449601,62.31039806486789,527300
2025-12-01,62.47904586791992,62.77665885980438,62.3699202212129,62.409602962625364,685600
2025-12-02,62.975067138671875,63.02466867196545,62.70721431766128,62.86594149481336,740600
2025-12-03,63.37188720703125,63.42148874050743,63.03459148129702,63.074274221819735,879400
2025-12-04,63.32228469848633,63.52069082933589,63.153634946038956,63.42148776391111,967200
2025-12-05,63.33220672607422,63.689340050457176,63.262763819859096,63.58021440230353,800900
2025-12-08,63.29252243041992,63.47109098040515,63.09411250995251,63.391729282830866,1473000
2025-12-09,63.11395263671875,63.34212271623592,63.06435110366795,63.20323690995194,921800
2025-12-10,63.76870346069336,63.848068941989574,63.034591680475586,63.06435184378445,1310800
2025-12-11,64.4333724975586,64.52266055641661,64.09608055427228,64.24488893989637,2391000
2025-12-12,63.92743682861328,64.53258540102563,63.72902311790726,64.44329733903062,1710800
2025-12-15,64.21512603759766,64.38377200204769,64.03655749620687,64.31432910087952,1496900
2025-12-16,64.02664184570312,64.26473073707791,63.77863037631415,64.15560508505001,1671700
2025-12-17,63.29252243041992,63.80838670989342,63.26276226687388,63.63974073732652,1265400
2025-12-18,63.77862548828125,64.13576258232692,63.60997951851213,64.06631967896853,901000
2025-12-19,64.10600280761719,64.33416910487317,64.0266373265243,64.10600280761719,1044200
2025-12-22,64.23999786376953,64.29000091552734,64.08999633789062,64.20999908447266,966400
2025-12-23,64.37999725341797,64.41999816894531,64.22000122070312,64.26000213623047,1610000
2025-12-24,64.52999877929688,64.55000305175781,64.37000274658203,64.44999694824219,717200
2025-12-26,64.72000122070312,64.72000122070312,64.4800033569336,64.58999633789062,2041500
2025-12-29,64.31999969482422,64.52999877929688,64.23999786376953,64.44999694824219,1990600
2025-12-30,64.7300033569336,65.05999755859375,64.72000122070312,64.79000091552734,1264900
2025-12-31,64.38999938964844,64.69999694824219,64.37000274658203,64.69999694824219,2342500
2026-01-02,65.37000274658203,65.37999725341797,65.01000213623047,65.18000030517578,3578800
2026-01-05,66.0,66.0199966430664,65.48999786376953,65.51000213623047,2393700
2026-01-06,66.01000213623047,66.1500015258789,65.86000061035156,65.97000122070312,1616500
2026-01-07,65.75,65.94000244140625,65.66000366210938,65.83000183105469,2269600
2026-01-08,65.61000061035156,65.72000122070312,65.37000274658203,65.51000213623047,2159400
2026-01-09,66.41000366210938,66.44999694824219,65.87000274658203,66.08000183105469,1890200
2026-01-12,66.87999725341797,66.93000030517578,66.69999694824219,66.70999908447266,1035100
2026-01-13,66.76000213623047,67.0199966430664,66.62000274658203,66.98999786376953,1658900
2026-01-14,66.6500015258789,66.77999877929688,66.41999816894531,66.72000122070312,974400
2026-01-15,66.41000366210938,66.77999877929688,66.37999725341797,66.72000122070312,4311100
2026-01-16,66.58999633789062,66.58999633789062,66.12999725341797,66.41999816894531,1427400
2026-01-20,65.30000305175781,65.79000091552734,65.13999938964844,65.3499984741211,2681000
2026-01-21,66.0,66.27999877929688,64.93000030517578,65.2699966430664,4645400
2026-01-22,66.36000061035156,67.0,66.12000274658203,66.31999969482422,1143500
2026-01-23,66.69000244140625,66.75,66.01000213623047,66.20999908447266,1285700
2026-01-26,67.30999755859375,67.41000366210938,67.0999984741211,67.0999984741211,2233200
2026-01-27,68.33999633789062,68.55000305175781,67.77999877929688,67.79000091552734,2424800
2026-01-28,67.4000015258789,67.77999877929688,67.06999969482422,67.7699966430664,2686900
2026-01-29,67.45999908447266,67.79000091552734,66.62999725341797,67.7300033569336,4676200
2026-01-30,66.80000305175781,67.44999694824219,66.58000183105469,67.23999786376953,2270400
2026-02-02,67.37999725341797,67.4800033569336,67.08999633789062,67.0999984741211,1788900
2026-02-03,67.08000183105469,67.27999877929688,66.62000274658203,67.08999633789062,1442000
2026-02-04,66.86000061035156,67.52999877929688,66.48999786376953,67.33000183105469,1571400
2026-02-05,66.16000366210938,66.58999633789062,65.91000366210938,66.16999816894531,1306200
2026-02-06,67.5,67.54000091552734,66.83999633789062,66.86000061035156,1037400
2026-02-09,68.4800033569336,68.66000366210938,67.95999908447266,68.06999969482422,1347100
2026-02-10,68.18000030517578,68.66999816894531,68.16999816894531,68.62000274658203,3141900
2026-02-11,68.4000015258789,68.55000305175781,67.76000213623047,68.3499984741211,1632400
2026-02-12,67.69000244140625,68.68000030517578,67.55999755859375,68.62999725341797,2078700
2026-02-13,67.54000091552734,67.72000122070312,67.0999984741211,67.41000366210938,994100
2026-02-17,67.87000274658203,67.94000244140625,67.05999755859375,67.25,1339800
2026-02-18,68.2699966430664,68.62000274658203,68.01000213623047,68.05999755859375,1081400
2026-02-19,67.77999877929688,67.79000091552734,67.30999755859375,67.41000366210938,1304600
2026-02-20,68.69999694824219,68.79000091552734,67.97000122070312,68.0199966430664,1485100
2026-02-23,68.5199966430664,69.0,68.27999877929688,68.83999633789062,1378000
2026-02-24,68.63999938964844,68.76000213623047,68.25,68.38999938964844,1206800
2026-02-25,69.33999633789062,69.37999725341797,68.95999908447266,69.06999969482422,960700
2026-02-26,69.16000366210938,69.44000244140625,68.6500015258789,69.37000274658203,2267500
2026-02-27,68.55000305175781,69.02999877929688,68.44000244140625,68.73999786376953,917700
2026-03-02,66.55000305175781,66.9000015258789,66.31999969482422,66.55000305175781,2805700
2026-03-03,64.3499984741211,64.62000274658203,62.93000030517578,63.47999954223633,7288000
2026-03-04,65.12999725341797,65.22000122070312,64.56999969482422,64.83999633789062,2745400
2026-03-05,63.70000076293945,64.55000305175781,63.08000183105469,64.19999694824219,3649700
2026-03-06,63.08000183105469,63.36000061035156,62.04999923706055,62.16999816894531,4584500
2026-03-09,63.77000045776367,64.18000030517578,61.41999816894531,61.93000030517578,5618400
2026-03-10,63.81999969482422,65.12000274658203,63.75,64.33000183105469,5638200
2026-03-11,63.869998931884766,64.19999694824219,63.38999938964844,63.689998626708984,1897500
2026-03-12,62.720001220703125,63.04999923706055,62.209999084472656,62.95000076293945,2921000
2026-03-13,61.900001525878906,63.2400016784668,61.75,62.939998626708984,1871400
