date,RL Agent,QQQ
2009-04-03,1.0062125042249714,1.0185767235811667
2009-04-06,1.0011030759809245,1.0160578528621544
2009-04-07,0.9749546171237687,0.9892947647585637
2009-04-08,1.0029149587449449,1.0059823699861052
2009-04-09,1.0362551877329742,1.0371535165336012
2009-04-13,1.027049214917726,1.035578858135065
2009-04-14,1.0218607939751392,1.0229853369952115
2009-04-15,1.016727981661961,1.0201511738659013
2009-04-16,1.0493472910909627,1.0465997326431358
2009-04-17,1.057547902240786,1.0488035190656524
2009-04-20,1.0172573149946949,1.0151134324278765
2009-04-21,1.031840964572868,1.0292820281938704
2009-04-22,1.0434137167982565,1.0324307900208043
2009-04-23,1.0326552493031447,1.0425058566692498
2009-04-24,1.0518286897975,1.0607682590378624
2009-04-27,1.0372599803110494,1.0620276250261012
2009-04-28,1.0304948951733668,1.0541559285725683
2009-04-29,1.0434465511252706,1.0686396780063254
2009-04-30,1.0793083692032956,1.0793449826190291
2009-05-01,1.0879319573100126,1.0821787988920022
2009-05-04,1.1263143274400338,1.1035895468599446
2009-05-05,1.1187925351886938,1.1026451264256665
2009-05-06,1.118087361064809,1.1029598638658251
2009-05-07,1.064811814819643,1.0771408493401753
2009-05-08,1.0567015424275823,1.0777707404480972
2009-05-11,1.0516539225212778,1.0815491158978832
2009-05-12,1.0310832067701536,1.0683245243385626
2009-05-13,0.9870878468047203,1.0396726647376833
2009-05-14,1.006105018014931,1.0513222510421303
2009-05-15,1.0078362820062794,1.0506921518204064
2009-05-18,1.05331791265924,1.0780856166307904
2009-05-19,1.0694560339147736,1.0831237742964197
2009-05-20,1.0674047273710197,1.0793449826190293
2009-05-21,1.0439565264621342,1.0595090317921583
2009-05-22,1.0448114669837327,1.0560454631537983
2009-05-26,1.0866160756439283,1.0954029742237184
2009-05-27,1.0755913434982272,1.087846362066681
2009-05-28,1.0902357779613123,1.1004405075479409
2009-05-29,1.111743896901028,1.1139798365474198
2009-06-01,1.1615128465500937,1.1457807354603027
2009-06-02,1.1453995552115017,1.1473553244875716
2009-06-03,1.1244148060086585,1.143891617106677
2009-06-04,1.143957936007058,1.1568013324833042
2009-06-05,1.1430202310365036,1.1580606291002755
2009-06-08,1.1350997955861941,1.1545969910906482
2009-06-09,1.1618540079791484,1.1634131773497265
2009-06-10,1.1570633575501976,1.1593197176034449
2009-06-11,1.1636564871496522,1.1593197176034449
2009-06-12,1.1523017963681461,1.153967169353994
2009-06-15,1.1244999039641934,1.13035277370607
2009-06-16,1.1041833392905716,1.1193323154256032
2009-06-17,1.1038671426006503,1.1300374119245047
2009-06-18,1.0976805110502028,1.1278334173881857
2009-06-19,1.1176579661632047,1.1399393972608063
2009-06-22,1.063099150566355,1.1058928116799016
2009-06-23,1.061345798802376,1.103370541768787
2009-06-24,1.0814049081826957,1.1219702272394605
2009-06-25,1.1045130695911893,1.1440378517383398
2009-06-26,1.1150643881741178,1.146559844164385
2009-06-29,1.1152490855653296,1.1490816284766279
2009-06-30,1.1112560946092827,1.1468747897183458
2009-07-01,1.114914255591722,1.1475053745389412
2009-07-02,1.0769355677573227,1.1222859358773627
2009-07-06,1.0674620704302191,1.116295171967903
2009-07-07,1.0379881808122482,1.0885538796228145
2009-07-08,1.043588407958422,1.0942285880380347
2009-07-09,1.0578505513806773,1.096119787529682
2009-07-10,1.0640631964731653,1.100848271857672
2009-07-13,1.0913518888936589,1.1219702272394603
2009-07-14,1.1091909080550544,1.1260686123457266
2009-07-15,1.1402870266583378,1.1638975275386583
2009-07-16,1.1621433321445078,1.1777688674238764
2009-07-17,1.1694804152165628,1.1840740219171575
2009-07-20,1.1969011224874886,1.195422883777459
2009-07-21,1.198941964562257,1.2036195152474571
2009-07-22,1.2225996794235034,1.2137080399217763
2009-07-23,1.2673714720808593,1.2405035244072393
2009-07-24,1.2680025609272079,1.2310462782661895
2009-07-27,1.27639271740011,1.2405035244072393
2009-07-28,1.2802716730118588,1.2319925023534197
2009-07-29,1.2617716239266479,1.240188301368209
2009-07-30,1.2807401631491877,1.247438431265907
2009-07-31,1.2854575462396793,1.2436563097676818
2009-08-03,1.317781035318896,1.2622558564958208
2009-08-04,1.3290305204464414,1.2622558564958208
2009-08-05,1.3368298108406307,1.252483803543345
2009-08-06,1.3199549537109554,1.2414496097519345
2009-08-07,1.3557952695642013,1.2572117329011958
2009-08-10,1.349350896006049,1.2483845166106025
2009-08-11,1.3398138333858731,1.237666517055966
2009-08-12,1.3683328646077415,1.2568966486047004
2009-08-13,1.378057933261211,1.2638321104335073
2009-08-14,1.3462573645824052,1.249331156925437
2009-08-17,1.2910227040631221,1.2130770388735765
2009-08-18,1.3215226033839402,1.2304155547030593
2009-08-19,1.3276616343711334,1.2389275479546225
2009-08-20,1.3426661565251714,1.253428501462693
2009-08-21,1.370049911215221,1.2701368486991844
2009-08-24,1.355144118406022,1.268875956543063
2009-08-25,1.3686516657406957,1.2726589104964967
2009-08-26,1.3664135935969295,1.2704522104807494
2009-08-27,1.3768260062058197,1.2736048570986571
2009-08-28,1.3834110837487255,1.2748656105122438
2009-08-31,1.360960794737168,1.2619404947142556
2009-09-01,1.3263288235050634,1.2382972406190962
2009-09-02,1.3244483066036556,1.2373512940169356
2009-09-03,1.3424031985964893,1.2455473705167943
2009-09-04,1.3793420087469426,1.272343548714931
2009-09-08,1.404127270031943,1.2843232728808978
2009-09-09,1.4421056389424078,1.2953569117021688
2009-09-10,1.4607491343237602,1.3076519976497005
2009-09-11,1.4531430433465304,1.3089127510632872
2009-09-14,1.4729794763932014,1.3139565971728424
2009-09-15,1.4942208414598497,1.3180550516503762
2009-09-16,1.511710420017054,1.3372847669715062
2009-09-17,1.500909693788274,1.3369692664474064
2009-09-18,1.512942041431827,1.3392096808991065
2009-09-21,1.5121426775239284,1.3433127138802883
2009-09-22,1.5316864589798027,1.345836301845483
2009-09-23,1.5158412116728663,1.339526013878415
2009-09-24,1.4820776478656839,1.327534496596992
2009-09-25,1.4666548575336293,1.3158590348098078
2009-09-28,1.4981612593008697,1.3382634568118765
2009-09-29,1.49325257715466,1.3322681143987696
2009-09-30,1.4961601649140206,1.3332148934561387
2009-10-01,1.4338304930735921,1.2937705295594437
2009-10-02,1.4267262584557836,1.289983829557571
2009-10-05,1.4557602975561512,1.3003972892483553
2009-10-06,1.4873492021056558,1.3234322960710194
2009-10-07,1.4804367044146571,1.3272187185878228
2009-10-08,1.496363466203031,1.3328989767044346
2009-10-09,1.5072461189485407,1.3404726541932503
2009-10-12,1.5167842506572022,1.3433127138802892
2009-10-13,1.5160517942342877,1.343627520691715
2009-10-14,1.5467533870399885,1.361929603425276
2009-10-15,1.5354573054991925,1.358775014411881
2009-10-16,1.5030706868393797,1.349939057341596
2009-10-19,1.5274499309880263,1.36350752227338
2009-10-20,1.5214369995778805,1.363823577767619
2009-10-21,1.5101080901098627,1.3612987411196114
2009-10-22,1.524406000230048,1.3666628049994491
2009-10-23,1.5200470793097292,1.3609836568231157
2009-10-26,1.5193449848403457,1.3565662332581125
2009-10-27,1.4726848719288,1.3360545369155739
2009-10-28,1.4293163353972957,1.3060765761672244
2009-10-29,1.4579300232255181,1.328165775130263
2009-10-30,1.4124373324481994,1.2925086662055798
2009-11-02,1.4240050940606348,1.297873146313022
2009-11-03,1.4368214931751127,1.3019746531263212
2009-11-04,1.4292461722810215,1.3041837117651596
2009-11-05,1.4703897961882273,1.3363703149247435
2009-11-06,1.4817773248417576,1.3442590767100546
2009-11-09,1.5080516969724802,1.3729739254217264
2009-11-10,1.5269249387387431,1.3764452636420343
2009-11-11,1.534561822082172,1.3852813594548539
2009-11-12,1.5326924954640007,1.3773923201844733
2009-11-13,1.5494523907972306,1.3887521427050225
2009-11-16,1.568610942298708,1.40295257988275
2009-11-17,1.5810005372746545,1.407369448477614
2009-11-18,1.5701941134029171,1.3994804092072333
2009-11-19,1.5426110415187706,1.3777078207085731
2009-11-20,1.5351840933308152,1.3707651442679574
2009-11-23,1.559806850289767,1.392854065745926
2009-11-24,1.5509869801960896,1.3881205866866837
2009-11-25,1.5704885713176207,1.3941164840699303
2009-11-27,1.5385868388022241,1.3729739254217266
2009-11-30,1.5480199060997017,1.3745526767250393
2009-12-01,1.57559319864026,1.388752142705023
2009-12-02,1.5853374244118872,1.3906454233346919
2009-12-03,1.5774961089922033,1.3849655814456843
2009-12-04,1.5894965201714493,1.3922226484701221
2009-12-07,1.5743958893044017,1.3855964437513495
2009-12-08,1.563904063690484,1.3770766809178385
2009-12-09,1.5722047905840446,1.390961340086396
2009-12-10,1.5799822060206226,1.3979030453292682
2009-12-11,1.5753095161266637,1.3925381489942217
2009-12-14,1.592828883958425,1.4057919458571144
2009-12-15,1.5796055738218127,1.3979030453292685
2009-12-16,1.5937877658702608,1.3997970196716114
2009-12-17,1.572190593103608,1.3827573552620547
2009-12-18,1.5834110951411846,1.4052935826721686
2009-12-21,1.6020432350436935,1.4210969123542607
2009-12-22,1.6141124957799977,1.4296311044113894
2009-12-23,1.6329499094458164,1.4400617681764873
2009-12-24,1.6433640664626186,1.4533372088748062
2009-12-28,1.6474882608853976,1.4609237894193567
2009-12-29,1.6375465452193931,1.4549174863460017
2009-12-30,1.644377372447219,1.4593428182354875
2009-12-31,1.6284281873089064,1.4460673775371686
2010-01-04,1.6529818678063815,1.4672446218190685
2010-01-05,1.6636967314891744,1.4672446218190685
2010-01-06,1.6494863430785691,1.4583946517527704
2010-01-07,1.6316958628416023,1.4593428182354875
2010-01-08,1.6375594322488434,1.471353343244176
2010-01-11,1.6349279626238529,1.4653482888536338
2010-01-12,1.6081360140469607,1.4470151277922811
2010-01-13,1.6336131876173472,1.4650325108444646
2010-01-14,1.6362038497595213,1.466296316593816
2010-01-15,1.6114331507527542,1.4492283487071633
2010-01-19,1.6272114444355026,1.472617565221132
2010-01-20,1.594276560453556,1.451441292136976
2010-01-21,1.5834980381632855,1.437849657201883
2010-01-22,1.542876668529197,1.3958109466472528
2010-01-25,1.5467157739021877,1.4005523340309776
2010-01-26,1.5434299551467652,1.4018157235527258
2010-01-27,1.5572234506493663,1.4128786370488362
2010-01-28,1.5179443203733856,1.376529619103183
2010-01-29,1.476872717592505,1.3525077366305969
2010-02-01,1.5068129914719963,1.3673634548001115
2010-02-02,1.5196276960375232,1.379690729015713
2010-02-03,1.5284269619237798,1.3872766158475895
2010-02-04,1.4779566569430098,1.3471338220307894
2010-02-05,1.4857987873239968,1.3585126522786044
2010-02-08,1.4823967207109656,1.3487147932146588
2010-02-09,1.505284281483033,1.3626223449014558
2010-02-10,1.5108875494965859,1.359777290483165
2010-02-11,1.540596374964802,1.380322978746726
2010-02-12,1.537907929173857,1.383167894422482
2010-02-16,1.5663408761525006,1.400868667010287
2010-02-17,1.5708049995053914,1.408769776881194
2010-02-18,1.5812564576031565,1.4176201631750966
2010-02-19,1.58008092777944,1.4169881909291533
2010-02-22,1.5771204162929084,1.4141429977683277
2010-02-23,1.5616497863115466,1.3958109466472532
2010-02-24,1.57412973375068,1.4100337213730807
2010-02-25,1.582587821936256,1.4097178046213763
2010-02-26,1.5917480213861808,1.4147753862418753
2010-03-01,1.6362837359944034,1.4353209357629013
2010-03-02,1.6392242656964273,1.4397455739397131
2010-03-03,1.625283993005417,1.4413258514109089
2010-03-04,1.6317091883144614,1.4460673775371689
2010-03-05,1.655667463625803,1.4678770102926164
2010-03-08,1.6554984164481072,1.4707212322556986
2010-03-09,1.658462349726449,1.4789400625312623
2010-03-10,1.6761476504724613,1.4909503100548809
2010-03-11,1.6812965198767462,1.4966398639213232
2010-03-12,1.6796080718825612,1.4969563356431668
2010-03-15,1.6772860046700406,1.4931632534846937
2010-03-16,1.6872790419063852,1.502645889509609
2010-03-17,1.6924323097808047,1.5067548884197866
2010-03-18,1.6885065507923729,1.5118123312977505
2010-03-19,1.6706433568134194,1.5026679495726398
2010-03-22,1.6947353596940031,1.516273458761211
2010-03-23,1.708156821617192,1.526715638156696
2010-03-24,1.6958674821520145,1.5194378984945758
2010-03-25,1.690653405063428,1.5172225964416717
2010-03-26,1.6888984299975307,1.5188048163083543
2010-03-29,1.6945533886998274,1.5260831109406137
2010-03-30,1.6960629083557892,1.5311454098072952
2010-03-31,1.6909615420723263,1.5238676701451748
2010-04-01,1.6963814417120182,1.5238676701451748
2010-04-06,1.70242919698391,1.5282565718736323
2010-04-07,1.6912648924581282,1.5244946168326214
2010-04-08,1.700543405764508,1.5279434421753195
2010-04-09,1.7109192050404531,1.5370342378723838
2010-04-12,1.719375849207731,1.5382885436217708
2010-04-13,1.726889611320136,1.5461255834021053
2010-04-14,1.752255804274135,1.564621404159861
2010-04-15,1.7617642164762868,1.5715180926381072
2010-04-16,1.7260398579096847,1.552708317433053
2010-04-19,1.7166686326391534,1.5517683785054572
2010-04-20,1.7343095507713646,1.5596052808276277
2010-04-21,1.7278346009212628,1.5683830842845432
2010-04-22,1.7607589937958326,1.5771607502832947
2010-04-23,1.769671924482675,1.5837443090632282
2010-04-26,1.7710843102831633,1.5802953462623657
2010-04-27,1.723038297726151,1.5467526675477166
2010-04-28,1.7252366390296994,1.5476935686824627
2010-04-29,1.771280503811616,1.5746533759079995
2010-04-30,1.7229528178276547,1.5436176591941533
2010-05-03,1.763429888500887,1.5652483508473085
2010-05-04,1.7043368475094316,1.5182248750418228
2010-05-05,1.6779494533269914,1.5103878352614883
2010-05-06,1.6193583677696557,1.4599160839459622
2010-05-07,1.5797260227246874,1.4235512516597337
2010-05-10,1.664427802469112,1.4975352219815778
2010-05-11,1.650663438924095,1.4959675116175495
2010-05-12,1.6889539725279916,1.5241810747598161
2010-05-13,1.6536465481818197,1.5000432836476947
2010-05-14,1.6167706898539538,1.471201536694502
2010-05-17,1.6219167442694187,1.4759039804957657
2010-05-18,1.6044043149418128,1.455527869508326
2010-05-19,1.599077072314583,1.4439285997706524
2010-05-20,1.5390850697494778,1.3903214277270692
2010-05-21,1.5698381928697902,1.4056826525057542
2010-05-24,1.55255113343358,1.4000402697768952
2010-05-25,1.560842502018167,1.401293613319132
2010-05-26,1.5526363415251623,1.385619396300299
2010-05-27,1.6177594511800113,1.4379717127618374
2010-05-28,1.6050455349645287,1.429507313919563
2010-06-01,1.5838509486675927,1.4163411585668464
2010-06-02,1.631916321392654,1.4498847994886457
2010-06-03,1.6541927360260709,1.4636779015288093
2010-06-04,1.5895857194856766,1.4135194173697603
2010-06-07,1.552426188127804,1.387813503519117
2010-06-08,1.5621790986442925,1.385305441853
2010-06-09,1.5587713194776116,1.3737067219479835
2010-06-10,1.6146299049598853,1.4128927455986415
2010-06-11,1.6319552486032272,1.4263724430241635
2010-06-14,1.6293244036831827,1.4260597257003438
2010-06-15,1.6681455119408515,1.4643051231325848
2010-06-16,1.6658746737018904,1.4702610479342495
2010-06-17,1.6692370943880854,1.4749641790263346
2010-06-18,1.6642181009718067,1.4761889312703935
2010-06-21,1.6627900738173553,1.4636249801355472
2010-06-22,1.6316101592704415,1.4523180839133742
2010-06-23,1.6317198720109636,1.4463510250004001
2010-06-24,1.6068026676215343,1.4243648665343227
2010-06-25,1.6168140959746764,1.4246480303528144
2010-06-28,1.609080470068533,1.4196126628775765
2010-06-29,1.5465628515013718,1.364855240914994
2010-06-30,1.5297979591817756,1.3440848999122954
2010-07-01,1.5332651272366018,1.3403082368477024
2010-07-02,1.517669370999929,1.3365323985320956
2010-07-06,1.5163456687904435,1.340622878585823
2010-07-07,1.5675226027968046,1.383422539918194
2010-07-08,1.56979387195912,1.390975591131051
2010-07-09,1.5781915674598905,1.404192880920893
2010-07-12,1.5763551399313693,1.4082836358909487
2010-07-13,1.6027148598428105,1.4265362931560286
2010-07-14,1.6137282718176906,1.4337740153399439
2010-07-15,1.6169834537749899,1.4350334070414106
2010-07-16,1.5666577822413283,1.3953812627555557
2010-07-19,1.583697656128868,1.4073401230510814
2010-07-20,1.6026390937562063,1.4243333886146947
2010-07-21,1.5779749295232235,1.4048223018552985
2010-07-22,1.61886117952518,1.44038314133844
2010-07-23,1.6470783570326446,1.4495091263255693
2010-07-26,1.6663406483118193,1.4614682615374235
2010-07-27,1.6513984760671003,1.460838153312197
2010-07-28,1.6501675447049697,1.4491947595037777
2010-07-29,1.6465181049655058,1.43849501599339
2010-07-30,1.6504186751085448,1.4416422581235777
2010-08-02,1.6765139159844826,1.4687059837213383
2010-08-03,1.6777961853302483,1.4624117743772906
2010-08-04,1.696836813087146,1.4772028226903913
2010-08-05,1.6903038755004114,1.4737412137384116
2010-08-06,1.6826964369296147,1.471539133946063
2010-08-09,1.6909608409574324,1.481609181605717
2010-08-10,1.6686904852099447,1.468705983721338
2010-08-11,1.6178493057950245,1.4287397475300203
2010-08-12,1.6080751622782952,1.4174101707107352
2010-08-13,1.6011039255194532,1.4073401230510811
2010-08-16,1.605049193874762,1.4098569820397142
2010-08-17,1.6308320790864625,1.4277951350248383
2010-08-18,1.6335611513160566,1.4334607481834665
2010-08-19,1.611522606842894,1.4117452448429284
2010-08-20,1.6293409971521768,1.4136335076461424
2010-08-23,1.6091381766543866,1.39978693438006
2010-08-24,1.5836098404258592,1.373666996538496
2010-08-25,1.5889277622653852,1.3868842863283382
2010-08-26,1.5757160114605204,1.3702052501283521
2010-08-27,1.6096322404469472,1.386884286328338
2010-08-30,1.5801775337256532,1.372408017211522
2010-08-31,1.585941046501935,1.3676875663907326
2010-09-01,1.6339342863886805,1.4085985525453975
2010-09-02,1.662038170599638,1.4243333886146938
2010-09-03,1.6847809717598496,1.447935780176803
2010-09-07,1.6650742783786685,1.4381809240879264
2010-09-08,1.6898362760327588,1.45548883138966
2010-09-09,1.6903467721350058,1.4611538947156313
2010-09-10,1.6979474828171157,1.466502941721839
2010-09-13,1.7230956309768615,1.4869586409864177
2010-09-14,1.729863384432345,1.4932531252467935
2010-09-15,1.7343469034026053,1.5026940268883717
2010-09-16,1.7454051985486534,1.5086731821198054
2010-09-17,1.7520556711254496,1.5137829144619384
2010-09-20,1.7825543271282493,1.540280174964551
2010-09-21,1.7748238382478088,1.5399642961029518
2010-09-22,1.7646102942572857,1.5358637816032297
2010-09-23,1.757188232438365,1.5352328486290174
2010-09-24,1.7966961479768109,1.5664612816892356
2010-09-27,1.7900026482338636,1.557944648744521
2010-09-28,1.8036644941977018,1.5573131659376518
2010-09-29,1.8035055306135546,1.55478998387346
2010-09-30,1.7909511496540573,1.5478505459061116
2010-10-01,1.7895632039259157,1.545957746983475
2010-10-04,1.7745891917440206,1.5292396726648232
2010-10-05,1.8187053805744393,1.5664612816892358
2010-10-06,1.787749530769106,1.552897459867152
2010-10-07,1.7891259600606364,1.5585759940932264
2010-10-08,1.798409241207111,1.569300205156862
2010-10-11,1.7983252917005657,1.5699311381310743
2010-10-12,1.8069322860525363,1.5806561739436962
2010-10-13,1.8217974209577161,1.5935886504170749
2010-10-14,1.820400561274715,1.5904345353786709
2010-10-15,1.8295992258718445,1.6241864254194092
2010-10-18,1.8316928594433348,1.6181928370807217
2010-10-19,1.8048569981494622,1.6030525075720934
2010-10-20,1.82021898580799,1.6147228431807188
2010-10-21,1.828778266423035,1.617877095677287
2010-10-22,1.8567898302142363,1.6289177354351791
2010-10-25,1.8663443253857113,1.6368037103220099
2010-10-26,1.8739014538090901,1.6412198287670023
2010-10-27,1.8797963779294355,1.6462670176443717
2010-10-28,1.8836726750914123,1.6497370115443741
2010-10-29,1.8828155687237607,1.6459515511572655
2010-11-01,1.8765592817911596,1.6472132796475254
2010-11-02,1.8926119947712636,1.664877615969331
2010-11-03,1.8975106365074514,1.6724486742017133
2010-11-04,1.9103461682131242,1.6929515216166526
2010-11-05,1.9148618913069588,1.6929515216166526
2010-11-08,1.920704585468011,1.6951603368590524
2010-11-09,1.925036093588837,1.6860122211074684
2010-11-10,1.9336674896214971,1.6945291289685118
2010-11-11,1.931118358865201,1.683803680781397
2010-11-12,1.9030536876430393,1.6563608455664522
2010-11-15,1.8971760118052463,1.650053165322302
2010-11-16,1.861637420036014,1.6229246969291489
2010-11-17,1.871818153069387,1.6276564193194119
2010-11-18,1.9025499672118942,1.6538375260440965
2010-11-19,1.9041297005039364,1.6550984297853708
2010-11-22,1.9138624695851691,1.6689789552180394
2010-11-23,1.8795019686679058,1.6424819696317556
2010-11-24,1.919849371582781,1.6756022394074601
2010-11-26,1.9130037378457245,1.6645621494822251
2010-11-29,1.9022936221871745,1.663300420991965
2010-11-30,1.877464928471211,1.643112215315146
2010-12-01,1.9251810688902964,1.6778107797335309
2010-12-02,1.9490734070459799,1.694843770706632
2010-12-03,1.9612633603479555,1.6992608513587746
2010-12-06,1.9570262444900879,1.6986290936355763
2010-12-07,1.955049572867731,1.6995763178458807
2010-12-08,1.9647228778931072,1.705884410464524
2010-12-09,1.9642963732821275,1.7074617429000547
2010-12-10,1.9755243105603206,1.7188178491450532
2010-12-13,1.9643796448671937,1.712823985890037
2010-12-14,1.9578994685536992,1.7159783758447693
2010-12-15,1.9421473634293767,1.70840772998688
2010-12-16,1.960674550198449,1.721656360238186
2010-12-17,1.9595770345639687,1.723173485997746
2010-12-20,1.9686798728039034,1.724437688734964
2010-12-21,1.977101657499032,1.7348674644106339
2010-12-22,1.9742490585780148,1.7345518604653634
2010-12-23,1.964241652437756,1.7301269446978547
2010-12-27,1.9602380425935504,1.7310754060316376
2010-12-28,1.9530649754628924,1.7279140057105253
2010-12-29,1.9626250104801375,1.7317075761293286
2010-12-30,1.9548675750977798,1.7275979893907618
2010-12-31,1.9498394065474154,1.7212769757046729
2011-01-03,1.9896696429947873,1.7481426240876532
2011-01-04,1.9819335530338873,1.7468785588086
2011-01-05,2.0202526533604264,1.7617332502517784
2011-01-06,2.0318801678962473,1.767422368756505
2011-01-07,2.0262466643589407,1.7658421496995238
2011-01-10,2.042603340885357,1.772479317163541
2011-01-11,2.0382721028290303,1.7750079975543047
2011-01-12,2.0624937906653678,1.78765057475914
2011-01-13,2.0648836716614936,1.7882827448568308
2011-01-14,2.08196528150121,1.8015568048685353
2011-01-18,2.0879049812166492,1.8066141656500636
2011-01-19,2.057677880414417,1.7860698058695008
2011-01-20,2.016505084378008,1.7734272286646655
2011-01-21,2.0040771687724317,1.7598368774168687
2011-01-24,2.0281597479637044,1.7841737079509203
2011-01-25,2.0233100593723705,1.7867019759671916
2011-01-26,2.0321653908071005,1.7961841150580646
2011-01-27,2.074268441865911,1.8072461982895902
2011-01-28,2.0241893946189915,1.7614172339320142
2011-01-31,2.026425583708778,1.7699504993146111
2011-02-01,2.0722138362384093,1.8031370239255162
2011-02-02,2.078131197834981,1.8002932894221388
2011-02-03,2.0803851408404532,1.803453590077937
2011-02-04,2.0999937732327343,1.8135673494338436
2011-02-07,2.102561112855883,1.8221011646490979
2011-02-08,2.106391530224917,1.8341111593817492
2011-02-09,2.1081170265112847,1.8309505838096225
2011-02-10,2.1243820457617364,1.8337965176436288
2011-02-11,2.1510663667725005,1.8470696154481836
2011-02-14,2.163640878021468,1.8514948061320209
2011-02-15,2.147946151349789,1.8489664006575854
2011-02-16,2.1591894877815356,1.8609772201392227
2011-02-17,2.1717183750026043,1.860345187499696
2011-02-18,2.1704297717551766,1.8562360131356217
2011-02-22,2.0868938282181206,1.8025045789114968
2011-02-23,2.0320675659400074,1.7876505747591396
2011-02-24,2.063436139754681,1.7971318891010266
2011-02-25,2.100877351779588,1.822101164649098
2011-02-28,2.090132513350806,1.8258936354025872
2011-03-01,2.056374890915514,1.7965002688359928
2011-03-02,2.059691514607773,1.805982133010537
2011-03-03,2.1088882431696208,1.8416967881795487
2011-03-04,2.101570217058355,1.832215473837662
2011-03-07,2.057101300102474,1.8075624895256828
2011-03-08,2.0490554574501587,1.8148325143782116
2011-03-09,2.015740327972423,1.8025045789114968
2011-03-10,1.987147613480259,1.7743761023729419
2011-03-11,2.0010002705614727,1.7854379106881386
2011-03-14,1.9869478859426792,1.7791163471693925
2011-03-15,1.9747322295357963,1.7538317425923793
2011-03-16,1.9341473733336503,1.7114789577522005
2011-03-17,1.9472776356566057,1.7272829352781482
2011-03-18,1.9406750196704214,1.7233890203993938
2011-03-21,1.9721320390223085,1.7566229680769878
2011-03-22,1.969318486582211,1.753458268759932
2011-03-23,1.9906409052540166,1.7632693452380137
2011-03-24,2.0445853505059985,1.794604033459248
2011-03-25,2.033850529465859,1.7990351348441511
2011-03-28,2.0321900785657445,1.789223096158919
2011-03-29,2.0537687176164856,1.8066307980879464
2011-03-30,2.0665100472718274,1.8151768470798249
2011-03-31,2.0647291051750645,1.8177088264665326
2011-04-01,2.073655415782484,1.8186586623819592
2011-04-05,2.0693721744618374,1.8138953811060619
2011-04-06,2.071787489848279,1.8183409080227122
2011-04-07,2.0577322105226026,1.817071545556346
2011-04-08,2.048011525606907,1.8084964531974523
2011-04-11,2.0534868940716557,1.8024631198840968
2011-04-12,2.0335442342487404,1.7900785609839203
2011-04-13,2.0508637307964084,1.8053216678893524
2011-04-14,2.0579973588729312,1.8021459171817233
2011-04-15,2.069885177393549,1.7989700285598762
2011-04-18,2.0418394600646623,1.7862675773862344
2011-04-19,2.0559307957308377,1.7973818084205158
2011-04-20,2.1100282293270105,1.8380300935016685
2011-04-21,2.1347421875463604,1.8526374158601706
2011-04-25,2.133199420776587,1.8574005592218492
2011-04-26,2.1433452333993555,1.867880109022947
2011-04-27,2.1651646552723127,1.8805824222823708
2011-04-28,2.161871483618292,1.8777245638482072
2011-04-29,2.1560913151428296,1.876137447022594
2011-05-02,2.1620867341010195,1.8726436661272814
2011-05-03,2.1302293390180047,1.8637517848086702
2011-05-04,2.108094082287071,1.860894202202943
2011-05-05,2.1061847658758883,1.8507321309326548
2011-05-06,2.121168952334547,1.8567653263317918
2011-05-09,2.141776277374683,1.8637517848086702
2011-05-10,2.1657445297722324,1.8796298487757221
2011-05-11,2.1445767796157034,1.8659750999238687
2011-05-12,2.168008586609719,1.8770898826150237
2011-05-13,2.139391466161474,1.8548603172327136
2011-05-16,2.1065139382838205,1.8227869865962358
2011-05-17,2.098570020547251,1.8278678843171616
2011-05-18,2.1215369374713395,1.8431108533083753
2011-05-19,2.1230924958157726,1.8485090916458926
2011-05-20,2.110627372391282,1.834536450520574
2011-05-23,2.0773286162049174,1.8075441555192402
2011-05-24,2.063443368622464,1.7964293728280851
2011-05-25,2.0741978505099903,1.8034156933907448
2011-05-26,2.0912574904008623,1.8145306139961181
2011-05-27,2.0985301665346534,1.8237395601028843
2011-05-31,2.126011782619513,1.853273062492882
2011-06-01,2.0875620057290187,1.8129423938567575
2011-06-02,2.0994792544711385,1.8167532395402248
2011-06-03,2.072737207953348,1.7894431901796444
2011-06-06,2.0425299723648442,1.7748351782500504
2011-06-07,2.0397821674935814,1.7716601171135136
2011-06-08,2.0206112197911454,1.7589575280256535
2011-06-09,2.017467133286792,1.7621334166475007
2011-06-10,1.9878243545200716,1.7351402941608565
2011-06-13,1.9782869853985559,1.7351402941608565
2011-06-14,2.0039457172685737,1.7573698595431666
2011-06-15,1.9697657728274567,1.7240264768692304
2011-06-16,1.9513629499913732,1.7173573590089442
2011-06-17,1.955123516156727,1.7119784286620061
2011-06-20,1.9764924332365632,1.7208900317138518
2011-06-21,2.0192734431766466,1.7578099438141546
2011-06-22,2.012080792572197,1.7450788064830807
2011-06-23,2.0228011259679053,1.761310620420388
2011-06-24,2.009041714559873,1.7307565528140594
2011-06-27,2.0295657828791853,1.7584462800179588
2011-06-28,2.07336894421635,1.7845444771412553
2011-06-29,2.0871616585329074,1.7918645501124986
2011-06-30,2.0940501031968135,1.815734467208733
2011-07-01,2.126783171976458,1.8431061642249489
2011-07-05,2.148123206820518,1.8523360732929155
2011-07-06,2.1426040319750133,1.8583836117707688
2011-07-07,2.1504644542147786,1.8838449210333876
2011-07-08,2.153494197995654,1.8787528522607697
2011-07-11,2.1126192205876517,1.844697418477115
2011-07-12,2.0998721441639465,1.8306938845668697
2011-07-13,2.1087212610449253,1.8383317118973599
2011-07-14,2.0841058961429892,1.817007691273216
2011-07-15,2.0971390043429285,1.8411964660424447
2011-07-18,2.084609586446593,1.831329807028019
2011-07-19,2.119819160963467,1.8730240335416928
2011-07-20,2.1086080955212307,1.8650674864524268
2011-07-21,2.0998082406901677,1.8774797661105063
2011-07-22,2.1075724579736397,1.896893950637927
2011-07-25,2.0999720732794347,1.8930751059297912
2011-07-26,2.0986641726996194,1.897848592857852
2011-07-27,2.062355142812595,1.8488349829440271
2011-07-28,2.055466527444031,1.8520179051910137
2011-07-29,2.0679785115435063,1.8459710562842528
2011-08-01,2.0573309149519563,1.8373777592485272
2011-08-02,1.9871540719991847,1.7909101837210113
2011-08-03,1.999887759216908,1.808096364049807
2011-08-04,1.9022495815032865,1.7240736435319315
2011-08-05,1.9012905963242708,1.713252342297581
2011-08-08,1.791361907131406,1.6101316745551288
2011-08-09,1.8796960101851508,1.6877897918069964
2011-08-10,1.8139543153011357,1.6187251095050728
2011-08-11,1.8817501731880593,1.6900177960056217
2011-08-12,1.9142111603409198,1.7049770754495395
2011-08-15,1.940944719585361,1.7301202166102558
2011-08-16,1.9248930512369162,1.7154797948393323
2011-08-17,1.9124005076510304,1.7052953814656595
2011-08-18,1.8238638208671725,1.6215895878217208
2011-08-19,1.8042301925753774,1.5923087442798738
2011-08-22,1.8010219345786225,1.5980378388273881
2011-08-23,1.8766696477849665,1.66392001262498
2011-08-24,1.8922161728268876,1.6769686284868643
2011-08-25,1.8667897979760726,1.6495973452133037
2011-08-26,1.9176359503182843,1.69097298988242
2011-08-29,1.9714863663828992,1.7380770395279586
2011-08-30,2.005162813177702,1.7495338494808028
2011-08-31,2.005739248724731,1.7523990173685426
2011-09-01,1.9885922896752286,1.7364855094473557
2011-09-02,1.9481691651000597,1.6957468905531357
2011-09-06,1.9617163350639975,1.6960651965692561
2011-09-07,2.0020203237539804,1.7390314059194465
2011-09-08,1.9862206459858835,1.731074996744399
2011-09-09,1.9398451418001263,1.6925641062203673
2011-09-12,1.9599982122820896,1.714206432860632
2011-09-13,1.9857614397825778,1.7371223973080339
2011-09-14,2.0165587680242036,1.76194723245263
2011-09-15,2.0388880553038864,1.788046119147019
2011-09-16,2.0604694904182095,1.8044350173791104
2011-09-19,2.065972832739145,1.8050724568966618
2011-09-20,2.0518350940102046,1.7971004634149326
2011-09-21,2.01819882460028,1.7658524114614986
2011-09-22,1.9493983922001525,1.7084584440651935
2011-09-23,1.9656710052338857,1.7266327797689907
2011-09-26,1.9871874444211086,1.7467205373391899
2011-09-27,1.9962140795101306,1.7648959763567345
2011-09-28,1.9665816807994028,1.738749647171208
2011-09-29,1.9301614498810276,1.7180241742550206
2011-09-30,1.8884689860233863,1.6737021302235129
2011-10-03,1.835254227810429,1.6306549652271083
2011-10-04,1.8779578746167755,1.6641358483768125
2011-10-05,1.9195853233202629,1.7068633282149122
2011-10-06,1.9487158289148068,1.7355613462697028
2011-10-07,1.9465466695119826,1.7240819183850369
2011-10-10,2.0042942162803716,1.7837091307202675
2011-10-11,2.0115519842049276,1.7958255843798294
2011-10-12,2.008676822191718,1.8047534613094496
2011-10-13,2.0153634298987293,1.8213341982193672
2011-10-14,2.042391552107814,1.8551336632136288
2011-10-17,2.0192832292986185,1.8264361968157115
2011-10-18,2.045309178177142,1.8490755053409567
2011-10-19,2.032633086013691,1.8133631701371669
2011-10-20,2.032081631751145,1.8044350173791102
2011-10-21,2.057701762509461,1.8270743259043554
2011-10-24,2.089361727338996,1.8650188027333232
2011-10-25,2.0572005050119504,1.8283497565963323
2011-10-26,2.058102798077598,1.8261176149711542
2011-10-27,2.1085780539782424,1.8764971273042417
2011-10-28,2.0941193189043736,1.879366984275408
2011-10-31,2.0688245288855662,1.8477999367347615
2011-11-01,2.0364833040374806,1.7996518764557599
2011-11-02,2.056627823380318,1.8149574585021377
2011-11-03,2.0909265741390413,1.8525823880870191
2011-11-04,2.098092960330805,1.843017071639848
2011-11-07,2.099128464140869,1.8560900983183923
2011-11-08,2.1127807097106186,1.8774545278085344
2011-11-09,2.0518372042898045,1.8114497482707643
2011-11-10,2.0649263581850232,1.810493313166
2011-11-11,2.104160328268212,1.8446112220906006
2011-11-14,2.0938547926049216,1.8331322079485899
2011-11-15,2.1108282899308017,1.8535397885913125
2011-11-16,2.0692690373118863,1.822928486584338
2011-11-17,2.0302617322794565,1.7802016963173304
2011-11-18,2.0091862270509426,1.7664908163785789
2011-11-21,1.987661051960532,1.7326910755558809
2011-11-22,1.9914261013707086,1.7384305136697764
2011-11-23,1.9559648606338453,1.6992107440630504
2011-11-25,1.9457628301289485,1.686137579470287
2011-11-28,1.9955862665585444,1.7448078050438796
2011-11-29,2.0020298959322362,1.7339662304194206
2011-11-30,2.0625053740114656,1.7980577260050068
2011-12-01,2.0792526855137057,1.810493313166
2011-12-02,2.0669123623882593,1.8053917283123107
2011-12-05,2.0958560110661195,1.8251609040379526
2011-12-06,2.0903988165394707,1.8200587675273896
2011-12-07,2.0845000659985673,1.8200587675273896
2011-12-08,2.049181800571715,1.789448430919944
2011-12-09,2.085094557950044,1.8181454835752058
2011-12-12,2.0644569155289805,1.7977385925035754
2011-12-13,2.0475418259488904,1.777969554692152
2011-12-14,2.0210054089467104,1.7502283854847804
2011-12-15,2.0217914321577974,1.745445796218304
2011-12-16,2.0373025846703596,1.7544318729480985
2011-12-19,2.019655456671478,1.737162530345594
2011-12-20,2.0705020877430695,1.7886510109090215
2011-12-21,2.0692050218869227,1.7630666821635692
2011-12-22,2.0740177807255273,1.778097539086848
2011-12-23,2.095757464430426,1.7934476674257769
2011-12-27,2.108308620176215,1.8001376103330449
2011-12-28,2.0871360879349816,1.7793325609128268
2011-12-29,2.1049366749823966,1.7921352757232627
2011-12-30,2.0903490877044884,1.7870145207932129
2012-01-03,2.0994471042698435,1.821263310311097
2012-01-04,2.101790713636901,1.8289447185346088
2012-01-05,2.1186606886012775,1.84398853939442
2012-01-06,2.11842905679014,1.8503902415851836
2012-01-09,2.1145348992789548,1.8443089141238167
2012-01-10,2.128543877910696,1.8577521025646089
2012-01-11,2.13954169742251,1.8615930135476926
2012-01-12,2.147976656598838,1.8689550124413365
2012-01-13,2.128533420291487,1.8622327976069575
2012-01-17,2.140768068826818,1.8791977635294024
2012-01-18,2.1718598392028103,1.9041635470052267
2012-01-19,2.1949960974958773,1.9160073442549663
2012-01-20,2.189298008798008,1.913126454146326
2012-01-23,2.1799853099129782,1.9137672036051199
2012-01-24,2.189206571363421,1.9102457019519046
2012-01-25,2.198675844157045,1.9342521541243778
2012-01-26,2.184999058111773,1.927530215118436
2012-01-27,2.193891995785029,1.9332917195072792
2012-01-30,2.191429384396914,1.9348915244409877
2012-01-31,2.193537283930711,1.9374520398202308
2012-02-01,2.23965549509573,1.9531360584819621
2012-02-02,2.2433210639218473,1.959218075514421
2012-02-03,2.286999560287032,1.9861047282244428
2012-02-06,2.2805773951566275,1.9845043716338613
2012-02-07,2.2881791547716053,1.9886656573463417
2012-02-08,2.2874376029988714,1.9992283694211492
2012-02-09,2.295209900861473,2.0136321303932583
2012-02-10,2.272206171903398,1.999548606236327
2012-02-13,2.296761959666968,2.0181125496071695
2012-02-14,2.32934421255717,2.023233856194093
2012-02-15,2.318146871479492,2.0091501941229435
2012-02-16,2.3440910455693658,2.0366777342059774
2012-02-17,2.3230532434799587,2.030276032015214
2012-02-21,2.314700579605844,2.0360376743182758
2012-02-22,2.317876407422219,2.026754944104653
2012-02-23,2.325152303087238,2.0401988221165372
2012-02-24,2.325077924850012,2.047240584195003
2012-02-27,2.332886508065458,2.050121336389425
2012-02-28,2.350998362219674,2.0709269374665165
2012-02-29,2.3283688480006313,2.0616447589097677
2012-03-01,2.351034933185227,2.077968285802327
2012-03-02,2.3462032767000585,2.07636751546909
2012-03-05,2.3283393185019565,2.054921992418515
2012-03-06,2.294803151801285,2.0347568649717807
2012-03-07,2.318222674715498,2.05044102154773
2012-03-08,2.3446368188279454,2.0725267424002247
2012-03-09,2.3703613494801554,2.081169274811927
2012-03-12,2.368532707429935,2.082129847343244
2012-03-13,2.410969802524121,2.1208596077319135
2012-03-14,2.4071738634829685,2.1282216066255573
2012-03-15,2.413489368738816,2.1343023824300507
2012-03-16,2.408910725885335,2.13279635916487
2012-03-19,2.4172524341807393,2.147864590841342
2012-03-20,2.4111577724372633,2.1517129491922202
2012-03-21,2.425058252621998,2.1520331860073987
2012-03-22,2.430956825390146,2.147543664455071
2012-03-23,2.4301001808969307,2.146261889709047
2012-03-26,2.46948136810645,2.183774557120132
2012-03-27,2.4717617452501255,2.186981200612687
2012-03-28,2.4557800361878077,2.1783251526075795
2012-03-29,2.4497664394002645,2.169988100189684
2012-03-30,2.439024992032209,2.165820332508938
2012-04-03,2.437024191987856,2.1651856084841055
2012-04-04,2.410571464500645,2.1356742173243806
2012-04-05,2.4159188579362465,2.149003012346483
2012-04-09,2.3961252843598353,2.1328180957124263
2012-04-10,2.3439341684783734,2.098545455367719
2012-04-11,2.36047033608894,2.1087004937658715
2012-04-12,2.3906887501638896,2.1328180957124263
2012-04-13,2.3789808515736994,2.1004494909424256
2012-04-16,2.350411413482717,2.0769664765209126
2012-04-17,2.380726524833599,2.1191726211768596
2012-04-18,2.401746080684078,2.1137784224643186
2012-04-19,2.3756595621625154,2.0899780460303896
2012-04-20,2.360375754603659,2.0842656663066914
2012-04-23,2.3391738293857403,2.065225310559632
2012-04-24,2.312466829900306,2.0541187321233934
2012-04-25,2.365981519100655,2.1087004937658724
2012-04-26,2.380414781492272,2.121076793251356
2012-04-27,2.385146174573566,2.1337703182494656
2012-04-30,2.374514706353634,2.118536668653915
2012-05-01,2.3882512778566287,2.1220288792886044
2012-05-02,2.407705484665011,2.1280578020259773
2012-05-03,2.383882390205679,2.105526327642551
2012-05-04,2.331151766463272,2.053166782585936
2012-05-07,2.330992582448434,2.055070954660432
2012-05-08,2.2784001543827395,2.047454539362028
2012-05-09,2.2711950750933707,2.041107981612659
2012-05-10,2.2775271024843846,2.036982684950621
2012-05-11,2.284486815000213,2.0366654594379954
2012-05-14,2.262455662413048,2.017625240190726
2012-05-15,2.2581779930511963,2.01096091092957
2012-05-16,2.2458154445763125,1.997315709393583
2012-05-17,2.187076269513813,1.9551097012374266
2012-05-18,2.159635898627597,1.929722924240788
2012-05-21,2.207149425887978,1.9836695523590644
2012-05-22,2.202233476892827,1.9814487007711037
2012-05-23,2.2148259629046247,1.985256498920935
2012-05-24,2.217199163867546,1.9722465674089413
2012-05-25,2.2162567131401825,1.969707261810242
2012-05-29,2.2196302079509036,1.9947768132942547
2012-05-30,2.1976349066985152,1.977958128133898
2012-05-31,2.1860412558512543,1.9693894902984552
2012-06-01,2.1256092539561036,1.9170292627428884
2012-06-04,2.146451873280237,1.9316266868159135
2012-06-05,2.1560123049051856,1.9395607371263146
2012-06-06,2.1989532088634833,1.9839871873710608
2012-06-07,2.185577983122872,1.9760539560594017
2012-06-08,2.2070702001326166,1.9950939023070902
2012-06-11,2.178409782395882,1.9614565319863766
2012-06-12,2.206838368784273,1.9852564989209347
2012-06-13,2.1891035296335413,1.9716111608851576
2012-06-14,2.2099813684985734,1.9789106236705167
2012-06-15,2.2423744746765895,2.003496283397964
2012-06-18,2.275105351119522,2.0222628205657087
2012-06-19,2.2844982922469264,2.0432545773147037
2012-06-20,2.27982774141453,2.044844799871541
2012-06-21,2.2292401080060724,1.99395481155715
2012-06-22,2.2582138379012413,2.014946704805935
2012-06-25,2.2213742801753797,1.9761428174228786
2012-06-26,2.244255952861686,1.9885472358651615
2012-06-27,2.233693302004727,2.000633609796077
2012-06-28,2.1801735894002805,1.9783689925026609
2012-06-29,2.250841857982312,2.0407102212237644
2012-07-02,2.257185637718401,2.0467533399393267
2012-07-03,2.2657464143872983,2.063929108551073
2012-07-05,2.270420643112649,2.065201696095914
2012-07-06,2.2464515973374315,2.0394383161778746
2012-07-09,2.2473538582815658,2.0356210995425132
2012-07-10,2.2217808936226446,2.0155830668282504
2012-07-11,2.216027158613716,2.004450962931228
2012-07-12,2.2031692062409256,1.9856845622632737
2012-07-13,2.2315801917991096,2.0159008383400367
2012-07-16,2.220382635733953,2.010176173635213
2012-07-17,2.2460091574199477,2.0206723250092904
2012-07-18,2.2619170010390195,2.0480257909843766
2012-07-19,2.2752929769072905,2.070607906789999
2012-07-20,2.2409397194367977,2.0432545773147033
2012-07-23,2.2084548962041857,2.018445330930767
2012-07-24,2.1906877167714662,2.002542422863442
2012-07-25,2.178019365497627,1.9891837343872667
2012-07-26,2.207281258707695,2.0155830668282504
2012-07-27,2.274015978447886,2.063293019528338
2012-07-30,2.274633684318399,2.0617027969715003
2012-07-31,2.2514771636341084,2.0610664349491845
2012-08-01,2.2475536324625924,2.055022770234461
2012-08-02,2.24579394020979,2.047707746473009
2012-08-03,2.277640408601247,2.086511360856485
2012-08-06,2.292352239004982,2.102415360922132
2012-08-07,2.302657404829372,2.1199091740452456
2012-08-08,2.277499988356107,2.1189549040113533
2012-08-09,2.2706373655299537,2.125315111739751
2012-08-10,2.2746369882203683,2.12658701678564
2012-08-13,2.274823757324215,2.131676547966262
2012-08-14,2.2822950438176353,2.1326309544999447
2012-08-15,2.289708655378622,2.1380378476929818
2012-08-16,2.282681447820809,2.163482773600282
2012-08-17,2.2896902085831794,2.173025473939209
2012-08-20,2.28737370865582,2.176205509553513
2012-08-21,2.2764165488481036,2.1676177617474304
2012-08-22,2.2873709539449303,2.176524236563832
2012-08-23,2.273658425491222,2.1587130614283025
2012-08-24,2.290195791873778,2.172071203905317
2012-08-27,2.2850305168793783,2.175570649028891
2012-08-28,2.2854408215426143,2.175570649028891
2012-08-29,2.291511290412733,2.175570649028891
2012-08-30,2.2728429183815266,2.1536236667474715
2012-08-31,2.2785911655568154,2.1679362157581687
2012-09-04,2.287356705099163,2.1657103136779674
2012-09-05,2.286365552202611,2.1634827736002826
2012-09-06,2.331680154948747,2.2115118628100596
2012-09-07,2.331309129480918,2.2083303256980624
2012-09-10,2.309747673017414,2.180022589689084
2012-09-11,2.3030242760040527,2.176524236563832
2012-09-12,2.305109216371824,2.182885399790762
2012-09-13,2.333451562688423,2.2124664058435326
2012-09-14,2.3494710654726774,2.2321854385478965
2012-09-17,2.3461253933607686,2.2331390260828377
2012-09-18,2.345738423329591,2.2350478391502033
2012-09-19,2.353774798844369,2.2391837827958834
2012-09-20,2.3624607314440325,2.2369567887173596
2012-09-21,2.3671011390989647,2.2375938332386265
2012-09-24,2.36580863649786,2.224516743829812
2012-09-25,2.3404097606290044,2.193257063356098
2012-09-26,2.3212010342131397,2.1753949737987917
2012-09-27,2.344826165301518,2.205378108233746
2012-09-28,2.333132740899949,2.1871972916661204
2012-10-01,2.3357863388597804,2.184007428066916
2012-10-02,2.342859642891338,2.1903868822657446
2012-10-03,2.365132581275624,2.204421927202789
2012-10-04,2.377700359306212,2.2120775179410055
2012-10-05,2.3712270314626847,2.200275336573467
2012-10-08,2.3547510163182137,2.180179427948122
2012-10-09,2.318162873937621,2.145411020365095
2012-10-10,2.3094451357311874,2.1345662485266255
2012-10-11,2.3049647086210654,2.1278677943178974
2012-10-12,2.2950709153149678,2.1269113402873603
2012-10-15,2.3074276140018735,2.142540566275161
2012-10-16,2.3363469209101604,2.1728431102193864
2012-10-17,2.340882919618323,2.171567110179788
2012-10-18,2.3247116267556827,2.1463685663939547
2012-10-19,2.2805429602617786,2.095013113794687
2012-10-22,2.2819359705031266,2.105858977631479
2012-10-23,2.2729169891845955,2.0857633420057144
2012-10-24,2.268090000616646,2.0784268877771876
2012-10-25,2.281850714486201,2.0784268877771876
2012-10-26,2.2813949460776364,2.0844874784659067
2012-10-31,2.271909887102584,2.0717285700682497
2012-11-01,2.3064094315822983,2.1010741139827767
2012-11-02,2.289963300510506,2.078745751287297
2012-11-05,2.295378715375438,2.092461659714652
2012-11-06,2.296002188609685,2.096289386833865
2012-11-07,2.2456318361576857,2.046848343793365
2012-11-08,2.217187461578401,2.014632891788066
2012-11-09,2.21516220098032,2.0232452095564
2012-11-12,2.228234559224896,2.022925117548178
2012-11-13,2.223400493462116,2.0088910281096655
2012-11-14,2.185941853183101,1.985287211373749
2012-11-15,2.1969837057814767,1.9785887571650211
2012-11-16,2.2158521855043336,1.987200938433565
2012-11-19,2.2410702786245267,2.034408844904979
2012-11-20,2.249992315652863,2.0350467084249875
2012-11-21,2.259114575161507,2.0391937085536807
2012-11-23,2.2858846175717127,2.070134525517285
2012-11-26,2.2851884181141844,2.0790651607965676
2012-11-27,2.260343508199236,2.072047160578779
2012-11-28,2.2827989910920254,2.0899106151339883
2012-11-29,2.2960853736228093,2.1023503870219553
2012-11-30,2.3077523299524496,2.0988415234128515
2012-12-03,2.2872625860412024,2.0946950692833193
2012-12-04,2.3012317662315613,2.0934185232445603
2012-12-05,2.3082011928383706,2.070134525517285
2012-12-06,2.332612153942453,2.083530341936419
2012-12-07,2.3290435294120373,2.071091116047613
2012-12-10,2.325496638822604,2.077151160737171
2012-12-11,2.350485995482479,2.104263568082611
2012-12-12,2.3595215151387805,2.0997985234425505
2012-12-13,2.351250375999726,2.0832117514258903
2012-12-14,2.3583501429737397,2.0634353888096064
2012-12-17,2.3754283527715634,2.0908670691645264
2012-12-18,2.399651183237707,2.1227644766584586
2012-12-19,2.389367816735001,2.1135151143688575
2012-12-20,2.3974370991467677,2.1135151143688575
2012-12-21,2.349354091297148,2.091286396520287
2012-12-24,2.3392777789941253,2.087116191427245
2012-12-26,2.337453775292842,2.0688339555154367
2012-12-27,2.3371656337819253,2.0656266199430755
2012-12-28,2.3189693838744057,2.0457396924966593
2012-12-31,2.366515623021169,2.0890409749700742
2013-01-02,2.427312471863386,2.1554357014635253
2013-01-03,2.410134108590126,2.144209003211834
2013-01-04,2.424193370983385,2.1371533290519267
2013-01-07,2.4265577199336112,2.1377951510658533
2013-01-08,2.4142737911168046,2.1336248094730212
2013-01-09,2.4360991189465677,2.1416434896534
2013-01-10,2.447523429191309,2.1544740604409567
2013-01-11,2.4505605903977647,2.157360348506564
2013-01-14,2.457069957463181,2.14773779579032
2013-01-15,2.4651713920000304,2.1371533290519267
2013-01-16,2.4630897946802355,2.145813558246652
2013-01-17,2.4793244827570473,2.156077386977662
2013-01-18,2.484946770875542,2.151266315369225
2013-01-22,2.4954837649979695,2.1547941524491785
2013-01-23,2.484388847049836,2.1679453612441186
2013-01-24,2.4952582547686806,2.1381155160736554
2013-01-25,2.516766804550845,2.1490214398181733
2013-01-28,2.509201783031916,2.1538326479264005
2013-01-29,2.4881814871237404,2.154152193935461
2013-01-30,2.4815005958939467,2.1496624428333586
2013-01-31,2.476937491938956,2.1448506887259704
2013-02-01,2.4985968558879534,2.1701906462945404
2013-02-04,2.4554434652782797,2.1323423939432797
2013-02-05,2.507160500724265,2.1637755656504476
2013-02-06,2.484504653185781,2.156719481991169
2013-02-07,2.4739043093347903,2.158643446535257
2013-02-08,2.4970879684372584,2.1807755225323047
2013-02-11,2.49600027474367,2.18141652554749
2013-02-12,2.496492708882188,2.172435658345382
2013-02-13,2.499565425289186,2.1801343830173288
2013-02-14,2.505614940871196,2.1794928340029824
2013-02-15,2.496633605055335,2.173077070859938
2013-02-19,2.5082898916984924,2.1887932472141514
2013-02-20,2.4684743452040028,2.155115063456142
2013-02-21,2.42589015562458,2.132021892435687
2013-02-22,2.451609136875524,2.153511600419647
2013-02-25,2.419544279338558,2.1268895003209156
2013-02-26,2.427396021711852,2.134908180501294
2013-02-27,2.457710386578879,2.156719481991169
2013-02-28,2.4610186755137144,2.1522287753905345
2013-03-01,2.4699536111349807,2.1612095060928525
2013-03-04,2.488201582575946,2.170832468308468
2013-03-05,2.5165475161675213,2.202907052530192
2013-03-06,2.5162150840424937,2.1974549779065695
2013-03-07,2.5227151258512652,2.203228509536316
2013-03-08,2.53252678580378,2.20579375009517
2013-03-11,2.5392593919794324,2.2122085577396824
2013-03-12,2.527256765672566,2.2041901505588846
2013-03-13,2.5329730866194957,2.201303862493277
2013-03-14,2.5406899394367164,2.2086807206597285
2013-03-15,2.5184281043697787,2.202540277593692
2013-03-18,2.4973139547641043,2.1977173305035005
2013-03-19,2.490602334391954,2.1935379799245096
2013-03-20,2.513179791889685,2.2089698272155562
2013-03-21,2.48603632312134,2.1838939967411903
2013-03-22,2.5242499800035483,2.20511220664227
2013-03-25,2.5072602584404544,2.197075098990203
2013-03-26,2.524041305164204,2.2089698272155562
2013-03-27,2.5407583502068167,2.2118636227696293
2013-03-28,2.5634695125496827,2.2173279823743774
2013-04-01,2.5358759719822137,2.2022188205875683
2013-04-03,2.5067638839391013,2.1821231251290873
2013-04-04,2.5202566287399404,2.1827601980317084
2013-04-05,2.501167355312004,2.164580325974689
2013-04-08,2.516215940582182,2.1760624003278144
2013-04-09,2.5261700463217185,2.1907356627771257
2013-04-10,2.5850427657890283,2.2334794082695115
2013-04-11,2.593203460678346,2.232520954840122
2013-04-12,2.598131990253917,2.230926511965429
2013-04-15,2.5337371310355414,2.186907808074813
2013-04-16,2.5666525222093948,2.215934713064807
2013-04-17,2.529754295702177,2.172553488373306
2013-04-18,2.4939359176830536,2.1425696197077335
2013-04-19,2.5193894117071727,2.1719153320133677
2013-04-22,2.5351488955669446,2.1942438975708094
2013-04-23,2.561719919067336,2.215296827569198
2013-04-24,2.537838921379378,2.214339322164961
2013-04-25,2.563182706914883,2.226141422723209
2013-04-26,2.559829314057487,2.2191244114071815
2013-04-29,2.566971443145091,2.2395397267742903
2013-04-30,2.5706086403661383,2.2558070258018
2013-05-01,2.562581312689404,2.2452812379634297
2013-05-02,2.6087623196118774,2.2736695802969917
2013-05-03,2.6451212432172357,2.30046375062019
2013-05-06,2.649495754846521,2.309395501880362
2013-05-07,2.6492434093189505,2.3081200017534735
2013-05-08,2.656198559318518,2.3192825916301363
2013-05-09,2.6443468231633385,2.3160931641520914
2013-05-10,2.6670523732612548,2.3301282702414645
2013-05-13,2.6674275087313366,2.3329997029968577
2013-05-14,2.695453120463556,2.3451197982777567
2013-05-15,2.7036084742824897,2.349905158384306
2013-05-16,2.6745390992689306,2.347352262080223
2013-05-17,2.7038173871212745,2.3700013955714456
2013-05-20,2.687879183723408,2.366492077320444
2013-05-21,2.6920323451539727,2.3690441610315385
2013-05-22,2.666335228751024,2.3483103092131192
2013-05-23,2.6629857142458766,2.342887876203949
2013-05-24,2.6590787507363998,2.3416123760770606
2013-05-28,2.6852968416551217,2.3569221697003337
2013-05-29,2.6777047302609374,2.345758496366354
2013-05-30,2.698233786126355,2.358199024148869
2013-05-31,2.6671886034713763,2.3365087503835302
2013-06-03,2.6712857072531344,2.3406551415371526
2013-06-04,2.6550406801322177,2.328533150205948
2013-06-05,2.6204069222727955,2.298231557682053
2013-06-06,2.655374131278773,2.309395501880362
2013-06-07,2.69859611538181,2.3409736779884627
2013-06-10,2.699703098641331,2.3419309125283703
2013-06-11,2.6727579642595845,2.3186447061345272
2013-06-12,2.6348116304178255,2.291851619268646
2013-06-13,2.67427882231219,2.3208779825299817
2013-06-14,2.657887115843189,2.305568188906708
2013-06-17,2.6737202938092137,2.327895806438997
2013-06-18,2.7102357366422916,2.3470345382219007
2013-06-19,2.6794906534459417,2.3208779825299817
2013-06-20,2.612109629301803,2.265695063576727
2013-06-21,2.6020535499318473,2.253663405499359
2013-06-24,2.5828711221937235,2.231264956944946
2013-06-25,2.606011010495765,2.247584126491526
2013-06-26,2.6426241073870083,2.2677423916100863
2013-06-27,2.659685253857825,2.277342771467248
2013-06-28,2.6587860398890877,2.28054167919682
2013-07-01,2.682706809375148,2.294621748764864
2013-07-02,2.6773712237297884,2.2955822336767238
2013-07-03,2.684355989034035,2.3048612330071165
2013-07-05,2.717151379972433,2.322460371942019
2013-07-08,2.723255750879603,2.324700961674366
2013-07-09,2.7421860719515316,2.338780218649422
2013-07-10,2.7572387526779893,2.3522199649428934
2013-07-11,2.7938452686344353,2.3989372901467796
2013-07-12,2.8298593079481362,2.40949666516199
2013-07-15,2.8277760770442493,2.4149369752168965
2013-07-16,2.816713246817284,2.411737796622995
2013-07-17,2.820213308369603,2.417816804766499
2013-07-18,2.827658331841544,2.411737796622995
2013-07-19,2.8352582446985584,2.386776294352149
2013-07-22,2.8359914043237935,2.3938182251864766
2013-07-23,2.7917121843949,2.376219086251574
2013-07-24,2.771434184004612,2.3838986317171815
2013-07-25,2.7838376008125985,2.39893729014678
2013-07-26,2.771815835187246,2.4117377966229956
2013-07-29,2.7578984353557536,2.4072579714799485
2013-07-30,2.792241939645254,2.4200568527701876
2013-07-31,2.783809283227245,2.4245361361845763
2013-08-01,2.8272639554817327,2.449175309903501
2013-08-02,2.837191092547051,2.4629341343769413
2013-08-05,2.846428542608933,2.464535484292033
2013-08-06,2.8149505548860136,2.449815362313745
2013-08-07,2.804882764023694,2.445336620628015
2013-08-08,2.8292451742194524,2.457494907779352
2013-08-09,2.830494374216586,2.4475758560387155
2013-08-12,2.81752036203039,2.453335244273591
2013-08-13,2.8328779313913537,2.467095152204349
2013-08-14,2.8102417411229945,2.457815340280968
2013-08-15,2.7493446522911653,2.416216538308726
2013-08-16,2.7460645269093575,2.4152576785828423
2013-08-19,2.7397015633238344,2.4110955772981173
2013-08-20,2.768595357392907,2.421656306634974
2013-08-21,2.765323416443699,2.413338333945099
2013-08-22,2.806395643696136,2.437015397566188
2013-08-23,2.8175365538229866,2.453335244273591
2013-08-26,2.823632151637405,2.4546153490940785
2013-08-27,2.7564214875709756,2.4043773293373576
2013-08-28,2.7797973185286096,2.413656870396409
2013-08-29,2.794033475587162,2.4306154151924093
2013-08-30,2.7841435666865544,2.4149369752168965
2013-09-03,2.8181448079613824,2.428696070554666
2013-09-04,2.8606731594714025,2.454615349094078
2013-09-05,2.869308563679028,2.4587750125998387
2013-09-06,2.8650256039739825,2.461654842149441
2013-09-09,2.898191141822786,2.490453408509797
2013-09-10,2.9377391524137337,2.5026135917114396
2013-09-11,2.9616092447731273,2.4978125214737883
2013-09-12,2.9493908455997477,2.4962136093376612
2013-09-13,2.9577811631490625,2.4978125214737883
2013-09-16,2.9572682374790427,2.4910940026486994
2013-09-17,2.980208440016814,2.50773346926473
2013-09-18,3.0176339310935116,2.5378118695812444
2013-09-19,3.0292887931949215,2.5438919611820654
2013-09-20,3.0272539989693494,2.535161462118597
2013-09-23,2.9990965145381336,2.530026687027192
2013-09-24,3.010130483282395,2.530026687027192
2013-09-25,3.022044091720302,2.5213609245384374
2013-09-26,3.056121137209634,2.5409400817208567
2013-09-27,3.051315793938211,2.537730068553782
2013-09-30,3.0468266751361615,2.531631287314236
2013-10-01,3.081235456250754,2.5573073296858952
2013-10-02,3.087841725928242,2.556344136130742
2013-10-03,3.053828842955863,2.526495970494172
2013-10-04,3.091478977762279,2.548321134695525
2013-10-07,3.0636594441879486,2.527137918954721
2013-10-08,2.9828993778043067,2.4783530863249394
2013-10-09,2.9513425858718816,2.4706524134416434
2013-10-10,3.0346130795247173,2.522964441368164
2013-10-11,3.0513926905512005,2.5428651145095165
2013-10-14,3.0856492327351845,2.5608375044902574
2013-10-15,3.059411574457623,2.5508886576733927
2013-10-16,3.0991531258391816,2.579772817161822
2013-10-17,3.1237867053179493,2.5945368191614637
2013-10-18,3.1577134735992063,2.63658092209115
2013-10-21,3.1548040443389738,2.6423584582360924
2013-10-22,3.1355317783180103,2.64620906554207
2013-10-23,3.1040628445239262,2.630161437485659
2013-10-24,3.1238730625177564,2.6417148845895673
2013-10-25,3.121416594483764,2.660652093311437
2013-10-28,3.09088285340474,2.6612943126363158
2013-10-29,3.1213999894098015,2.665787410131501
2013-10-30,3.111430459523976,2.663219345424975
2013-10-31,3.093998376171357,2.657121918507076
2013-11-01,3.0909524659365633,2.6577627835103077
2013-11-04,3.105434706845213,2.6616144742736023
2013-11-05,3.1025953728239632,2.6645040549390613
2013-11-06,3.0515494935513185,2.663861293885524
2013-11-07,2.9815765275556316,2.613793918656291
2013-11-08,3.026594176391896,2.6490970210215528
2013-11-11,3.0357713676665052,2.6449265229426184
2013-11-12,3.027037930105372,2.649097021021553
2013-11-13,3.0645162367331302,2.681192818863033
2013-11-14,3.0769981710223044,2.6895370653928543
2013-11-15,3.101048221623528,2.6946712987556007
2013-11-18,3.0560103485560717,2.6683546622450387
2013-11-19,3.0421060501825545,2.6606520933114375
2013-11-20,3.0285207780174943,2.654232337841617
2013-11-21,3.062365140114141,2.6811928188630336
2013-11-22,3.056620980865256,2.695635846632401
2013-11-25,3.0519961070945127,2.702053706051916
2013-11-26,3.0736522018321506,2.7161757595910085
2013-11-27,3.1005851109586398,2.7351113431269027
2013-11-29,3.110402413886366,2.7514804871422465
2013-12-02,3.1075527205948026,2.743457485707029
2013-12-03,3.122182194481217,2.7412098535021188
2013-12-04,3.1102664829560664,2.7437773764799855
2013-12-05,3.1098542238948266,2.7402472016756243
2013-12-06,3.1290057477101536,2.760145437038012
2013-12-09,3.1496527968564703,2.7713787225046334
2013-12-10,3.1621715910410853,2.769453418851645
2013-12-11,3.115974610693497,2.7338285296631204
2013-12-12,3.1340211854122257,2.7267670965970803
2013-12-13,3.1463970056351864,2.7232369217927186
2013-12-16,3.1482678783245213,2.7383213562939765
2013-12-17,3.16588651409442,2.732864794379309
2013-12-18,3.1907686229526715,2.764638534533198
2013-12-19,3.168049587606039,2.7569370490569134
2013-12-20,3.1979428966557877,2.7850105116076107
2013-12-23,3.2195057622373926,2.8143118021632323
2013-12-24,3.2249550246782444,2.8155978659989653
2013-12-26,3.2290960178357313,2.824934559431509
2013-12-27,3.213069076526467,2.817852269812109
2013-12-30,3.206661663990245,2.8136671450593895
2013-12-31,3.229149445489167,2.832019286829873
2014-01-02,3.2040396230025956,2.809802994536945
2014-01-03,3.1790759582579793,2.7895198609625567
2014-01-06,3.1764581363250994,2.779216181874249
2014-01-07,3.2089729222933077,2.804974837866359
2014-01-08,3.247882919533685,2.8110920378803006
2014-01-09,3.2216729725703526,2.801754531854769
2014-01-10,3.2388116223275225,2.8107678132780736
2014-01-13,3.1834770045056513,2.769236185659509
2014-01-14,3.2582901571068486,2.822038748886474
2014-01-15,3.2736181203197523,2.845219318191873
2014-01-16,3.2807623971946067,2.8455416467437944
2014-01-17,3.295318102176155,2.8294422836004784
2014-01-21,3.318092255107985,2.851014731382552
2014-01-22,3.3305539828455157,2.858419891282532
2014-01-23,3.3305944629572477,2.848761140162396
2014-01-24,3.2316584251110796,2.7927382709238406
2014-01-27,3.1970005281032106,2.7656940928246563
2014-01-28,3.21216510193822,2.764083262658038
2014-01-29,3.1817607910545567,2.7344631647867765
2014-01-30,3.270921072148631,2.7850105116076103
2014-01-31,3.2630332493093652,2.7776067060292773
2014-02-03,3.1795270153841555,2.7138577026604676
2014-02-04,3.2145120768556277,2.7338201328689107
2014-02-05,3.187906059228153,2.726735676334876
2014-02-06,3.231998007696145,2.76150815547895
2014-02-07,3.3306531653075626,2.810767813278074
2014-02-10,3.3544055994444144,2.8268674472857196
2014-02-11,3.3904005911951347,2.859063464929058
2014-02-12,3.4011376392118566,2.8645370912964743
2014-02-13,3.4404714967689642,2.8857877522552853
2014-02-14,3.4474130097764477,2.8915834363102935
2014-02-18,3.481962291749595,2.9057496407350696
2014-02-19,3.4537841823791546,2.8857877522552853
2014-02-20,3.48767787108155,2.8993098413048775
2014-02-21,3.506882377506515,2.895446503375421
2014-02-24,3.537124528286208,2.9108998550932474
2014-02-25,3.527002854768778,2.9076803616746454
2014-02-26,3.532926505466585,2.9051052544955565
2014-02-27,3.5426043949290698,2.9239538905817306
2014-02-28,3.506510817309204,2.920720583082332
2014-03-03,3.4930726057884898,2.899059833528892
2014-03-04,3.5664197673816034,2.9359149885013043
2014-03-05,3.5601512006912923,2.9439986635462954
2014-03-06,3.5433775587025953,2.941412992658362
2014-03-07,3.5072036756927805,2.9268635152075615
2014-03-10,3.4885867781284934,2.929449186095495
2014-03-11,3.452118250116262,2.9168407224287853
2014-03-12,3.47600111952127,2.92783266777796
2014-03-13,3.4068412571240123,2.886450286404865
2014-03-14,3.397782213919491,2.86672892544954
2014-03-17,3.4292430408266927,2.8919466653759467
2014-03-18,3.467213149142872,2.926863515207562
2014-03-19,3.4411739630065448,2.9110222857701125
2014-03-20,3.4485291074074804,2.919104064764798
2014-03-21,3.3872585742596546,2.8839778368065985
2014-03-24,3.319901814469276,2.8587021319137116
2014-03-25,3.3266224780587925,2.8680997698203576
2014-03-26,3.264924921326959,2.831160376041519
2014-03-27,3.2486262490814344,2.815281225597961
2014-03-28,3.2495866668399436,2.8207897934638626
2014-03-31,3.2974116711255292,2.840880613364415
2014-04-01,3.3656661784285324,2.8907822196240884
2014-04-03,3.3138709727632616,2.8678339029755224
2014-04-04,3.177740343668585,2.79155744944437
2014-04-07,3.1454108253702255,2.765054265882749
2014-04-08,3.186091588371569,2.790588627985925
2014-04-09,3.237546914630853,2.838422093696775
2014-04-10,3.110983679299956,2.7505100566262195
2014-04-11,3.0749064325194837,2.7185116615574128
2014-04-14,3.098896526709076,2.7398443752161574
2014-04-15,3.1096686834629574,2.7488933729655014
2014-04-16,3.1406638408419307,2.785415996741256
2014-04-17,3.163854574380895,2.7860622379371844
2014-04-21,3.1943807609182557,2.806747089393656
2014-04-22,3.249869584640339,2.829049975349466
2014-04-23,3.2230267199358296,2.8041623947776664
2014-04-24,3.2083410238095404,2.830988158601804
2014-04-25,3.10846941386595,2.785739387506945
2014-04-28,3.071202147231962,2.794789465927186
2014-04-29,3.104744229935339,2.817090730876651
2014-04-30,3.134719144336514,2.8245241256361737
2014-05-01,3.1531865383755036,2.8329282330282095
2014-05-02,3.15442695792357,2.8277561421189885
2014-05-05,3.178095671987261,2.842623201805759
2014-05-06,3.141933648638438,2.805778538102936
2014-05-07,3.115767899339364,2.7976986319797605
2014-05-08,3.097887507918215,2.795113126860598
2014-05-09,3.1057876352795386,2.805455147337248
2014-05-12,3.171330585864103,2.851673820561448
2014-05-13,3.1645529795418033,2.853612814316958
2014-05-14,3.1420688022418535,2.838744944127016
2014-05-15,3.1129027885981015,2.816443949345275
2014-05-16,3.124163552169271,2.8348669566159965
2014-05-19,3.1599361887235875,2.8545835269494715
2014-05-20,3.131487180746102,2.8442401556342016
2014-05-21,3.167025237615776,2.8713893102240275
2014-05-22,3.1829489078132265,2.883994795892771
2014-05-23,3.209776255770968,2.9050041187858278
2014-05-27,3.2547738335274006,2.941202811460446
2014-05-28,3.2496754133727435,2.9321538137111016
2014-05-29,3.2644291874633935,2.9508994012443392
2014-05-30,3.2531504334530292,2.9512222516745794
2014-06-02,3.2618728238319297,2.948313085622005
2014-06-03,3.2529724588431175,2.947021683901044
2014-06-04,3.2673490973815396,2.9580102157413464
2014-06-05,3.2969702817986453,2.982897796313146
2014-06-06,3.3254902968592805,3.000027510688838
2014-06-09,3.3265925512885146,2.997764855999916
2014-06-10,3.3444304017524455,3.002936136405965
2014-06-11,3.3521859634916975,3.002289084706864
2014-06-12,3.323201256332653,2.97513938978159
2014-06-13,3.328986446334882,2.9838666177715902
2014-06-16,3.3555127204307715,2.9864510422198562
2014-06-17,3.3808182027273825,2.988067996048298
2014-06-18,3.3997238019997598,3.0048756704969226
2014-06-19,3.38645833383192,3.002936136405965
2014-06-20,3.3927426896353676,3.006468039062476
2014-06-23,3.3901171428459325,3.007116171432473
2014-06-24,3.380092192540367,3.0041997108513487
2014-06-25,3.3935137080694755,3.0233205613532927
2014-06-26,3.3851168937368286,3.024940487026699
2014-06-27,3.408232026014648,3.0382284163663944
2014-06-30,3.4298819720325233,3.04341347532637
2014-07-01,3.4735205282892867,3.0767929678005226
2014-07-02,3.466385046385344,3.081978567095946
2014-07-03,3.486775903310156,3.1014230785313024
2014-07-07,3.4565114736449827,3.092025024082485
2014-07-08,3.399300230892211,3.054755926885179
2014-07-09,3.4298639994697373,3.077441640505968
2014-07-10,3.410815990058906,3.067718574285118
2014-07-11,3.4201280364481765,3.0874878273247823
2014-07-14,3.4539379592446897,3.105959734953557
2014-07-15,3.431647699025323,3.0952654157647457
2014-07-16,3.445969514260178,3.1075807412978596
2014-07-17,3.391911095913569,3.0664231200482956
2014-07-18,3.441491789020472,3.115033588133514
2014-07-21,3.445814621624839,3.1111453342489805
2014-07-22,3.4610190008035793,3.1309148574563697
2014-07-23,3.459114372727521,3.151007231093999
2014-07-24,3.445998645569883,3.1474420978074296
2014-07-25,3.4360688871930165,3.1351267722743157
2014-07-28,3.4291972099468597,3.1361001865840694
2014-07-29,3.41561303127823,3.1305901158520615
2014-07-30,3.4320419413464895,3.1429051712174516
2014-07-31,3.3592734507632893,3.079386307783684
2014-08-01,3.358672432416707,3.0680430457217036
2014-08-04,3.391469086808291,3.089108023165914
2014-08-05,3.3527464607674293,3.0654510565771638
2014-08-06,3.3587792815188413,3.0631813775274166
2014-08-07,3.3405109019794876,3.0534596621451864
2014-08-08,3.358777052234749,3.07549670306053
2014-08-11,3.386335780105619,3.0936454900913404
2014-08-12,3.3849554528896455,3.0923486850158985
2014-08-13,3.4169448826348123,3.12508112579095
2014-08-14,3.432337920656745,3.1412844350408733
2014-08-15,3.4569481630972345,3.1565162211551114
2014-08-18,3.477793492395271,3.1808229411202027
2014-08-19,3.4845862358621003,3.1986461760435327
2014-08-20,3.49381553377025,3.1986461760435327
2014-08-21,3.503594871268067,3.2051277699112264
2014-08-22,3.502647960956336,3.2099883574346175
2014-08-25,3.5169166017201854,3.2213316194965986
2014-08-26,3.509717622777223,3.224573362017479
2014-08-27,3.518309180210453,3.2252204137165803
2014-08-28,3.5181996271413336,3.2216550102622863
2014-08-29,3.5477728181470187,3.23364748536516
2014-09-02,3.5606727018820186,3.2430452696462537
2014-09-03,3.556166413212951,3.2239249594797577
2014-09-04,3.548932844630485,3.221006607724565
2014-09-05,3.5696971595060543,3.237211267813109
2014-09-08,3.5750198583623747,3.243368660411942
2014-09-09,3.5462599162175,3.216470761805483
2014-09-10,3.5674281666858842,3.2430452696462533
2014-09-11,3.572037634648331,3.240452199830817
2014-09-12,3.5393994979228363,3.2239249594797568
2014-09-15,3.4795550727911078,3.192812444378112
2014-09-16,3.5204201295917414,3.2206832169588764
2014-09-17,3.536928365864422,3.2255448851531643
2014-09-18,3.5766062692555205,3.249850524447359
2014-09-19,3.5565714005114804,3.2478366942322867
2014-09-22,3.5064743051994403,3.2176249183226253
2014-09-23,3.504911443654635,3.2088555441676734
2014-09-24,3.5496380103868703,3.2432884205978976
2014-09-25,3.484223907340683,3.1750708001074446
2014-09-26,3.534847847676626,3.208855544167673
2014-09-29,3.535040423133341,3.204631471802144
2014-09-30,3.5217937739293905,3.2091792051010852
2014-10-01,3.4471777460729394,3.1578532812214357
2014-10-02,3.4515060036281535,3.1578532812214357
2014-10-03,3.499234497244492,3.1890384714408504
2014-10-06,3.4866761425297583,3.1822164662408534
2014-10-07,3.4299552081359015,3.1370633345203083
2014-10-08,3.4858609824038425,3.1981342082064557
2014-10-09,3.4189135820808247,3.146483812890222
2014-10-10,3.304735316880493,3.0678695980428614
2014-10-13,3.2463055798467595,3.0197924410449186
2014-10-14,3.2503003590406143,3.020117993152399
2014-10-15,3.234012409835355,3.000627012868506
2014-10-16,3.211195285115223,2.9817855157932303
2014-10-17,3.2769932217421243,3.0210924881330485
2014-10-20,3.3171370857696187,3.0662450795181457
2014-10-21,3.4232505880357142,3.1468090948299783
2014-10-22,3.3930672084158893,3.13056742176324
2014-10-23,3.4291670799658167,3.1776698136128085
2014-10-24,3.47367206753467,3.2036564364860456
2014-10-27,3.4813900010780436,3.2059309785548256
2014-10-28,3.5361188986825884,3.254334227995698
2014-10-29,3.5073311372287317,3.2423136554495224
2014-10-30,3.516010235566788,3.2491348501463473
2014-10-31,3.559176080615368,3.293965131436653
2014-11-03,3.5729626010854227,3.303711432081772
2014-11-04,3.5605805279613625,3.292665354516247
2014-11-05,3.543753194664961,3.292990906623728
2014-11-06,3.563684460050438,3.3033847993033953
2014-11-07,3.5385650208911157,3.300461314361445
2014-11-10,3.568014897656289,3.312156875135588
2014-11-11,3.5775381678361278,3.3225510379829792
2014-11-12,3.5801896857903532,3.3283982780346024
2014-11-13,3.575537466308367,3.3426923119786616
2014-11-14,3.5778282466893696,3.3530875554969493
2014-11-17,3.5644173683318603,3.3430175939184186
2014-11-18,3.5977074137352436,3.3680302621464544
2014-11-19,3.5710657908676025,3.3527620033894685
2014-11-20,3.5778810741923994,3.367705250374421
2014-11-21,3.5900159434675594,3.3742033244732816
2014-11-24,3.623738843464547,3.400514959118551
2014-11-25,3.6227782737693115,3.4057121756261086
2014-11-26,3.6483815599778864,3.42780243958309
2014-11-28,3.674365750809747,3.4437207218841404
2014-12-01,3.6302588462102605,3.4047379508131823
2014-12-02,3.649471162618281,3.4183819612131767
2014-12-03,3.670444535483918,3.4245542130368327
2014-12-04,3.6742347418351398,3.4229299646798417
2014-12-05,3.6875583374097975,3.423253895780979
2014-12-08,3.6705490045777625,3.3988907107615605
2014-12-09,3.678666606530713,3.4096117765550527
2014-12-10,3.6239752220573127,3.356011040438899
2014-12-11,3.654144673414985,3.371929052572225
2014-12-12,3.615868155371981,3.3352210937377724
2014-12-15,3.5856481719889555,3.3007879471398223
2014-12-16,3.5426273757113833,3.2478366942322863
2014-12-17,3.5992315945265636,3.306959118292582
2014-12-18,3.680909636406577,3.3865462071142476
2014-12-19,3.6843275661427968,3.4014475781019726
2014-12-22,3.675970753868082,3.409925711450399
2014-12-23,3.662842566345436,3.3978611015652027
2014-12-24,3.664035401385468,3.4007956633838385
2014-12-26,3.6783752527799525,3.424923532315609
2014-12-29,3.678226922551119,3.4242718877651996
2014-12-30,3.6531115841425104,3.4014475781019726
2014-12-31,3.632870655121103,3.3665597392244466
2015-01-02,3.625182770897735,3.356451143661377
2015-01-05,3.5757504045094257,3.307217398636774
2015-01-06,3.526148657964231,3.2628726087465876
2015-01-07,3.5915331912348876,3.304933941033099
2015-01-08,3.652421966217523,3.368191011942263
2015-01-09,3.6257276385991366,3.3460183468294455
2015-01-12,3.5941676836827,3.3111294272810237
2015-01-13,3.5775788331042397,3.3101514201199618
2015-01-14,3.560113149536443,3.2918926748254624
2015-01-15,3.5158584761711964,3.249177806814472
2015-01-16,3.5756002807285014,3.28732684028901
2015-01-20,3.5987087774955158,3.3134115340460775
2015-01-21,3.60360576002891,3.330366720072033
2015-01-22,3.6666103025003656,3.3919925182633803
2015-01-23,3.6706530804172783,3.3994912936121238
2015-01-26,3.678928219544426,3.395578184296978
2015-01-27,3.6376467485591677,3.307543220911979
2015-01-28,3.6141716274207654,3.2905877647182993
2015-01-29,3.64302631778924,3.322216030005156
2015-01-30,3.571735612674703,3.296456618187846
2015-02-02,3.5831253910481022,3.3251503216560683
2015-02-03,3.6117172499411043,3.3571041390504064
2015-02-04,3.6362208429956233,3.3541684965608747
2015-02-05,3.6793375543355684,3.383188292472026
2015-02-06,3.6556136754305126,3.3626460895738535
2015-02-09,3.6272963529545024,3.3518863897958218
2015-02-10,3.6776285949792764,3.4040555071422323
2015-02-11,3.689803630179373,3.41644647963808
2015-02-12,3.722238457600755,3.456225434991815
2015-02-13,3.7395275689592844,3.485897145621099
2015-02-17,3.7384016564421683,3.489157259547216
2015-02-18,3.755372715855305,3.4940483760234238
2015-02-19,3.7603425483986244,3.5113288439891366
2015-02-20,3.798299903376819,3.534806689376841
2015-02-23,3.8068715372090853,3.5383926255781626
2015-02-24,3.808942664735879,3.5410005546184213
2015-02-25,3.8047673388117,3.532197679665687
2015-02-26,3.8366445516945364,3.5501303325172566
2015-02-27,3.8259973177776163,3.534480326766188
2015-03-02,3.891049423682591,3.566433873992803
2015-03-03,3.862325300620997,3.549805320745224
2015-03-04,3.839568013058121,3.536109978477661
2015-03-05,3.8595010851631883,3.542305464725586
2015-03-06,3.820229534338087,3.502200146761198
2015-03-09,3.840878214916899,3.5123076616533724
2015-03-10,3.7869424117108945,3.447095386925256
2015-03-11,3.7812935408026496,3.427206989919285
2015-03-12,3.8291066419408706,3.449704126468687
2015-03-13,3.833028960450689,3.434705224932581
2015-03-16,3.9013700592946896,3.4790500148227665
2015-03-17,3.917659467757592,3.484593046017109
2015-03-18,3.9508685022950965,3.518828159673329
2015-03-19,3.9744141486801547,3.524046449263363
2015-03-20,4.017593348372147,3.546856980372663
2015-03-23,3.9848023738810254,3.539994720181782
2015-03-24,3.965184954909419,3.5272498279674283
2015-03-25,3.8498100089137477,3.4465261435306815
2015-03-26,3.8390545292473717,3.434762230322354
2015-03-27,3.877624374117417,3.4484881015427353
2015-03-30,3.9458263331619503,3.4880317408088226
2015-03-31,3.8916146751228933,3.4511014339374753
2015-04-01,3.8491483343799064,3.433127445424125
2015-04-06,3.858133381388819,3.46121536372718
2015-04-07,3.8491753874411647,3.4553371877722596
2015-04-08,3.891787144831789,3.4827706554729487
2015-04-09,3.8988847610985147,3.504651552592668
2015-04-10,3.90762416025462,3.519021387106017
2015-04-13,3.8846804909489427,3.5102041231736374
2015-04-14,3.87141276941311,3.500079577963758
2015-04-15,3.8905517734937454,3.5219612850470936
2015-04-16,3.925826724083274,3.5170626250927457
2015-04-17,3.868685548157308,3.4621951497156234
2015-04-20,3.915652370331889,3.5141238071031586
2015-04-21,3.9452474486707128,3.529147012267386
2015-04-22,3.962359098714002,3.5484152367472115
2015-04-23,3.9575100265570917,3.5618060952357338
2015-04-24,3.963495933646559,3.6101409440555696
2015-04-27,3.9393817203681984,3.6009959148462625
2015-04-28,3.9102804531931645,3.593810997589587
2015-04-29,3.8799700862859883,3.571276459831119
2015-04-30,3.8208225253115287,3.5151033231037303
2015-05-01,3.893430324549432,3.561478599946678
2015-05-04,3.891587140729642,3.567358125840959
2015-05-05,3.84355879030488,3.5092237972094495
2015-05-06,3.836487364306278,3.485055832823787
2015-05-07,3.8614526088802066,3.5059585638822948
2015-05-08,3.9079936778801563,3.549721978048966
2015-05-11,3.902802814226807,3.5360033542835154
2015-05-12,3.8893718287770804,3.520001983058078
2015-05-13,3.8744889806680853,3.5271866303268813
2015-05-14,3.922614650464475,3.5787886023889763
2015-05-15,3.928214119562553,3.5787886023889763
2015-05-18,3.9520568505688582,3.5944646382283367
2015-05-19,3.9421664985147267,3.5905449542988164
2015-05-20,3.9425081245946845,3.5928317515768877
2015-05-21,3.970543451682342,3.6114476853573247
2015-05-22,3.970253925983366,3.6078554967168595
2015-05-26,3.9235817496781915,3.5663772599010257
2015-05-27,3.988118027777224,3.6238579478937867
2015-05-28,3.973665381228176,3.615692434685051
2015-05-29,3.9663737403725605,3.5941376829150267
2015-06-01,3.9782900590196273,3.6062209901381777
2015-06-02,3.9690270138645105,3.594791053565904
2015-06-03,3.9882659604505526,3.6055695094024056
2015-06-04,3.9408285247661805,3.578134691762356
2015-06-05,3.946142836404396,3.569643843167543
2015-06-08,3.89841226378304,3.53339257155873
2015-06-09,3.9036348058291686,3.52751304566445
2015-06-10,3.9542850696328653,3.5758495144115185
2015-06-11,3.948484119307451,3.5810740497276883
2015-06-12,3.9196887057649517,3.551681550025856
2015-06-15,3.907672009536934,3.5340451322459905
2015-06-16,3.928927465221637,3.553314436677305
2015-06-17,3.942188139442913,3.5631117565860007
2015-06-18,4.015362435492962,3.615039873997791
2015-06-19,3.999280594162106,3.597167216829695
2015-06-22,4.025439210059751,3.623681915801071
2015-06-23,4.025149708264387,3.626627483487465
2015-06-24,3.995274919171773,3.6079699715747
2015-06-25,3.989935377028589,3.6007675051063277
2015-06-26,3.9712095410769606,3.5768724984595233
2015-06-29,3.872238268636387,3.4924178621246678
2015-06-30,3.8969815677097306,3.5048572833513334
2015-07-01,3.923160046791153,3.532679263600209
2015-07-02,3.9275354553302444,3.5336625594309923
2015-07-06,3.9177946871325804,3.525478957034815
2015-07-07,3.924165647579033,3.5343175500091037
2015-07-08,3.83610161211951,3.472777054381118
2015-07-09,3.855874212171215,3.470812352634657
2015-07-10,3.9140706558756477,3.5238425605410257
2015-07-13,3.9787827627659658,3.5857102814701953
2015-07-14,3.999194159032108,3.609278872779433
2015-07-15,3.9797902250299724,3.6132074663087383
2015-07-16,4.052682961476384,3.6642724324929024
2015-07-17,4.076393837677012,3.7182848562785664
2015-07-20,4.096824015910204,3.7310506928427993
2015-07-21,4.0872274705156055,3.728757955831538
2015-07-22,4.062907876963107,3.686531042645918
2015-07-23,4.044346882423965,3.672782990202391
2015-07-24,4.01120320427482,3.63677524765436
2015-07-27,3.9608796174598244,3.606659990418478
2015-07-28,4.006883429112076,3.63775692355791
2015-07-29,4.047447684933291,3.6515065959286708
2015-07-30,4.070468234252474,3.668854396673086
2015-07-31,4.069324701585393,3.664599387806214
2015-08-03,4.066663665164074,3.6531429924224588
2015-08-04,4.093217624752853,3.6462685612188874
2015-08-05,4.154122745083425,3.674420736635542
2015-08-06,4.049026845750447,3.6154977734291514
2015-08-07,4.033400822436272,3.6109152692732236
2015-08-10,4.03019367634562,3.652159696591677
2015-08-11,4.006257810102712,3.605350819225874
2015-08-12,4.007637969857193,3.6177894304889233
2015-08-13,4.02204304404051,3.611897215164646
2015-08-14,4.017817419390071,3.617462475175613
2015-08-17,4.05070465812944,3.647577462423622
2015-08-18,4.047271624409707,3.6289188705593673
2015-08-19,4.02114623854009,3.6050233239368183
2015-08-20,3.880349724452055,3.5051845086525186
2015-08-21,3.6855140686710732,3.3519874501970492
2015-08-24,3.5356682582743146,3.223014513604673
2015-08-25,3.540618334998355,3.210903127642807
2015-08-26,3.7029882460463717,3.3726104738198934
2015-08-27,3.7964958305854437,3.458047056046172
2015-08-28,3.800183818439515,3.4573920654680608
2015-08-31,3.735391249864023,3.414509891716458
2015-09-01,3.6179288882548075,3.307796375240714
2015-09-02,3.7109587163152913,3.4010890645741134
2015-09-03,3.674431588331179,3.3843940945048314
2015-09-04,3.6350592016518397,3.344131883065672
2015-09-08,3.7235760164170273,3.438405978314751
2015-09-09,3.69981831739324,3.399779623393635
2015-09-10,3.7369481011175045,3.4367685018694725
2015-09-11,3.7581147602092373,3.4557545890227828
2015-09-14,3.7362303388190385,3.4452804095183223
2015-09-15,3.7777672974815135,3.485871196198026
2015-09-16,3.798035604379533,3.5055109239900863
2015-09-17,3.8199757824761464,3.5068209051463084
2015-09-18,3.766434333612325,3.4569441555879754
2015-09-21,3.772750291277102,3.4677722891929736
2015-09-22,3.721628499722924,3.415925438130735
2015-09-23,3.7299762074914597,3.418551340176369
2015-09-24,3.7311143745929236,3.406081950295882
2015-09-25,3.682184079297005,3.3772056674058173
2015-09-28,3.552164916353398,3.2810616361534426
2015-09-29,3.5414805661966127,3.2639973226749035
2015-09-30,3.622197075947722,3.339141427234755
2015-10-01,3.6505119218587185,3.3542364491730035
2015-10-02,3.6931896816568144,3.4129731207475333
2015-10-05,3.746099217254851,3.4618652245357207
2015-10-06,3.720281484054165,3.445458601514016
2015-10-07,3.711000699552827,3.466130762929611
2015-10-08,3.724231381356182,3.479912833845043
2015-10-09,3.7358060773006136,3.495663926312892
2015-10-12,3.766952545538936,3.5041950031006723
2015-10-13,3.7379443935140624,3.481554360108404
2015-10-14,3.7292084836552357,3.4759756007038245
2015-10-15,3.7545048705476294,3.533071285990737
2015-10-16,3.768164382012459,3.547837732688441
2015-10-19,3.79005601918725,3.568182398814981
2015-10-20,3.7663527184621164,3.549807024228731
2015-10-21,3.7521432296036816,3.528148597115757
2015-10-22,3.814050417815947,3.6000109990882465
2015-10-23,3.879925958592231,3.700750493914417
2015-10-26,3.897779921769261,3.7030475507316347
2015-10-27,3.8891939139038634,3.7105953316886318
2015-10-28,3.896469950886008,3.741440366143242
2015-10-29,3.8821912609549605,3.735532761510245
2015-10-30,3.873101791050694,3.7187991831752285
2015-11-02,3.9016677549902528,3.7607998465238923
2015-11-03,3.9020204691663585,3.773925576921852
2015-11-04,3.909612609426131,3.7742536121866523
2015-11-05,3.920328814037225,3.7640810091355097
2015-11-06,3.914059176761854,3.7667063712054003
2015-11-09,3.85951673157268,3.726673649457665
2015-11-10,3.881665843464391,3.7171579268997395
2015-11-11,3.8873755837752104,3.712563543277432
2015-11-12,3.8486696366787476,3.6764683246587873
2015-11-13,3.777226385314331,3.604277077457881
2015-11-16,3.820787011934804,3.65612392852012
2015-11-17,3.8356069763212006,3.658421255325209
2015-11-18,3.896215860986938,3.7286426710100806
2015-11-19,3.896397167720945,3.7312674931042267
2015-11-20,3.91941830598209,3.7565340381421293
2015-11-23,3.915110487695993,3.745706714500748
2015-11-24,3.8914732885097107,3.742424471937641
2015-11-25,3.896915413879285,3.7457067145007477
2015-11-27,3.9047702700390245,3.750955278737549
2015-11-30,3.88926835469837,3.741440366143241
2015-12-01,3.9373649892225053,3.7788474558332124
2015-12-02,3.92191508397198,3.755549392371983
2015-12-03,3.863932791938297,3.691890841886091
2015-12-04,3.947145560959012,3.778191655291485
2015-12-07,3.915723113414889,3.7611281517765636
2015-12-08,3.9300897010089515,3.761456187041363
2015-12-09,3.862235569260183,3.7043602317665787
2015-12-10,3.869649597663896,3.7210948900530836
2015-12-11,3.8017417798129762,3.6354514971166516
2015-12-14,3.8441556681788107,3.663015638947516
2015-12-15,3.8576733072906144,3.685327706699239
2015-12-16,3.9088473274181537,3.740127145132551
2015-12-17,3.859605766254326,3.6856560119519113
2015-12-18,3.7848820443618587,3.614956447745261
2015-12-21,3.8164449668263636,3.655112283962748
2015-12-22,3.840303470407897,3.679139044691216
2015-12-23,3.862545349456443,3.706457767546193
2015-12-24,3.8576146656306074,3.7057998071014873
2015-12-28,3.8662138003050384,3.7038248458158796
2015-12-29,3.916541663354602,3.7620825589050146
2015-12-30,3.8930338366245527,3.7281804517727664
2015-12-31,3.8398584061437218,3.6817722364094023
2016-01-04,3.7707107945396277,3.6040956456077193
2016-01-05,3.7734509314103044,3.5978411065588647
2016-01-06,3.7554955595385326,3.5632818489455267
2016-01-07,3.649221057847882,3.451702611035851
2016-01-08,3.6036351886995273,3.4233973524956234
2016-01-11,3.6121123100669994,3.4339290394168756
2016-01-12,3.6487482929311805,3.473755490430201
2016-01-13,3.5197789659635172,3.3539475621496795
2016-01-14,3.5715645703902346,3.425371503817613
2016-01-15,3.457471612626436,3.3190578393806907
2016-01-19,3.4736433867189107,3.326299994066286
2016-01-20,3.4588210935273738,3.3160966123977054
2016-01-21,3.4736973350489566,3.319388574524214
2016-01-22,3.5369223330313213,3.415496427401705
2016-01-25,3.4989826346634745,3.3648094442387095
2016-01-26,3.5198167588824263,3.3950902040402893
2016-01-27,3.4663583387109975,3.310500843757173
2016-01-28,3.5043440955922276,3.357238984300443
2016-01-29,3.5952042125305383,3.4273453851517313
2016-02-01,3.602618224840137,3.4365625011229324
2016-02-02,3.5694185013161794,3.3621754425569077
2016-02-03,3.529677919476413,3.3460479869951225
2016-02-04,3.5156545704016287,3.3457194117545783
2016-02-05,3.3959748678789174,3.2295331007925987
2016-02-08,3.341398316664176,3.180161228555399
2016-02-09,3.3300380701202217,3.170287772066725
2016-02-10,3.329691180813764,3.1824647650815505
2016-02-11,3.309324026209431,3.1778574220413747
2016-02-12,3.3637289859989896,3.2262416786418346
2016-02-16,3.422980799190711,3.29898154119918
2016-02-17,3.4983058951109416,3.3736958250663878
2016-02-18,3.4839776507393867,3.3351869148697078
2016-02-19,3.512442353226695,3.345061451309871
2016-02-22,3.558973115840776,3.3993695118156633
2016-02-23,3.5153998660307453,3.3434158752284246
2016-02-24,3.543439296037529,3.37534221111145
2016-02-25,3.572030335257028,3.4085852778475036
2016-02-26,3.5499783826012776,3.4043065100478724
2016-02-29,3.5233605794158165,3.3736958250663873
2016-03-01,3.6173837020399104,3.481982020898066
2016-03-02,3.6040636416607756,3.4833006416662005
2016-03-03,3.590999827546266,3.476716987401056
2016-03-04,3.591749191052683,3.4780334482662125
2016-03-07,3.573536054294353,3.4566398792559294
2016-03-08,3.544475995494324,3.428004425547924
2016-03-09,3.5719996949032375,3.4500575749301468
2016-03-10,3.582400585061121,3.4447914614816484
2016-03-11,3.6432582633207597,3.5050235958806444
2016-03-14,3.6440341004129646,3.5109476697738495
2016-03-15,3.6351437188906033,3.5096312089086927
2016-03-16,3.669932957973369,3.540899584347012
2016-03-17,3.6816020255891857,3.5389243530735324
2016-03-18,3.6990236213456,3.5444715238970574
2016-03-21,3.7163449230258827,3.5583362111014023
2016-03-22,3.717722822084432,3.569230221747232
2016-03-23,3.6943674303499754,3.5398504114753964
2016-03-24,3.6814822630259756,3.5408404570029863
2016-03-28,3.6806337973065877,3.5358883394499303
2016-03-29,3.740269354171342,3.5926673289626776
2016-03-30,3.76197395437433,3.6101641630125827
2016-03-31,3.7515687125475825,3.604882390267493
2016-04-01,3.783541115273406,3.643175310166362
2016-04-05,3.749194416491199,3.6080487775902093
2016-04-06,3.793945185704556,3.6673654033822443
2016-04-07,3.7393654110072063,3.6146773661430682
2016-04-08,3.7419015781013485,3.6120254428872935
2016-04-11,3.731755670235897,3.598770162916249
2016-04-12,3.7469463628234148,3.6289262026450952
2016-04-13,3.803045916018361,3.6753190049956537
2016-04-14,3.799060948121123,3.6756507325444594
2016-04-15,3.806249448858933,3.6663713048127824
2016-04-18,3.8295049983202003,3.6859234457878802
2016-04-19,3.764962236516381,3.6633895511428762
2016-04-20,3.759135695831385,3.666371304812782
2016-04-21,3.7377037233145867,3.6667038454193057
2016-04-22,3.7105120096624207,3.611364155943594
2016-04-25,3.7077505233084067,3.611364155943594
2016-04-26,3.7281652189407293,3.593799399049702
2016-04-27,3.7499606617249417,3.5649697274776013
2016-04-28,3.7023048179146527,3.5218901353265166
2016-04-29,3.666773500062146,3.503333990055554
2016-05-02,3.701990025219492,3.5364715124350674
2016-05-03,3.656815002842271,3.503665446585121
2016-05-04,3.6215360504624403,3.48113046786316
2016-05-05,3.6165971651529842,3.4801369113321767
2016-05-06,3.637662021382905,3.498694411699335
2016-05-09,3.6469928013003,3.50863512637471
2016-05-10,3.6920525849057233,3.556685482392342
2016-05-11,3.656368927007153,3.5245409745053333
2016-05-12,3.6589874535844693,3.5089676669812344
2016-05-13,3.6507960755208066,3.4960435725205175
2016-05-16,3.6827434928476874,3.5397860777307355
2016-05-17,3.640055026904656,3.4953814725191013
2016-05-18,3.6597705491396417,3.5079730263732936
2016-05-19,3.647735530774108,3.4897467115164638
2016-05-20,3.689541184824559,3.5281867253113295
2016-05-23,3.680747481656966,3.5235485020513067
2016-05-24,3.7544839492832223,3.5941308555792673
2016-05-25,3.7673551938533487,3.619979044500701
2016-05-26,3.7895152707011612,3.6305834852929286
2016-05-27,3.817979964040775,3.6494710870934584
2016-05-31,3.8197092703985187,3.656429777079688
2016-06-01,3.8330743684479516,3.6567625887054507
2016-06-02,3.8488619563287214,3.6643836497123354
2016-06-03,3.8376351177616583,3.647151433424967
2016-06-06,3.836605898365124,3.6604067133960116
2016-06-07,3.8443048468517746,3.651127827702813
2016-06-08,3.852563231296496,3.6574246887068664
2016-06-09,3.849622166870349,3.651459555251619
2016-06-10,3.798981333585152,3.610038058806087
2016-06-13,3.781622874608649,3.579881477038762
2016-06-14,3.7902024493313533,3.579881477038762
2016-06-15,3.788420541519768,3.5696101188915375
2016-06-16,3.808813565611312,3.5802140176452855
2016-06-17,3.7867888114790187,3.5382488566058763
2016-06-20,3.8252619343929632,3.560509834876984
2016-06-21,3.8313778129145746,3.5718064588061806
2016-06-22,3.8179608283381024,3.5631688046329786
2016-06-23,3.8826011242286045,3.614004154352842
2016-06-24,3.717558289415539,3.4651511735187075
2016-06-27,3.663129891858248,3.396372724046999
2016-06-28,3.727926553507025,3.4707992144640665
2016-06-29,3.798270594898186,3.532266648938558
2016-06-30,3.853253628062074,3.5731358081745586
2016-07-01,3.8523652644088298,3.591078094868686
2016-07-05,3.8403686174722345,3.5691493861848618
2016-07-06,3.8641881013174633,3.5983880257889456
2016-07-07,3.877058121978737,3.6090203815628126
2016-07-08,3.9346963458034736,3.6648403171304222
2016-07-11,3.960347716318116,3.685771946033153
2016-07-12,3.9695273426361206,3.7043793139403287
2016-07-13,3.973506405807064,3.695409119160602
2016-07-14,3.99119224009351,3.7206599816787933
2016-07-15,3.9756614022974857,3.7146794001269106
2016-07-18,3.988220859686708,3.739267078566729
2016-07-19,3.98282974792929,3.725644567526541
2016-07-20,4.024293355744619,3.76917134142234
2016-07-21,3.998056211117153,3.7605317901144626
2016-07-22,4.026722119848387,3.7761473766398796
2016-07-25,4.036349814205001,3.7764804592848815
2016-07-26,4.07601453729741,3.780799150861862
2016-07-27,4.061015129527933,3.8070479062188647
2016-07-28,4.062029739373647,3.8203386897102467
2016-07-29,4.060719419454755,3.8286451583731216
2016-08-01,4.067144229895812,3.8489125191205233
2016-08-02,4.021292712351739,3.819674421554917
2016-08-03,4.035042786942719,3.832298768737056
2016-08-04,4.053347321289522,3.8432642071559253
2016-08-05,4.104621823322945,3.880144505229076
2016-08-08,4.087829587649794,3.875825542632855
2016-08-09,4.114366113246961,3.8847965504702993
2016-08-10,4.0904631177820745,3.8748298179479583
2016-08-11,4.11010932985798,3.8914432973121857
2016-08-12,4.125359129029631,3.8941009119719845
2016-08-15,4.1617873118168935,3.910713036240016
2016-08-16,4.134271172487168,3.8891174102011945
2016-08-17,4.137201081374237,3.896093445418735
2016-08-18,4.151904103955709,3.8970902541805876
2016-08-19,4.178277521256714,3.8960934454187344
2016-08-22,4.1756962186316615,3.8990836006850564
2016-08-23,4.191944558805435,3.906062617114228
2016-08-24,4.156630739218227,3.880809586442123
2016-08-25,4.146690638679374,3.8744967353029556
2016-08-26,4.156476591189454,3.880144505229075
2016-08-29,4.169033699037177,3.885461631683346
2016-08-30,4.152187461541462,3.8728345743088144
2016-08-31,4.152824252263183,3.868848152319117
2016-09-01,4.183707780260846,3.8788162399376542
2016-09-02,4.193813508640001,3.891443297312185
2016-09-06,4.210478868439814,3.9156976220877624
2016-09-07,4.202869508432974,3.918023238179515
2016-09-08,4.196481539869592,3.89509690767612
2016-09-09,4.069792725917234,3.7970806316580448
2016-09-12,4.157940664911046,3.865193457878227
2016-09-13,4.098494485792071,3.8306376918198715
2016-09-14,4.105916629119283,3.848912519120523
2016-09-15,4.1682652323840825,3.9087188766778307
2016-09-16,4.178240948851015,3.906854535331231
2016-09-19,4.175526622737716,3.889866236359161
2016-09-20,4.172296714607463,3.8971943255684485
2016-09-21,4.23881342253669,3.935500997897619
2016-09-22,4.258218843230652,3.966811037547067
2016-09-23,4.235458999994021,3.9414967565268983
2016-09-26,4.211950432307071,3.9085194065177644
2016-09-27,4.2715062471735274,3.947159432511175
2016-09-28,4.263046353326138,3.953820543372741
2016-09-29,4.25379739533603,3.9251746228448323
2016-09-30,4.299389277846149,3.9544864376435065
2016-10-03,4.289574524295128,3.9488251167554256
2016-10-04,4.2802960355599255,3.942828545068428
2016-10-05,4.29558359241013,3.956819100235479
2016-10-06,4.299549267169457,3.954819791307748
2016-10-07,4.291957451496032,3.946160455595408
2016-10-10,4.30210914620287,3.971142467028292
2016-10-11,4.176001072008397,3.914515978204761
2016-10-12,4.1723899173083145,3.9111846097162606
2016-10-13,4.161479747414447,3.8971943255684485
2016-10-14,4.1688013564325,3.901858566675437
2016-10-17,4.150819218504362,3.8911991089776485
2016-10-18,4.190202362076459,3.9258413301733155
2016-10-19,4.184122957480666,3.925507705489834
2016-10-20,4.177496650170293,3.920844006421325
2016-10-21,4.171849481405505,3.9355009978976185
2016-10-24,4.235893763269861,3.9828000885841304
2016-10-25,4.21673990434608,3.9701426770548065
2016-10-26,4.2264625813955305,3.943161898732669
2016-10-27,4.220603099270852,3.9251746228448314
2016-10-28,4.197900721235496,3.9005248809992317
2016-10-31,4.20355158055434,3.8968623270004037
2016-11-01,4.158951193997783,3.8675491571055334
2016-11-02,4.127057725372464,3.8365716580626086
2016-11-03,4.1039102099436535,3.7989322351004007
2016-11-04,4.080726002297017,3.7856078452233546
2016-11-07,4.203315171077878,3.8755431405855867
2016-11-08,4.224008295098515,3.9008595897596687
2016-11-09,4.2527609542438505,3.9188463236090283
2016-11-10,4.20270135466944,3.8555576398469746
2016-11-11,4.2755750594774105,3.8572249502066605
2016-11-14,4.263910664342174,3.8182523836067257
2016-11-15,4.307355559651221,3.871214421296754
2016-11-16,4.316668690206459,3.8941965817634285
2016-11-17,4.3835425808311275,3.922509419646335
2016-11-18,4.386235814886965,3.907853783266237
2016-11-21,4.428546728064044,3.948490679014226
2016-11-22,4.459390812816438,3.960482467292023
2016-11-23,4.4512869620853746,3.9444950423703946
2016-11-25,4.4659856411441545,3.9571513698227623
2016-11-28,4.449383620802502,3.9481581384077016
2016-11-29,4.464963412091205,3.9618158819489886
2016-11-30,4.436745227498126,3.9138498129147554
2016-12-01,4.310259061818737,3.8462318678253906
2016-12-02,4.351115725045011,3.8538924976412026
2016-12-05,4.3837826350346365,3.883871832826077
2016-12-06,4.427371284995711,3.8931973338284216
2016-12-07,4.529430116569619,3.9424960044619035
2016-12-08,4.533825552700633,3.949490468987711
2016-12-09,4.51406981878872,3.9804679680306356
2016-12-12,4.471053844847422,3.9624823182582336
2016-12-13,4.5180228600699355,4.0124452570470455
2016-12-14,4.5034482153493975,4.00411791990275
2016-12-15,4.533758173126299,4.010445677100076
2016-12-16,4.493187794620943,3.9955800008095816
2016-12-19,4.508709789251951,4.011951459993186
2016-12-20,4.531750699239008,4.02731770881852
2016-12-21,4.530859501937831,4.024311292397845
2016-12-22,4.545026379934962,4.012953418120584
2016-12-23,4.558697168397936,4.015624312723104
2016-12-27,4.593214513808843,4.036338042157501
2016-12-28,4.534424802786995,4.0049345008705215
2016-12-29,4.522431244684517,3.9992550216934135
2016-12-30,4.469464791184658,3.9581628136235327
2017-01-03,4.5012175159656165,3.9935750004778257
2017-01-04,4.52442890067442,4.015291772116579
2017-01-05,4.5245005782781345,4.0380088757672965
2017-01-06,4.55266866959005,4.073420791602349
2017-01-09,4.588075978070191,4.086783124172886
2017-01-10,4.608295816444235,4.0958034575118685
2017-01-11,4.611998602856139,4.106828791182604
2017-01-12,4.593397212679323,4.1004798944846215
2017-01-13,4.623120874238896,4.114513270691468
2017-01-17,4.589716090318092,4.102150999113656
2017-01-18,4.629993985476967,4.11050272798948
2017-01-19,4.680934707020031,4.108499082753921
2017-01-20,4.724172757798709,4.117518603035186
2017-01-23,4.730562217894456,4.120860270254777
2017-01-24,4.797377798660956,4.148588248619445
2017-01-25,4.865266714040666,4.1903482480947645
2017-01-26,4.8816512958763685,4.194691060384036
2017-01-27,4.907340560192342,4.202709977634099
2017-01-30,4.8765593300638885,4.169969498440044
2017-01-31,4.858284436818953,4.161617498544979
2017-02-01,4.880594927551533,4.190348248094765
2017-02-02,4.873286954029085,4.1866732272109335
2017-02-03,4.902130681356051,4.19869997697059
2017-02-06,4.9035707126043935,4.20371139372302
2017-02-07,4.931568409111141,4.219078726625311
2017-02-08,4.9315813805993685,4.226094872690256
2017-02-09,4.940506206304689,4.241462205592548
2017-02-10,4.932742848695042,4.255493142626242
2017-02-13,4.952070654997659,4.279546913164795
2017-02-14,4.9357994951756154,4.293912287939687
2017-02-15,4.957089135916925,4.319302996385316
2017-02-16,4.962744047364572,4.317966600516719
2017-02-17,4.988160015715516,4.3366745165616445
2017-02-21,5.01991166609465,4.358054682305286
2017-02-22,5.030365913172307,4.359727684068996
2017-02-23,4.972247032272045,4.343355953866152
2017-02-24,4.995545185601973,4.351707953761217
2017-02-27,5.016238381487422,4.357053808254845
2017-02-28,4.9958613201672835,4.3436895785496334
2017-03-01,5.0653885834491374,4.391129328221301
2017-03-02,5.01464750586857,4.369079473937545
2017-03-03,5.036315606291744,4.377098120168368
2017-03-06,5.024769136385747,4.367410266443185
2017-03-07,5.00068307797912,4.360059411617802
2017-03-08,5.004805142175546,4.367745246222862
2017-03-09,4.989799770452233,4.371085829365496
2017-03-10,5.04113344610173,4.389458765630745
2017-03-13,5.0690444989389425,4.396809349436888
2017-03-14,5.046716042432823,4.386117640449632
2017-03-15,5.094137596043734,4.413178640466578
2017-03-16,5.0925784035350565,4.410171953026664
2017-03-17,5.09824905094903,4.408631479670934
2017-03-20,5.10449899929233,4.412648255815423
2017-03-21,4.989491203829289,4.345694849900627
2017-03-22,5.045424608852188,4.375155183242395
2017-03-23,5.040767612835407,4.364107354974802
2017-03-24,5.075276796931073,4.37314665966053
2017-03-27,5.079883918776494,4.380176898725915
2017-03-28,5.111845953656898,4.40695658077255
2017-03-29,5.1202869540572875,4.427377338409349
2017-03-30,5.142230280493087,4.434744996427564
2017-03-31,5.122861373635555,4.43173126248743
2017-04-04,5.133759101136384,4.438763581064266
2017-04-05,5.0996769484614894,4.420674858789444
2017-04-06,5.11859578310813,4.42302032089692
2017-04-07,5.1305312634484865,4.420674858789445
2017-04-10,5.124505971138859,4.422351041155765
2017-04-11,5.1083797886860225,4.403257585720093
2017-04-12,5.0551634756900965,4.385502960949769
2017-04-13,5.041278526693803,4.368084331965222
2017-04-17,5.068382205006806,4.404261505331825
2017-04-18,5.059350721050552,4.397562470710371
2017-04-19,5.1002375589549604,4.404596416385443
2017-04-20,5.160108702464251,4.44144368304232
2017-04-21,5.1560251595847895,4.44043867869843
2017-04-24,5.215256446752784,4.4940352945987
2017-04-25,5.260451988722664,4.526529259924637
2017-04-26,5.222467777923248,4.520162966892483
2017-04-27,5.259392338651518,4.5472961858962355
2017-04-28,5.243327147349191,4.5553359494643155
2017-05-01,5.292070040346331,4.595868593626174
2017-05-02,5.2850033854714695,4.60357236140848
2017-05-03,5.26811483144644,4.588835732683259
2017-05-04,5.265343563434621,4.590507847303989
2017-05-05,5.294294019299474,4.607257738913461
2017-05-08,5.2937926161629925,4.6173061552541235
2017-05-09,5.343816571797581,4.63338676712244
2017-05-10,5.379320646379165,4.636066597917454
2017-05-11,5.367944590283459,4.63238176277855
2017-05-12,5.385294259804205,4.6427653613558695
2017-05-15,5.416875621368052,4.657504159545404
2017-05-16,5.446189324101128,4.676932254851653
2017-05-17,5.263913661416937,4.558016322625406
2017-05-18,5.328202288884774,4.597878602313952
2017-05-19,5.385414264478158,4.617306155254123
2017-05-22,5.439139868247136,4.656165057697015
2017-05-23,5.431246571544314,4.66085381244765
2017-05-24,5.465539926006545,4.682290831709521
2017-05-25,5.51995498782955,4.7221536537641455
2017-05-26,5.532181528774684,4.730528328385843
2017-05-30,5.549381680058932,4.734546718663166
2017-05-31,5.554509528902867,4.7328729769442
2017-06-01,5.592395369701543,4.751296610272638
2017-06-02,5.657140482943407,4.8055641330122985
2017-06-05,5.655839026912573,4.804558043936251
2017-06-06,5.655926029179511,4.785465130866658
2017-06-07,5.699505655134291,4.8042228616995954
2017-06-08,5.7384019888190565,4.809247341052966
2017-06-09,5.524584187702265,4.688989595147937
2017-06-12,5.484898301174949,4.663868825479319
2017-06-13,5.538539275165125,4.701719469381849
2017-06-14,5.494395420918314,4.681284742633474
2017-06-15,5.4563767338071,4.660519172577072
2017-06-16,5.449821986028356,4.640298680429795
2017-06-19,5.568003796046942,4.717888486920999
2017-06-20,5.530171781432648,4.680942509637793
2017-06-21,5.619150250264333,4.727293114726208
2017-06-22,5.635323845989655,4.725950216315268
2017-06-23,5.664142482442284,4.7440874803541355
2017-06-26,5.615658130713959,4.721918266885976
2017-06-27,5.486950788984722,4.636265646268345
2017-06-28,5.578723994828084,4.703109553641638
2017-06-29,5.4489410353654835,4.62148834008722
2017-06-30,5.4267758703009354,4.623167505466974
2017-07-03,5.3653450512171,4.574463573962943
2017-07-05,5.431591554174565,4.619471823006496
2017-07-06,5.3931992912082265,4.577824074186765
2017-07-07,5.45677740056681,4.627198912530187
2017-07-10,5.50471694168038,4.657429313026537
2017-07-11,5.540730046726191,4.670528538560066
2017-07-12,5.621082496695297,4.725950216315268
2017-07-13,5.60472594369374,4.736360933196524
2017-07-14,5.653271975836131,4.773644804546779
2017-07-17,5.633642038259946,4.775998130962397
2017-07-18,5.687918447194396,4.8079066121063425
2017-07-19,5.766314588804757,4.836121580254124
2017-07-20,5.783300726954372,4.842503059536482
2017-07-21,5.778722420712663,4.840486542455758
2017-07-24,5.801554543621708,4.862656840656075
2017-07-25,5.7780653580992105,4.85022743722978
2017-07-26,5.827036166083982,4.866014629049503
2017-07-27,5.767490444741102,4.835450131048655
2017-07-28,5.765203573995564,4.831418181619364
2017-07-31,5.715024989331201,4.810929218263116
2017-08-01,5.70849626154425,4.822014638546314
2017-08-02,5.668450612015733,4.835112236981606
2017-08-03,5.665172607217594,4.816304066103347
2017-08-04,5.665877424706699,4.825035617604849
2017-08-07,5.706751143045889,4.85560336980217
2017-08-08,5.673210358792299,4.84720428870693
2017-08-09,5.660934345820723,4.84082389415673
2017-08-10,5.505270937393816,4.737034009500232
2017-08-11,5.548440380240847,4.772974982439548
2017-08-14,5.6203986886801,4.834442414874372
2017-08-15,5.636331506471522,4.837800203267801
2017-08-16,5.660117815641501,4.846196030166569
2017-08-17,5.527158031712869,4.747109001778753
2017-08-18,5.5406533212075,4.743750671019246
2017-08-21,5.541401330850269,4.737706001071781
2017-08-22,5.637412211546425,4.809923129187069
2017-08-23,5.625303630184181,4.79279141185817
2017-08-24,5.61970222141486,4.778682843052121
2017-08-25,5.601783400382471,4.7686078507736
2017-08-28,5.606522417807769,4.783386784052961
2017-08-29,5.617648170042686,4.80219495493122
2017-08-30,5.69713921840854,4.858626518325021
2017-08-31,5.759592602795574,4.910687153490323
2017-09-01,5.774666223123384,4.903971034337388
2017-09-05,5.72476427314628,4.859972128566355
2017-09-06,5.732914874952869,4.8747499771135585
2017-09-07,5.763342429110644,4.886167867803018
2017-09-08,5.722231622024824,4.843844873215266
2017-09-11,5.801525062244388,4.89960390267144
2017-09-12,5.831129894744457,4.911359687427951
2017-09-13,5.830894976938351,4.918076891313043
2017-09-14,5.816348787701239,4.889190473959791
2017-09-15,5.811653458651721,4.905987009052034
2017-09-18,5.845929817160539,4.8995578015547485
2017-09-19,5.848353723692285,4.90797315363235
2017-09-20,5.82345477118139,4.892823784321215
2017-09-21,5.781420553838812,4.8628629397659955
2017-09-22,5.792474594392224,4.858154117470447
2017-09-25,5.691783987970568,4.80698513213858
2017-09-26,5.687540361879957,4.819440026770575
2017-09-27,5.745304269652829,4.862862939765995
2017-09-28,5.7376866471477115,4.861181062555848
2017-09-29,5.797528751737402,4.896190250571903
2017-10-02,5.819855917095299,4.9005655177290315
2017-10-03,5.827835684003926,4.911001183449909
2017-10-04,5.830681197369517,4.91571325994193
2017-10-05,5.877557271259172,4.963853673090159
2017-10-06,5.899560456327784,4.970584436127219
2017-10-09,5.898376691973531,4.96486193163052
2017-10-10,5.9232391894131196,4.968564122483943
2017-10-11,5.922808133967203,4.983375597728028
2017-10-12,5.902930581305017,4.97428716934672
2017-10-13,5.918837458699671,4.993472827015776
2017-10-16,5.929845281403331,5.010642509970188
2017-10-17,5.923858377362524,5.0170386331366705
2017-10-18,5.926357697022292,5.010978776939001
2017-10-19,5.9150443774007115,4.992462941377178
2017-10-20,5.957822506214849,5.00592880637993
2017-10-23,5.926597506758272,4.973277283708122
2017-10-24,5.933276943826129,4.98169426288396
2017-10-25,5.894514826934543,4.962842702719402
2017-10-26,5.913930542912684,4.947020799470639
2017-10-27,5.977314607573094,5.091095466991016
2017-10-30,5.958244479323115,5.102539391252256
2017-10-31,5.994920059770569,5.121728845483863
2017-11-01,5.985748265957255,5.12004534117548
2017-11-02,5.993112404489106,5.110282751758309
2017-11-03,6.029653479912148,5.159428711616506
2017-11-06,6.040465933762379,5.1769341191736515
2017-11-07,6.036844795414866,5.179962691357289
2017-11-08,6.049002571412395,5.200835107531202
2017-11-09,5.991578589554159,5.173567652922964
2017-11-10,6.012899521666413,5.173231928320229
2017-11-13,6.027190135122894,5.1796269667545545
2017-11-14,6.018581399146382,5.160775948956076
2017-11-15,5.979770348764613,5.136538693629712
2017-11-16,6.061531804628089,5.202180175406456
2017-11-17,6.040775886301959,5.182318187237221
2017-11-20,6.0570265726402885,5.178280814147142
2017-11-21,6.108347484901066,5.234496515841607
2017-11-22,6.10382493240488,5.240892096642011
2017-11-24,6.118906556635196,5.260078839043225
2017-11-27,6.117959622708936,5.25772442789545
2017-11-28,6.167475975645627,5.2711875810678075
2017-11-29,6.0486947647892295,5.1792901574196595
2017-11-30,6.094124364748751,5.222715239879395
2017-12-01,6.047590802270317,5.200498298196306
2017-12-04,5.933342686275966,5.140578778550182
2017-12-05,5.931955239531115,5.143944702434791
2017-12-06,5.966252900958369,5.167171529756477
2017-12-07,6.014584137503961,5.184678022045779
2017-12-08,6.0301710979796255,5.207565870568259
2017-12-11,6.031266017602678,5.247961296112198
2017-12-12,5.995879739242264,5.240892096642009
2017-12-13,6.015612831942468,5.250989868295836
2017-12-14,5.989207868763193,5.247289846906728
2017-12-15,6.067240845219838,5.30686821828933
2017-12-18,6.134841964069383,5.351365016120639
2017-12-19,6.116919647609973,5.319653956229352
2017-12-20,6.1363796535494215,5.313921146777158
2017-12-21,6.097769755054986,5.314595307813021
2017-12-22,6.095970667614293,5.308524061927698
2017-12-26,6.0765680268663065,5.27984970971123
2017-12-27,6.091500585274685,5.2805233283810145
2017-12-28,6.085936779800573,5.286934095431624
2017-12-29,6.052007733027479,5.254213692267817
2018-01-02,6.131101965536169,5.3463047406060715
2018-01-03,6.208769594121206,5.398252563626998
2018-01-04,6.235305476248516,5.407697868888111
2018-01-05,6.280741287234334,5.462007153815835
2018-01-08,6.306386232899904,5.48325922624486
2018-01-09,6.31853401566779,5.48359712031191
2018-01-10,6.299307620704985,5.470778298041085
2018-01-11,6.344297012507705,5.508220540286331
2018-01-12,6.406484005296463,5.548700032572475
2018-01-16,6.390984616126799,5.532846129725067
2018-01-17,6.489736425570503,5.592553584234408
2018-01-18,6.489549176787495,5.5935661817034
2018-01-19,6.535201873651795,5.611107385421741
2018-01-22,6.5994566097444745,5.671150564533816
2018-01-23,6.665338105136563,5.718038112040175
2018-01-24,6.6340552882169765,5.680934306228059
2018-01-25,6.631392574511543,5.678910738388311
2018-01-26,6.701613271340885,5.765939341747683
2018-01-29,6.641579543084027,5.737941320031394
2018-01-30,6.569397004879285,5.690716420824064
2018-01-31,6.589682931209109,5.714328870427728
2018-02-01,6.509566161649013,5.665752394952199
2018-02-02,6.342195187479192,5.552746083519812
2018-02-05,6.1051447591794155,5.3338227276701415
2018-02-06,6.229912802981192,5.475164954885868
2018-02-07,6.202344792564659,5.404325978976637
2018-02-08,5.946554661933144,5.176290330638194
2018-02-09,6.05582739112463,5.265684192466916
2018-02-12,6.135983659400746,5.359122478144741
2018-02-13,6.165745220906726,5.386784232892217
2018-02-14,6.299708580436652,5.487646425455721
2018-02-15,6.390785032724611,5.589518503657824
2018-02-16,6.373698570610878,5.564555562518117
2018-02-20,6.391631269601803,5.575686541551929
2018-02-21,6.360036292864407,5.559832638704521
2018-02-22,6.357836224096875,5.5591573929365
2018-02-23,6.488559612842422,5.672838407770828
2018-02-26,6.579210189183618,5.7480613286944475
2018-02-27,6.495877687746511,5.676885543450324
2018-02-28,6.480138280562818,5.640454271575835
2018-03-01,6.381245574015814,5.54836322323758
2018-03-02,6.44207139524487,5.599300618253828
2018-03-05,6.494428729676991,5.661367365205652
2018-03-06,6.577258763136262,5.685317708876367
2018-03-07,6.553684319980369,5.698472798116004
2018-03-08,6.56962637093889,5.72984650630632
2018-03-09,6.73269532178136,5.841164432135614
2018-03-12,6.755577626860488,5.872198619160645
2018-03-13,6.694342972146991,5.792250604959114
2018-03-14,6.703922162990534,5.79123909222228
2018-03-15,6.68659290627595,5.786178274341634
2018-03-16,6.688209784748032,5.768974964690343
2018-03-19,6.580040363907835,5.645889322050806
2018-03-20,6.638104686916081,5.664471326274233
2018-03-21,6.630347198715321,5.63980614411175
2018-03-22,6.445000481388217,5.500601381612306
2018-03-23,6.254422068903126,5.355651877606935
2018-03-26,6.473899748088156,5.554660635777735
2018-03-27,6.271367090183883,5.3749129241609355
2018-03-28,6.185829849819525,5.313081564087282
2018-03-29,6.3188199312991165,5.410387462272543
2018-04-03,6.3793430341702155,5.471271153078107
2018-04-04,6.466712096257565,5.557554462822341
2018-04-05,6.479231597687427,5.589212954440116
2018-04-06,6.313880940909252,5.449353649884437
2018-04-09,6.347633170922322,5.487622855868461
2018-04-10,6.499321829363141,5.608697723682668
2018-04-11,6.441725349150595,5.576341133479287
2018-04-12,6.533198707980528,5.643488723273772
2018-04-13,6.485536756338156,5.614263524085984
2018-04-16,6.54264034862506,5.657056967383601
2018-04-17,6.681408146975889,5.778826582910202
2018-04-18,6.723687965320372,5.7906562823024395
2018-04-19,6.62595048114761,5.737425427431718
2018-04-20,6.565051867220641,5.646620114289366
2018-04-23,6.547334972324216,5.632356005509406
2018-04-24,6.427717118480745,5.513020799370528
2018-04-25,6.410094438596878,5.519631513736777
2018-04-26,6.5361280749572375,5.635833653423457
2018-04-27,6.5493985162456045,5.639311859816378
2018-04-30,6.481637534954564,5.59930466759363
2018-05-01,6.509661982484739,5.663319749414786
2018-05-02,6.446332615855813,5.629918803727339
2018-05-03,6.467265829089634,5.629224614493813
2018-05-04,6.5644267770142415,5.736033698091454
2018-05-07,6.607379706950615,5.783696518643387
2018-05-08,6.6014516405309775,5.777781668947268
2018-05-09,6.676507500205008,5.840755746157569
2018-05-10,6.718497868156468,5.901292063106935
2018-05-11,6.700111938249846,5.895725704224752
2018-05-14,6.6848554126374795,5.905814066505054
2018-05-15,6.643300049959569,5.84040557990703
2018-05-16,6.695882196236931,5.879025510620463
2018-05-17,6.66990624516089,5.856409908841187
2018-05-18,6.637818359882799,5.8261437050425435
2018-05-21,6.676515846564361,5.858846552144384
2018-05-22,6.649582627453596,5.851191482294069
2018-05-23,6.706273036627161,5.9005956399579365
2018-05-24,6.729795665045863,5.898855419803739
2018-05-25,6.723728202269633,5.904770269499857
2018-05-29,6.690433650586982,5.87867646132766
2018-05-30,6.7558536406537,5.920774598434014
2018-05-31,6.717237800391693,5.916947901227159
2018-06-01,6.825431671531988,6.009840808379907
2018-06-04,6.860256087264174,6.064115460255826
2018-06-05,6.898656995358367,6.082902130912773
2018-06-06,6.935465794491762,6.118389553652878
2018-06-07,6.843670224648799,6.068637463653945
2018-06-08,6.867849062179354,6.0689870714256156
2018-06-11,6.8830126297047425,6.085337098779365
2018-06-12,6.917712039649362,6.117344639689942
2018-06-13,6.925624642519028,6.117000058228087
2018-06-14,6.979405037568495,6.178925870602243
2018-06-15,6.962552231664399,6.157354624307033
2018-06-18,6.962068769951009,6.153797113914788
2018-06-19,6.913157924227937,6.136366429950521
2018-06-20,6.9389333546355125,6.179948445410439
2018-06-21,6.873465026406503,6.126256845473217
2018-06-22,6.8269285880882284,6.112658443504491
2018-06-25,6.649733845650642,5.9749369960573695
2018-06-26,6.687784190205228,5.999343639567875
2018-06-27,6.57964138243206,5.9177593710230685
2018-06-28,6.6537540360442105,5.9686608105333425
2018-06-29,6.657587223036603,5.984700323636215
2018-07-02,6.7137933695295455,6.024795755520184
2018-07-03,6.650487100159445,5.955063525522354
2018-07-05,6.718620294301989,6.028980437681738
2018-07-06,6.797506007050273,6.122768586460665
2018-07-09,6.854591389179574,6.177856383569098
2018-07-10,6.873812199135122,6.182390115023454
2018-07-11,6.848252310780332,6.151009187403315
2018-07-12,6.979214971721416,6.257001216416364
2018-07-13,6.96792879439517,6.262231929498588
2018-07-16,6.923185301582805,6.247239005795256
2018-07-17,6.958992353818192,6.285241817359014
2018-07-18,6.967355649884241,6.273388661854302
2018-07-19,6.945213580751498,6.242008292713032
2018-07-20,6.937020351430127,6.240616563372769
2018-07-23,6.951748982527864,6.260487241513444
2018-07-24,6.8962513997366,6.286288406758555
2018-07-25,7.00170881769649,6.374150536263994
2018-07-26,6.887925212570179,6.277571668579251
2018-07-27,6.728205339787799,6.192849865751299
2018-07-30,6.583687660457541,6.105336785538662
2018-07-31,6.637195349575214,6.152055218323987
2018-08-01,6.64081086862521,6.1754169478715575
2018-08-02,6.738259276867442,6.259441769071641
2018-08-03,6.725362546806038,6.278617699499922
2018-08-06,6.7520224926145325,6.315576155579614
2018-08-07,6.797986042970543,6.338587160397777
2018-08-08,6.7785968880772804,6.34625786765641
2018-08-09,6.773014175844984,6.342421676308791
2018-08-10,6.724160975923769,6.29395855553832
2018-08-13,6.7014563531019995,6.286985388386424
2018-08-14,6.757253604001497,6.32638551407913
2018-08-15,6.6633068193393274,6.248983135301534
2018-08-16,6.684959218108693,6.269552470506683
2018-08-17,6.701194492172854,6.270946992241289
2018-08-20,6.706597095065543,6.265369463781735
2018-08-21,6.746417946732968,6.28837991012103
2018-08-22,6.77288294045266,6.312785995152666
2018-08-23,6.780962481540173,6.303721883117164
2018-08-24,6.857788741479476,6.362296263801545
2018-08-27,6.886638787177617,6.427145713052217
2018-08-28,6.898838106543835,6.436561108295995
2018-08-29,6.968951979012693,6.510824835832708
2018-08-30,6.944825285063001,6.499319054184193
2018-08-31,6.976511793465825,6.507685626112957
2018-09-04,6.992077398485358,6.479794632941978
2018-09-05,6.8983142295138435,6.396116627119223
2018-09-06,6.89808981521381,6.33893620969058
2018-09-07,6.906379356273483,6.314530683137812
2018-09-10,6.9453979930539065,6.335798116928565
2018-09-11,6.974965085841484,6.384610845470708
2018-09-12,6.979893055679422,6.365783964335231
2018-09-13,7.020800481657831,6.433771506347916
2018-09-14,7.010372116471247,6.41494406673357
2018-09-17,6.929675069792981,6.322548764252643
2018-09-18,6.985476853178169,6.374848076370732
2018-09-19,6.953643471032964,6.36996641258131
2018-09-20,6.993804013488653,6.440393948770403
2018-09-21,6.979380771775245,6.40518241459133
2018-09-24,6.989234038323173,6.422993981143903
2018-09-25,6.994840479482497,6.431726356731525
2018-09-26,6.993986262021774,6.436266231453435
2018-09-27,7.036270040475786,6.490756456172589
2018-09-28,7.053221394297417,6.489359700522509
2018-10-01,7.074346172864124,6.502630275395435
2018-10-02,7.027025481392327,6.487961269435824
2018-10-03,7.026231358790563,6.494946723122826
2018-10-04,6.8896847268046715,6.370251795283104
2018-10-05,6.826984788907703,6.29236242293219
2018-10-08,6.7564744104559304,6.253940193738201
2018-10-09,6.778677495959261,6.274198456213603
2018-10-10,6.484463595270256,5.998264658393963
2018-10-11,6.390729742367719,5.923866895928814
2018-10-12,6.559732529756775,6.088728182468803
2018-10-15,6.4844299676178245,6.0150296355469965
2018-10-16,6.692986339819967,6.190020611803556
2018-10-17,6.691186661311208,6.1924661907686485
2018-10-18,6.553102013608482,6.048909756103602
2018-10-19,6.49306135873954,6.043322733503285
2018-10-22,6.512398998425559,6.074410459717469
2018-10-23,6.468866527026258,6.052053433654302
2018-10-24,6.192813054179076,5.775070812519648
2018-10-25,6.259830391615188,5.974862159888994
2018-10-26,6.1762263682177805,5.821176593986247
2018-10-29,6.16256120439478,5.701371707118974
2018-10-30,6.228732937919293,5.795329633473921
2018-10-31,6.297602413470363,5.93155212363803
2018-11-01,6.339265332578538,6.0097916622394845
2018-11-02,6.33121395839881,5.91618278517734
2018-11-05,6.35848200069576,5.901513779217729
2018-11-06,6.370785888227134,5.946222805034247
2018-11-07,6.531247724305214,6.132738551220849
2018-11-08,6.491056880127657,6.09361989887786
2018-11-09,6.432014866921393,5.990929038456422
2018-11-12,6.294903139252992,5.809651824056203
2018-11-13,6.293742237345543,5.814541306549784
2018-11-14,6.251760501019581,5.770182446983805
2018-11-15,6.323910887078662,5.871123593110281
2018-11-16,6.356237847138568,5.850515164384338
2018-11-19,6.238153064881167,5.660505574396496
2018-11-20,6.063246888509185,5.559213703540612
2018-11-21,6.087375037998036,5.6014771503920375
2018-11-23,6.092311634991027,5.560960066962363
2018-11-26,6.1865344552361385,5.68949677093839
2018-11-27,6.223216137586012,5.708709002493122
2018-11-28,6.366100344847791,5.892430120421829
2018-11-29,6.360796948949371,5.873219564303703
2018-11-30,6.385640159493659,5.9158315019690635
2018-12-03,6.455512352296871,6.019221577933843
2018-12-04,6.279341974156958,5.788343062829182
2018-12-06,6.303414248520966,5.829209754030528
2018-12-07,6.103663113234899,5.636753468119856
2018-12-10,6.134274030831569,5.695785242997526
2018-12-11,6.150600993059986,5.714645074386244
2018-12-12,6.197699139899648,5.764943356718555
2018-12-13,6.160396466112947,5.766687486224832
2018-12-14,6.003339446559409,5.626276963025958
2018-12-17,5.870923170172028,5.4987868484494715
2018-12-18,5.841656295599622,5.53336618454942
2018-12-19,5.767874943244621,5.3974938606358505
2018-12-20,5.682622481303213,5.319253763555529
2018-12-21,5.5516959942649144,5.154391918536671
2018-12-24,5.411120485561303,5.026573976864384
2018-12-26,5.676192523386618,5.340427931375246
2018-12-27,5.7133935501275985,5.36109500038238
2018-12-28,5.717299623329963,5.358292553420325
2018-12-31,5.766920488315396,5.4034796371482665
2019-01-02,5.7326678073751305,5.42519720490702
2019-01-03,5.584973554756084,5.247953883373863
2019-01-04,5.7962274319747955,5.472484169180461
2019-01-07,5.873931659814826,5.537637430935589
2019-01-08,5.909503639788303,5.58772907608656
2019-01-09,5.917819325657176,5.633265767586172
2019-01-10,5.935225937650244,5.649377324463078
2019-01-11,5.9303661061240165,5.628712489371418
2019-01-14,5.889688837787974,5.578971010470987
2019-01-15,5.9579109459655415,5.687911249430765
2019-01-16,5.945190089655462,5.686859075242539
2019-01-17,5.9963484906949995,5.731695434241073
2019-01-18,6.0524568802301,5.788440796631167
2019-01-22,5.976442999689025,5.672497791139463
2019-01-23,5.965438298004948,5.679852957837403
2019-01-24,5.9907498027297095,5.716631025242575
2019-01-25,6.057042692386335,5.784936900210296
2019-01-28,5.9939496949246385,5.713480645945454
2019-01-29,5.960657497149958,5.659537172038546
2019-01-30,6.0404220158641255,5.80350353019306
2019-01-31,6.092215694011988,5.890375476664677
2019-02-01,6.1433746221196115,5.86550529569333
2019-02-04,6.168248091297968,5.9383638903969365
2019-02-05,6.18566647095254,5.99090502386508
2019-02-06,6.171259786479588,5.97304096029887
2019-02-07,6.128667934755859,5.8928266404184555
2019-02-08,6.175013073596633,5.904386036038345
2019-02-11,6.180962719004244,5.898781700593104
2019-02-12,6.2812068828480285,5.98600046244205
2019-02-13,6.261897770321419,5.990204132885132
2019-02-14,6.281455445157029,5.997560975019677
2019-02-15,6.324459364317677,6.022780205283827
2019-02-19,6.315200907192011,6.034692001069732
2019-02-20,6.328971508421399,6.033640385360376
2019-02-21,6.314169862059806,6.011573209829952
2019-02-22,6.377813719362418,6.05605772714134
2019-02-25,6.378156942753268,6.078124902671765
2019-02-26,6.364607974528827,6.084431804533558
2019-02-27,6.398182855924788,6.080577183383279
2019-02-28,6.41316034198572,6.066566624009611
2019-03-01,6.4054652625823385,6.108602211482695
2019-03-04,6.371996692819377,6.109651034797708
2019-03-05,6.374504156424056,6.114205988449067
2019-03-06,6.336283325848101,6.079527243110528
2019-03-07,6.276441745367856,6.004916141717618
2019-03-08,6.256355525633306,5.995810143766979
2019-03-11,6.3621452189868295,6.120510097916519
2019-03-12,6.379234264497317,6.154138902982307
2019-03-13,6.419346482054036,6.2003753685041305
2019-03-14,6.404005161688107,6.18986647163586
2019-03-15,6.477792226433805,6.2473149589213754
2019-03-18,6.48212884258875,6.262191160541194
2019-03-19,6.486628920242652,6.283247489319662
2019-03-20,6.4695249223526305,6.30816179012162
2019-03-21,6.583557153561155,6.406771845451042
2019-03-22,6.455718861682323,6.266053041916765
2019-03-25,6.461375592196581,6.254121140891596
2019-03-26,6.515609885719246,6.283247489319662
2019-03-27,6.492796995857041,6.242890130846374
2019-03-28,6.516355974204118,6.257278780414006
2019-03-29,6.573543204466446,6.304653984348668
2019-04-01,6.675256918078801,6.388173382172773
2019-04-03,6.721174678647994,6.424882123685474
2019-04-04,6.695974438742564,6.422432982593022
2019-04-05,6.754975923903154,6.455646050892666
2019-04-08,6.761187304780159,6.472077328467267
2019-04-09,6.712258723428147,6.4493518361768745
2019-04-10,6.745896094047454,6.483963618857805
2019-04-11,6.744833698404611,6.4685816552542095
2019-04-12,6.79638692029278,6.4965481536988285
2019-04-15,6.7780561016236796,6.4975969112997545
2019-04-16,6.796782087166556,6.519971890439705
2019-04-17,6.784194955071871,6.542695157249777
2019-04-18,6.780006001458812,6.551085774427259
2019-04-22,6.764019631236113,6.56961345446355
2019-04-23,6.84757730069631,6.653167443977684
2019-04-24,6.8835716582787905,6.632192848329259
2019-04-25,6.8645050230645825,6.6591094764327945
2019-04-26,6.9111939520749015,6.665052621628064
2019-04-29,6.9084288541430565,6.677989338729767
2019-04-30,6.93209063271204,6.626248590393831
2019-05-01,6.859270821338299,6.6049245943351265
2019-05-02,6.887023274391023,6.576255956849464
2019-05-03,7.0062830256173925,6.681136167902624
2019-05-06,6.894507033753875,6.640233508726383
2019-05-07,6.721692976887594,6.5108841415519025
2019-05-08,6.691969165884747,6.4944523076072205
2019-05-09,6.6788681954302165,6.459489455405767
2019-05-10,6.696303774888393,6.467532341283206
2019-05-13,6.4341015745252275,6.2430904255040955
2019-05-14,6.5528767705760895,6.311611295454835
2019-05-15,6.643667677604523,6.4007590297539565
2019-05-16,6.701315439418672,6.465084869300994
2019-05-17,6.606989628565594,6.399012027702547
2019-05-20,6.465222631063863,6.290987769326932
2019-05-21,6.535380921363593,6.356710654145017
2019-05-22,6.491948197741195,6.328394198920037
2019-05-23,6.390601627821732,6.231554648263998
2019-05-24,6.396271722228005,6.2284094882013825
2019-05-28,6.394326577725073,6.204985195090427
2019-05-29,6.2947226366687055,6.153946029425454
2019-05-30,6.346484057660793,6.1798150126682225
2019-05-31,6.2659428239079205,6.081229016330854
2019-06-03,6.174848589700119,5.947332992862072
2019-06-04,6.342291447137727,6.114789815930541
2019-06-05,6.388238123058763,6.160236905920765
2019-06-06,6.440821550203039,6.2091818946043675
2019-06-07,6.5320133216350325,6.329092999740601
2019-06-10,6.578857770975503,6.402855988585726
2019-06-11,6.54742194787707,6.411596006173489
2019-06-12,6.515063649143244,6.374539533360745
2019-06-13,6.524159387464687,6.4122964761042915
2019-06-14,6.470519327119384,6.385026552999916
2019-06-17,6.455322625247265,6.423483409304186
2019-06-18,6.534467474841441,6.5168250612668475
2019-06-19,6.599989259844461,6.541296442868489
2019-06-20,6.647464251263557,6.60212827831271
2019-06-21,6.599118327521788,6.5923389467539435
2019-06-24,6.5683302248608015,6.592547029163887
2019-06-25,6.456349830189922,6.47937912939806
2019-06-26,6.455214988558005,6.509511020194298
2019-06-27,6.506167086445155,6.534386882844148
2019-06-28,6.5325978734682275,6.542795303864191
2019-07-01,6.625433232858819,6.63108845372033
2019-07-02,6.619365476414262,6.657366925342027
2019-07-03,6.659742380728933,6.7074708329024055
2019-07-05,6.639881733471903,6.6938047146257365
2019-07-08,6.608397104512786,6.6468570945295715
2019-07-09,6.651049221613283,6.680139709089224
2019-07-10,6.709888817865626,6.74671217101957
2019-07-11,6.718585712425528,6.741806099653545
2019-07-12,6.785326080964172,6.780696924620266
2019-07-15,6.776658727378762,6.8024192816563005
2019-07-16,6.713665718388984,6.767382432234197
2019-07-17,6.733784282718906,6.734096479454065
2019-07-18,6.776775148957327,6.741806099653546
2019-07-19,6.705975640690125,6.692403218394049
2019-07-22,6.747903154442476,6.745661187938326
2019-07-23,6.783956550356643,6.789805815571116
2019-07-24,6.848903598757594,6.837456687448483
2019-07-25,6.778634346224841,6.7726390167506665
2019-07-26,6.807022453401705,6.842361646074348
2019-07-29,6.78859524523647,6.818886166916025
2019-07-30,6.750931987855184,6.7894558587907525
2019-07-31,6.63000252324049,6.695557280377944
2019-08-01,6.56628774189025,6.662270771227731
2019-08-02,6.480238526576239,6.5641677041198605
2019-08-05,6.237768399888735,6.3322242505512145
2019-08-06,6.372274119815312,6.420867913557795
2019-08-07,6.404699411020022,6.455552580719215
2019-08-08,6.593100892725293,6.596053273408464
2019-08-09,6.538703405775206,6.534035256953542
2019-08-12,6.427482787556101,6.459057155853552
2019-08-13,6.540514813992294,6.600606049773649
2019-08-14,6.35328178383572,6.403347263366422
2019-08-15,6.375128679985404,6.395990938167784
2019-08-16,6.477442533275561,6.498649007121157
2019-08-19,6.541871151319935,6.602008102375416
2019-08-20,6.510162009272054,6.55085488084403
2019-08-21,6.5633884833293115,6.609015583533851
2019-08-22,6.56202896824737,6.587643183278181
2019-08-23,6.356109824162394,6.379174096127697
2019-08-26,6.4508175032602155,6.475526266593597
2019-08-27,6.4593558015843024,6.461860148316926
2019-08-28,6.484335461220651,6.4849851143248065
2019-08-29,6.580467259286654,6.584137495403683
2019-08-30,6.592287571214176,6.56837386192516
2019-09-03,6.539626698427958,6.504604948828268
2019-09-04,6.6362652586971,6.598504639981237
2019-09-05,6.739050034123987,6.719381603576465
2019-09-06,6.749616832531728,6.712725191938551
2019-09-09,6.682070223922762,6.6987118987319185
2019-09-10,6.620433570945312,6.679439239158418
2019-09-11,6.657878798419812,6.742156612803984
2019-09-12,6.688703114359122,6.77018598106765
2019-09-13,6.6701646532017405,6.746010031978526
2019-09-16,6.630358916055708,6.715877028442127
2019-09-17,6.68534898603875,6.748113667251255
2019-09-18,6.696330058289687,6.745310118417802
2019-09-19,6.691184852379774,6.7565209755311395
2019-09-20,6.615093670780917,6.6850463368253275
2019-09-23,6.636459282049503,6.687995098249678
2019-09-24,6.575338638604359,6.599171727707235
2019-09-25,6.64309512871096,6.673249065647599
2019-09-26,6.637853144814436,6.648673642840985
2019-09-27,6.521193574783344,6.566170080038018
2019-09-30,6.569767214441104,6.628663236541317
2019-10-01,6.516630332525378,6.5745985303809436
2019-10-02,6.4174574245315705,6.46155025018233
2019-10-03,6.478189422015034,6.5324679624379955
2019-10-04,6.586014249615624,6.6286632365413185
2019-10-07,6.539316629236997,6.60865171750149
2019-10-08,6.425643994275335,6.509646774493832
2019-10-09,6.501644483767333,6.573194808668938
2019-10-10,6.5527266246002,6.624097107294213
2019-10-11,6.624555652405069,6.709409226261357
2019-10-14,6.621107846372392,6.708708756330553
2019-10-15,6.695083353407172,6.794019762557537
2019-10-16,6.639051057922391,6.777167312832325
2019-10-17,6.6673219372698265,6.795072971119104
2019-10-18,6.635633012260296,6.7297734839319485
2019-10-21,6.653879956271206,6.789454746050593
2019-10-22,6.550244920207912,6.73538948352014
2019-10-23,6.513939890174903,6.748380168519611
2019-10-24,6.6212766400305,6.814030168857206
2019-10-25,6.693798144546869,6.868447613648344
2019-10-28,6.74573131899039,6.936204587479153
2019-10-29,6.707024645787826,6.8824903944692215
2019-10-30,6.728805777452006,6.915842555288881
2019-10-31,6.649545758984461,6.919002737343658
2019-11-01,6.736770506324981,6.981844737887158
2019-11-04,6.7707069832313636,7.025026845281434
2019-11-05,6.743926823879108,7.028888610007174
2019-11-06,6.724193668136788,7.013091037953768
2019-11-07,6.700589069928256,7.036612695828736
2019-11-08,6.723546922794421,7.064698813840569
2019-11-11,6.717214232337487,7.055220493156557
2019-11-12,6.731501883261959,7.075581968976746
2019-11-13,6.728436159225529,7.077338985689596
2019-11-14,6.733374240176953,7.071719647880924
2019-11-15,6.786966167810783,7.123680718768567
2019-11-18,6.784171718889683,7.129297831096918
2019-11-19,6.776701344007191,7.139828803972415
2019-11-20,6.730449484710306,7.096997766098662
2019-11-21,6.685263315832537,7.0811990813050985
2019-11-22,6.67786818370684,7.085763541441962
2019-11-25,6.784805223844366,7.16967138232702
2019-11-26,6.763175412661498,7.1833625372572945
2019-11-27,6.816149823752597,7.233566591432088
2019-11-29,6.768911664200741,7.200566056503027
2019-12-02,6.702588814021991,7.126838675343028
2019-12-03,6.648329738220532,7.071018621580045
2019-12-04,6.7013610318196095,7.106828269043359
2019-12-05,6.73426329336105,7.120872162604395
2019-12-06,6.802710861118324,7.197053135817488
2019-12-09,6.773418563558185,7.1644036704089515
2019-12-10,6.807591951895301,7.158437157670319
2019-12-11,6.89220865681316,7.196354334996926
2019-12-12,6.988835153882616,7.2500685280068575
2019-12-13,6.977992590661922,7.273938473551945
2019-12-16,7.055800046300497,7.346963715670902
2019-12-17,7.06049274319374,7.351177662657326
2019-12-18,7.06116395903099,7.356793662245516
2019-12-19,7.116235299644357,7.402784882174045
2019-12-20,7.173715071932674,7.432626347788489
2019-12-23,7.19169310968425,7.452259535173871
2019-12-24,7.2103517729269,7.456128532710654
2019-12-26,7.232973713357651,7.521923189269067
2019-12-27,7.211564365330756,7.515589472277591
2019-12-30,7.159152713728972,7.466332359979071
2019-12-31,7.182180771410884,7.48040574115435
2020-01-02,7.319519409907656,7.605309711389101
2020-01-03,7.249453162624456,7.535643275443505
2020-01-06,7.25354105342023,7.584197692330901
2020-01-07,7.3155721811752,7.583142814659096
2020-01-08,7.3678053746119785,7.640139591141417
2020-01-09,7.40910494093553,7.704878257287866
2020-01-10,7.397591326039595,7.685176080012554
2020-01-13,7.501354185508563,7.773837546861697
2020-01-14,7.506470271113691,7.743227734166682
2020-01-15,7.4765362959867225,7.746395149032499
2020-01-16,7.545225887607724,7.820633277926002
2020-01-17,7.546271999125301,7.859336049805663
2020-01-21,7.534194328489734,7.855817009049243
2020-01-22,7.577071231761777,7.876572951256201
2020-01-23,7.590310885730885,7.9019061501118655
2020-01-24,7.49044255685352,7.8354087981423275
2020-01-27,7.286293612358149,7.673564080071487
2020-01-28,7.409801911111801,7.791431081533559
2020-01-29,7.375309307916354,7.80409684640627
2020-01-30,7.408908426384942,7.831891426496148
2020-01-31,7.240857140272411,7.707691820782763
2020-02-03,7.409054712414023,7.8241512059422655
2020-02-04,7.612155921412211,8.0032339382038
2020-02-05,7.6515907656738475,8.029624240211591
2020-02-06,7.710149745609257,8.098935155676024
2020-02-07,7.611200230826825,8.064104719553626
2020-02-10,7.718830245189307,8.1615629537387
2020-02-11,7.785752278070953,8.16297001367119
2020-02-12,7.875855071509089,8.2424858691442
2020-02-13,7.872325306475647,8.231929859615102
2020-02-14,7.882365944348557,8.255501590797275
2020-02-18,7.868299074277942,8.258670118403252
2020-02-19,8.005998796230283,8.337832678875422
2020-02-20,7.894693304246624,8.260428247856261
2020-02-21,7.725611941706159,8.101750944651242
2020-02-24,7.427883503327875,7.789317431599386
2020-02-25,7.242560004830914,7.577512905818904
2020-02-26,7.281121901560353,7.616568416329326
2020-02-27,6.949993111039407,7.235176726443799
2020-02-28,6.9720603436718624,7.240806078913911
2020-03-02,7.263842957751502,7.614456991875475
2020-03-03,7.090138333696738,7.370281742096568
2020-03-04,7.416126721888429,7.677786372609114
2020-03-05,7.209994397613965,7.4445187582499095
2020-03-06,7.109374777541288,7.318912648974116
2020-03-09,6.59810541337806,6.810509458990551
2020-03-10,6.889026758499837,7.181344582976895
2020-03-11,6.622115453501551,6.8685627822549185
2020-03-12,6.020886664455712,6.238772993682784
2020-03-13,6.503988780213012,6.767232212312585
2020-03-16,5.741033337677518,5.956600449285742
2020-03-17,6.08289534800314,6.408357932307506
2020-03-18,5.770563540172674,6.213440907567279
2020-03-19,5.858221637548636,6.250735506774292
2020-03-20,5.633786490013974,6.005856448844101
2020-03-23,5.703548799497416,6.010193353618219
2020-03-24,6.086047948710148,6.475608609365454
2020-03-25,5.9977919759003795,6.4276561849046905
2020-03-26,6.318313750489512,6.766139501475334
2020-03-27,6.061477926769078,6.533432151786756
2020-03-30,6.269500992920284,6.771076729565844
2020-03-31,6.228442186080648,6.713252630774461
2020-04-01,5.995124337695657,6.428008923535452
2020-04-03,5.9281811475562485,6.336780237359102
2020-04-06,6.238654315416045,6.7898252552506095
2020-04-07,6.177520907948754,6.787060567841157
2020-04-08,6.256199534362568,6.931166218262052
2020-04-09,6.2423305785700585,6.9411872558406555
2020-04-13,6.402455855020139,7.016176811631696
2020-04-14,6.673675267981559,7.321319232666012
2020-04-15,6.619810009109891,7.237342534232922
2020-04-16,6.8441626133108775,7.369351722956795
2020-04-17,6.8820481141166425,7.439849070684903
2020-04-20,6.872108234277178,7.3517297035635245
2020-04-21,6.629455063349943,7.080453340036917
2020-04-22,6.769926617826256,7.290562494213275
2020-04-23,6.736028103495556,7.275010445906056
2020-04-24,6.83364584416244,7.389740610972466
2020-04-27,6.8850978370036335,7.4491792090627635
2020-04-28,6.690989536836861,7.308877594020238
2020-04-29,6.800479987706536,7.568058041153062
2020-04-30,6.757162984834886,7.564947086188382
2020-05-01,6.542882784433127,7.351729703563526
2020-05-04,6.722737085299298,7.437432286740389
2020-05-05,6.813985312984637,7.521749799696343
2020-05-06,6.913531169265261,7.568058041153063
2020-05-07,7.059584271363132,7.6655097278652455
2020-05-08,7.152888427348584,7.770563486998569
2020-05-11,7.261141182795,7.840023667970706
2020-05-12,7.129040961732793,7.67587485178613
2020-05-13,7.133790506409269,7.579807689991621
2020-05-14,7.180806099995724,7.66585654072371
2020-05-15,7.29182996994844,7.7156187328809205
2020-05-18,7.357386279350749,7.85937593453364
2020-05-19,7.369998827348455,7.839677945718716
2020-05-20,7.465154058642854,7.99622468948215
2020-05-21,7.345969316698878,7.909139217297324
2020-05-22,7.354546335816372,7.936438187926918
2020-05-26,7.2472802277019355,7.9150126784585115
2020-05-27,7.221258075411513,7.958209419647314
2020-05-28,7.259118874886073,7.947843205119958
2020-05-29,7.512689430537104,8.064300890839847
2020-06-01,7.600088909407486,8.088491087717706
2020-06-02,7.65741971636507,8.142746033241087
2020-06-03,7.689737436344972,8.179375687551776
2020-06-04,7.588018992704881,8.122010877670188
2020-06-05,7.697177701517094,8.283048738890082
2020-06-08,7.7376224374078255,8.347325812598537
2020-06-09,7.808307394579506,8.407801577444806
2020-06-10,7.981193818119338,8.508709396070424
2020-06-11,7.650079205492234,8.087109289316217
2020-06-12,7.668413343765433,8.151385817721433
2020-06-15,7.837698701163358,8.250565570390336
2020-06-16,7.9193558834918445,8.392250074440822
2020-06-17,7.959379983984673,8.418859236476147
2020-06-18,8.0029545183323,8.441666544346042
2020-06-19,8.078325212338372,8.440283110034839
2020-06-22,8.192302454202531,8.5415061139312
2020-06-23,8.231832695930839,8.614202669612428
2020-06-24,8.094487988401532,8.43661594576885
2020-06-25,8.20222733629632,8.516927661148898
2020-06-26,8.073451206415935,8.315799105975751
2020-06-29,8.090018327740344,8.406497757406147
2020-06-30,8.243170826423029,8.571277489435442
2020-07-01,8.322889127576131,8.671322093037558
2020-07-02,8.445020139552105,8.730170673025874
2020-07-06,8.637911839657255,8.94480039103347
2020-07-07,8.668277389543764,8.883181125300098
2020-07-08,8.803327765452762,9.000185750166276
2020-07-09,8.9263770515995,9.075999259147787
2020-07-10,8.964881037513901,9.137965337739624
2020-07-13,8.64791102271339,8.94999276845217
2020-07-14,8.728414252863104,9.013341190748731
2020-07-15,8.680240406420205,9.031689554053125
2020-07-16,8.60551364166826,8.970070833622989
2020-07-17,8.651348925170216,8.980455043157155
2020-07-20,8.952501528746188,9.235238164990209
2020-07-21,8.800336834245494,9.139003049798832
2020-07-22,8.801893164528686,9.171197752886428
2020-07-23,8.594712170225357,8.931646041057483
2020-07-24,8.491102979684104,8.846832847459481
2020-07-27,8.722159252256585,9.004686683080994
2020-07-28,8.593808752871576,8.89010374988846
2020-07-29,8.735507837049813,8.992572226377167
2020-07-30,8.81537832403049,9.039652617216884
2020-07-31,8.898582108147544,9.20096912839067
2020-08-03,9.075550033096242,9.32524264540044
2020-08-04,9.146763267484102,9.359862857284337
2020-08-05,9.198860153477305,9.38305460393602
2020-08-06,9.156441321169806,9.507333573978157
2020-08-07,9.000694825658718,9.397596750649097
2020-08-10,8.835881569825295,9.357440620307456
2020-08-11,8.612070576611172,9.180198528109393
2020-08-12,8.869207565864093,9.411095186967362
2020-08-13,8.945775518677053,9.432558322359093
2020-08-14,8.935233633767442,9.421481032411236
2020-08-17,9.190197639667588,9.530871042881833
2020-08-18,9.236711566033465,9.622606315764964
2020-08-19,9.202709080371871,9.557874459157201
2020-08-20,9.335797448830613,9.690458397492428
2020-08-21,9.377108438766012,9.757614672290018
2020-08-24,9.384089700152302,9.81854249351941
2020-08-25,9.491251247202626,9.895742163328302
2020-08-26,9.661957067694189,10.10690866048039
2020-08-27,9.547360475674513,10.075404311290301
2020-08-28,9.59377194545249,10.1266377315798
2020-08-31,9.719607646733467,10.207990430838477
2020-09-01,10.141221714604402,10.382463473201193
2020-09-02,10.134086680175411,10.480776193723933
2020-09-03,9.521252096738436,9.949397820594685
2020-09-04,9.342338400529334,9.816809519833566
2020-09-08,8.865432062647098,9.344976078925745
2020-09-09,9.163593873496941,9.619492634284104
2020-09-10,9.01876823542883,9.42771384840533
2020-09-11,8.938827905421704,9.362284003654747
2020-09-14,9.170209392984619,9.525336215030563
2020-09-15,9.273472066676971,9.660342390342672
2020-09-16,9.116386467317339,9.506293135402768
2020-09-17,8.973888345602306,9.357784161346501
2020-09-18,8.928256468715576,9.23835402768402
2020-09-21,9.065825725831164,9.260509698186207
2020-09-22,9.205947191031223,9.432558322359094
2020-09-23,8.96607526581723,9.144541694772762
2020-09-24,8.949985027002906,9.18711951678805
2020-09-25,9.19472633875452,9.400709341523488
2020-09-28,9.354044514163354,9.595952984167479
2020-09-29,9.306645810758377,9.552683172344974
2020-09-30,9.390263976568985,9.618109745276136
2020-10-01,9.544152570359445,9.770768476962767
2020-10-02,9.295411323513118,9.495912742991257
2020-10-05,9.498241445528794,9.698420915352946
2020-10-06,9.386227078768494,9.52533621503056
2020-10-07,9.585320012818405,9.69011485645338
2020-10-08,9.599681098949917,9.74169399899487
2020-10-09,9.72545626735595,9.890548695303128
2020-10-12,9.93724671924802,10.195873792921697
2020-10-13,9.970181937989674,10.195529161276179
2020-10-14,9.9089898895175,10.110369154819711
2020-10-15,9.914930014441099,10.042520344911667
2020-10-16,9.912041581470872,9.987477436211432
2020-10-19,9.762993877151134,9.824428496655035
2020-10-20,9.805032951442456,9.845544819188301
2020-10-21,9.734161103457874,9.837928023579773
2020-10-22,9.819871965646332,9.837583391934254
2020-10-23,9.886423702219675,9.856966740781676
2020-10-26,9.737590803226318,9.709152483048808
2020-10-27,9.785079996188268,9.78496599203032
2020-10-28,9.497555404336003,9.403481663178248
2020-10-29,9.648032530210852,9.567912401136134
2020-10-30,9.330493487895316,9.325242645400436
2020-11-02,9.426315175894993,9.346017608107605
2020-11-03,9.657930009536654,9.507679296230144
2020-11-04,10.08148240715387,9.932088805259205
2020-11-05,10.410318042398444,10.19102822836146
2020-11-06,10.476338799309321,10.198643933363517
2020-11-09,10.048778073595619,9.990244304833832
2020-11-10,9.743644563758982,9.811276873195235
2020-11-11,10.042675315725537,10.030750519853354
2020-11-12,10.08383530601093,9.983669038407168
2020-11-13,10.209885608520553,10.071251281840516
2020-11-16,10.27764038045054,10.149832750050903
2020-11-17,10.231463253929686,10.117636956356835
2020-11-18,10.212090584427765,10.042863885950714
2020-11-19,10.388578170097235,10.121443172948151
2020-11-20,10.43272621427026,10.05221038342567
2020-11-23,10.55558008302623,10.052559377497081
2020-11-24,10.625520838196639,10.19379727819681
2020-11-25,10.73597502132916,10.256452620079681
2020-11-27,10.96287582523296,10.35096130522405
2020-11-30,11.104881113477617,10.372077627757317
2020-12-01,11.069172145397337,10.50500510713159
2020-12-02,11.127639551547986,10.518507905875747
2020-12-03,11.269171117913372,10.533393593627867
2020-12-04,11.440472113366203,10.576318773804855
2020-12-07,11.465726086528012,10.636208337671802
2020-12-08,11.569303288970213,10.672208166744243
2020-12-09,11.184368414018792,10.430577758977462
2020-12-10,11.28214666520312,10.472464681792005
2020-12-11,11.163638483043838,10.44927293514032
2020-12-14,11.203645270142397,10.52508644412183
2020-12-15,11.309754382093042,10.637592317286238
2020-12-16,11.267660463293254,10.6960957203258
2020-12-17,11.356811974865805,10.766023226171683
2020-12-18,11.375445316210241,10.733481710225623
2020-12-21,11.294859678225054,10.713403645054802
2020-12-22,11.221950472906485,10.742533743952826
2020-12-23,11.175596046773528,10.688434209851872
2020-12-24,11.233854268015182,10.735597486783547
2020-12-28,11.146328759084241,10.843798736198403
2020-12-29,11.24662474835554,10.853509496235393
2020-12-30,11.453948302044061,10.853856309093857
2020-12-31,11.463633602442536,10.880563080408526
2021-01-04,11.263729468155462,10.726927165321948
2021-01-05,11.48997735165349,10.81536008180436
2021-01-06,11.29645727664306,10.665541289373833
2021-01-07,11.58580350326311,10.923563512432162
2021-01-08,11.814295657699397,11.06402053889711
2021-01-11,11.701410796859298,10.904140901751708
2021-01-12,11.847967870271058,10.886802440041457
2021-01-13,11.854794512564405,10.960324584822864
2021-01-14,12.06746176922896,10.901716483561877
2021-01-15,11.879262801129979,10.815360081804357
2021-01-19,12.146042535357962,10.973155569979555
2021-01-20,12.196490123433474,11.228400018350754
2021-01-21,12.222148088691537,11.318225639299387
2021-01-22,12.136827369144019,11.28562632121025
2021-01-25,12.296455969986567,11.378915708317631
2021-01-26,12.069639989245774,11.395561634917424
2021-01-27,11.570929699770089,11.077890872022719
2021-01-28,11.77596179984521,11.143436321059456
2021-01-29,11.567359834650064,10.908998462983146
2021-02-01,11.912516721910087,11.181584644884014
2021-02-02,12.176507476587016,11.364002755403678
2021-02-03,12.033835779152747,11.318917083803367
2021-02-04,12.269338051526113,11.452782484744553
2021-02-05,12.31212246093575,11.491623343679569
2021-02-08,12.4668689295677,11.568614707652088
2021-02-09,12.542652155242292,11.56619028946226
2021-02-10,12.540995840855743,11.539831421612528
2021-02-11,12.839250261635371,11.603295993498483
2021-02-12,13.010729457137083,11.668147816818292
2021-02-16,13.030130697392329,11.636587846698074
2021-02-17,12.771764783219623,11.58075097648538
2021-02-18,12.629378877957079,11.530120661575538
2021-02-19,12.881707529218994,11.47983388770474
2021-02-22,12.320596134247353,11.182279361207414
2021-02-23,12.239098772803787,11.148986417401348
2021-02-24,12.39143726160747,11.240889643681346
2021-02-25,11.808779462433316,10.848999838468881
2021-02-26,11.970206245266285,10.89443341353413
2021-03-01,12.361897673034168,11.222159568111348
2021-03-02,12.00082511527028,11.04216914760093
2021-03-03,11.488339046908449,10.721726063051458
2021-03-04,11.094987840616053,10.546243119094598
2021-03-05,11.358661795802979,10.705079045845189
2021-03-08,10.851276318537934,10.401973332399493
2021-03-09,11.388236788010879,10.81223876607818
2021-03-10,11.167528928298529,10.78137242167489
2021-03-11,11.680073105992813,11.029684975302704
2021-03-12,11.533411346948906,10.940207257819008
2021-03-15,11.722471411639034,11.057082100514881
2021-03-16,11.81489736964903,11.11777107892665
2021-03-17,11.843590781593234,11.163550376243887
2021-03-18,11.385003543230113,10.821603803863178
2021-03-19,11.445233361775673,10.859752127687738
2021-03-22,11.594163396651023,11.063406527452715
2021-03-23,11.25272837419513,11.015142828589624
2021-03-24,11.054134676522716,10.829368921952055
2021-03-25,11.062129295499595,10.810617034252592
2021-03-26,11.284373244797287,10.972780401352784
2021-03-29,11.099558813960142,10.969654723200716
2021-03-30,11.149054425429181,10.914443861103614
2021-03-31,11.355210470927108,11.081464789435248
2021-04-01,11.650635223122642,11.270364374224886
2021-04-06,11.640434537367701,11.262535259636845
2021-04-07,11.554398703436458,11.289770356286946
2021-04-08,11.675324898933951,11.407564207622253
2021-04-09,11.695116715264145,11.47667469550583
2021-04-12,11.609504029210532,11.461695445811227
2021-04-13,11.662695146153315,11.595486481433847
2021-04-14,11.61748567137525,11.45624650181496
2021-04-15,11.707229642998609,11.629871713190509
2021-04-16,11.754857044151555,11.643491934663123
2021-04-19,11.567084667138493,11.536932787913525
2021-04-20,11.379848047019573,11.45284411959437
2021-04-21,11.687883019026518,11.550889825979317
2021-04-22,11.542534204872329,11.41164984636043
2021-04-23,11.767601328170661,11.555315489087745
2021-04-26,11.854108344104493,11.630552831190045
2021-04-27,11.835683656032867,11.580169345887045
2021-04-28,11.775079831972503,11.541018426651702
2021-04-29,11.785274462226429,11.582551654996873
2021-04-30,11.587659763083638,11.50663105637699
2021-05-03,11.546793623830387,11.445353960117561
2021-05-04,11.376486473554873,11.239385801724925
2021-05-05,11.337184771155991,11.201594979970597
2021-05-06,11.44844170144758,11.286025811178055
2021-05-07,11.597596429234866,11.377603569715
2021-05-10,11.238187937617946,11.090273353519395
2021-05-11,11.209793438972223,11.074951940936485
2021-05-12,10.83073811900021,10.78829856570431
2021-05-13,10.944771860137902,10.871706116023931
2021-05-14,11.152946307450547,11.111720551061998
2021-05-17,11.102700390170632,11.044311254288719
2021-05-18,11.073570192998286,10.969753960926928
2021-05-19,11.09671549545669,10.982350901511705
2021-05-20,11.303009372434365,11.194789146270395
2021-05-21,11.23583232023079,11.13282879349338
2021-05-24,11.380609062893072,11.320067810787389
2021-05-25,11.371882124492618,11.335728178481528
2021-05-26,11.432130788871785,11.375223399123227
2021-05-27,11.44877047625014,11.332665820631192
2021-05-28,11.474021616485873,11.368412219127894
2021-06-01,11.47270061312944,11.330624605150643
2021-06-02,11.48147264147631,11.352751851433755
2021-06-03,11.380462918001033,11.23462118350527
2021-06-04,11.584249633286642,11.425267929314996
2021-06-07,11.59712392914029,11.459307790406275
2021-06-08,11.534641899674206,11.464758872920594
2021-06-09,11.561692888153562,11.467481206400674
2021-06-10,11.703476905734453,11.586978387364328
2021-06-11,11.723637685249862,11.617275841864762
2021-06-14,11.752145612624112,11.728601745352067
2021-06-15,11.683049388962097,11.652003236509728
2021-06-16,11.594955813871906,11.609445658017693
2021-06-17,11.6050579125598,11.75685905363098
2021-06-18,11.425327386922877,11.664600177094503
2021-06-21,11.528783624103585,11.7370938005362
2021-06-22,11.596046228251927,11.846503591848995
2021-06-23,11.594392317362104,11.852295767992594
2021-06-24,11.689629435263303,11.92557743533642
2021-06-25,11.693738023103997,11.910921101867656
2021-06-28,11.84549149082007,12.055776829890858
2021-06-29,11.877401129499685,12.09940366740885
2021-06-30,11.809377233681042,12.080316324536527
2021-07-01,11.806639599099672,12.08508735831034
2021-07-02,11.887256598873888,12.22381088581969
2021-07-06,11.864244325462318,12.276640835774076
2021-07-07,11.901404603156447,12.302545774195888
2021-07-08,11.851032917018292,12.228240825964223
2021-07-09,11.914857095260798,12.304590197453514
2021-07-12,11.956378091424686,12.35264911363409
2021-07-13,11.927446989173124,12.35264911363409
2021-07-14,11.953588929386067,12.374799883615774
2021-07-15,11.878234100601532,12.287885163691021
2021-07-16,11.866522274800465,12.18836387985026
2021-07-19,11.821539047769427,12.088499363862164
2021-07-20,11.973114820157411,12.228923013222783
2021-07-21,12.129375502138256,12.323334308178506
2021-07-22,12.23944462470612,12.404794737811862
2021-07-23,12.472339261889566,12.54965153509409
2021-07-26,12.436783820737206,12.559533627011968
2021-07-27,12.339306960696824,12.421156539427026
2021-07-28,12.417906151242963,12.468871154201242
2021-07-29,12.395029054478535,12.49102620121903
2021-07-30,12.416963424225594,12.42592971171889
2021-08-02,12.41046480386627,12.426949784829652
2021-08-03,12.607141712810739,12.502273736913052
2021-08-04,12.703531492585586,12.520338868156562
2021-08-05,12.756397055661937,12.599754874532293
2021-08-06,12.686669877843366,12.544541546209054
2021-08-09,12.798993443667865,12.567718804855655
2021-08-10,12.654040390703198,12.503298087059918
2021-08-11,12.574336350901925,12.481826296559714
2021-08-12,12.61414730585709,12.526817508594824
2021-08-13,12.654996043683461,12.570783301224042
2021-08-16,12.653814805312923,12.576237591515438
2021-08-17,12.615196329058863,12.465463425685524
2021-08-18,12.508932566262237,12.345491493714343
2021-08-19,12.573820465508602,12.405134762182115
2021-08-20,12.727800767487135,12.533632965626259
2021-08-23,12.862736068650346,12.721092250279616
2021-08-24,12.851219639955675,12.75994591550574
2021-08-25,12.918742031319347,12.774606526010613
2021-08-26,12.88035349192715,12.693485051488482
2021-08-27,12.99535448432506,12.816871127529534
2021-08-30,13.096462496824316,12.960704643923927
2021-08-31,13.052887470189079,12.950135018452361
2021-09-01,13.125098858924462,12.97160787821159
2021-09-02,13.15008867192775,12.965473539179685
2021-09-03,13.268708523190718,13.00535048529365
2021-09-07,13.203991082966407,13.023755640907416
2021-09-08,13.156072976242509,12.97842761227913
2021-09-09,13.146280111723865,12.933777493873302
2021-09-10,13.083328921770535,12.83561523825453
2021-09-13,12.928663090550199,12.826755357965467
2021-09-14,13.018126515403479,12.790281863331117
2021-09-15,13.132775781679698,12.885375345545397
2021-09-16,13.232665451268826,12.894237364352511
2021-09-17,13.050370523937577,12.741542898410032
2021-09-20,12.825549921339901,12.47826138696718
2021-09-21,12.880348932131868,12.493615946579894
2021-09-22,13.015888295902311,12.610312738154573
2021-09-23,13.157324980745082,12.726665228322895
2021-09-24,13.10384143723854,12.738607782383784
2021-09-27,12.815932589950568,12.636928733828645
2021-09-28,12.35625053556159,12.279332160742406
2021-09-29,12.326572974383977,12.259199082542699
2021-09-30,12.312640810928116,12.21415975385142
2021-10-01,12.26893508490048,12.289910340286179
2021-10-04,11.959168904133355,12.031950531015505
2021-10-05,12.155332524768019,12.194370977058073
2021-10-06,12.216877017097799,12.272509218897786
2021-10-07,12.315761305007113,12.385108609885004
2021-10-08,12.206161000041476,12.323348208545841
2021-10-11,12.113287849552675,12.2288331954646
2021-10-12,12.139843372473672,12.18618472995536
2021-10-13,12.316539122986379,12.283768516441091
2021-10-14,12.5389156707751,12.509996994857524
2021-10-15,12.535628203996906,12.588817423955797
2021-10-18,12.748533559662961,12.715405930779585
2021-10-19,12.802531473435856,12.811629619784302
2021-10-20,12.768686576538407,12.794909616395444
2021-10-21,12.984418031206681,12.873049996753211
2021-10-22,13.040071614665749,12.764881615169552
2021-10-25,13.244879494588943,12.895567522580798
2021-10-26,13.310207944795604,12.93617263409144
2021-10-27,13.22429210381107,12.966199566058307
2021-10-28,13.316391861861645,13.110192402047565
2021-10-29,13.604329945538387,13.174681552420964
2021-11-01,13.555833917969753,13.219724088889318
2021-11-02,13.662655513153677,13.274998364977035
2021-11-03,13.714060411855009,13.415921358302777
2021-11-04,13.891444195769072,13.587894564483223
2021-11-05,13.661136657855142,13.600859330172929
2021-11-08,13.796112797412405,13.5824349278967
2021-11-09,13.756833556647848,13.488941057185245
2021-11-10,13.413546243720294,13.290695087478058
2021-11-11,13.526701261619767,13.327549238325647
2021-11-12,13.701593175114796,13.467788975133802
2021-11-15,13.623409872981503,13.464713786175155
2021-11-16,13.88895895493268,13.560595312291568
2021-11-17,13.879691545676813,13.567764694060596
2021-11-18,14.002628621261103,13.70834338597998
2021-11-19,14.14840845995888,13.784776159673296
2021-11-22,13.887657533378112,13.624744438294716
2021-11-23,13.829348687307162,13.562644012585299
2021-11-24,13.950976399220256,13.606321105277509
2021-11-26,13.683247064711468,13.348362365265865
2021-11-29,14.091585438982001,13.63805564390883
2021-11-30,13.724776985544946,13.437760973907912
2021-12-01,13.405007881572828,13.209144840086523
2021-12-02,13.532169846337815,13.304346317462427
2021-12-03,13.364450958482712,13.073000365347776
2021-12-06,13.282389022450959,13.177753533602536
2021-12-07,13.79434652876239,13.574586566646193
2021-12-08,13.840818462576319,13.635323687097516
2021-12-09,13.57918110415712,13.434688992726345
2021-12-10,13.763571105361208,13.580729459750309
2021-12-13,13.544953425893818,13.384530051818796
2021-12-14,13.350258060033404,13.245994713898012
2021-12-15,13.726557079664504,13.547972709490177
2021-12-16,13.33112883778605,13.199591010689618
2021-12-17,13.295496751669132,13.1337374857991
2021-12-20,13.142402220003676,13.006334203597534
2021-12-21,13.499851264718359,13.297421796010346
2021-12-22,13.690569658625646,13.459364283268311
2021-12-23,13.795701843281993,13.560836964831438
2021-12-27,14.091392236424584,13.784959002966737
2021-12-28,13.962016319431573,13.721068637647873
2021-12-29,13.980751256750137,13.719019937354142
2021-12-30,13.873595001130967,13.678022407780976
2021-12-31,13.843962253553663,13.592607858269638
2022-01-03,13.878204802632345,13.72346163934796
2022-01-04,13.594748825223805,13.54546208929723
2022-01-05,13.068996760016361,13.12933000009411
2022-01-06,13.156603918488932,13.120105502477198
2022-01-07,12.957200051474207,12.977977454229203
2022-01-10,12.902627096157623,12.986517626069505
2022-01-11,13.121631178463378,13.181602866095972
2022-01-12,13.169288184823374,13.233874662838812
2022-01-13,12.753523983221951,12.90281602951775
2022-01-14,12.868701611442598,12.983103481999635
2022-01-18,12.39086724550039,12.659898556224212
2022-01-19,12.245723055476253,12.520846766193893
2022-01-20,12.013217542444579,12.358221022418343
2022-01-21,11.747131953841722,12.015543820521254
2022-01-24,11.877596894854943,12.070552920370536
2022-01-25,11.595144311392913,11.79073852586837
2022-01-26,11.609010479146537,11.772288461375517
2022-01-27,11.348626165880708,11.653736505390807
2022-01-28,11.590452983729882,12.019301196738462
2022-01-31,11.93878784360722,12.403659184726301
2022-02-01,12.008515669264307,12.488046176313699
2022-02-02,12.088722382838888,12.589517788617805
2022-02-03,11.821735810794328,12.079092022951816
2022-02-04,11.871909870924505,12.231468918963586
2022-02-07,11.863349254290327,12.133072495618126
2022-02-08,12.08503182250455,12.269391259578105
2022-02-09,12.384953255326316,12.529388007293223
2022-02-10,12.108351113077639,12.24581623657385
2022-02-11,11.646986621916067,11.857358709480499
2022-02-14,11.69779219017833,11.872051397756145
2022-02-15,12.05960711216919,12.167238529274467
2022-02-16,12.105639081043334,12.164165478833873
2022-02-17,11.747091428258468,11.802356025185372
2022-02-18,11.656726977712154,11.667741660112766
2022-02-22,11.447111928367917,11.550554078645174
2022-02-23,11.161538318132276,11.25468796764537
2022-02-24,11.286740630105086,11.632894508456891
2022-02-25,11.510819964182199,11.813285990948682
2022-02-28,11.590818290887379,11.848476374751888
2022-03-01,11.300029085100322,11.667060542113232
2022-03-02,11.550741922552204,11.862826900139233
2022-03-03,11.359835446248125,11.693367521928804
2022-03-04,11.278793507412217,11.523907074459348
2022-03-07,10.95118941922051,11.098893719786648
2022-03-08,10.880578507876793,11.047306248820423
2022-03-09,11.069544897159483,11.44498506575361
2022-03-10,11.014117532782935,11.317894007187624
2022-03-11,10.897304160995734,11.083177750623161
2022-03-14,10.8199044415355,10.870327841139478
2022-03-15,10.99787153776982,11.211296367113087
2022-03-16,11.140688992506922,11.627087362686929
2022-03-17,11.190574830794203,11.767847828640724
2022-03-18,11.280750212883056,12.008710186086374
2022-03-21,11.295245010363086,11.975325780778007
2022-03-22,11.409461276638819,12.210671830908757
2022-03-23,11.284829047395275,12.035188247346097
2022-03-24,11.515858710087246,12.302689054905365
2022-03-25,11.543579497582309,12.292430583810352
2022-03-28,11.667882974492768,12.482621825275022
2022-03-29,11.784096627933804,12.697444517661593
2022-03-30,11.635683833748056,12.557194088263175
2022-03-31,11.589696248968663,12.401550605927111
2022-04-01,11.549573374796093,12.377945643670127
2022-04-05,11.34701948361972,12.103106532230598
2022-04-06,11.327956832659375,11.84033050771289
2022-04-07,11.409536313726102,11.868488187416807
2022-04-08,11.39077323244558,11.70257307240894
2022-04-11,11.243588099067095,11.425721351105171
2022-04-12,11.254942420145134,11.37745433577702
2022-04-13,11.408696022465517,11.608724267719339
2022-04-14,11.336748084424677,11.34326720798946
2022-04-18,11.305511430435244,11.351982929728441
2022-04-19,11.42954900352148,11.605710067521834
2022-04-20,11.51541717879898,11.436445491953862
2022-04-21,11.385352119626976,11.1998134895872
2022-04-22,11.102425893793177,10.906538201270537
2022-04-25,11.182433687942218,11.046638268358157
2022-04-26,10.983186844594288,10.629684384589503
2022-04-27,11.024317144301294,10.61694763387658
2022-04-28,11.096564417701991,10.994016011382095
2022-04-29,10.735278085649158,10.499300581885501
2022-05-02,10.705640080664063,10.674596700914385
2022-05-03,10.746056074027747,10.68599345786554
2022-05-04,10.994957354145189,11.04730878908336
2022-05-05,10.667071516262466,10.490922215886387
2022-05-06,10.568530971310828,10.365232058258794
2022-05-09,10.370044217798286,9.959674931441294
2022-05-10,10.372527981245545,10.080670396303846
2022-05-11,10.30243214551558,9.781696729511607
2022-05-12,10.310405773948057,9.758569002935332
2022-05-13,10.473415787936839,10.120223785270285
2022-05-16,10.499178743934355,10.002909898264539
2022-05-17,10.580913176017198,10.261999106482273
2022-05-18,10.161158849993742,9.758233742572731
2022-05-19,10.140515654469498,9.70594674595927
2022-05-20,10.110263805064701,9.675783790211549
2022-05-23,10.226360358951794,9.836663713648607
2022-05-24,10.253678715428435,9.627513631817497
2022-05-25,10.3591826192485,9.762257914612574
2022-05-26,10.537097883494027,10.032738641338296
2022-05-27,10.689443524910835,10.360203152819789
2022-05-31,10.579993386667267,10.332720184595606
2022-06-01,10.53447773265524,10.256300728006702
2022-06-02,10.613545773999348,10.53717662135031
2022-06-03,10.54037572368156,10.26300383988145
2022-06-06,10.617788714846789,10.297193063046278
2022-06-07,10.681346146931022,10.386011914608236
2022-06-08,10.629025737737821,10.311270855209603
2022-06-09,10.360989162680982,10.035085463876504
2022-06-10,10.202010771575278,9.681142717569998
2022-06-13,9.819409067255513,9.23100643941295
2022-06-14,9.897189495111492,9.247765266788447
2022-06-15,9.95719426613956,9.478698890679532
2022-06-16,9.72478781461213,9.096266347372406
2022-06-17,9.793698775711691,9.206873979437505
2022-06-21,9.967815185405609,9.439160169353956
2022-06-22,9.924092841070902,9.425391445337402
2022-06-23,10.062302883697354,9.565763911469634
2022-06-24,10.251814854897418,9.89352072807977
2022-06-27,10.255801772398359,9.820984005565233
2022-06-28,10.095141839314357,9.521771465764639
2022-06-29,10.130125872626065,9.530501855144484
2022-06-30,10.091578842948914,9.412294289734682
2022-07-01,10.252209539790236,9.474420130301835
2022-07-05,10.271650055897187,9.636621189105265
2022-07-06,10.230291132468444,9.698409673932554
2022-07-07,10.291071686571474,9.90594631526865
2022-07-08,10.303615759286588,9.918370854768902
2022-07-11,10.17011334763997,9.706470590275833
2022-07-12,10.024676571569795,9.612441583141333
2022-07-13,10.020987893226353,9.592625600334372
2022-07-14,10.009985884466083,9.626882923260354
2022-07-15,10.094506289319888,9.80150642618677
2022-07-18,9.953393468407711,9.71855882172485
2022-07-19,10.099902122288999,10.017436101162843
2022-07-20,10.10447194968186,10.17627827020847
2022-07-21,10.169204914441252,10.322360639391245
2022-07-22,10.099711705077823,10.141353569623188
2022-07-25,10.11120861992934,10.083593447590273
2022-07-26,10.021645837175486,9.88545981173649
2022-07-27,10.176862823105898,10.303218320375384
2022-07-28,10.429963693066615,10.403963011648228
2022-07-29,10.496651190154052,10.593695232352966
2022-08-01,10.481665663710123,10.587318999331753
2022-08-02,10.430396405895697,10.555752140815644
2022-08-03,10.58845531909196,10.84321170952982
2022-08-04,10.622330270118475,10.89392088706179
2022-08-05,10.66953349752075,10.80493126225263
2022-08-08,10.662578210897783,10.770003418601448
2022-08-09,10.643169081324643,10.648101703071239
2022-08-10,10.727058202342006,10.945300585318964
2022-08-11,10.693192108682679,10.883172649374544
2022-08-12,10.852235238383392,11.09507500924488
2022-08-15,10.957579212807632,11.184739345533774
2022-08-16,10.914097215492058,11.15854608201697
2022-08-17,10.817057868046327,11.031270771487454
2022-08-18,10.82190488817636,11.057799295366861
2022-08-19,10.760442986426781,10.842203833064755
2022-08-22,10.597994913760996,10.55675896959208
2022-08-23,10.532039402080468,10.548029627900867
2022-08-24,10.554532379333427,10.578589657640542
2022-08-25,10.655382944946652,10.76563770006721
2022-08-26,10.346054798764792,10.324375344632747
2022-08-29,10.330373538918254,10.222622776894834
2022-08-30,10.220823753223693,10.108778834642008
2022-08-31,10.216659469683389,10.050011883832656
2022-09-01,10.258361245086501,10.054376554678264
2022-09-02,10.119268928757577,9.912326739044394
2022-09-06,10.085300233733095,9.841133153357527
2022-09-07,10.269192539868483,10.03993730993651
2022-09-08,10.327737440547189,10.091987528918885
2022-09-09,10.410418578487167,10.312620278169067
2022-09-12,10.455549936113249,10.435191466735843
2022-09-13,10.064844166574376,9.862962793717358
2022-09-14,10.146738875161386,9.94120732390517
2022-09-15,10.015085950955749,9.775646327655302
2022-09-16,9.99118491764958,9.715874643446782
2022-09-19,10.06901922056303,9.791534525776669
2022-09-20,9.976396029891571,9.713485913363252
2022-09-21,9.806226571518016,9.539554932623332
2022-09-22,9.75821154010539,9.42214465826334
2022-09-23,9.654596805636048,9.26873580246911
2022-09-26,9.599526406243266,9.230384112364868
2022-09-27,9.572691976001321,9.234082453239807
2022-09-28,9.943594909301154,9.41776846284277
2022-09-29,9.804042619683866,9.146275668897445
2022-09-30,9.719014260983318,8.991188415912946
2022-10-03,9.980149504121275,9.202124806863537
2022-10-04,10.23398238568606,9.491447165967413
2022-10-05,10.253940810271086,9.486400449821641
2022-10-06,10.191799783286857,9.411713870231928
2022-10-07,9.915283219497626,9.053087955735345
2022-10-10,9.865058640398598,8.962591754671749
2022-10-11,9.776704731214762,8.839462148063518
2022-10-12,9.764196095419779,8.836435375602415
2022-10-13,9.938392918643014,9.043669234923536
2022-10-14,9.737956257310472,8.771843275992879
2022-10-17,9.974927143581748,9.061500895459355
2022-10-18,10.054971051141257,9.133156511833432
2022-10-19,9.980287558792435,9.099852585563594
2022-10-20,9.909401441885727,9.05342426378658
2022-10-21,10.129382501518474,9.265707982319373
2022-10-24,10.154132681173248,9.36764284787945
2022-10-25,10.200030530875273,9.561421242085325
2022-10-26,10.303925225332451,9.350148543083499
2022-10-27,10.27747339491908,9.179920093973049
2022-10-28,10.713012700905864,9.460828465664283
2022-10-31,10.686639434216827,9.350822206874598
2022-11-01,10.651484240765612,9.255279289665227
2022-11-02,10.302166640303845,8.938033933111257
2022-11-03,10.282827049635431,8.76343190780182
2022-11-04,10.46622645150433,8.904392651101555
2022-11-07,10.539804755968754,9.00228972466956
2022-11-08,10.611867875172443,9.06789179612143
2022-11-09,10.436413260739757,8.858636945427007
2022-11-10,10.880134653795427,9.512303503587072
2022-11-11,10.888681128537073,9.687581811909192
2022-11-14,10.883403712281266,9.602801800027935
2022-11-15,11.112017909560821,9.735686435499211
2022-11-16,10.973260998261084,9.602801800027935
2022-11-17,10.885572826228415,9.581609154357047
2022-11-18,10.98504461109079,9.581943367031014
2022-11-21,10.984474952203222,9.483374725049176
2022-11-22,11.076136145913967,9.619961892149922
2022-11-23,11.083686776193984,9.716512685824359
2022-11-25,11.062646673862607,9.65259320231729
2022-11-28,11.030138866673592,9.510958271382139
2022-11-29,11.017262466698464,9.438965299268196
2022-11-30,11.336629195218435,9.869247877827489
2022-12-01,11.410415115842808,9.881357063049167
2022-12-02,11.478755674284775,9.841997496479857
2022-12-05,11.294517273606886,9.676813668137914
2022-12-06,11.119546327988063,9.4763070175301
2022-12-07,11.18980664373844,9.437620067063259
2022-12-08,11.335765187807564,9.54930996148638
2022-12-09,11.13549146281891,9.488420393506313
2022-12-12,11.155724598463692,9.607512208122476
2022-12-13,11.253866816961025,9.710792305887486
2022-12-14,11.27647252939068,9.638799333773543
2022-12-15,10.915741916335154,9.315163076557496
2022-12-16,10.84958094174028,9.226345272684169
2022-12-19,10.821211634431423,9.096682279759758
2022-12-20,10.857582121172108,9.089601999977086
2022-12-21,11.029202974670868,9.22145780521063
2022-12-22,10.82059817636105,8.995850630330361
2022-12-23,10.789347348746132,9.016083593213306
2022-12-27,10.64057407772705,8.888612364909397
2022-12-28,10.516558074766976,8.771259713424227
2022-12-29,10.684213974410511,8.985060485097788
2022-12-30,10.65977115120149,8.979664888637185
2023-01-03,10.61430661230548,8.918965999988348
2023-01-04,10.742752513174572,8.96145710788207
2023-01-05,10.691336432097538,8.821169504529122
2023-01-06,10.920547647876683,9.064647104424633
2023-01-09,10.832713975595313,9.123325001700167
2023-01-10,10.96095121808978,9.200549083159313
2023-01-11,10.96371229032189,9.359721274124375
2023-01-12,11.066617452559786,9.410302633643106
2023-01-13,11.20690566553763,9.475049791170344
2023-01-17,11.145398359094278,9.494271734522322
2023-01-18,10.975149157644653,9.370847727408181
2023-01-19,10.841618496704747,9.278787327215326
2023-01-20,11.021172861060869,9.532715621226279
2023-01-23,11.153487741350116,9.744494353837904
2023-01-24,11.196255649865652,9.724599794383458
2023-01-25,11.235758027977461,9.703016360852413
2023-01-26,11.39837094403665,9.892200640402026
2023-01-27,11.359084308923801,9.990671847340984
2023-01-30,11.14083111187529,9.788669097365064
2023-01-31,11.251456809796728,9.935366459775485
2023-02-01,11.422684853570804,10.147817808489577
2023-02-02,11.443893968577083,10.512023712646196
2023-02-03,11.299254220981918,10.32520092327565
2023-02-06,11.288747515584115,10.237858264997765
2023-02-07,11.394454181208047,10.449972257971991
2023-02-08,11.248110162055381,10.264160488132415
2023-02-09,11.161486051957914,10.173446367833128
2023-02-10,11.120129549397667,10.106677171243954
2023-02-13,11.273884023192721,10.268546112750682
2023-02-14,11.353452955906757,10.34442391431626
2023-02-15,11.407233145632965,10.423668987148709
2023-02-16,11.210780835354143,10.228078091607525
2023-02-17,11.101059196330649,10.155912250869115
2023-02-21,10.8236024899372,9.915467709566505
2023-02-22,10.774631532293144,9.92288744046631
2023-02-23,10.894373206950462,10.009555387264461
2023-02-24,10.767533712756972,9.841954541245894
2023-02-27,10.85159346342037,9.912435698662234
2023-02-28,10.872038267566984,9.899620371301827
2023-03-01,10.858707177694873,9.820034799663613
2023-03-02,11.035919387899657,9.901304006935263
2023-03-03,11.199679297330706,10.106001412075583
2023-03-06,11.115507975670111,10.117468364165154
2023-03-07,11.017424166175118,9.993369645571281
2023-03-08,11.07543214657614,10.04327734129891
2023-03-09,10.790471252191784,9.86926883160014
2023-03-10,10.605221983901854,9.730669054635158
2023-03-13,10.63447464916955,9.802833847684935
2023-03-14,10.88090770931682,10.028102619136702
2023-03-15,10.742052918921097,10.0807102084719
2023-03-16,10.989213012104381,10.346444905689557
2023-03-17,10.876561828627056,10.297545086426995
2023-03-20,10.897421630346784,10.334089513639091
2023-03-21,10.99569900102984,10.481688935962634
2023-03-22,10.798942372218752,10.339155088180261
2023-03-23,10.931958315906996,10.46176085047193
2023-03-24,10.872947815834067,10.500265503116609
2023-03-27,10.834033197029571,10.428323867745688
2023-03-28,10.766024389336422,10.372931522023638
2023-03-29,10.927743878965982,10.562070750962027
2023-03-30,11.081062714616078,10.662044343400888
2023-03-31,11.27893378593203,10.839362501491706
2023-04-04,11.179396753609506,10.802797305502475
2023-04-05,10.947622198138884,10.696147416879011
2023-04-06,10.902972336035429,10.768262225662346
2023-04-10,11.038850636013867,10.762168726491575
2023-04-11,11.039946162343016,10.693098566811319
2023-04-12,10.896723249889508,10.598638827252854
2023-04-13,11.07074379877822,10.806183282980335
2023-04-14,11.060164549520113,10.785867418113156
2023-04-17,10.99610926622238,10.79501081759277
2023-04-18,11.027306576566573,10.795688223136573
2023-04-19,10.984266196857204,10.790606106196318
2023-04-20,10.993244737742172,10.7083354654617
2023-04-21,10.978137880757693,10.719507930849264
2023-04-24,10.971148752322765,10.697163000074136
2023-04-25,10.66829425516309,10.495373865866098
2023-04-26,10.630826984830579,10.559026881678234
2023-04-27,10.751928236927231,10.846134456447427
2023-04-28,10.900100344010694,10.920958887405975
2023-05-01,10.924663374340884,10.908431610930805
2023-05-02,10.76582633369082,10.813293415587385
2023-05-03,10.629207324577758,10.74253131740935
2023-05-04,10.54935872721294,10.704612360573664
2023-05-05,10.739075416048454,10.932133453275847
2023-05-08,10.826385691839691,10.959218122375294
2023-05-09,10.781673756933017,10.889810835284864
2023-05-10,10.796733744871368,11.00830849435739
2023-05-11,10.770301863624782,11.044199435526277
2023-05-12,10.757512115878372,11.004585389469357
2023-05-15,10.810836143353017,11.064173972018674
2023-05-16,10.809781156929,11.076701248493846
2023-05-17,10.965320341512511,11.210776084350384
2023-05-18,11.301791341836628,11.418998995862824
2023-05-19,11.239154089901069,11.393267037368679
2023-05-22,11.267634707920791,11.431525222096841
2023-05-23,11.081442410720442,11.28661609850406
2023-05-24,11.065323729748567,11.228720504693674
2023-05-25,11.403980570478799,11.501948092382397
2023-05-26,11.725785991430124,11.795826571866165
2023-05-30,11.736934499708358,11.849321655244712
2023-05-31,11.597257565167672,11.781942383821079
2023-06-01,11.732146308901727,11.91805258703249
2023-06-02,11.751337117450861,12.007433360374158
2023-06-05,11.793346471121337,12.015897253827662
2023-06-06,11.789958133052252,12.013865037196252
2023-06-07,11.49482868385249,11.810046837080264
2023-06-08,11.63293779500673,11.956648949411974
2023-06-09,11.674841719028704,12.002354394157363
2023-06-12,11.94696665634129,12.20516016180168
2023-06-13,12.02138859219209,12.29894459629865
2023-06-14,12.104351023215273,12.388327470122626
2023-06-15,12.199051867308107,12.535944115408313
2023-06-16,12.081787112050076,12.45705735166925
2023-06-20,12.045628658945425,12.439224256888199
2023-06-21,11.839687327336625,12.26970378211172
2023-06-22,11.961782609182018,12.41447112314882
2023-06-23,11.833188487889466,12.291403864818793
2023-06-26,11.68319731161318,12.126631530295857
2023-06-27,11.983277544588272,12.335140107401962
2023-06-28,12.020439785210261,12.359209534150619
2023-06-29,11.968771637848857,12.334460601375852
2023-06-30,12.171048728732453,12.524661374699665
2023-07-03,12.223392756412562,12.554155297004511
2023-07-05,12.145870677159072,12.553817119353186
2023-07-06,12.010371391770711,12.458209466214292
2023-07-07,11.999669781353115,12.416846768637319
2023-07-10,12.210071493342188,12.420914352623601
2023-07-11,12.24134980623059,12.482280993445256
2023-07-12,12.304736901663265,12.639933743190763
2023-07-13,12.549184265201207,12.854542120914559
2023-07-14,12.5348878213749,12.85183144849819
2023-07-17,12.755974483936999,12.971847756278217
2023-07-18,12.806090497463913,13.077966222878173
2023-07-19,12.719932656302023,13.074915272328173
2023-07-20,12.296993858898942,12.773513915464155
2023-07-21,12.305784428817992,12.735202168437178
2023-07-24,12.295971013341022,12.755544289333187
2023-07-25,12.431110033103016,12.841999090822087
2023-07-26,12.332772020482642,12.799279481675201
2023-07-27,12.29651813960581,12.768766825451767
2023-07-28,12.516768042616839,13.001343779065373
2023-07-31,12.588901416057082,13.008125186191478
2023-08-01,12.63479921372811,12.977951757860518
2023-08-02,12.166435483198732,12.693159964834093
2023-08-03,12.19599539120163,12.672818894179237
2023-08-04,11.988174389521644,12.61348762071245
2023-08-07,12.157755329875696,12.720285593338513
2023-08-08,11.897556592174915,12.612132809624844
2023-08-09,11.712056967794794,12.473466319446587
2023-08-10,11.68514535553802,12.496520163000115
2023-08-11,11.564772599352997,12.416846768637319
2023-08-14,11.798462845372052,12.556191714600532
2023-08-15,11.667657241928124,12.422950770219618
2023-08-16,11.50191409648527,12.29140386481879
2023-08-17,11.350738224599784,12.157145236760442
2023-08-18,11.322570161805453,12.141888383528148
2023-08-21,11.563983725929045,12.337513652408152
2023-08-22,11.506056524239233,12.31988220392851
2023-08-23,11.7537135521127,12.514151611479754
2023-08-24,11.399196599571841,12.246649938558184
2023-08-25,11.465784789154236,12.341580186153275
2023-08-28,11.550489939545521,12.434477166875803
2023-08-29,11.839786045923345,12.706044323301343
2023-08-30,11.924780970512375,12.776904093906627
2023-08-31,12.032878889707701,12.815212690210142
2023-09-01,12.013635187090026,12.801650926199084
2023-09-05,12.08091586289044,12.817925463108812
2023-09-06,12.015655192053027,12.705026639623908
2023-09-07,11.996419764491458,12.614166076497403
2023-09-08,11.963688412138932,12.63179542449474
2023-09-11,12.138253333228853,12.780631399759272
2023-09-12,11.95039017347555,12.638917109754475
2023-09-13,11.941525636627956,12.687059113975248
2023-09-14,12.014729863580396,12.7908019350867
2023-09-15,11.776427611172249,12.571785695242996
2023-09-18,11.770967612152491,12.584891654593571
2023-09-19,11.697834488782037,12.558068495541269
2023-09-20,11.523133953865855,12.377102492677398
2023-09-21,11.253826247501452,12.150296614200531
2023-09-22,11.295935135080859,12.151993803904075
2023-09-25,11.328057723848607,12.20971400744188
2023-09-26,11.133121674224252,12.026369208366049
2023-09-27,11.211887967149897,12.054552429711723
2023-09-28,11.342497836384917,12.155392384275777
2023-09-29,11.368583202125674,12.164217560685977
2023-10-02,11.453521647867914,12.265739121758443
2023-10-03,11.178226340030026,12.050477494037372
2023-10-04,11.380530606570765,12.214469499383494
2023-10-05,11.363314098118861,12.178478785305053
2023-10-06,11.668950407426705,12.382535390162813
2023-10-09,11.741316109158525,12.445685340462575
2023-10-10,11.857816262658693,12.514607416140231
2023-10-11,11.980350406412574,12.603906270671953
2023-10-12,11.958113633949226,12.560107013619593
2023-10-13,11.74392084808931,12.402227411784997
2023-10-16,11.871556424291253,12.542449309111122
2023-10-17,11.834341426911088,12.501368076163203
2023-10-18,11.652169321999823,12.337377121058235
2023-10-19,11.441031119271697,12.221939864706085
2023-10-20,11.1992819000863,12.039612749307688
2023-10-23,11.251728841640926,12.07594374151976
2023-10-24,11.390787963315127,12.193417415467932
2023-10-25,10.982900423636412,11.894974587932431
2023-10-26,10.816906547946923,11.668170809937873
2023-10-27,10.772320966291662,11.72419277353098
2023-10-30,10.847044886353391,11.85626795023186
2023-10-31,10.9043375611655,11.912968369609922
2023-11-01,11.064376163297306,12.119740898089814
2023-11-02,11.214227197774832,12.33975381678789
2023-11-03,11.351104859509647,12.484730155814475
2023-11-06,11.366885218521162,12.5356616005381
2023-11-07,11.479867649755464,12.654156108887168
2023-11-08,11.482975486344191,12.662303879753562
2023-11-09,11.373500015333654,12.564860405078907
2023-11-10,11.652311315055943,12.847346918774093
2023-11-13,11.651144115760916,12.807281269021303
2023-11-14,11.958600761146714,13.082976923420004
2023-11-15,11.922325967176162,13.0928229342311
2023-11-16,11.895881568719618,13.10402900733557
2023-11-17,11.946201937241522,13.10708415885018
2023-11-20,12.075530545590441,13.266662000629472
2023-11-21,12.017772977646224,13.18958690287965
2023-11-22,12.019187734248737,13.243572448876733
2023-11-24,12.053538723209916,13.22490126165544
2023-11-27,12.013991518240088,13.213354910417344
2023-11-28,12.099062658656118,13.24798871292587
2023-11-29,12.240236853095688,13.235084399876706
2023-11-30,12.27808116505077,13.2018096094204
2023-12-01,12.356387705414297,13.239497513202386
2023-12-04,12.240693208154395,13.116590941768795
2023-12-05,12.161893064902534,13.14952545409147
2023-12-06,12.026747350587362,13.073471190742545
2023-12-07,12.133791485944554,13.256135433551112
2023-12-08,12.182980098859737,13.315214649141137
2023-12-11,12.463246277139248,13.428956816272049
2023-12-12,12.560001465140619,13.535906023624168
2023-12-13,12.686315650824259,13.708045799836686
2023-12-14,12.611021822390736,13.696163371429572
2023-12-15,12.749499418136027,13.76237057372625
2023-12-18,12.822508226000965,13.849052227304236
2023-12-19,12.89953321257262,13.919819576688036
2023-12-20,12.693548034950627,13.712972481086268
2023-12-21,12.888315452750371,13.872529318042497
2023-12-22,12.84967520909148,13.89328103298825
2023-12-26,12.9672652319187,13.978332712296497
2023-12-27,12.983190373783652,14.006787946100847
2023-12-28,12.96457491909485,13.999980282945913
2023-12-29,12.908153069129016,13.939392921059918
2024-01-02,12.582142823312262,13.703506657572632
2024-01-03,12.453474846270682,13.558503012276063
2024-01-04,12.43793914834426,13.488723939817406
2024-01-05,12.453733897990247,13.504723313545
2024-01-08,12.696194070065168,13.783837502897317
2024-01-09,12.749768814944968,13.811068155517058
2024-01-10,12.828307262915674,13.904674049017984
2024-01-11,12.891503148097971,13.93360714254703
2024-01-12,12.92326031825993,13.940754033594443
2024-01-16,12.992823961629407,13.939392921059916
2024-01-17,12.873246932974263,13.860764516644537
2024-01-18,13.0671256345532,14.057506191870374
2024-01-19,13.3463236786037,14.33628115333021
2024-01-22,13.443065357613047,14.355001701885703
2024-01-23,13.449736022426537,14.414569279611957
2024-01-24,13.470336564785178,14.494559846803016
2024-01-25,13.47091946763809,14.51225851071646
2024-01-26,13.314409714235893,14.4258005585041
2024-01-29,13.426063903888803,14.573528529352023
2024-01-30,13.264156231196242,14.47651880427363
2024-01-31,13.055294452513309,14.1929788987018
2024-02-01,13.185277239769835,14.360105873890175
2024-02-02,13.397120905166508,14.602800850773553
2024-02-05,13.352100494680014,14.58374002408443
2024-02-06,13.252179655286506,14.554464551939443
2024-02-07,13.530890382990682,14.704235241830313
2024-02-08,13.620548857745122,14.731465894450052
2024-02-09,13.85427347736869,14.876469539746616
2024-02-12,13.786358606288164,14.818263074554887
2024-02-13,13.529311072628245,14.58714175517959
2024-02-14,13.856964510343028,14.746103105401964
2024-02-15,13.926405236921456,14.790011587534252
2024-02-16,13.787365118730424,14.65589999323735
2024-02-20,13.576077737996231,14.545277042331394
2024-02-21,13.177875870670112,14.487069526898512
2024-02-22,13.766440824885345,14.911187361547395
2024-02-23,13.625104013831182,14.867277829173952
2024-02-26,13.731215879094227,14.859450381859277
2024-02-27,13.792453870871883,14.895190088302105
2024-02-28,13.76448099216207,14.815877976896004
2024-02-29,13.900566793922474,14.942843730386649
2024-03-01,14.186226968685313,15.167836892633119
2024-03-04,14.300824064943052,15.113716915768428
2024-03-05,14.100302719607347,14.842431223971941
2024-03-06,14.391564848145006,14.935696839339236
2024-03-07,14.651488490629903,15.162391392253864
2024-03-08,14.205681477379352,14.943525336895066
2024-03-11,13.924445912860973,14.888043197254694
2024-03-12,14.152646909884899,15.101461651751931
2024-03-13,13.879427263482123,14.985391099984412
2024-03-14,13.76544583761699,14.947609724739795
2024-03-15,13.665139793573813,14.769929926444235
2024-03-18,13.790850608775326,14.910797722079565
2024-03-19,13.794731780119724,14.947947902391121
2024-03-20,14.0087779906564,15.125180297955428
2024-03-21,14.196013083663926,15.196755282786023
2024-03-22,14.226840694363673,15.214138874353512
2024-03-25,14.26459423800531,15.15892349596605
2024-03-26,14.205483471754164,15.109843626395485
2024-03-27,14.174566428980864,15.161307543383776
2024-03-28,14.146346476014774,15.133360626297568
2024-04-01,14.268317415767157,15.165399282916582
2024-04-03,14.384545965618086,15.19943728735394
2024-04-04,14.023555770105355,14.967026471061352
2024-04-05,14.353586447253136,15.14339587948789
2024-04-08,14.328829765883214,15.147865420126582
2024-04-09,14.309613496686568,15.203905768608742
2024-04-10,14.247275550362376,15.071197807890929
2024-04-11,14.518360674924608,15.311859105931356
2024-04-12,14.195600492534158,15.067761166546553
2024-04-15,13.949094085713659,14.819880167284818
2024-04-16,14.071982865261072,14.821255247576127
2024-04-17,13.669978528301206,14.640416298510898
2024-04-18,13.541973124442592,14.556871166050925
2024-04-19,13.045146730972276,14.255702097657426
2024-04-22,13.193689676187555,14.399068519708704
2024-04-23,13.511932269867957,14.613943354443506
2024-04-24,13.48727648517208,14.663451541850014
2024-04-25,13.515970402928009,14.592628550544358
2024-04-26,13.757094726868889,14.817817546847854
2024-04-29,13.765634300029248,14.877982076820041
2024-04-30,13.474460285706986,14.59744133156393
2024-05-01,13.232229262401095,14.491892795675264
2024-05-02,13.489814886425673,14.6768591043822
2024-05-03,13.734356042726255,14.97184137084871
2024-05-06,13.992677246568007,15.1358329378857
2024-05-07,13.926471492721271,15.138238798703544
2024-05-08,13.928316570971395,15.129299717426157
2024-05-09,13.97710876970375,15.162303763185307
2024-05-10,14.021900435979688,15.198061147678743
2024-05-13,14.018552943414972,15.233127813874852
2024-05-14,14.161319210049056,15.331111289393546
2024-05-15,14.486841555497108,15.570739688139657
2024-05-16,14.42119719777866,15.539110722671815
2024-05-17,14.392551419350358,15.531547781069627
2024-05-20,14.667268360099,15.639843299389232
2024-05-21,14.681464024673444,15.67044148433054
2024-05-22,14.764798151987105,15.66734914275094
2024-05-23,14.73023434320593,15.596869391826164
2024-05-24,15.035211273548184,15.744361054751366
2024-05-28,15.151330387535829,15.803835925810118
2024-05-29,14.940426309665446,15.692445947143128
2024-05-30,14.775959808798461,15.524328079848326
2024-05-31,14.567742870778648,15.495449274963098
2024-06-03,14.56897079776727,15.578649048274409
2024-06-04,14.520562686070834,15.621279715456593
2024-06-05,15.097800768163502,15.936201705530943
2024-06-06,15.043658932980128,15.930700324981823
2024-06-07,14.940280764892348,15.916605222303982
2024-06-10,15.218332263060816,15.98089499315009
2024-06-11,15.27764527317659,16.09056665114489
2024-06-12,15.55673259430669,16.301317304389663
2024-06-13,15.60604435836011,16.3896762772531
2024-06-14,15.61619750878273,16.4745933118527
2024-06-17,15.84006719278058,16.6764038244362
2024-06-18,15.956906639699929,16.681561964604438
2024-06-20,15.733953425597514,16.552979244760547
2024-06-21,15.595866298040365,16.50863025690617
2024-06-24,15.382895149928729,16.320683901312144
2024-06-25,15.66295218765543,16.50732085841614
2024-06-26,15.6216528200141,16.54141077266419
2024-06-27,15.596464167167113,16.584110299799335
2024-06-28,15.545673995273006,16.498023705383396
2024-07-01,15.627865982552942,16.594786770658956
2024-07-02,15.74993948060572,16.76902575807947
2024-07-03,15.948585167761882,16.90882947210327
2024-07-05,16.087543109137865,17.085135317496313
2024-07-08,16.15571522301425,17.12576798665893
2024-07-09,16.185425326560125,17.14057499531193
2024-07-10,16.344510114415346,17.31929199844227
2024-07-11,15.837454800711326,16.939478507471378
2024-07-12,15.939818225304863,17.038992792713447
2024-07-15,15.966774569212879,17.084791017731543
2024-07-16,15.899901514764341,17.091334832030004
2024-07-17,14.990918155522612,16.58962015541959
2024-07-18,15.010536607280411,16.511108155828644
2024-07-19,14.80088083253632,16.364761686890272
2024-07-22,15.19627390150073,16.60855876124986
2024-07-23,15.037706752184686,16.55002038555129
2024-07-24,14.3564465730213,15.95636495913991
2024-07-25,14.15825190811098,15.780403413511642
2024-07-26,14.36526882688354,15.94224549063256
2024-07-29,14.321654970611531,15.974269606291973
2024-07-30,14.002285620733984,15.754922052766801
2024-07-31,14.551256498481912,16.221168556686187
2024-08-01,13.723592671069044,15.828267437118374
2024-08-02,13.358746583470678,15.45258448394086
2024-08-05,13.046138532371353,14.991847835641728
2024-08-06,13.195315494970053,15.13509772546493
2024-08-07,13.073487573528416,14.9711866716037
2024-08-08,13.371467207769914,15.429169981168547
2024-08-09,13.508898897948916,15.509746719964236
2024-08-12,13.52891522622358,15.543148034682734
2024-08-13,13.744222581961969,15.928817799806435
2024-08-14,13.73926642906527,15.933982296278021
2024-08-15,13.993720074312552,16.33652592802725
2024-08-16,13.97575054348946,16.357530332446157
2024-08-19,14.131965708107707,16.572404107797066
2024-08-20,14.052399681665651,16.537623475251692
2024-08-21,14.106409434243691,16.614757216399653
2024-08-22,13.954423753021745,16.351332936680247
2024-08-23,14.113961289078924,16.528670621983714
2024-08-26,14.10268349955058,16.368203625154102
2024-08-27,14.176638635186999,16.41710266682293
2024-08-28,14.048722467397031,16.230808950099814
2024-08-29,14.08251649490781,16.207050147562725
2024-08-30,14.188936461679333,16.400228800197404
2024-09-03,13.810888573145943,15.902302480383378
2024-09-04,13.82254725715731,15.860981211691216
2024-09-05,13.810305984865987,15.87578927972811
2024-09-06,13.499445648217637,15.450518685352222
2024-09-09,13.692223354166108,15.649207193607149
2024-09-10,13.770414843837429,15.793834282489442
2024-09-11,13.937492901492076,16.136803461094107
2024-09-12,14.053123878864856,16.295202540567303
2024-09-13,14.127085890233708,16.368203625154106
2024-09-16,14.069080098694387,16.29589114009685
2024-09-17,13.989695604313225,16.304500752983948
2024-09-18,13.94148543620039,16.233909766750553
2024-09-19,14.169087787757556,16.64437123370566
2024-09-20,14.1308247346678,16.612692477194912
2024-09-23,14.176336370338293,16.656725768649586
2024-09-24,14.181107284410473,16.737072621140797
2024-09-25,14.166815532136633,16.752589417001175
2024-09-26,14.20006671598848,16.878453757779205
2024-09-27,14.143042070827258,16.784659086167924
2024-09-30,14.209093763278762,16.830176574454743
2024-10-01,14.064324910167661,16.595691484502392
2024-10-02,14.083826291910123,16.619139887559236
2024-10-03,14.072979085085597,16.606724967733484
2024-10-04,14.176285219015945,16.804313835508925
2024-10-07,14.052688420864182,16.624312859101956
2024-10-08,14.222429618588624,16.872590067939154
2024-10-09,14.32728804345472,17.005349938467656
2024-10-10,14.27782372787616,16.98603948889143
2024-10-11,14.299299436004205,17.012590827366793
2024-10-14,14.4621411639469,17.155352341215963
2024-10-15,14.159571970306393,16.92604022280633
2024-10-16,14.226435113894901,16.928108140162745
2024-10-17,14.229012584097628,16.93983234169117
2024-10-18,14.357638771779884,17.050868486138363
2024-10-21,14.36775083610592,17.08362781421855
2024-10-22,14.381816949136713,17.10224860488134
2024-10-23,14.142052424123913,16.840175039623734
2024-10-24,14.208046536623797,16.976729623251973
2024-10-25,14.256222123083923,17.080179519651367
2024-10-28,14.29598962568139,17.08293815530511
2024-10-29,14.3567379921019,17.247075917319144
2024-10-30,14.245822879976775,17.116731442063507
2024-10-31,14.010636162050245,16.684657484335712
2024-11-01,14.03410462611635,16.808105370456982
2024-11-04,14.020925225098212,16.759141706370766
2024-11-05,14.227395954727125,16.972935969536127
2024-11-06,14.65902492537384,17.433975601628262
2024-11-07,14.84658476575299,17.70845984917605
2024-11-08,14.950131640180235,17.729151735346935
2024-11-11,15.19813349673435,17.718810029797062
2024-11-12,15.085421519833096,17.686737182478637
2024-11-13,15.079169269909078,17.663978438335228
2024-11-14,14.881848928224871,17.5412191517435
2024-11-15,14.592852747354177,17.12328267204921
2024-11-18,14.648829217831231,17.242250423692873
2024-11-19,14.696910023490192,17.360871756803977
2024-11-20,14.763312179251981,17.3508711728672
2024-11-21,14.984759003142536,17.413285834225164
2024-11-22,15.159409038060119,17.441217549911293
2024-11-25,15.139176498893587,17.46880390644876
2024-11-26,15.202126551192418,17.562597518676146
2024-11-27,15.039708651959376,17.42431931745626
2024-11-29,15.138658387982538,17.57742571500698
2024-12-02,15.224335408448226,17.768804474409816
2024-12-03,15.263460399842707,17.823290706722986
2024-12-04,15.629173895515775,18.043638318641836
2024-12-05,15.585448166952728,17.99363539895795
2024-12-06,15.731296398282739,18.154672344321245
2024-12-09,15.340716745468292,18.013295445218404
2024-12-10,15.156850085601823,17.951910505003084
2024-12-11,15.382299410621492,18.27329579620013
2024-12-12,15.402429659743117,18.155360943850788
2024-12-13,15.3844170907354,18.294328803984115
2024-12-16,15.577932838723052,18.557780627684703
2024-12-17,15.405721035438821,18.4760576355183
2024-12-18,14.703401859088435,17.80949752845426
2024-12-19,14.75210022690413,17.730185694025153
2024-12-20,14.95053117345667,17.885014649783628
2024-12-23,14.984284049180449,18.059262112275274
2024-12-24,15.211336820595616,18.304142936355976
2024-12-26,15.211646144525098,18.291710007004067
2024-12-27,15.049814595328654,18.048555978666688
2024-12-30,14.871913280552693,17.808510182667284
2024-12-31,14.778055737863111,17.657232281713476
2025-01-02,14.761552298981378,17.62269424807928
2025-01-03,15.090112393889818,17.91109244365945
2025-01-06,15.21318183156465,18.116943446405536
2025-01-07,14.776801534584383,17.793659739274727
2025-01-08,14.70538558009792,17.796767971612706
2025-01-10,14.666841816411468,17.517695532430363
2025-01-13,14.582630415227216,17.461397753662542
2025-01-14,14.694236078748443,17.44481839575888
2025-01-15,14.991706187597682,17.846158567407244
2025-01-16,15.043560624984995,17.721129021135805
2025-01-17,15.34504818501577,18.02023440970845
2025-01-21,15.428401898729613,18.12592490303859
2025-01-22,15.648900927516351,18.35767784193449
2025-01-23,15.711240657948862,18.3967076632691
2025-01-24,15.642263910566765,18.29274396568228
2025-01-27,14.864078922352764,17.76015990185431
2025-01-28,15.162233145775414,18.0226519237491
2025-01-29,15.19170271454822,17.98880460841223
2025-01-30,15.335215551095239,18.06548069571902
2025-01-31,15.466431541579443,18.039231281652764
2025-02-03,15.477845199768968,17.894858444904457
2025-02-04,15.714668468693722,18.114525932364895
2025-02-05,15.878882660731621,18.19672776605031
2025-02-06,15.894697436780588,18.291710007004077
2025-02-07,15.719209694200968,18.060986789250823
2025-02-10,15.9259671824161,18.27961819926527
2025-02-11,15.641616969321444,18.236100827765803
2025-02-12,15.799910109002045,18.246806961374393
2025-02-13,16.12081287592647,18.50930322080475
2025-02-14,16.295791839735525,18.587013266789743
2025-02-18,16.35180272867055,18.62915343923012
2025-02-19,16.08242725009352,18.634333826460082
2025-02-20,15.738262725855376,18.555240225112644
2025-02-21,15.129401948732987,18.170130874067606
2025-02-24,14.755727266198424,17.955645892604913
2025-02-25,14.36138247759052,17.729417640703748
2025-02-26,14.466935273788394,17.772245353289776
2025-02-27,14.020564506646807,17.27868793264474
2025-02-28,14.266138592787906,17.551543907151128
2025-03-03,13.987717203977107,17.167472752319863
2025-03-04,13.969371475193553,17.115664642484678
2025-03-05,14.1297044698536,17.33878572143176
2025-03-06,13.45259651998807,16.8618055399226
2025-03-07,13.49262685629794,16.98580006813194
2025-03-10,12.870131736130265,16.327492561583522
2025-03-11,12.985563741369296,16.28846274024891
2025-03-12,13.181146651044912,16.472209698096602
2025-03-13,12.858224992047782,16.175866123329378
2025-03-14,13.28793165238523,16.566844461133922
2025-03-17,13.527623057853113,16.67425857205571
2025-03-18,13.313400011562317,16.390006805027298
2025-03-19,13.57117150716824,16.60932681457129
2025-03-20,13.513664345841084,16.553030095187363
2025-03-21,13.543015693526051,16.60760001882797
2025-03-24,13.894355372642108,16.972042908915526
2025-03-25,14.043120840334392,17.068894962437984
2025-03-26,13.853662853026307,16.754816241941352
2025-03-27,13.677552372161502,16.659346684397445
2025-03-28,13.24769160703962,16.220743743745672
2025-03-31,13.213781851334735,16.220051966064453
2025-04-01,13.348488610427646,16.350802185350577
