date,RL Agent,QQQ
2009-03-31,0.026328083302205926,0.04142702847089108
2009-04-01,0.011728255390221364,0.019521569174329345
2009-04-02,0.03868482123952639,0.05274544614733845
2009-04-03,-0.01333712572453156,0.01784483804167669
2009-04-06,-0.015106629496840173,-0.032029541253956406
2009-04-07,-0.010776861578462962,-0.024730322787429482
2009-04-08,0.004868346019645447,0.017857061464348734
2009-04-09,0.028138867783455947,0.030877523184436484
2009-04-14,0.014379329895191802,0.0027227361331756406
2009-04-15,-0.006471587169572713,0.011541401732354295
2009-04-16,0.012985827653912102,0.010402848618912719
2009-04-17,0.020337096469896176,-0.000996937240991147
2009-04-20,-0.0482469362202353,-0.05817793021938189
2009-04-21,0.004387621173314762,0.026826576057300544
2009-04-22,0.03051135110045192,-0.004468540342067229
2009-04-23,-0.007058090827444738,0.022789778295607466
2009-04-24,0.028508183821659056,0.02869697764146073
2009-04-27,-0.0039023693573356296,-0.02264511840054817
2009-04-28,-0.023961674732553267,-0.005037615639948312
2009-04-29,0.02316044945119765,0.030712597602096547
2009-04-30,0.014530570258948784,0.012442647156520215
2009-05-04,0.02623617014104326,0.04915913318040932
2009-05-05,-0.005754573945401535,-0.014179791937854125
2009-05-06,0.007362627121236916,0.02470277944769239
2009-05-07,-0.00599656613311245,-0.015868526935593374
2009-05-08,0.02881744882861244,0.04837268475863521
2009-05-11,-0.02146297852378439,-0.025436691038881798
2009-05-12,-0.01184132973319596,0.004248766937936965
2009-05-13,-0.05383142574666982,-0.036868733818442134
2009-05-14,0.0057044206411034585,0.01129580932764207
2009-05-15,0.013608432141044721,-0.016754864951030624
2009-05-18,0.03348431893935336,0.04985811133228912
2009-05-19,0.03188014358956595,0.010519998028883482
2009-05-20,0.011078289033509537,0.00981566476687945
2009-05-21,-0.030481646135542433,-0.0011780665635561238
2009-05-22,0.014929306090499764,0.009436516854583132
2009-05-25,0.002452498142885816,0.0
2009-05-26,0.008498524510328278,0.022494813430235405
2009-05-27,0.009605775336200904,-0.024000024683303423
2009-05-28,-0.01528941948144637,0.018735588018427896
2009-05-29,-2.7355863788181395e-05,0.013792819398678047
2009-06-01,0.04418935873756793,0.026927798882706355
2009-06-02,-0.00021107060629187098,0.011040105092760877
2009-06-03,-0.01940406972740181,-0.032487072289848706
2009-06-04,-0.0021068591559537807,0.011004673708377544
2009-06-05,0.009549065002483662,-0.01786188557185031
2009-06-08,-0.019443366210730083,-0.00710435026491707
2009-06-09,-0.0015367488076227758,0.016027677784953065
2009-06-10,0.013120839644486439,-0.0067606077827048194
2009-06-11,0.010469835216955364,0.01332925721006073
2009-06-12,-0.00859484861467515,-0.0008396707040098095
2009-06-15,-0.038146265546959116,-0.04845904421123892
2009-06-16,-0.007449182640415362,-0.01118639048722836
2009-06-17,-0.029042937260281437,-0.0005951513432163047
2009-06-18,0.013850899191475714,0.005659108094384635
2009-06-19,0.01039649644399337,0.011386837144664597
2009-06-22,-0.03324806041795114,-0.03130649181323353
2009-06-23,-0.009966214287419376,0.013362413072189439
2009-06-24,0.03159425706906163,0.007972807260769876
2009-06-25,-0.008630561407455748,0.01855793545607498
2009-06-26,-0.007424029578845849,-0.011051195379858214
2009-06-29,0.020564449180188907,0.01600714035427142
2009-06-30,-0.01662666656503301,-0.010106994638437672
2009-07-01,0.018562613605577056,0.01681693367344983
2009-07-02,-0.03044780684496812,-0.03278207128484856
2009-07-03,0.006322862526513291,0.0
2009-07-06,-0.016815145978915803,-0.0054960855155324895
2009-07-07,-0.003175327748779286,-0.029475134451763196
2009-07-08,-0.019875836849394892,-0.008225032356836692
2009-07-09,0.014496446712862281,0.020095689017902263
2009-07-10,-0.009986933509696809,-0.013132972906243379
2009-07-13,0.030640120986825062,0.029467498600273423
2009-07-14,0.019863510999040816,0.005232268773633031
2009-07-15,0.04143376213658938,0.04592740695320652
2009-07-16,0.011677391958042294,0.012295425366579016
2009-07-17,0.004132400299433562,-0.004338196272307693
2009-07-20,0.018281308704722454,0.020331552999710345
2009-07-21,0.0068229098239589855,0.0008535478471207725
2009-07-22,-0.00026120772928465866,0.006257423576495613
2009-07-23,0.025091465017387796,0.020632954017587135
2009-07-24,0.004389932025629384,0.009138802137130808
2009-07-27,0.004137583488489689,0.0021952052523463994
2009-07-28,-0.020507799039258867,-0.005476035794005463
2009-07-29,0.013171815233001009,-0.006332734060321088
2009-07-30,0.01483739829135342,0.016347625316605496
2009-07-31,0.0007736243097414744,0.013359081596666877
2009-08-03,0.02768933549008407,0.020984636500653853
2009-08-04,0.000545587036194664,0.005797222792940815
2009-08-05,-0.00670208677572208,-0.009955563429588365
2009-08-06,0.011213606156644214,-0.007144747354525083
2009-08-07,0.014956112940700622,0.010927637432364135
2009-08-10,0.0011407272076994286,-0.010282293214032512
2009-08-11,-0.021684456705257045,-0.0101223011380982
2009-08-12,0.0094307895657226,0.01749185733336933
2009-08-13,0.01748572905618934,0.010578995666950863
2009-08-14,-0.01469514387867623,-0.01177710646357255
2009-08-17,-0.030170247052797555,-0.04051848592840768
2009-08-18,0.016317759568138645,0.01186824137732545
2009-08-19,-0.004876804749753837,0.013092970870899556
2009-08-20,0.018185057485170485,0.009155048263827181
2009-08-21,0.032430998626798296,0.032550479296136414
2009-08-24,0.02020276802283193,0.007235480336052813
2009-08-25,0.005906991698535483,0.01180068362907738
2009-08-26,-0.006206305244315813,-0.004564297700285325
2009-08-27,-0.008913913236162599,0.013245181340292955
2009-08-28,0.011684428783224739,-0.007038802976104486
2009-08-31,-0.01705818872834514,-0.005063310320680081
2009-09-01,-0.02641790982184413,-0.035114216251380226
2009-09-02,-0.0137950273661021,0.0013184440865270375
2009-09-03,0.0042623141921559774,0.007110709969198048
2009-09-04,0.020174645225891515,0.02275177349369173
2009-09-07,0.019311498782475064,0.0
2009-09-08,-0.004514342146688947,0.016619393876044608
2009-09-09,0.016251710520662387,0.020371911828590106
2009-09-10,-0.002600603514659413,0.007395203939420947
2009-09-11,0.00721234194398814,-0.0019578841078748965
2009-09-14,-0.010806275973945715,0.007355083063241397
2009-09-15,0.005510405100994382,0.005110524902728786
2009-09-16,0.024747284748674176,0.020822979198605873
2009-09-17,0.009361495796952944,-0.005929322977583973
2009-09-18,-0.006319035454972677,0.0035633466803735026
2009-09-21,-0.01358759165969849,-0.008102344415078733
2009-09-22,0.0064449076625250415,0.013454814837653206
2009-09-23,0.008230981061251292,-0.013276186210441465
2009-09-24,-0.016667412813085317,-0.014176615593933684
2009-09-25,-0.003749118704603413,-0.0021933678279317803
2009-09-28,0.02403055199439031,0.022472068767410258
2009-09-29,0.004091760114522969,-0.006211219713218696
2009-09-30,-0.005909101055270128,-0.006490781578366245
2009-10-01,-0.0253413077624514,-0.030244252509178837
2009-10-02,-0.02147000924105564,-0.009730802115974768
2009-10-05,0.009535733385060466,0.01990444872271646
2009-10-06,0.03299826884447302,0.02346870422260916
2009-10-07,-0.006045576792101204,-0.003861919418340798
2009-10-08,0.017306291582210368,0.013811287047527543
2009-10-09,-0.0013288522074463706,-0.0007167153801836967
2009-10-12,0.014001573428714586,0.01219829414717677
2009-10-13,-0.014352037264393616,-0.005435043666483397
2009-10-14,0.03265539313357057,0.03349987039012392
2009-10-15,-0.0001433977857968496,0.0011494519767552003
2009-10-16,-0.01924986769504115,-0.023421547894079464
2009-10-19,0.01890409150564293,0.01998576233069982
2009-10-20,-0.013342217219859686,-0.009220836294479229
2009-10-21,0.0008911474108454693,-0.0006982963092427852
2009-10-22,-0.01596477077916545,0.010710131654535271
2009-10-23,-0.0037298861199393358,-0.015434174839771386
2009-10-26,-0.027889211518337717,-0.026672677394120714
2009-10-27,-0.004469130719561297,-0.00985574140591805
2009-10-28,-0.02820757868962017,-0.027433623882871183
2009-10-29,0.02927025826290451,0.037693353505340754
2009-10-30,-0.030318312758555982,-0.04594672221240381
2009-11-02,0.006081021838265756,0.005295099950257232
2009-11-03,-0.01893813418061245,-0.007274000772921507
2009-11-04,0.020195520223057123,0.017433172477711034
2009-11-05,0.013799751976082242,0.020362497926576406
2009-11-06,0.0026705565361092474,-0.005110281638675884
2009-11-09,0.022640476174372003,0.03767066344686554
2009-11-10,0.00038989354547760735,-0.0028286370959017537
2009-11-11,0.011056429264126973,0.00661945130805397
2009-11-12,-0.000732055233987998,-0.016204754261884502
2009-11-13,0.0024076278754263597,0.01766553147181993
2009-11-16,0.01816795746501834,0.011728506226326374
2009-11-17,-0.009177005176771275,-0.006260011522433384
2009-11-18,-0.001536436238372202,0.004199803671721236
2009-11-19,-0.017930059410004424,-0.015566850181585101
2009-11-20,-0.00956833425555258,-0.01652165829801211
2009-11-23,0.022117357408068094,0.02399880479332772
2009-11-24,-0.004969807611002079,0.002343174497495548
2009-11-25,0.008161294319701537,0.015431413423599327
2009-11-26,-0.03579585492333922,0.0
2009-11-27,0.010058664663462372,-0.040985564440751854
2009-11-30,-0.010599664532756858,0.001200355958161925
2009-12-01,0.028537757083168542,0.02661930513553079
2009-12-02,0.006003301668777103,0.003970622026772563
2009-12-03,-0.0006995124359092409,-0.00977178813443147
2009-12-04,0.011708334233559305,0.00023434098464103492
2009-12-07,-0.005174095666890226,-0.006106883101243188
2009-12-08,-0.017214252970210408,-0.023871874561533613
2009-12-09,-0.011992149720719894,-0.005326556629051571
2009-12-10,0.011432505200644536,0.006572169183098664
2009-12-11,0.004191937946812686,0.004595291636980914
2009-12-14,0.006745115211933892,0.006018130395832877
2009-12-15,-0.0003522803272130405,-0.00981093200547789
2009-12-16,0.01227520290482672,0.01715811290233571
2009-12-17,-0.01267149182449786,-0.02779741316043982
2009-12-18,-0.013001857628522875,-0.0024572006123129153
2009-12-21,0.018005590292618105,0.015517499906818832
2009-12-22,0.0056388227436032405,0.005578160954681666
2009-12-23,0.005569630878452545,0.011818860128642417
2009-12-24,-5.859887948711214e-05,0.0028601614580310297
2009-12-28,0.010459131286361067,0.007606746466815917
2009-12-29,0.004541988855315334,0.0
2009-12-30,-0.008620558404787863,-0.00990818530714499
2009-12-31,-0.0005260989384098234,-0.011675317684697206
2010-01-04,0.02265810765016381,0.03423361574087358
2010-01-05,-0.00463000754604133,-0.004661792835800038
2010-01-06,0.00014054308640635348,-0.0014055172006613992
2010-01-07,-0.004062973758057794,-0.0030483757011916524
2010-01-08,0.003585019611498388,0.007762851630662482
2010-01-11,-0.0031399085674294943,0.0060685811914984455
2010-01-12,-0.014188481058986914,-0.017400899592072694
2010-01-13,0.0012072848256429846,0.00944496754029056
2010-01-14,0.006774122778136356,0.004444330803055285
2010-01-15,-0.01558222431460317,-0.03050724154659956
2010-01-18,0.0041459554520681605,0.0
2010-01-19,0.0074325645383406976,0.012010321968058513
2010-01-20,-0.023760403914493654,-0.03346809546419971
2010-01-21,-0.017713656510776422,-0.034381209375636934
2010-01-22,-0.0077422165801997,-0.015767792880196474
2010-01-25,-0.008344385761941993,0.006976720265550407
2010-01-26,0.009720052744674596,-0.002565959641504967
2010-01-27,-0.005496718354369586,-0.0020584061989837865
2010-01-28,-0.020565503175875594,-0.023459632420204324
2010-01-29,0.014618276962393602,-0.011615617995913707
2010-02-01,0.0037397133943408603,0.02590809065224353
2010-02-02,0.011222593906191259,0.018745139551171075
2010-02-03,-0.0024252990297607547,-0.013288723791961554
2010-02-04,-0.028085510095045976,-0.059311391268231706
2010-02-05,-0.027137465487796032,-0.017345758649915832
2010-02-08,0.014930366924708297,-0.008966096821913294
2010-02-09,0.0021094281120796663,0.04127808045519821
2010-02-10,0.0010696381178505656,-0.008145505351149107
2010-02-11,0.0005639562039352385,-0.004106026782143224
2010-02-12,3.140423144251787e-05,-0.009346165285559982
2010-02-15,0.001364467538293962,0.0
2010-02-16,0.010220706003811735,0.03107680038191063
2010-02-17,0.014254255368376982,-0.0024222056345547527
2010-02-18,0.008402329348290329,0.008632232221619907
2010-02-19,0.0031892281403159022,-0.0029418129060391207
2010-02-22,-0.00731073260866516,-0.002950831675056498
2010-02-23,-0.011077818022600406,-0.024481663931428477
2010-02-24,0.0014596263274582575,0.007997793952362553
2010-02-25,-0.016770410540426012,-0.010670708385572714
2010-02-26,0.017243898545826652,0.012445174605154818
2010-03-01,0.019912043654250276,0.01693514370666782
2010-03-02,0.009727718570562264,0.002148910211294819
2010-03-03,0.007370378539176571,0.013132708467860299
2010-03-04,-0.006552035526126564,-0.0031742587838291536
2010-03-05,0.01761803731332402,0.026804269097271183
2010-03-08,-0.0019308443309928513,0.0025847751964138688
2010-03-09,0.0028446535198742196,-0.006444667564940221
2010-03-10,0.008440151554799892,0.011675893199230902
2010-03-11,-0.0029862394044390312,0.0012825649678831486
2010-03-12,-0.001215185782908312,0.003329636793967472
2010-03-15,-0.008053624995866548,-0.0074030640432627415
2010-03-16,0.011945333897626111,0.014660032752459529
2010-03-17,0.00814815887812721,0.004562562498593659
2010-03-18,-0.002819209541848589,-0.00984075977409582
2010-03-19,-0.0037896073301949373,-0.015079934400413553
2010-03-22,0.00016966362122658183,0.0012950499468467047
2010-03-23,0.004596796069076833,0.004139567265131205
2010-03-24,-0.0008443113974794566,-0.017005615015542652
2010-03-25,0.013225168089358906,0.003669954680736831
2010-03-26,-0.0042060088219007035,0.01149064980736303
2010-03-30,-0.0019979989286096804,-0.005116073820565448
2010-03-31,-0.0013964220286344596,0.0002568676186562868
2010-04-01,0.015302518922182663,0.024164419246627045
2010-04-06,0.004497342724211375,-0.009035841620009477
2010-04-07,-0.005782025630152139,-0.014437754282690674
2010-04-08,-0.009357283271042736,-0.0035979478017396094
2010-04-09,0.013799399991901256,0.023213649318166496
2010-04-12,0.0009200862575365112,0.012604296098075896
2010-04-13,-0.005506644872693981,-0.00149413793181985
2010-04-14,0.005269447679247468,0.010969893561746158
2010-04-15,0.0001760320422625447,-0.005178533425825638
2010-04-16,-0.02017583724228526,-0.026772779866472862
2010-04-19,-0.0006983148566150535,-0.0015280477492217726
2010-04-20,0.01596884911709722,0.006122752383536545
2010-04-21,-0.00886890848439871,-0.014706240007782534
2010-04-22,-0.016319140948527,-0.015182482747510995
2010-04-23,0.010580945894575568,0.007838704161410082
2010-04-26,0.01222092835533468,0.0012964667110002548
2010-04-27,-0.03247398213354522,-0.05851857062522303
2010-04-28,-0.01300297290353124,-0.0035754504480073335
2010-04-29,0.010754664230141018,0.01794079120001335
2010-04-30,-0.002980690287388374,-0.005964981985533635
2010-05-03,0.0007948642729544531,0.00490960104445759
2010-05-04,-0.02429015247932154,-0.05510322031061743
2010-05-05,-0.005567911877322873,-0.024993072637284564
2010-05-06,-0.00794744793331514,-0.04832045055108003
2010-05-07,-0.025694441675225724,-0.019504063802495364
2010-05-10,0.051366668590948454,0.10830401484241436
2010-05-11,-0.0022855159765570038,-0.01623938984459894
2010-05-12,0.015120551785673616,0.013322219376316502
2010-05-13,0.006576328343886603,-0.02143517362091152
2010-05-14,-0.03545687843387967,-0.043224247068681554
2010-05-17,-0.001802686683274594,0.0027470879009379168
2010-05-18,0.017658604934624303,-0.015220504395622836
2010-05-19,-0.0273751076467654,0.01298293423482022
2010-05-20,-0.017333963783481877,-0.03326205010687655
2010-05-21,-0.004798786073335045,0.030618862077177234
2010-05-24,-0.0016109826358102967,-0.03736611488599817
2010-05-25,-0.026863081439690694,0.0003181370760199087
2010-05-26,0.021981312524605466,-0.02767213379305533
2010-05-27,0.033723834381803194,0.0765460180784514
2010-05-28,-0.0036243083094227237,-0.02096657859204787
2010-05-31,0.0032535401878148813,0.0
2010-06-01,0.002169865218649559,-0.017690569227632458
2010-06-02,-0.0008285997700325605,0.02811998079123801
2010-06-03,0.014201437629003678,-0.007683091458411395
2010-06-04,-0.02321561001248939,-0.06100909439046853
2010-06-07,-0.008098939245390773,-0.010224444508271202
2010-06-08,-0.0027220245290269424,0.015661322790675003
2010-06-09,0.017762272874365905,-0.0036086844450792244
2010-06-10,0.014814066315581343,0.05367146762083164
2010-06-11,0.0006627787596939516,0.011249814751216336
2010-06-14,0.016430052442158363,0.011124761843473108
2010-06-15,0.007655789748060973,0.04645469015580961
2010-06-16,0.00504757274222301,-0.009637672004362052
2010-06-17,0.004211192185102711,0.006487516355572209
2010-06-18,-0.0018244537795348466,0.0018944562655358599
2010-06-21,0.014131795166552892,-0.006601357753155845
2010-06-22,-0.005332714889661037,-0.01298680308663347
2010-06-23,-0.014196933734142261,0.0058139677141704205
2010-06-24,-0.01636523605582053,-0.025859533834137638
2010-06-25,-0.005674098699703156,0.006870955680049695
2010-06-28,0.01537239102660383,-0.00558347563655337
2010-06-29,-0.03154468780038303,-0.045227210940214535
2010-06-30,0.00240859945871244,-0.0013069556303232366
2010-07-01,-0.022388877161722134,0.019953735920497317
2010-07-02,-0.001353023010253509,-0.00994206977528922
2010-07-05,-0.00351908713673318,0.0
2010-07-06,0.024528434589349404,0.028506483129755456
2010-07-07,0.010115386377085683,0.04724432483033025
2010-07-08,0.00845606646887706,0.00781978260149696
2010-07-09,0.007217526477582873,0.0038791869190444306
2010-07-12,0.0026037405921463374,-0.005053708105068111
2010-07-13,0.016542636420649005,0.0236035133879251
2010-07-14,0.002136904023711929,0.0023349816718618577
2010-07-15,-0.009712664046659544,0.007280323253875398
2010-07-16,-0.016519883711960892,-0.03151212816427662
2010-07-19,-0.006754265170738754,0.009552277117665486
2010-07-20,-0.006832186766157164,-0.00384372128382926
2010-07-21,0.007594705979027822,-0.02433969940937708
2010-07-22,0.024946845083028826,0.04472151785863843
2010-07-23,0.004721844961008271,0.012521815669093384
2010-07-26,0.006035882297944017,0.012079754258270459
2010-07-27,0.0001825738658122974,0.008809225162942358
2010-07-28,-0.00033985180964786244,-0.005352211560153197
2010-07-29,-0.006307012649063054,0.002548794925090858
2010-07-30,-0.0016404983520016546,-0.005649772487864246
2010-08-02,0.02687225346466411,0.04346588446795474
2010-08-03,-0.004565241305422594,-0.0024503413178753597
2010-08-04,0.0005998512220671408,0.003275174964464611
2010-08-05,-0.0021145959836390074,-0.0005441502550788124
2010-08-06,-0.013402264199097172,-0.0019053116767956402
2010-08-09,0.01808919609418077,0.004363215736293391
2010-08-10,-0.012676870657558363,-0.005701383008749672
2010-08-11,-0.02744219650739543,-0.0592575970029221
2010-08-12,-0.00023888114055147883,-0.0031930602027585575
2010-08-13,-0.0012607304143111297,-0.0128127061836536
2010-08-16,-0.001745872127959793,0.00471973617959387
2010-08-17,0.014429293753549965,0.01761541694139268
2010-08-18,-0.004085795503005405,-0.0014425330657028557
2010-08-19,-0.01856135176947728,-0.025714484255656478
2010-08-20,-0.012388128665332041,-0.016311107025057336
2010-08-23,0.0058027218919955055,-0.002713326033882968
2010-08-24,-0.01608961404542076,-0.018137837749138352
2010-08-25,-0.008247310059631025,0.0
2010-08-26,0.0069845651011622234,-0.0030788949308641067
2010-08-27,0.011360085570946065,0.02501553889967867
2010-08-30,-0.004188445571395456,-0.021994590332095054
2010-08-31,0.003093480859519064,0.0036966471611110663
2010-09-01,0.033370951710083835,0.045427054183035054
2010-09-02,-2.5095647146338253e-05,0.012918032621095588
2010-09-03,0.006358757686773862,0.01478274985409267
2010-09-06,0.0006767685039408954,0.0
2010-09-07,-0.008701434314770537,-0.029705542182476008
2010-09-08,0.009688178130359474,0.009419930141123745
2010-09-09,0.00881635550848763,0.00991545956763118
2010-09-10,0.0009098783277157537,0.005775305705767453
2010-09-13,0.004628559374278309,0.022394446288931613
2010-09-14,0.004659603594162009,0.009828600171107649
2010-09-15,-0.002512728109443741,-0.0011123407734556778
2010-09-16,-0.0006201957897074882,0.0025050828574690875
2010-09-17,-0.002898848626125403,-0.013578521702472535
2010-09-20,0.01674505921936656,0.01833532833032825
2010-09-21,-0.0026950999383121964,0.006094719437404805
2010-09-22,-0.015469990097808872,-0.0005509932413749752
2010-09-23,-0.0017661432565199554,-0.019007993468314277
2010-09-24,0.02114735371135193,0.04352683256255152
2010-09-27,-0.0065205220585801,-0.012648049488029556
2010-09-28,0.0009881266884705575,0.012537437093844916
2010-09-29,-0.006856105800451281,-0.009151501191216993
2010-09-30,-0.0016742458632464485,-0.0027167917609385306
2010-10-01,-0.0014246960158090342,0.008989117275238767
2010-10-04,-0.012389397291095165,-0.02078871027511986
2010-10-05,0.0190312772630149,0.04080535985855471
2010-10-06,0.008237732643138242,0.006092736597747894
2010-10-07,0.00043058645232473013,0.0018428955020710625
2010-10-08,-0.00012452073530427098,0.003679736964590008
2010-10-11,0.0009666539527423753,-0.0026187816894566174
2010-10-12,-0.002666003742484093,-0.0005248253342124976
2010-10-13,0.01779864783698445,0.02153921567837025
2010-10-14,-5.3866159383593145e-05,0.007200117311977339
2010-10-15,0.0012804227234530863,-0.002042671844235344
2010-10-18,-1.9082188149475557e-05,0.004860215604246099
2010-10-19,-0.005137765461259551,-0.028258618624334653
2010-10-20,0.0063793249198630456,0.024888737499302316
2010-10-21,0.010866330809617027,0.0033233898922124805
2010-10-22,-0.002903885839394748,0.0025477451985793653
2010-10-25,-0.001399871227783933,-0.0015249184149149775
2010-10-26,-0.0052968718757745005,-0.006362645233019548
2010-10-27,-0.009089314342328429,-0.012294878649957375
2010-10-28,0.005921930986163953,0.010891685076579671
2010-10-29,-0.0008400604312104794,0.0
2010-11-01,-0.001929963409053351,-0.011031188655578505
2010-11-02,0.008032193371138691,0.024903031246884977
2010-11-03,-0.008245776609608282,0.0012651785889770117
2010-11-04,0.017041246361201134,0.02300311348392481
2010-11-05,-0.00391364934803387,-0.016308136230012593
2010-11-08,-0.002172366705158643,-0.009294667975098703
2010-11-09,0.008223514042214497,-0.011663171637452563
2010-11-10,-0.01617852966503664,-0.002308853439539793
2010-11-11,-0.004826655177631236,-0.015170923172019846
2010-11-12,-0.0034885209468204456,-0.005744147924410914
2010-11-15,0.0103721167206716,0.001313092689142481
2010-11-16,-0.026235404694046324,-0.026225804823503673
2010-11-17,0.0063104326483157175,0.006463378473431369
2010-11-18,0.02153229514522032,0.02863304763665564
2010-11-19,0.00010411126172051887,0.004682254272277309
2010-11-22,-0.012671586649352517,-0.019938053754247398
2010-11-23,-0.027836630431497443,-0.04147960398814399
2010-11-24,0.011021698021370086,0.005237248056050747
2010-11-25,0.002373520985798475,0.0
2010-11-26,-0.009696904049002851,-0.019468283403091258
2010-11-29,-0.025179693768026982,-0.02376925857206602
2010-11-30,-0.006599341552319013,-0.024921064144658223
2010-12-01,0.01855149597465674,0.042303372888760515
2010-12-02,0.021810963301006923,0.027620562266339466
2010-12-03,-0.00016887657059531838,0.012616358711464049
2010-12-06,-1.9959820921815856e-05,-0.012729856407007079
2010-12-07,0.014006707640389943,0.006858979238649532
2010-12-08,0.0007203978276927757,0.007902077631295246
2010-12-09,0.004409391383230225,0.007569120008377395
2010-12-10,0.0030915714510627184,-0.0002679802475333837
2010-12-13,0.0077760015077090695,0.01315045053178765
2010-12-14,-0.001424920527829578,-0.0002650606700295155
2010-12-15,-0.004693665113236252,-0.019872133688456972
2010-12-16,0.001925296712645561,0.007028604899304014
2010-12-17,-0.005484047297231363,-0.0093525371921227
2010-12-20,0.006751137980661157,-0.0005455527841242702
2010-12-21,0.01282305265613303,0.007916705815501413
2010-12-22,-0.0022571429332381423,-0.0005414806101143865
2010-12-23,-0.004540311498756276,-0.005691105067718083
2010-12-24,0.00011317847205737471,0.0
2010-12-27,-0.0033586414397854215,-0.0027258700924492896
2010-12-28,-0.0026382173439099075,-0.0068323021729099764
2010-12-29,0.007652151317948914,0.011282383469672919
2010-12-30,-0.012007965857478736,-0.004897776287629219
2010-12-31,-1.3263970974154774e-06,0.007383198962757964
2011-01-03,0.004572694232537568,0.008685893038624881
2011-01-04,-0.002241949661697785,-0.0016144424345033714
2011-01-05,-0.005375381537734145,-0.009434124273322353
2011-01-06,-0.0004936481055944719,-0.016054287717170213
2011-01-07,-0.009711887791080676,-0.016869515910944988
2011-01-10,-0.015054063600562361,-0.007594609556789922
2011-01-11,0.013613279790761226,0.007652729045937612
2011-01-12,0.01752397576071648,0.043881900464284085
2011-01-13,0.004408973635012245,0.024791090401030447
2011-01-14,0.0007847289924313328,0.012884755337379872
2011-01-17,-0.0025723954131702835,0.0
2011-01-18,0.008948866877400057,0.004673038092038562
2011-01-19,-0.012618337504711018,-0.005168192524486082
2011-01-20,-0.005587672002213772,0.01116857514163394
2011-01-21,0.007493634086373747,0.020550018139324333
2011-01-24,0.0030578520858891367,0.008054456702442092
2011-01-25,-0.0011077398388986872,-0.003995050390823929
2011-01-26,0.009325740202717038,0.0005014703275070254
2011-01-27,0.0031207954075568047,0.015785266239548568
2011-01-28,-0.012758044890748917,-0.0320672388309754
2011-01-31,-0.002474424067855671,0.01809382790474756
2011-02-01,0.01582739795161574,0.02578236316747251
2011-02-02,-0.00039377811897978003,-0.005368411797235018
2011-02-03,-0.002567407039258265,-0.010304232006877134
2011-02-04,0.0032064792290286835,-0.00123931309711367
2011-02-07,0.01050079631808838,0.00496378190774327
2011-02-08,0.0057041728029294456,0.009878905391835335
2011-02-09,-0.004781812575102206,0.0022011312882928014
2011-02-10,-0.0012253179330865217,-0.010492683151080873
2011-02-11,0.004080577917058463,-0.001973157777145129
2011-02-14,0.0002946498417141047,-0.008400937014553023
2011-02-15,-0.002960467755251455,0.0002489317281377801
2011-02-16,0.003934306936297783,0.01893362072716931
2011-02-17,0.00029456109174934563,0.005868223198342015
2011-02-18,0.0017906230765280058,0.00486174316003396
2011-02-21,-0.018409291613134048,0.0
2011-02-22,-0.007173586399133792,-0.038219748232879214
2011-02-23,-0.013353477499619253,0.0050297181342953134
2011-02-24,-0.0003968139113284787,0.0007508116883117033
2011-02-25,0.015105923950565415,0.011002626707897756
2011-02-28,0.011325454016690016,0.01310936314575839
2011-03-01,-0.007887822552017972,-0.019286909269607966
2011-03-02,-0.010237448555740434,0.006472002691886969
2011-03-03,0.00513753507340551,0.016819705371276195
2011-03-04,-0.005455974593835553,-0.014838349153015962
2011-03-07,-0.003009716721444006,-0.006172987257055063
2011-03-08,0.002212073576157761,0.0022359787252186347
2011-03-09,-0.003726277383662561,-0.004461980556839995
2011-03-10,-0.013066650994300554,-0.021414380696171187
2011-03-11,-0.013081720834694024,0.00610658909076478
2011-03-14,-0.015802550411553068,-0.005311123484295632
2011-03-15,-0.021601248002518492,-0.023899974367943666
2011-03-16,-0.020936054563695763,-0.0395937256321931
2011-03-17,0.0261981791429856,0.038513703118636
2011-03-18,0.005501941582453885,0.014996908998774483
2011-03-21,0.022645752704215573,0.0317176386651028
2011-03-22,-0.0005886130199387603,-0.004748659946728573
2011-03-23,0.0028091276502010304,-0.003767110887580638
2011-03-24,0.016990768073460095,0.025459875802229748
2011-03-25,0.001122404688849571,-0.011061596689671216
2011-03-28,0.00020181726767507652,-0.0017400182961645472
2011-03-30,0.00904778446467806,0.011389090533358903
2011-03-31,-0.006509107778105619,-0.0034272185908850172
2011-04-01,0.017649911259828847,0.014738271828725669
2011-04-04,-0.0018823359642519656,-0.0009683543050164056
2011-04-05,0.0014539380124236052,0.0
2011-04-06,0.0031768348496255027,0.0162346061822769
2011-04-07,-0.005994879577383411,-0.0028611345596316617
2011-04-08,0.009241621383186084,0.0083691689194072
2011-04-11,-0.00759858128113758,-0.0021341651001431927
2011-04-12,-0.01593445004715235,-0.0047529571168362095
2011-04-13,0.007255742105761186,-0.0016712470408177804
2011-04-14,-0.01064392946181253,-0.0007177803490278079
2011-04-15,0.0017232754239833903,-0.008855731143858181
2011-04-18,-0.02274607605325281,-0.03187631531587787
2011-04-19,0.005733005878271112,0.008480695724643716
2011-04-20,0.026724141909995426,0.03240175842100235
2011-04-21,0.007242478220766289,0.008385137096357465
2011-04-26,0.006421874036229824,0.014018082705900436
2011-04-27,0.006551379365877327,0.025304162090545423
2011-04-28,0.007347555213661888,0.005027589949463396
2011-04-29,0.002898618945155553,0.0011367672196616052
2011-05-02,0.001070686560056794,-0.0006815207564003778
2011-05-03,-0.0057873675405963375,-0.002500014517685223
2011-05-04,-0.0159545183529604,-0.010935997920292762
2011-05-05,-0.006477112541183033,-0.029716789625620965
2011-05-06,0.011743175631370362,-0.010208733764158873
2011-05-09,-0.014909123629128166,-0.0026385364808695355
2011-05-10,0.014438576558898018,0.01731579721660026
2011-05-11,0.0013158316075004002,-0.02056745748671096
2011-05-12,-0.008556046990421392,0.00217235781144276
2011-05-13,-0.0065038644343244955,-0.01926766463889762
2011-05-16,-0.001245353845700805,-0.00073691929041797
2011-05-17,-0.013403029679702928,0.0014738789052537449
2011-05-18,0.006988580916842608,0.007117145516013945
2011-05-19,0.008303546714883077,0.007553656390238084
2011-05-20,-0.009576653708033891,-0.0229746041668768
2011-05-23,-0.015238929691667335,-0.02277201676182583
2011-05-24,0.0002943310876996808,0.002279192357532933
2011-05-25,0.004672631937142209,0.007834347689757104
2011-05-26,-0.0031211799264518896,0.004012385040077282
2011-05-27,0.00961917391027895,0.009990001717659291
2011-05-30,-0.002927697994502786,0.0
2011-05-31,0.019623120342655898,0.03016812185129769
2011-06-01,-0.008823613772988306,-0.03192531454806713
2011-06-02,-0.015839015525713672,0.009918320159992833
2011-06-03,0.0030298124407163777,0.007856626004034695
2011-06-06,-0.01071888084592162,-0.02095018265618387
2011-06-07,0.002862572329558568,0.014430877987334556
2011-06-08,-0.008375306958107643,-0.014961307862874973
2011-06-09,0.008837807166106243,0.014442110748475345
2011-06-10,-0.013980401815172894,-0.03264626530186354
2011-06-13,0.0016889929915427711,0.0030452740518955856
2011-06-14,0.01792842403558914,0.02504440735153657
2011-06-15,-0.014325385679964745,-0.04442243085255282
2011-06-16,-0.00022460351350840908,0.0007745903567899504
2011-06-17,0.012141330082989708,0.030208092851268464
2011-06-20,-0.007564680918439776,-0.006699027239800093
2011-06-21,0.01834986674686741,0.0287934782833823
2011-06-22,-0.0013921508039855901,-0.013111576236719213
2011-06-23,-0.025555802530308928,-0.01686249479244817
2011-06-24,-0.004016615156018187,-0.022609048091893125
2011-06-27,0.0035557188323420393,0.01675079411769076
2011-06-28,0.00852108811510175,0.016736210123032835
2011-06-29,0.01730931062121944,0.022119520404500825
2011-06-30,0.016632002391396287,0.021640389023076523
2011-07-01,0.008359973286775705,0.01428609199728137
2011-07-04,-0.0022727516240909117,0.0
2011-07-05,-0.006111895928617856,-0.019669906182464003
2011-07-06,-0.0028510755610835887,-0.012385284777383432
2011-07-07,0.007810493049209378,0.008276614516135705
2011-07-08,-0.01354566581527035,-0.028109095504689763
2011-07-11,-0.02610884785559022,-0.049654334821030544
2011-07-12,-0.009449250926105539,-0.010234958273364847
2011-07-13,0.008295484258251717,0.020136585507162463
2011-07-14,-0.008200643885311507,-0.009069364332830676
2011-07-15,-0.00475845509860439,-0.0002690515780630065
2011-07-18,-0.01525116626492496,-0.019386402088593102
2011-07-19,0.008396154111196008,0.018122104732559485
2011-07-20,0.008988049137573298,0.01941745482246726
2011-07-21,0.008136806940327115,0.03677275977823058
2011-07-22,0.0065634474445416,-0.002551971903861028
2011-07-25,0.0013346813165478184,-0.011767289570658201
2011-07-26,-0.0034774450850433417,0.008024340875758096
2011-07-27,-0.012677476840150099,-0.03312762683217574
2011-07-28,-0.00419449459212866,-0.006108989595992709
2011-07-29,-0.004644558266526316,0.0013359463775384217
2011-08-01,-0.023522712053397322,-0.0280224161650956
2011-08-02,-0.01641121121465383,-0.033772504041154505
2011-08-03,-0.01448974379781355,0.00909364174498628
2011-08-04,-0.032663493699488205,-0.08025896926282727
2011-08-05,-0.015061677052975318,0.04133449338759121
2011-08-08,-0.04100296065102389,-0.0846809906283219
2011-08-09,0.004752488296578945,0.04979157723326688
2011-08-10,-0.04562707610185813,-0.0856792820027521
2011-08-11,0.029651654922720986,0.04953135940658493
2011-08-12,0.03533842774221678,0.03443859473265687
2011-08-15,0.0024841001942208897,0.026818902467038663
2011-08-16,0.0014895761852428886,-0.019813810461596026
2011-08-17,0.005032966277594842,0.007044063687400293
2011-08-18,-0.045480250092940065,-0.0553524193158893
2011-08-19,-0.020167327495618167,-0.02543487951448209
2011-08-22,0.010384072469434517,0.014866299241752312
2011-08-23,0.011167939811042586,0.03873702648311905
2011-08-24,0.014416160322554366,0.005327741351826676
2011-08-25,-0.014259923054507271,-0.028366972926977096
2011-08-26,-0.008419226248614171,0.008341675008341598
2011-08-29,0.01913380456920849,0.0286350480327473
2011-08-30,0.0006292184124467873,-0.00958883234708885
2011-08-31,0.01849761069179462,0.01998774275975923
2011-09-01,0.005436743784539763,-0.018983438622834692
2011-09-02,-0.03033074423618925,-0.03932585928925081
2011-09-05,-0.040244823784994284,0.0
2011-09-06,-0.005318311436814802,-0.051982068622298705
2011-09-07,0.027909565850897093,0.029472477912616757
2011-09-08,0.004633858631299113,-0.022969619714104605
2011-09-09,-0.02971785734354,-0.05485512440405549
2011-09-12,-0.024648154406361252,-0.018745254148445967
2011-09-13,0.0055648829688672375,0.018368293658036272
2011-09-14,0.021413912737938013,0.032106953480420586
2011-09-15,0.024663934930918893,0.04019562657839848
2011-09-16,0.0009644969097321421,-0.010068223810028254
2011-09-19,-0.0195153282466754,-0.031057527870769874
2011-09-20,0.024274013883158176,0.003522252451436003
2011-09-21,-0.017339237391027655,-0.035451021863103116
2011-09-22,-0.041151583011849464,-0.03602642392259092
2011-09-23,0.0056588318278146385,0.017742528220062725
2011-09-26,0.01952405753204297,0.03857617167365124
2011-09-27,0.041287143906440144,0.03714269418299487
2011-09-28,-0.004752337330046047,-0.01652929975842443
2011-09-29,0.0073980155297553064,0.0322129829409008
2011-09-30,-0.008613697423584765,-0.04070584763460916
2011-10-03,-0.008249257697264955,-0.03677497192815726
2011-10-04,-0.013694206053795666,0.030837203220895226
2011-10-05,0.03254470482350288,0.02884616593146605
2011-10-06,0.021086600829858533,0.034614056089448786
2011-10-07,0.007478842040764332,-0.007025927960918388
2011-10-10,0.0160755308066192,0.05289765946154423
2011-10-11,-0.0025709774246353346,-0.0009599691002887267
2011-10-12,0.015721441940234355,0.025945013265013417
2011-10-13,-0.0032493156767209297,-0.004995339079231553
2011-10-14,0.012977637557803252,0.012237095278304633
2011-10-17,-0.009891800614304029,-0.03781760789034083
2011-10-18,-0.0042986492518938876,0.02126286284905321
2011-10-19,0.003490311870544284,-0.01671925976040134
2011-10-20,-0.012395806246444787,-0.006737501724358497
2011-10-21,0.021882279542535375,0.03165377837405825
2011-10-24,0.009578904366900804,0.014715263829992553
2011-10-25,-0.007484748399849857,-0.0197468999991377
2011-10-26,-0.0010200357573702066,0.012590365120866087
2011-10-27,0.039208504401634044,0.08548354420381066
2011-10-28,-0.006963295694146311,-0.018900490382360746
2011-10-31,-0.01881279270363614,-0.05750123940070939
2011-11-01,-0.037814789672594815,-0.0585322502431016
2011-11-02,0.012097461592295978,0.0174342293345231
2011-11-03,0.016478658432608942,0.03879755497507298
2011-11-04,-0.018992418709227424,-0.031434964627850004
2011-11-07,-0.0015543489283676602,0.0025706109983216763
2011-11-08,0.01028762395519106,0.02179473474742788
2011-11-09,-0.01677794905041268,-0.07245901766383622
2011-11-10,0.0028618275556664976,0.024349110439744637
2011-11-11,0.02508920957483934,0.03895675028114587
2011-11-14,-0.01141932465575655,-0.03114088058790243
2011-11-15,-0.007626984129188323,-0.007543309570282597
2011-11-16,0.0038568696029271012,-0.018176288744562896
2011-11-17,-0.006892142263690321,-0.009760909104317927
2011-11-18,-0.003713111754798532,0.01121699917455743
2011-11-21,-0.03050786238329215,-0.02857159522095465
2011-11-22,-0.007796749644207558,-0.013148265651976354
2011-11-23,-0.01856916343656145,-0.03751775270090607
2011-11-24,-0.0048264000157236305,0.0
2011-11-25,0.005921451139546251,-0.0036431908021405945
2011-11-28,0.03988134379877564,0.06325390763325278
2011-11-29,0.003250873027260162,0.00584615994553106
2011-11-30,0.03666176421882347,0.0608547537937445
2011-12-01,-0.004882825533646016,-0.009345872343974992
2011-12-02,0.0006834610436090054,-0.0006505014956083022
2011-12-05,0.003414423778293755,0.01595029342362886
2011-12-06,-0.004272226073622503,0.003524775390275403
2011-12-07,-0.003339434198353701,-0.00031936839242696635
2011-12-08,-0.018000124386723135,-0.043755893787779554
2011-12-09,0.02012469210615817,0.0374081194475917
2011-12-12,-0.022733566884779795,-0.04700598187191618
2011-12-13,-0.00016598714304138357,-0.026350903086079458
2011-12-14,-0.01801247046849471,-0.014573657080804936
2011-12-15,0.007329523850458127,0.003873425770299699
2011-12-16,-0.015151103510309549,-0.011027766140796813
2011-12-19,-0.0006868377215149079,-0.0032168145973012763
2011-12-20,0.015236508348664034,0.04589516463732535
2011-12-21,-0.007607783119462925,-0.008227986721159208
2011-12-22,0.011165892831783836,0.010369931858480452
2011-12-23,0.008521329612904562,0.009237050206778008
2011-12-27,0.0015345935655829196,-0.003390019324050031
2011-12-28,-0.011448617898623033,-0.024149470875966084
2011-12-29,0.016793700397199674,0.02335301204537399
2011-12-30,0.009552676549717856,0.005108928815863445
2012-01-02,0.01926783398092472,0.0
2012-01-03,0.003798573085781991,0.0352421813904944
2012-01-04,-0.014758557188343043,-0.019312870508471303
2012-01-05,-0.011071917033959645,-0.02503298274162158
2012-01-06,-0.0025357616897919892,-0.021225892883549813
2012-01-09,-0.0002095193414832673,0.006995743283814804
2012-01-10,0.01780598453036057,0.022229762286246624
2012-01-11,-0.009183721103091269,-0.0030581264178310974
2012-01-12,-0.002421246490405483,0.009883825263200974
2012-01-13,-0.0068360295512320726,-0.019236618693896257
2012-01-16,0.010056733369811962,0.0
2012-01-17,0.009337221715698212,0.026496619665547172
2012-01-18,-0.0033483049471635285,0.016426405371541497
2012-01-19,0.00793178625796668,0.022097850454254386
2012-01-20,-0.00685599871524053,-0.0009683435843516053
2012-01-23,0.004905905451019746,0.008721088627761331
2012-01-24,-0.004457325064617635,-0.0022412325863367943
2012-01-25,-0.004390411520049824,0.011553260562100487
2012-01-26,0.016182313734196343,0.004124270919070527
2012-01-27,-0.011729386630908781,0.0025275103861321924
2012-01-30,-0.01176164648504766,-0.019539671754413068
2012-01-31,0.003995589967547649,0.0054645505949391104
2012-02-01,0.021948099564713195,0.021738939767273813
2012-02-02,0.003233518947495263,0.0043804460497314235
2012-02-03,0.013880869947480973,0.015887691821329986
2012-02-06,-0.004042214657819678,-0.005826446536177365
2012-02-07,-0.0010755207631753271,0.010487220531412378
2012-02-08,0.0017655737734731949,0.007021017438151755
2012-02-09,0.00320904442394999,0.0033342203826958183
2012-02-10,-0.021021424793592793,-0.02839852994600156
2012-02-13,0.00772346820862813,0.00777347511255555
2012-02-14,-0.0028665723776549515,-0.010181756029402411
2012-02-15,0.00037452852109676844,-0.0052994099767633696
2012-02-16,-0.0009600095496127522,0.015982198323076346
2012-02-17,0.010093140093566494,0.010796004461972597
2012-02-20,0.012881509142593497,0.0
2012-02-21,-0.0069260427796791185,0.0061026820949814375
2012-02-22,-0.013273145287099343,-0.007581970931794579
2012-02-23,-0.005575814804062562,0.010391240299048699
2012-02-24,0.010506856072634184,0.010284284627160245
2012-02-27,-0.0041022747917571645,-0.008383612053051381
2012-02-28,0.0060590268720457745,0.008454491227609662
2012-02-29,-0.0020311693748947274,-0.014072245115596349
2012-03-01,0.017809143149456193,0.015791246755136656
2012-03-02,-0.00033727352025486097,-0.01225721692944326
2012-03-05,-0.007695995027913868,-0.00242108955566811
2012-03-06,-0.03847551391121348,-0.04763371310749953
2012-03-07,0.009100284844303221,0.01592906563552332
2012-03-08,0.026784629689000812,0.0310437869319935
2012-03-09,0.001064554436362616,-0.010948718508620225
2012-03-12,9.047521838149619e-05,0.002767278054365052
2012-03-13,0.016588214807889155,0.01594611602003404
2012-03-14,0.011663496628771277,-0.0039238470104022705
2012-03-15,0.010545222170754235,0.013939375875743565
2012-03-16,0.0024872547924858135,0.009501563488246934
2012-03-19,-0.0005961225263728222,0.007125934657345345
2012-03-20,-0.019696217977554057,-0.01267666052095806
2012-03-21,-0.0023781375985027146,-0.009555465975928379
2012-03-22,-0.018847639079508857,-0.013867915622487681
2012-03-23,0.001381144201183248,0.0048914416674674666
2012-03-26,0.009319101869666292,0.015515598909962014
2012-03-27,-0.003517241270441994,-0.014080227761005482
2012-03-28,-0.009509676728329558,-0.011242783805304968
2012-03-30,0.011985071964324686,0.011533117389765035
2012-04-02,0.012206942404670901,0.009553036828646055
2012-04-03,-0.00985330278464715,-0.028082337927541223
2012-04-04,-0.02438980695378227,-0.02889483853024155
2012-04-05,-0.000741880658205975,-0.011965987974717485
2012-04-10,-0.02450233561261854,-0.033388106662246675
2012-04-11,0.009866350904258418,0.018963650260739096
2012-04-12,0.011802646712952367,0.014290497496164845
2012-04-13,-0.02215340035100782,-0.034731544168113304
2012-04-16,0.01099498889848065,0.01154125290383523
2012-04-17,0.025336708362628163,0.024496669266253823
2012-04-18,-0.009007112275652448,-0.017032515884667476
2012-04-19,-0.01124387760971123,-0.01832733447909074
2012-04-20,0.009618972893615777,0.017990564493560512
2012-04-23,-0.028979109332370544,-0.025675050706553737
2012-04-24,0.013409128060764969,0.012320353900686642
2012-04-25,0.012847265142738387,0.023326504657538827
2012-04-26,0.00305162786452216,0.006276924366666492
2012-04-27,0.010446898726746121,0.004924294066207535
2012-04-30,-0.010545554371980306,-0.011107368471490409
2012-05-02,0.0001101257654209109,-0.010571363553902646
2012-05-03,0.0019511782896298395,-0.01035093365172779
2012-05-04,-0.01929418731247625,-0.016194238173709352
2012-05-07,0.009399737685968395,0.017832841857678083
2012-05-08,-0.023757961564089887,-0.01718311041281917
2012-05-09,0.0038117027939747958,-0.019541075245989137
2012-05-10,0.0013778004454177222,0.012237716698013434
2012-05-11,0.009479984902874793,-0.0034544628614331385
2012-05-14,-0.019506891012785087,-0.027035892784443516
2012-05-15,-0.006144674128458327,-0.017813177639738997
2012-05-16,-0.0010932571454369592,-0.004714584749740847
2012-05-17,-0.010715774063509414,-0.013119452827451306
2012-05-18,-0.007233738598817311,0.005169566176626228
2012-05-21,0.007758596193403907,0.024981696745869808
2012-05-22,0.01848006027903641,-0.005734524018756515
2012-05-23,-0.02481795222380465,-0.013338659831180877
2012-05-24,0.006694259978017603,-0.008402808272559348
2012-05-25,0.0036873821372674183,0.0025791222663507085
2012-05-28,-0.00172025960107938,0.0
2012-05-29,0.015119039249930478,0.003307239478020252
2012-05-30,-0.02215235917643617,-0.03479835928236774
2012-05-31,0.00042500265940313844,0.0034156221392218633
2012-06-01,-0.03097047152126752,-0.023071267404105478
2012-06-04,-0.005894180751726878,0.020131736707749592
2012-06-05,0.0031588394823258087,-0.0015177965874260124
2012-06-06,0.02156485719058204,0.036107636135177756
2012-06-07,0.00488834691439862,-0.006236500206623585
2012-06-08,-0.0037079280768761657,0.004799086976764233
2012-06-11,0.003546842506991628,-0.01616459586158292
2012-06-12,0.0025294508501282334,0.014936539998774201
2012-06-13,0.0016908547111355728,-0.004415198939846876
2012-06-14,-0.0011955323150979011,0.01330412303170836
2012-06-15,0.010172272692372539,0.018065526776764207
2012-06-18,-0.001850639736147722,-0.017005833636435597
2012-06-19,0.015267399722949066,0.027830353009673514
2012-06-20,0.0006484908896357918,0.004390633823532664
2012-06-21,-0.004608853322467258,-0.025501216315058306
2012-06-22,-0.010802040508777226,0.012710409554713031
2012-06-25,-0.018569617241116842,-0.03506808561356689
2012-06-26,0.0009246419251730382,0.0034429124871302452
2012-06-27,0.014967442684904913,0.012199942741544678
2012-06-28,-0.0062428520996551315,-0.0011301981707592113
2012-06-29,0.052080460851190814,0.06410235416536847
2012-07-02,0.013420188535452848,0.008504828539435128
2012-07-03,0.005924424375924973,0.008784258782648768
2012-07-04,-0.0010730719127850306,0.0
2012-07-05,-0.006762484162640094,-0.03413448788642515
2012-07-06,-0.016429257996003987,-0.023800817034473343
2012-07-09,-0.0036527874167659085,-0.0007386793816885895
2012-07-10,0.012278251893306892,-0.00924245499570342
2012-07-11,-0.0015151211885083163,0.00895524586705454
2012-07-12,-0.0028669162898692386,-0.008505646723240279
2012-07-13,0.017183914491266983,0.0138006707221896
2012-07-16,-0.000519223145545962,-0.001839899105386178
2012-07-17,0.00068734691752871,0.009214893754577291
2012-07-18,0.01704292812509891,0.008765854200626366
2012-07-19,0.007001619365799472,0.00651675080312053
2012-07-20,-0.02027323334904916,-0.038129585287074996
2012-07-23,-0.022689069737520502,-0.025803856689813776
2012-07-24,-0.006644701152890374,-0.022264920950221145
2012-07-25,0.0026670222507500807,0.013348951580849366
2012-07-26,0.03384845561994612,0.05269296407414581
2012-07-27,0.013502637823781544,0.037541158429791555
2012-07-30,0.008070762044512658,-0.0024826105723518843
2012-07-31,-0.00961538366411194,-0.003556587965984903
2012-08-01,0.0034155230415877807,0.00035706913866939693
2012-08-02,-0.021617352504626746,-0.034962377762814634
2012-08-03,0.035400968877420995,0.06580346903243828
2012-08-06,0.0020709725844569125,0.01283430807914665
2012-08-07,0.012436272963116427,0.01917806102518571
2012-08-08,-0.006070697540905628,-0.006384521824624456
2012-08-09,0.002064829985080138,-0.005072518291572847
2012-08-10,-0.0063894983553370414,-0.0010199443645799722
2012-08-13,-0.003612057341251738,-0.0006802733489914559
2012-08-14,0.008305286482228646,0.002383345634276113
2012-08-15,-0.000879062363257354,-0.002717429306129282
2012-08-16,0.004737460480039163,0.01975461320037475
2012-08-17,0.0006716649587244744,0.002003989329889322
2012-08-20,0.0003622853873838679,0.001000037692932887
2012-08-21,0.005590328564309105,0.011322030740603672
2012-08-22,-0.015359378589973804,-0.0009877612499907817
2012-08-23,-0.007011792465735697,-0.013513587617484668
2012-08-24,0.0035711560503190196,0.0
2012-08-27,0.00907205335170101,0.006014070769912339
2012-08-28,-0.00888409962895534,0.002657055775038941
2012-08-29,-0.00375674406430371,-0.005299935671460032
2012-08-30,-0.009773797554863795,-0.015650978971452956
2012-08-31,0.009968308517842235,0.017591301825211403
2012-09-03,0.010430206386895104,0.0
2012-09-04,-0.010162066948213016,0.003657083844529785
2012-09-05,0.005133570266462252,0.0009937437762581602
2012-09-06,0.0239339543501519,0.038384871047936864
2012-09-07,-0.003078538651368459,0.020713923307153603
2012-09-10,-0.005531981284215044,-0.012800482599869434
2012-09-11,0.010195418166484779,0.02182165049329865
2012-09-12,0.0008469304441247747,0.005880288069967099
2012-09-13,-0.005364622777651918,0.01384615745031259
2012-09-14,0.013435880496390483,0.01396061833200024
2012-09-17,-0.001957792179628883,-0.005088179697045669
2012-09-18,-0.00885874778647721,-0.014440298456814826
2012-09-19,0.006544728146099686,0.00610517784087139
2012-09-20,-0.002270457484537879,-0.010012338857785519
2012-09-21,0.011871574406084892,0.006277886461887094
2012-09-24,-0.007679171104702147,-0.007033815319857917
2012-09-25,0.0071586300838713465,-0.010163386191290535
2012-09-26,-0.027309332029357567,-0.017112261243058202
2012-09-27,0.0016083148971208945,0.012345578039946625
2012-09-28,-0.0196945588697583,-0.029706483785662208
2012-10-01,0.016725468730666864,0.01127978951657349
2012-10-02,-0.003124056676047713,0.008285227026210595
2012-10-03,-0.001233918319244194,-0.003476519028811409
2012-10-04,-0.0013619140477759543,0.012369342727361898
2012-10-05,0.019407059677486235,0.00845862644054951
2012-10-08,-0.013767378417417523,-0.009319952644715856
2012-10-09,-0.008317356570540085,-0.02477266006438139
2012-10-10,-0.007905299602898026,-0.002572024218186697
2012-10-11,0.016229250190177916,0.011605448431666554
2012-10-12,-0.005844007661989377,0.0019119616991938315
2012-10-15,0.006760195829938005,0.011132421778279111
2012-10-16,0.028331613590665102,0.02956901049465488
2012-10-17,0.0158729124357424,0.013748935503868465
2012-10-18,0.0007921131370948118,-0.004521019503228696
2012-10-19,-0.015382309937397178,-0.020890203698574084
2012-10-22,0.0028901143700591327,0.006802886494090998
2012-10-23,-0.021155409799585197,-0.026719935415092766
2012-10-24,0.0024116460888161154,-0.0031552833649172163
2012-10-25,-0.004831722041544274,0.001265930477125199
2012-10-26,0.002824213371031302,0.004110226484639767
2012-10-29,-0.009454986285835559,0.0
2012-10-30,0.015092535953292664,0.0
2012-10-31,-0.004399215057156591,0.005037679137719575
2012-11-01,0.014185882685105167,0.011904824748014908
2012-11-02,0.0044909882115969765,-0.011764767255635356
2012-11-05,-0.013713536139842273,-0.006892132673268048
2012-11-06,0.006095173874175915,0.010725463068082863
2012-11-07,-0.023947202560478154,-0.02340843683314009
2012-11-08,0.0006483836712777494,-0.011504948835081796
2012-11-09,-0.0033526012630241283,-0.0003234174969410919
2012-11-12,-0.002178307739487428,0.0029107000811803285
2012-11-13,0.016057429472475977,-0.00386973036772964
2012-11-14,-0.004565712394714994,-0.007769526708907071
2012-11-15,-0.0016425809276997049,0.0045674685445371566
2012-11-16,-0.018765950659807767,-0.00811919474429057
2012-11-19,0.029174340491225224,0.029796809215471898
2012-11-20,0.007500236245269354,0.00476971257961134
2012-11-21,0.007085489155260777,0.00411394995273362
2012-11-22,0.0069166465617514165,0.0
2012-11-23,0.006594676744946733,0.027418432934513293
2012-11-26,-0.005593649590581634,-0.0009199467173475195
2012-11-27,0.0015931734501737642,-0.0104391407809995
2012-11-28,6.033888622971927e-06,0.011169488206934863
2012-11-29,0.016929336159435714,0.010125965986253815
2012-11-30,-0.0038992881805453433,0.0030378181487495937
2012-12-03,0.0013932122015248589,0.0030284476594721887
2012-12-04,0.0063054106179454795,0.007246312295294155
2012-12-05,0.0027461550368406795,0.0023980322767096496
2012-12-06,0.005698700133133695,-0.0017941796154858913
2012-12-07,-0.001875193684140377,-0.006890527264448498
2012-12-10,-0.009742230583639985,-0.0012065271747755402
2012-12-11,0.01202438250735223,0.01449700315143021
2012-12-12,0.002913170006538385,0.005358921135980577
2012-12-13,-0.0015759689102820512,-0.0023692504719373675
2012-12-14,0.00369326215567299,0.009201669499458776
2012-12-17,0.002567684976020098,0.004411819245007331
2012-12-18,0.008250653092304938,0.011127686117262892
2012-12-19,0.00459193704117334,-0.0005794791194358995
2012-12-20,0.0013128083643719204,0.008113830929982857
2012-12-21,-0.00781995651252757,-0.00690565611886107
2012-12-24,0.0002974181985405652,-0.006692185478824775
2012-12-27,0.0029358496970375075,0.012302308295909725
2012-12-28,-0.01567029564473049,-0.019965055756552386
2012-12-31,0.002003290419037273,0.023324453946584223
2013-01-02,0.028065516476231636,0.010386526718027866
2013-01-03,-0.0015380769360933137,-0.015419833078318401
2013-01-04,0.0030263530619007778,0.008700341737503114
2013-01-07,0.0030765847756047504,-0.004025123324123747
2013-01-08,-0.0022331371542543823,-0.0028864770124648054
2013-01-09,0.007277370543006041,0.0017366570770775969
2013-01-10,0.010551847995357985,0.020231445135637127
2013-01-11,0.0060662129514044965,0.008215145286160519
2013-01-14,-0.0015430230450191676,0.0022480139129121834
2013-01-15,-0.0042402756269159,-0.0075695399151135545
2013-01-16,-0.003625005703516009,-0.0067796069775671874
2013-01-17,0.009836302018481756,0.012798631422457518
2013-01-18,-0.004809940372363619,-0.0022464373287995887
2013-01-21,0.008644031242503286,0.0
2013-01-22,-0.0015667673531304049,0.002533069670778154
2013-01-23,-0.008197195606068674,-0.005053417313556463
2013-01-24,0.009448768921558631,0.007054401640290919
2013-01-25,0.003926376451932295,0.018492460769606867
2013-01-28,0.0048480963933429655,-0.0008255909523472438
2013-01-29,-0.001223119468723232,0.0008262731159558445
2013-01-30,-0.010011427896228406,-0.0005504452058007203
2013-01-31,-0.007661272194694441,-0.010735056048373437
2013-02-01,-0.0028644972883485726,0.012799229882116014
2013-02-04,-0.03745320960070205,-0.04450564041635774
2013-02-05,0.01099311334014363,0.013513682848877773
2013-02-06,-0.01149413989991396,-0.011630948146485243
2013-02-07,-0.005924233868867749,-0.01607364088401797
2013-02-08,0.015031822470980293,0.008168070988095799
2013-02-11,-0.005910332542045452,-0.0026040849875559324
2013-02-12,0.01141129255320143,0.013634562157825103
2013-02-13,-0.0031319940721571842,0.004293580546173459
2013-02-14,-0.011302527770715302,-0.013109106838098183
2013-02-15,-0.010897518079368505,-0.009818305204853939
2013-02-18,-0.001024234208285778,0.0
2013-02-19,0.016350997088416475,0.021580639531729284
2013-02-20,-0.011626882524868518,-0.022552003992089786
2013-02-21,-0.02374683045272583,-0.023364677380637744
2013-02-22,0.014922979095611926,0.025119752734913847
2013-02-25,0.008424984032949943,-0.03909011804808327
2013-02-26,-0.034667069984704604,0.005464565686995604
2013-02-27,0.018310293828877104,0.022041445211735677
2013-02-28,0.006895335970750214,-0.005022273484134088
2013-03-01,-0.00975956117678614,-0.006235207567487633
2013-03-04,0.0003328183732629424,0.007768352386113175
2013-03-05,0.024393589033413435,0.01423028934841608
2013-03-06,0.0006181892630325968,0.004092433648521521
2013-03-07,0.006433289047385635,0.009606849524301575
2013-03-08,0.010858224861175056,0.0028834703855813437
2013-03-11,-0.005571812387479249,0.000862537901705096
2013-03-12,-0.0021850408629363466,-0.004596210961018921
2013-03-13,-0.004836570828050773,-0.005194562475806852
2013-03-14,0.010197598497915043,0.013924714406707617
2013-03-15,-0.007338195278536141,-0.0011462684963691183
2013-03-18,-0.006400874832093567,-0.02124014610328029
2013-03-19,-0.012045220214343191,-0.008504460808942849
2013-03-20,0.010784352159441065,0.016267245855156043
2013-03-21,-0.011115778927062836,-0.014260460877880798
2013-03-22,-0.0016410170102007854,0.012400153639546607
2013-03-25,-0.012958247933250058,-0.027413394261925017
2013-03-26,0.0018459880512356407,-0.0005993443077966232
2013-03-27,-0.010521048056269161,-0.01650168191426038
2013-03-28,0.004170998181255331,0.00793180488409817
2013-04-03,-0.01420630599085747,-0.007180572758924253
2013-04-04,-0.010841203455310422,0.0054245057682325015
2013-04-05,-0.018261265770167054,-0.008392984433839512
2013-04-08,0.003994221067555558,0.004231842853820611
2013-04-09,-0.002669721421848802,0.0045155680591668634
2013-04-10,0.023480138931099633,0.021276956618586862
2013-04-11,0.007654213112638999,0.007335372782185212
2013-04-12,-0.013782455903324952,-0.005534602371058184
2013-04-15,-0.003793735466069805,-0.024312048132947073
2013-04-16,-0.003059932525306273,0.019514094559019757
2013-04-17,-0.019373974224012696,-0.03445224554323567
2013-04-18,0.00021282205539963482,-0.0009151776641890264
2013-04-19,0.009245979262757867,0.008241845921567181
2013-04-22,0.0019025201639106877,0.008476837515463354
2013-04-23,0.03283841153093965,0.023716970631344703
2013-04-24,0.01004758590236696,0.014662637909374165
2013-04-25,0.0004598997198423383,-0.0037571309943362774
2013-04-26,-0.007843979761309764,0.0029008073211351793
2013-04-29,0.014692189874754163,0.021984482101864433
2013-04-30,-0.004409082751302497,-0.001131983928100988
2013-05-02,0.004381454455994863,-0.0005667123902621807
2013-05-03,0.012917513817660136,0.01757859915236626
2013-05-06,-0.0038825093938593264,-0.004179092789998395
2013-05-07,0.010946917134021683,0.005875595306076509
2013-05-08,0.010886857351833376,0.014186284355595769
2013-05-09,-0.0010177929165761798,-0.013439245689902402
2013-05-10,0.0028599110037147747,0.004169797211975634
2013-05-13,-0.0031074826983922056,-0.0049835189799194435
2013-05-14,0.008084659833833057,0.004173822864732335
2013-05-15,0.00413301682300514,0.0008311867382799765
2013-05-16,0.0038543035526004315,-0.006367551062910426
2013-05-17,-0.00048177488498817256,0.011702236667241461
2013-05-20,0.007036862463859324,0.0019284273488378023
2013-05-21,-0.0018149847648639408,0.0005493494447226244
2013-05-22,0.00807762750697303,-0.008791122766802717
2013-05-23,-0.024375796288981004,-0.00027742234917538244
2013-05-24,-0.0034481346405463233,-0.0019404855913688346
2013-05-27,0.010452347531418018,0.0
2013-05-28,0.016946469437148063,0.010555950713235562
2013-05-29,-0.017413451056038136,-0.004123416318974171
2013-05-30,0.007366901905119201,0.009660808175363522
2013-05-31,-0.007691751037731422,-0.02159643972733305
2013-06-03,-0.011993713573475865,0.009778717040114682
2013-06-04,0.0030517248900898348,-0.007194217963233718
2013-06-05,-0.017190246693129536,-0.014771823750173385
2013-06-06,-0.013013142582254656,0.006789561224122886
2013-06-07,0.01941230049663637,0.010677478890991798
2013-06-10,-0.001672825168369956,-0.00027858074504771846
2013-06-11,-0.015352922777246827,-0.012513652825936306
2013-06-12,-0.004943598550997094,-0.003660534552208161
2013-06-13,-0.0008283781884766223,0.013001539777345084
2013-06-14,0.0013984919207871854,-0.010881809299170597
2013-06-17,0.014958294649637587,0.015797036477750215
2013-06-18,-0.0011864055808953379,0.005553812165938199
2013-06-19,-0.005366960288631549,-0.024302806851955627
2013-06-20,-0.035638648064975104,-0.037645094628458664
2013-06-21,-0.013285273000926004,-0.006384990786036937
2013-06-24,-0.015125988048123483,-0.01667190187670342
2013-06-25,0.015549442303235454,0.009556289702120191
2013-06-26,0.020245805604545145,0.014350968688931598
2013-06-27,0.012142749532828819,0.005719298357768965
2013-06-28,-0.004385387651160027,-0.008380539077359028
2013-07-01,0.0073816405873286944,0.00965895063909783
2013-07-02,-0.007149259336625699,-0.016741031366500514
2013-07-03,-0.011060554585594249,-0.0027363526120847137
2013-07-04,0.030478789153972237,0.0
2013-07-05,-0.018228140024784758,0.0036582043471122816
2013-07-08,0.018056570879421592,0.016099543427637197
2013-07-09,0.003301883847457777,-0.0008970648049351215
2013-07-10,-0.0003326532560572036,0.005984878369172497
2013-07-11,0.008369316729314284,0.027364775563197608
2013-07-12,0.0006164149648836585,-0.007238234754846418
2013-07-15,0.004469907525785826,0.004374017698069554
2013-07-16,-0.004804110021840672,0.00029100587869823613
2013-07-17,0.004661179570669317,0.001450970567244969
2013-07-18,0.009675221230152664,0.012753813371020772
2013-07-19,0.0014295981203604187,0.0031483979117385985
2013-07-22,0.002266074332159134,0.005135676776678366
2013-07-23,-0.0025293179548499176,0.00368950874971552
2013-07-24,0.008303524133888837,0.007919146428942092
2013-07-25,-0.0002655883892112473,0.007295275263619727
2013-07-26,-0.002156545108321869,0.0019494179731420758
2013-07-29,0.00043518910710427174,-0.0050038686936169086
2013-07-30,0.00498958365883491,0.001676445870851584
2013-07-31,0.0017442923810858494,0.006136199384101593
2013-08-01,0.011959272336795088,0.014139444247180721
2013-08-02,0.002744887535896767,0.0038270301748641877
2013-08-05,0.001318004657338058,-0.004084635171149875
2013-08-06,-0.007515794959686446,-0.004375444057056366
2013-08-07,0.003055190276593475,0.004669185514278418
2013-08-08,0.011537395242915237,0.014215395919769502
2013-08-09,0.0030041539741854878,-0.0008088089651345776
2013-08-12,-0.0010755364680509626,-0.003506819002425998
2013-08-13,0.0008774886929872092,0.004601972870051707
2013-08-14,0.005549657411290642,0.0005393298062292828
2013-08-15,-0.005213127871640926,-0.0005390390863834194
2013-08-16,0.004579525359770496,0.0048502998449215795
2013-08-19,-0.014234670858593803,-0.012871725646956045
2013-08-20,-0.014933134232001839,-0.0019015958715641323
2013-08-21,-0.003903338378056958,-0.010342828228393386
2013-08-22,0.017874718803687562,0.015676230689729787
2013-08-23,0.002287967012659195,0.006498783634548699
2013-08-26,-0.007289132184148295,-0.006994695323740974
2013-08-27,-0.030754046298969197,-0.027092907820984724
2013-08-28,5.557897225116652e-05,-0.0022278930480926773
2013-08-29,0.008335020789694237,-0.003907366388700595
2013-08-30,-0.013146576357379976,-0.011767776222448956
2013-09-02,0.020276083481564976,0.0
2013-09-03,-0.007632324538934637,0.009639817808794415
2013-09-04,0.002425320664392924,0.005335440330950014
2013-09-05,0.005972983034848698,-0.0022346627889821002
2013-09-06,0.007345054195207775,0.011478458890934906
2013-09-09,0.003993693633303117,0.01162438704540425
2013-09-10,0.01898401545603508,0.015594967954147387
2013-09-11,0.004526049702960867,0.009698499701325192
2013-09-12,0.0037038945354896115,-0.005336204414760015
2013-09-13,0.00027397719314554053,0.005633011790551201
2013-09-16,0.007630640160165822,0.00826874045577286
2013-09-17,-0.0030614395422318254,0.0044974881701440594
2013-09-18,0.0063830476966714655,0.030550823925146853
2013-09-19,0.005767189258110065,-0.004600328741029447
2013-09-20,-0.0033230550881303443,-0.006871534419465863
2013-09-23,-0.006990498487230862,-0.003109439867246322
2013-09-24,0.00804455049722732,0.0023393010268508707
2013-09-25,0.001515049081088412,0.003890299307490519
2013-09-26,-0.0016258984181935236,-0.0005167853495390284
2013-09-27,-0.001981549329259891,0.0002584911753558128
2013-09-30,-0.009705440002767782,-0.007493885757897334
2013-10-01,0.021775275092093874,0.012237016754696128
2013-10-02,-0.0012940864582880645,0.002314212749547684
2013-10-03,-0.00465010283563333,-0.007184706286856968
2013-10-04,0.01392767306627402,0.005944875809101191
2013-10-07,0.0015332360775860052,-0.0035973502464948792
2013-10-08,-0.007235530533953179,-0.007735968073591337
2013-10-09,0.0023725720414856724,0.003118187237349579
2013-10-10,0.026560600189138167,0.02461188679802917
2013-10-11,-0.002014226213554391,0.0010113440718761968
2013-10-14,0.0021156256711570127,0.004293904029811113
2013-10-15,0.011906863941781897,-0.003269815897970041
2013-10-16,0.009288912489698754,0.009841285311463333
2013-10-17,-0.0019030859304872668,0.011744040392413169
2013-10-18,0.00403436617949293,0.005680594296959773
2013-10-21,-0.0035867519558674815,-0.0014736280807394753
2013-10-22,0.004021745885566146,0.011559320133987194
2013-10-23,-0.013869661566870688,-0.00778001489316571
2013-10-24,0.010437448404045918,0.008085948032131363
2013-10-25,-0.004962229832723218,-0.0007288958891066288
2013-10-28,-0.011098132617050564,-0.00632461270964102
2013-10-29,0.012703371430315814,0.006609292159438063
2013-10-30,-0.006765010833977694,-0.006079729268413825
2013-10-31,0.01030956254313839,-0.000978480994487052
2013-11-01,-0.00308089337287957,-0.006857672087588251
2013-11-04,0.004061916482372979,0.0034523447811318775
2013-11-05,-0.011930151012635193,-0.014008254984939073
2013-11-06,0.007281710648198556,0.011714564393917604
2013-11-07,-0.009020575788596328,-0.020694466332144557
2013-11-08,-0.004151228701737714,0.0030189717374473624
2013-11-11,0.006563542838577447,0.009029314308129699
2013-11-12,-0.006897026737159003,-0.0054685071512233785
2013-11-13,-0.008186309841929446,0.004498859721780768
2013-11-14,0.011458852630818299,0.0034832013038805787
2013-11-15,-0.0021501273198846873,0.0034716495201201347
2013-11-18,0.007300411803426801,0.0054358754355505745
2013-11-19,-0.013023556047285348,-0.005898258298574821
2013-11-20,-0.0035181409191332594,-0.01137215441811179
2013-11-21,0.001028061763060275,0.01025245929632046
2013-11-22,0.005688526751136959,0.008911267458101113
2013-11-25,0.004976107229684405,-0.0012269515106259066
2013-11-26,-0.00020940528258106254,0.005404297844272321
2013-11-27,0.008538457449971367,0.004153061092443178
2013-11-28,0.005025127608774149,0.0
2013-11-29,-0.0024533527641616448,0.001703469994019935
2013-12-02,-0.004910395715038732,-0.007529733474616829
2013-12-03,-0.02440095619201086,-0.01346064474819797
2013-12-04,-0.00492866155418019,-0.008683058655960973
2013-12-05,-0.015748017676284976,-0.008507954962019726
2013-12-06,0.009157833482546025,0.016910664682927123
2013-12-09,0.0047491769835776125,0.0017372441923264592
2013-12-10,-0.00850839569961853,-0.0069374640286123945
2013-12-11,-0.0043105483010585435,-0.007485591572971129
2013-12-12,-0.00706319545542779,-0.007289342501388463
2013-12-13,-0.001927201102235455,0.001519114283326628
2013-12-16,0.022416833963785743,0.017193467318910027
2013-12-17,-0.011807533661292793,-0.00969450628214974
2013-12-18,0.014030609787943961,0.018825184923080274
2013-12-19,0.018558163924622402,0.003941994304625274
2013-12-20,0.004548168872377738,0.006853739411927684
2013-12-23,0.0073591812118883135,0.010529122725810636
2013-12-24,0.0006176084408335948,0.00266494432435449
2013-12-27,0.0096572898827913,0.012083373434180311
2013-12-30,-0.004064141893529532,0.005252903128262432
2013-12-31,0.0017596421268247244,0.002375177319493771
2014-01-02,-0.013330560862199112,-0.029383627616162533
2014-01-03,0.004802279004601976,-0.003173766871569006
2014-01-06,0.0014962987956726429,0.0024493205716242805
2014-01-07,0.01993930870564655,0.012948710089777604
2014-01-08,0.0055978859739252585,-0.002411906809075215
2014-01-09,-0.004982973426988169,-0.0014506036795299826
2014-01-10,0.0049392521426118744,0.010411651853697412
2014-01-13,0.006400710808601039,-0.009106151093301706
2014-01-14,0.001680866737951874,0.013058785129297368
2014-01-15,0.018291104496174767,0.011697651330590864
2014-01-16,-0.011476539244412108,-0.004483307373795431
2014-01-17,0.0016944146697803462,-0.01113967860701992
2014-01-20,-0.0012871096362334115,0.0
2014-01-21,-0.0018481565338112288,0.007909894201430845
2014-01-22,-0.00015836168151759863,-0.0030920111536153483
2014-01-23,-0.007881942767424455,-0.0011924621993545381
2014-01-24,-0.02777686326207645,-0.03654211548774544
2014-01-27,-0.004227916759598459,-0.0012388325618333251
2014-01-28,0.012231885403928595,0.01365063717893178
2014-01-29,-0.006214549171745992,-0.017629678638228063
2014-01-30,0.005768040069525517,0.005732949492399664
2014-01-31,-0.0048772417265721185,-0.014622286413246255
2014-02-03,-0.02266808770527448,-0.02062378846046231
2014-02-04,0.0022437074408928758,0.008988392859498928
2014-02-05,0.002274819368801785,0.0017815679353001546
2014-02-06,0.021997858660230393,0.022357553386505025
2014-02-07,0.009443020802772036,0.015407717867721438
2014-02-10,-0.006641770459287014,-0.006118639810555715
2014-02-11,0.014926720382680413,0.01600613460417666
2014-02-12,0.008102812317462446,-0.00024251702926914032
2014-02-13,0.0011990510210542512,0.009697332052267083
2014-02-14,0.007480584905563765,0.004561755000118239
2014-02-17,4.1938403680534154e-05,0.0
2014-02-18,0.001813419858323949,0.003584936262989169
2014-02-19,-0.0006048452861550474,-0.006906153119854652
2014-02-20,-0.0008123327245505886,0.00479611347078146
2014-02-21,0.0018812206529279453,0.0026246808921410736
2014-02-24,0.011830795406086144,0.0073795005193337815
2014-02-25,-0.0011228558167460329,0.0011811911740251535
2014-02-26,-0.007621774777258171,-0.005428319685908067
2014-02-27,-0.003093426081935411,0.0018985949358099052
2014-02-28,0.004184917378215822,0.003316308969313786
2014-03-03,-0.03275903149134165,-0.02927326269007169
2014-03-04,0.029668883260503567,0.02431928623310453
2014-03-05,0.00466004056285238,0.0016617378756136336
2014-03-06,0.0005125079143807761,0.010429382472359805
2014-03-07,-0.016608497918310858,-0.007976023096105012
2014-03-10,0.003559027940019209,-0.0035470467009917073
2014-03-11,0.0015705952053527367,-0.006169663632648703
2014-03-12,-0.005366168031898382,-0.001432850566952415
2014-03-13,-0.015322105425232728,-0.02630291391737183
2014-03-14,-0.008303503174082738,0.003928941232868688
2014-03-17,0.016659828334576954,0.01687884489051039
2014-03-18,0.007933170867696635,0.00962248822651679
2014-03-19,-0.0007083633701159619,-0.013819725342227085
2014-03-20,0.007142143436274504,0.006282243578915381
2014-03-21,-0.004899742571759825,-0.0029602657208980254
2014-03-24,-0.015604316051047278,0.0
2014-03-25,0.01183388721451473,0.014240760059307078
2014-03-26,0.009249474571564713,0.00023796130519349035
2014-03-27,0.0019752333770388856,0.0019036226075561657
2014-03-28,0.012876255970423047,0.011398561012461617
2014-04-01,0.010296522860351721,0.01007977588470399
2014-04-02,-0.0014824589823921796,-0.0020885333048885624
2014-04-03,0.0075301703541996445,0.0011621252552225236
2014-04-04,0.007221135991821094,-0.002089911102180597
2014-04-07,-0.01493565956622601,-0.004655842966136858
2014-04-08,-0.009766377357476038,0.0009353728515537618
2014-04-09,0.0023413280985833678,0.01285068124252775
2014-04-10,-0.009744354582335997,-0.02214527868298355
2014-04-11,-0.010332128915507343,-0.0047180670802161595
2014-04-14,-0.0010021335852597765,0.005451695868625928
2014-04-15,-0.015104191039095088,-0.006129097465615185
2014-04-16,0.020019844852764885,0.013045367039303146
2014-04-17,0.007799193247346527,0.004682653813288695
2014-04-22,0.013401007550882582,0.010719937591600281
2014-04-23,-0.010215915060047195,-0.00391929695088189
2014-04-24,0.0021889229950856916,-0.0006941967697557949
2014-04-25,-0.015633369249634665,-0.008802641554751522
2014-04-28,0.004595238876958211,0.0063095260908725415
2014-04-29,0.015241963631652828,0.008128241254985458
2014-04-30,-0.0008872333156012059,0.006219785514395504
2014-05-01,-2.406185802155779e-05,0.0020606315626705562
2014-05-02,-0.004347526880992107,-0.007310925011900005
2014-05-05,0.0004123188368478701,0.0011506480442335931
2014-05-06,-0.005868560450551643,-0.0057476820177333465
2014-05-07,-0.0014409110373074404,0.007861654342040003
2014-05-08,0.017199661109920807,0.002294029311001422
2014-05-09,-0.005383629366865267,-0.0066377177803389475
2014-05-12,0.007208769795414765,0.01013836679216884
2014-05-13,-0.0003074993109712417,-0.003877770698697214
2014-05-14,0.0006828164156284295,-0.0009157578164618041
2014-05-15,-0.019480398356197155,-0.011689489067232217
2014-05-16,0.007016015222555652,0.003710379466589586
2014-05-19,0.0013757626721071625,0.00023165691094217955
2014-05-20,0.00017807291698517989,-0.0060062320405446235
2014-05-21,0.005999337894065537,0.009528225581743932
2014-05-22,-0.001058345908557347,-0.0027627505005868302
2014-05-23,0.005518209007029192,0.005079043667820526
2014-05-26,0.014019502904634641,0.0
2014-05-27,-0.0006413238897478891,0.012402302610384996
2014-05-28,0.0007184540716919317,-0.0029492945545901428
2014-05-29,-0.0005811660351507831,0.003185652937639283
2014-05-30,0.0016951840856964206,0.003855475818758114
2014-06-02,0.003563213263568832,-0.001355508448830256
2014-06-03,-0.001065133461656381,-0.004072594275202457
2014-06-04,-0.0029473904683314776,-0.00022721108927370448
2014-06-05,0.014606746281911215,0.014542608022423353
2014-06-06,0.011783783403360212,0.008957848255750411
2014-06-09,0.0032690277254789914,-0.0022195045647164235
2014-06-10,0.00040125037093213225,-0.0017799614339689684
2014-06-11,-0.010321884449827031,-0.00935998774612945
2014-06-12,-0.0006949957321302541,-0.0017996797508204043
2014-06-13,0.0018717896945993275,-0.0015779312370686194
2014-06-16,-0.006446620275156338,-0.0006768379077940478
2014-06-17,0.0025349463643684522,0.0011295786809830677
2014-06-18,0.00416682894345787,0.011958174052193238
2014-06-19,0.011266409048387278,0.00579756131709841
2014-06-20,-0.005069038838813393,-0.005001155842349503
2014-06-23,-0.004595756152160971,-0.0034116389713135797
2014-06-24,0.001123472480972077,-0.006161490161864958
2014-06-25,-0.010217058563833935,-0.0011485243625019015
2014-06-26,-0.0033823656013860083,-0.005747159602238261
2014-06-27,-0.0021450978131477678,0.0013875576687809588
2014-06-30,-0.00048931399712875,-0.0009234109476454755
2014-07-01,0.00870273052835825,0.008088214459147425
2014-07-02,-0.001394112563447768,-0.002292455064718424
2014-07-03,0.008956137219716892,0.006663838457655613
2014-07-04,-0.006018782142511556,0.0
2014-07-07,-0.012813611303276497,-0.01506483382921564
2014-07-08,-0.013095019445948972,-0.014368419495900953
2014-07-09,0.005903072447089823,0.00799427752654247
2014-07-10,-0.014980399847494236,-0.015861875082710197
2014-07-11,0.002930456383984023,-0.0007111779957331699
2014-07-14,0.007000240327331548,0.006166800960093477
2014-07-15,-0.0070013200587629,-0.008015508639110935
2014-07-16,0.01753328874860734,0.008555634544727075
2014-07-17,-0.01539734253903282,-0.020499936679203468
2014-07-18,0.002345030216653404,0.011787890062073814
2014-07-21,-0.006681813444213969,-0.008321591368569137
2014-07-22,0.018582377210903743,0.006953139952071474
2014-07-23,-0.00130694906747928,0.002142933763837007
2014-07-24,0.011342733309509065,0.008315092588651485
2014-07-25,-0.01167916974723645,-0.012252605274093109
2014-07-28,-0.0008988797602903666,-0.001669914633399161
2014-07-29,0.005877609744792346,-0.0014334700190531402
2014-07-30,-0.010513654245989006,-0.0014360336511543004
2014-07-31,-0.015540056119522853,-0.023244567727545573
2014-08-01,-0.01500646670799457,-0.009568441853058052
2014-08-04,0.0012622917364066807,0.005201766365934057
2014-08-05,-0.002083712840054493,-0.01798899614681515
2014-08-06,-0.0078713107315534,0.0
2014-08-07,-0.013886754749065951,-0.01480560915902529
2014-08-08,-0.0024478841660538556,0.014773156192403158
2014-08-11,0.010740335792952685,-0.0007523984358283053
2014-08-12,-0.0058406662932993705,-0.005024036601106618
2014-08-13,0.006806281591997241,0.008078607703506435
2014-08-14,0.00204354484501378,0.005509694741284932
2014-08-15,-0.005531300604515893,-0.004732323139253425
2014-08-18,0.011380028166452392,0.007507669845035814
2014-08-19,0.003616990075088214,0.002484302054269971
2014-08-20,-0.002122574660739363,-0.006689965202779202
2014-08-21,0.009568883203268787,0.012221868567604321
2014-08-22,-0.00851354237226563,-0.009117242074481724
2014-08-25,0.018856587363111167,0.014672391698025367
2014-08-26,0.006568978577121894,0.007843697028248497
2014-08-27,-0.0003710710589638616,0.0019453738908625784
2014-08-28,-0.008068708795383314,-0.007767028399404019
2014-08-29,0.002352767819189146,-0.0004889887363884737
2014-09-01,0.0023385011522642773,0.0
2014-09-02,0.0005182806102328822,0.00024445230686986896
2014-09-03,0.005968608921843278,0.011499833935898929
2014-09-04,0.015859327644188636,0.0031452012191153234
2014-09-05,-0.0019433928886140126,0.005304450263514893
2014-09-08,-0.0019342843725937624,-0.012472587093813603
2014-09-09,-0.007028881816162334,-0.002428940306436478
2014-09-10,-7.405870335804981e-05,0.002191266037441908
2014-09-11,-0.0002535336522502462,-0.0036448096002028585
2014-09-12,-0.0013107540644993324,-0.0014629607400101774
2014-09-15,0.0005561392195938678,0.0009770802349227115
2014-09-16,-0.0031745960233762753,0.00268379987176659
2014-09-17,0.00377868574145845,-0.004136694139616814
2014-09-18,0.012724438306525308,0.008551531011985913
2014-09-19,0.005228247897175048,-0.004757751910692609
2014-09-22,-0.0032398979268914987,-0.002927045815866225
2014-09-23,-0.012159644499026427,-0.014921899396661775
2014-09-24,0.011249894883098096,0.009436755832619381
2014-09-25,-0.01079004287688459,-0.01943420948666086
2014-09-26,0.0009521850530397625,0.006773663115003714
2014-09-29,-0.008996061987933193,-0.012210272652324772
2014-09-30,0.01293504838339816,0.001513634753740556
2014-10-01,-0.009537479570420917,-0.010579762003844362
2014-10-02,-0.024553908790145473,-0.014765326855316507
2014-10-03,0.00940876343898493,-0.0036181223104957416
2014-10-06,0.0037591132982130165,0.003890450792513045
2014-10-07,-0.01784218069574217,-0.022991264331859607
2014-10-08,-0.007651149418660501,0.02009495141530082
2014-10-09,-0.0019457004260878745,-0.03136337103197118
2014-10-10,-0.013913875266103416,-0.015520408557856746
2014-10-13,-0.0007655316822123327,0.0019023359093714998
2014-10-14,-0.0010954170570252914,0.004069808079363746
2014-10-15,-0.03534758434314229,-0.014050250892502447
2014-10-16,-0.006405077411311253,-0.015072876215762698
2014-10-17,0.02608739265464407,0.022815944372465147
2014-10-20,-0.009961409785263468,0.003264659673450687
2014-10-21,0.019259892019137106,0.015184263589171465
2014-10-22,0.006329779948019156,-0.014957150276825315
2014-10-23,0.011977648170862108,0.01898029373489507
2014-10-24,-0.0027666673401537103,0.004789680220410597
2014-10-27,-0.008166828869700299,-0.009533627243715759
2014-10-28,0.011865027609602159,0.017112176470434726
2014-10-29,-0.0054990634725756,-0.016824276482282574
2014-10-30,0.003710200691208784,0.005079889845233554
2014-10-31,0.023285364162355777,0.01808983280317822
2014-11-03,-0.011740240914301033,-0.01201970632077809
2014-11-04,-0.013589067982889324,-0.007934264491059273
2014-11-05,0.01873901400373996,0.00586489193881734
2014-11-06,0.0020051948850064194,-0.0007950249539985244
2014-11-07,-0.011880148510347703,-0.007161757069215846
2014-11-10,0.011593109265218456,0.0064116686211357354
2014-11-11,0.007184380621535071,0.006636904853576153
2014-11-12,-0.012983263469581778,-0.0171415696206757
2014-11-13,0.006385977698869986,0.0048298032276707925
2014-11-14,-0.0030458219243549097,0.0016022195888631963
2014-11-17,0.006528097481267633,0.005065204249375066
2014-11-18,0.009156044224753421,0.019363401236903055
2014-11-19,0.0013265102443986133,0.0002598609582618039
2014-11-20,-0.0018930880457688876,-0.0075436827899360015
2014-11-21,0.023384079831797026,0.01598900836462236
2014-11-24,0.0028863893744512296,0.013158107793859841
2014-11-25,0.0002381914901126574,0.006620996532568979
2014-11-26,-0.0016575248608895654,0.004300577025938113
2014-11-27,0.010460924286236043,0.0
2014-11-28,0.006964123882378779,-0.0020155723288169947
2014-12-01,-0.004021111899946351,-0.0015141332750105985
2014-12-02,0.00043279929205813314,-0.0027806870800137773
2014-12-03,0.0022420754459325795,-0.0035486026612481236
2014-12-04,-0.009371815421790297,-0.007631775006530672
2014-12-05,0.024658262061079513,0.01230463891322442
2014-12-08,-0.004345857642998563,-0.01012931828902619
2014-12-09,-0.025732900863954838,-0.008697769265142985
2014-12-10,-0.0013472996083260214,-0.012644981719381887
2014-12-11,0.00270605028132687,-0.0020908126034336894
2014-12-12,-0.024423837407750806,-0.025406298965257035
2014-12-15,-0.024662356679971027,-0.020155860840438522
2014-12-16,0.018431078356657842,0.01014832354341344
2014-12-17,-0.002276125842512055,0.015476601836488246
2014-12-18,0.03403579849938537,0.02245978890599032
2014-12-19,-0.002810162925396291,-0.010937148410996023
2014-12-22,0.0060445456932214465,0.006394967470169766
2014-12-23,0.010840483127593198,0.0029123789476250828
2014-12-24,-0.002761979263507053,0.003959440978162698
2014-12-29,0.0024759114151420344,-0.006836294700199752
2014-12-30,-0.014171384937626203,-0.015620626720560638
2014-12-31,0.0037225990644348308,-0.008607356467580263
2015-01-02,-0.004461076534531876,-0.00081312032903047
2015-01-05,-0.031062063329008814,-0.042628352552486204
2015-01-06,-0.00650042053423722,-0.011344541276243736
2015-01-07,0.0067591158316858465,0.011761381920152525
2015-01-08,0.03475499314483509,0.01502650894594404
2015-01-09,-0.019386895657463724,-0.015083194056508709
2015-01-12,0.013562278195540959,0.005104627990726751
2015-01-13,0.014722356605860644,0.0047968769796864485
2015-01-14,-0.009340317093778683,0.0030891086489750474
2015-01-15,0.017390603281856556,-0.0025198488090716342
2015-01-16,0.01202015270893163,0.021611479257288124
2015-01-19,0.005570404944175457,0.0
2015-01-20,0.0069035322300240376,0.008516398752844268
2015-01-21,0.006501891157605597,0.009806288487244519
2015-01-22,0.013152164520973848,0.004047015773217977
2015-01-23,0.015166367195322154,-0.007523586079594136
2015-01-26,0.01042811578989235,0.018679395669860765
2015-01-27,-0.011923671054227694,-0.0031891243502598643
2015-01-28,0.004216800676028485,-0.024260112810089662
2015-01-29,0.004698031721723885,0.027322418436044327
2015-01-30,-0.007824484184860002,-0.018883265164777896
2015-02-02,-0.00035710297001298854,0.017891189105929906
2015-02-03,0.009480959100761828,0.02450067852835791
2015-02-04,0.0006895713672814755,-0.021315538823473035
2015-02-05,-0.004602002637410978,0.016733216864406097
2015-02-06,-0.0026578877508374047,-0.02429505307587565
2015-02-09,-0.019193771294320223,-0.008567204028938513
2015-02-10,0.016136882256935527,0.014312951274459529
2015-02-11,-0.0026917659378395864,-0.006389927043322752
2015-02-12,0.015273708063602643,0.027063350403305098
2015-02-13,0.0044337493977774775,0.004434997134813656
2015-02-16,-0.00513937114963336,0.0
2015-02-17,-0.0009480180605314807,0.0020781301070120772
2015-02-18,0.005226301137560945,0.0010366389187375091
2015-02-19,0.010532851397448473,0.0
2015-02-20,0.00012505053671737075,0.015277028992375818
2015-02-23,0.008790089311338956,-0.006886020425555306
2015-02-24,0.007254269352366969,0.011556389468770911
2015-02-25,-0.0011815245335277768,-0.0012692853213498445
2015-02-26,0.011768118376775381,-0.005846718219191138
2015-02-27,0.005054845128968996,0.0038353189358335538
2015-03-02,0.0014753843471592167,0.0020379681796500737
2015-03-03,-0.01418345396439699,-0.009659480096308237
2015-03-04,0.01095852955698999,-0.002053526279058082
2015-03-05,0.01207504474176101,0.002829501439181259
2015-03-06,0.0030465749972703815,-0.02077468593314713
2015-03-09,-0.003145196370265409,0.00419082064434928
2015-03-10,-0.006070634918418217,-0.02503937152971758
2015-03-11,0.023105447406266022,0.00722292699174254
2015-03-12,-0.00299027453027528,0.007702878717398942
2015-03-13,0.007754146605809238,-0.0071170729954488365
2015-03-16,0.014328354770330657,0.01752115357938666
2015-03-17,-0.013729011048350464,-0.0044356115421747555
2015-03-18,-0.006513942239986258,0.01598569540696171
2015-03-19,0.0008253576881597242,-0.01496023463710372
2015-03-20,0.012200787358080367,0.02999036297628832
2015-03-23,-0.011898140649918199,0.0045810874429910164
2015-03-24,0.00819905526869845,0.005067238484153913
2015-03-25,-0.013823838597175332,-0.007058380623756522
2015-03-26,-0.005152665939779672,-0.008631376630953036
2015-03-27,0.004079799296650928,0.004865657624121944
2015-03-31,-0.00877376855731126,-0.014220916577945664
2015-04-01,0.003383821197093068,0.00875878783994155
2015-04-02,0.0012535240417250032,0.010469729889445167
2015-04-07,0.010279619280870083,0.0042964858607061895
2015-04-08,-0.0067158104947474435,-0.0027683674491498778
2015-04-09,0.011109583671851483,-0.0025229287156891544
2015-04-10,0.010311842851155325,0.002529309984479866
2015-04-13,0.00025269213717621705,-0.005803514279965172
2015-04-14,-0.010544385421423576,0.003807213765248285
2015-04-15,0.002574024203887669,0.0032870883052416033
2015-04-16,-0.012377455059876046,-0.0035284648799904783
2015-04-17,-0.021020693015756715,-0.017450830755074698
2015-04-20,0.009620252729654843,0.0033466524426930544
2015-04-21,0.002188046427575495,0.004617519337056564
2015-04-22,-0.001542643985411119,0.002298248041393336
2015-04-23,-0.007480069231900209,0.0028025955122912283
2015-04-24,0.003887379104470628,0.004573073352051482
2015-04-27,0.015140408415428257,0.013656898864728761
2015-04-28,-0.01948257347411155,-0.00024956458251423896
2015-04-29,-0.02693782840831648,-0.013725890899551008
2015-04-30,0.002158897425869325,0.002530215533914859
2015-05-04,0.00895529818907633,0.005048253119708468
2015-05-05,-0.02131283867825077,-0.019085889983705084
2015-05-06,0.00041607958934716284,0.013568777612246397
2015-05-07,0.0038541636968220643,-0.00479909401280787
2015-05-08,0.026845698507607055,0.02360377009157366
2015-05-11,-0.004918392005085517,-0.012645397640508094
2015-05-12,-0.013850693855601488,-0.004018448289012322
2015-05-13,-0.0050048339558767556,0.002521745732110947
2015-05-14,0.01551255592169784,0.021378127679373637
2015-05-15,-0.007563356834119632,-0.00024585700377410813
2015-05-18,0.006519220353636145,-0.0059114824593575754
2015-05-19,0.02535598076395769,0.0019818881687676537
2015-05-20,0.004634677367479287,0.002967663027250156
2015-05-21,0.0009443199324948457,0.0036983287088114825
2015-05-22,-0.00034828996438694085,-0.010808337805562118
2015-05-25,-0.004076550662087269,0.0
2015-05-26,-0.0030138676004971593,-0.02582569874680385
2015-05-27,0.019045036497402728,0.01580425940960839
2015-05-28,-0.005662730954852404,-0.0020077115643030163
2015-05-29,-0.022970229471913833,-0.0186069348514446
2015-06-01,0.003686843808957044,-0.0010246450540066787
2015-06-02,-0.007340054376353701,0.010258837251783559
2015-06-03,0.004308601300616574,0.015232258752455818
2015-06-04,-0.005694924690236474,-0.014753526636189673
2015-06-05,-0.013042965537578817,-0.01522825802788963
2015-06-08,-0.009252729955704244,-0.002061976228734941
2015-06-09,-0.0022995342580634953,-0.0038738057880549626
2015-06-10,0.018414604197345454,0.028519377672294066
2015-06-11,0.0065968810216875395,0.003024540244319196
2015-06-12,-0.013199647526662863,-0.014073536415140642
2015-06-15,-0.018437881929051592,-0.013000168293436754
2015-06-16,0.005186585791692023,-0.0020660342537638376
2015-06-17,-0.00909023100370957,-0.004658623834997377
2015-06-18,0.0049562165077741815,0.01846102448723208
2015-06-19,0.00216901917246077,-0.005653404437113374
2015-06-22,0.04101939308295742,0.038512141469968064
2015-06-23,0.009372221019655815,-0.0022703304098076194
2015-06-24,-0.004041038611524167,-0.008343854307083953
2015-06-25,0.004782208561358432,0.0017849688265587638
2015-06-26,0.0036027104641406303,0.0040720165605725445
2015-06-29,-0.041513803707329294,-0.04512067101843786
2015-06-30,-0.011492232532601215,-0.006370738176613933
2015-07-01,0.02036952641126153,0.006144697666257581
2015-07-02,-0.012803432997931073,-0.003982937574254941
2015-07-03,-0.005822186597738412,0.0
2015-07-06,-0.02774938178872748,-0.036523170061832144
2015-07-07,-0.026039763293046875,0.002489846239768889
2015-07-08,0.01064018986885726,-0.01269672489569218
2015-07-09,0.028578676028676506,0.02376288118301595
2015-07-10,0.03381783698558395,0.054888571426173316
2015-07-13,0.019621133965957417,-0.001553302319006189
2015-07-14,0.005642029224294865,0.0067410054900418626
2015-07-15,0.004914153726738355,-0.0033481981625116397
2015-07-16,0.015050434236182655,0.010077213586308531
2015-07-17,-0.0003052764947931253,-0.004348733771863178
2015-07-20,0.004972359205244019,0.0028261303929257853
2015-07-21,-0.008526582437658036,-0.0017927399185041493
2015-07-22,-0.0005024133093938692,-0.0041072952566929555
2015-07-23,0.0005114550341642028,-0.000515389053709514
2015-07-24,-0.006639749518244586,-0.010314813639363818
2015-07-27,-0.02484345760304605,-0.009639939969862121
2015-07-28,0.01310613868592516,0.011049327990067415
2015-07-29,0.0019393530961271306,0.000780493449153763
2015-07-30,0.0043371426781964,-0.004159962554875718
2015-07-31,0.00920531465272068,0.007310713063039209
2015-08-03,0.009291541566846216,0.004665151274829915
2015-08-04,-0.0061171432393794,-0.005933588978755622
2015-08-05,0.014535756922196596,0.011938744488983133
2015-08-06,-9.56066479790789e-05,0.0020521672773197164
2015-08-07,-0.009300009674774708,-0.0010243100559790275
2015-08-10,0.00950847387552788,0.014348285192455013
2015-08-11,-0.013409828842861946,-0.015912705080283973
2015-08-12,-0.03248808679865666,-0.010524151044693175
2015-08-13,0.011355608737051687,-0.008560098093192137
2015-08-14,-0.006111526215787821,-0.0026167208630696326
2015-08-17,0.004780792054782991,-0.004196998555733966
2015-08-18,0.0014718222276062685,-0.00895718111955468
2015-08-19,-0.015695133214432524,-0.008240089923829075
2015-08-20,-0.02206569361217348,-0.025462317437080162
2015-08-21,-0.03186857642867096,-0.019251946504688866
2015-08-24,-0.049736002216364164,-0.02776236840610069
2015-08-25,0.04790597459141953,0.009518449328198786
2015-08-26,-0.009999650135916275,0.022571627505793446
2015-08-27,0.029991943548958566,0.011735204568808388
2015-08-28,-0.0010788636570464377,-0.009389720180834948
2015-08-31,-0.0033102105807141435,-0.002788082255138935
2015-09-01,-0.025826264584507437,-0.02571972324508831
2015-09-02,0.0019640028648253436,0.014060088896728828
2015-09-03,0.02027000729766567,-0.000565848796388102
2015-09-04,-0.025587735275708904,-0.02208357068756517
2015-09-07,0.0056856327851620364,0.0
2015-09-08,0.012340161210831428,0.02924117205554677
2015-09-09,0.012804253859256565,-0.0078760235458597
2015-09-10,-0.012539903503262957,0.009356158512995982
2015-09-11,-0.011223640577569966,-0.0019661865133721035
2015-09-14,-0.006678721165293851,-0.009287909849730713
2015-09-15,0.011815865090728099,0.0076703950287277944
2015-09-16,0.012981987114999516,0.012686559511648321
2015-09-17,0.0028652562575869345,0.0089089626300487
2015-09-18,-0.026602307706241914,-0.03710074821498499
2015-09-21,0.014271279666490643,-0.0017226210205860681
2015-09-22,-0.03084083087898698,-0.031636641819041134
2015-09-23,-0.0007943441911471794,-0.0023756044271620036
2015-09-24,-0.0194395850536213,-0.0044656071527652275
2015-09-25,0.035770290132861406,0.009868465315529207
2015-09-28,-0.022292453975144923,-0.017471430644718455
2015-09-29,-0.007590676352037177,0.004219742204603305
2015-09-30,0.02574581087183748,0.015906242154415606
2015-10-01,-0.010113122389557798,-0.00324959511291123
2015-10-02,0.0036762855340981967,0.016597224569120828
2015-10-05,0.029955059371726347,0.02332373120367648
2015-10-06,0.005885091402019817,0.008262051921347657
2015-10-07,-0.006180626949993172,0.009324784277944476
2015-10-08,-0.0011416765593413496,0.005039386129363388
2015-10-09,0.0010525331354083066,0.005570451000719068
2015-10-12,-0.004732243607395771,-0.0024928876569554337
2015-10-13,-0.0053515479064338576,-0.009997038687548643
2015-10-14,-0.0064271195811376304,0.004207280135781533
2015-10-15,0.01541621928923791,0.012290801216611191
2015-10-16,0.006838582627598498,0.0016555983039359123
2015-10-19,0.0025380470526174745,-0.0016528618286957286
2015-10-20,-0.0023129574302779687,-0.0035874588781213967
2015-10-21,0.0018794092916815373,-0.0008302839320408761
2015-10-22,0.021498741510454368,0.013303234888403015
2015-10-23,0.018639299172821897,0.010941324384023288
2015-10-26,3.67010196786695e-05,-0.002976157742654917
2015-10-27,-0.006291204332349243,-0.007598414101635309
2015-10-28,0.008829826632894996,0.0054688145579275815
2015-10-29,0.002704648061348997,-0.005439069296576893
2015-10-30,-0.0002862286029666175,0.0013670288633667038
2015-11-02,0.0016993643395090585,0.011742465285185855
2015-11-03,0.00017235615720401,-0.0032394266480499923
2015-11-04,-0.0018966429446774815,-0.01083087449290665
2015-11-05,0.004662098786798616,0.0027373317048757784
2015-11-06,0.0019310280839629438,-0.0024566778286675417
2015-11-09,-0.009887606584492947,-0.013136391594875452
2015-11-10,0.002794443338403917,-0.004159868615279283
2015-11-11,0.007592235833686751,0.002784592953695375
2015-11-12,-0.014327854266156365,-0.012496156364113165
2015-11-13,-0.008954965917587177,-0.010405304838326024
2015-11-16,0.0007949604321664998,0.009093784791251558
2015-11-17,0.023608141913196268,0.0033791224318104884
2015-11-18,-0.007581439271093364,0.009823168050088205
2015-11-19,0.0012383288588957396,0.003057718486676686
2015-11-20,0.0021103948557439117,-0.005542186427434426
2015-11-23,0.0004881232104029201,-0.00612984652054227
2015-11-24,-0.010983365635262385,-0.0025232253706712893
2015-11-25,0.01880554135724333,0.006464426397485568
2015-11-26,0.007364760761915897,0.0
2015-11-27,-0.001073495114075777,0.007819518940304748
2015-11-30,0.003258491629495138,0.0008306726918654306
2015-12-01,-0.006740303029014587,0.0027687578620492204
2015-12-02,0.0018817560767344609,-0.013804506253320747
2015-12-03,-0.03362162209683462,-0.009518275826800093
2015-12-04,-0.002724030854178358,0.011870600968684641
2015-12-07,0.013749360593746965,-0.0027927925997816017
2015-12-08,-0.014915467264531109,-0.015686933921562285
2015-12-09,-0.0086394768795848,-0.004552599461245865
2015-12-10,-0.0027384361057686715,-0.002859136911794513
2015-12-11,-0.016958078735951163,-0.01834848129243294
2015-12-14,-0.017251067897078996,-0.001752378580078262
2015-12-15,0.02488304588542753,0.011410269212371649
2015-12-16,0.003330856155131844,0.01822407205113019
2015-12-17,0.01745123672202865,-0.009375114394437167
2015-12-18,-0.013681806821482425,-0.015062166243837494
2015-12-21,-0.010661789267800892,0.0038011291057375995
2015-12-22,-0.001591165492287455,0.006117524427493803
2015-12-23,0.015016453469547685,0.016791900109646818
2015-12-24,-0.0008176402474118204,-0.002562592356731952
2015-12-25,-0.00015087606850816625,0.0
2015-12-28,-0.004469458899713816,-0.0019985226383433252
2015-12-29,0.01777526342083751,0.009439662281949035
2015-12-30,-0.00627433441870003,-0.011051312846131256
2015-12-31,-0.0007208221850293115,-0.013467092666859304
2016-01-04,-0.02868588403907568,-0.021202550786432184
2016-01-05,0.0044714030357614785,-0.008902080289679759
2016-01-06,-0.005790658431535394,-0.01706579048865331
2016-01-07,-0.013823874957227473,-0.014011620012576609
2016-01-08,-0.01177635774566505,-0.010194635804632313
2016-01-11,-0.0013096157606417218,0.005617709244373659
2016-01-12,0.015727266602845878,0.012414683079458255
2016-01-13,0.002629752256255425,-0.020845983226436826
2016-01-14,-0.017864703115749937,0.012210583201550884
2016-01-15,-0.021214742588108848,-0.033096091041949105
2016-01-18,-0.003744027307393381,0.0
2016-01-19,0.016932489801689626,0.008317084489049442
2016-01-20,-0.031948466170068746,-0.021256453262941344
2016-01-21,0.01679277094259219,0.010372947301942048
2016-01-22,0.02326119843550018,0.025344616410970966
2016-01-25,0.0013919220130087407,-0.013767015401105698
2016-01-26,0.0033941180540010625,0.02189073435907085
2016-01-27,0.009466006233311246,-0.008071625819022432
2016-01-28,-0.01884152343066035,-0.0006261428421627802
2016-01-29,0.024243829755906145,0.012527433835481272
2016-02-01,-0.0064265073002001275,-0.004330381184890597
2016-02-02,-0.014114526496114974,-0.029823188183662586
2016-02-03,-0.016681827135149648,0.013768855109462796
2016-02-04,-0.006578399049041738,0.0044221842248142185
2016-02-05,-0.017357521077671315,-0.016666653323651692
2016-02-08,-0.026275009096798797,-0.02270534248524847
2016-02-09,-0.00927684184711337,-0.009816755671340549
2016-02-10,0.007691651668319564,0.003965329031362597
2016-02-11,-0.031341445098365665,-0.015141424855132812
2016-02-12,0.01468275529101053,0.013369017173578301
2016-02-15,0.024867922889169444,0.0
2016-02-16,-0.0011344700727340877,0.018469651896526162
2016-02-17,0.021886350084359265,0.02202042498336909
2016-02-18,0.005585301374741463,-0.008555049729140451
2016-02-19,-0.0036435922680622536,-0.003515450546315857
2016-02-22,0.016778153997963032,0.01250813030102571
2016-02-23,-0.010998683564218976,-0.018054953209469482
2016-02-24,-0.01751925889429341,-0.007742167126807864
2016-02-25,0.019257628692950834,0.013004100171985389
2016-02-26,0.008577899141285296,-0.0006420175397100492
2016-02-29,0.006272300483550496,-0.006422583057458242
2016-03-01,0.014238602917669256,0.030704615537535895
2016-03-02,-0.0045835424649025396,0.005644532483344511
2016-03-03,-0.007004893165369651,0.009042480479060533
2016-03-04,0.00782593903629496,0.0058714988890631314
2016-03-07,-0.002765908180637592,-0.002150400382432416
2016-03-08,-0.0062650842495490895,-0.007697111905660692
2016-03-09,0.005945668860051032,0.00434381751669366
2016-03-10,-0.017145792566939076,0.002162200593575081
2016-03-11,0.02394151865165616,0.03452559173701242
2016-03-14,0.00724472686952144,-0.002384114641413415
2016-03-15,-0.005962482731834481,-0.005973618078988663
2016-03-16,-0.0006825618780944816,0.0120194922594139
2016-03-17,-0.006441317833853396,-0.0005939806134644954
2016-03-18,0.004030425001679655,0.0007145920328432975
2016-03-21,-0.005811518518014973,-0.0032719425578365824
2016-03-22,0.0046299640325872336,-0.003282607480750821
2016-03-23,0.0015397605274684227,-0.0107781285060089
2016-03-24,-0.016627183926516246,-0.010290919787967479
2016-03-30,0.01603127264766411,0.010542116113594568
2016-03-31,-0.012447400405903369,-0.00953797756158481
2016-04-01,-0.016665658588318494,-0.010532828384398396
2016-04-04,0.0013543242277480238,-0.0024331225539038215
2016-04-05,-0.022113081972783954,-0.024085262568553922
2016-04-06,0.00565949183508092,0.013433361635541763
2016-04-07,-0.007603922648221712,-0.02188657537684502
2016-04-08,0.010542281442476306,0.01890955969548269
2016-04-11,0.0024584441345087346,0.0021652396394238327
2016-04-12,0.007822136886062786,0.012962741626990848
2016-04-13,0.024079203012388247,0.018891250619960998
2016-04-14,0.0047180088682939325,0.0038874966375737063
2016-04-15,-0.004152037655979808,0.00029800246758449056
2016-04-18,0.002110158252280438,0.009827216870949895
2016-04-19,0.016082275088801695,0.019758179515396934
2016-04-20,0.005584838340001369,0.003759190481498642
2016-04-21,0.0022368139658604574,-0.0008639862886651306
2016-04-22,-0.0019280481050595686,-0.004036961235075354
2016-04-25,-0.004665426399733229,-0.004053103647160605
2016-04-26,0.004144794866873111,0.003197309252083169
2016-04-27,0.006510581392651733,0.006954597856409173
2016-04-28,0.0008721024215486582,-0.010647512084040134
2016-04-29,-0.024546984458473083,-0.008144450978860185
2016-05-02,0.005235945615360003,0.00821132773506994
2016-05-03,-0.01600943534209697,-0.020942609983347293
2016-05-04,-0.01182513441052823,-0.013665877640918755
2016-05-05,0.005146076623819355,-0.005723005172020068
2016-05-06,-0.0008423980266324063,0.006664735573242542
2016-05-09,0.008580424794159715,-0.0009027723507271102
2016-05-10,0.008439814067619815,0.011746951251246696
2016-05-11,-0.006304992012971891,-0.008931347429528502
2016-05-12,-0.003867265459061484,-0.004505955795331751
2016-05-13,0.007884001527078736,-0.010560898605681657
2016-05-16,0.001138256861664613,0.011283881634823967
2016-05-17,-0.0021236961546594072,-0.012967485615075547
2016-05-18,0.005768988347645586,0.0012217482839860239
2016-05-19,-0.011434660265144789,-0.007018360621314779
2016-05-20,0.01454988794939255,0.010756018278070156
2016-05-23,-0.003369227675335133,-0.005472706078823775
2016-05-24,0.02206203275076844,0.021094472389993513
2016-05-25,0.011837390866731539,0.014970180830661262
2016-05-26,0.0060506303300274875,0.006489535288918713
2016-05-27,0.0031484326535329375,-0.0011724973411403328
2016-05-30,0.002664232627852933,0.0
2016-05-31,-0.007196845282699944,-0.005575079937712335
2016-06-01,-0.006537650823171852,-0.0011799299884713843
2016-06-02,-0.0009250969185839212,0.0005905493339899426
2016-06-03,-0.00986735689250015,0.0014761396682001493
2016-06-06,0.002938118366143555,0.0020638191306370235
2016-06-07,0.009993712674014154,0.00853192159315963
2016-06-08,-0.005118963595863363,0.0005833641446459925
2016-06-09,-0.00860456490731039,-0.014577304615461362
2016-06-10,-0.021643294645414105,-0.03550297993213403
2016-06-13,-0.01710258987412245,-0.0177914922874588
2016-06-14,-0.018998758292624405,-0.018113445737591438
2016-06-15,0.012647745958621642,0.007951475824592436
2016-06-16,-0.003972988807497322,0.009466835126324513
2016-06-17,0.0056390401774265905,0.010587157645205458
2016-06-20,0.03238202088606513,0.02222217855603148
2016-06-21,0.0065731849305209035,0.01242242424424167
2016-06-22,0.002166618519646315,0.0018406520568390317
2016-06-23,0.016778965500207372,0.035517400130646415
2016-06-24,-0.07583663970358193,-0.12211733235333089
2016-06-27,-0.024377614383111083,-0.01717750769530435
2016-06-28,0.022146762998086864,0.02638807575934976
2016-06-29,0.028214808155275408,0.018697925549050476
2016-06-30,0.014167147363202818,0.021632198259391
2016-07-01,0.00583033818175861,-0.0009626276629435271
2016-07-04,-0.004761160279004826,0.0
2016-07-05,-0.015666628678491498,-0.030186255007004448
2016-07-06,-0.01654351416005604,-0.002979984121617818
2016-07-07,0.007664517678491513,-0.007638697195800237
2016-07-08,0.014715454172569248,0.02041518104614748
2016-07-11,0.018258633032167855,0.013774914026561502
2016-07-12,0.010549181736017503,0.02005817460166126
2016-07-13,-0.002151910438651458,0.0028542818782588686
2016-07-14,0.010894709260821546,0.012333952249470093
2016-07-15,-0.0014554068530907068,-0.004685750872994832
2016-07-18,-0.0021935878107375052,-0.003452855452087622
2016-07-19,-0.005065169017211491,-0.009448400383101463
2016-07-20,0.012952353967954147,0.008902512352988667
2016-07-21,-0.0003561046204848312,-0.0006300875669562611
2016-07-22,0.0012397139870877526,0.001261281969680006
2016-07-25,0.0019177767763260425,-0.0003148842952276354
2016-07-26,0.004404733793500327,0.0050410617392580015
2016-07-27,0.004407696865053619,0.008777163293904433
2016-07-28,-0.0070713520506499985,0.0006216612157186052
2016-07-29,0.0032402516087772287,0.0114908962068625
2016-08-01,-0.005022837219840596,-0.013202322652797416
2016-08-02,-0.01740842424280505,-0.010578924331202555
2016-08-03,0.0011047227459601247,-0.002201424888317094
2016-08-04,0.006788343612077549,0.002206281852096925
2016-08-05,0.012424299702954764,0.008490531809752566
2016-08-08,0.0023079034198717134,0.0040536536461110995
2016-08-09,0.013694725878067244,0.014285941661816848
2016-08-10,-0.005491860204031353,0.004898755688309553
2016-08-11,0.009355007158270858,0.007007807072004768
2016-08-12,-0.0019980345873625662,0.0003028730993177575
2016-08-15,0.0006673065238907309,0.0027225611756216406
2016-08-16,-0.010018292840054312,-0.00211214662061765
2016-08-17,-0.011789156288183262,-0.0030227659097689097
2016-08-18,0.005570270205790878,0.0036384369870474664
2016-08-19,-0.0062359948981184805,-0.009365233250811733
2016-08-22,-0.003813090860729764,-0.002440157546725441
2016-08-23,0.008093856485002627,0.005503084434015815
2016-08-24,0.002397173161158176,0.0003040453157752143
2016-08-25,-0.00664868330858445,-0.004863095896124214
2016-08-26,0.006529314103938168,-0.002138294798376461
2016-08-29,-0.003850349219243635,0.0030609279257194366
2016-08-30,0.009399458151342282,0.003356745960840124
2016-08-31,-0.007185832211989092,-0.0009124887313138874
2016-09-01,-0.002547017499713306,0.00547970665763442
2016-09-02,0.02048792138696051,0.014229183949239443
2016-09-05,-0.0001229583176226157,0.0
2016-09-06,-0.0007369054897606611,0.006268911330401972
2016-09-07,0.005086429918677848,0.0023731948842344863
2016-09-08,-0.006933244562315101,0.0005917474964487468
2016-09-09,-0.011863706831824024,-0.021591355871125373
2016-09-12,-0.012083299846122792,0.007255476447693754
2016-09-13,-0.01215071417766536,-0.022509039683956344
2016-09-14,-0.002367638978696499,-0.004605639941989925
2016-09-15,0.003510042503774263,0.0061691393958518415
2016-09-16,-0.01126847881884995,-0.020501243553015525
2016-09-19,0.012752240081818468,0.007856617315166181
2016-09-20,-0.0013154839628814646,0.0012473825456398302
2016-09-21,0.005675128484072662,0.014948176098291466
2016-09-22,0.02384319878529273,0.016876941202319085
2016-09-23,-0.006481318424780325,-0.0057334637263556365
2016-09-26,-0.017177221392195553,-0.013657297446475147
2016-09-27,-0.0015830044640179695,-0.0006151360024884145
2016-09-28,0.007019152289396817,0.01046784805291101
2016-09-29,-9.093233114776771e-05,-0.017671921348139774
2016-09-30,0.0018721790048962838,0.016128552410280994
2016-10-03,-0.0016829216550863966,-0.003662577984641313
2016-10-04,0.00925518449908597,0.0018383985989010032
2016-10-05,-0.003311982735077967,0.007951021358558075
2016-10-06,-0.002993065660905121,-0.0030339505318539572
2016-10-07,-0.008614754798290467,-0.006695213581860648
2016-10-10,0.010956505021542851,0.004901943009643528
2016-10-11,-0.007099894323123639,-0.012195077947014132
2016-10-12,-0.005641611297878768,-0.004938253565964779
2016-10-13,-0.00982202959013747,-0.006203489412126562
2016-10-14,0.016061387161605073,0.005305646257927732
2016-10-17,-0.00522986184122893,-0.0015521449432082113
2016-10-18,0.012494432818908647,0.010571852029953144
2016-10-19,0.005319213847280308,0.0018464701564584463
2016-10-20,0.006285289233383909,0.0036853766969782153
2016-10-21,0.00023618344287449304,-0.0030599459220426173
2016-10-24,0.00551473799117746,0.003376529040155285
2016-10-25,-0.004829779373549847,-0.0006121638680308683
2016-10-26,-0.0013294406604756656,-0.003366774915070203
2016-10-27,8.045669029384208e-06,0.0015351571199839764
2016-10-28,-0.0008779129982979642,0.001226953971646516
2016-10-31,-0.007062622790356831,-0.002450372166273418
2016-11-01,-0.012380386977045526,-0.005526520690290693
2016-11-02,-0.014258458796700705,-0.007409440802349954
2016-11-03,-0.0013691715423046985,-0.003110542759724666
2016-11-04,-0.005765487216259921,-0.008424239925085564
2016-11-07,0.017725365214115593,0.01762100387289056
2016-11-08,0.0046887146468501655,0.004947263775359811
2016-11-09,0.008242354340360292,-0.0009229316070883398
2016-11-10,0.0013516732691173513,-0.0036955164762396686
2016-11-11,-0.005036089745638422,-0.00989200072103702
2016-11-14,0.007779031969971672,-0.007493026287792692
2016-11-15,0.0033583633725313717,0.0044038273539588335
2016-11-16,-0.008830313984588063,-0.015032602415477547
2016-11-17,0.004930481377973033,0.0031794622762062463
2016-11-18,-0.005825672349570771,-0.012678088405953303
2016-11-21,0.004324876936901844,0.009951542421397175
2016-11-22,0.004596399988192996,0.003179001177126217
2016-11-23,-0.004460022879813703,-0.010773305415794243
2016-11-24,0.0017361175097911625,0.0
2016-11-25,-0.0001971594176633052,0.007046680755341983
2016-11-28,-0.010853904072379848,-0.011450224528738118
2016-11-29,0.008186129352309687,0.011261389196352445
2016-11-30,0.0047948679280437265,-0.0015910563818887224
2016-12-01,-0.0015397257195848648,-0.0022306828943102763
2016-12-02,-0.008278377781898447,-0.0006385940944262369
2016-12-05,0.014474629480588232,0.02269060491101005
2016-12-06,0.0168855712368884,0.0162500604867728
2016-12-07,0.015268884842291285,0.016912885631883423
2016-12-08,0.01519377567260171,-0.0036287650142584615
2016-12-09,0.00035075089825727356,0.00030366678011151116
2016-12-12,-0.001820129140036176,0.0012134754802546333
2016-12-13,0.010398151807825749,0.012423926547177722
2016-12-14,-0.008049413115804739,-0.01586345215547169
2016-12-15,0.016127911016338294,0.0012168033751931429
2016-12-16,0.0021624643083386756,0.002864169316747489
2016-12-19,-0.0023799036725201702,-0.0030382229054821686
2016-12-20,0.007213012776335217,0.0060952633232564946
2016-12-21,-0.0010148364861115138,0.0024237365497923324
2016-12-22,-0.0005578762429899327,-0.0006041905150705462
2016-12-23,0.00032945983724056707,0.0033260230196467955
2016-12-27,0.0003215134642492331,0.001205770065715539
2016-12-28,0.00010404820323221676,-0.006923884768444966
2016-12-29,-0.004749508871962756,0.006668701144408429
2016-12-30,0.005538466641012646,0.00752797939467853
2017-01-02,0.006135533534871325,0.0
2017-01-03,0.005045046051037345,0.0020920909339665616
2017-01-04,0.00020615555006695506,0.0068593583403187
2017-01-05,-0.0013900235028280984,0.010071183383340898
2017-01-06,0.003419464533832084,-0.00381214393596796
2017-01-09,-0.005082807739327891,-0.0005890452488915843
2017-01-10,-0.0007989254684730027,-0.002945224585591988
2017-01-11,0.002386668175955708,0.005317223948449357
2017-01-12,-0.008306450400136695,0.0008820464401928518
2017-01-13,0.013251843414540412,0.004991019887874204
2017-01-16,-0.011735579290726723,0.0
2017-01-17,-0.002284276591256615,-0.002336632810228001
2017-01-18,0.0025838824907152085,-0.001464742571727018
2017-01-19,-0.0006276660130532653,-0.00381214393596796
2017-01-20,0.0026409389807009725,0.00912560679040908
2017-01-23,-0.008760373125059537,-0.0005835750615625912
2017-01-24,0.0040669338110898064,0.0026271548620944163
2017-01-25,0.016099080868024727,0.012517967449936052
2017-01-26,-0.003038603515098399,-0.01121311663555058
2017-01-27,-0.005398926415250709,-0.0017445534610686098
2017-01-30,-0.014307182631923503,-0.009612707314319291
2017-01-31,-0.010811903018377233,0.0005882363572287108
2017-02-01,0.01069458285348447,0.0029393804441466553
2017-02-02,-0.0034982069128965637,0.0008797916335294698
2017-02-03,0.006984855803772107,0.005563085233968312
2017-02-06,-0.012126623218057101,-0.014268922602364675
2017-02-07,-0.004066772738953961,-0.0041359736180649476
2017-02-08,-0.004291953754707365,-0.0005932239475815448
2017-02-09,0.012549100084026236,0.008607509641963329
2017-02-10,-0.0019777130140242725,-0.0023539695124672466
2017-02-13,0.011275145456448641,0.004129873500872572
2017-02-14,0.0038618881025993795,0.0029372921803862972
2017-02-15,0.005131293654027026,0.0041010584075587
2017-02-16,-0.0054578273534061075,0.00408387821371381
2017-02-17,-0.007786678066092609,-0.004939034539964804
2017-02-20,0.003954349418059068,0.0
2017-02-21,0.007648318232486927,0.0017519719282612645
2017-02-22,-0.0015562172014001259,0.0008743464877885021
2017-02-23,-0.0021228919526426263,0.00029131351761990665
2017-02-24,-0.01024863622992451,-0.007860025908619006
2017-02-27,9.26058781334695e-05,0.0032273079817382033
2017-02-28,0.0033413954353819016,0.0
2017-03-01,0.023597757487700162,0.01667132273111771
2017-03-02,-0.001299055873426877,-0.004602507057839933
2017-03-03,0.006217869882723149,0.015606820948745659
2017-03-06,-0.006650559519416777,-0.005122516880314176
2017-03-07,-0.001231036374531145,-0.0037183670232421306
2017-03-08,-0.0007357007574320445,-0.0040198129078878875
2017-03-09,0.00507427099320763,0.013548424260661607
2017-03-10,0.0023836277076978727,0.010523520263877595
2017-03-13,0.0008100120464727536,0.0002817641716206243
2017-03-14,-0.006910905809216351,-0.010692680427657475
2017-03-15,0.003344348324053789,0.01422101678497878
2017-03-16,0.009224971067152083,0.012058662099883488
2017-03-17,0.0006263329442533055,-0.0008053425436824746
2017-03-20,-0.0038045141897143538,-0.0027782685295604237
2017-03-21,-0.001319623960872478,0.00027838899643750636
2017-03-22,-0.002816919873163655,0.0025069219142475063
2017-03-23,0.008756938382210514,0.002222901095521479
2017-03-24,-0.0018193484498773085,0.0022179027570832233
2017-03-27,-0.002716238574209137,0.006085327863774248
2017-03-28,0.00991444266342766,0.004674675424095387
2017-03-30,0.003538484986539032,-0.007132970322743515
2017-03-31,0.005417925192208961,0.00442089381890276
2017-04-03,-0.009141788565331054,-0.0035762296431665064
2017-04-04,0.00042974130467829104,0.000828167614135733
2017-04-05,-0.0023192276172871867,-0.0074481529339992525
2017-04-06,0.005337650295019793,0.003891038911002509
2017-04-07,0.001659527224896461,-0.0005536402867574175
2017-04-10,-0.006593874616191817,-0.006371273581988857
2017-04-11,-0.003984328985688289,0.002229995809867269
2017-04-12,-0.002235603567558354,-0.0005560537908517738
2017-04-13,-0.007087524108382961,-0.008627759524399203
2017-04-18,-0.011505168846454283,-0.000842186425874969
2017-04-19,0.004907444317766558,-0.0011239766122984607
2017-04-20,0.007491984569359715,0.010126758193933494
2017-04-21,-0.000197486944303541,0.0013919895805374338
2017-04-24,0.04445608188989199,0.05561773899907885
2017-04-25,0.0034543137413938873,0.00763956365734364
2017-04-26,-0.0012376461538598704,-0.008889117201411945
2017-04-27,-0.002711865812913431,-0.0018463760034015397
2017-04-28,-0.0012424876258154294,-0.000264302221713808
2017-05-02,0.006951836765284844,0.012423608006667974
2017-05-03,0.001989070635415382,-0.001566383373483582
2017-05-04,0.01219385373985732,0.021443903165009326
2017-05-05,0.009469569840917043,0.01612907480188852
2017-05-08,-0.005530922405635085,-0.015369400669889455
2017-05-09,0.0009721784445108766,-0.005373608162546506
2017-05-10,-0.0016992128595351489,0.0018010272001933725
2017-05-11,-0.006937174613593594,-0.004879443918775039
2017-05-12,0.0031877157251722532,0.00903219982370751
2017-05-15,0.003097404699401034,0.006905570500228997
2017-05-16,0.002362906143912451,0.010668113049660422
2017-05-17,-0.017513776738544456,-0.018095434496402385
2017-05-18,-0.0030196270512551147,0.0005122142504683236
2017-05-19,0.009037137387739314,0.014325808199227241
2017-05-22,-0.0023529824691880326,0.0012611850127790536
2017-05-23,0.00819334192766988,0.0005036532003852567
2017-05-24,-0.002255434211704463,0.0002515454326377231
2017-05-25,0.001697631123098109,-0.0022652536163451087
2017-05-26,-0.0009435770520283332,-0.004540483861575351
2017-05-29,-0.0011330781894582826,0.0
2017-05-30,-0.00379708707462841,-0.0027878417895899066
2017-05-31,0.0007775361817048354,0.004828354708147575
2017-06-01,0.0044079911895228835,0.004805153721552768
2017-06-02,0.006821479836732542,0.011326823775209993
2017-06-05,-0.0024065136253246747,-0.007466255842389691
2017-06-06,-0.004399204238034413,-0.006519783467382023
2017-06-07,0.001954297410290682,0.0005045463658235327
2017-06-08,0.005899629026749568,0.0002524244411463705
2017-06-09,0.004722420316930454,-0.0007565254028087942
2017-06-12,-0.012915851698256433,-0.008329132392000504
2017-06-13,0.004230123590474504,0.007635507548191978
2017-06-14,0.00012424344034525306,-0.0010103531142620081
2017-06-15,-0.006005824600538633,-0.014159249441436428
2017-06-16,0.008573055892283325,0.010617439359791536
2017-06-19,0.009362087390942929,0.005678736934556561
2017-06-20,-0.004411114862296325,-0.01001009205166914
2017-06-21,-0.0014719405549987118,0.0005184900933190573
2017-06-22,8.693164781683903e-07,-0.0012956784947431021
2017-06-23,-0.0022106273756807757,0.002594718910978955
2017-06-26,0.006089042810882952,0.0038820680686686426
2017-06-27,-0.010103155946485195,0.0025781201620611593
2017-06-28,-0.0017008878490250327,0.010028044167672556
2017-06-29,-0.019652613493269563,-0.01680262084144124
2017-06-30,-0.006516113743101429,-0.003883829454718435
2017-07-03,0.0139063573313046,0.00207953971399899
2017-07-04,-0.004099459421406066,0.0
2017-07-05,0.0034877910721947828,-0.00025937956483168545
2017-07-06,-0.005304616831790173,-0.003892015788837022
2017-07-07,0.0015191390820882018,0.004428646492049548
2017-07-10,0.004439710826533386,0.002333747027776445
2017-07-11,-0.00518104111224203,0.004657125863078981
2017-07-12,0.01347397851994677,0.007211001864674493
2017-07-13,0.003633622654348015,0.0033238989083832493
2017-07-14,-0.00037589574167927014,0.005606377224899095
2017-07-17,-0.0023882289563275684,-0.0043082536213715494
2017-07-18,-0.010320091366480221,-0.001781460436625415
2017-07-19,0.00903783473858631,0.00305956682363262
2017-07-20,-0.0022538243026425787,0.006863226703562431
2017-07-21,-0.01178563820845377,-0.007068882238247642
2017-07-24,0.0030039028008380275,-0.0010171259431500657
2017-07-25,0.006529610409488083,0.003308549291368701
2017-07-26,0.00514905709648129,0.007103322184581096
2017-07-27,0.0010539567124981189,-0.0022670980343271196
2017-07-28,-0.008013791669616969,0.0027772478899996678
2017-07-31,-0.004355729934729936,0.0
2017-08-01,0.009455429071517078,0.006294026276325582
2017-08-02,-0.005574833102953889,0.00025010431069416583
2017-08-03,0.004465011806615252,0.0027516056663265953
2017-08-04,0.015031394045811905,0.005237972515413025
2017-08-07,-0.00019083200918505264,-0.00024781695465336817
2017-08-08,0.0029379528710053197,-0.004716333688958851
2017-08-09,-0.013293484922858437,-0.006234745052665414
2017-08-10,-0.010933742858725226,-0.01605960739846546
2017-08-11,-0.009611847984129793,0.0
2017-08-14,0.014272511112808889,0.010456600951164852
2017-08-15,0.0046117623364434765,0.001009437384294154
2017-08-16,0.005826814762922478,0.004286405960979511
2017-08-17,-0.006379876015444941,-0.013557707480347903
2017-08-18,-0.004247820452046553,0.004072523400466599
2017-08-21,-0.007421154844285551,-0.0020280637462728457
2017-08-22,0.007833016118925059,0.007873905772376233
2017-08-23,-0.0049501335515976025,-0.0005038645009285414
2017-08-24,0.0015125455250715174,-0.0010084194480042274
2017-08-25,-0.00016826816007942536,0.008329091074772865
2017-08-28,-0.005716778244864223,-0.0012517512292486987
2017-08-29,-0.009417549230055043,-0.004761588722670074
2017-08-30,0.004647915133486221,-0.004281129226939462
2017-08-31,0.005005122331625279,0.0058167252137142356
2017-09-01,0.007902291760755643,0.0027661351414747237
2017-09-04,-0.004697293529142129,0.0
2017-09-05,-0.003963175869789332,-0.00827503043402289
2017-09-06,0.002939984852077598,0.012641856764365578
2017-09-07,0.0051170714690625405,0.008739481143514194
2017-09-08,-0.0006141073982154667,-0.0007427448211875243
2017-09-11,0.015289840042857664,0.010403946200406855
2017-09-12,0.004564711697252908,0.0041676599802471515
2017-09-13,0.002514578314303725,-0.004394716401304399
2017-09-14,-0.0005714617796494357,0.0036785278886231065
2017-09-15,-0.0030954481169174035,0.0012256102095216104
2017-09-18,0.0036293858794276337,0.0031833920297967833
2017-09-19,0.0011509616302035931,0.003905190827424354
2017-09-20,-0.0014277798857684572,-0.0034040418643621617
2017-09-21,0.004602669632202265,0.001708069016542968
2017-09-22,0.00018997749177030693,0.0009735723572881216
2017-09-25,-0.002574253882312437,-0.009244853892150906
2017-09-26,0.00012558176140881592,-0.004421196527922833
2017-09-27,0.004540950628905156,0.0029601978192359546
2017-09-28,0.0017418905239074797,0.0034432725429722755
2017-09-29,0.009636352834031421,0.011029203850112523
2017-10-02,0.003947971169507142,-0.0029087802956675457
2017-10-03,0.000931891127125538,0.0026740533494680196
2017-10-04,-0.0035222775279440586,-0.004606851075143692
2017-10-05,0.0033139140534070416,0.0024360466042192552
2017-10-06,-0.0025925838697997174,0.00024309444154813065
2017-10-09,0.003074801880674456,-0.0014582121660161595
2017-10-10,-0.0029241780578838526,0.009245789558756101
2017-10-11,0.002039784547962714,0.002893463123526452
2017-10-12,0.0007711341459256604,-0.0028851151492349514
2017-10-13,-0.00027461926969738544,-0.0007231340071613968
2017-10-16,-0.0008269462843254216,-0.0016881858073638512
2017-10-17,0.0016542741491571986,-0.002175572461443953
2017-10-18,0.002705478630121149,0.005086278364450969
2017-10-19,-0.0017619792042224496,0.00024104423932058694
2017-10-20,0.0008695715010476122,-0.005300305685316142
2017-10-23,0.0020567004120717602,-0.004358885491620557
2017-10-24,0.0002931743158193287,0.004377968555238754
2017-10-25,-0.003400524893703891,-0.0012110020267577237
2017-10-26,0.01583383978397553,0.0009701394504066929
2017-10-27,0.003722321060548713,-0.0019375832459777032
2017-10-30,0.0006360150913214502,0.005824851009752496
2017-10-31,0.003499452592530031,0.005067286780197744
2017-11-01,0.008185587028310915,0.002881768546515895
2017-11-02,-0.0016778074300254743,0.002872682244195346
2017-11-03,0.00032695898722589914,-0.005490910334409627
2017-11-06,-0.0019165688663767564,-0.00047966019242717817
2017-11-07,-0.004566584496603707,-0.009366347297716127
2017-11-08,-0.00311683007856423,0.0007273990066727354
2017-11-09,-0.011238854680800684,-0.008720696658935267
2017-11-10,-0.004525971405387975,-0.0024440204200519844
2017-11-13,-0.004820181423944371,-0.004164366410545295
2017-11-14,-0.0015694437084508052,0.0041817808783715105
2017-11-15,-0.0036499742729513207,-0.003184716376064989
2017-11-16,0.005512418051398024,0.0058984515102842305
2017-11-17,-0.002853657601609832,-0.004397692318443003
2017-11-20,0.0031142789682573053,-0.0019633730191684906
2017-11-21,0.007119706746565341,0.006638887720072928
2017-11-22,-0.004963358274357876,0.0009773654880786964
2017-11-23,0.002514193071088595,0.0
2017-11-24,0.0015394835616461123,0.014396786335686196
2017-11-27,-0.00640216187633138,-0.006254400669948312
2017-11-28,0.004380425404546771,0.005567771160043922
2017-11-29,0.0037718799855973885,-0.0031294002308833724
2017-11-30,-0.006027994185009879,-0.00048302006291911503
2017-12-01,-0.012794498368759049,-0.007731591189618858
2017-12-04,0.013475409560528484,0.0019479586170862984
2017-12-05,0.0005088034733017814,-0.004617158963088341
2017-12-06,-0.002827018832315346,-0.0031740651905061146
2017-12-07,0.004091929440233382,0.0036742890888130653
2017-12-08,0.005808556744736327,0.005368384664714121
2017-12-11,-0.004225247043408697,-0.0007283980621320962
2017-12-12,0.0052388064317248585,-0.0017007176033495552
2017-12-13,-0.007364576105238299,-0.0004864296763505971
2017-12-14,-0.006108325187197407,-0.009493563868968713
2017-12-15,0.0035090860662425564,0.0033283857648009896
2017-12-18,0.014478471605987041,0.013513109362154774
2017-12-19,-0.007165186743804166,-0.0014543948072563984
2017-12-20,-0.008486586983813351,-0.006069561039116711
2017-12-21,0.0030263465438513004,0.0024426970521886915
2017-12-22,-0.002927242560199389,-0.0021930469866242586
2017-12-27,-0.0008672622428093272,-0.000244233451603848
2017-12-28,-0.0068260015395850086,-0.0019541108198790624
2017-12-29,-0.006163740454895665,-0.003671219548123994
2018-01-02,-0.0042236139716266006,0.004421767105904362
2018-01-03,0.006588816775810377,0.0039128831210901716
2018-01-04,0.015231108581114445,0.017783041500261998
2018-01-05,0.01106102368404601,0.010052649031651706
2018-01-08,0.00358483100303356,-0.004028530284270637
2018-01-09,0.002755532092201243,0.0007142151853731793
2018-01-10,-0.004754263574070075,-0.003566134539857102
2018-01-11,-0.0023041313131612834,0.006203353499673048
2018-01-12,0.004809360789869113,0.013990960127877372
2018-01-15,0.0005503859647439884,0.0
2018-01-16,0.00473102999814315,0.002572511447642256
2018-01-17,-0.0009010837774577975,0.00373249783807994
2018-01-18,0.003148077351351761,0.0013941198390670095
2018-01-19,0.006790810761024453,0.007658207716928711
2018-01-22,0.005604193565759687,0.008521806695421352
2018-01-23,-0.0019124329961261565,0.0025122207567480626
2018-01-24,-0.010371462680096467,0.0015944217290229101
2018-01-25,-0.003907551106641853,-0.0038663611215074
2018-01-26,0.00490664401634028,0.009360688652587212
2018-01-29,-0.0010781895841400339,-0.00836930838793093
2018-01-30,-0.010719384423069488,-0.00843961695483375
2018-01-31,0.0027453849177274466,0.0016099734570453883
2018-02-01,-0.007736775778436708,0.0004596303959656378
2018-02-02,-0.015512821401093899,-0.025482145413008084
2018-02-05,-0.012179238954407874,-0.04216700377766769
2018-02-06,-0.02117180576994548,0.028283272582025454
2018-02-07,0.019542439477776175,-0.019373577794096764
2018-02-08,-0.022918548245504985,-0.029511882188108296
2018-02-09,-0.013946205697357926,0.003015459264532616
2018-02-12,0.011821627144282906,0.013781500415852133
2018-02-13,-0.006918871414418511,-0.0029664125584016876
2018-02-14,0.008982557413719098,0.018096149201698886
2018-02-15,0.009419148908185859,0.006574336040833906
2018-02-16,0.00844669407872472,0.0019350868940144483
2018-02-19,-0.005695705989200175,0.0
2018-02-20,0.006136789879962136,-0.008932940067537642
2018-02-21,1.805504744487167e-05,-0.007307870562236363
2018-02-22,-0.00017648161434816035,0.007361668684101819
2018-02-23,0.0018026493804331242,0.007064699035836064
2018-02-26,0.005116035698723355,0.008224438085218111
2018-02-27,-0.0010432747548244214,-0.017754431939351334
2018-02-28,-0.0038760171983684404,-0.009525792764522478
2018-03-01,-0.011304476573874211,-0.009124830100842085
2018-03-02,-0.021270290601911483,-0.0004976488551513558
2018-03-05,0.005042532132922944,0.006971925133290924
2018-03-06,0.0009157250673031556,0.0046986021510473375
2018-03-07,0.005269238404390478,0.005906941579296943
2018-03-08,0.009072836486336572,0.0007338999023382975
2018-03-09,0.00236374068102669,0.0034229794473599195
2018-03-12,0.001806657868841893,0.0012186059502907742
2018-03-13,-0.009242407026587237,-0.008274592037619266
2018-03-14,-0.0030903064617598948,0.0029447145138086217
2018-03-15,0.009581467141625994,0.0007338999023382975
2018-03-16,0.004933487539488319,0.004335961437290425
2018-03-19,-0.011573137391555402,-0.007073645807424311
2018-03-20,0.007142193505404283,-0.0014733799371005052
2018-03-21,-0.0013086405184776961,-0.0024600803223814305
2018-03-22,-0.01333836379213521,-0.021455079954270095
2018-03-23,-0.012463219532890247,-0.011845160663492615
2018-03-26,-0.003950314168680555,0.02116830434167638
2018-03-27,0.010234952130148404,-0.012737173067328245
2018-03-28,0.00380688612572667,0.0063241528551314374
2018-04-03,-0.0018667608084018397,-0.004469799883763725
2018-04-04,-0.0022225320673519957,0.003990669606262154
2018-04-05,0.02431157414637945,0.0111804420577708
2018-04-06,-0.0038212186934606165,-0.006142587427010682
2018-04-09,0.0018886798472019049,0.00988862306378091
2018-04-10,0.007308991981025093,0.010771385076870033
2018-04-11,-0.005862875978458388,-0.005328357296035868
2018-04-12,0.007020886491741645,0.006087599000641486
2018-04-13,0.0022427959719599523,0.0009677518684210185
2018-04-16,-0.001311531750889078,0.003868190103826441
2018-04-17,0.009579451062637176,0.009874906484573343
2018-04-18,0.005100437402406381,0.0033392257267310654
2018-04-19,0.0006655513086904308,-0.0038033621302829834
2018-04-20,0.004711530033026076,-0.0028632980610194814
2018-04-23,0.005948424769881669,-0.00047843406926717513
2018-04-24,-0.0006931865427949287,-0.005267240573772702
2018-04-25,-0.006332989778141211,-0.0012035697498888887
2018-04-26,0.008860521130013033,0.0019281473787384762
2018-04-27,0.004038845982020696,0.002645367219556327
2018-04-30,0.005094325081030641,-0.0021590354854886806
2018-05-02,0.005618865719850671,-0.003845759816104466
2018-05-03,-0.005525446670822514,0.0021715985292134476
2018-05-04,0.002913385332796127,0.0016853483533156854
2018-05-07,0.005004749531080558,0.0009620436027550916
2018-05-08,-0.0011419725312648648,-0.005043146395867115
2018-05-09,0.0009368962601878247,0.003620357729396728
2018-05-10,0.0014707632344150552,0.00697451596601506
2018-05-11,-0.0005840875395575343,-0.000716851037326327
2018-05-14,-0.0008469173834928456,0.00023927418867120132
2018-05-15,0.001096923745020843,-0.007885587321615928
2018-05-16,-0.0015959393386847257,-0.0016857545275060781
2018-05-17,0.007669033470548998,0.0033775483792348737
2018-05-18,-0.00251172256654542,-0.003606431358080475
2018-05-21,0.0022610328399980642,0.004584665333281723
2018-05-22,0.004512581342141623,0.0009607757166638642
2018-05-23,-0.013156725940856276,-0.015358459716341644
2018-05-24,-0.005986406514118648,-0.003168357183834347
2018-05-25,0.00022307344574512203,-0.011002636137170785
2018-05-28,-0.007675117023595985,0.0
2018-05-29,-0.011654705435715909,-0.035846775948219944
2018-05-30,0.0035442111647112488,0.021282220502179205
2018-05-31,-0.007763244088963703,-0.0055234324060140505
2018-06-01,0.011724570810344111,0.009593259908481588
2018-06-04,0.002864080780287366,0.005251589106271881
2018-06-05,-0.002710057732335711,-0.002736356796891326
2018-06-06,0.001969163263044875,0.011723602387207377
2018-06-07,-0.001846803811914355,-0.00862909310557014
2018-06-08,-0.003264972965808636,0.0017409118690576708
2018-06-11,0.007886765360020578,0.012412676702431069
2018-06-12,-0.0001246846505294504,-0.007356482381811746
2018-06-13,0.0025381259017750618,0.003211406317813914
2018-06-14,0.01608207615211703,0.0009853786811684362
2018-06-15,-0.005276266442790515,-0.0025409180887504546
2018-06-18,-0.013789958065626955,-0.01286258941791163
2018-06-19,-0.009791774768239886,-0.009197915742995333
2018-06-20,0.0008901887738163658,-0.0023204336992320718
2018-06-21,-0.009153458529165156,-0.010080614328294213
2018-06-22,0.010123124992866552,0.013577446315070851
2018-06-25,-0.019665688810913552,-0.01313753989566313
2018-06-26,0.0018062924193355664,-0.002871279047556241
2018-06-27,0.009883542464809799,-0.00994776543073006
2018-06-28,-0.010010913131215523,0.0015865110447905728
2018-06-29,0.009436382183227225,0.011879738148878438
2018-07-02,-0.00816160203898524,-0.004696265380209619
2018-07-03,0.01069594108692503,0.005767133384178003
2018-07-04,0.0015384596782410974,0.0
2018-07-05,0.00457074760060439,0.018764133487719103
2018-07-06,0.003695643201084995,0.005883740616680289
2018-07-09,0.003096349780101323,0.005086746871860726
2018-07-10,0.006120142332468632,0.0017711912110096595
2018-07-11,-0.011012143975122695,-0.0207123490429737
2018-07-12,0.00853302347940788,0.0077381806950851395
2018-07-13,0.0007638774145736249,0.002815545719994539
2018-07-16,-0.0020127319107933854,0.0022968024078999782
2018-07-17,0.0019840830773111304,-0.0010184420130050498
2018-07-18,0.007878591694116489,0.0035685089148338456
2018-07-19,-0.004815062977832687,-0.005588005578204047
2018-07-20,-0.0017327162529742373,0.004597783408063494
2018-07-23,-0.0027711419904526764,-0.0007626810743183166
2018-07-24,0.0023813749036904145,0.004834516016387402
2018-07-25,-0.003307367710893941,0.009116275808384477
2018-07-26,0.007697659413855214,-0.006273601271786666
2018-07-27,0.005050074437283942,0.004293179753559473
2018-07-30,-0.005913898644084339,0.0017600569051743342
2018-07-31,-0.0004164144262567057,0.0040160699150963985
2018-08-01,-0.003229049412510368,-0.00700009752403552
2018-08-02,-0.006599163424203341,-0.01082575991756829
2018-08-03,0.0038957937491622243,-0.0015270935139567454
2018-08-06,0.00047969990596487673,-0.003314249897446775
2018-08-07,0.003839322085859877,0.009719152378372398
2018-08-08,-0.005591570950374198,-0.003039606945743567
2018-08-09,0.0031234878699231395,-0.006097629813940908
2018-08-10,-0.015439604016847167,-0.030674836356314628
2018-08-13,0.002071704784814663,-0.005010703035359665
2018-08-14,0.0014103432670449672,0.0005300985913956335
2018-08-15,-0.012953083312662343,-0.01986735970857545
2018-08-16,0.007877968260342297,0.007026990502893238
2018-08-17,-0.0006890433348016433,0.007782883193043322
2018-08-20,0.005829322701855464,0.006924503239654101
2018-08-21,0.0030690563725282575,0.014281817473306813
2018-08-22,0.0032451559726046257,0.0059971502544067246
2018-08-23,0.0012239094231569385,-0.0067389673415172435
2018-08-24,0.0023768169167226144,0.010698787339348481
2018-08-27,0.007447467321793508,0.013943177438217269
2018-08-28,-0.0008802557468356382,-0.002037122244128997
2018-08-29,0.000913318009853986,0.003827624877007496
2018-08-30,-0.004842574555504394,-0.012963945405304766
2018-08-31,-0.010182798082096005,-0.014164319428100591
2018-09-03,0.0012354099302106377,0.0
2018-09-04,-0.012623218222914909,-0.010710394198444884
2018-09-05,-0.015292223135352107,-0.009242241434837761
2018-09-06,-0.0025381863645040996,-0.005064058851615427
2018-09-07,0.0020280549292799777,-0.010715133496393303
2018-09-10,0.0038136243755058836,0.011372772878154747
2018-09-11,0.0022533405483599034,0.0010706076985447233
2018-09-12,0.006084567846109007,0.002407323186343513
2018-09-13,-0.0007353509752278083,0.011739581930660714
2018-09-14,0.0008383672337776922,-0.003955386462590638
2018-09-17,-0.0013029979119233098,0.0029121436159682546
2018-09-18,0.0031854410525648342,0.00607174542924338
2018-09-19,-0.00018134433988640684,0.003673382822346527
2018-09-20,0.005161340111475757,0.020915314175748545
2018-09-21,0.009892852481434188,0.0019738559609783213
2018-09-24,-0.005114790160152412,-0.004861201806909299
2018-09-25,0.004129051638227519,0.0038565920527102726
2018-09-26,0.00659133891997199,0.0007685586112549103
2018-09-27,0.0054356459078732785,-0.004606793910468143
2018-09-28,-0.010320478907798391,-0.015942918977931098
2018-10-01,0.006142502982762505,0.0005226001045934847
2018-10-02,-0.008588750502502532,-0.008095826592759314
2018-10-03,0.003045793485876572,0.004739558895424878
2018-10-04,-0.011979882717087121,-0.011530583181183052
2018-10-05,-0.007705003771182585,-0.008483644396372614
2018-10-08,-0.011015290693408699,-0.00855598260173196
2018-10-09,0.002869399685052209,0.0005390565936349567
2018-10-10,-0.019769959029156462,-0.0202154737270116
2018-10-11,-0.017825266350371148,-0.009353782588735426
2018-10-12,-0.005111637487475763,0.0002780236810528969
2018-10-15,0.0034815788685297546,0.00305403826750017
2018-10-16,0.016622281232652584,0.017159907270374086
2018-10-17,-0.004974270662499635,-0.010884237600912727
2018-10-18,-0.005539251970539517,-0.019807394037288928
2018-10-19,0.0017494091539265928,0.007858638132823836
2018-10-22,-0.007914399576545371,-0.009189724239321406
2018-10-23,-0.011431256248781774,-0.0059024910526439545
2018-10-24,0.0016828590761225207,-0.02798955855672125
2018-10-25,0.00809693946206377,0.015415930982091375
2018-10-26,-0.00991606960891755,-0.0051563578430177115
2018-10-29,0.0019771491678697017,-0.0011520056217442232
2018-10-30,-0.0008729263175814324,0.005477462408729927
2018-10-31,0.01735773374101656,0.007454025528723207
2018-11-01,0.0008661827978879835,0.0136598485525814
2018-11-02,0.00241085620233556,0.0019649161187451636
2018-11-05,0.0008632984148060869,0.0002803855759816454
2018-11-06,-0.0021403524241319174,0.003361328262507568
2018-11-07,0.012434885958726223,0.013121163255734647
2018-11-08,-0.0003170097130758775,-0.015431238149968829
2018-11-09,0.0006607675444799707,-0.0016791876249133697
2018-11-12,-0.007864017586085681,-0.022427634845500366
2018-11-13,0.007605394707341514,0.008029717195084496
2018-11-14,-0.006424373565681714,0.0031295625470584287
2018-11-15,-0.006059045162038472,0.0053882497797432816
2018-11-16,-0.00014613425443505364,-0.0008462582706707522
2018-11-19,-0.005863906911832784,-0.009598786549828042
2018-11-20,-0.012527872236049455,-0.019384697850720722
2018-11-21,0.010722852276614018,0.013081401961565264
2018-11-22,-0.007814839613284172,0.0
2018-11-23,0.0034864850866274406,-0.00946897503276789
2018-11-26,0.010579809690396711,0.015063590110869551
2018-11-27,0.00013898535329526102,-0.004851241892458891
2018-11-28,-0.0020487484969404428,0.015485945365607767
2018-11-29,0.003915665633497935,-0.004235938607420997
2018-11-30,0.0012954608506321678,-0.005104908729666846
2018-12-03,0.008356253429132399,0.013112817601749871
2018-12-04,-0.004830116283211988,-0.02560501976009988
2018-12-05,-0.011304935052188986,0.0
2018-12-06,-0.026697965176631068,-0.01328334899475403
2018-12-07,0.004339829275643685,-0.01199890704622264
2018-12-10,-0.010378203304319815,-0.0038506922500294305
2018-12-11,0.011614467617312994,0.002081534211849645
2018-12-12,0.013506779355848484,0.01958461197968453
2018-12-13,0.0007192503292940745,-0.0005823412197307754
2018-12-14,-0.004809758958335554,-0.01456041528538532
2018-12-17,-0.008081712302598762,-0.006796383232656633
2018-12-18,-0.00746525837680945,0.0020828423455352407
2018-12-19,0.004599034271627522,-0.008313567033418123
2018-12-20,-0.013333280681399854,-0.00479053524849371
2018-12-21,0.0002207953586200358,-0.01377002417338502
2018-12-24,-0.006254898883174827,-0.017758521277077666
2018-12-27,-0.006534711043828941,0.02805496840101851
2018-12-28,0.014738031709851114,0.004548227682911632
2018-12-31,0.005454186178535607,0.004225867563727004
2019-01-02,-0.004318670984402341,-0.004508792141177831
2019-01-03,-0.010231898886482793,-0.013284938529694479
2019-01-04,0.022726209782808714,0.03365954646244096
2019-01-07,-0.00146007582143938,0.000888433588108084
2019-01-08,0.004989326829241159,0.006506872675189124
2019-01-09,0.002825583077411363,0.012929750770454218
2019-01-10,0.0010253734775016556,-0.0008705142170823965
2019-01-11,-0.0025222926692348054,-0.008420207768868426
2019-01-14,-0.004318432829867542,-0.003513935464614093
2019-01-15,0.0040349813768336355,0.0011753510683436552
2019-01-16,0.000776435061258838,-0.0008804613535523531
2019-01-17,0.00028921303412946246,0.0017625428637486618
2019-01-18,0.01691568772594444,0.014662651728052367
2019-01-21,-0.002595482379759271,0.0
2019-01-22,-0.002695049338338829,-0.012138586262360085
2019-01-23,8.930161789539817e-05,0.006436300155508334
2019-01-24,0.001941902564601168,0.000872353477764598
2019-01-25,0.00745124910226294,0.015684012710727613
2019-01-28,-0.006659424384332299,-0.0020016919118043264
2019-01-29,0.006484315840148879,0.004584272456043426
2019-01-30,0.0012940253204878282,0.0077011930204844425
2019-01-31,0.0004879385686345082,-0.002264271994561806
2019-02-01,0.001297865240950039,0.0022694105573308754
2019-02-04,-0.003266646840075901,-0.0005660844660733133
2019-02-05,0.01325774520530543,0.009345684136821575
2019-02-06,-0.0037682687671710823,-0.004208639719505802
2019-02-07,-0.01639629358810916,-0.017751466485790734
2019-02-08,-0.003375556259790342,-0.004016083560493544
2019-02-11,0.008784275790253567,-0.0005759630439909902
2019-02-12,0.007138636604345878,0.012679897687355668
2019-02-13,0.0023450655217471285,0.0
2019-02-14,-0.0026892875613127526,-0.003130365539117941
2019-02-15,0.016622016487682727,0.01769944074651475
2019-02-18,0.0014991258707827968,0.0
2019-02-19,-0.0009477293871684224,0.004207262255182753
2019-02-20,0.005080079795762703,0.00419015540023282
2019-02-21,0.0030911000431229395,-0.0008346766660423111
2019-02-22,0.0032811518066414237,0.003897699022300305
2019-02-25,0.0026319170876089796,0.0022184984800097673
2019-02-26,0.0018827429109779326,0.007747492343785245
2019-02-27,-0.0037743011047787693,-0.004667838477235731
2019-02-28,0.004582995454059002,0.004965780851721613
2019-03-01,0.0025924963668339457,0.007136635152990456
2019-03-04,-1.0447067742881776e-05,-0.004360811205265214
2019-03-05,0.0022452683989640557,0.0008214244623949707
2019-03-06,-0.000615221740700261,-0.002188030871515312
2019-03-07,-0.002968690044180086,-0.016721547991463304
2019-03-08,-0.00590166092659661,0.0039026773960342265
2019-03-11,0.004823805692966156,0.006942694608746747
2019-03-12,1.778811825558388e-05,-0.0002759111292752747
2019-03-13,0.003511326950246517,0.01131059931738232
2019-03-14,0.006100709622257925,0.002182316142182117
2019-03-15,0.013755421121870344,0.014516227722851438
2019-03-18,0.00047180318874383005,0.004303613908098303
2019-03-19,0.005073017447271355,0.0032133973347869826
2019-03-20,-0.006827671421855549,0.00026727136632564985
2019-03-21,0.0013193368844818414,-0.004003352854479836
2019-03-22,-0.016662252721702967,-0.030278568251865257
2019-03-25,-0.0009051605498572275,0.0019341162506947285
2019-03-26,0.004923812691663921,0.001930574724976486
2019-03-27,0.00031165050054261003,0.0027525858006596238
2019-03-28,-0.0015629938785684688,-0.003019475508705738
2019-04-01,0.004649737968628328,0.0117548651735353
2019-04-02,0.001956999298458122,0.003242552281349509
2019-04-03,0.011647865798997447,0.01050396867721548
2019-04-04,0.0009599256385640293,0.0015986499546833954
2019-04-05,0.0025373691423189685,0.0007988213123453214
2019-04-08,-0.003919332993658953,0.0005313612377499943
2019-04-09,-0.004591301313511937,-0.005580740701351283
2019-04-10,0.0031555477095441277,0.004543196752690104
2019-04-11,7.493087227258115e-06,0.001330005756132957
2019-04-12,7.762256020738266e-05,0.007970668590846719
2019-04-15,0.0005893396826275453,0.0002633391626083448
2019-04-16,0.005811427411419255,0.0007906046923931154
2019-04-17,0.0049517876725014036,0.008161885234253763
2019-04-18,0.003303612605429149,0.0005228343222059006
2019-04-23,0.000267485157763909,-0.0007833569134186869
2019-04-24,-0.002527497857605918,-0.007575920664167901
2019-04-25,-0.00019587436570120897,-0.0010527650434831726
2019-04-26,0.0036899729549777255,0.001053874525744014
2019-04-29,0.00027447531303101175,0.005791338167697502
2019-04-30,0.005493368710397629,0.008897979879167073
2019-05-02,-0.008432999164431736,-0.011673409721705386
2019-05-03,0.006848303585761262,0.00892385659317485
2019-05-06,-0.008503482891421377,-0.00858434749000947
2019-05-07,-0.014075573370606947,-0.024140756502915695
2019-05-08,0.004568564349520053,0.006722239661301366
2019-05-09,-0.018186134160949555,-0.0042736025756070495
2019-05-10,0.007774054188784569,0.006438072631855585
2019-05-13,-0.012610196580346658,-0.022122174869252276
2019-05-14,0.017114428631003938,0.009812247065126511
2019-05-15,0.007937353428860644,0.007017494835230842
2019-05-16,0.015235423211913726,0.011525557064962166
2019-05-17,-0.0025086125158007124,-0.00477020642477366
2019-05-20,-0.01580803905710393,-0.010915540529265355
2019-05-21,0.006661322260836595,0.005922285823118045
2019-05-22,0.003992794603873024,-0.0026766641844317984
2019-05-23,-0.01702635977125835,-0.012073703235553457
2019-05-24,0.00904815120845305,0.012493239115014543
2019-05-27,0.003695223043597314,0.0
2019-05-28,-0.003820053974535841,-0.011534145888881575
2019-05-29,-0.015347021037087703,-0.009498194134878624
2019-05-30,0.007997065222801783,0.004931501726575638
2019-05-31,-0.008587252341437264,-0.010632517926386198
2019-06-03,0.007557299407695711,0.008266859709528562
2019-06-04,0.006102694925328555,0.018037694815123073
2019-06-05,0.004252952770869787,-0.0016106741468353558
2019-06-06,0.0006767617745122655,0.003495382361399013
2019-06-07,0.015433643188212621,0.016077092216447708
2019-06-10,0.001680630204742314,0.0002636618238065491
2019-06-11,0.0033561684867798214,0.006064337090702088
2019-06-12,0.00027229936426999344,-0.007861806716644049
2019-06-13,0.002480683533912802,0.001056195732088705
2019-06-14,-0.0014932564467461248,-0.007651207962807938
2019-06-17,0.005988699649900799,0.00026558803647791507
2019-06-18,0.020158644583738845,0.01913879642877392
2019-06-19,-0.0036024259682265938,0.004433875191538705
2019-06-20,0.006877973912776205,0.009867938621113126
2019-06-21,0.0003352363889858695,-7.920880964318311e-05
2019-06-24,-0.00035388469103983717,0.0015760637923192267
2019-06-25,-0.0028867787107599535,-0.007080828753299961
2019-06-26,-0.003329745665389403,0.0018485595389718945
2019-06-27,-0.006038628917021449,0.001845627993438681
2019-06-28,0.00894194851137246,0.007894954972346824
2019-07-01,0.006100192518649599,0.0010442014422298307
2019-07-02,0.007291867360592807,0.003390737106556685
2019-07-03,0.010616338417475096,0.008318233975304068
2019-07-04,-0.0014989781826378616,0.0
2019-07-05,-0.006836338103338537,-0.007218249188777448
2019-07-08,0.0010980905593984318,-0.005193716600230047
2019-07-09,-0.0026245586811790666,-0.0020878582819030544
2019-07-10,-0.0020199215926884387,0.0018309062926704645
2019-07-11,-0.001508091460547533,-0.0007834774317082571
2019-07-12,0.0008851091012220837,0.0002617598026017909
2019-07-15,0.0010547778573133753,0.0010443905151389377
2019-07-16,0.005500738249906809,-0.0018263696319256173
2019-07-17,-0.00018353723661151703,-0.003660254517389494
2019-07-18,-0.002737516406331049,0.001836552438408079
2019-07-19,-0.0015869965368709086,-0.00785725841656515
2019-07-22,0.006109447974049621,0.0034319123210118097
2019-07-23,0.007905101115532196,0.008944566075364424
2019-07-24,-0.0010383161826844846,0.0002610953060682153
2019-07-25,-0.004027810839588595,-0.010427697078166598
2019-07-26,0.003365080764053777,0.0034249199686580134
2019-07-29,-0.0017149660553680936,0.0018377553538451163
2019-07-30,-0.014816849093692026,-0.018344139814832183
2019-07-31,0.0033476410497795973,-0.008275456562740757
2019-08-01,0.011251493809765914,-0.004306714252060306
2019-08-02,-0.0338835394164195,-0.011894967699396797
2019-08-05,-0.01709645835772164,-0.018878542781234908
2019-08-06,-0.0019770256655087665,0.004740738825444568
2019-08-07,0.007657357346835224,0.0069384124827971405
2019-08-08,0.018421223103728762,0.009096537591659848
2019-08-09,-0.011584951631590188,-0.005190315607167761
2019-08-12,0.002085087872782125,-0.007962279852028797
2019-08-13,0.006962798866140539,0.011901339836371427
2019-08-14,-0.020641488185816292,-0.030087981789497786
2019-08-15,0.0006003207425331205,0.0
2019-08-16,0.011508516662551987,0.011844675724788534
2019-08-19,0.01005426448530453,0.008361245003309037
2019-08-20,-0.003062199925188377,-0.004145988544873136
2019-08-21,0.012731836472193652,0.013322397852481016
2019-08-22,-0.010222253491228942,-0.003560753690893592
2019-08-23,-0.009309024524056657,-0.015118176206289968
2019-08-26,0.0042133532321405945,0.010047634182468457
2019-08-27,0.00818192353632941,0.00027617627355702723
2019-08-28,-0.002069269995712373,-0.0002761000212819775
2019-08-29,0.014417871039897246,0.01326299190209479
2019-08-30,0.00492961530187632,-0.00027243734746684733
2019-09-02,0.0018510339752093382,0.0
2019-09-03,-0.0031584810503234584,-0.0043645247933473685
2019-09-04,0.006835247720392712,0.014520561523559516
2019-09-05,0.006794950950045754,0.008371857699592145
2019-09-06,0.0035135572366410675,0.000535462817469412
2019-09-09,-0.006647502138498709,0.003479375579855448
2019-09-10,-0.006570235815942524,0.0010672474393729203
2019-09-11,0.001765150295285537,0.0039966697849840305
2019-09-12,0.010167818710669251,0.009553956692211596
2019-09-13,0.0015434551644243238,0.0026288845856101695
2019-09-16,-0.010765430143975937,-0.012323015264205428
2019-09-17,0.002768245574782211,0.006636341824783676
2019-09-18,0.0033542321077502197,-0.0002636964537381381
2019-09-19,0.005936242029328092,0.003429317783607777
2019-09-20,0.002510691867666158,-0.0007104512201635549
2019-09-23,-0.007055575609772992,-0.005005271192291438
2019-09-24,0.0025760881880320533,-0.003971689313565396
2019-09-25,-0.0076053158649332445,-0.0063795839799897225
2019-09-26,0.0074853530665012335,0.005082996740551016
2019-09-27,-0.001397186286216772,-0.0018628912071535497
2019-09-30,0.00827848290856391,0.006399875284978096
2019-10-01,-0.014523259044514132,-0.010863795070831905
2019-10-02,-0.028187245574501852,-0.025448957548655393
2019-10-03,0.0005848339700888189,0.0074218303342985514
2019-10-04,0.01153505414415069,0.00791292721153436
2019-10-07,0.0073996111651297575,0.00027043775591217845
2019-10-08,-0.012118370260998282,-0.010825395236312652
2019-10-09,0.00891290828628549,0.011764458249839294
2019-10-10,-0.0003922450821343403,0.010005688272015423
2019-10-11,0.013276112585785224,0.02034825309289312
2019-10-14,-0.0010243813614495025,-0.0002627306455884604
2019-10-15,0.008487365934843293,0.013386106116275664
2019-10-16,-0.004414921939566362,0.0018128293916059857
2019-10-17,-0.003651486312140025,0.002327149700428688
2019-10-18,-0.005016784538253714,0.001546972580279693
2019-10-21,-0.001280443333850009,0.004378111243884986
2019-10-22,-0.00032830450771524535,-0.005640840387341806
2019-10-23,-0.002618184577687072,0.0064467123007896365
2019-10-24,0.008577954589322622,0.0002561888266319201
2019-10-25,0.0010107510610059588,-0.001024841626218409
2019-10-28,0.001938815495020541,0.0025640924181211666
2019-10-29,-0.001677568368718374,-0.0007673068319561382
2019-10-30,-0.0016164083998323,0.005119345682867538
2019-10-31,-0.000990594959028705,-0.0025464623625304217
2019-11-01,0.00524096048851567,0.00638229259403067
2019-11-04,0.010542446086590496,0.005834623865147659
2019-11-05,0.0012380360847514865,-0.0010089604479261993
2019-11-06,0.007041273879565418,0.0015149692159079908
2019-11-07,0.0018722839921570243,0.002521014845200842
2019-11-08,-0.0033856950063345503,0.0
2019-11-11,0.0003187876598655798,-0.00025187838850326827
2019-11-12,0.006488091038899302,-0.0002515993798143379
2019-11-13,-0.004633678887629943,-0.0027668052790703612
2019-11-14,0.00031069379775666044,-0.00025247543288087204
2019-11-15,0.006804355202032153,0.007317451958570365
2019-11-18,-0.00478274854863151,-0.00025047727689020416
2019-11-19,-0.0016449955159374438,-0.00100204639914947
2019-11-20,-0.0030234951562494693,-0.006019561268847062
2019-11-21,-0.0031365453341542456,0.0015138607939833015
2019-11-22,0.0008653680034421975,-0.001259415022135002
2019-11-25,0.005045302703365203,0.003279547096858959
2019-11-26,7.074412641866698e-05,0.0007542656409689208
2019-11-27,0.002430196662672164,0.0
2019-11-28,-0.0025765070925021076,0.0
2019-11-29,-0.0009204867938752397,-0.002010429280079551
2019-12-02,-0.01792315880958286,-0.012084361532119337
2019-12-03,-0.0033834050928402207,-0.0010193868572546672
2019-12-04,0.013634178390899317,0.009693767671925757
2019-12-05,0.00010881889490459955,-0.001010744927267937
2019-12-06,0.012400298252323642,0.00606980186046302
2019-12-09,-0.004393439922688123,-0.007038616835174816
2019-12-10,-0.002601085702193039,0.002531750295167834
2019-12-11,0.007485686763032443,0.008333459412051436
2019-12-12,0.0058091537686568735,0.009015489209046157
2019-12-13,0.006502010704551969,0.0052120556132846385
2019-12-16,0.008190970091327044,0.01012361994191635
2019-12-17,-0.0049344926895836085,-0.005866535187284305
2019-12-18,-0.000685301874662426,-0.003688096021963183
2019-12-19,-0.0008110551217404609,-0.00024688030774455694
2019-12-20,0.006083424265885336,0.00502408965895329
2019-12-23,-0.0006329722208857635,0.00024615274848271973
2019-12-24,0.00020481733139434292,-0.001723202479467778
2019-12-25,-0.00015193217139122713,0.0
2019-12-27,0.002164218188875801,0.009371105955740644
2019-12-30,-0.00899714476381356,-0.008306858677879947
2019-12-31,-0.0006589815907865371,0.00492726550372069
2020-01-02,0.01239521454300106,0.01152212291551935
2020-01-03,-0.008041461547385312,-0.012845074564305503
2020-01-06,-0.005624694777621351,0.001718659774391229
2020-01-07,0.004530033397188031,-0.005637368013584498
2020-01-08,0.005035683860681896,0.0049298068574052945
2020-01-09,0.006013118920855963,0.004169729650497889
2020-01-10,-0.0027409488350703896,-0.003175187688061243
2020-01-13,-0.0034581085966251743,0.0024501296119230354
2020-01-14,0.0022539251630176987,-0.003422085337333236
2020-01-15,-0.0009480903113242428,-0.001716862586587098
2020-01-16,0.0002693976110071058,0.004914059848592611
2020-01-17,0.008012656461606048,0.004400993746358273
2020-01-20,-0.003433409935424519,0.0
2020-01-21,-0.0035423784078826496,-0.009980873619867214
2020-01-22,-0.005958641293489632,-0.0036880697383697703
2020-01-23,-0.010553815921862265,-0.0029615116334804625
2020-01-24,0.011841314295039256,-0.0017324743577545876
2020-01-27,-0.02349515740801816,-0.024299653139531197
2020-01-28,0.009659086159797395,0.011181782400666807
2020-01-29,0.005939988870449417,0.0015076944642546941
2020-01-30,-0.013235467597203428,-0.001003616495801496
2020-01-31,-0.01310803645741126,-0.01783487558130692
2020-02-03,0.0071171238921433405,0.004348055144992147
2020-02-04,0.018501126217293797,0.01731588805561235
2020-02-05,0.011929380934600671,0.010763740308531444
2020-02-06,0.010573473277986986,0.005447886915900257
2020-02-07,0.0008569373587252189,-0.006896652467392017
2020-02-10,-0.0025330520521597787,0.00148855022259764
2020-02-11,0.008496203383891992,0.004704998341786615
2020-02-12,0.009705096411354551,0.005422821020793833
2020-02-13,0.0006147591838360631,-0.00735465989359585
2020-02-14,-0.0028039660983583395,0.0
2020-02-17,0.00628887153034251,0.0
2020-02-18,-0.0034539481892954553,-0.004445669910798089
2020-02-19,0.0037335350556265993,0.0052095886530811875
2020-02-20,-0.012945497944984603,-0.005922911537102338
2020-02-21,-0.0059709814821759626,-0.006454877450616792
2020-02-24,-0.038611863649616794,-0.04322841520510046
2020-02-25,-0.024413992547010446,-0.025594226535664788
2020-02-26,0.003694118556429898,0.00026816725458189694
2020-02-27,-0.031021534084413598,-0.028403126380092014
2020-02-28,-0.03408482744232215,-0.007997741097455657
2020-03-02,0.005190624465463149,0.021684882091808744
2020-03-03,0.008754542992642628,-0.013605532685024957
2020-03-04,0.018692655652543938,0.03641386633255861
2020-03-05,-0.01017162877462493,-0.033803589817096524
2020-03-06,-0.03488942466229828,-0.0181818850764629
2020-03-09,-0.0687623282244003,-0.09343424896495633
2020-03-10,-0.028513273252004975,0.031569008400153864
2020-03-11,-0.0041545970096230475,-0.054005266358177706
2020-03-12,-0.11461612264570921,-0.12464322257139349
2020-03-13,0.01539777799004764,0.061956422339077166
2020-03-16,-0.0378226929969454,-0.1146365359883571
2020-03-17,0.03762815945243634,0.05163783781001796
2020-03-18,-0.030007669065961088,-0.0769516237412976
2020-03-19,0.023553097331107487,0.014688636597688376
2020-03-20,0.017579666635832342,0.002738605292434748
2020-03-23,-0.025665086639823934,0.011671780553956568
2020-03-24,0.07814585190784133,0.09407652303574388
2020-03-25,0.018125046468175185,0.037154934832660746
2020-03-26,0.015064096618687113,0.04196523250686979
2020-03-27,-0.033248536557779866,-0.03962014246466594
2020-03-31,0.009066065280255805,-0.010063947646079652
2020-04-01,-0.031120594512596928,-0.05083007915853566
2020-04-02,0.002721562159079892,0.014637558252599714
2020-04-03,-0.0018099005993710497,-0.01688942575635044
2020-04-06,0.04103940938425897,0.06084457089469719
2020-04-07,0.017926681098462766,0.005397980884915166
2020-04-08,-0.0028551548393820248,0.011409501506077335
2020-04-09,0.011799863566702954,0.02521572801959371
2020-04-14,0.016932475733266603,0.007443222929978344
2020-04-15,-0.03064086514546339,-0.04400891884340741
2020-04-16,0.0031999049341759583,-0.004368288303087664
2020-04-17,0.026882477512954753,0.03611198061087806
2020-04-20,0.010499868618092996,-0.013029224324734634
2020-04-21,-0.032927806032256125,-0.025412562966729224
2020-04-22,0.009442867964236814,0.011175075081748309
2020-04-23,0.0008622781347395293,-0.010716722544288793
2020-04-24,-0.012112469405107826,0.011171368904337342
2020-04-27,0.024696452355842516,0.019752275563426958
2020-04-28,0.00875387516608947,0.005581066719021477
2020-04-29,0.01689412627408035,0.03460672006596366
2020-04-30,-0.01501500326943117,-0.019564556861143223
2020-05-04,-0.031445617769206936,-0.026714061884449802
2020-05-05,0.01697656866723114,-0.0019840049204158383
2020-05-06,-0.007843511671635621,-0.013585314551501249
2020-05-07,0.014920702826687941,0.01813931440675387
2020-05-08,0.007508613892431198,0.0168260585625164
2020-05-11,-0.003105151230882546,-0.0061648625516170785
2020-05-12,0.004415792438384784,-0.014691457094057503
2020-05-13,-0.023646202441247544,-0.01855533654028263
2020-05-14,-0.020782837551601673,-0.006414773010600228
2020-05-15,0.005922589318756091,0.002378736721849073
2020-05-18,0.04604602121094381,0.05661014409777021
2020-05-19,-0.0006247838244669787,-0.01379530971912879
2020-05-20,0.013352038880195026,0.025699419622137176
2020-05-21,-0.011700878880325435,-0.009514947989656908
2020-05-22,0.0017335273470767965,-0.0016009503458448426
2020-05-25,0.020065359502770077,0.0
2020-05-26,0.0035604069226254434,0.029185580608286354
2020-05-27,0.011911272448161361,0.02711119250035887
2020-05-28,0.014463136008346972,0.009405352758369068
2020-05-29,-0.008580674632423244,0.0027051084737583775
2020-06-01,0.00577357251014308,0.020083753733308507
2020-06-02,0.022315651423524145,0.019101165439132872
2020-06-03,0.029522123911473783,0.03979239778040755
2020-06-04,-0.004518970018058881,0.0016635404671132559
2020-06-05,0.02570364029621541,0.029623986369661237
2020-06-08,-0.007368906924125244,0.01129302217736905
2020-06-09,-0.007968610251670444,-0.01940983380095962
2020-06-10,-0.005313150047641185,-0.005965211006804916
2020-06-11,-0.037068303476578524,-0.06355698878803007
2020-06-12,0.0003482091066588497,0.01747733267297269
2020-06-15,-0.004776442908778493,0.009447401175461945
2020-06-16,0.029860772411453556,0.01361366517312379
2020-06-17,0.008097463897655645,0.0039168947000149945
2020-06-18,-0.003916938756049874,-0.005016915576722791
2020-06-19,0.008774231154982007,-0.006442454380949814
2020-06-22,-0.005804643114888054,0.015491479412951925
2020-06-23,0.017278956369029926,0.010936677529846284
2020-06-24,-0.027156135879571018,-0.028016862607303294
2020-06-25,0.006957267381746071,0.015411292303834312
2020-06-26,-0.0029437544121519196,-0.01798813758235973
2020-06-29,0.008404035138888625,0.015455275250167544
2020-06-30,0.0024177045670212044,0.0014095244615195401
2020-07-01,-0.0020041945519000694,0.00028149553298639773
2020-07-02,0.024779519584845318,0.018289170968263768
2020-07-03,-0.005794098656561084,0.0
2020-07-06,0.013295946502447455,0.02044751008736312
2020-07-07,-0.00606236624026266,-0.017600973903186157
2020-07-08,-0.009564212588740146,0.009096028235660691
2020-07-09,-0.00532693246433566,-0.01393075012144207
2020-07-10,0.008115863244051797,0.011911521058562302
2020-07-13,0.015344949110516568,-0.0016424326116775134
2020-07-14,-0.006118816128303182,0.01727449519770663
2020-07-15,0.015597669090230195,0.01347711425140763
2020-07-16,-0.003741162614389643,-0.002925506459602767
2020-07-17,0.004097598496708023,0.0045346437252797855
2020-07-20,0.007985928276795451,0.007168614311738208
2020-07-21,0.003833809555720044,0.003955145898020929
2020-07-22,-0.0071066884962068715,0.00341392170914645
2020-07-23,0.0015652511587075856,-0.009944817103239134
2020-07-24,-0.018202137057950686,-0.007401607460455817
2020-07-27,-0.0019497150310977887,0.01038608270149921
2020-07-28,-0.0020291833626928935,-0.007116769723489513
2020-07-29,0.002522599719552964,0.011680521279383793
2020-07-30,-0.030139988645356042,-0.0191551536338328
2020-07-31,-0.004658715086592221,-0.022204281106231072
2020-08-03,0.022748590935704603,0.021067156482071026
2020-08-04,-0.0016525981771444796,0.005359102712954922
2020-08-05,0.0011545202773297588,0.005596684782408268
2020-08-06,-0.008583658565036524,0.0010603275489073916
2020-08-07,0.004976120686715729,-0.005295431152361196
2020-08-10,-0.001541524634019547,-0.0005319462482339388
2020-08-11,0.01952637169171805,0.00719020945294524
2020-08-12,0.01107749031742443,0.02406114863600517
2020-08-13,-0.004312280122736449,-0.007487736022201097
2020-08-14,-0.009874980492767011,-0.00832443397403304
2020-08-17,0.0024571650342711175,0.005246459559263172
2020-08-18,-0.0025854872672212677,-0.0015657699707039008
2020-08-19,0.0068512415793431855,-0.001306698941441975
2020-08-20,-0.011527601216481775,-0.005757605643743613
2020-08-21,-0.004591350256597275,-0.010265792179352973
2020-08-24,0.0188473458436768,0.019946548588748225
2020-08-25,-0.0004347517036908524,0.004954664516959806
2020-08-26,0.008382117577842026,0.008043552356367334
2020-08-27,-0.007309614668637667,-0.013385031231241462
2020-08-28,-0.004688851714903013,0.0075659911429759585
2020-08-31,-0.011536948331227747,-0.013464515495025697
2020-09-01,0.0012054909391499907,0.001049678615760108
2020-09-02,0.017607861799645578,0.0201889594353577
2020-09-03,-0.010735999007508192,-0.023130300074588384
2020-09-04,-0.011534350492854008,0.0010525164599595183
2020-09-07,0.014343148633673964,0.0
2020-09-08,-0.013100488386103924,-0.017608709146831436
2020-09-09,0.015020769784604615,0.026217620361804972
2020-09-10,-0.002428912501112275,-0.012252481312245211
2020-09-11,0.002207325209447221,0.008973426524642392
2020-09-14,0.00013032101581465167,0.0015692219469167767
2020-09-15,0.0026016940602808306,0.005745459727150459
2020-09-16,0.001302617260464507,-0.006751373231402291
2020-09-17,-0.006562374807791738,0.0031372706492431846
2020-09-18,-0.009805199371430852,-0.010945990007864004
2020-09-21,-0.04040202096690069,-0.03590525929017174
2020-09-22,0.0009211900073944905,-0.003295637897315795
2020-09-23,0.0029010633513758114,-0.015706944427609004
2020-09-24,-0.006864968452304324,0.003639432754770411
2020-09-25,-0.007803167437368333,-0.0025105087388459513
2020-09-28,0.027818541653392165,0.02181198515736038
2020-09-29,-0.0013534527167956602,0.001915712306560735
2020-09-30,-0.006841320062713127,-0.007102036367776288
2020-10-01,0.003136818979462704,0.003851940840584156
2020-10-02,-0.0010084900477146561,-0.0030147377301159572
2020-10-05,0.009952606450079069,0.018691332526825644
2020-10-06,0.005370714823290806,-0.012411994506631219
2020-10-07,0.00391999587361268,0.010382140365794656
2020-10-08,0.004881696587768829,0.008112912839160158
2020-10-09,0.0021886446817096783,0.00885160481075542
2020-10-12,0.008452742262564752,0.007445078985674369
2020-10-13,-0.006977248356793983,-0.014252056400303026
2020-10-14,-0.0026911809045345124,-0.005086803647166516
2020-10-15,-0.02485431973412477,-0.016684704217056257
2020-10-16,0.01656326570549952,0.010399555035262686
2020-10-19,-0.0009893949812535888,-0.005145987929250251
2020-10-20,-0.0008941310942055539,0.007895396461019777
2020-10-21,-0.01360748135826603,-0.012966173852279717
2020-10-22,-0.003066591057945201,-0.0005473898024617174
2020-10-23,0.010007569403978376,0.010679125981566173
2020-10-26,-0.0248977639224704,-0.033053347336244765
2020-10-27,-0.013818029949925245,-0.017371728433102862
2020-10-28,-0.03712106039100104,-0.04163110392391578
2020-10-29,-0.005860780746115909,0.0026778264914384398
2020-10-30,-0.0011221844802195096,-0.003264260745311498
2020-11-02,0.019559949870531106,0.01845798518583197
2020-11-03,0.025486907917847305,0.032739154022805694
2020-11-04,0.017293590095010483,0.012453818616832368
2020-11-05,0.015514124503797706,0.029913371330771765
2020-11-06,-0.003631346705761589,0.0029859763320638777
2020-11-09,0.06135941311478401,0.050067476586120874
2020-11-10,0.014328578902925215,0.01829893746147171
2020-11-11,0.004367255072478832,0.005315345011033035
2020-11-12,-0.01163729915910689,-0.016616373512110316
2020-11-13,-0.0011708238777783184,0.014849073175714711
2020-11-16,0.013922007759750282,0.00807241047247742
2020-11-17,0.0034944121396008787,0.0017518661460846907
2020-11-18,0.004661504665969566,-0.006245627993804459
2020-11-19,-0.006546125613128141,0.005530588070376208
2020-11-20,0.0033240685365344756,-0.001249796023646721
2020-11-23,-0.0017194496806516026,0.001000998996998792
2020-11-24,0.011802637736054581,0.015754190713840766
2020-11-25,-0.0020248887890858373,0.0017231824871366541
2020-11-26,-0.003443784549212474,0.0
2020-11-27,0.004850430347860251,0.007372925470641167
2020-11-30,-0.011943527403691792,-0.01610143741889636
2020-12-01,0.01112265025701967,0.025291135168246992
2020-12-02,0.0015772209247865167,0.0004836614623360269
2020-12-03,0.00103722820059571,-0.00072508776827096
2020-12-04,0.004203260373252028,0.009192112595156843
2020-12-07,-0.005134081080546739,-0.005512937611988344
2020-12-08,-0.001420089646851054,0.0021690786877364143
2020-12-09,0.002150348195294315,-0.0038481024345419224
2020-12-10,-0.006343914204465328,0.0016902226157062827
2020-12-11,-0.007094013568787853,-0.007712898543041802
2020-12-14,0.005513740209373193,0.001214494281796652
2020-12-15,0.005486308214234588,0.014313497767235006
2020-12-16,0.0005170991451074991,0.004305380173613482
2020-12-17,0.005160454045825174,0.009764094350408481
2020-12-18,-0.007289711704425879,-0.007075678817271225
2020-12-21,-0.026691986887611072,-0.01720411019149881
2020-12-22,0.01241844057295334,-0.0007293908426655449
2020-12-23,0.0138459571949854,0.014355264560636183
2020-12-24,0.002192909894839526,0.0031181316425574757
2020-12-28,0.005895316344411296,0.006934657189787696
2020-12-29,0.0005015690615990543,0.001661989600318936
2020-12-30,-0.003752577602927165,0.00047447018455959444
2020-12-31,-0.006433739846111978,-0.011374348056808925
2021-01-04,0.005606111697240607,0.007430343769460501
2021-01-05,-0.006239986787263275,0.006423844699479542
2021-01-06,0.016223262144757323,0.016075778383688455
2021-01-07,0.0034943430538920323,0.00046522755454336817
2021-01-08,0.00537925756393116,0.0046513448192231355
2021-01-11,-0.007728871702963396,-0.015277595868772309
2021-01-12,0.0004920836872477648,0.001645189733102459
2021-01-13,-0.0014240517748747097,-0.0021121695109324046
2021-01-14,0.004968839495292251,0.006349816762489802
2021-01-15,-0.012417898272896341,-0.019396856055882594
2021-01-18,0.002616075050391598,0.0
2021-01-19,-0.005573098784237977,0.007864802948864158
2021-01-20,0.01131505779504717,0.006147679457542798
2021-01-21,-0.0034437920949701075,0.002350475970605448
2021-01-22,-0.00519644585841161,-0.00609651335318484
2021-01-25,-0.021644578870653887,-0.009671836712238258
2021-01-26,0.010410898614050812,0.00857536272186099
2021-01-27,-0.01758832615460669,-0.027869591596924814
2021-01-28,0.008189839879929972,0.012147762272109341
2021-01-29,-0.020679703098844524,-0.02160334661030172
2021-02-01,0.009119874116092556,0.013738779936784518
2021-02-02,0.019842290471845967,0.01500487178103005
2021-02-03,0.007113716932446454,0.002622886525324608
2021-02-04,0.012126922780084625,0.003329142581397493
2021-02-05,0.005373075141418498,0.009955126031435002
2021-02-08,0.002581864700258507,0.005867552169063206
2021-02-09,-0.0013517576875538445,0.001866325925637291
2021-02-10,0.0004924843878908866,-0.005123606887584176
2021-02-11,0.004643183813424676,0.008661004810141426
2021-02-12,0.007953036881607504,0.006498097251585566
2021-02-15,0.017646623385153833,0.0
2021-02-16,-0.0006228626790279069,0.006225469797488836
2021-02-17,-0.006092730384286303,-0.008936710044567975
2021-02-18,-0.005614518311591613,-0.0013871740273800892
2021-02-19,0.012287099681977115,0.00555671061139984
2021-02-22,-0.0009474939690684941,-0.0018420353025575542
2021-02-23,-0.0012629152361901851,0.0011534985516310492
2021-02-24,0.005035234600217279,0.007603545396914546
2021-02-25,-0.003551735594782899,-0.018980009336881598
2021-02-26,-0.013561629661722311,-0.009790262349667067
2021-03-01,0.019035416643166058,0.01883260769589179
2021-03-02,0.003077668750606748,0.0011553639462766885
2021-03-03,0.008843609586329926,-0.006000633029781488
2021-03-04,-0.0035949374196697506,-0.01044815563866186
2021-03-05,-0.009065996506534554,0.004458081473545317
2021-03-08,0.02345743447065436,0.005138752826360449
2021-03-09,0.0014243015850285334,0.014176187515531957
2021-03-10,0.005570711864445113,0.011228579010877038
2021-03-11,0.004524480629641461,0.009743685521273582
2021-03-12,-0.001525201470380464,0.0
2021-03-15,-0.004080510490546051,-0.004488307206389597
2021-03-16,0.006174393523842669,-0.0015778904559483609
2021-03-17,0.0032128210406370187,0.010160353091741792
2021-03-18,0.0066044475371585,-0.012069671908612856
2021-03-19,-0.015689945612193553,0.00045268610745319293
2021-03-22,-0.0023262556063961353,0.00045198184800954166
2021-03-23,-0.004854523413145622,-0.011985636166333635
2021-03-24,0.0016065307161307297,-0.0025176989232251756
2021-03-25,0.0011276986960537371,0.006425066654671907
2021-03-26,0.006265323857652175,0.012767896112597432
2021-03-30,0.016326678897853476,0.0036083225108882733
2021-03-31,-0.004174632147047306,0.00022451710963244942
2021-04-01,0.0075414512576711884,0.017299807283969626
2021-04-06,0.004028670124926811,0.00728786932712322
2021-04-07,-0.003594883128072027,0.001534629989519809
2021-04-08,-0.0003796170519430191,0.004816422809126308
2021-04-09,-0.002696233978736749,0.0017427952072794906
2021-04-12,-0.002958469325449026,-0.0036971047283841374
2021-04-13,-0.0005349176306793455,0.006112007827194121
2021-04-14,0.0029759954997071437,-0.0004340224977108509
2021-04-15,0.0021524755642398506,0.007597397992529009
2021-04-16,0.010736115951906681,0.01400255024134256
2021-04-19,-0.002113443670815975,-0.0023370950837617865
2021-04-20,-0.02395654435198389,-0.018952374765303537
2021-04-21,0.004762479599397195,0.014325990750376993
2021-04-22,0.008802434343445648,-0.0027817059492208918
2021-04-23,-0.0005821880797402441,0.010729536680432972
2021-04-26,0.005526069865943286,0.0014860821572655336
2021-04-27,-0.0007626122098403998,-0.0010598853968495359
2021-04-28,0.003253514336229871,0.0038200668050238917
2021-04-29,-0.003962191277872469,-0.00021150645519385503
2021-04-30,-0.00458435082411779,-0.017339729660719838
2021-05-03,0.007345381538078304,0.012481066441387911
2021-05-04,-0.01820121958294607,-0.020191153340238355
2021-05-05,0.020211727654099728,0.01648582808911514
2021-05-06,0.00039944541034765755,0.009389710286237252
2021-05-07,0.005330952799922092,0.015010331240950192
2021-05-10,0.0020945720137497924,-0.011247479869300858
2021-05-11,-0.01700166618302785,-0.012639825835374374
2021-05-12,0.0011902989160739751,-0.010240743857913404
2021-05-13,0.00014274588225321244,0.01099376321853085
2021-05-14,0.015525230762076871,0.02345425312199345
2021-05-17,0.0006971158951823597,-0.00395845357529645
2021-05-18,0.00155873947033683,-0.0014638284229088194
2021-05-19,-0.01729771713616641,-0.013615657627107813
2021-05-20,0.015420544387478856,0.018050345882302032
2021-05-21,0.007566200911443041,0.0031291378561213445
2021-05-24,0.0024305976899528254,0.007901723745382228
2021-05-25,-0.0015442943844598848,0.0012379504546560227
2021-05-26,-0.0011654313999080916,-0.005975680438011555
2021-05-27,0.0021273516451324904,0.0022802288191086095
2021-05-28,0.007641544630861897,0.005377278807829011
2021-05-31,-0.005965667066218497,0.0
2021-06-01,0.009796060630771415,0.004320212120625833
2021-06-02,0.004522905865988308,0.0018436582839462812
2021-06-03,0.0011133981721429954,-0.007360610520050326
2021-06-04,0.0006261773178916854,0.0067970991429286975
2021-06-07,0.003580773553943448,0.004296348027402974
2021-06-08,-0.002619788716958845,-0.0012224051612983455
2021-06-09,-0.002431282050308768,-0.0020395352885076434
2021-06-10,-0.0009413698599157684,0.0006130208184360608
2021-06-11,0.007053249070163453,0.00449393418978028
2021-06-14,0.001813671548732783,0.0024396175359091554
2021-06-15,0.00259499815947376,0.0010141827070968557
2021-06-16,-0.0011868953178659422,-0.009929099713435918
2021-06-17,0.002136015921321596,-0.006344557880141433
2021-06-18,-0.019112058330744267,-0.0214210562211562
2021-06-21,0.0069344771252569755,0.014122046747998551
2021-06-22,0.000796056165606778,0.0004201350333237208
2021-06-23,-0.009321941214460524,-0.009867607251791699
2021-06-24,0.011428519293200594,0.012086481688131423
2021-06-25,-0.0012436125465324459,-0.00041926149651239086
2021-06-28,-0.008838050335106826,-0.007335810211319682
2021-06-29,0.00420202525562353,-0.0002112224427484044
2021-06-30,-0.009272194395864733,-0.010982017791211551
2021-07-01,0.004864248832507408,0.002562517193608116
2021-07-02,-0.00017389135173402704,0.001065056141709153
2021-07-05,0.0014979407543882063,0.0
2021-07-06,-0.011073749135426319,-0.012765962186643054
2021-07-07,0.005658260279426204,0.006680830146926331
2021-07-08,-0.020922050499623278,-0.01776907515368631
2021-07-09,0.01963324466722645,0.022013844957057715
2021-07-12,0.0066921684744623575,0.005331444010673758
2021-07-13,-0.0017106886085893013,-0.008697392041015162
2021-07-14,0.0009759132807484426,0.005563955709426249
2021-07-15,-0.009962327927200464,-0.011491738682292807
2021-07-16,-0.006238036863310747,-0.008611414162361108
2021-07-19,-0.027237805725112387,-0.024321552892992426
2021-07-20,0.007201611513426391,0.00890274329711449
2021-07-21,0.016310570605023923,0.019192657626132315
2021-07-22,0.004246831025134291,0.002813892179742261
2021-07-23,0.014346810878932416,0.010360689044014881
2021-07-26,0.0005994125530837679,0.002136016704901378
2021-07-27,-0.009084356122357242,-0.004050237038051074
2021-07-28,0.006078136459903724,0.005993284436220048
2021-07-29,0.006939298447316207,0.007659465925874853
2021-07-30,-0.00345284357624453,-0.006968037705739172
2021-08-02,0.005138321479288278,0.0025518055770712422
2021-08-03,0.002963552841428343,0.006362489624313961
2021-08-04,0.004500836513359195,0.00042164365080155086
2021-08-05,0.002726841361831512,0.004634287311292562
2021-08-06,0.004439430176856435,-0.00167744668044012
2021-08-09,-0.00042790140799688525,-0.001890195303687725
2021-08-10,0.0007361194352258946,0.0014729360396528168
2021-08-11,0.0064865203826753705,0.006303848697364112
2021-08-12,0.005655659593592542,0.002923294714384239
2021-08-13,0.0017321639753426175,0.006038096431877138
2021-08-16,-0.00711276658226717,-0.005794740403177845
2021-08-17,-0.0008957733412801681,-0.010199946892966105
2021-08-18,-0.0015236104523849666,-0.00567829161316602
2021-08-19,-0.015250257340014867,-0.010575118004450323
2021-08-20,0.00445402353108155,0.005557914472260395
2021-08-23,0.00467679252367895,0.011054296849785317
2021-08-24,-0.0018273660321107728,-0.00042039326537857136
2021-08-25,-0.0013410584730235487,0.001051654594051099
2021-08-26,-0.0024079554873292176,-0.004832895665372927
2021-08-27,0.003854638176498417,0.010768567816037411
2021-08-30,0.0017804705068159184,0.001671230090234399
2021-08-31,-0.0027049185865902475,-0.00020853247183583168
2021-09-01,0.0050445382262717916,0.00959531348367193
2021-09-02,-0.000615017562650907,0.0037190459952967103
2021-09-03,-0.007504923401650607,-0.006381211517791141
2021-09-06,0.009232499248810463,0.0
2021-09-07,-0.004710516434398913,0.0012428097387622294
2021-09-08,-0.008974049316294253,-0.011173028532804441
2021-09-09,0.0012256410831326032,-0.0025110414345115295
2021-09-10,-0.002170616738733326,-0.0033563004808677688
2021-09-13,0.002701769864641496,0.009261138278153336
2021-09-14,0.0005646896409973707,-0.0031282600257990234
2021-09-15,-0.00943814035570791,-0.0016734949018916145
2021-09-16,0.006924341579881928,0.0006283383043641511
2021-09-17,-0.007936806377981803,-0.01675375468879281
2021-09-20,-0.017994156215455474,-0.022501936001109057
2021-09-21,0.007468626227028035,0.013091994637495219
2021-09-22,0.010824461107979591,0.012491842549356313
2021-09-23,0.010590446392690953,0.014252264431726669
2021-09-24,-0.00823087387962245,-0.01027689523257469
2021-09-27,0.00416474794198475,0.0004238413970905075
2021-09-28,-0.02232761718495634,-0.025630018180269554
2021-09-29,0.008122447021096232,-0.005434931877249638
2021-09-30,-0.007434865496480643,-0.010054423489251119
2021-10-01,-0.002886735786216857,0.0052989857502523385
2021-10-04,-0.005162949938921202,-0.008785409799202948
2021-10-05,0.019921153844949337,0.009528011055083718
2021-10-06,-0.01412626322203249,-0.0070236999671822176
2021-10-07,0.016789322454568784,0.01127318936962829
2021-10-08,-0.00478279176492077,-0.002622901364662922
2021-10-11,0.0005972138633000307,-0.006355475049943604
2021-10-12,-0.00392824834718975,-0.0006619431591744496
2021-10-13,0.0013496250478607723,0.01500805405664729
2021-10-14,0.01223339540182039,0.01565537542114126
2021-10-15,0.010607277308922154,0.0077073576837560775
2021-10-18,-0.003674407650894152,-0.006373643033599774
2021-10-19,0.0016730427566044302,0.004062511992947604
2021-10-20,-0.00027242499777010884,0.0038330697519981527
2021-10-21,-0.003783519376291019,-0.002969851593368711
2021-10-22,0.005093952024049849,0.0076596147797916014
2021-10-25,0.002918198647211793,-0.004434221437865538
2021-10-26,0.0073555504823638,0.006150682717743106
2021-10-27,-0.00249948751216025,-0.0023186131519584707
2021-10-28,-0.00041954678098850734,0.012254119561635468
2021-10-29,0.00661154721177581,-0.003339592834470051
2021-11-01,0.010788292266742586,0.009843050765467654
2021-11-02,0.003740357526712928,0.0008294854849979494
2021-11-03,0.004098669249984466,0.00994629829434257
2021-11-04,0.004260508011211717,-0.0018467655636545954
2021-11-05,0.002762527156904828,0.007194407597308716
2021-11-08,-0.001748351703123383,-0.000816548115746718
2021-11-09,-0.0035365289390071925,-0.00020412588783413899
2021-11-10,0.0036025646457897,-0.014300362526476373
2021-11-11,0.0015055820538446797,0.0031090205930512926
2021-11-12,0.0020142025669542263,0.002685869235010241
2021-11-15,0.005835390658640228,-0.005151414825704359
2021-11-16,0.0002462479041001125,0.0
2021-11-17,-0.0006349688261198702,0.00020709108759375816
2021-11-18,-0.0027013694015398794,0.0026921680293205963
2021-11-19,-0.005829021996468154,-0.016109278423237283
2021-11-22,-0.0010860510238721167,-0.011124925858518542
2021-11-23,-0.011095199890945756,-0.002547366394350381
2021-11-24,-0.002255448779722779,-0.008725126842960451
2021-11-25,0.002443801837428256,0.0
2021-11-26,-0.04462461802783636,-0.03434957003763417
2021-11-29,0.0035121727652897635,0.0033347522738158553
2021-11-30,-0.012468384672369463,-0.007976901323337504
2021-12-01,0.026603032773639703,0.0006699815752633231
2021-12-02,-0.013493506693067935,0.010491100754068228
2021-12-03,-0.0034656848465893183,-0.01016112718779505
2021-12-06,0.014518895739851326,0.013166583443390278
2021-12-07,0.02094911559615328,0.02907510884261688
2021-12-08,-0.005177402552905058,-0.0008563034583544127
2021-12-09,-0.004650521330737748,-0.014781490942590958
2021-12-10,-0.001474995086272094,0.004566312993075972
2021-12-13,-0.002871118693838775,-0.009740451398547956
2021-12-14,-0.009019371101513216,-0.005901623296361569
2021-12-15,0.0008405856968265645,0.014731631870994466
2021-12-16,0.009921938168344033,-0.0028166283117354585
2021-12-17,-0.01303904429229849,-0.017818442583182992
2021-12-20,-0.011909417812814523,0.0011652896361609155
2021-12-21,0.016406292226796612,0.014771555703258832
2021-12-22,0.008496559917177368,0.013454037083938442
2021-12-23,0.00934173504785493,0.007616891343758203
2021-12-24,-0.0019749126050701065,0.0
2021-12-27,0.0087121683763798,0.009287325704125715
2021-12-28,0.006157709660848046,-0.001069977878777939
2021-12-29,-0.005583078111172657,-0.000642637515582356
2021-12-30,0.0026252139845764915,-0.001715232336435557
2021-12-31,-0.0018824436351998742,0.001932836383358838
2022-01-03,0.01061587702709688,0.008786907806055178
2022-01-04,0.011616891135060661,0.0036116839373550036
2022-01-05,0.008632418929268002,-0.004868816663843978
2022-01-06,-0.01350147649822869,-0.004254328604359703
2022-01-07,-0.003862111893207329,0.0023497630204585285
2022-01-10,-0.00977529462501106,-0.010017102213111584
2022-01-11,0.007367818475093124,0.009472362313946103
2022-01-12,0.00906819999397253,0.010450356335327315
2022-01-13,0.0017734624588019014,-0.008231405369841793
2022-01-14,-0.006063023927258464,0.0002129213996902024
2022-01-17,0.003178695753267992,0.0
2022-01-18,-0.0068666984749816366,-0.015319115054209687
2022-01-19,-0.0018448068886571173,0.0012964766766176972
2022-01-20,0.00029732093195319724,-0.004531746592371766
2022-01-21,-0.014449882828815404,-0.012573328877404255
2022-01-24,-0.0351047942716328,-0.012952610938738451
2022-01-25,0.00737099835992345,-0.011121298142693359
2022-01-26,0.017918756783250517,0.004498819857964964
2022-01-27,0.008964927098973332,-0.0035829368987022603
2022-01-28,-0.011996331568501876,0.00426965019239578
2022-01-31,0.0022921784214085987,0.01432088023358169
2022-02-01,0.011402641653570526,0.011692111309772768
2022-02-02,-0.0001285100807135505,0.0030529426534704474
2022-02-03,-0.013442996279489063,-0.01608714589941751
2022-02-04,-0.011720039904160255,-0.0015465648307945168
2022-02-07,0.006556988047732931,0.0006639217587005586
2022-02-08,0.006945130361868735,0.0055286300010910505
2022-02-09,0.01389255755330828,0.017154151812928564
2022-02-10,0.0004059451725410137,-0.011243388088710504
2022-02-11,-0.004954128837553157,-0.02711569945147796
2022-02-14,-0.02277674206906395,-0.010788918517028678
2022-02-15,0.018940902588479688,0.027721051700495325
2022-02-16,-0.004391711796340891,0.003979626927331559
2022-02-17,-0.006419711973630115,-0.01915884034918558
2022-02-18,-0.006154815714992285,-0.004490352348183069
2022-02-21,-0.018277647743973665,0.0
2022-02-22,-0.002297539527194941,-0.02413149287340466
2022-02-23,-0.0006762334910968014,-0.009706943666702883
2022-02-24,-0.04360694132762539,-0.018436116301240424
2022-02-25,0.03255707335690045,0.02686617383038281
2022-02-28,-0.01930920330214558,-0.03357234163231115
2022-03-01,-0.0403458798479226,-0.041207469066960045
2022-03-02,0.012993481588725412,0.020239714001868192
2022-03-03,-0.019789827974092296,-0.028410546658373503
2022-03-04,-0.043539777684136055,-0.052180289720743955
2022-03-07,-0.013718148695679744,-0.03723397926792049
2022-03-08,0.0012832895065202088,0.0292818299940647
2022-03-09,0.06532517741013731,0.07004807327104423
2022-03-10,-0.027374411311881022,-0.029846917088036995
2022-03-11,0.009335621184258545,-0.008531396924084333
2022-03-14,0.019514814049044225,0.021381630416897446
2022-03-15,-0.0003461025878969315,0.009701493274876682
2022-03-16,0.031564264901309314,0.04778743891368076
2022-03-17,-0.0007094256397025584,0.0012067732092611028
2022-03-18,-0.0028385089654159945,0.0033742909448077896
2022-03-21,-0.002854661024654113,-0.013772600055237949
2022-03-22,0.010604649257311636,0.014648339688602352
2022-03-23,-0.01040675975374009,-0.02309891981663359
2022-03-24,-0.0007352528167380489,0.008866871360763362
2022-03-25,0.0019023951819967645,0.0009764442259667661
2022-03-28,0.005444966709257287,0.007805085033152137
2022-03-30,-0.007389831574494412,-0.010309335361423533
2022-03-31,-0.010833345762842684,-0.025804742869456
2022-04-01,0.005371600242925425,0.01166437274601173
2022-04-04,0.005541483560331285,0.0016814822030590815
2022-04-05,-0.0042849046195846865,-0.021102928320351655
2022-04-06,-0.01441080610020977,-0.02008827808121183
2022-04-07,-0.004110737168813954,0.0007499090775473505
2022-04-08,0.01723340897077489,0.00024967517570551045
2022-04-11,0.00015545634478127005,-0.006743083853735454
2022-04-12,-0.0038941090445704985,-0.006537770084012684
2022-04-13,-0.002440943709953866,0.011642951233330034
2022-04-14,0.008171450798094797,-0.005754369163443962
2022-04-19,-0.005540954651239197,0.005787673573784957
2022-04-20,0.013807510806876188,0.014510840507014011
2022-04-21,0.006622357906780526,-0.009371174318171471
2022-04-22,-0.01601682849698218,-0.015683473911531576
2022-04-25,-0.017769822767635397,-0.009863537146340029
2022-04-26,-0.004536311454378349,-0.034482531836378505
2022-04-27,0.002382199299231538,0.0002645181886340442
2022-04-28,0.009953180594117825,0.019307218256507497
2022-04-29,0.007307518605676615,-0.015049588516085732
2022-05-02,-0.014477193470801264,-0.0002634032995050273
2022-05-03,0.01105577127025231,0.00790519867820394
2022-05-04,-0.011021122003460157,0.021699409760437494
2022-05-05,-0.007367285355031109,-0.034288764458515586
2022-05-06,-0.009213272390864701,-0.01457322401482275
2022-05-09,-0.017752116789234787,-0.027695604628538706
2022-05-10,0.0034745376949691276,0.01078515818682968
2022-05-11,0.018167563678767054,-0.001367940871516038
2022-05-12,-0.004986080091299274,-0.0019178111181784585
2022-05-13,0.01703831116918464,0.030743938958806227
2022-05-16,0.0030239366963185675,-0.0010651172943277887
2022-05-17,0.011119814500424883,0.028792262572804317
2022-05-18,-0.007520382133818691,-0.034465046660795196
2022-05-19,-0.012097435614511657,0.010467218980053428
2022-05-20,0.004515033634464144,0.001593432232512626
2022-05-23,0.014192158079469145,0.02572269181634712
2022-05-24,-0.01152187690539956,-0.005170891943358069
2022-05-25,0.011252491418665663,0.0025992190856083397
2022-05-26,0.015085176608382251,0.018921649510452054
2022-05-27,0.005756428446107605,0.019079311567113066
2022-05-30,0.0015856386721185456,0.0
2022-05-31,-0.007754701325500341,-0.005242464098456634
2022-06-01,-0.005009799136379287,-0.016562039806486517
2022-06-02,0.0034690491860889772,0.02730274932802268
2022-06-03,-0.0019147889395994286,-0.014157751097986782
2022-06-06,0.014935611360246789,0.00806226302566837
2022-06-07,-0.007297618393626979,0.0009998435130138539
2022-06-08,-0.006713180206768176,-0.014481857015609778
2022-06-09,-0.016046126856776203,-0.029389434772563616
2022-06-10,-0.03478875881192907,-0.032367525633695826
2022-06-13,-0.021932879916150685,-0.03668747425002228
2022-06-14,-0.002984617664116513,-0.00924101154397905
2022-06-15,0.015216523070918446,0.024590459211849103
2022-06-16,-0.024650627974072754,-0.028414070997561658
2022-06-17,0.00033666668879118235,0.0051105397060611235
2022-06-20,0.012898330907253522,0.0
2022-06-21,0.0021007237671806806,0.015036492032316495
2022-06-22,-0.009189340050942957,-0.005686391057604379
2022-06-23,-0.016794574834973333,-0.004003303776587863
2022-06-24,0.019904694330706223,0.0335914907015773
2022-06-27,-0.0029480863297911943,-0.00861117061516925
2022-06-28,0.007376103075436985,-0.00924627979228998
2022-06-29,-0.009040983816212494,-0.008484080188889243
2022-06-30,-0.012692143211709611,-0.007701044081441899
2022-07-01,0.005511238695788617,-0.0014370194315453944
2022-07-04,0.0017518960979493125,0.0
2022-07-05,-0.023917219777166997,-0.03483038929476123
2022-07-06,0.016949506509262545,0.0005964080974707464
2022-07-07,0.013826015096051884,0.015201532384773841
2022-07-08,0.00308754308373009,0.0
2022-07-11,-0.007097218022357427,-0.01996498200203667
2022-07-12,0.0055819517755659985,-0.0023965413700822724
2022-07-13,-0.009000808793052555,0.0024022985780076667
2022-07-14,-0.0163221050518737,-0.015877975268266842
2022-07-15,0.02034319076398978,0.0225267085834433
2022-07-18,0.007054173580204404,0.00595424100792874
2022-07-19,0.017014721884359908,0.04113651620736891
2022-07-20,-0.002313674297598991,-0.011654361109983635
2022-07-21,0.0017074164802015116,0.0123669252534504
2022-07-22,-0.0018037160283029565,-0.005965778882845552
2022-07-25,0.0028849702848455024,0.00914537508498281
2022-07-26,-0.006689657914626058,-0.02350601969649946
2022-07-27,0.00928440699123641,0.030162267715844848
2022-07-28,0.008885296336413596,0.009009094235177706
2022-07-29,0.01251766283147629,0.018136118335561502
2022-08-01,-0.0001773319016962581,-0.0013702441311387314
2022-08-02,-0.0039225883596304785,-0.018111948235505104
2022-08-03,0.007739887044147418,0.018166648999168533
2022-08-04,0.0035172581431278474,0.010156436727817075
2022-08-05,-0.00882428350472863,-0.008695619421209666
2022-08-08,0.00927889552983326,0.0027413543826610987
2022-08-09,-0.006274765455100599,-0.007928067414006645
2022-08-10,0.00801793420585266,0.02232008358442661
2022-08-11,0.0007388275741520114,-0.0016172802746149406
2022-08-12,0.0017219456674920249,0.009989402893594068
2022-08-15,0.005286122120411884,-0.009088718666830697
2022-08-16,0.0037617142580391007,0.005665232238943441
2022-08-17,-0.008486061297987617,-0.011802600977558031
2022-08-18,0.0012607412100593468,-0.005157436051384412
2022-08-19,-0.01168187113131126,-0.019372430261497375
2022-08-22,-0.018013966237221426,-0.03060680927849513
2022-08-23,-0.003112443124514448,0.0028704574298366037
2022-08-24,0.0035623570949632815,0.0025758911137676588
2022-08-25,0.002290896668759225,0.011989820511209448
2022-08-26,-0.018859948482809835,-0.03582529749753016
2022-08-29,-0.007406756911301414,0.0035108890401767123
2022-08-30,-0.0014868566014636497,-0.004956337840171132
2022-08-31,-0.010729697247055824,-0.008496688751502002
2022-09-01,-0.013063825252391137,-0.01507100704453912
2022-09-02,0.023825415597228214,-0.008100956576377771
2022-09-05,-0.0163629223148266,0.0
2022-09-06,0.0033234021550053836,0.0
2022-09-07,0.0014016548015198694,0.02329094486946004
2022-09-08,0.0025741980718303145,-0.005911813595172344
2022-09-09,0.012713438213144334,0.028545897838994527
2022-09-12,0.022698618900848865,0.02399536620602949
2022-09-13,-0.010087027636728708,-0.0381140428789728
2022-09-14,-0.004129825268523098,0.007044263831989195
2022-09-15,-0.005404660860143396,-0.01078412289174635
2022-09-16,-0.010813456108584852,-0.004419397554576543
2022-09-19,-0.0007050262002275279,0.0034797489698019657
2022-09-20,-0.010187417401987715,-0.020746757924224313
2022-09-21,0.004764946255233697,-0.014830552695624055
2022-09-22,-0.011874314270646844,-0.003686651033566246
2022-09-23,-0.02775321031687239,-0.03854463530049479
2022-09-26,-0.002140233763309355,-0.013470129079437787
2022-09-27,-0.005933937715918648,-0.00747715526916648
2022-09-28,-0.0009678513750637205,0.025548504723940102
2022-09-29,-0.01587359834341899,-0.013414334204012612
2022-09-30,0.009985260802962111,-0.004208347500746612
2022-10-03,0.003239243406696868,0.023732065126709445
2022-10-04,0.038491290016374365,0.05811381467890131
2022-10-05,-0.012295181652499926,-0.013805547130438578
2022-10-06,-0.006011881855324114,-0.022519714273485647
2022-10-07,-0.010968739608908427,-0.023350048187523842
2022-10-10,-0.004955364021817991,-0.004462847806251169
2022-10-11,-0.0023922507020998894,-0.01056685657663925
2022-10-12,-0.0043128099544395134,-0.00032367668581045894
2022-10-13,0.012085886427701774,0.030430724089328898
2022-10-14,0.008516684932203193,-0.016651010400365207
2022-10-17,0.017305486407280933,0.0341851957934991
2022-10-18,0.009065715922886367,0.013901804208036994
2022-10-19,-0.0031792742863529858,-0.010664162855383852
2022-10-20,0.0009927950090956234,0.001231975868667634
2022-10-21,-0.005642912409176613,0.020301368200522862
2022-10-24,0.010644279006673056,0.0078383464141496
2022-10-25,0.01308339883412802,0.025725661580907833
2022-10-26,0.00555855013048183,0.00962357628400845
2022-10-27,-0.0020039905469507297,-0.009531845838454789
2022-10-28,0.0013158428183720635,0.014872849574767644
2022-10-31,0.0003932727111941844,-0.015229694776172864
2022-11-01,0.01166046040788421,0.008753895439260528
2022-11-02,-0.005916356624579315,-0.023719997050029806
2022-11-03,-0.006675975011663865,-0.008888833299453336
2022-11-04,0.025222535877707886,0.05381150706942983
2022-11-07,0.006044590985694671,0.009645638879070884
2022-11-08,0.004498297502960463,0.009272231524412922
2022-11-09,-0.0029157224076605225,-0.011692785219554303
2022-11-10,0.024089560085260916,0.06225353296640623
2022-11-11,0.006801417633524638,0.024661983068868132
2022-11-14,0.004263498200773687,-0.008540448336490924
2022-11-15,0.006200972459403377,0.006525888632339827
2022-11-16,-0.005251864418750915,0.0031118830903134054
2022-11-17,-0.0029039379899848594,0.0012926495750507083
2022-11-18,0.010351302916398885,0.004905575919015748
2022-11-21,-0.0015036117532277583,-0.009249407434835044
2022-11-22,0.0025805660264418212,0.01244818270254755
2022-11-23,0.0036419357939596222,0.009477162003008077
2022-11-24,0.0033624567365074516,0.0
2022-11-25,0.00044330351425069713,0.00329876199652257
2022-11-28,-0.006608474675653904,-0.015427466069087958
2022-11-29,0.00018619672340326634,0.005651219341990199
2022-11-30,0.008640676163695984,0.022988574464123834
2022-12-01,0.005514768034812169,0.004993621655647873
2022-12-02,-0.0014631827417613493,0.000993948770933395
2022-12-05,-0.0062463816573331095,-0.01340290981796699
2022-12-06,-0.003785640994625173,-0.003773666244508145
2022-12-07,-0.006408269853579398,0.002272776446462288
2022-12-08,0.0005252191276446608,0.003779581687120004
2022-12-09,0.005469044692857599,-0.0037653502383138138
2022-12-12,-0.004081110320084281,0.0045350346856545265
2022-12-13,0.013025009278141524,0.01805887295315034
2022-12-14,-0.0037430371228453626,-0.0024635424040775344
2022-12-15,-0.03099713034313715,-0.03383568855352659
2022-12-16,-0.005642629896476804,-0.00920243891233996
2022-12-19,0.0038659095665116564,-0.0019174498068532664
2022-12-20,0.0004608433960919995,0.0025962635671543666
2022-12-21,0.01608374294899158,0.01657150708106947
2022-12-22,-0.01247485687758446,-0.011207244072887423
2022-12-23,-0.0011768874046023255,0.0010304369108247169
2022-12-27,0.004346966354420736,0.002315989365254456
2022-12-28,-0.00615235704782024,-0.01206690229632068
2022-12-29,0.008876994736353843,0.020270306807570915
2022-12-30,-0.012537853359216259,-0.014264015733199797
2023-01-02,0.019204358297539484,0.0
2023-01-03,0.006910591145943912,0.014728937671821818
2023-01-04,0.023923520582998632,0.027501710696865356
2023-01-05,-0.00180488420040798,-0.011152234618865497
2023-01-06,0.014682465703665102,0.030075213849227733
2023-01-09,0.005070840428390349,0.010948623144418024
2023-01-10,-0.003097673593407123,0.008423716453195063
2023-01-11,0.008176807206285934,0.011455997590824829
2023-01-12,0.008692891117104782,0.013921516505545295
2023-01-13,0.0016132954472995581,0.006516138486029721
2023-01-16,-0.000911758386150953,0.0
2023-01-17,0.004027651131673124,-0.002080813904705936
2023-01-18,0.002139660910405246,-0.006255843851422194
2023-01-19,-0.018232254990462368,-0.007227686534840072
2023-01-20,0.007202496076059698,0.0098636817889719
2023-01-23,0.006003129100425961,0.0067440626156545225
2023-01-24,0.0021894045022301033,0.00046221085024589215
2023-01-25,-1.933501940148475e-05,0.005772179786522225
2023-01-26,0.00924426366290904,0.0029844107102494632
2023-01-27,-1.0737340113184106e-05,-0.005493272432021579
2023-01-30,-0.004447390788411736,-0.009436024238393403
2023-01-31,0.0012119562742950044,0.011849421800661952
2023-02-01,0.0030871328887930784,0.01423658837901609
2023-02-02,0.012124716151398075,0.00452794833665382
2023-02-03,0.002612815407963091,-0.012170485087033334
2023-02-06,-0.011577509405010542,-0.01232043070519695
2023-02-07,0.00011391210615579528,0.007392297325396813
2023-02-08,0.0025295565736775773,-0.007338052261292138
2023-02-09,0.008687542482767733,0.003696052528994187
2023-02-10,-0.01113004370165032,-0.00897570701220407
2023-02-13,0.008014136862805134,0.015095128847113282
2023-02-14,-0.0010498647539993614,0.004118021514025072
2023-02-15,0.007571386090104548,0.0036456200882315493
2023-02-16,0.006780712074847479,-0.005221448639284865
2023-02-17,-0.003335043022870173,0.0025102725343779664
2023-02-20,-0.001345509479421243,0.0
2023-02-21,-0.0074745774888787045,-0.015706568209863492
2023-02-22,-0.005008811105691089,-0.004162974073181447
2023-02-23,0.00302641742467418,0.010450555595610478
2023-02-24,-0.018779897828751436,-0.02482208350131443
2023-02-27,0.015466937143644745,0.01720499250210561
2023-02-28,0.0024799979733534827,-0.007182664102965419
2023-03-01,-0.0028326620502659686,0.00583443694973762
2023-03-02,0.0018522845398367494,0.004408138404712103
2023-03-03,0.013532610562361465,0.015939160439365718
2023-03-06,0.004555707797386252,0.0004546753064753606
2023-03-07,-0.008746612055562927,-0.019545368647393424
2023-03-08,0.0024805486960074318,0.005563210287496734
2023-03-09,-0.002423667840041219,-0.011295490342011383
2023-03-10,-0.01570450932336909,-0.00652838949961887
2023-03-13,-0.03847655908689754,-0.012438295883240746
2023-03-14,0.022032033160399384,0.020675020316119452
2023-03-15,-0.043853403106777475,-0.036321458985979604
2023-03-16,0.01929692827791731,0.019086778632782186
2023-03-17,-0.015099230562442428,-0.01469889175210437
2023-03-20,0.01406610114969088,0.01989089647020692
2023-03-21,0.020071325177664766,0.0208285264834438
2023-03-22,0.003438469692900148,-0.0016232162726733668
2023-03-23,0.000258615128611173,0.0025546266023734887
2023-03-24,-0.01802491899379872,-0.009497256627814088
2023-03-27,0.007535780905374033,0.00818514593866948
2023-03-28,0.0032827653140201237,0.002319764105355171
2023-03-30,0.015044212136459375,0.017512008532272638
2023-03-31,0.005847374141043919,0.0035762307079083566
2023-04-03,-0.0025840202373656833,0.0053450917035917644
2023-04-04,0.0007422920035146075,0.002879853377252495
2023-04-05,-0.004712713149595027,-0.00684752383868914
2023-04-06,0.004102151706625328,0.005337865853804802
2023-04-11,0.0017771545994115178,0.002433769066619851
2023-04-12,0.0007686239513697972,0.00882787515677097
2023-04-13,0.004214429276916133,0.014001364162882224
2023-04-14,0.007746366107334683,-0.0017260488570454147
2023-04-17,-0.004693300315550408,-0.007996442598803388
2023-04-18,0.007074536036526556,0.00827870470318337
2023-04-19,0.0013249809828771045,-0.0012962707343263657
2023-04-20,-0.005328080091271469,-0.0021635844690049977
2023-04-21,0.0030072624832395054,0.008456068424222973
2023-04-24,0.00015656116939143878,0.003010239147718252
2023-04-25,-0.006976130261323917,-0.01779203769721671
2023-04-26,-0.006036686385954385,0.0024006559638289904
2023-04-27,0.002462154276706076,0.012410036335891217
2023-04-28,-0.00187479872345878,-0.0038709487490917738
2023-05-02,-0.010745868957701764,-0.012953214517694822
2023-05-03,0.00378809367833586,0.0024058160575970433
2023-05-04,-0.004424603153069817,-0.0037092216427379032
2023-05-05,0.014893945988307343,0.016206632773576368
2023-05-08,0.003321768871304456,-0.000646369704339067
2023-05-09,-0.003383325832149943,-0.009488993828141612
2023-05-10,-0.008079248386873924,-0.001306509753033147
2023-05-11,0.0011810414564369107,-0.004360187241889912
2023-05-12,0.002737395433170199,-0.0032843250525361745
2023-05-15,-0.0003300756634303656,0.004613333923851659
2023-05-16,-0.0011438940976391597,-0.006341508593089351
2023-05-17,0.0032790061012601996,0.0074824787449916386
2023-05-18,0.006464791893957647,0.0015289838210783557
2023-05-19,0.005838472778999936,0.00785165098731011
2023-05-22,0.0009317519525941217,0.00021652199251231963
2023-05-23,-0.010086684040443604,-0.0194722602210452
2023-05-24,-0.019517529137713558,-0.01654890370377826
2023-05-25,0.002041358768731262,0.00246807754182532
2023-05-26,0.011207106961562205,0.015219322633095222
2023-05-29,-0.003381315018522369,0.0
2023-05-30,-0.004593299618658437,-0.011904793477069187
2023-05-31,-0.01641197096790978,-0.017402858136608024
2023-06-01,0.011603081797669203,0.014305198542287068
2023-06-02,0.014824071970106769,0.010521518172024402
2023-06-05,-0.007614049482845915,-0.009969210987442856
2023-06-06,0.0025613353449238305,0.002685244410706833
2023-06-07,0.00022887438925008562,-0.0035704598578999436
2023-06-08,0.0033209992020293536,0.012766078816345505
2023-06-09,-0.003187230263422176,-0.007518880449672416
2023-06-12,0.010560987502060356,0.011140732519361318
2023-06-13,0.007200763409712919,0.008153269845680766
2023-06-14,0.009508534259822374,0.0072132607794066494
2023-06-15,-0.003257001227884612,0.012152866549373753
2023-06-16,0.005903352559089476,0.0015007017001167355
2023-06-19,-0.005772978742060416,0.0
2023-06-20,-0.0043528846990522055,-0.010619185313331614
2023-06-21,-0.0029145896849694765,-0.0004417135181299381
2023-06-22,-0.004873473059351402,-0.004860816265832901
2023-06-23,-0.008066570782792019,-0.014875756373935123
2023-06-26,0.0015488237326640357,0.0040568638797040535
2023-06-27,0.0053835214220946045,0.015039464579040818
2023-06-28,0.009151811969838464,0.0008844193355637131
2023-06-29,0.005246600700749441,0.0004419087151832368
2023-06-30,0.010828187026073492,0.015459344808070874
2023-07-03,-0.0009045122101841009,0.0
2023-07-04,-0.0033863237535737925,0.0
2023-07-05,-0.007372286209030108,-0.01957361543642111
2023-07-06,-0.02754762556409658,-0.023735657708273683
2023-07-07,0.0034545052478593056,0.00977047596126912
2023-07-10,0.0034015109751829257,0.007875777926731775
2023-07-11,0.005786339482341109,0.010046873248945376
2023-07-12,0.015061407996151594,0.026083152761830153
2023-07-13,0.006019873024488795,0.017449318551804316
2023-07-14,0.0007441430188244623,-0.0038110291973233457
2023-07-17,-0.0067931642367673115,-0.0027631699771522023
2023-07-18,0.001902166731966755,0.0027708262410333084
2023-07-19,-0.0033122294539692887,-0.007651562944203549
2023-07-20,0.0036692486622773466,-0.005782746488589785
2023-07-21,0.0034499867994107784,0.007109065945924531
2023-07-24,8.816569054606632e-06,-0.007272665625433383
2023-07-25,0.00137532744859388,-0.0036631037491728913
2023-07-26,-0.006639109236842178,-0.0010814014076236944
2023-07-27,0.018244885611083447,0.0012988577425638859
2023-07-28,0.004925368858998518,0.01751372352861269
2023-07-31,-0.0005219566885972244,-0.0006376387175127674
2023-08-01,-0.016056161408913742,-0.015096695489191458
2023-08-02,-0.012669469569050965,-0.022236483803132034
2023-08-03,-0.010138782949331734,-0.004195396532726825
2023-08-04,0.004945759327484793,0.003769415277870003
2023-08-07,0.0012058277384354704,0.011265959990278462
2023-08-08,-0.01194073820689548,-0.012014141679227652
2023-08-09,0.005745861909116812,0.003537435114223886
2023-08-10,0.015819061338753024,0.009693790200512753
2023-08-11,-0.013176652047767369,-0.010909783287126329
2023-08-14,0.0031638818034811374,-0.001544247215122918
2023-08-15,-0.008058511199922656,-0.014140450281722727
2023-08-16,0.0008572230716648376,-0.006723524794642777
2023-08-17,-0.018982500109063726,-0.011281483085982869
2023-08-18,-0.0030599029497846326,0.0013691061353593437
2023-08-21,0.004126789315270585,0.007520483041886683
2023-08-22,0.005407228466345978,-0.0018095248689468102
2023-08-23,-0.0009286506488078558,0.0056651658657340676
2023-08-24,-0.004527542477228411,-0.01757544392394761
2023-08-25,0.001619099858027675,0.008715379872658247
2023-08-28,0.011078510698070181,0.01182374657963603
2023-08-29,0.007907648371838452,0.014606631561430161
2023-08-30,-0.0006491108885587987,-0.00022144767546983246
2023-08-31,-0.0012764275618813426,-0.012405887527024206
2023-09-01,-0.004734899474845332,-0.007178207802068348
2023-09-04,-0.0007115141430831019,0.0
2023-09-05,-0.00324261497258616,-0.011296778197316337
2023-09-06,-0.006494632330711585,-0.004798860340328059
2023-09-07,-0.0028371365301631877,-0.007347885755136341
2023-09-08,0.0031692549886818445,0.0025444885929555294
2023-09-11,0.00949681927262703,0.011536767026908645
2023-09-12,-0.001118567046745339,-0.007071122014958298
2023-09-13,-0.002021880102548336,-0.005972940583848896
2023-09-14,0.01332419887846051,0.01086212836849021
2023-09-15,0.004972607872244632,-0.0013719818721842358
2023-09-18,-0.010789202015013363,-0.006427723952616149
2023-09-19,0.00412672927539674,0.0004619796290676881
2023-09-20,0.011938518081874896,-0.0004617663024426566
2023-09-21,-0.014512604839407446,-0.015711802628966542
2023-09-22,-0.005288363647440466,-0.000704078613231407
2023-09-25,-0.007392063812879267,-0.009396455608462362
2023-09-26,-0.008055400083110783,-0.014702375534416667
2023-09-27,-0.001524085425964753,-0.002406660100890301
2023-09-28,0.006764391167812738,0.012545390807087387
2023-09-29,0.002211621837754495,0.0009527019457720165
2023-10-02,-0.009957571450807156,-0.017614723156892054
2023-10-03,-0.009481536186249587,-0.007996126518664437
2023-10-04,-0.001667674829075052,0.008549162934064158
2023-10-05,-0.0006296782867995208,0.0031484275531830086
2023-10-06,0.010723027540012711,0.01569282819765383
2023-10-09,-0.004892662095891176,-0.00855711812277915
2023-10-10,0.020606676236624273,0.015104350946702816
2023-10-11,0.004485200616564587,0.006849387193850642
2023-10-12,0.0005405087088149052,-0.013370834942938004
2023-10-13,-0.013723149250782602,-0.014741113103986847
2023-10-16,0.004611639176464531,0.011100747691998425
2023-10-17,0.001165080219341557,0.0014316821588218342
2023-10-18,-0.009473142854351333,-0.01906554008823169
2023-10-19,-0.009349070574757517,-0.0019437872368835984
2023-10-20,-0.016140916451749414,-0.009736976525032248
2023-10-23,0.004019395261448007,0.006882882297631232
2023-10-24,0.0016909489139844748,0.005126874052564956
2023-10-25,0.002983733298239884,-0.007286817874249563
2023-10-26,-0.002032567253252076,-0.004404183205452772
2023-10-27,-0.007897767677337254,-0.008601589069145654
2023-10-30,0.004654611576466052,0.015865087824216584
2023-10-31,0.007326061473379055,0.004148456650096666
2023-11-01,0.008162965246454813,0.008505237651995401
2023-11-02,0.01376068363821989,0.024096576170701045
2023-11-03,2.7322761989427373e-05,0.007294154919751827
2023-11-06,-0.0027112427922946014,-0.005606134140099361
2023-11-07,-0.0016992342243346097,-0.003993510295835723
2023-11-08,0.005511972287629531,0.009434035312819278
2023-11-09,0.007332476082765397,0.0009346055484449334
2023-11-10,-0.00386626459886627,0.007936492918616755
2023-11-13,0.009190970149943108,0.0032421915187124117
2023-11-14,0.01180613963615803,0.030701747820043535
2023-11-15,0.0033332028659002633,0.0020157112001919497
2023-11-16,-0.0038172260757305815,0.00044699446502360907
2023-11-17,0.00929062156767573,0.012957953299715719
2023-11-20,0.004203135879518376,0.005293487563871269
2023-11-21,0.0004929886731968052,-0.00658197316381115
2023-11-22,0.0038483539524175486,0.001104338357027057
2023-11-23,0.00227879241846177,0.0
2023-11-24,0.00307116093438485,0.01058895188117881
2023-11-27,-0.002521889161151171,-0.003929073355561585
2023-11-28,0.0034363151985605466,0.00021896029126233785
2023-11-29,0.005843079964184634,0.005696783382625137
2023-11-30,0.0016777339106557097,-0.003703873445927819
2023-12-01,0.007041776400207821,0.0069977027085597054
2023-12-04,-4.1208988761601846e-05,-0.0023887968420703842
2023-12-05,0.007082487587516736,0.002829835432991201
2023-12-06,0.005464655783312229,0.0004341781522256838
2023-12-07,-0.0032971510137344397,0.005641074933184553
2023-12-08,0.008662521143779012,0.007982767170981564
2023-12-11,0.0022490085198681796,0.003424753499905231
2023-12-12,-0.0004095512936609797,0.0031995967541476045
2023-12-13,-0.003275310638105176,0.013183141960046774
2023-12-14,-0.003975652839621753,0.00398737066096122
2023-12-15,-0.0011567351203403352,-0.01003347116841713
2023-12-18,-0.003396178773261552,0.0006139721542148813
2023-12-19,0.0035509217869515845,0.009096590645209846
2023-12-20,0.00023459215211218834,-0.015304076979187675
2023-12-21,-0.0018718127451589628,0.01618053530958674
2023-12-22,0.0004214780305229406,-0.002514078798920849
2023-12-27,0.0013935790540940789,0.011552214929605453
2023-12-28,-0.003307181578475323,-0.008305662064592045
2023-12-29,0.0017022017427869014,0.0010470722863356041
2024-01-02,0.0020860050204350505,-0.0144322680163822
2024-01-03,-0.011153053998739872,-0.013794418892868476
2024-01-04,0.007976797069330813,0.004518929739255828
2024-01-05,-0.001906879742847951,-0.0014995047554905439
2024-01-08,0.003515630273789273,0.012872707886776746
2024-01-09,-0.004052395155129726,-0.011014736614214815
2024-01-10,0.0017372576889824634,0.00556870613850502
2024-01-11,-0.0059923543368733834,-0.0012779230271826592
2024-01-12,0.011637036398707999,0.0012795582040763254
2024-01-15,-0.0047825324666761855,0.0
2024-01-16,-0.0014898500375524393,-0.01831744210789099
2024-01-17,-0.005742839254751316,-0.00629199605609887
2024-01-18,0.0069139090615628835,0.014192253070050675
2024-01-19,1.322313536122404e-05,0.0034446219680799306
2024-01-22,0.005236822522790188,-0.0006436223831046695
2024-01-23,-0.007493574963837053,-0.0019322842938582774
2024-01-24,0.015071135724436843,0.020004318705132862
2024-01-25,-0.001808802039555461,0.005272131275011471
2024-01-26,0.0030119417260365037,0.00902026083485108
2024-01-29,-0.00014063408949226738,0.0033263752965655424
2024-01-30,0.00894617418504042,0.0020721129486702683
2024-01-31,-0.0017340764622416904,-0.010546057457432423
2024-02-01,-0.001277859922175522,0.012121302247862786
2024-02-02,0.0027087535081832138,-0.006400885575216897
2024-02-05,0.0003040902689478976,-0.0037408058372803143
2024-02-06,0.006494479281714477,0.008135301849688137
2024-02-07,-0.002679211585622819,0.00020696136381004315
2024-02-08,0.009072784054325485,0.003516778801906595
2024-02-09,0.002135075571786602,0.00721493553664132
2024-02-12,0.006417645254757172,-0.0002046336404134541
2024-02-13,-0.00916566977627472,-0.019652078093850944
2024-02-14,0.002968371238213143,0.013572794538024624
2024-02-15,0.007168278057729278,0.01194891196076453
2024-02-16,0.0029212837244650108,-0.00223930228193836
2024-02-19,0.00032788384986225376,0.0
2024-02-20,-4.3540661625878724e-05,0.006529059205349741
2024-02-21,0.0032321515032785702,0.006487034945571457
2024-02-22,0.013574211380842072,0.015911439438911046
2024-02-23,0.006288476888554188,0.0005947510097341624
2024-02-26,-0.0006384354273622054,0.0011888750899304856
2024-02-27,0.0011899271737828465,0.004749613340299996
2024-02-28,0.0031150213733275585,-0.0021666055740222623
2024-02-29,-0.00033437941782334525,0.0009868139627831063
2024-03-01,-0.001011297994362521,0.003944002310846573
2024-03-04,0.0037305754786433535,0.0031429336763646454
2024-03-05,-0.0022012977550059823,-0.00665757151114188
2024-03-06,0.0019558838319247954,0.012221601737456345
2024-03-07,0.008788320340624784,0.017137148205700337
2024-03-08,-0.001268191431618208,-0.009189966826759655
2024-03-11,-0.005286046202021929,-0.0021257323538198536
2024-03-12,0.012623749316810689,0.011619077221070251
2024-03-13,0.0056437325455537075,0.00401980617475961
2024-03-14,-0.0003606104685360719,-0.007816950964394276
2024-03-15,0.004015095983313836,0.0015372660577372965
2024-03-18,-0.0009359217817909425,-0.005209311460973809
2024-03-19,0.0078103920226852575,0.00251205066926663
2024-03-20,0.0009590638252952081,0.013878147372370808
2024-03-21,0.007665614817941484,-0.004562778072458529
2024-03-22,-0.0016392929086534959,-0.005156625098350132
2024-03-25,0.002711241833968708,0.003071634228711817
2024-03-26,0.0041463190596797445,0.0021052529145615395
2024-03-27,0.004104166543847404,0.008212342991674948
2024-03-28,0.0005905457802449079,-0.004546279765829109
2024-04-03,0.005163964607510065,0.008450122222823264
2024-04-04,0.0017257964612973258,-0.01161673705273647
2024-04-05,-0.01168034416335746,0.00154128394714248
2024-04-08,0.007655092190774608,0.006541016667885424
2024-04-09,-0.013049165737533728,-0.005925139104483557
2024-04-10,0.0004831247005828864,-0.012305204004899872
2024-04-11,-0.007156737708763813,-0.00038939467078391576
2024-04-12,-0.004937755947811613,-0.02122685806225799
2024-04-15,0.009375502048255277,0.0005969516525363705
2024-04-16,-0.016038581315491164,-0.002982736844807987
2024-04-17,0.006684158564861818,0.001396032967818206
2024-04-18,0.00807100657888325,-0.0005973853920987482
2024-04-19,-0.007231586369986336,-0.0011956457842268176
2024-04-22,0.005659692283564026,0.010973528478043004
2024-04-23,0.015525333233986128,0.018156743251150242
2024-04-24,-0.00423179376614707,-0.004264371643453835
2024-04-25,-0.014642553636014374,-0.004866608562519414
2024-04-26,0.01694378968892353,0.010758866608099549
2024-04-29,-0.004823400034491842,-0.003096524097227271
2024-04-30,-0.01707803739496769,-0.019607890756294655
2024-05-02,-0.003935991005048192,0.004752597783404866
2024-05-03,0.005964768567468923,0.00945983722625332
2024-05-06,0.008652774653394854,0.00976195874808794
2024-05-07,0.01052396727250487,0.007347104948376426
2024-05-08,0.0026176239240054016,0.004990506095036595
2024-05-09,0.0037731221125911216,0.0097402404729523
2024-05-10,0.004262673297868324,0.0035937238822658646
2024-05-13,0.0003276485763399831,0.0009422903084643774
2024-05-14,0.0029004692188986264,0.0064019218910367215
2024-05-15,0.003808385712873835,0.008793200931247247
2024-05-16,-0.004297915765959764,-0.010200322094164438
2024-05-17,-0.0010678798156226593,0.0028106778993977066
2024-05-20,0.000813020334914469,-0.0013079432349468734
2024-05-21,-0.003371391560045051,-0.0011225732347103223
2024-05-22,-0.005266167704984654,-0.009177820614527321
2024-05-23,0.0019697254804184328,-0.00378063772792836
2024-05-24,-0.0005393291978557286,0.009487501266309595
2024-05-27,0.004336646999844027,0.0
2024-05-28,-0.004221367638245131,0.0007520761169297341
2024-05-29,-0.011723150425184613,-0.01803171444313023
2024-05-30,0.006948699483842841,0.007268715785339497
2024-05-31,-0.0001728999729982513,0.005127094580247071
2024-06-03,0.0025460451574446747,0.0030228874895763536
2024-06-04,-0.011305671690542696,-0.007345939359002629
2024-06-05,0.010027949003624454,0.01650846507355541
2024-06-06,0.005235509081943417,0.00466689872850834
2024-06-07,-0.004343394550408225,-0.01412123173832236
2024-06-10,-0.006179160313833999,-0.006407726202530495
2024-06-11,-0.010326505280795317,-0.012519059195257976
2024-06-12,0.011771073190621019,0.018248114642860358
2024-06-13,-0.019319961053709502,-0.02244857675487455
2024-06-14,-0.017564805263684306,-0.026244694070308938
2024-06-17,0.008034201357819536,0.015259697963302399
2024-06-18,0.007010219816462411,0.0031231188937153043
2024-06-19,-0.002815710543827022,0.0
2024-06-20,0.00985177830388755,0.002335066173295486
2024-06-21,-0.00801204045100191,-0.0085420677073067
2024-06-24,0.009058706091986078,0.009280661610119312
2024-06-25,-0.005794278906719597,0.0007928365840650375
2024-06-26,-0.003860780033895055,-0.008118826736641438
2024-06-27,-0.001900331984129342,0.00019953521701920884
2024-06-28,-0.0003473757811741468,-0.0013970986901429283
2024-07-01,0.007599346640689468,0.011193295030320627
2024-07-02,-0.006817138866122954,-0.004546372791636721
2024-07-03,0.011315875202937264,0.017077048202468026
2024-07-04,0.0057175472631484535,0.0
2024-07-05,-0.004035857167833912,0.006833207525166474
2024-07-08,0.0007589049427095653,-0.005817251480243368
2024-07-09,-0.012249101836003657,-0.012677987425648185
2024-07-10,0.009289921881604818,0.014421209545119273
2024-07-11,0.003166882929444161,0.002531693287220138
2024-07-12,0.012851744707535178,0.016316915788212816
2024-07-15,-0.009882132446364785,-0.012805692318170192
2024-07-16,-0.0052306688969619855,-0.0005809846389375206
2024-07-17,-0.004376740973064732,-0.013366817788036167
2024-07-18,-0.0006827938698676185,-0.007657558323124869
2024-07-19,-0.008635792125289806,-0.009497492335291957
2024-07-22,0.013672997334998289,0.01977624142668133
2024-07-23,0.005215557593806486,-0.006660179776720732
2024-07-24,-0.005850677817545234,-0.01518431012788013
2024-07-25,-0.0040452579679394534,-0.004205040289535389
2024-07-26,0.007558002694854118,0.014478162248265036
2024-07-29,-0.007160051401051922,-0.013082320211573517
2024-07-30,0.007582065605071609,0.002811911746912088
2024-07-31,-0.0028541408078283873,0.007610670652224982
2024-08-01,-0.019432137703945564,-0.027430052682511308
2024-08-02,-0.0149406395206898,-0.009809839146831534
2024-08-05,-0.01809524888504864,-0.015067031399276898
2024-08-06,-0.006706339555988635,0.0004189729079087101
2024-08-07,0.021261093445226833,0.0050273070662407715
2024-08-08,-0.0008811880337803325,0.016256669011047276
2024-08-09,0.0023450804396899214,0.0018457728827590003
2024-08-12,0.0008448292326781971,-0.0036847445639223153
2024-08-13,0.00420759296781949,0.01623187958780914
2024-08-14,0.005812071348936357,0.007076442221368717
2024-08-15,0.012338771577946276,0.01586022036248469
2024-08-16,0.006724670537036436,0.007905335836241978
2024-08-19,0.003932240786906747,0.013137053808651045
2024-08-20,-0.004431946984226461,-0.00019351015416069206
2024-08-21,0.004184812684640855,0.009872304461475245
2024-08-22,0.00118171509306222,-0.009200676814338338
2024-08-23,0.006292364222511316,0.016444137142313853
2024-08-26,-0.0004391358366323744,-0.004758247664373605
2024-08-27,0.0038904985271570646,0.0028685376592556544
2024-08-28,0.004788687499155978,-0.003623233714997398
2024-08-29,0.00921832456696997,0.0026795231356107063
2024-08-30,0.001372023964939797,0.002672211667998914
2024-09-02,0.0036683378395606626,0.0
2024-09-03,-0.006649420116241837,-0.017894562368129252
2024-09-04,-0.003186762657253289,-0.004458171371739983
2024-09-05,0.00027993649569955535,-0.004867645785160524
2024-09-06,-0.01023724145312574,-0.018587361456807283
2024-09-09,0.008969590124398257,0.008173780251292007
2024-09-10,-0.00456450530569753,-0.006921038555753101
2024-09-11,-0.0006035411163327876,0.010752595129170706
2024-09-12,0.00867250438916094,0.007092423230205647
2024-09-13,0.003940976057463094,0.004694751508767858
2024-09-16,-0.0009449180222407351,0.005646512184574792
2024-09-17,0.003985074064126584,-0.0005809846389375206
2024-09-18,-0.003884336954557964,-0.00251837486875095
2024-09-19,0.014548936276156752,0.02388817796241849
2024-09-20,-0.009186031922351581,-0.012898337740408494
2024-09-23,0.0022662896539676802,-0.00028869488882510286
2024-09-24,0.008015610051128419,0.014824735213194051
2024-09-25,-0.0026329969406636124,-0.009296116840840751
2024-09-26,0.014121610667080479,0.03044810199069259
2024-09-27,0.00484412966026247,0.0
2024-09-30,-0.01087278443605295,-0.010592881192147852
2024-10-01,-0.005531141732098266,-0.015589732040831472
2024-10-02,-0.0006565909201599348,-0.0022895838571281857
2024-10-03,-0.009151568590381996,-0.010518315862644956
2024-10-04,0.004843436813000788,0.007344325186811496
2024-10-07,0.0014982753206800815,-0.004220913784436231
2024-10-08,-0.002129754220886343,0.00019256589264404766
2024-10-09,0.004448178390907831,0.004045460506291398
2024-10-10,-0.0033167884975253406,-0.00249415224968208
2024-10-11,0.0052270647386752096,0.006347315355670791
2024-10-14,0.006338062249263046,0.005925090125822319
2024-10-15,0.0007277308455453852,-0.026030818884069773
2024-10-16,-0.0025701070137286583,-0.005267272248835497
2024-10-17,0.006876556185073836,0.0013730235182971562
2024-10-18,0.005748284941998643,0.013513435226665482
2024-10-21,-0.0066412786044943994,-0.01275358011142358
2024-10-22,-0.004993828587983964,-0.003719074903277275
2024-10-23,-0.005042160833035243,-0.006286736523254843
2024-10-24,0.002450426807951619,0.007908253992042757
2024-10-25,0.002923994260951883,-0.003923218154479047
2024-10-28,0.007182248337850193,0.010240341146907861
2024-10-29,-0.0018439482024110354,-0.0038985921660814604
2024-10-30,-0.010077315929190924,-0.009589161839026139
2024-10-31,-0.010974531382160993,-0.007113202609652203
2024-11-01,0.008556412551528761,0.0035821206194881494
2024-11-04,-0.0014742154383079653,-0.0017846283117959327
2024-11-05,0.0014631491244865174,0.009137784591600528
2024-11-06,-0.010054325690097855,-0.027952610776765807
2024-11-07,0.003771776854453149,0.01822583870918293
2024-11-08,-0.008234867129461525,-0.01829753624440056
2024-11-11,0.012031414202798272,-0.0036466293288942575
2024-11-12,-0.022786849112808507,-0.02074015750936231
2024-11-13,0.0006659408307599523,-0.005190952121152503
2024-11-14,0.013389280694531163,0.008557662513595465
2024-11-15,-0.006810024881478349,-0.002897212815157091
2024-11-18,0.0011346351354872574,0.00332074458483933
2024-11-19,-0.007566963124164746,-0.005999020438214764
2024-11-20,-0.002728291482033531,-0.004786762247050658
2024-11-21,0.0034105347696269744,-0.0020911931776710357
2024-11-22,0.007023691515543054,-0.00041911508614278503
2024-11-25,0.000452523288759733,0.005241093873599834
2024-11-26,-0.0049892107040995564,-0.006673593462140359
2024-11-27,-0.003556308082241942,0.004618811619243823
2024-11-28,0.003081816444838644,0.0
2024-11-29,0.008316412117721663,0.015047070364949233
2024-12-02,0.007837897002275147,0.0028824626464203362
2024-12-03,0.005418865587539897,0.006774807506918279
2024-12-04,0.00674909862364525,0.007136971775339784
2024-12-05,0.00832519590387477,0.012755689136694448
2024-12-06,0.003076732386955437,0.0033984726309450597
2024-12-09,-0.0015344919030144742,-0.0003983320816532965
2024-12-10,-0.004899356994471483,-0.008770178265089412
2024-12-11,0.0036860374982297587,0.003217401504155726
2024-12-12,-0.0004459728284139434,-0.006213683844129458
2024-12-13,0.000438557742044274,0.006252535120593095
2024-12-16,-0.0014269261525326408,-0.005211430869881739
2024-12-17,-0.001956539481875373,0.00020137355199190132
2024-12-18,0.0013521449783386868,-0.025382657854732593
2024-12-19,-0.014491544944149712,-0.002480385018102771
2024-12-20,-0.0038322574807329,0.00041434371306547924
2024-12-23,-0.0023909254990155827,0.005756093639819548
2024-12-24,-7.173711243641521e-07,0.0035124982232419555
2024-12-27,0.00896019557929598,0.0002058276834591144
2024-12-30,-0.003471858231474075,-0.00823384075371647
2024-12-31,0.004172723694069185,-0.0006227261763992464
2025-01-02,0.0028926688605295592,-0.01017647064586702
2025-01-03,-0.007943859139645078,0.005874864818472991
2025-01-06,0.01137304862196208,0.025657051890499938
2025-01-07,0.005783485412204978,0.0030507007809159603
2025-01-08,4.451029359325067e-06,-0.0044606251905520145
2025-01-09,0.002910069005104434,0.0
2025-01-10,-0.007291872219699119,-0.008350325181009643
2025-01-13,-0.007290542934480974,-0.0039022991285224684
2025-01-14,0.006701239515906802,0.009484576994739813
2025-01-15,0.011672178894280235,0.010212458447752315
2025-01-16,0.009072813295947734,0.015365951674012335
2025-01-17,0.009099734177805656,0.00418154208239363
2025-01-20,0.0026049452864660427,0.0
2025-01-21,0.0025633734568533922,0.02240739512248524
2025-01-22,0.00783165789353126,0.0021333413035002913
2025-01-23,0.005638030243748877,0.007741436183632544
2025-01-24,5.5437720237362566e-05,0.0017283858900654092
2025-01-27,-0.0014503706655957808,0.001533817815062788
2025-01-28,0.0031215301152281174,-0.006125574272587864
2025-01-29,0.0033015888668284695,0.0023112480739599928
2025-01-30,0.007772142368586385,0.010568774350480759
2025-01-31,-0.0005537824885173948,-0.008937041756652442
2025-02-03,-0.010069666773986222,-0.018419033000767415
2025-02-04,0.009948858443030749,0.021501134370563557
2025-02-05,0.0014211417088742311,0.005931935707286229
2025-02-06,0.015140240133594518,0.00836979250093517
2025-02-07,-0.0027645105890863482,-0.01056404432404523
2025-02-10,0.004157625829322056,0.008770294699380399
2025-02-11,0.00591816996221039,0.010394916940969168
2025-02-12,0.0034114143217392856,0.012719864500675637
2025-02-13,0.01858952968424716,0.009604655521188388
2025-02-14,-0.00010927847541213448,0.006769136408825593
2025-02-17,0.006458516497305339,0.0
2025-02-18,0.0017491890863713126,0.005451679123456454
2025-02-19,-0.014311670712808857,-0.016266145253460706
2025-02-20,-0.00015418284492381456,0.006797740023549714
2025-02-21,0.0026818422482786084,-0.006386843379543983
2025-02-24,-0.00727181339733449,-0.002571202260330474
2025-02-25,0.0006666894862202531,0.010311176765491314
2025-02-26,0.007460161696606212,0.0029159832853258294
2025-02-27,-0.00846952649683468,-0.021442885456588345
2025-02-28,-3.170051516775169e-05,0.0038998129155642935
2025-03-03,0.014975821775938623,0.019607806064685374
2025-03-04,-0.028082252664490843,0.002902757619738683
2025-03-05,0.022028800965326587,0.03201883109263726
2025-03-06,0.009388536510765906,-0.008764207288072923
2025-03-07,-0.01312308497929326,0.012378460284797166
2025-03-10,-0.012199978723191,-0.027074284984450303
2025-03-11,-0.015804036419849787,0.0016158165103219435
2025-03-12,0.010241893847255736,0.00017912027003053055
2025-03-13,-0.00693994891616649,-0.011469464406538954
2025-03-14,0.00968928769979141,0.023930313067368925
2025-03-17,0.005147240737726962,0.011508655992417127
2025-03-18,0.00937788593690529,0.003850762896401738
2025-03-19,0.0005613066886534504,0.0017437134667077636
2025-03-20,-0.01220892033783265,-0.01549174878286641
2025-03-21,-0.002805153822914077,-0.009724238833149768
2025-03-24,-0.001910043823786528,0.00010738693682132983
2025-03-25,0.011460047174319869,0.009665330509570635
2025-03-26,-0.009892850582695121,-0.019322788710063654
2025-03-27,-0.00592657888168006,-0.0007230947035756774
2025-03-28,-0.007137373366104739,-0.004884243825628243
