date,RL Agent,QQQ
2009-03-31,1.026328083302206,1.041427028470891
2009-04-01,1.0383651211773306,1.0617573182472018
2009-04-02,1.0785340902714347,1.117760181698352
2009-04-03,1.0641495455112913,1.1377064311101943
2009-04-06,1.0480738325980212,1.1012662160400588
2009-04-07,1.0367788859801033,1.074031547042497
2009-04-08,1.041826284342917,1.0932105943926844
2009-04-09,1.0711420964113714,1.1269662298665162
2009-04-14,1.0865444019802977,1.1300346615414425
2009-04-15,1.0795127351692708,1.1430768455417772
2009-04-16,1.0935311014983822,1.1549681009257327
2009-04-17,1.1157703490023865,1.1538166702137629
2009-04-20,1.0619378481376387,1.086690004488107
2009-04-21,1.0665972291248718,1.1158421765442155
2009-04-22,1.09914055166547,1.1108559907629476
2009-04-23,1.0913827178196875,1.1361721525107826
2009-04-24,1.122496056959073,1.1687768593682348
2009-04-27,1.1181156627426658,1.1423097690040203
2009-04-28,1.0913237389186528,1.1365552514460198
2009-04-29,1.1165992872087702,1.171461815536231
2009-04-30,1.1328241116026494,1.186037901564285
2009-05-04,1.1625450777345325,1.2443424967242969
2009-05-05,1.1558551261198466,1.2266979790213164
2009-05-06,1.1643652564196372,1.25700082864601
2009-05-07,1.1573830631564184,1.2370540771385776
2009-05-08,1.190735890354031,1.2968937040413864
2009-05-11,1.1651791515118632,1.2639050195814145
2009-05-12,1.1513818809805658,1.2692750574413045
2009-05-13,1.0894013527484996,1.2224784932061132
2009-05-14,1.095615756311564,1.2362873771725127
2009-05-15,1.1105253689839893,1.2155735491273234
2009-05-18,1.1477105546292925,1.2761797504722994
2009-05-19,1.1842997319101347,1.289605158931769
2009-05-20,1.197419746642543,1.3022634908534816
2009-05-21,1.160920421649674,1.3007293377779672
2009-05-22,1.1782521579711942,1.3130036920971597
2009-05-25,1.1811418192004697,1.3130036920971597
2009-05-26,1.1911797819011185,1.3425394651840956
2009-05-27,1.2026219872710855,1.3103184848813683
2009-05-28,1.1842345952300872,1.3348680721870363
2009-05-29,1.1842021994698069,1.3532796664277735
2009-06-01,1.2365313352799951,1.3897205091173965
2009-06-02,1.2362703398613586,1.4050631695876177
2009-06-03,1.21228166398477,1.3594167808254207
2009-06-04,1.2097275572614088,1.3743767189320975
2009-06-05,1.2212793243409938,1.3498277592459174
2009-06-08,1.197533543192239,1.3402381100469263
2009-06-09,1.19569323494765,1.3617190146298728
2009-06-10,1.2113817341473951,1.3525129664617088
2009-06-11,1.224064701288748,1.3705409596716192
2009-06-12,1.2135440504866035,1.3693901565791373
2009-06-15,1.1672518768838092,1.3030308184390336
2009-06-16,1.158556804465534,1.2884546068870817
2009-06-17,1.1249089118809694,1.2876877813971197
2009-06-18,1.1404899118190253,1.2949749457438644
2009-06-19,1.152347011131662,1.3097206145574707
2009-06-22,1.114033708083111,1.268717856860204
2009-06-23,1.1029310094249465,1.285670988935633
2009-06-24,1.137777295266158,1.2959213959311802
2009-06-25,1.1279576384513545,1.3199710215530176
2009-06-26,1.1195836475798067,1.305383763898084
2009-06-29,1.142607268603432,1.3262792250229878
2009-06-30,1.1236095185335797,1.3128745280066092
2009-07-01,1.144466647869667,1.334953051865658
2009-07-02,1.1096201484348232,1.2911905257574718
2009-07-03,1.1166361240900258,1.2911905257574718
2009-07-06,1.0978597246581212,1.2840940322110634
2009-07-07,1.094373660210147,1.2462451879629357
2009-07-08,1.0726220678875351,1.2359947809673886
2009-07-09,1.088171276537707,1.2608329477134594
2009-07-10,1.077303782351763,1.2442744627718396
2009-07-13,1.1103125005825853,1.2809401187619247
2009-07-14,1.13236720515028,1.2876423417462166
2009-07-15,1.1792854385797513,1.346780415585775
2009-07-16,1.1930564168764588,1.3633396536707802
2009-07-17,1.1979866035708002,1.3574252186673363
2009-07-20,1.2198873664948,1.3850237814438147
2009-07-21,1.2282105479917809,1.386205965510677
2009-07-22,1.2278897299034566,1.3948800434011426
2009-07-23,1.258699282106539,1.4236605391966883
2009-07-24,1.264224886395695,1.436671091174848
2009-07-27,1.2694557224113836,1.4398248791000892
2009-07-28,1.243421979566934,1.4319403465250375
2009-07-29,1.259800104138442,1.4228722491202506
2009-07-30,1.2784922600510324,1.4461328315222641
2009-07-31,1.2794813327432242,1.465451838018189
2009-08-03,1.3149093206188511,1.4962038121482157
2009-08-04,1.3156267180979522,1.5048776389908862
2009-08-05,1.3068092736688013,1.4898957342021433
2009-08-06,1.3214633181855735,1.4792508055966842
2009-08-07,1.3412272728193497,1.4954155220717773
2009-08-10,1.3427572472611633,1.4800392211970197
2009-08-11,1.3136402858672585,1.4650578185038672
2009-08-12,1.3260289509683283,1.4906844008502742
2009-08-13,1.3492155339256235,1.5064543446676606
2009-08-14,1.3293886175312415,1.4887126714679981
2009-08-17,1.289280634511147,1.4283922880376798
2009-08-18,1.3103188059209572,1.4453447924936211
2009-08-19,1.3039286369445502,1.4642686497601465
2009-08-20,1.327640654163947,1.4776740999199096
2009-08-21,1.3706973663960196,1.5257731001157897
2009-08-24,1.3983892473188249,1.536812801378956
2009-08-25,1.4066495209940584,1.5549482430451451
2009-08-26,1.3979194246949986,1.5478509963553515
2009-08-27,1.385458492232121,1.5683525634898312
2009-08-28,1.401646783316721,1.557313238798358
2009-08-31,1.3777372279564264,1.5494280786038184
2009-09-01,1.341340290110076,1.4950211259857633
2009-09-02,1.3228364641007522,1.4969922277485523
2009-09-03,1.3284748087355904,1.507636905306216
2009-09-04,1.355276316693365,1.5419383186864735
2009-09-07,1.381448733633106,1.5419383186864735
2009-09-08,1.375212401391376,1.56756439893729
2009-09-09,1.3975619552432135,1.5994986826580773
2009-09-10,1.3939274507104538,1.611327301617169
2009-09-11,1.4039809321300893,1.6081725095007477
2009-09-14,1.3888091267153342,1.6200007518881472
2009-09-15,1.396462027611494,1.628279806073111
2009-09-16,1.4310206710495068,1.6621854426044813
2009-09-17,1.4444171650468896,1.6523298082666409
2009-09-18,1.435289841769187,1.65821763220381
2009-09-21,1.4157877094859141,1.6447821818325383
2009-09-22,1.4249123305432887,1.6669124215373663
2009-09-23,1.436640756949934,1.6447821818325383
2009-09-24,1.412695672389746,1.6214647371049469
2009-09-25,1.4073993086204772,1.617908268516455
2009-09-28,1.4412198908831508,1.6542660143859185
2009-09-29,1.4471170169489236,1.643991004706457
2009-09-30,1.4385658562569714,1.6333202181781086
2009-10-01,1.4021107161570092,1.5839216690711828
2009-10-02,1.372007386124135,1.5685088407422467
2009-10-05,1.3850904827605486,1.5997291445339281
2009-10-06,1.4307960708846021,1.6372727146632824
2009-10-07,1.4221460833642328,1.6309496993734047
2009-10-08,1.4467581581554327,1.6534752138315296
2009-10-09,1.4448356303833267,1.652290142715024
2009-10-12,1.465065602554562,1.6724452638923426
2009-10-13,1.4440389264319178,1.6633554508532844
2009-10-14,1.491194585274731,1.7190776428695755
2009-10-15,1.4909807512730104,1.7210536400643677
2009-10-16,1.462279569075152,1.6807438998053204
2009-10-19,1.4899226358557807,1.714334847925603
2009-10-20,1.470043764407407,1.69852724693896
2009-10-21,1.471353790101888,1.6973411716312743
2009-10-22,1.447863964107855,1.7155199190421084
2009-10-23,1.442463596404569,1.689042284670502
2009-10-26,1.4022344240569398,1.643991004706457
2009-10-27,1.3959676551163605,1.6277882544904148
2009-10-28,1.356590787636501,1.5831321237557694
2009-10-29,1.3962985503476986,1.6428056825421564
2009-10-30,1.3539651341939387,1.5673241461974334
2009-11-02,1.3621986257432226,1.5756232842060005
2009-11-03,1.3364011253882515,1.564162199218853
2009-11-04,1.363390441342146,1.591430508620951
2009-11-05,1.3822048912792289,1.6238360090530355
2009-11-06,1.3858961475858766,1.6155377497117511
2009-11-09,1.4172734962954485,1.676396128566849
2009-11-10,1.4178260820838307,1.6716542122901588
2009-11-11,1.4335021758692246,1.6827196459523168
2009-11-12,1.4324527730984462,1.6554515875980143
2009-11-13,1.4359015863251898,1.6846960197188012
2009-11-16,1.4619889852694983,1.7044549874755404
2009-11-17,1.4485723047832977,1.6937850796144744
2009-11-18,1.4463466658003263,1.700898644410946
2009-11-19,1.4204135841550647,1.6744210100393395
2009-11-20,1.4068225922007416,1.6467567982644573
2009-11-23,1.4379377902821904,1.6862769932080914
2009-11-24,1.4307915161078983,1.69022823445429
2009-11-25,1.442468626780987,1.7163108451203946
2009-11-26,1.3908342290852664,1.7163108451203946
2009-11-27,1.4048241641981003,1.6459668763773514
2009-11-30,1.3899334993300898,1.647942622524348
2009-12-01,1.4295990838957304,1.6918097100391705
2009-12-02,1.4381813984617637,1.6985272469389596
2009-12-03,1.4371753726884464,1.681929598541313
2009-12-04,1.4540023023041229,1.682323743579532
2009-12-07,1.4464791552921228,1.672049989139046
2009-12-08,1.4215790971967879,1.632135021537705
2009-12-09,1.404531307823358,1.6234413619192263
2009-12-10,1.4205886193045167,1.6341108932085995
2009-12-11,1.4265436386445896,1.6416201093300604
2009-12-14,1.436165839842099,1.6514995932084302
2009-12-15,1.4356599068701072,1.635296842992388
2009-12-16,1.4532829235292626,1.6633554508532846
2009-12-17,1.4348676608450792,1.6171184721532461
2009-12-18,1.4162117158029999,1.6131448876532886
2009-12-21,1.4417114437253544,1.6381768632971336
2009-12-22,1.449840999003946,1.6473148775128406
2009-12-23,1.457916078200845,1.6667842616379966
2009-12-24,1.457830645952276,1.6715515337419864
2009-12-28,1.4730782880715716,1.684266602465379
2009-12-29,1.4797689932389997,1.684266602465379
2009-12-30,1.467012558207189,1.6675785768615166
2009-12-31,1.4662407644576823,1.6481090672124632
2010-01-04,1.4994630055398228,1.7045297997184643
2010-01-05,1.4925204805091636,1.6965836349097292
2010-01-06,1.492730243944019,1.6941990574285029
2010-01-07,1.4866653201350153,1.689034502188856
2010-01-08,1.4919950444634338,1.702146226428418
2010-01-11,1.4873103164407606,1.7124758390033015
2010-01-12,1.466207642187105,1.6826772188749546
2010-01-13,1.4679777724247594,1.698570050588015
2010-01-14,1.4779220340907397,1.7061190577849905
2010-01-15,1.4548927214360432,1.654070071581887
2010-01-18,1.4609246418466553,1.654070071581887
2010-01-19,1.4717830585328326,1.673935985699315
2010-01-20,1.4368128985875837,1.617912536328971
2010-01-21,1.4113616884317501,1.5622867466659769
2010-01-22,1.4004346205669151,1.5376529328250719
2010-01-25,1.388748853858526,1.5483807072028957
2010-01-26,1.4022475659671372,1.5444076247985281
2010-01-27,1.3945398060339156,1.541228606569885
2010-01-28,1.3658603932240403,1.5050719499842518
2010-01-29,1.3858269187441532,1.4875896091568697
2010-02-01,1.3910095142344188,1.5261302156042413
2010-02-02,1.4066202491323199,1.5547377394690016
2010-02-03,1.4032087744068575,1.5340772590802594
2010-02-04,1.3637989402077966,1.4430890025312537
2010-02-05,1.3267888935356147,1.4180575289829989
2010-02-08,1.3465983385477291,1.4053430878790942
2010-02-09,1.3494388909387416,1.4633529529277243
2010-02-10,1.3508823022141996,1.4514332036190316
2010-02-11,1.3516441406693196,1.4454735800124798
2010-02-12,1.351686588014741,1.431963945017773
2010-02-15,1.3535309204860346,1.431963945017773
2010-02-16,1.367364962091391,1.4764648026911835
2010-02-17,1.3868557314428127,1.472888501326883
2010-02-18,1.3985085500569594,1.4856028169068904
2010-02-19,1.4029687128792734,1.4812324513668658
2010-02-22,1.3927119837610897,1.4768615837312509
2010-02-23,1.3772837738470896,1.440705554765105
2010-02-24,1.3792940935037779,1.4522280209381406
2010-02-25,1.3561627652997348,1.4367317192173523
2010-02-26,1.3795482984361913,1.4546120963237765
2010-03-01,1.4070179243777996,1.479246161212477
2010-03-02,1.4207049987698834,1.482424928393325
2010-03-03,1.4311761324033179,1.5018931828034032
2010-03-04,1.421799015539667,1.4971257851755164
2010-03-05,1.4468483236474923,1.5372551475938243
2010-03-08,1.444054684763971,1.5412286065698844
2010-03-09,1.4481625200058759,1.5312959005589655
2010-03-10,1.4603852311507064,1.549175147950312
2010-03-11,1.4560241712277835,1.5511620657241882
2010-03-12,1.4542548313553365,1.5563268720116301
2010-03-15,1.4425428082951735,1.5448052845058773
2010-03-16,1.4597744638018786,1.567452180572906
2010-03-17,1.4716689380591692,1.574603779110327
2010-03-18,1.4675199949465507,1.5591084815807188
2010-03-19,1.4619586704164935,1.5355972279553531
2010-03-22,1.4622067116186,1.5375859030637946
2010-03-23,1.4689281776827463,1.5439508433354447
2010-03-24,1.46768794488025,1.5176950096907598
2010-03-25,1.487098364654017,1.5232648815955052
2010-03-26,1.480843615813248,1.5407681849137735
2010-03-30,1.4778848918554148,1.532885501139376
2010-03-31,1.475821140836642,1.5332792497877266
2010-04-01,1.498404921770052,1.570330052401751
2010-04-06,1.5051437622428971,1.5561407987571076
2010-04-07,1.496440982432545,1.5336736202753825
2010-04-08,1.4824383602615263,1.5281555426447266
2010-04-09,1.5028951201581133,1.5636296095152937
2010-04-12,1.5042779133046895,1.5833380601013434
2010-04-13,1.4959943890462835,1.5809723346468518
2010-04-14,1.5038774532078105,1.598315432881993
2010-04-15,1.5041421838272113,1.5900385029878008
2010-04-16,1.473794855937058,1.5474687521680923
2010-04-19,1.4727656830935543,1.5451041460243509
2010-04-20,1.4962840560717139,1.5545644361172337
2010-04-21,1.483013649711749,1.5317026384121306
2010-04-22,1.4588121409335135,1.5084475895301213
2010-04-23,1.474247753267081,1.52027186392744
2010-04-26,1.4922644294377712,1.5222428457906922
2010-04-27,1.4438046610176838,1.433163370310549
2010-04-28,1.4250309081324788,1.4280391656961045
2010-04-29,1.4403566370670167,1.4536593181932995
2010-04-30,1.4360633800285356,1.4449882665471734
2010-05-03,1.4372048555030186,1.4520825824498425
2010-05-04,1.402294930418829,1.3720681559998984
2010-05-05,1.3944870758202403,1.3377759569136878
2010-05-06,1.383404462391478,1.2731340199392163
2010-05-07,1.3478586571193132,1.2483027327851943
2010-05-10,1.4170936660670017,1.3834989304845884
2010-05-11,1.413854875852928,1.3610317520028634
2010-05-12,1.4352331417206892,1.379163715581178
2010-05-13,1.4446717061106724,1.349601101886034
2010-05-14,1.3934481570502408,1.2912656104139473
2010-05-17,1.390936206613693,1.2948128305492126
2010-05-18,1.4154981995755491,1.2751051261703295
2010-05-19,1.3767487839883659,1.291659732165881
2010-05-20,1.3528842704277588,1.2486964814335446
2010-05-21,1.346392068231996,1.2869301467748149
2010-05-24,1.3442230539890816,1.2388425670601726
2010-05-25,1.3081130806166632,1.239236688812106
2010-05-26,1.3368671230592226,1.2049443653580345
2010-05-27,1.3819514085077496,1.2971780585322588
2010-05-28,1.3769427905346765,1.2699806728201621
2010-05-31,1.381422729240003,1.2699806728201621
2010-06-01,1.3844202303724327,1.2475139918098819
2010-06-02,1.3832731000879177,1.2825940612963764
2010-06-03,1.4029175667426947,1.272739773819421
2010-06-04,1.3703479796335258,1.1950910728239683
2010-06-07,1.35924961460143,1.1828719304675495
2010-06-08,1.3555497038094144,1.2013972695906305
2010-06-09,1.379627347543243,1.1970618059514981
2010-06-10,1.400065238560538,1.2613098699097582
2010-06-11,1.400993172062842,1.2754993722901238
2010-06-14,1.4240115633509403,1.2896889990383509
2010-06-15,1.4349134964787627,1.3496011018860337
2010-06-16,1.4421563267310367,1.3365940891293304
2010-06-17,1.4482295241838627,1.3452652651433181
2010-06-18,1.4455872963548315,1.3478138113536766
2010-06-21,1.466016039922289,1.3389164102002864
2010-06-22,1.4581981943577136,1.321528166431553
2010-06-23,1.4374962512211713,1.329211488524553
2010-06-24,1.4139712857405797,1.294838699064328
2010-06-25,1.4059482731067414,1.303735478378412
2010-06-28,1.4275610597241168,1.296456103098376
2010-06-29,1.3825290917791357,1.2378210094488171
2010-06-30,1.3858590506012491,1.2362032323111856
2010-07-01,1.354831222553877,1.2608701051527882
2010-07-02,1.3529981047347517,1.248334446589783
2010-07-05,1.348236786508355,1.248334446589783
2010-07-06,1.38130692433718,1.2839200714317873
2010-07-07,1.3952793775821946,1.3445780083426915
2010-07-08,1.407077952741683,1.3550923160586852
2010-07-09,1.4172335751216192,1.3603489724452376
2010-07-12,1.4209236837097161,1.35347416581747
2010-07-13,1.4444295075908151,1.3854209114105533
2010-07-14,1.4475161148175544,1.388655843846511
2010-07-15,1.4334568770922056,1.3987657072780968
2010-07-16,1.4097763361765316,1.3546876230385543
2010-07-19,1.4002543329705628,1.3676279746216902
2010-07-20,1.390687533847587,1.3623711938672765
2010-07-21,1.4012493967758588,1.3292114885245527
2010-07-22,1.4362061483999138,1.3886558438465109
2010-07-23,1.442987691164705,1.4060443363509663
2010-07-26,1.4516973950259573,1.4230290064103188
2010-07-27,1.4519624370313569,1.4355647893411854
2010-07-28,1.451468984969591,1.4278813428803245
2010-07-29,1.4423145517216651,1.4315207196006898
2010-07-30,1.4399484370764977,1.4234329532232821
2010-08-02,1.4786430964536643,1.485303725515965
2010-08-03,1.4718927339137562,1.481664224427739
2010-08-04,1.472775650568946,1.4865169340013276
2010-08-05,1.4696613250934516,1.4857080454325118
2010-08-06,1.449964535731354,1.48287730854524
2010-08-09,1.476193228547806,1.489347422152877
2010-08-10,1.457479717923942,1.4808560820660894
2010-08-11,1.41748327309913,1.393104109135691
2010-08-12,1.4171446630781395,1.3886558438465104
2010-08-13,1.415358025699918,1.3708634045290915
2010-08-16,1.4128869915717643,1.3773335181367288
2010-08-17,1.4332739530137228,1.4015958223260625
2010-08-18,1.4274178887419247,1.399573974007606
2010-08-19,1.4009230831869413,1.363584651088361
2010-08-20,1.3835682677821879,1.3413430759067333
2010-08-23,1.391596729658718,1.3377035748185069
2010-08-24,1.3692064753716395,1.3134405244220064
2010-08-25,1.357914205033595,1.3134405244220064
2010-08-26,1.3673986452004452,1.309396579049372
2010-08-27,1.382932410819518,1.3421518401076877
2010-08-30,1.3771400736878818,1.3126317602210515
2010-08-31,1.381400230146712,1.3174840966910568
2010-09-01,1.4274988705192366,1.3773335181367286
2010-09-02,1.4274630465112803,1.3951259574541472
2010-09-03,1.4365399381308694,1.4157497554981435
2010-09-06,1.4375121431156495,1.4157497554981435
2010-09-07,1.4250037256256436,1.3736941414163633
2010-09-08,1.4388094155559308,1.3866342442637765
2010-09-09,1.4514944708724313,1.4003833600478668
2010-09-10,1.4528151542342773,1.408471002057413
2010-09-13,1.459539595435502,1.4400129302625053
2010-09-14,1.4663404713802148,1.4541662415952805
2010-09-15,1.4626559564597628,1.4525487131933712
2010-09-16,1.4617488233937759,1.4561874680744307
2010-09-17,1.4575114348253404,1.4364145949363134
2010-09-20,1.4819175501143946,1.462751728152946
2010-09-21,1.4779236342164976,1.4716667895426172
2010-09-22,1.4550601702298507,1.4708559110880233
2010-09-23,1.4524903255223685,1.4428978915372306
2010-09-24,1.4832066521985068,1.5057026664670303
2010-09-27,1.4735353705054137,1.4866584646272973
2010-09-28,1.4749914101314154,1.505297351607594
2010-09-29,1.4648787129687977,1.4915216211012214
2010-09-30,1.4624261458434518,1.487469467449752
2010-10-01,1.4603426331400535,1.5008405049359947
2010-10-04,1.4422498680769575,1.4696399665097157
2010-10-05,1.4696977251988765,1.529609154205659
2010-10-06,1.4818047021252934,1.5389286598797378
2010-10-07,1.4824427471550194,1.5417647445850384
2010-10-08,1.4822581522940972,1.5474380333063897
2010-10-11,1.483690982995997,1.5433856309191982
2010-10-12,1.4797354572826398,1.5425756230396324
2010-10-13,1.5060727475787126,1.5758014920844794
2010-10-14,1.505991621224048,1.5871474476878766
2010-10-15,1.5079199271171932,1.5839054262838346
2010-10-18,1.5078911527054297,1.5916035481523094
2010-10-19,1.500143961621721,1.5466270304839353
2010-10-20,1.5097138673794765,1.5851206246549754
2010-10-21,1.5261189176902883,1.5903885985168913
2010-10-22,1.521687242575975,1.594440503432638
2010-10-25,1.5195570763874071,1.5920091117474673
2010-10-26,1.5115081772458565,1.5818797225616836
2010-10-27,1.4977696042918691,1.5624307033339595
2010-10-28,1.5066392925216598,1.579448206508652
2010-10-29,1.5053736244679055,1.579448206508652
2010-11-01,1.5024683084557284,1.5620250153709399
2010-11-02,1.5145364244432524,1.6009241731371384
2010-11-03,1.5020478954201786,1.6029496281235673
2010-11-04,1.5276446636523575,1.639822460328309
2010-11-05,1.521665998110427,1.6130800122522404
2010-11-08,1.51836038155976,1.5980869691210877
2010-11-09,1.5308466394786586,1.5794482065086521
2010-11-10,1.5060797917092315,1.5758014920844796
2010-11-11,1.4988104638846522,1.5518951287137117
2010-11-12,1.493581832186077,1.5429808135312075
2010-11-15,1.5090734372813857,1.5450068903569425
2010-11-16,1.469482284941273,1.5044878411994729
2010-11-17,1.4787553539282878,1.5142119155258207
2010-11-18,1.5105963506566464,1.557568417435063
2010-11-19,1.5107536207486638,1.5648613488119625
2010-11-22,1.491609975337524,1.5336610591214055
2010-11-23,1.4500885797061185,1.470045405737012
2010-11-24,1.4660710181358767,1.4777443981805145
2010-11-25,1.4695507684640932,1.4777443981805145
2010-11-26,1.4553006756671585,1.4489752514394056
2010-11-29,1.4186566503134568,1.414534184023418
2010-11-30,1.4092944505325695,1.3792824868885587
2010-12-01,1.4354389708587305,1.4376307882503423
2010-12-02,1.4667472775729653,1.4773389589532175
2010-12-03,1.4664995783227988,1.4959775971977922
2010-12-06,1.4664703072538334,1.4769340171973648
2010-12-07,1.4870107281108509,1.4870642769581768
2010-12-08,1.488081967409138,1.4988151743174263
2010-12-09,1.494643503213772,1.5101598862422119
2010-12-10,1.4992643003978239,1.5097551932220816
2010-12-13,1.5109225818581717,1.529609154205658
2010-12-14,1.5087696372553208,1.529203714978361
2010-12-15,1.5016879778450254,1.498815174317426
2010-12-16,1.5045791727721898,1.5093497539947847
2010-12-17,1.4963279894262778,1.4952335042846272
2010-12-20,1.5064299061472197,1.494417775483449
2010-12-21,1.525746936156519,1.5062486413774074
2010-12-22,1.5223031072416637,1.5054330369440905
2010-12-23,1.5153913769392622,1.4968654593584276
2010-12-24,1.5155628866198732,1.4968654593584276
2010-12-27,1.5104726543042708,1.4927851985703422
2010-12-28,1.5064876991501837,1.4825860390144623
2010-12-29,1.5180155709827095,1.4993131432334068
2010-12-30,1.499787291835228,1.4919698428727475
2010-12-31,1.4997853025217174,1.5029853530691117
2011-01-03,1.506643362124603,1.51604012308449
2011-01-04,1.5032655435485884,1.5135925635773726
2011-01-05,1.4951849176994856,1.499313143233407
2011-01-06,1.4944468224973497,1.4752427386538032
2011-01-07,1.4799329226475184,1.4503561078015768
2011-01-10,1.4576539183054165,1.4393412194445183
2011-01-11,1.4774973689334077,1.4503561078015765
2011-01-12,1.503388997013119,1.5140004901618918
2011-01-13,1.510017399464117,1.5515342131806997
2011-01-14,1.5112023538965524,1.5715253519151073
2011-01-17,1.5073149438930167,1.5715253519151073
2011-01-18,1.520803704668231,1.578869149747211
2011-01-19,1.5016136902443125,1.5707092500103457
2011-01-20,1.4932231654691934,1.5882518342947458
2011-01-21,1.5044128334805165,1.620890438299318
2011-01-24,1.509013105401413,1.6339458301540022
2011-01-25,1.5073415114671398,1.6274181342266603
2011-01-26,1.5213985867998534,1.6282342361314217
2011-01-27,1.5261465605226017,1.6539363470491042
2011-01-28,1.5066759141935921,1.6008991751970496
2011-01-31,1.502947759049053,1.6298655693659174
2011-02-01,1.5267355113320114,1.6718873553894689
2011-02-02,1.5261343162941794,1.662911975587148
2011-02-03,1.5222161083076722,1.6457769447836836
2011-02-04,1.5270970626410536,1.6437373118610854
2011-02-07,1.5431327978537983,1.651896465390784
2011-02-08,1.5519350939906245,1.6682153942894866
2011-02-09,1.5445140312424377,1.6718873553894689
2011-02-10,1.5426215105020524,1.6543447711050687
2011-02-11,1.5489162977721866,1.6510804878538834
2011-02-14,1.5493726857141534,1.6372098646694655
2011-02-15,1.5447858178372293,1.637617418150402
2011-02-16,1.5508634793954408,1.668623445241868
2011-02-17,1.5513203034350855,1.6784153000525337
2011-02-18,1.554098133369503,1.6865753241572605
2011-02-21,1.5254882876368765,1.6865753241572605
2011-02-22,1.5145450656046466,1.6221148398921834
2011-02-23,1.4943206221489356,1.6302736203182986
2011-02-24,1.4937276549380818,1.6314976488075799
2011-02-25,1.5162917912964327,1.6494484084122225
2011-02-28,1.533464484254645,1.6710716265882914
2011-03-01,1.5213687885130227,1.6388418197432668
2011-03-02,1.5057938538063116,1.649448408412222
2011-03-03,1.51352992254356,1.677191644666836
2011-03-04,1.5052721417391524,1.6523048894467485
2011-03-07,1.5007416990038362,1.6421052324194239
2011-03-08,1.5040614500608407,1.6457769447836839
2011-03-09,1.4984568998958403,1.6384335200551636
2011-03-10,1.4788770865548997,1.6033474809113346
2011-03-11,1.4595308293597629,1.613138465146973
2011-03-14,1.4364665198515894,1.6045708875613103
2011-03-15,1.4054370503089606,1.5662216844770462
2011-03-16,1.3760127435378526,1.5042091328226708
2011-03-17,1.4120617718960882,1.562141796792544
2011-03-18,1.419830853275877,1.5855690951622239
2011-03-21,1.451983991660978,1.6358596028011334
2011-03-22,1.4511293349787437,1.6280914618268403
2011-03-23,1.4552057425176506,1.6219582607550154
2011-03-24,1.479930805787935,1.6632531166302387
2011-03-25,1.4815918870635243,1.6448548814612363
2011-03-28,1.481890897889981,1.641992803872958
2011-03-30,1.495298727334258,1.660693608571391
2011-03-31,1.485565666757575,1.6550020485623311
2011-04-01,1.5117857689464949,1.6793939186311406
2011-04-04,1.5089400802233626,1.6777676703002158
2011-04-05,1.511133985564469,1.6777676703002158
2011-04-06,1.5159346086722636,1.705005567692896
2011-04-07,1.5068467632460856,1.7001273173388054
2011-04-08,1.5207724705144854,1.7143559700421125
2011-04-11,1.5092167572871646,1.7106972513616265
2011-04-12,1.4851682182578472,1.7025663806860152
2011-04-13,1.4959442158331988,1.6997209716604977
2011-04-14,1.4800214911210636,1.6985009453482094
2011-04-15,1.4825719757836797,1.6834594776286167
2011-04-18,1.4488492808680828,1.6297969924982239
2011-04-19,1.4571555423120286,1.6436188048845408
2011-04-20,1.4960967738097117,1.6968749443366262
2011-04-21,1.5069322221101873,1.7111034733802628
2011-04-26,1.5166095510217148,1.7350898633884608
2011-04-27,1.526545435540371,1.7789948585333049
2011-04-28,1.5377618124141674,1.787938915204214
2011-04-29,1.542219197936768,1.7899713855537756
2011-05-02,1.5438704313046605,1.788751482901158
2011-05-03,1.5349354856836415,1.784279578225374
2011-05-04,1.5104463293066916,1.7647667004686804
2011-05-05,1.5006629984443554,1.7123234996925514
2011-05-06,1.5182855475985864,1.6948428449660773
2011-05-09,1.4956492406651205,1.6903709402902936
2011-05-10,1.5172442867317213,1.7196410607131942
2011-05-11,1.5192407247205022,1.684272416304573
2011-05-12,1.5062420296900318,1.68793125864473
2011-05-13,1.4964456357236462,1.655408765219651
2011-05-16,1.4945820313963156,1.6541888625670336
2011-05-17,1.47455010407076,1.6566269366368769
2011-05-18,1.4848551167889972,1.66841739161067
2011-05-19,1.4971846806160878,1.6810200433023943
2011-05-20,1.4828466613928541,1.6423992732109356
2011-05-23,1.4602496653763648,1.6049985294317657
2011-05-24,1.4606794622486883,1.6086566298138982
2011-05-25,1.467504679753919,1.621259405165293
2011-05-26,1.462924333605497,1.627764522148663
2011-05-27,1.476996457188027,1.644025892520873
2011-05-30,1.4726722576224298,1.644025892520873
2011-05-31,1.5015706825590456,1.6936230659731313
2011-06-01,1.488321402803302,1.6395536168660771
2011-06-02,1.4647478569970487,1.6558152345576291
2011-06-03,1.4691857682766911,1.6688243555873314
2011-06-06,1.4534377410860093,1.6338621805166884
2011-06-07,1.4575983117463782,1.6574402462918452
2011-06-08,1.445390478463883,1.6326427725027535
2011-06-09,1.4581645607922726,1.6562215802359361
2011-06-10,1.4377788343197515,1.602152131128882
2011-06-13,1.440207232694306,1.607031123440998
2011-06-14,1.4660278786611722,1.6472782655230518
2011-06-15,1.4450264638817703,1.5741021606779408
2011-06-16,1.4447019058608699,1.5753214450322042
2011-06-17,1.4622425085714512,1.6229089015143314
2011-06-20,1.4511811105687293,1.6120369905753729
2011-06-21,1.4778100905732365,1.6584531426555138
2011-06-22,1.475752756067507,1.6367082078405595
2011-06-23,1.4380387100498866,1.609109224209091
2011-06-24,1.4322626619721595,1.5727287963738388
2011-06-27,1.4373553852921943,1.5990732526448606
2011-06-28,1.449603217182985,1.6258356786032464
2011-06-29,1.4746948495467243,1.6617983840704764
2011-06-30,1.4992219778109652,1.6977603475796814
2011-07-01,1.5117554334964118,1.7220147080945412
2011-07-04,1.5083195888797045,1.7220147080945412
2011-07-05,1.499100896525376,1.6881428403414984
2011-07-06,1.4948268465956942,1.667234710518968
2011-07-07,1.5065021812908013,1.6810337695258546
2011-07-08,1.4860956061930601,1.6337814307516436
2011-07-11,1.4472953621121045,1.5526571005647192
2011-07-12,1.4336195050713185,1.5367657199275957
2011-07-13,1.4455120731079603,1.5677109342513937
2011-07-14,1.4336579433644836,1.5534927926201054
2011-07-15,1.4268359464142262,1.5530748229327416
2011-07-18,1.4050750341626912,1.522966289941697
2011-07-19,1.4168722606873152,1.5505656445521778
2011-07-20,1.4296071781880375,1.5806736829045396
2011-07-21,1.4412396157974594,1.6387994165337592
2011-07-22,1.4506991162707372,1.6346172464667013
2011-07-25,1.452635337277156,1.6153822319903357
2011-07-26,1.4475838776631813,1.6283446096644691
2011-07-27,1.4292321665799317,1.5744014170813196
2011-07-28,1.423237259986316,1.5647834152044537
2011-07-29,1.4166269516052181,1.5668738819396284
2011-08-01,1.3833040437355266,1.5229662899416974
2011-08-02,1.360602348899698,1.4715319047600992
2011-08-03,1.3408875694534381,1.4849134887183049
2011-08-04,1.2970894967768738,1.3657358626693048
2011-08-05,1.2775531536676141,1.4221878626540054
2011-08-08,1.2251696919781894,1.3017555855848884
2011-08-09,1.230992296600639,1.3665720493633748
2011-08-10,1.1748257174028405,1.2494851373688913
2011-08-11,1.2096612441696077,1.311373834781096
2011-08-12,1.2524087706392555,1.3565357068201322
2011-08-15,1.2555198795096443,1.3929165056343968
2011-08-16,1.2573900720222608,1.3653175220029283
2011-08-17,1.2637184738525313,1.3749349055814406
2011-08-18,1.2062442416146497,1.298828932155644
2011-08-19,1.1819175189543036,1.265793374756342
2011-08-22,1.1941906361240195,1.2846110378436972
2011-08-23,1.2075272852711634,1.3343730496371555
2011-08-24,1.2249351922094913,1.3414822441124705
2011-08-25,1.207467710621826,1.3034284536117116
2011-08-26,1.1973017667782047,1.3143012301683656
2011-08-29,1.2202107047941069,1.3519363090237357
2011-08-30,1.220978483836628,1.338972818412565
2011-08-31,1.2435636684936957,1.3657358626693052
2011-09-01,1.2503246055390582,1.3398094997453183
2011-09-02,1.2124013297162388,1.2871203398839324
2011-09-05,1.163608451845116,1.2871203398839324
2011-09-06,1.1574200197076936,1.2202131620509293
2011-09-07,1.189723109964872,1.2561758675181596
2011-09-08,1.1952361186668385,1.227321985547232
2011-09-09,1.1597162622004509,1.159997085346206
2011-09-12,1.1311313967021661,1.1382526451699349
2011-09-13,1.1374260105472251,1.1591604040134529
2011-09-14,1.1617827518829444,1.1963775131814582
2011-09-15,1.1904368860792491,1.244466656948093
2011-09-16,1.1915850587771037,1.2319370881218221
2011-09-19,1.1683308852212346,1.1936761676724434
2011-09-20,1.1966909653492173,1.1978805964802484
2011-09-21,1.1759412566173293,1.15541450526504
2011-09-22,1.1275494123785825,1.113789052492051
2011-09-23,1.133930024880784,1.1335504861870882
2011-09-26,1.1560689399238673,1.1772785243429922
2011-09-27,1.2037997246122698,1.2210058205408714
2011-09-28,1.1980788622430958,1.2008234493263703
2011-09-29,1.2069422682718418,1.2395055546145544
2011-09-30,1.196546032765213,1.1890504303661626
2011-10-03,1.186675416194293,1.1453231341682837
2011-10-04,1.1704248385259546,1.1806416964102238
2011-10-05,1.2085159694138776,1.2146986826904806
2011-10-06,1.2339994632574176,1.2567443310249085
2011-10-07,1.2432283503215078,1.247914535889835
2011-10-10,1.2632139059667635,1.3139262940464465
2011-10-11,1.2599662115320376,1.312664965404105
2011-10-12,1.2797746971732955,1.3467220753440328
2011-10-13,1.2756163051870995,1.339994741932203
2011-10-14,1.2921707912586418,1.3563923852616546
2011-10-17,1.2793888954318837,1.3050968698903853
2011-10-18,1.273889251313654,1.3328469656395932
2011-10-19,1.2783355220892727,1.310562751000202
2011-10-20,1.2624895226395063,1.3017328322054582
2011-10-21,1.2901156712934259,1.3429375947783249
2011-10-24,1.3024735659309856,1.3626992757927034
2011-10-25,1.292724878992537,1.3357901894647275
2011-10-26,1.2914062533915225,1.3526082756749593
2011-10-27,1.3420403611619218,1.4682340249990598
2011-10-28,1.3326953372936725,1.4404836819305102
2011-10-31,1.3076236161760642,1.3576540848830085
2011-11-01,1.2581761041594486,1.2781875362430672
2011-11-02,1.273396841255862,1.300471750882458
2011-11-03,1.2943807128520806,1.3509268751308494
2011-11-04,1.2697972923844456,1.3084605365962991
2011-11-07,1.2678235843237837,1.3118240796425436
2011-11-08,1.2808664766008293,1.3404149374936416
2011-11-09,1.259376164116039,1.24328978786092
2011-11-10,1.2629802815254558,1.2735627882141523
2011-11-11,1.2946674584975377,1.3231766557219709
2011-11-14,1.279883230467711,1.2819717694894328
2011-11-15,1.2701215813817195,1.272301459571811
2011-11-16,1.2750202747009722,1.2491757408725048
2011-11-17,1.2662326535786437,1.2369826500105292
2011-11-18,1.2615309902283312,1.250857883374639
2011-11-21,1.223044376386187,1.2151188782519189
2011-11-22,1.213508605579748,1.199142172441931
2011-11-23,1.1909747659510639,1.1541530529630275
2011-11-24,1.185226645321951,1.1541530529630275
2011-11-25,1.1922449069915133,1.1499482531762102
2011-11-28,1.2397932360195811,1.2226869737656385
2011-11-29,1.2438236464099368,1.2298349973775897
2011-11-30,1.289424415664415,1.3046763033499333
2011-12-01,1.2831283812039023,1.2924829651686156
2011-12-02,1.2840053494664043,1.2916422030667252
2011-12-05,1.2883894878630788,1.3122442752039818
2011-12-06,1.282885196700049,1.3168696415312506
2011-12-07,1.278601086001627,1.3164490749907989
2011-12-08,1.2555861074125985,1.2588466690884808
2011-12-09,1.2808543912370467,1.3059377556519456
2011-12-12,1.2517360022641955,1.2445508691839193
2011-12-13,1.2515282301813375,1.2117558298443578
2011-12-14,1.2289851148947086,1.19409611591454
2011-12-15,1.2379929906061873,1.1987213585821381
2011-12-16,1.2192360306604753,1.185502139771716
2011-12-19,1.2183986133631874,1.1816885991833666
2011-12-20,1.2369627540076964,1.2359223919929376
2011-12-21,1.2275522096483522,1.2257532389632364
2011-12-22,1.2412589260667053,1.2384642165265969
2011-12-23,1.2518361025106797,1.2499039726739511
2011-12-27,1.2537571621387569,1.2456667740533796
2011-12-28,1.2394033754517682,1.2155845805722187
2011-12-29,1.2602175444103831,1.2439721419244927
2011-12-30,1.2722559949944152,1.250327507046502
2012-01-02,1.2967696122872037,1.250327507046502
2012-01-03,1.3016954864348977,1.2943917758473595
2012-01-04,1.2824843391565401,1.2693933550931893
2012-01-05,1.2682847789560465,1.2376166531428123
2012-01-06,1.2650687110018235,1.2113471346323055
2012-01-09,1.2648036546385633,1.2198214082137777
2012-01-10,1.2873247289470011,1.2469377481500445
2012-01-11,1.2755022976672392,1.243124454881036
2012-01-12,1.2724139922055082,1.2554112797734922
2012-01-13,1.26371573255339,1.2312614116804732
2012-01-16,1.2764245847309164,1.2312614116804732
2012-01-17,1.288342844081917,1.2638856770146354
2012-01-18,1.2840290793634346,1.2846467754885629
2012-01-19,1.2942137235699591,1.3130347078198492
2012-01-20,1.2853405959439168,1.3117632390845009
2012-01-23,1.2916463553799749,1.3232032425511961
2012-01-24,1.2858890677055177,1.3202376363256438
2012-01-25,1.2802434855291573,1.3354906857420057
2012-01-26,1.3009607872681512,1.340998611139901
2012-01-27,1.2857013152026315,1.344387999057346
2012-01-30,1.2705793508478573,1.3181190988451932
2012-01-31,1.2756560649550783,1.3253220273509883
2012-02-01,1.3036542912790428,1.3541331230758127
2012-02-02,1.307869682130877,1.3600648301656006
2012-02-03,1.3260240510967891,1.3816731210443012
2012-02-06,1.3206639772408242,1.3736228764740632
2012-02-07,1.319243575712124,1.3880283625066399
2012-02-08,1.3215727975702243,1.3977737338444483
2012-02-09,1.325813783387111,1.4024342195182293
2012-02-10,1.2979432886493303,1.3626071493379435
2012-02-13,1.3079679123758157,1.3731993421015123
2012-02-14,1.3042185276873401,1.3592177614204988
2012-02-15,1.3047069947237018,1.352014709255033
2012-02-16,1.3034544635493206,1.3736228764740632
2012-02-17,1.3166104120555084,1.3884525151775449
2012-02-20,1.3335703411156354,1.3884525151775449
2012-02-21,1.3243339758833572,1.3969257994816509
2012-02-22,1.3067558986128156,1.386334348676107
2012-02-23,1.2994696697280341,1.4007400820280256
2012-02-24,1.3131230105186202,1.4151456917202736
2012-02-27,1.3077362190940933,1.4032816592423438
2012-02-28,1.3156598279871319,1.4151456917202738
2012-02-29,1.312987500036745,1.3952314146721059
2012-03-01,1.336370682378346,1.4172638582217114
2012-03-02,1.335919959933935,1.3998921476652282
2012-03-05,1.3256387265645926,1.396502883407454
2012-03-06,1.2746340952994133,1.3299822657054274
2012-03-07,1.2862336286388987,1.351167640509931
2012-03-08,1.3206849200755315,1.3931130008513257
2012-03-09,1.322090861066235,1.3778601987543053
2012-03-12,1.32221047752561,1.3816731210443012
2012-03-13,1.3441435889480464,1.4037054409342362
2012-03-14,1.3598210031663265,1.398197515536341
2012-03-15,1.3741606177571732,1.4176875162539329
2012-03-16,1.3775785053393352,1.4311577641961146
2012-03-19,1.3767572997604554,1.4413561009081286
2012-03-20,1.3496403878821848,1.4230845189271044
2012-03-21,1.3464307573313044,1.409486283225626
2012-03-22,1.3210537163715743,1.3899396463787994
2012-03-23,1.3228782820513925,1.3967384550803617
2012-03-26,1.3352063195229986,1.4184096887315085
2012-03-27,1.3305100767514175,1.398438157255752
2012-03-28,1.3178573560377265,1.3827158193886366
2012-03-30,1.3336519712885533,1.398662843250331
2012-04-02,1.3499317840899485,1.41202432090276
2012-04-03,1.3366304974826912,1.372371376761262
2012-04-04,1.3040303376805504,1.33271692742622
2012-04-05,1.3030629027953113,1.3167696526989354
2012-04-10,1.2711348182266677,1.2728052070850138
2012-04-11,1.2836762803899129,1.2969422398822215
2012-04-12,1.2988270580211518,1.3154761897139289
2012-04-13,1.2700536222180876,1.2697876703287783
2012-04-16,1.2840178476948505,1.2844426109662144
2012-04-17,1.3165506334343045,1.3159071767985373
2012-04-18,1.3046923140623803,1.2934939669069683
2012-04-19,1.2900225133647318,1.2697876703287783
2012-04-20,1.3024312049529414,1.2926318673049562
2012-04-23,1.2646879086667189,1.2594434785669941
2012-04-24,1.2816462707909317,1.2749602679408514
2012-04-25,1.2981119202509848,1.3047006345691505
2012-04-26,1.302073274758091,1.3128901417734828
2012-04-27,1.3156759023942914,1.3193551989082004
2012-04-30,1.301801370629688,1.3047006345691505
2012-05-02,1.3019447325020548,1.2909081698321125
2012-05-03,1.3044850587984107,1.2775460650157069
2012-05-04,1.2793160797276275,1.2568571797609573
2012-05-07,1.2913413152945088,1.2792705150853219
2012-05-08,1.2606616779596205,1.2572886685767468
2012-05-09,1.265466945599756,1.2327198960981591
2012-05-10,1.2672105065210648,1.247805572954613
2012-05-11,1.2792236429916488,1.243495074944552
2012-05-14,1.2542699668068327,1.2098760754203675
2012-05-15,1.2465628865916925,1.1883243379668342
2012-05-16,1.2452000728086896,1.1827218821653098
2012-05-17,1.2318567901646063,1.1672052182242476
2012-05-18,1.2229458601533774,1.1732391628415613
2012-05-21,1.2324342032487023,1.2025486678180473
2012-05-22,1.2552096616146846,1.195652623598721
2012-05-23,1.2240579282018733,1.1797042199762788
2012-05-24,1.2322520902014102,1.169791391597489
2012-05-25,1.2367958745474292,1.1728084266225434
2012-05-28,1.2346682645696636,1.1728084266225434
2012-05-29,1.253335262522336,1.1766871849512242
2012-05-30,1.2255709296184483,1.1357404015263335
2012-05-31,1.2260918005228232,1.1396196615861955
2012-06-01,1.1881191593322715,1.1133271916347642
2012-06-04,1.1811161702525774,1.1357404015263335
2012-06-05,1.1848471266443847,1.134016578620695
2012-06-06,1.2103981857231423,1.1749632366127902
2012-06-07,1.2163150319595155,1.1676355781448795
2012-06-08,1.2118050233021864,1.1732391628415613
2012-06-11,1.2161031048690205,1.1542742259252456
2012-06-12,1.219179177901475,1.1715150890703323
2012-06-13,1.221240632758148,1.1663426168910545
2012-06-14,1.219780600117175,1.1818597825632977
2012-06-15,1.2321885410064326,1.2032107021115757
2012-06-18,1.2299082039300202,1.1827491010818874
2012-06-19,1.2486857041019541,1.2156654260868702
2012-06-20,1.2494954654050827,1.2210029678247465
2012-06-21,1.2437367240779427,1.1898659070209194
2012-06-22,1.2303018296021988,1.2049895900143455
2012-06-25,1.2074555955354402,1.1627329119082654
2012-06-26,1.208572059601857,1.1667360995698717
2012-06-27,1.2266612926345253,1.1809702131791173
2012-06-28,1.2190034276082362,1.179635482804461
2012-06-29,1.2824896878972545,1.255252894309228
2012-07-02,1.2997009413036096,1.2659286049489578
2012-07-03,1.3074009212416813,1.277048849415187
2012-07-04,1.3059979860343476,1.277048849415187
2012-07-05,1.2971661953373503,1.2334574409344512
2012-07-06,1.275854717250458,1.2041001460629606
2012-07-09,1.271194291193664,1.2032107021115757
2012-07-10,1.2868023349062736,1.1920900813469608
2012-07-11,1.2848526734232353,1.2027655411210998
2012-07-12,1.2811691083637162,1.1925352423374367
2012-07-13,1.3031846087706909,1.2089930285415422
2012-07-16,1.3025079651588978,1.2067686033499105
2012-07-17,1.3034032399938065,1.2178888478161396
2012-07-18,1.325617047731042,1.2285646838886648
2012-07-19,1.3348985137240699,1.2365709337790818
2012-07-20,1.307835804658043,1.1894209968960343
2012-07-23,1.2781622268809303,1.1587293479482736
2012-07-24,1.2696692208583935,1.1329303306135041
2012-07-25,1.2730554569215153,1.1480537627413394
2012-07-26,1.3161464180568534,1.2085481184166567
2012-07-27,1.3339178664629423,1.2539184148001628
2012-07-30,1.3446836001500886,1.2508054236867132
2012-07-31,1.331753951427806,1.2463568241690404
2012-08-01,1.3363025877346333,1.2468018597267212
2012-08-02,1.3074152636427288,1.2032107021115757
2012-08-03,1.3536990307008103,1.282386140287473
2012-08-06,1.3565025042809977,1.29884467908835
2012-08-07,1.3733723396993873,1.3237540016061442
2012-08-08,1.3650350116140264,1.3153024652924559
2012-08-09,1.367853576836691,1.3086305694783091
2012-08-10,1.3591136786571512,1.3072958391036527
2012-08-13,1.354204482116562,1.306406520585063
2012-08-14,1.3654515382960581,1.3095201388624893
2012-08-15,1.3642512212398903,1.305961610460178
2012-08-16,1.3707143074853594,1.3317603769293571
2012-08-17,1.3716349682541196,1.3344292105146929
2012-08-20,1.3721318915599428,1.3357636900237582
2012-08-21,1.3798025596673298,1.3508872475843894
2012-08-22,1.3586096497739844,1.349552893508119
2012-08-23,1.3490833608678234,1.331315592237267
2012-08-24,1.3539011480743715,1.331315592237267
2012-08-27,1.3661838115226315,1.3393222184260698
2012-08-28,1.3540464984295986,1.3428808722611767
2012-08-29,1.348959692283832,1.3357636900237584
2012-08-30,1.3357752333417785,1.3148576806003662
2012-08-31,1.3490906529782218,1.3379877389170047
2012-09-03,1.3631619469234157,1.3379877389170047
2012-09-04,1.3493094039575237,1.3428808722611771
2012-09-05,1.356236178593938,1.3442153517702429
2012-09-06,1.38869627338043,1.3958128847086007
2012-09-07,1.384421118227817,1.4247256457535915
2012-09-10,1.3767625265123087,1.406488469915535
2012-09-11,1.3907991961860477,1.437180369728886
2012-09-12,1.391977106366962,1.4456314043113938
2012-09-13,1.3845096742761758,1.4656478443506058
2012-09-14,1.403111780805847,1.4861091945147036
2012-09-17,1.4003647795342402,1.478547603883581
2012-09-18,1.3879593011432807,1.4571969352008936
2012-09-19,1.397043117447114,1.4660933816394677
2012-09-20,1.3938711904448842,1.4514143579053367
2012-09-21,1.4104186359947488,1.460526172453419
2012-09-24,1.3995877899596845,1.4502531010865627
2012-09-25,1.4096069212179088,1.4355136187451032
2012-09-26,1.3711114977754884,1.410948734683169
2012-09-27,1.3733166768229743,1.428367712397564
2012-09-28,1.3462698106844633,1.3859359301092624
2012-10-01,1.368786804306107,1.4015689956843513
2012-10-02,1.3645106367520285,1.413181313006494
2012-10-03,1.3628269420805366,1.4082683612806663
2012-10-04,1.3609708889234295,1.4256877152934473
2012-10-05,1.387383332184088,1.437747075097995
2012-10-08,1.3682827008398921,1.424347340443003
2012-10-09,1.3569022057277051,1.3890624679646026
2012-10-10,1.3461754872595946,1.3854897656564236
2012-10-11,1.3680229060422153,1.401568995684351
2012-10-12,1.3600281696975276,1.4042487419228769
2012-10-15,1.369222226458915,1.4198814311995802
2012-10-16,1.408014501498699,1.4618659201398863
2012-10-17,1.4303637923892432,1.481965020391193
2012-10-18,1.4314968023400192,1.4752650276309016
2012-10-19,1.409477074852032,1.4444464406943096
2012-10-22,1.4135506248003307,1.4542728458771468
2012-10-23,1.38364638206022,1.4154147693593864
2012-10-24,1.3869832474458201,1.4109487346831686
2012-10-25,1.3802817299178836,1.4127348976880654
2012-10-26,1.3841799400353079,1.4185415580803178
2012-10-29,1.3710925376851455,1.4185415580803178
2012-10-30,1.39178580110545,1.4185415580803178
2012-10-31,1.3856630360528903,1.4256877152934473
2012-11-01,1.405319889323423,1.4426602776894135
2012-11-02,1.4116311643798973,1.4256877152934473
2012-11-05,1.392272709391046,1.4158616864089963
2012-11-06,1.4007588536350546,1.4310474586360895
2012-11-07,1.367214597628673,1.397548874595381
2012-11-08,1.368101077248908,1.381470146298635
2012-11-09,1.3635143798493785,1.3810233546818202
2012-11-12,1.3605442259228502,1.3850430994724046
2012-11-13,1.382391068874791,1.379683356129762
2012-11-14,1.376079468837286,1.3689638694444772
2012-11-15,1.3738191469467746,1.3752165688567728
2012-11-16,1.3480381246196722,1.3640509177186495
2012-11-19,1.3873662478624793,1.4046952826741015
2012-11-20,1.397771822480161,1.4113952754343928
2012-11-21,1.4076757195698733,1.4172016849610545
2012-11-22,1.417412114995697,1.4172016849610545
2012-11-23,1.426759489708465,1.4560591343148384
2012-11-26,1.4187786970729988,1.4547196374939615
2012-11-27,1.4210390576248475,1.4395336144012774
2012-11-28,1.4210476320162502,1.4556124681308187
2012-11-29,1.4451050250772235,1.4703519504722784
2012-11-30,1.4394701441332933,1.4748186123124725
2012-12-03,1.4414756315018304,1.4792850232870762
2012-12-04,1.4505647272542117,1.4900043845395659
2012-12-05,1.4545482028862242,1.4935774631461307
2012-12-06,1.4628372369236613,1.4908977169076048
2012-12-07,1.4600941337760567,1.4806246455407488
2012-12-10,1.4458695600509903,1.4788382316702615
2012-12-11,1.4632552486967805,1.5002769541752408
2012-12-12,1.4675179599991937,1.508316820054795
2012-12-13,1.4652051973189544,1.504743239717049
2012-12-14,1.4706165842245078,1.5185893896904703
2012-12-17,1.4743926643333072,1.5252891315851707
2012-12-18,1.4865573667285605,1.542262070279523
2012-12-19,1.4933835445646706,1.541368361613098
2012-12-20,1.4953440709731904,1.5538747639000514
2012-12-21,1.4836505453669142,1.5431442391287813
2012-12-24,1.4840918100393807,1.5328172316599515
2012-12-27,1.4884488805302607,1.551674421805115
2012-12-28,1.4651244465202835,1.5206951554577597
2012-12-31,1.4680595162866947,1.556164539578028
2013-01-02,1.5092613648291275,1.5723276841460025
2013-01-03,1.5069400047333472,1.5480826537120522
2013-01-04,1.5115005372307728,1.5615515018372477
2013-01-07,1.5161507967719354,1.5552660644653822
2013-01-08,1.5127650240962116,1.5507768247220362
2013-01-09,1.523773975721059,1.5534699922696575
2013-01-10,1.5398526070921499,1.5848989351881198
2013-01-11,1.5491936809205462,1.5979191102045713
2013-01-14,1.5468032393696878,1.6015112545960195
2013-01-15,1.540244367294154,1.5893885512298513
2013-01-16,1.5346609726779044,1.578613121517868
2013-01-17,1.5497563615011412,1.5988172090188304
2013-01-18,1.5423021258106295,1.5952255663585633
2013-01-21,1.5556338335715159,1.5952255663585633
2013-01-22,1.553196517267651,1.599266383858756
2013-01-23,1.5404646616009434,1.5911846234255753
2013-01-24,1.5550201562202377,1.6024094788430743
2013-01-25,1.5611257507439011,1.632041973267426
2013-01-28,1.5686942388656375,1.6306945741804455
2013-01-29,1.566775538401607,1.6320419732674258
2013-01-30,1.551089878069325,1.6311436235875751
2013-01-31,1.5392065563150004,1.6136332053654157
2013-02-01,1.5347975033082277,1.6342864677063034
2013-02-04,1.4773144107221905,1.5615515018372472
2013-02-05,1.4935546954782868,1.5826538135852646
2013-02-06,1.4763875688602859,1.5642460491456172
2013-02-07,1.4676411036212684,1.5391029198974067
2013-02-08,1.489702424142017,1.5516744218051142
2013-02-11,1.4808977874266465,1.547633729737717
2013-02-12,1.4977967453203607,1.5687350380233727
2013-02-13,1.493105654792721,1.5754705282647306
2013-02-14,1.4762297866648144,1.5548175167894331
2013-02-15,1.4601425458753323,1.5395518438717413
2013-02-18,1.4586470179308733,1.5395518438717413
2013-02-19,1.4824973510740882,1.5727763572547464
2013-02-20,1.4652605285297209,1.537307098567273
2013-02-21,1.430465235189654,1.5013884141742844
2013-02-22,1.451812037991389,1.5391029198974069
2013-02-25,1.464043531230311,1.4789392050704675
2013-02-26,1.4132894316724958,1.4870209655036482
2013-02-27,1.4391671764316658,1.519797056643499
2013-02-28,1.449090717631238,1.5121642201846535
2013-03-01,1.4349482281218031,1.5027355623956742
2013-03-04,1.4354258052568032,1.5144093417875077
2013-03-05,1.4704409924381943,1.5359598249130884
2013-03-06,1.4713500032716424,1.5422456385833399
2013-03-07,1.4808156231325609,1.5570617603627204
2013-03-08,1.4968946521464752,1.5615515018372474
2013-03-11,1.488554235980894,1.5628983991930465
2013-03-12,1.4853016841485789,1.5557149884397166
2013-03-13,1.4781179173521712,1.5476337297377174
2013-03-14,1.493191170405903,1.5691840874305027
2013-03-15,1.4822338420092787,1.5673853811460774
2013-03-18,1.472746248714684,1.534093886650389
2013-03-19,1.455006695829068,1.521047245314132
2013-03-20,1.4706980004312333,1.5457904948109649
2013-03-21,1.4543500465899664,1.523746809934313
2013-03-22,1.4519634334247258,1.5426415044852675
2013-03-25,1.4331485312643952,1.5003524647180038
2013-03-26,1.4357941063287551,1.4994532370085865
2013-03-27,1.4206880475371622,1.4747097366461628
2013-03-28,1.426613734799571,1.4864068465379199
2013-04-03,1.4063468235522485,1.4757335940269911
2013-04-04,1.3911003315093888,1.483738719420165
2013-04-05,1.3656970786427283,1.4712857234441865
2013-04-08,1.3711519746861422,1.477511973418872
2013-04-09,1.3674913808867124,1.4841837792930788
2013-04-10,1.3996002684970137,1.515762693179108
2013-04-11,1.4103131072245965,1.5268813775829058
2013-04-12,1.3908755290143924,1.5184306962902108
2013-04-15,1.385598915191082,1.481514536115459
2013-04-16,1.3813590760034598,1.5104249508637784
2013-04-17,1.3545966608708628,1.4583874195819897
2013-04-18,1.354884948916467,1.457052735989854
2013-04-19,1.3674121870575715,1.4690615401394802
2013-04-22,1.3700137163158257,1.481514536115459
2013-04-23,1.415002790535237,1.5166515728584196
2013-04-24,1.4292201526252286,1.5388896857059253
2013-04-25,1.429877450573014,1.5331078755708951
2013-04-26,1.418661520789566,1.5375551261204412
2013-04-29,1.4395047652210138,1.571357479271266
2013-04-30,1.43315786959026,1.5695787278594295
2013-05-02,1.4394371855241204,1.5686892281468596
2013-05-03,1.458031135257782,1.596264587283088
2013-05-06,1.452370315678604,1.5895936494554435
2013-05-07,1.4682692931722507,1.5989334584407529
2013-05-08,1.4842541315210944,1.6216163831478696
2013-05-09,1.4827434681796332,1.5998230821599744
2013-05-10,1.4869839825399664,1.6064940199876192
2013-05-13,1.482363205541437,1.5984880265478838
2013-05-14,1.4943476078084301,1.6051598324220901
2013-05-15,1.5005237716109199,1.6064940199876192
2013-05-16,1.5063072457146012,1.5962645872830878
2013-05-17,1.5055815447145402,1.614944453267011
2013-05-20,1.5161761149728212,1.618058756317545
2013-05-21,1.513424278423295,1.6189476359968566
2013-05-22,1.5256491560044076,1.6047152685757833
2013-05-23,1.4884602429691884,1.6042700846962175
2013-05-24,1.4833278316443304,1.6011570217122004
2013-05-27,1.4988320896437015,1.6011570217122004
2013-05-28,1.5242320018422655,1.6180587563175455
2013-05-29,1.4976898624801382,1.6113868264366866
2013-05-30,1.508723196781321,1.6269541254631992
2013-05-31,1.4971184735668288,1.5918177087534973
2013-06-03,1.4791624634093088,1.6073836437068414
2013-06-04,1.4836764603153816,1.5958197754234775
2013-06-05,1.458171695949771,1.5722466069638807
2013-06-06,1.4391962997609686,1.5829214715612814
2013-06-07,1.4671344108055757,1.5998230821599746
2013-06-10,1.4646801514377985,1.5993774022538019
2013-06-11,1.4421930301794077,1.57936334870435
2013-06-12,1.4350634068051547,1.5735820345959264
2013-06-13,1.4338746315798763,1.594041024011641
2013-06-14,1.4358798936675625,1.5766949735732916
2013-06-17,1.4573582081985323,1.6016020815851142
2013-06-18,1.455629190286962,1.6104970787108135
2013-06-19,1.447816886227719,1.571357479271266
2013-06-20,1.3962186497569213,1.512203578268963
2013-06-21,1.3776695038259164,1.5025481723551035
2013-06-24,1.3568308913767813,1.477497836660579
2013-06-25,1.377928855037492,1.4916172340219636
2013-06-26,1.4058261347734744,1.5130233862432836
2013-06-27,1.4228967294147334,1.5216768184114908
2013-06-28,1.416656775668682,1.508924346371682
2013-07-01,1.4271140268222722,1.523498972151419
2013-07-02,1.4169112185415835,1.4979940280718007
2013-07-03,1.4012393946659634,1.493894988200199
2013-07-04,1.4439474747302268,1.493894988200199
2013-07-05,1.4176269979724099,1.4993599613401623
2013-07-08,1.4432244803418803,1.5234989721514187
2013-07-09,1.447989839941777,1.5221322948431468
2013-07-10,1.4475081614067826,1.5312420714895725
2013-07-11,1.4596228156778632,1.5731441671088104
2013-07-12,1.4605225490245328,1.5617573803240596
2013-07-15,1.4670509497579975,1.5685885347456878
2013-07-16,1.4600030755877142,1.5690450032305574
2013-07-17,1.466808412096758,1.5713216413489277
2013-07-18,1.481000107986043,1.591361984308538
2013-07-19,1.4831173429566735,1.5963722250567551
2013-07-22,1.4864781970991279,1.6045706768199135
2013-07-23,1.482718421105712,1.6104907543715776
2013-07-24,1.495030209299125,1.6232444664779035
2013-07-25,1.4946331466340153,1.6350864816810073
2013-07-26,1.491409902832906,1.638273948656038
2013-07-29,1.492058948176846,1.63007624093279
2013-07-30,1.4995037011226877,1.632808975516075
2013-07-31,1.502119274003966,1.6428282169459925
2013-08-01,1.5200835274841284,1.6660568949271957
2013-08-02,1.5242559858122418,1.6724329449371225
2013-08-05,1.5262649623005176,1.6656016665088424
2013-08-06,1.5147938677897133,1.658313919595693
2013-08-07,1.5194218512856277,1.6660568949271954
2013-08-08,1.536952021724632,1.6897405533134473
2013-08-09,1.5415692622488284,1.6883738760051759
2013-08-12,1.5399112482892534,1.6824530544136014
2013-08-13,1.541262502997831,1.6901956577251485
2013-08-14,1.5498159818703372,1.691107230621719
2013-08-15,1.5417365929793343,1.6901956577251482
2013-08-16,1.5487970148049692,1.6983936134616997
2013-08-19,1.526750399072448,1.6765323568286783
2013-08-20,1.5039512304243368,1.673344269820389
2013-08-21,1.4980807998678953,1.6560371574706705
2013-08-22,1.5248585729107373,1.6819975779819452
2013-08-23,1.5283473990245278,1.6929285163150847
2013-08-26,1.5172070728097387,1.6810869971385878
2013-08-27,1.4705468162474244,1.635541462086056
2013-08-28,1.4706285477281187,1.6318976506328071
2013-08-29,1.4828862672473504,1.625521228602925
2013-08-30,1.463391389705673,1.6063924585398854
2013-09-02,1.4930632356895486,1.6063924585398854
2013-09-03,1.4816676925176142,1.6218777891696312
2013-09-04,1.4852612117900406,1.630531221337839
2013-09-05,1.4941326518103812,1.6268875338912416
2013-09-06,1.505107137112758,1.6455616955691867
2013-09-09,1.5111180739036845,1.6646903416255747
2013-09-10,1.539805162774566,1.6906511341568042
2013-09-11,1.5467743974741595,1.7070479136764691
2013-09-12,1.5525034867125993,1.6979387570633018
2013-09-13,1.5529288372602374,1.7075032661014733
2013-09-16,1.564778678411715,1.7216221674362508
2013-09-17,1.5599882030907841,1.7293651427677532
2013-09-18,1.5699456821973574,1.7821986727467374
2013-09-19,1.5789998560715424,1.773999972970276
2013-09-20,1.5737527525656667,1.7618098710958792
2013-09-23,1.562751436329581,1.7563316292441855
2013-09-24,1.5753230691737488,1.760440217627967
2013-09-25,1.5777097609421178,1.7672888569874836
2013-09-26,1.5751445651374336,1.766375547997789
2013-09-27,1.5720233384808981,1.7668321404893106
2013-09-30,1.5567661602863212,1.7535917022751024
2013-10-01,1.5906651716806186,1.775050433316739
2013-10-02,1.588606713422276,1.7791582776606107
2013-10-03,1.581219528839485,1.766375547997789
2013-10-04,1.6032422374831692,1.7768764312628689
2013-10-07,1.6057003863227879,1.7704843843948745
2013-10-08,1.5940822921491689,1.7567879737224037
2013-10-09,1.5978643672273496,1.7622659675607941
2013-10-10,1.6403046038417453,1.8056386580624197
2013-10-11,1.6370006593104733,1.8074647800152017
2013-10-14,1.6404639399290115,1.8152258603178506
2013-10-15,1.6599967208631456,1.809290405941377
2013-10-16,1.67541628513643,1.8270961490375395
2013-10-17,1.6722278239764776,1.848553640012659
2013-10-18,1.6789742033539352,1.8590545232777391
2013-10-21,1.6729521393462046,1.8563149683286113
2013-10-22,1.6796803277293695,1.877772707317034
2013-10-23,1.6563837300432327,1.8631636076881275
2013-10-24,1.6736721497628602,1.878229051795252
2013-10-25,1.6653670038911088,1.876860018360598
2013-10-28,1.646884540025865,1.8649896056342574
2013-10-29,1.6678055260406581,1.8773158668122094
2013-10-30,1.656522803588025,1.8659022945906936
2013-10-31,1.6736008290357507,1.8640765446578669
2013-11-01,1.6684446433327287,1.8512933189684386
2013-11-04,1.675221726129409,1.8576846217965237
2013-11-05,1.6552360779570376,1.8316617019327979
2013-11-06,1.6672890281311799,1.8531188208879623
2013-11-07,1.6522491210914274,1.8147695158396329
2013-11-08,1.6453902571175318,1.8202482537179336
2013-11-11,1.6561898465563007,1.836683847319577
2013-11-12,1.6447670609027907,1.8266399285659733
2013-11-13,1.6313024881244407,1.8348577253667953
2013-11-14,1.649995342932146,1.8412489041882283
2013-11-15,1.646447642867625,1.8476410750628751
2013-11-18,1.6584673886733399,1.8576846217965237
2013-11-19,1.6368682456843577,1.8467275180598774
2013-11-20,1.6311095125299857,1.8257262475563243
2013-11-21,1.6327863938511817,1.8444444315956194
2013-11-22,1.642074542931497,1.8608807692371734
2013-11-25,1.650245681936259,1.858597558766263
2013-11-26,1.6499001117729049,1.8686419735464734
2013-11-27,1.663987713673981,1.8764025578225154
2013-11-28,1.6723494642746248,1.8764025578225154
2013-11-29,1.6682466010938024,1.8795989532764683
2013-12-02,1.6600548501321635,1.8654460741191277
2013-12-03,1.6195479244577533,1.8403359672184896
2013-12-04,1.6115657208673262,1.8243562220684568
2013-12-05,1.5861867554086126,1.808834681496418
2013-12-06,1.6007127895868645,1.8394232782620532
2013-12-09,1.6083148579244888,1.8426188056694441
2013-12-10,1.5946306787036917,1.8298357039866677
2013-12-11,1.5877569461407897,1.8161383012609835
2013-12-12,1.576542308494484,1.8028998471532023
2013-12-13,1.5735039944198328,1.8056386580624202
2013-12-16,1.6087769722040959,1.836683847319577
2013-12-17,1.5897812839512833,1.8188781042234143
2013-12-18,1.6120868847945802,1.8531188208879619
2013-12-19,1.6420042574633318,1.860423804725696
2013-12-20,1.6494723701154381,1.873174664679033
2013-12-23,1.6616111361911206,1.8928975506103178
2013-12-24,1.6626373612542154,1.8979420171944013
2013-12-27,1.6786939322218066,1.9208755593445828
2013-12-30,1.67187148188545,1.9309657325792668
2013-12-31,1.6748133773756124,1.9355521185920088
2014-01-02,1.6524871757156816,1.8786785759076268
2014-01-03,1.6604228801849952,1.8727160880810847
2014-01-06,1.6629073689409233,1.8773029701204333
2014-01-07,1.6960645923191309,1.9016116220312012
2014-01-08,1.7055589685113453,1.8970251120118076
2014-01-09,1.6970602134930919,1.8942732804041624
2014-01-10,1.7054424217887292,1.913995794315492
2014-01-13,1.716358465531319,1.896566659420511
2014-01-14,1.719243435386433,1.9213335159092728
2014-01-15,1.7506902967174485,1.9438086054681578
2014-01-16,1.7305984308223592,1.9350939140140153
2014-01-17,1.7335307821910435,1.9135375897374989
2014-01-20,1.731299538016578,1.9135375897374989
2014-01-21,1.7280998254634083,1.9286734696227834
2014-01-22,1.7278261606692176,1.9227099897430278
2014-01-23,1.7142075337587641,1.9204172307599379
2014-01-24,1.6665922254907257,1.850241122528852
2014-01-27,1.659546012289157,1.8479489835790202
2014-01-28,1.6798453889340246,1.873174664679033
2014-01-29,1.6694059071635632,1.8401511973074711
2014-01-30,1.6790351073283851,1.8507006911800137
2014-01-31,1.6708460472425437,1.8236392156083867
2014-02-03,1.6329711625016385,1.786028866197476
2014-02-04,1.6366350720497072,1.8020823953052643
2014-02-05,1.6403581212112661,1.805292927517509
2014-02-06,1.6764424873138324,1.8456548605227616
2014-02-07,1.6922731685961878,1.874092189894885
2014-02-10,1.6810334786559615,1.8626252948131425
2014-02-11,1.7061257953457836,1.892438725999066
2014-02-12,1.7199502124554518,1.8919797773811629
2014-02-13,1.722012520513859,1.9103269335186024
2014-02-14,1.7348941813820067,1.9190413769594414
2014-02-17,1.7349669400745285,1.9190413769594414
2014-02-18,1.7381131635771951,1.92592101798188
2014-02-19,1.7370618740234014,1.9126203125349508
2014-02-20,1.735650801818563,1.92179345658039
2014-02-21,1.7389159439532151,1.9268375511445184
2014-02-24,1.7594887027145067,1.9410566498538613
2014-02-25,1.7575130505901648,1.9433494088369514
2014-02-26,1.7441176819504747,1.932800286984364
2014-02-27,1.7387223828231644,1.9364698918211642
2014-02-28,1.7459987923389337,1.9428918242922169
2014-03-03,1.6888015629168582,1.8860170415413182
2014-03-04,1.7389064193371946,1.9318836298150746
2014-03-05,1.74700979378631,1.9350939140140162
2014-03-06,1.7479051501321263,1.9552757485632042
2014-03-07,1.718875071084752,1.93968042403341
2014-03-10,1.7249925954881453,1.9328002869843641
2014-03-11,1.7277018605878878,1.9208755593445836
2014-03-12,1.7184307220949497,1.9181232317103318
2014-03-13,1.692100745405052,1.8676710014637439
2014-03-14,1.6780503814947134,1.875008971070828
2014-03-17,1.7060064127871866,1.9066569566618479
2014-03-18,1.7195404531612135,1.9250037407793328
2014-03-19,1.7183223936907617,1.8984007177990028
2014-03-20,1.7305948986962634,1.910326933518604
2014-03-21,1.722115429196651,1.9046718581816007
2014-03-24,1.6952429957630815,1.9046718581816007
2014-03-25,1.7153043101761378,1.9317958331056795
2014-03-26,1.7311699737756074,1.9322555257634926
2014-03-27,1.7345894384891365,1.9359338110659112
2014-03-28,1.7569244561027149,1.9580006707274333
2014-04-01,1.7750146689288875,1.9777368786704659
2014-04-02,1.772383282489056,1.9736063093310563
2014-04-03,1.7857296305391341,1.9758998870669964
2014-04-04,1.7986246270458817,1.9717704319562177
2014-04-07,1.7717609819288942,1.9625901784597577
2014-04-08,1.7544572955921245,1.964425932031415
2014-04-09,1.7585650557560588,1.9896701435085062
2014-04-10,1.7414289742966662,1.9456083436932985
2014-04-11,1.7234363056370332,1.9364288330159252
2014-04-14,1.7217091922330983,1.9469856540847663
2014-04-15,1.6957041676798434,1.9350523892467262
2014-04-16,1.7296519020329806,1.9602958579047303
2014-04-17,1.7431417914675762,1.9694752447789219
2014-04-22,1.7665016477772921,1.9905878964911536
2014-04-23,1.748455216990166,1.9827861914179734
2014-04-24,1.7522824508205135,1.9814097476487746
2014-04-25,1.7248883722371817,1.9639681078671318
2014-04-28,1.732814646343699,1.976359815885361
2014-04-29,1.759226144163665,1.9924241452755358
2014-04-30,1.7576653001188862,2.0048165961128523
2014-05-01,1.7576230074259855,2.0089477844681682
2014-05-02,1.7499816941545507,1.9942605178630988
2014-05-05,1.7507032445711896,1.9965552098276702
2014-05-06,1.7404291367494467,1.9850796453507318
2014-05-07,1.7379213331966528,2.0006856553638985
2014-05-08,1.767812991163337,2.0052752868994035
2014-05-09,1.758295741228984,1.991964835473077
2014-05-12,1.770970890459762,2.0121601056122054
2014-05-13,1.7704263181311954,2.004357410113575
2014-05-14,1.7716351942838762,2.00252190414828
2014-05-15,1.7371230349573674,1.9791134462428457
2014-05-16,1.7493107166140802,1.9864567081358364
2014-05-19,1.7517173529999148,1.9869168845605636
2014-05-20,1.752029286418697,1.974983000706617
2014-05-21,1.7625403021082213,1.9938010842574592
2014-05-22,1.7606749247908176,1.9882927093138563
2014-05-23,1.7703906970192487,1.9983913348088704
2014-05-26,1.795210694538448,1.9983913348088704
2014-05-27,1.7940593830329097,2.0231759888771412
2014-05-28,1.795348332301507,2.0172090469501684
2014-05-29,1.7943049368295088,2.023635174876418
2014-05-30,1.7973466140033088,2.0314372513591423
2014-06-02,1.8037509432975558,2.0286836210016563
2014-06-03,1.8018297078113554,2.020421615700568
2014-06-04,1.7965190121049956,2.0199625535044725
2014-06-05,1.8227603095054432,2.0493380771400616
2014-06-06,1.8442393221888973,2.0676957366598137
2014-06-09,1.8502681916655515,2.0631064765338527
2014-06-10,1.851010612463781,2.059434226571451
2014-06-11,1.8319046948065263,2.0401579474467826
2014-06-12,1.8306315288619663,2.0364863165002873
2014-06-13,1.8340580860922986,2.0332728811276186
2014-06-16,1.8222346100486817,2.031896684964782
2014-06-17,1.826853877048451,2.0341918721420784
2014-06-18,1.8344660646588045,2.0585170926047103
2014-06-19,1.8551339097286361,2.0704514716713813
2014-06-20,1.845730163889022,2.060096821197531
2014-06-23,1.8372476381330998,2.0530685145976544
2014-06-24,1.8393117352952733,2.040418553143326
2014-06-25,1.8205193795786145,2.03807508272534
2014-06-26,1.814361717452471,2.0263619399435724
2014-06-27,1.8104697341001048,2.029173633993067
2014-06-30,1.8095838459178317,2.027299872844764
2014-07-01,1.8253321664973248,2.0436971089893348
2014-07-02,1.8227874479915456,2.0390120252010817
2014-07-03,1.8391125824981354,2.052599671950239
2014-07-04,1.8280433645285274,2.052599671950239
2014-07-07,1.804619527409925,2.021677598974406
2014-07-08,1.780987999605953,1.992629287146876
2014-07-09,1.7915013007950247,2.0085589186758446
2014-07-10,1.7646638949818092,1.9766994080115448
2014-07-11,1.7698351655584448,1.9752936228883882
2014-07-14,1.7822244370571163,1.9874748654984828
2014-07-15,1.769746513356731,1.971544243544064
2014-07-16,1.8007759899872555,1.9884120555805873
2014-07-17,1.7730488252333558,1.9476497343490204
2014-07-18,1.77720667830413,1.970608415296954
2014-07-21,1.7653317148278906,1.9542098173173892
2014-07-22,1.798135774655194,1.967797711672909
2014-07-23,1.7957857027813073,1.9720145718296542
2014-07-24,1.816154821088985,1.9884120555805878
2014-07-25,1.794943640646225,1.9640488275413108
2014-07-28,1.793330202136786,1.960769033663489
2014-07-29,1.8038706972084957,1.9579583300394447
2014-07-30,1.7849054243935745,1.9551466359899503
2014-07-31,1.7571678939304576,1.909700097592399
2014-08-01,1.7307990124298334,1.8914272432518069
2014-08-04,1.7329837857206043,1.9012660058693656
2014-08-05,1.729372745154692,1.867064139015711
2014-08-06,1.7157603149068998,1.867064139015711
2014-08-07,1.6919339722056075,1.8394211170986123
2014-08-08,1.6877923138250366,1.8665951725651149
2014-08-11,1.705919770024282,1.8651907492769522
2014-08-12,1.6959560619244283,1.8558199626845393
2014-08-13,1.7074992164495404,1.8708124041314036
2014-08-14,1.710988567671181,1.881120009396377
2014-08-15,1.7015245755725015,1.8722179416481979
2014-08-18,1.7208879731684277,1.886273935832045
2014-08-19,1.7271124078877165,1.8909600100457484
2014-08-20,1.7234464828544853,1.8783095533786953
2014-08-21,1.7399379409560043,1.9012660058693653
2014-08-22,1.7251249055705626,1.8839317034458714
2014-08-25,1.757654874064733,1.9115734873311574
2014-08-26,1.7692008712784382,1.9265672906130153
2014-08-27,1.768544372037613,1.9303151843191637
2014-08-28,1.7542745025079274,1.9153223714627559
2014-08-29,1.7584019031034523,1.9143858003965577
2014-09-01,1.7625139279800035,1.9143858003965577
2014-09-02,1.763427404774141,1.9148537764217035
2014-09-03,1.773952613315299,1.9368742768620821
2014-09-04,1.8020863090351311,1.9429661361989419
2014-09-05,1.7985841473174835,1.9532725034321028
2014-09-08,1.7951051741085324,1.9289101420150945
2014-09-09,1.7824875919921421,1.92422493442366
2014-09-10,1.7823555832723272,1.9284414231708613
2014-09-11,1.7819036961516916,1.9214126213582592
2014-09-12,1.7795680586394145,1.918601670127852
2014-09-15,1.7805577462307602,1.9204762978984238
2014-09-16,1.7749051946901842,1.9256304719404544
2014-09-17,1.7816120036418004,1.9176647276521108
2014-09-18,1.8042820156683053,1.9340636970412193
2014-09-19,1.8137152493226338,1.9248619017912203
2014-09-22,1.807838997046382,1.919227742815462
2014-09-23,1.7858563175308215,1.8905892195178875
2014-09-24,1.80594701337936,1.9084302483622602
2014-09-25,1.786460767671615,1.8713414151249077
2014-09-26,1.788161808912434,1.8840172514441182
2014-09-29,1.772075394435003,1.861012887122302
2014-09-30,1.794997275401049,1.8638297809054094
2014-10-01,1.7778775255579502,1.8441109054077527
2014-10-02,1.7342236829553508,1.8168820051319536
2014-10-03,1.750540583338563,1.8103083038136474
2014-10-06,1.7571210637244528,1.817351219188912
2014-10-07,1.7257701922011863,1.7755680169247126
2014-10-08,1.7125660665983846,1.8112479699593766
2014-10-09,1.7092339260729006,1.754441127846636
2014-10-10,1.68545185842493,1.7272114847517492
2014-10-13,1.684161591628462,1.7304972211822713
2014-10-14,1.6823167322942052,1.7375400127543554
2014-10-15,1.6228508997075561,1.7131271396393948
2014-10-16,1.6124564140679132,1.6873053863217466
2014-10-17,1.6545211976802023,1.7258028521554245
2014-10-20,1.6380398340317048,1.7314370111311825
2014-10-21,1.6695883043582007,1.7577276070962455
2014-10-22,1.6801564309285744,1.7314370111311825
2014-10-23,1.700280753530248,1.764300194185921
2014-10-24,1.6955766423003638,1.77275062792888
2014-10-27,1.6817291580272355,1.755849884246143
2014-10-28,1.7016829209191018,1.7858962973209553
2014-10-29,1.6923252585267698,1.755849884246143
2014-10-30,1.698604124870706,1.7647694082428795
2014-10-31,1.738156740486,1.796693791774157
2014-11-03,1.7177503616058782,1.7750980600486663
2014-11-04,1.6944077351643834,1.761013962542674
2014-11-05,1.7261592654416742,1.7713421191357352
2014-11-06,1.7296205511714442,1.7699338579489536
2014-11-07,1.709072402156978,1.7572580216297433
2014-11-10,1.728885865257353,1.7685249777462657
2014-11-11,1.7413068393645539,1.7802625097547407
2014-11-12,1.718698993887699,1.749746016000701
2014-11-13,1.7296745673337361,1.7581969449563852
2014-11-14,1.724406286614552,1.7610139625426737
2014-11-17,1.7356633789508824,1.7699338579489536
2014-11-18,1.7515551896078416,1.804205797403199
2014-11-19,1.753878645510486,1.8046746400506137
2014-11-20,1.7505583988129407,1.7910607470270299
2014-11-21,1.7914935961610052,1.8196980322927918
2014-11-24,1.7966645442413618,1.843641815153975
2014-11-25,1.797092494446387,1.8558485612194087
2014-11-26,1.7941137689595241,1.8638297809054092
2014-11-27,1.8128818572575034,1.8638297809054092
2014-11-28,1.8255069910955615,1.8600730971733912
2014-12-01,1.818166423210232,1.857256698603009
2014-12-02,1.8189533243510412,1.8520922488969347
2014-12-03,1.8230315549368663,1.845519909413622
2014-12-04,1.8059464396958986,1.8314353166949044
2014-12-05,1.8504779402741938,1.853970466959762
2014-12-08,1.842436026574253,1.8351910100014721
2014-12-09,1.7950248029542388,1.8192289420390146
2014-12-10,1.7926063667402832,1.7962248253235609
2014-12-11,1.7974572497033092,1.7924692558201738
2014-12-12,1.7535564460891726,1.7469292460207746
2014-12-15,1.710309611557259,1.7117183832398877
2014-12-16,1.7418324620220158,1.7290894552082146
2014-12-17,1.7378678321418812,1.7558498842461425
2014-12-18,1.7970175514952258,1.7952859019969185
2014-12-19,1.7919676393957276,1.7756505936466094
2014-12-22,1.8027992696728292,1.787005821431367
2014-12-23,1.8223424847381549,1.7922102595649874
2014-12-24,1.8173092125843,1.7993064103081926
2014-12-29,1.8218087092085802,1.7870058214313673
2014-12-30,1.7959911567076656,1.7590916705473192
2014-12-31,1.8026769117073587,1.7439505414797671
2015-01-02,1.7946350320371987,1.7425324998416662
2015-01-05,1.7388899650196015,1.6682512101042506
2015-01-06,1.727586448984209,1.6493256653920794
2015-01-07,1.739263405902144,1.6687240144534654
2015-01-08,1.7997114936513352,1.6937991107849621
2015-01-09,1.7648206747103785,1.6682512101042506
2015-01-12,1.7887556636660429,1.6767670119269125
2015-01-13,1.8150903624272874,1.6848102570067223
2015-01-14,1.7981368428883548,1.6900148189435236
2015-01-15,1.829407527369516,1.6857562371146952
2015-01-16,1.8513972852153666,1.7221879230659436
2015-01-19,1.8617103178065633,1.7221879230659436
2015-01-20,1.874562694988509,1.736854762146106
2015-01-21,1.886750897599432,1.7538868610041551
2015-01-22,1.9115657558147547,1.7609848687950787
2015-01-23,1.940557263985445,1.7477359475498362
2015-01-26,1.960793619831202,1.7803825988405586
2015-01-27,1.9374137617031064,1.7747047373418172
2015-01-28,1.9455834493632032,1.7316502002093042
2015-01-29,1.9547238621255723,1.7789630715642828
2015-01-30,1.939429156180602,1.7453704401655867
2015-02-02,1.9387365802688001,1.7765971927704893
2015-02-03,1.9571176624934796,1.8201250294649423
2015-02-04,1.958467234795936,1.7813280837358072
2015-02-05,1.949454363416122,1.8111354328676155
2015-02-06,1.9442729325427819,1.7671338013984976
2015-02-09,1.9069550025418185,1.751994405575483
2015-02-10,1.9377273108871098,1.7770706161356107
2015-02-11,1.9325114025148424,1.7657152645476715
2015-02-12,1.9620280175064375,1.8135014354645898
2015-02-13,1.9707271580474792,1.8215443091348558
2015-02-16,1.960598859747611,1.8215443091348558
2015-02-17,1.9587401766191128,1.8253297152049255
2015-02-18,1.9689771426323635,1.827221923027235
2015-02-19,1.9897160862806829,1.827221923027235
2015-02-20,1.9899649013451874,1.8551364453208268
2015-02-23,2.0074568705544418,1.8423619378661555
2015-02-24,2.0220195034067032,1.8636529899625764
2015-02-25,2.0196304377561565,1.8612874825783272
2015-02-26,2.0433976878250095,1.850405059142784
2015-02-27,2.053726746673858,1.8575019527050767
2015-03-02,2.0567567829692432,1.8612874825783274
2015-03-03,2.027584867822038,1.8433084131868545
2015-03-04,2.0498042165253714,1.8395231309199664
2015-03-05,2.0745556941517656,1.8447280642663118
2015-03-06,2.0808759836600133,1.8064044180991166
2015-03-09,2.0743312200692334,1.81397473502653
2015-03-10,2.0617387125323163,1.7685539476906798
2015-03-11,2.1093761079201943,1.7813280837358076
2015-03-12,2.1030684942699094,1.7950494379207211
2015-03-13,2.119375995696537,1.7822739400406
2015-03-16,2.1497431668545994,1.81350143546459
2015-03-17,2.1202293191657366,1.8054574475656928
2015-03-18,2.1064182678451657,1.8343189403927085
2015-03-19,2.108156816357012,1.8068770986451501
2015-03-20,2.1338779893908715,1.8610659986870608
2015-03-23,2.108488808943334,1.8695917047642236
2015-03-24,2.1257764252212925,1.87906537180026
2015-03-25,2.0963900350253533,1.8658022131891732
2015-03-26,2.0855880374953846,1.8496977715682716
2015-03-27,2.094096818103862,1.8586977676328242
2015-03-31,2.0757236972852167,1.832265381735704
2015-04-01,2.082747575131399,1.8483138054807966
2015-04-02,2.085358349289671,1.867665151775113
2015-04-07,2.1067950391845525,1.8756895486922485
2015-04-08,2.092646202950115,1.8704969508009381
2015-04-09,2.115894631037372,1.8657778203311535
2015-04-10,2.1377134039622327,1.8704969508009381
2015-04-13,2.1382535873309503,1.8596414950363336
2015-04-14,2.115707017377391,1.8667215477346628
2015-04-15,2.1211528984484556,1.8728576263033638
2015-04-16,2.0948984237727837,1.8662493139437302
2015-04-17,2.0508622071074636,1.833681713019324
2015-04-20,2.0705920198535352,1.8398184084033216
2015-04-21,2.075122571325542,1.8483138054807966
2015-04-22,2.071921395971896,1.852561689064123
2015-04-23,2.0564232804869707,1.8577536701401367
2015-04-24,2.0644173773774828,1.8662493139437304
2015-04-27,2.0956734996108852,1.8917364920806294
2015-04-28,2.054844386676968,1.8912643816527563
2015-04-29,1.9994913411828714,1.8653050930879838
2015-04-30,2.003808037892399,1.8700247170100055
2015-05-04,2.0217527363853933,1.8794650751215831
2015-05-05,1.9786634464674995,1.8435938114695967
2015-05-06,1.9794867279417618,1.8686091259047413
2015-05-07,1.9871159938269363,1.8596414950363336
2015-05-08,2.040461510696858,1.9035360453379215
2015-05-11,2.030425721115962,1.8794650751215833
2015-05-12,2.002302916056246,1.8719125419062026
2015-05-13,1.9922817224320168,1.8766330293696396
2015-05-14,2.02318710406302,1.9167519298788336
2015-05-15,2.0078850180528023,1.9162806829923753
2015-05-18,2.0209748629302533,1.9049526233476601
2015-05-19,2.0722186626791546,1.9087280264139357
2015-05-20,2.081822727615542,1.9143924880070005
2015-05-21,2.0837886343131498,1.9214725407053297
2015-05-22,2.083062871643915,1.9007046164012749
2015-05-25,2.0745711603153456,1.9007046164012749
2015-05-26,2.0683186775103453,1.8516175915714361
2015-05-27,2.1077098822117892,1.8808810363160253
2015-05-28,2.0957744882179403,1.8771047697083354
2015-05-29,2.0476340673021913,1.8421776035490365
2015-06-01,2.055183374286234,1.840290025378958
2015-06-02,2.040098216565595,1.8591692612454014
2015-06-03,2.0488881863948754,1.8874886084973035
2015-06-04,2.0372199224746415,1.859641495036334
2015-06-05,2.010648533233336,1.8313223945105503
2015-06-08,1.992044545319495,1.8275462512659197
2015-06-09,1.9874637706439444,1.8204666920198276
2015-06-10,2.0240621293369165,1.872385269149373
2015-06-11,2.0374146263846558,1.8780483737487856
2015-06-12,2.0105214714507107,1.8516175915714363
2015-06-15,1.9734517139442793,1.8275462512659197
2015-06-16,1.983687190564413,1.8237704781104667
2015-06-17,1.9656550157630828,1.8152742174915766
2015-06-18,1.9753972276007967,1.8487860392717297
2015-06-19,1.9796819020606888,1.8383341040740375
2015-06-22,2.060887252180533,1.9091322871592038
2015-06-23,2.08020234300456,1.9047979260713206
2015-06-24,2.071796165016696,1.888904569691746
2015-06-25,2.0817039263744284,1.89227620546499
2015-06-26,2.0892037028932204,1.8999815855108209
2015-06-29,2.0024729104666856,1.8142531414498972
2015-06-30,1.9794600261393678,1.8026950096996206
2015-07-01,2.01978068942185,1.813772025518696
2015-07-02,1.9939205626943224,1.806547884767125
2015-07-03,1.9823115851172486,1.806547884767125
2015-07-06,1.9273036641176127,1.7405670291469322
2015-07-07,1.8771171329101681,1.7449007734195194
2015-07-08,1.8970900156104173,1.7227462483291314
2015-07-09,1.9513063365637844,1.763683662736663
2015-07-10,2.0172952961626356,1.8604897394319593
2015-07-13,2.0568769174175383,1.8575998364052124
2015-07-14,2.0684818770963855,1.8701219271007208
2015-07-15,2.078646715021409,1.8638603883007294
2015-07-16,2.109931250706096,1.882642907528696
2015-07-17,2.1092871382896257,1.8744557947363671
2015-07-20,2.119775271608203,1.8797532512280675
2015-07-21,2.1017008330055265,1.876383342537653
2015-07-22,2.1006449105346605,1.8686764821351105
2015-07-23,2.101719295949145,1.8677133867312936
2015-07-24,2.0877644062663814,1.8484482712154153
2015-07-27,2.035897119754154,1.8306293408435033
2015-07-28,2.0625798697559277,1.850856564858724
2015-07-29,2.0665799404123484,1.8523011462829195
2015-07-30,2.075542992469815,1.844595642874029
2015-07-31,2.0946490187907494,1.8580809523364135
2015-08-03,2.114111537216797,1.8667491810599428
2015-08-04,2.1011792141196173,1.8556726586931045
2015-08-05,2.131721444426032,1.8778270604204335
2015-08-06,2.1315176376843055,1.8816806756662938
2015-08-07,2.1116945030318885,1.8797532512280675
2015-08-10,2.131773495047063,1.9067244869681323
2015-08-11,2.1031867773467323,1.8763833425376526
2015-08-12,2.0348582627705047,1.85663600082304
2015-08-13,2.0579653170378833,1.8407430145326429
2015-08-14,2.0453880080516242,1.8359263038829656
2015-08-17,2.0551665827894663,1.8282209238371347
2015-08-18,2.0581914226474494,1.811845217895766
2015-08-19,2.0258878340881954,1.7969154503722453
2015-08-20,1.9811852138485755,1.7511618187672733
2015-08-21,1.9180476614416895,1.7174485451113122
2015-08-24,1.8226516387011333,1.6697681058834102
2015-08-25,1.9099675417937587,1.685661708989104
2015-08-26,1.890868534604865,1.7237098371851851
2015-08-27,1.9475793569532363,1.7439379247418207
2015-08-28,1.9454781843658056,1.727562835615749
2015-08-31,1.9390382418953693,1.7227462483291314
2015-09-01,1.8889601272207015,1.6784376916005919
2015-09-02,1.892670050322104,1.7020366747521165
2015-09-03,1.9310344860542061,1.7010735793482996
2015-09-04,1.8816236868167866,1.663507800714012
2015-09-07,1.8923219081398894,1.663507800714012
2015-09-08,1.9156734655491237,1.7121507185304348
2015-09-09,1.9402022349134564,1.6986657791572284
2015-09-10,1.9158722861108266,1.7145587654476253
2015-09-11,1.8943692241789913,1.7111876231266183
2015-09-14,1.8817172603465857,1.6952942667470434
2015-09-15,1.9039513776337353,1.7082978434629306
2015-09-16,1.9286684498857618,1.7299702657176435
2015-09-17,1.9341945792306077,1.7453825061660173
2015-09-18,1.88274053987017,1.6806275092659124
2015-09-21,1.9096096566540965,1.6777324249906758
2015-09-22,1.8507157081883472,1.6246546051930544
2015-09-23,1.8492456029160829,1.6207950685203487
2015-09-24,1.8132970357331604,1.6135572344691977
2015-09-25,1.878159196798393,1.6294805680721782
2015-09-28,1.8362904193457699,1.6010112113401886
2015-09-29,1.8223517330841696,1.607767065918724
2015-09-30,1.8692696561461202,1.6333405981971214
2015-10-01,1.850365503334428,1.6280329025715006
2015-10-02,1.8571679752671306,1.6550537302613975
2015-10-05,1.9127995522295265,1.6936557585936565
2015-10-06,1.9240565524281399,1.7076488304080466
2015-10-07,1.9121646766468914,1.7235722873740857
2015-10-08,1.909981603057963,1.732258033652034
2015-10-09,1.9119919219832018,1.7419074921490945
2015-10-12,1.9029439104330044,1.737565112462358
2015-10-13,1.8927602149330656,1.7201946068109368
2015-10-14,1.880595218693271,1.727431947409851
2015-10-15,1.909586886978939,1.748663470090689
2015-10-16,1.922645754690123,1.7515585543659258
2015-10-19,1.927525520081042,1.748663470090689
2015-10-20,1.9230672356073202,1.7423902118000656
2015-10-21,1.926681466038449,1.7409435332038627
2015-10-22,1.968102692849793,1.76410371395352
2015-10-23,2.0047867477446566,1.7834053449349458
2015-10-26,2.0048603254625372,1.7780976493093255
2015-10-27,1.9922473394972322,1.764586927056729
2015-10-28,2.009838538114839,1.7742371257321454
2015-10-29,2.015274444020576,1.764586927056729
2015-10-30,2.01469761483187,1.7669991683179351
2015-11-02,2.0181213201134094,1.7877480947108608
2015-11-03,2.0184691557489156,1.7819568158928538
2015-11-04,2.0146408404656153,1.7626566652681388
2015-11-05,2.024033295083785,1.7674816412427878
2015-11-06,2.0279417602194676,1.7631395082821697
2015-11-09,2.0078902699181533,1.739978217264979
2015-11-10,2.0135012055071724,1.7327401364877086
2015-11-11,2.0287881815107958,1.7375651124623575
2015-11-12,1.9997200001092088,1.7158522271242
2015-11-13,1.9818125756635134,1.6979982616434521
2015-11-16,1.9833880382451357,1.713439492410757
2015-11-17,2.0302121445209624,1.719229414235112
2015-11-18,2.0148202144398404,1.7361176936877982
2015-11-19,2.0173152244568677,1.7414262528548339
2015-11-20,2.0215725561289752,1.731774943911884
2015-11-23,2.022559332615135,1.7211594292975834
2015-11-24,2.000344823946011,1.7168165561586095
2015-11-25,2.0379623912614755,1.7279147904238814
2015-11-26,2.052971496714898,1.7279147904238814
2015-11-27,2.0507676418438376,1.7414262528548337
2015-11-30,2.0574500510388254,1.7428728080879776
2015-12-01,2.043582214227762,1.747698400877923
2015-12-02,2.0474277374776912,1.723572287374085
2015-12-03,1.978589895817639,1.7071668509354299
2015-12-04,1.9732001558936663,1.7274319474098503
2015-12-07,2.000330396360686,1.7226075882504976
2015-12-08,1.9704945338155218,1.6955851568408302
2015-12-09,1.9534704918492745,1.6878658367693002
2015-12-10,1.9481210377228408,1.6830399972532362
2015-12-11,1.9150846477779742,1.6521587693492188
2015-12-14,1.8820473924905028,1.6492635617109228
2015-12-15,1.928878464116393,1.6680821029521993
2015-12-16,1.9353032808210962,1.698481351383601
2015-12-17,1.969076716503624,1.6825578944175614
2015-12-18,1.9421361892517426,1.657214927696963
2015-12-21,1.9214295424725705,1.6635142155930946
2015-12-22,1.9183722300887265,1.6736908044424685
2015-12-23,1.9471793774191262,1.7017952532451008
2015-12-24,1.945587285191218,1.6974342457364122
2015-12-25,1.9452937426306889,1.6974342457364122
2015-12-28,1.9365993322001305,1.6940418849692087
2015-12-29,1.9710228954706057,1.7100330682547944
2015-12-30,1.9586560386775087,1.691134957840281
2015-12-31,1.9572441959519882,1.6683602866508807
2016-01-04,1.9010989159107554,1.6329867929430988
2016-01-05,1.9095994953746418,1.6184498134003327
2016-01-06,1.898541656955895,1.5908296879684425
2016-01-07,1.8722964544890492,1.568539586875903
2016-01-08,1.8502476216350459,1.5525488970425547
2016-01-11,1.8478245081886628,1.5612706653338129
2016-01-12,1.8768857368642184,1.580653345845187
2016-01-13,1.881821481365471,1.547703072710887
2016-01-14,1.848203299284036,1.5666014298515192
2016-01-15,1.8089941420392317,1.5147530463027057
2016-01-18,1.8022212185725222,1.5147530463027057
2016-01-19,1.83273731097639,1.5273513753688504
2016-01-20,1.774184164998038,1.4948853022422333
2016-01-21,1.8039776332908242,1.5103916687048398
2016-01-22,1.8459403149920062,1.5486719661784902
2016-01-25,1.8485097199511438,1.5273513753688504
2016-01-26,1.8547837801646265,1.5607862186000114
2016-01-27,1.8723411749891092,1.5481881362599852
2016-01-28,1.8370634148703617,1.5472187493401446
2016-01-29,1.8816008675512825,1.5666014298515194
2016-02-01,1.8695087458399013,1.5598174484954677
2016-02-02,1.8431215151120253,1.513298719196827
2016-02-03,1.8123748806078512,1.5341351099987837
2016-02-04,1.8004523554167533,1.5409193380809538
2016-02-05,1.7692009657082641,1.5152373696734478
2016-02-08,1.7227151942402144,1.4808333862485652
2016-02-09,1.7067338378356287,1.466296406705799
2016-02-10,1.7198614400067946,1.4721107544158922
2016-02-11,1.6659584971080255,1.449820900049471
2016-02-12,1.6904193580460423,1.4692035805608452
2016-02-15,1.7324565762922906,1.4692035805608452
2016-02-16,1.7304911561541756,1.496339259258934
2016-02-17,1.7683652914156536,1.5292892856671154
2016-02-18,1.7782421445088428,1.5162061397779916
2016-02-19,1.771762955180368,1.5108759920755817
2016-02-22,1.8014898668902701,1.5297742258531546
2016-02-23,1.7816758499001972,1.5021542237843235
2016-02-24,1.7504622094200855,1.4905242947335449
2016-02-25,1.7841719606901398,1.5099072219710377
2016-02-26,1.799476407819649,1.5089378350511973
2016-02-29,1.810763264562554,1.4992465564770396
2016-03-01,1.8365460036645629,1.5452803455896418
2016-03-02,1.8281281170680193,1.5540027306961963
2016-03-03,1.8153222749153493,1.5680547700529235
2016-03-04,1.829528876370065,1.5772616018932795
2016-03-07,1.8244685674842003,1.5738698579413721
2016-03-08,1.8130381181982576,1.5617556055198512
2016-03-09,1.8238178424797145,1.568539586875903
2016-03-10,1.792547040072675,1.571931084101692
2016-03-11,1.835463338466546,1.6262029349501064
2016-03-14,1.848760769032756,1.6223258807229823
2016-03-15,1.8377375648721053,1.6126347255118842
2016-03-16,1.8364831952683813,1.6320177761124364
2016-03-17,1.8246538233111271,1.6310483891925962
2016-03-18,1.8320079537000107,1.632213923376695
2016-03-21,1.8213612055519324,1.6268734131773055
2016-03-22,1.8297940424239876,1.621533026340975
2016-03-23,1.832611487063909,1.6040559350063346
2016-03-24,1.8021403188026508,1.5875487240437711
2016-03-30,1.8310309216027245,1.6042848470286295
2016-03-31,1.808239346565945,1.58898321415528
2016-04-01,1.778103846970113,1.5722467266548927
2016-04-04,1.7805119760895165,1.5684212576839673
2016-04-05,1.7411393688087256,1.5306454198745474
2016-04-06,1.7509933328502365,1.5512071333355077
2016-04-07,1.7376789149896914,1.5172565214866605
2016-04-08,1.7559980151681696,1.5459471742530728
2016-04-11,1.7603150381887689,1.5492945203552209
2016-04-12,1.774084463380076,1.5693776249266984
2016-04-13,1.8168030033349287,1.5990251309565477
2016-04-14,1.825374696016606,1.6052413357765372
2016-04-15,1.8177956715424723,1.6057197016556672
2016-04-18,1.8216315080797374,1.6214994573977946
2016-04-19,1.8509274871031043,1.6535373347611788
2016-04-20,1.8612646178976402,1.6597532965708157
2016-04-21,1.8654279205891156,1.6583192924800119
2016-04-22,1.8618312858216985,1.6516247217808924
2016-04-25,1.8531450489889767,1.6449305155973015
2016-04-26,1.8608259550755977,1.6501898671538546
2016-04-27,1.8729410139136764,1.661666274066631
2016-04-28,1.874574410307328,1.6439736623338645
2016-04-29,1.828559261391263,1.6305843994304492
2016-05-02,1.8381334982383701,1.6439736623338648
2016-05-03,1.8087060188481805,1.6095445631007115
2016-05-04,1.7873178270661694,1.5875487240437711
2016-05-05,1.7965155015553702,1.5784631744852347
2016-05-06,1.7950021204420454,1.5889832141552798
2016-05-09,1.8104040011418556,1.587548724043771
2016-05-10,1.825683474298768,1.6061975815140919
2016-05-11,1.8141725545750995,1.5918520728731211
2016-05-12,1.807156667718014,1.5846792578000477
2016-05-13,1.8214042936459733,1.5679436208358946
2016-05-16,1.8234775195810813,1.585636111063484
2016-05-17,1.819605007384639,1.5650743976025239
2016-05-18,1.8301022874695585,1.5669865245621053
2016-05-19,1.8091756895618796,1.5559888480439876
2016-05-20,1.83549899312577,1.5727250925340222
2016-05-23,1.8293147791200808,1.5641180303597926
2016-05-24,1.8696731816884926,1.5971122749659084
2016-05-25,1.8918052339331848,1.6210213345290168
2016-05-26,1.9032518480601255,1.631541009683533
2016-05-27,1.9092441083264549,1.6296280321877177
2016-05-30,1.9143307787743942,1.6296280321877177
2016-05-31,1.9005536363396445,1.6205427256395344
2016-06-01,1.8881284802945464,1.6186305986799532
2016-06-02,1.8863817784555355,1.6195864799019795
2016-06-03,1.8677681762120055,1.6219772157510435
2016-06-06,1.8732559001942326,1.6253246833583679
2016-06-07,1.8919766814256755,1.6391918261202085
2016-06-08,1.882291721669235,1.640148071857764
2016-06-09,1.866095420375639,1.6162391337998316
2016-06-10,1.8257069673559911,1.5588578282670065
2016-06-13,1.7944826498629736,1.5311234212381493
2016-06-14,1.7603897077379187,1.5033895002299966
2016-06-15,1.78265466954956,1.5153436654960215
2016-06-16,1.7755722024998069,1.5296891741369927
2016-06-17,1.7855847254876251,1.5458842345717452
2016-06-20,1.8434055673622045,1.5802371500593526
2016-06-21,1.855522613058428,1.5998675263439013
2016-06-22,1.8595428227155029,1.6028123257969362
2016-06-23,1.8907440275840044,1.659740052506598
2016-06-24,1.7473563539924168,1.457057024894515
2016-06-27,1.704759974604911,1.4320284166368922
2016-06-28,1.7425148897311105,1.469816890984648
2016-06-29,1.7916796130525845,1.497299417783016
2016-06-30,1.8170626021583467,1.5296892956421688
2016-07-01,1.8276566916263561,1.528216774410475
2016-07-04,1.8189549251825272,1.528216774410475
2016-07-05,1.7904580337867795,1.4820856331521388
2016-07-06,1.7608375659518418,1.4776690414984675
2016-07-07,1.7743335366050317,1.4663815751348523
2016-07-08,1.8004436604497955,1.4963180204739652
2016-07-11,1.8333173005410415,1.5169296725623889
2016-07-12,1.852657297924234,1.5473565127930862
2016-07-13,1.848670545345587,1.5517731044467573
2016-07-14,1.8688112734561717,1.5709125998190157
2016-07-15,1.8660913927216503,1.563551694733015
2016-07-18,1.8619979573888539,1.5581529767392353
2016-07-19,1.8525666230249767,1.5434309235568815
2016-07-20,1.8765617216756136,1.5571713364198314
2016-07-21,1.8758934693759,1.5561901821211326
2016-07-22,1.8782190407481716,1.558152976739235
2016-07-25,1.881821045605372,1.5576623388372977
2016-07-26,1.8901099663582699,1.5655146108562934
2016-07-27,1.898440998131594,1.5792553882347724
2016-07-28,1.885016453486418,1.5802371500593526
2016-07-29,1.891124381082399,1.5983954911329128
2016-08-01,1.8816255711537502,1.5772929581321995
2016-08-02,1.8488694349449952,1.5606068952799803
2016-08-03,1.8509119230640896,1.5571713364198316
2016-08-04,1.8634765491935397,1.5606068952799803
2016-08-05,1.886628940330148,1.5738572777668742
2016-08-08,1.8909830977135647,1.5802371500593524
2016-08-09,1.9168795928768105,1.602812325796936
2016-08-10,1.9063523581247706,1.6106641117952265
2016-08-11,1.9241862980812143,1.6219513351484893
2016-08-12,1.920341707305119,1.6224425805763083
2016-08-15,1.9216231638545032,1.6268597797558608
2016-08-16,1.9023717802707771,1.6234236133698308
2016-08-17,1.8799444220349355,1.6185163838142225
2016-08-18,1.8904162204375397,1.6244052536892344
2016-08-19,1.878627594531571,1.6091923195945907
2016-08-22,1.8714642168201479,1.6052656368117995
2016-08-23,1.886611579607908,1.614099549150199
2016-08-24,1.8911341142520743,1.614590308557313
2016-08-25,1.8785605624323518,1.606738401053846
2016-08-26,1.8908262744077435,1.6033027206885209
2016-08-29,1.8835459329383524,1.6082103147596583
2016-08-30,1.9012502441111374,1.6136086682379092
2016-08-31,1.8875881788639515,1.6121362685113916
2016-09-01,1.8827804587401331,1.6209703023549673
2016-09-02,1.9213547167677063,1.6440353869634303
2016-09-05,1.9211184702241761,1.6440353869634303
2016-09-06,1.9197027874769872,1.6543416990283473
2016-09-07,1.9294672211701795,1.6582677742852572
2016-09-08,1.916089753050836,1.6592490500891321
2016-09-09,1.8933578259571788,1.623423613369831
2016-09-12,1.870479815630135,1.6352023251612657
2016-09-13,1.8477521500153211,1.598395491132913
2016-09-14,1.8433773400019746,1.5910338570158546
2016-09-15,1.8498476728158757,1.6008491666633053
2016-09-16,1.8290027034966512,1.568029768005899
2016-09-19,1.8523265850819357,1.58034917783191
2016-09-20,1.8498898791652414,1.5823204778123539
2016-09-21,1.8603882419108897,1.6059732829586255
2016-09-22,1.9047458485805924,1.6330771996276137
2016-09-23,1.8924005842176632,1.6237140107412102
2016-09-26,1.8598944004198361,1.6015384655285083
2016-09-27,1.8569501792813696,1.6005533015589917
2016-09-28,1.8699843953835682,1.6173076503202963
2016-09-29,1.869814353343286,1.5887267167280914
2016-09-30,1.873314980518669,1.614350578844454
2016-10-03,1.8701623381711563,1.6084378939548853
2016-10-04,1.8874710356541724,1.6113948439255512
2016-10-05,1.8812197641711261,1.6242070787466736
2016-10-06,1.8755891498943695,1.6192793148162692
2016-10-07,1.8594314092656956,1.6084378939548853
2016-10-10,1.8798042788385296,1.6163223648456033
2016-10-11,1.8664578671106204,1.596611187618809
2016-10-12,1.8559280373205145,1.5887267167280912
2016-10-13,1.8376990572207867,1.5788710673621058
2016-10-14,1.8672150532653264,1.587247998732406
2016-10-17,1.8574497765088858,1.5847843597775562
2016-10-18,1.880657557955973,1.6015384655285085
2016-10-19,1.8906611776802449,1.6044956585095271
2016-10-20,1.9025445300242956,1.610408829419801
2016-10-21,1.9029938795416188,1.6054810654893963
2016-10-24,1.9134883921861052,1.6109020189304406
2016-10-25,1.9042466654179977,1.6099158829195135
2016-10-26,1.9017150824734157,1.604495658509527
2016-10-27,1.9017303830435577,1.6069588114436713
2016-10-28,1.9000608292210255,1.6089304759396443
2016-10-31,1.8866414163055047,1.6049879974839327
2016-11-01,1.8632840654847214,1.5961179981081695
2016-11-02,1.8367165064104585,1.5842916562876217
2016-11-03,1.8342017264386001,1.5793636493468641
2016-11-04,1.8236266598327766,1.5660587110358075
2016-11-07,1.8559511083925104,1.5936542376481435
2016-11-08,1.8646531335382681,1.6015384655285088
2016-11-09,1.8800222653867535,1.6000603550587047
2016-11-10,1.8825634412282224,1.5941473056536073
2016-11-11,1.8730826827863392,1.5783779993566427
2016-11-14,1.8876534528581346,1.5665511715153897
2016-11-15,1.8939928790742457,1.5734499924158853
2016-11-16,1.8772683272674462,1.5497969442592612
2016-11-17,1.8865241637964971,1.5547244651793133
2016-11-18,1.8755338921386708,1.5350135309628714
2016-11-21,1.883645345413159,1.550289283233667
2016-11-22,1.892303332856576,1.555217654689953
2016-11-23,1.8838636166964877,1.5384628199079429
2016-11-24,1.887134225307493,1.5384628199079429
2016-11-25,1.886762159022579,1.5493038762537974
2016-11-28,1.8662834235411516,1.5315639990074472
2016-11-29,1.881561061054331,1.548811537279392
2016-11-30,1.890582897840636,1.5463472907986608
2016-12-01,1.8876719187278237,1.5428978803484132
2016-12-02,1.8720450574563137,1.54191259487372
2016-12-05,1.8991422160339602,1.57689952437131
2016-12-06,1.9312103172117838,1.602524237023907
2016-12-07,1.9606977451515353,1.6296275461670136
2016-12-08,1.9904881468531437,1.623714010741211
2016-12-09,1.9911863123586226,1.6242070787466747
2016-12-12,1.9875620961282576,1.6261780142115898
2016-12-13,2.00822906853128,1.64638153041279
2016-12-14,1.9920640031275036,1.6202642357754344
2016-12-15,2.024191834108795,1.6222357787662307
2016-12-16,2.028569076703286,1.6268821367083028
2016-12-19,2.023741277707679,1.6219393061360359
2016-12-20,2.038338549399781,1.631825453301275
2016-12-21,2.0362699690688024,1.6357805682953228
2016-12-22,2.035133982428745,1.634792245191222
2016-12-23,2.035804477339359,1.640229601831068
2016-12-27,2.036459015889402,1.6422073415858565
2016-12-28,2.0366709057909613,1.6308368871868217
2016-12-29,2.0269977192546387,1.6417124510027479
2016-12-30,2.038224178504139,1.6540712285058838
2017-01-02,2.050729771302937,1.6540712285058838
2017-01-03,2.0610757974373937,1.657531695927176
2017-01-04,2.061500699652144,1.6689012997899766
2017-01-05,2.0586351652285306,1.6857091108288573
2017-01-06,2.065674595164129,1.679282945064205
2017-01-09,2.055175168344896,1.6782937714238704
2017-01-10,2.0535332365607317,1.6733508193464268
2017-01-11,2.0584343389846986,1.682248400397213
2017-01-12,2.041336056245984,1.6837322216103034
2017-01-13,2.0683875220198114,1.692135762614215
2017-01-16,2.044113796251198,1.692135762614215
2017-01-17,2.039444474956557,1.6881818626719305
2017-01-18,2.044714159826183,1.6857091108288575
2017-01-19,2.043430762241651,1.6792829450642053
2017-01-20,2.0488273381960185,1.6946074209107014
2017-01-23,2.030878846244599,1.693618490280719
2017-01-24,2.039138296090618,1.698067888331993
2017-01-25,2.0719665484204675,1.7193242468859147
2017-01-26,2.0656706635832704,1.7000452635712529
2017-01-27,2.054518259672442,1.6970794437227164
2017-01-30,2.025123891710687,1.6807659157410622
2017-01-31,2.0032284485933123,1.6817546033606918
2017-02-01,2.024652141211251,1.6866979199536638
2017-02-02,2.0175694890946545,1.6881818626719305
2017-02-03,2.031661921050071,1.6975733622644138
2017-02-06,2.0070247224270226,1.6733508193464268
2017-02-07,1.9988626089994497,1.6664298845038426
2017-02-08,1.9902835831196104,1.6654413183893892
2017-02-09,2.015259850999773,1.67977662059555
2017-02-10,2.01127424536581,1.6758224776429127
2017-02-13,2.0339516550351187,1.6827434124854967
2017-02-14,2.041806548732961,1.687686121552587
2017-02-15,2.0522836577192254,1.6946074209107003
2017-02-16,2.0410826478351773,1.7015279912377552
2017-02-17,2.025189394350197,1.693124085718315
2017-02-20,2.033197700853205,1.693124085718315
2017-02-21,2.048748243898891,1.6960903915875565
2017-02-22,2.0455599466403975,1.697573362264413
2017-02-23,2.0412174438910267,1.698067888331992
2017-02-24,2.020297748842411,1.6847210307351086
2017-02-27,2.0204848402895337,1.6901581443646023
2017-02-28,2.0272360791121353,1.6901581443646023
2017-03-01,2.0750743044773396,1.7183353162559316
2017-03-02,2.0723786670143114,1.7104266658351281
2017-03-03,2.0852644479135374,1.737120988554777
2017-03-06,2.0713962725889647,1.728222556967757
2017-03-07,2.0688463084313393,1.721796391203105
2017-03-08,2.067324256635216,1.714875091844992
2017-03-09,2.0778144201442146,1.738108947143349
2017-03-10,2.0827671561675243,1.756399971869439
2017-03-13,2.0844542226540175,1.7568948624525473
2017-03-14,2.0700487558576324,1.738108947143349
2017-03-15,2.0769717199449946,1.7628266236547965
2017-03-16,2.0961317239687802,1.7840839542501281
2017-03-17,2.0974446003229965,1.7826471555402692
2017-03-20,2.089464842578928,1.7776944830487214
2017-03-21,2.0867075347072603,1.7781893736318297
2017-03-22,2.080829446783263,1.7826471555402694
2017-03-23,2.0990511420326334,1.786609803855248
2017-03-24,2.0952322365911633,1.7905723306650505
2017-03-27,2.0895410859682078,1.8014685503609498
2017-03-28,2.110257721257916,1.8098898311206029
2017-03-30,2.117724836522315,1.7969799406677844
2017-03-31,2.129198511264276,1.804924198180175
2017-04-03,2.1097338286606804,1.7984693747589744
2017-04-04,2.110640468428733,1.7999588088501648
2017-04-05,2.1057454127641893,1.7865524403669497
2017-04-06,2.1169851453878663,1.793503985428964
2017-04-07,2.120498339871339,1.7925110293681705
2017-04-10,2.1065160396943847,1.7810904512013335
2017-04-11,2.098122986778613,1.7850622754445071
2017-04-12,2.0934324155441946,1.7840696847993398
2017-04-13,2.0785951628297545,1.7686771605841205
2017-04-18,2.0546805745179753,1.7671876046877215
2017-04-19,2.064763805028219,1.7652013271505087
2017-04-20,2.080232983594863,1.7830770941541725
2017-04-21,2.079822164739493,1.78555911889053
2017-04-24,2.1722829092115647,1.8848678799324088
2017-04-25,2.1797866559150494,1.8992674480868348
2017-04-26,2.177088851344121,1.8823846371439643
2017-04-27,2.171184878516486,1.87890904732077
2017-04-28,2.168487208171572,1.878412447485165
2017-05-02,2.183562177270389,1.9017491074075663
2017-05-03,2.187905436677801,1.898770239225186
2017-05-04,2.2145844355692885,1.9394872843677324
2017-05-05,2.23555559755052,1.9707694198546113
2017-05-08,2.223190913006985,1.9404798750129002
2017-05-09,2.225352251290643,1.9300524965172736
2017-05-10,2.2215709041282543,1.9335285735613024
2017-05-11,2.2061594788498375,1.924094029321261
2017-05-12,2.213192088112805,1.941472831073693
2017-05-15,2.2200472396872026,1.9548798085829517
2017-05-16,2.225293002949636,1.9757346873794133
2017-05-17,2.186319718118131,1.939982909761669
2017-05-18,2.179717847954609,1.9409765966537138
2017-05-19,2.1994162576130822,1.9687826550965637
2017-05-22,2.1942410697164716,1.9712656542745908
2017-05-23,2.2122192370723948,1.9722584885301757
2017-05-24,2.207229722121311,1.9727546011449464
2017-05-25,2.210976783993411,1.9682858116505413
2017-05-26,2.2088905570374675,1.9593488416877742
2017-05-29,2.206387711324388,1.9593488416877742
2017-05-30,2.1980098650640993,1.9538864871065325
2017-05-31,2.199718897261931,1.9633205441257393
2017-06-01,2.2094152387804886,1.9727546011449462
2017-06-02,2.2244867202827994,1.9950996448638496
2017-06-05,2.2191334626810852,1.9802037204842353
2017-06-06,2.2093710413472945,1.9672932210053737
2017-06-07,2.2136888094517704,1.9682858116505413
2017-06-08,2.226748752208203,1.9687826550965635
2017-06-09,2.2372643957563305,1.9672932210053735
2017-06-12,2.2083682206109523,1.9509073753137347
2017-06-13,2.217709891117413,1.9658035433037662
2017-06-14,2.217985427023973,1.963817387571762
2017-06-15,2.204664595582716,1.9360112073237032
2017-06-16,2.2235653083843854,1.9565666889173394
2017-06-19,2.244382521120949,1.9676775164386173
2017-06-20,2.2344822920253544,1.947980883371067
2017-06-21,2.231193266920296,1.94899089216107
2017-06-22,2.2311952065333687,1.9464656265756466
2017-06-23,2.226262865329318,1.951516157746493
2017-06-26,2.239818675224587,1.9590920763079716
2017-06-27,2.2171894378569434,1.9641428510892354
2017-06-28,2.213418247283106,1.9838393623515764
2017-06-29,2.169918793970301,1.9505056617356564
2017-06-30,2.155779356295497,1.9429302303950124
2017-07-03,2.1857583943515917,1.946970630970648
2017-07-04,2.1767979665089494,1.946970630970648
2017-07-05,2.1843901830225114,1.9464656265756468
2017-07-06,2.172802830090453,1.9388899516245859
2017-07-07,2.176103619787315,1.9474766098073182
2017-07-10,2.185764890587744,1.9520215275571202
2017-07-11,2.1744403528279133,1.9611123374983934
2017-07-12,2.203738715434822,1.9752539222209304
2017-07-13,2.2117462703554898,1.9818194665767803
2017-07-14,2.210914884350788,1.992930294098058
2017-07-17,2.2056347134040055,1.984344244941369
2017-07-18,2.182872361640596,1.9808092141763607
2017-07-19,2.202600801300531,1.9868696323320005
2017-07-20,2.19763652608554,2.0005059690491187
2017-07-21,2.1717359770754125,1.986364627936999
2017-07-24,2.17825966085963,1.9843442449413686
2017-07-25,2.192482847815747,1.990909545686801
2017-07-26,2.2037720671822063,2.0050516176301723
2017-07-27,2.2060947475452286,2.0005059690491183
2017-07-28,2.188415563834965,2.0060618700305914
2017-07-31,2.17888341665394,2.0060618700305914
2017-08-01,2.199485694255216,2.018688076152499
2017-08-02,2.1872239285974087,2.0191929587422917
2017-08-03,2.1969899092623075,2.024748981528974
2017-08-04,2.230013730303102,2.035354561044833
2017-08-07,2.229588172302438,2.0348501656758753
2017-08-08,2.236138597274414,2.0252531332875146
2017-08-09,2.206412522546125,2.012626196334355
2017-08-10,2.182288175384334,1.9803042097813583
2017-08-11,2.1613123531849756,1.9803042097813583
2017-08-14,2.192159707764059,2.001011460664954
2017-08-15,2.2022694273397945,2.00303135643975
2017-08-16,2.215101643350951,2.0116171619860226
2017-08-17,2.2009695695047635,1.9843442449413684
2017-08-18,2.1916202459530894,1.9924255333134733
2017-08-21,2.1753558927480006,1.988384767322212
2017-08-22,2.1923954905202945,2.0040411216193355
2017-08-23,2.181542840044299,2.0030313564397506
2017-08-24,2.1848425229047597,2.0010114606649543
2017-08-25,2.184474883473367,2.017678067362497
2017-08-28,2.171986724983074,2.015152436361448
2017-08-29,2.15153193307352,2.0055571092460083
2017-08-30,2.161532070905431,1.996971060089319
2017-08-31,2.172350803344044,2.008586892005598
2017-09-01,2.1895173531987804,2.0141429147922802
2017-09-04,2.179232547503655,2.0141429147922802
2017-09-05,2.170595865656729,1.9974758208739025
2017-09-06,2.1769773846217424,2.022727624091674
2017-09-07,2.1881171334853846,2.0404052140208884
2017-09-08,2.186773394565549,2.0388897136150503
2017-09-11,2.220208809978433,2.0601022125040642
2017-09-12,2.230343423103686,2.068688018050336
2017-09-13,2.235951796308872,2.0595967208882286
2017-09-14,2.2346740353161434,2.0671730048653325
2017-09-15,2.2277567177816,2.069706553204943
2017-09-18,2.2358421065559164,2.076295240550434
2017-09-19,2.238415475031756,2.084403569678856
2017-09-20,2.235219510440513,2.077308172665443
2017-09-21,2.2455074874025236,2.0808563583929844
2017-09-22,2.245934083282732,2.0828822226230033
2017-09-25,2.2401524787494234,2.063626280800295
2017-09-26,2.2404338010435287,2.0545025834526904
2017-09-27,2.2506075003213977,2.0605843175198415
2017-09-28,2.2545278121992425,2.0676794709228368
2017-09-29,2.2762532376717317,2.0904843293043376
2017-10-02,2.2852398198285573,2.084403569678855
2017-10-03,2.2873694145400094,2.089977376025998
2017-10-04,2.2793126646530686,2.080349161504227
2017-10-05,2.286866110924571,2.0854169890147
2017-10-06,2.2809372187329964,2.0859239422930393
2017-10-09,2.287950648782857,2.0828822226230033
2017-10-10,2.281260273698165,2.1021401133290496
2017-10-11,2.285913553154336,2.108222578227453
2017-10-12,2.2876762991498074,2.10214011332905
2017-10-13,2.287048059155231,2.1006199843252835
2017-10-16,2.2851567932606387,2.0970737474810806
2017-10-17,2.2889370690705007,2.0925114115864436
2017-10-18,2.295129739396563,2.1031545071065625
2017-10-19,2.2910857685247534,2.1036614603849015
2017-10-20,2.293078031415518,2.092511411586443
2017-10-23,2.297794205947643,2.0833903939534286
2017-10-24,2.2984678601918658,2.092511411586443
2017-10-25,2.290651863015905,2.089977376025998
2017-10-26,2.3269216776157635,2.0920049455289385
2017-10-27,2.3355832271826005,2.0879515117959793
2017-10-30,2.337068693362126,2.1001135182677784
2017-10-31,2.345247154460033,2.1107553957358114
2017-11-01,2.364444379145764,2.1168381042446316
2017-11-02,2.3604772967985514,2.122919107480531
2017-11-03,2.3612490760648823,2.1112623490141504
2017-11-06,2.3567235795999353,2.110249660509558
2017-11-07,2.3459614022385535,2.090484329304338
2017-11-08,2.3386494391769057,2.092004945528939
2017-11-09,2.3123656979806606,2.0737612049899887
2017-11-10,2.3018999969528,2.0686928902586814
2017-11-13,2.2908044213477106,2.0600780950727544
2017-11-14,2.287209132761335,2.068692890258682
2017-11-15,2.2788608782698967,2.0621046901340256
2017-11-16,2.2914229121118965,2.074267914657911
2017-11-17,2.2848839757002457,2.0651459225832274
2017-11-20,2.291999741810677,2.0610912707981814
2017-11-21,2.308318107835573,2.074774624325833
2017-11-22,2.296861098055197,2.0768024374391905
2017-11-23,2.3026358503131803,2.0768024374391905
2017-11-24,2.3061807203531943,2.1067017183924346
2017-11-27,2.2914161780654188,2.0935255617535398
2017-11-28,2.3014535557042057,2.1051818329990857
2017-11-29,2.3101343623087485,2.098593876484847
2017-11-30,2.29620888580616,2.0975802135385857
2017-12-01,2.2668300449623833,2.081362580840072
2017-12-04,2.2973765082223627,2.0854169890147003
2017-12-05,2.2985454213692282,2.0757882872720943
2017-12-06,2.292047390176085,2.0691995999266037
2017-12-07,2.3014262863703565,2.0768024374391905
2017-12-08,2.3147942515485664,2.0879515117959797
2017-12-11,2.3050136739811116,2.0864306519609617
2017-12-12,2.3170891944415772,2.0828822226230037
2017-12-13,2.300024814726487,2.0818690468975767
2017-12-14,2.285975515219514,2.0621046901340256
2017-12-15,2.2939972000477424,2.068968170030197
2017-12-18,2.3272107733728475,2.0969263631786323
2017-12-19,2.3105358735894383,2.0938766043648265
2017-12-20,2.2909273099190006,2.0811676925062557
2017-12-21,2.297860449865589,2.086251354693851
2017-12-22,2.2911340549593433,2.081676107447099
2017-12-27,2.2891470409002626,2.081167692506256
2017-12-28,2.273521319674741,2.0771008602003467
2017-12-29,2.259507924341594,2.069475366918954
2018-01-02,2.249964635103344,2.0786261050228756
2018-01-03,2.264789239836093,2.086759526024277
2018-01-04,2.2992844906613765,2.1238684572766338
2018-01-05,2.324716930868942,2.145218961467031
2018-01-08,2.333050648195998,2.13657688191437
2018-01-09,2.3394794441298328,2.13810285756815
2018-01-10,2.328356942226321,2.130478095118009
2018-01-11,2.322992102087521,2.143694203865336
2018-01-12,2.3341642092184762,2.173686543997978
2018-01-15,2.335448900438638,2.173686543997978
2018-01-16,2.3464979792457434,2.1792783775159985
2018-01-17,2.3443835879828074,2.1874125293486513
2018-01-18,2.3517638888590167,2.19046204455204
2018-01-19,2.367734272382869,2.207237057885268
2018-01-22,2.3810035135575855,2.2260467054235367
2018-01-23,2.3764500038743654,2.231639026162392
2018-01-24,2.3518027413480675,2.235197199917041
2018-01-25,2.3426129519435097,2.2265551203643796
2018-01-26,2.3541073197667646,2.2473972096139345
2018-01-29,2.351569145774644,2.2285880492965
2018-01-30,2.3263617721036565,2.2097796198103175
2018-01-31,2.3327485306259677,2.213337306344132
2018-02-01,2.314700578297037,2.2143546234466522
2018-02-02,2.2787930416289064,2.157928116936018
2018-02-05,2.251039076647266,2.0669347538772413
2018-02-06,2.2033805145359326,2.125394432930413
2018-02-07,2.2464399448877623,2.0842179385408954
2018-02-08,2.194954802630223,2.022708744284335
2018-02-09,2.164343511456338,2.028808140106738
2018-02-12,2.1899295734609225,2.056768160333303
2018-02-13,2.174777732335514,2.0506669374327697
2018-02-14,2.1943127981782955,2.087776112295544
2018-02-15,2.214981357175475,2.1015018540358006
2018-02-16,2.2336906270896146,2.1055684427312924
2018-02-19,2.22096818200688,2.1055684427312924
2018-02-20,2.234597797069938,2.086759526024275
2018-02-21,2.2346381428391844,2.071509757513576
2018-02-22,2.2342437702922524,2.086759526024275
2018-02-23,2.238271328440506,2.1015018540358006
2018-02-26,2.2497224044602366,2.118785525920289
2018-02-27,2.2473753258703004,2.0811676925062543
2018-02-28,2.238664460456038,2.06134292035922
2018-03-01,2.213357530506048,2.0425335164313685
2018-03-02,2.1662787726262556,2.0415170519653083
2018-03-05,2.1772023029460925,2.055750356009947
2018-03-06,2.17919602167149,2.0654095090547115
2018-03-07,2.1906787250395765,2.077609762362022
2018-03-08,2.210554394905957,2.079134519963717
2018-03-09,2.2157795722568183,2.0862513546938493
2018-03-12,2.219782727856655,2.0887936730084813
2018-03-13,2.1992665923752157,2.0715097575135757
2018-03-14,2.192470184613666,2.077609762362022
2018-03-15,2.213477265646536,2.079134519963717
2018-03-16,2.224397428155544,2.088149567065219
2018-03-19,2.1986541711060776,2.073378736634873
2018-03-20,2.2143573846475815,2.0703238620023043
2018-03-21,2.2114595868516416,2.0652306990084357
2018-03-22,2.1819623343706094,2.0209210092371968
2018-03-23,2.154768058784851,1.9969828751945544
2018-03-26,2.146256047992013,2.0392556164617885
2018-03-27,2.168222875902253,2.013281264746394
2018-03-28,2.1764770534860087,2.0260135632050225
2018-04-03,2.172414091422175,2.016957688015705
2018-04-04,2.1675858314404217,2.025006699758386
2018-04-05,2.220283255100127,2.0476471698316323
2018-04-06,2.211799067220961,2.0350693180712707
2018-04-09,2.2159764475452812,2.055193351466343
2018-04-10,2.2321730016305303,2.07733063046241
2018-04-11,2.2190860481595074,2.066261870641307
2018-04-12,2.2346659994190428,2.0788404443400865
2018-04-13,2.2396778993212156,2.080852246064246
2018-04-16,2.2367404906444914,2.0889013781299965
2018-04-17,2.2581672367144394,2.1095290838945266
2018-04-18,2.2696848773494667,2.116573277682755
2018-04-19,2.271195469089901,2.1085231830324473
2018-04-20,2.281896274753391,2.102485852690856
2018-04-23,2.295469963076435,2.101479951828776
2018-04-24,2.29387877418864,2.090410951361534
2018-04-25,2.2793516633594084,2.0878949959756388
2018-04-26,2.299547906935335,2.0919207652392102
2018-04-27,2.3088354267597246,2.097454663857483
2018-04-30,2.3205973849822388,2.092926184809011
2018-05-02,2.3336365100782905,2.0848772933893995
2018-05-03,2.3207421259927683,2.0894048098533147
2018-05-04,2.3275033420638374,2.092926184809011
2018-05-07,2.3391519133236196,2.094939671056145
2018-05-08,2.3364806660921484,2.0843745836044993
2018-05-09,2.3386697060902115,2.09192076523921
2018-05-10,2.342109335511369,2.106510900016009
2018-05-11,2.3407413386322156,2.105000845492193
2018-05-14,2.3387589241022675,2.1055045178616503
2018-05-15,2.341324364299995,2.088901378129995
2018-05-16,2.3375877526423876,2.085380003174299
2018-05-17,2.355514791357747,2.092423475024109
2018-05-18,2.3495983917004626,2.084877293389398
2018-05-21,2.3549109108249042,2.0944357580405466
2018-05-22,2.3655376378634982,2.0964480410569846
2018-05-23,2.334414907459348,2.0642498282710076
2018-05-24,2.320440150850678,2.0577095474983764
2018-05-25,2.320957779430773,2.0350693180712693
2018-05-28,2.3031441568668165,2.0350693180712693
2018-05-29,2.2763016901425437,1.9621186441872718
2018-05-30,2.284369384006998,2.0038768858243023
2018-05-31,2.266635266889596,1.9928086072954778
2018-06-01,2.2932105925774664,2.0119261382131226
2018-06-04,2.299778532960819,2.022491947603186
2018-06-05,2.2935460003649086,2.016957688015704
2018-06-06,2.298062366890931,2.040603697981821
2018-06-07,2.2938182965517395,2.0229951386803653
2018-06-08,2.286329041825021,2.0265169949283397
2018-06-11,2.3043607825136956,2.0516714952183674
2018-06-12,2.304073464094834,2.036578410010528
2018-06-13,2.309921492633646,2.0431186907831593
2018-06-14,2.347069825983592,2.045131936384154
2018-06-15,2.3346860602218684,2.039935423653114
2018-06-18,2.302490837355005,2.0136965718596107
2018-06-19,2.279945365669689,1.9951747604596874
2018-06-20,2.2819749474391227,1.9905450897096595
2018-06-21,2.261086984393145,1.9704791723572166
2018-06-22,2.2839762505559005,1.997233247534862
2018-06-25,2.239060284360951,1.970994516064428
2018-06-26,2.2431046819790277,1.965335240807604
2018-06-27,2.265274502356381,1.9457845468393025
2018-06-28,2.242597036094934,1.9488715555136458
2018-06-29,2.2637590388104987,1.9720236392789452
2018-07-02,2.245283138423572,1.9627624929328444
2018-07-03,2.269298554595616,1.97408200603105
2018-07-04,2.272789778919752,1.97408200603105
2018-07-05,2.283178127348428,2.0111239443079207
2018-07-06,2.2916159390716295,2.0229568759442236
2018-07-09,2.2987115835806504,2.033247145504842
2018-07-10,2.312780025653458,2.036848414978771
2018-07-11,2.287311359028174,1.994660499660103
2018-07-12,2.306829040559478,2.0100955430318215
2018-07-13,2.308591175162844,2.015755058934785
2018-07-16,2.3039446000356176,2.020384850007883
2018-07-17,2.308515817527611,2.018327205194196
2018-07-18,2.32670367107332,2.0255296238189833
2018-07-19,2.3155004463663476,2.0142109529822654
2018-07-20,2.3114883411091594,2.023471858682227
2018-07-23,2.3050828787066697,2.021928594991194
2018-07-24,2.3105721452249486,2.0317036411676708
2018-07-25,2.3029302335181407,2.0502252119214543
2018-07-26,2.3206574061096332,2.037362916424495
2018-07-27,2.332376898753921,2.046109681647941
2018-07-30,2.3185834581748868,2.04971095112187
2018-07-31,2.3176179665744225,2.057942733607314
2018-08-01,2.310134263641032,2.043536933773183
2018-08-02,2.294889310103413,2.0214140935454705
2018-08-03,2.303829725532733,2.0183272051941965
2018-08-06,2.30493487243543,2.0116379644613676
2018-08-07,2.31378425979764,2.0311893803680863
2018-08-08,2.3008465709451222,2.0250153630193988
2018-08-09,2.3080332373000236,2.0126675689681632
2018-08-10,2.272398118058389,1.9509293206504033
2018-08-13,2.2771058561125748,1.941153793181648
2018-08-14,2.280317357025092,1.942182796073096
2018-08-15,2.2507802163202357,1.903596751843705
2018-08-16,2.268511791425413,1.9169733081402491
2018-08-17,2.2669486884956123,1.9318928874816865
2018-08-20,2.2801634639494015,1.9452702860397182
2018-08-21,2.287161414158841,1.9730522812011848
2018-08-22,2.2945836096823093,1.9848849721913482
2018-08-23,2.297391972184421,1.9715088971870822
2018-08-24,2.302852452288252,1.9926016516157203
2018-08-27,2.3200028706735805,2.020384850007883
2018-08-28,2.317960674813995,2.016269079088231
2018-08-29,2.320077710044436,2.02398660077409
2018-08-30,2.3088425607589818,1.9977477489805862
2018-08-31,2.2853320831594237,1.9694510117272561
2018-09-03,2.2881554051087876,1.9694510117272561
2018-09-04,2.259271520102157,1.948357415037131
2018-09-05,2.2247222358934087,1.9303502254060014
2018-09-06,2.219075476249455,1.9205748182603164
2018-09-07,2.223575883207507,1.8999956026928457
2018-09-10,2.232055766396494,1.9216038211517643
2018-09-11,2.2370853481611155,1.9236611049962424
2018-09-12,2.250697045739538,1.928291978976967
2018-09-13,2.2490419934720114,1.950929320650403
2018-09-14,2.2509275165867284,1.9432126412260313
2018-09-17,2.247994562732725,1.9488715555136464
2018-09-18,2.2551554168987966,1.9607046074730188
2018-09-19,2.2547464572283777,1.9679070260978058
2018-09-20,2.2663839705592785,2.0090664198173043
2018-09-21,2.2888049728463082,2.0130320275460623
2018-09-24,2.277098215692686,2.003246272616389
2018-09-25,2.286500471810597,2.010971976270983
2018-09-26,2.3015715713609763,2.0125175261003383
2018-09-27,2.314082099454522,2.003246272616389
2018-09-28,2.2901996639561877,1.9713086795992234
2018-10-01,2.30426722222316,1.972338885721368
2018-10-02,2.284476445960391,1.9563711721204116
2018-10-03,2.2914344894381355,1.9656435085119877
2018-10-04,2.2639833730007783,1.9429784925325377
2018-10-05,2.246539372573913,1.9264949539320915
2018-10-08,2.2217930883308235,1.9100118966239241
2018-10-09,2.228168300718731,1.9110415011307205
2018-10-10,2.1841175047034564,1.8724088918733837
2018-10-11,2.145185028441609,1.854894786181585
2018-10-12,2.1342196202326553,1.855410490858005
2018-10-15,2.141650074163259,1.8610769854990066
2018-10-16,2.1772491839979318,1.893012893993197
2018-10-17,2.1664189572570196,1.8724088918733837
2018-10-18,2.1544186167790196,1.8353213511531241
2018-10-19,2.1581875764286025,1.8497444775092817
2018-10-22,2.1411068175876102,1.8327458358477637
2018-10-23,2.116631276899753,1.8219280699499019
2018-10-24,2.120193269054888,1.7709331075499049
2018-10-25,2.1373603456023007,1.7982336901097948
2018-10-26,2.116166131635968,1.7889613537182185
2018-10-29,2.1203501077422064,1.786900460181652
2018-10-30,2.118499198330672,1.7966881402804393
2018-10-31,2.1552715433458522,1.8100806995452439
2018-11-01,2.157138402481476,1.8348061277689824
2018-11-02,2.1623389529783945,1.838411367904208
2018-11-05,2.164205696768774,1.8389268319344891
2018-11-06,2.159573533859375,1.845108068667354
2018-11-07,2.1864275844723995,1.8693180328608117
2018-11-08,2.185734465691185,1.8404721411177052
2018-11-09,2.1871787280869652,1.8373816430743426
2018-11-12,2.1699787161053767,1.7961735185116459
2018-11-13,2.1864822607478884,1.8105962838985943
2018-11-14,2.172435481910108,1.8162626582165264
2018-11-15,2.1592725972135995,1.8260491350846175
2018-11-16,2.158957053522484,1.824503825901401
2018-11-19,2.1462971303339833,1.8069908031172288
2018-11-20,2.1194085941045597,1.7719628323797703
2018-11-21,2.1421346993729293,1.7951425904510838
2018-11-22,2.1253942602672793,1.7951425904510838
2018-11-23,2.1328044156589048,1.7781444300818443
2018-11-26,2.1553690804834136,1.804929668934523
2018-11-27,2.155668645216546,1.7961735185116459
2018-11-28,2.1512522223197568,1.8239889634864688
2018-11-29,2.1596758067156805,1.8162626582165267
2018-11-30,2.162473582173338,1.8069908031172293
2018-12-03,2.180543759459782,1.830685543926545
2018-12-04,2.170011479540959,1.7838108043997767
2018-12-05,2.145479640702244,1.7838108043997767
2018-12-06,2.0881996999676047,1.7601158229443215
2018-12-07,2.097262130158914,1.7389963567942268
2018-12-10,2.075496317389674,1.7323000170002898
2018-12-11,2.0996021021578484,1.7359058587508636
2018-12-12,2.1279609644867703,1.7699029014277603
2018-12-13,2.1294915011112026,1.7688722140133377
2018-12-14,2.1192491602870334,1.7431166999905245
2018-12-17,2.1021219982760693,1.7312698108781452
2018-12-18,2.0864291144193636,1.734875772951789
2018-12-19,2.0960246734219,1.720452766918701
2018-12-20,2.0680777881360264,1.7122108772954086
2018-12-21,2.0685344101129117,1.688633692125118
2018-12-24,2.0555959365412875,1.6586460547743238
2018-12-27,2.042163211073121,1.7051793174294916
2018-12-28,2.0722606772346084,1.7129348612053528
2018-12-31,2.083563172778704,1.7201734970740976
2019-01-02,2.0745649489602553,1.7124175923290275
2019-01-03,2.0533382101690525,1.689668229877769
2019-01-04,2.1000028050884114,1.74654169616745
2019-01-07,2.096936641767747,1.7480933824733564
2019-01-08,2.1073989440137373,1.7594680035374513
2019-01-09,2.113353574807297,1.7822174863117792
2019-01-10,2.1155205515114877,1.780666040652012
2019-01-11,2.110184589532795,1.7656724626227538
2019-01-14,2.101071899124276,1.7594680035374513
2019-01-15,2.109549685108631,1.7615359961351256
2019-01-16,2.1111876134476173,1.7599850317676373
2019-01-17,2.111798196422919,1.7630870808256838
2019-01-18,2.147520715253822,1.7889386126580593
2019-01-21,2.1419468630772127,1.7889386126580593
2019-01-22,2.1361742106011197,1.7672234269902427
2019-01-23,2.136364974414233,1.778597807408198
2019-01-24,2.1405135870369723,1.7801493733910352
2019-01-25,2.156463086980763,1.808069258790294
2019-01-28,2.1421022841154107,1.8044500611789915
2019-01-29,2.1559923518875195,1.8127221518927603
2019-01-30,2.1587822605816402,1.8266822750769944
2019-01-31,2.159835613707862,1.8225461695585752
2019-02-01,2.1626387892770595,1.8266822750769944
2019-02-04,2.155574212109842,1.8256482186166219
2019-02-05,2.184152265785121,1.8427101502127639
2019-02-06,2.175921793019217,1.834954847083042
2019-02-07,2.1402447404761094,1.802381707612108
2019-02-08,2.1330202239449116,1.7951431920664327
2019-02-11,2.1517572618582324,1.7941092559291305
2019-02-12,2.1671178750114004,1.8168583777342497
2019-02-13,2.1721999084216517,1.8168583777342497
2019-02-14,2.166358238227249,1.8111709468791328
2019-02-15,2.202367480581289,1.843227659735229
2019-02-18,2.2056691066483993,1.843227659735229
2019-02-19,2.203578729217659,1.850982601895742
2019-02-20,2.21477308499833,1.8587385066408124
2019-02-21,2.2216191701768753,1.857187060981045
2019-02-22,2.2289086399307703,1.8644258171728596
2019-02-25,2.2347749426669234,1.8685620430143486
2019-02-26,2.2389824493478607,1.88303871313649
2019-02-27,2.2305318554157068,1.874248992577187
2019-02-28,2.240754372769211,1.8835561023358853
2019-03-01,2.2465635203395826,1.8969983550284453
2019-03-04,2.246540050338297,1.8887259033454675
2019-03-05,2.2515841357203286,1.8902773490052345
2019-03-06,2.2501989122090174,1.886141363809885
2019-03-07,2.2435187691009175,1.854602160476254
2019-03-08,2.2302782820432285,1.8618400744065808
2019-03-11,2.2410367111170473,1.874766261453512
2019-03-12,2.2410765749430794,1.8742489925771872
2019-03-13,2.248945727518243,1.8954478719532353
2019-03-14,2.262665892358049,1.8995843384408635
2019-03-15,2.293789814565527,1.9271591372764332
2019-03-18,2.294872031914347,1.9354528861427347
2019-03-19,2.3065139577715033,1.9416722652886715
2019-03-20,2.290765838337916,1.942191218687972
2019-03-21,2.293788130202146,1.9344159419286917
2019-03-22,2.2555684526866755,1.8758445968035076
2019-03-25,2.253526801105801,1.8794726983219632
2019-03-26,2.2646227449700906,1.8831011608096269
2019-03-27,2.265328515782101,1.888284558326077
2019-03-28,2.2617878211789866,1.8825829293487442
2019-04-01,2.272304541888104,1.9047124378612377
2019-04-02,2.276751440282462,1.9108885675219394
2019-04-03,2.3032707355165463,1.930960481180839
2019-04-04,2.305481704148123,1.9340474110665742
2019-04-05,2.311331562282409,1.9355923693576205
2019-04-08,2.3022726842310703,1.9366208681147818
2019-04-09,2.2917022566318974,1.9258130892130074
2019-04-10,2.2989338324387694,1.934562436986208
2019-04-11,2.298951058550506,1.9371354161629983
2019-04-12,2.299129509017462,1.9525756805808254
2019-04-15,2.3004844772726263,1.953089870225479
2019-04-16,2.313853575823393,1.9546339922415448
2019-04-17,2.3253112874361284,1.9705874905611915
2019-04-18,2.332993215116849,1.9716177813361666
2019-04-23,2.3336172561750566,1.9700733009165377
2019-04-24,2.3277190435596022,1.9551481818861987
2019-04-25,2.327263103068414,1.953089870225479
2019-04-26,2.335850640977854,1.9551481818861984
2019-04-29,2.33649177431373,1.9664711061754603
2019-04-30,2.349326985118847,1.983968726511173
2019-05-02,2.3295151126163627,1.960809046691558
2019-05-03,2.345468339315178,1.9783070254308333
2019-05-06,2.325523689419441,1.961324550482608
2019-05-07,2.2927906101039333,1.9139766920862167
2019-05-08,2.3032653715461686,1.926842902116565
2019-05-09,2.2613778784909604,1.9186083413272894
2019-05-10,2.2789579526596677,1.9309604811808385
2019-05-13,2.250219844878285,1.8882434357505404
2019-05-14,2.288731071817523,1.9067713468612282
2019-05-15,2.306897539238154,1.920152104939793
2019-05-16,2.342044099554969,1.9422829275986837
2019-05-17,2.3361688184142686,1.9330178370987243
2019-05-20,2.2992385704887877,1.9119179025540805
2019-05-21,2.3145545395613585,1.923240826843342
2019-05-22,2.3237960804372886,1.9180929570040934
2019-05-23,2.2842302923367233,1.8949344718630208
2019-05-24,2.3048983534167147,1.9186083413272892
2019-05-27,2.31341546692541,1.9186083413272892
2019-05-28,2.304578094976229,1.8964788328147952
2019-05-29,2.269209686471017,1.8784657086880323
2019-05-30,2.2873567043379395,1.8877293655737404
2019-05-31,2.267714595122911,1.867658049254112
2019-06-03,2.2848523932894564,1.8830977163326674
2019-06-04,2.2987961503951087,1.9170644582469314
2019-06-05,2.308572821852596,1.9139766920862162
2019-06-06,2.310135175692104,1.9206667724558633
2019-06-07,2.3457889777102747,1.951545509273703
2019-06-10,2.3497313815201664,1.9520600573219196
2019-06-11,2.3576174759352218,1.963898007530815
2019-06-12,2.358259453675111,1.9484582209844055
2019-06-13,2.3641095490705375,1.9505161742415624
2019-06-14,2.3605793272455737,1.9355923693576198
2019-06-17,2.3747161278362126,1.9361064395344192
2019-06-18,2.4225871862445354,1.9731611865451066
2019-06-19,2.4138599952545152,1.981909936979036
2019-06-20,2.4304624613309698,2.0014673025897194
2019-06-21,2.431277240790072,2.0013087687471414
2019-06-24,2.430416848994883,2.004462959034815
2019-06-25,2.4234007733769323,1.9902697000795564
2019-06-26,2.4153314651562794,1.9939488321187653
2019-06-27,2.400746174726595,1.997628919900808
2019-06-28,2.4222135234098743,2.0134001102748824
2019-07-01,2.4369894922239514,2.015502505573817
2019-07-02,2.454759696360407,2.0223365447078243
2019-07-03,2.4808202560305475,2.039158813263512
2019-07-04,2.4771015605917115,2.039158813263512
2019-07-05,2.4601672568071993,2.0244396568138843
2019-07-08,2.4628687432464407,2.013925290962126
2019-07-09,2.4564047997057488,2.0097205003642564
2019-07-10,2.4514430546104395,2.013400110274882
2019-07-11,2.447746054273763,2.0118226567274826
2019-07-12,2.449912576583881,2.0123492710289774
2019-07-15,2.452496690122015,2.014450949520787
2019-07-16,2.465987232473139,2.0107718174815785
2019-07-17,2.465534631990972,2.003411880853202
2019-07-18,2.458785190485519,2.0070912518281188
2019-07-19,2.454883106903309,1.991321017196878
2019-07-22,2.469881087527308,1.9981550563308859
2019-07-23,2.489405747267552,2.016027686261061
2019-07-24,2.4868209569948965,2.0165540616268474
2019-07-25,2.4768045125881963,1.995526046730456
2019-07-26,2.4851391598098282,2.0023605637358806
2019-07-29,2.4808772305078883,2.0060404125822147
2019-07-30,2.444118446963476,1.969241326779603
2019-07-31,2.4523004782070545,1.9529449557182843
2019-08-01,2.479892521857287,1.944534179844003
2019-08-02,2.395864985844452,1.9214040085843855
2019-08-05,2.354904179883239,1.885130700808289
2019-08-06,2.350248473879796,1.8940676131126484
2019-08-07,2.3682451662981476,1.907209435482731
2019-08-08,2.411871138870853,1.924558437807768
2019-08-09,2.383929728385406,1.914569372111108
2019-08-12,2.388900431351627,1.899325034974236
2019-08-13,2.4055338645663644,1.9219295476751925
2019-08-14,2.3558800657203367,1.8641025664440436
2019-08-15,2.357294349390709,1.8641025664440436
2019-08-16,2.384423310689211,1.8861822568613194
2019-08-19,2.408396933299806,1.9019530888318312
2019-08-20,2.4010219403908315,1.8940676131126484
2019-08-21,2.4315913591020366,1.9193011354140341
2019-08-22,2.4067350158422136,1.9124669768121723
2019-08-23,2.3843306605568326,1.8835539640680152
2019-08-26,2.394376687851982,1.902479225261909
2019-08-27,2.4139672948291566,1.9030046448848614
2019-08-28,2.4089721447353356,1.902479225261909
2019-08-29,2.443704394456834,1.9277117918204612
2019-08-30,2.455750917033011,1.927186611133217
2019-09-02,2.4602965954150906,1.927186611133217
2019-09-03,2.452525795240297,1.918775357387519
2019-09-04,2.4692894165914177,1.9466370530143544
2019-09-05,2.4860681170586236,1.962934021414944
2019-09-06,2.4948030596820976,1.9639850995965573
2019-09-09,2.4782188510077274,1.9708185413912935
2019-09-10,2.4619363687530926,1.972921892433062
2019-09-11,2.466282056461371,1.9808070097486827
2019-09-12,2.491358765300847,1.9997315541354508
2019-09-13,2.495204065853584,2.004988617593476
2019-09-16,2.4683421207876726,1.9802811122543134
2019-09-17,2.4751750979405913,1.993422934624396
2019-09-18,2.4834774097264076,1.992897276065735
2019-09-19,2.498219932704912,1.9997315541354508
2019-09-20,2.5044921931735957,1.9983108424128158
2019-09-23,2.4868215591405733,1.9883087547200433
2019-09-24,2.493227830784819,1.9804118100868533
2019-09-25,2.474266045608458,1.9677776066294408
2019-09-26,2.4927868005402933,1.9777798137900675
2019-09-27,2.4893039130081163,1.9740954251652723
2019-09-30,2.509911572906175,1.9867293896869758
2019-10-01,2.473459476954035,1.9651459687362176
2019-10-02,2.403739467258553,1.9151350524009383
2019-10-03,2.4051452557542494,1.929348859827126
2019-10-04,2.432888736503922,1.9446156569205948
2019-10-07,2.450891167162075,1.9451415544149642
2019-10-08,2.4211903605289944,1.9240846282978465
2019-10-09,2.442770208156028,1.9467204415766142
2019-10-10,2.4418120435550943,1.96619871946779
2019-10-11,2.474229815158658,2.0062074286424427
2019-10-14,2.471695260252067,2.0056803364695313
2019-10-15,2.492673442405244,2.03252858628884
2019-10-16,2.4816684837361946,2.0362132138493436
2019-10-17,2.4726067052365623,2.0409517868199623
2019-10-18,2.4602021701485492,2.0441090832718456
2019-10-21,2.457052020679859,2.0530584202330453
2019-10-22,2.456245359425779,2.0414774453786224
2019-10-23,2.449814455706715,2.0546382631375293
2019-10-24,2.4708288528600333,2.0551646385033155
2019-10-25,2.4733262457446257,2.0530584202330453
2019-10-28,2.4781215689941165,2.0583226517623245
2019-10-29,2.473964350636133,2.056743286729257
2019-10-30,2.469965413878879,2.0672724665949413
2019-10-31,2.467518678590915,2.062008235065662
2019-11-01,2.4804508464900845,2.075168574953152
2019-11-04,2.5066008658096437,2.087276403044778
2019-11-05,2.5097041281315855,2.0851704237102164
2019-11-06,2.5273756422544356,2.088329392712059
2019-11-07,2.532107607211596,2.0935941021127555
2019-11-08,2.523534663130358,2.0935941021127555
2019-11-11,2.524339134840207,2.0930667710041355
2019-11-12,2.5407172769601067,2.0925401567026407
2019-11-13,2.52894440895442,2.086750505550409
2019-11-14,2.5297301362971534,2.0862236523132056
2019-11-15,2.546943318709804,2.101489493663841
2019-11-18,2.534761929248798,2.1009631182980546
2019-11-19,2.530592257241215,2.098857855770618
2019-11-20,2.522941023809004,2.086223652313206
2019-11-21,2.5150277049124297,2.0893819045079236
2019-11-22,2.5172041294160317,2.0867505055504094
2019-11-25,2.5299041862150964,2.0935941021127564
2019-11-26,2.5300831620766733,2.095173228210115
2019-11-27,2.536231761733435,2.095173228210115
2019-11-28,2.5296971426110995,2.095173228210115
2019-11-29,2.527368589798822,2.090961030605283
2019-12-02,2.4820701611935063,2.065693101561876
2019-12-03,2.4736723123693376,2.0635873611630218
2019-12-04,2.5073988019568096,2.0835912976128586
2019-12-05,2.5076716543235236,2.081485318278297
2019-12-06,2.5387675307560333,2.094119521735709
2019-12-09,2.5276136081319853,2.079379816815152
2019-12-10,2.5210390685152047,2.0846442872801396
2019-12-11,2.5399107772994767,2.1020165858367537
2019-12-12,2.554665509563478,2.120967293683601
2019-12-13,2.5712759720532095,2.1320218931722374
2019-12-16,2.592337216636845,2.153605672526558
2019-12-17,2.5795453475924153,2.140971469069146
2019-12-18,2.5777775803299336,2.1330753607109356
2019-12-19,2.5756868606206993,2.132548746409441
2019-12-20,2.5913558565699213,2.1432628625134904
2019-12-23,2.589715600298283,2.143790432557819
2019-12-24,2.5902460189366066,2.140096247568976
2019-12-25,2.589852477234512,2.140096247568976
2019-12-27,2.595457483072248,2.160151316260428
2019-12-30,2.572105776368724,2.142207244553416
2019-12-31,2.570410806012541,2.152762468411325
2020-01-02,2.602271599416715,2.177566862180277
2020-01-03,2.5813455324141525,2.1495958534668107
2020-01-06,2.566826251678746,2.1532902773913625
2020-01-07,2.57845406032363,2.141151387657634
2020-01-08,2.5914383398207117,2.151706850451251
2020-01-09,2.607020966734119,2.160678886304757
2020-01-10,2.599875255652345,2.153818325307108
2020-01-13,2.5908846046806207,2.1590954593646456
2020-01-14,2.596724264685585,2.151706850451251
2020-01-15,2.594262335569056,2.1480126654624083
2020-01-16,2.5949612236445843,2.1585681282560256
2020-01-17,2.6157537564608373,2.1680679730895687
2020-01-20,2.6067728015247806,2.1680679730895687
2020-01-21,2.5975386258384034,2.14642876065088
2020-01-22,2.582060824921048,2.1385125816931567
2020-01-23,2.5548102302757796,2.1321793518041283
2020-01-24,2.585062541176657,2.1284854057509937
2020-01-27,2.5243260898621402,2.0767639486786904
2020-01-28,2.548708773059543,2.099985871250365
2020-01-29,2.5638480748055335,2.103152008323462
2020-01-30,2.5299143466872924,2.1010412502747307
2020-01-31,2.4967521371967876,2.0635694409848875
2020-02-03,2.5145218314851907,2.0725419547098105
2020-02-04,2.5610433172656393,2.1084298591881256
2020-02-05,2.5915949785873145,2.13112445065118
2020-02-06,2.6189971388407725,2.142734575662038
2020-02-07,2.6212414553314396,2.127956879963832
2020-02-10,2.614601714283806,2.1311244506511806
2020-02-11,2.6368159022162336,2.141151387657635
2020-02-12,2.662406454766235,2.1527624684113267
2020-02-13,2.664043193585407,2.1369296326244633
2020-02-14,2.6565733067860315,2.1369296326244633
2020-02-17,2.673280155023346,2.1369296326244633
2020-02-18,2.6640467838724233,2.1274295488552117
2020-02-19,2.6739930959298404,2.1385125816931576
2020-02-20,2.639376923801578,2.125846360850809
2020-02-21,2.623617253065076,2.1121242831126774
2020-02-24,2.522314501420945,2.0208204976375073
2020-02-25,2.4607347339820373,1.969099160033058
2020-02-26,2.469824979825292,1.9696272079488037
2020-02-27,2.3932072200311056,1.913683637439766
2020-02-28,2.311635164902626,1.8983784911650856
2020-03-02,2.3236339949447946,1.9395446049116263
2020-03-03,2.3439763486527045,1.9131560673954373
2020-03-04,2.387791491395777,1.9828214767068983
2020-03-05,2.363503762754091,1.9157949928277687
2020-03-06,2.2810424762844237,1.8809622284381111
2020-03-09,2.1241926848363555,1.7052159352925456
2020-03-10,2.0636249983737067,1.759047911477872
2020-03-11,2.05505146812648,1.6640500604817134
2020-03-12,1.8195094370124507,1.4566374984231505
2020-03-13,1.847525839374365,1.5468855464703921
2020-03-16,1.7776474367477846,1.3695559458525695
2020-03-17,1.844537037947945,1.4402768536562502
2020-03-18,1.789186780933295,1.3294452111303945
2020-03-19,1.8313276713281479,1.348972948713226
2020-03-20,1.863521801291072,1.3526672531699233
2020-03-23,1.8156943528057359,1.3684552885114458
2020-03-24,1.9575833348099967,1.4971948039844785
2020-03-25,1.9930646237187533,1.5528229793583201
2020-03-26,2.0230883417777394,1.6179875567291022
2020-03-27,1.955823615086524,1.5538826592254384
2020-03-31,1.9735552396575644,1.5382444654948426
2020-04-01,1.9121370272959701,1.4600553775485603
2020-04-02,1.9173410270724345,1.4814270231894489
2020-04-03,1.9138708303983374,1.4564065714678394
2020-04-06,1.9924149589156464,1.5450210043570172
2020-04-07,2.028132346499934,1.5533609982053287
2020-04-08,2.0223417146159175,1.5710840728538342
2020-04-09,2.0462050709336372,1.610700101530832
2020-04-14,2.080852388642508,1.6226889014598647
2020-04-15,2.0170932712144976,1.5512761172874197
2020-04-16,2.02354777792575,1.5444996959694137
2020-04-17,2.0779457555622285,1.6002746390437683
2020-04-20,2.099763912991156,1.5794243017904832
2020-04-21,2.030623294150652,1.5392870822700502
2020-04-22,2.0497982018024206,1.5564887309867832
2020-04-23,2.0515656979724635,1.5398082731134857
2020-04-24,2.0267161712232036,1.557010039374387
2020-04-27,2.076768870584633,1.5877645307271322
2020-04-28,2.0949486460265514,1.5966259505072162
2020-04-29,2.1303409729902376,1.6518799378264726
2020-04-30,2.098353896315786,1.6195616388550849
2020-05-04,2.0323698617477137,1.5762965690090291
2020-05-05,2.066872528262885,1.5731691888600807
2020-05-06,2.050660989463672,1.5517971905866865
2020-05-07,2.0812582926857415,1.5799457277222557
2020-05-08,2.0968856576159394,1.606529987062508
2020-05-11,2.0903745105351734,1.5966259505072165
2020-05-12,2.099605170492187,1.573169188860081
2020-05-13,2.0499574815840385,1.5439785051259787
2020-05-14,2.007353548256587,1.5340742334823496
2020-05-15,2.0192422789404585,1.5377233921955766
2020-05-18,2.112220351746585,1.6247741350102802
2020-05-19,2.1109006706371036,1.6023598725941839
2020-05-20,2.1390854984636802,1.643539591345656
2020-05-21,2.114056318131496,1.6279013976150603
2020-05-22,2.1177210925722374,1.625295208309547
2020-05-25,2.160213927621298,1.625295208309547
2020-05-26,2.1679051682435526,1.672730392623927
2020-05-27,2.193727677344279,1.7180801082995552
2020-05-28,2.225455859106984,1.7342392577852495
2020-05-29,2.2063599464711667,1.7389305630970087
2020-06-01,2.2190985256055935,1.7738548162855725
2020-06-02,2.2686191547774643,1.807737510596446
2020-06-03,2.3355936105727477,1.8796717207006635
2020-06-04,2.3250391330721993,1.8827986306729374
2020-06-05,2.3848011026233116,1.9385746316448094
2020-06-08,2.367227725265529,1.9604669979524592
2020-06-09,2.34836421014594,1.9224146593499356
2020-06-10,2.335886998730924,1.9109470502643382
2020-06-11,2.249299630574972,1.7894930100161686
2020-06-12,2.2500828571899425,1.8207685746681803
2020-06-15,2.2393354648825534,1.8379701058407447
2020-06-16,2.3062037515523075,1.8629916154598716
2020-06-17,2.32487815317114,1.8702887574446387
2020-06-18,2.3157717478298903,1.8609056766444452
2020-06-19,2.3360908644475264,1.8489168767154127
2020-06-22,2.322530690695458,1.877559334447309
2020-06-23,2.362661597165718,1.898093595431312
2020-06-24,2.2985008377956415,1.8449149679523107
2020-06-25,2.3144921227013535,1.8733474917991428
2020-06-26,2.3076788263032606,1.8396494593770913
2020-06-29,2.3270726402487822,1.8680817481355863
2020-06-30,2.332698814398902,1.8707148550557016
2020-07-01,2.32802363214386,1.871241452930891
2020-07-02,2.385710939330551,1.9054649077864463
2020-07-03,2.371887894782033,1.9054649077864463
2020-07-06,2.4034243893408576,1.9444269207095262
2020-07-07,2.3888539504618937,1.9102031132214652
2020-07-08,2.3660064434362242,1.9275783746751747
2020-07-09,2.3534028869018564,1.9007257619980793
2020-07-10,2.3725027828901086,1.9233662969386713
2020-07-13,2.4089087173581163,1.920207297408378
2020-07-14,2.3941690478467352,1.9533779091460601
2020-07-15,2.43151250440112,1.9797038064037973
2020-07-16,2.422415820723234,1.9739121701300628
2020-07-17,2.432341908148631,1.9828631585665966
2020-07-20,2.45176641617175,1.9970775397833156
2020-07-21,2.461166021686463,2.004976272822819
2020-07-22,2.4436752814328884,2.0118211048469323
2020-07-23,2.4475002469986564,1.991813911914793
2020-07-24,2.4029505120534185,1.9770712872045249
2020-07-27,2.3982654433210837,1.9976053131001905
2020-07-28,2.3933989229841752,1.9833888160884372
2020-07-29,2.3994365104360735,2.0065558313600502
2020-07-30,2.3271175212562776,1.9681199461354855
2020-07-31,2.316276143751728,1.9244192576007129
2020-08-03,2.3689681622400673,1.9649612992376981
2020-08-04,2.365053209773436,1.9754917286672944
2020-08-05,2.367783711661083,1.9865479331629001
2020-08-06,2.3474594647243294,1.9886543246636579
2020-08-07,2.359140706327971,1.9781235426015562
2020-08-10,2.3555040328140477,1.9770712872045262
2020-08-11,2.4014984800801153,1.9912868438629308
2020-08-12,2.4281010562405125,2.0391994925900385
2020-08-13,2.4176304043196915,2.0239305050929177
2020-08-14,2.393756351238314,2.0070824292352403
2020-08-17,2.3996382056451413,2.0176125060323304
2020-08-18,2.3934339716185082,2.014453388957868
2020-08-19,2.4098319659622733,2.0118211048469328
2020-08-20,2.38205238405993,2.0002378322994634
2020-08-21,2.371115547235148,1.9797038064037977
2020-08-24,2.415804781989208,2.0191920645695607
2020-08-25,2.414754506744454,2.02919648384481
2020-08-26,2.4349952629416096,2.0455184320039725
2020-08-27,2.4171963858495484,2.018139103907519
2020-08-28,2.4058625104305005,2.0334083264929768
2020-08-31,2.378106198955626,2.006029468573198
2020-09-01,2.3809729844308034,2.0081351548089437
2020-09-02,2.4228968276893506,2.048677313990097
2020-09-03,2.3968846097519827,2.0012907929615045
2020-09-04,2.369238102572176,2.003397184462262
2020-09-07,2.4032204368259324,2.003397184462262
2020-09-08,2.371737075404047,1.968119946135485
2020-09-09,2.4073623920033023,2.019719367709761
2020-09-10,2.4015151193946576,1.9949727939009176
2020-09-11,2.406816044258566,2.012874535685648
2020-09-14,2.407129702970333,2.0160331825834357
2020-09-15,2.4133923180208763,2.027616220042568
2020-09-16,2.4165360445106026,2.0139270261710154
2020-09-17,2.4006778292499855,2.0202452603199395
2020-09-18,2.3771387045076153,1.9981316758870429
2020-09-21,2.2810974967268676,1.9263882399684131
2020-09-22,2.283198820946745,1.9200395618798298
2020-09-23,2.2898225253700977,1.8898816071825726
2020-09-24,2.274102965972056,1.896759704206391
2020-09-25,2.2563577597587603,1.89199787239349
2020-09-28,2.3191263420835644,1.9332661019038944
2020-09-29,2.315987514235279,1.9369696835671684
2020-09-30,2.300143102389148,1.9232132544311942
2020-10-01,2.3073582349282025,1.9306213581110905
2020-10-02,2.305031287111765,1.9248010410602252
2020-10-05,2.3279723563675074,1.960778137366662
2020-10-06,2.340475232010062,1.9364409698969443
2020-10-07,2.349649885261834,1.9565453718564898
2020-10-08,2.3611201630891685,1.9724186539242237
2020-10-09,2.366287816176991,1.9898777243701231
2020-10-12,2.386289437206182,2.0046925211998925
2020-10-13,2.3696397031516003,1.976121530322486
2020-10-14,2.363262574031852,1.9660693881147973
2020-10-15,2.3045252904011737,1.933266101903893
2020-10-16,2.342695755111132,1.9533712091284503
2020-10-19,2.3403779036884207,1.9433191844649302
2020-10-20,2.3382852990325413,1.9586624598765865
2020-10-21,2.3064671254156486,1.9332661019038928
2020-10-22,2.2993941339534043,1.9322078517542658
2020-10-23,2.3224054803360437,1.952842142825721
2020-10-26,2.264582776954385,1.8882941731860459
2020-10-27,2.2332907043183448,1.8554912396076473
2020-10-28,2.1503885852126823,1.778245090981626
2020-10-29,2.1377856291958004,1.783006922794527
2020-10-30,2.1353866393406804,1.7771867232878302
2020-11-02,2.177154694960386,1.8099900094987342
2020-11-03,2.23264363619375,1.8692475511994529
2020-11-04,2.2712540600663185,1.892526821152049
2020-11-05,2.3064905783339436,1.9491386787066154
2020-11-06,2.2981149113704404,1.9549587606691436
2020-11-09,2.4391258936024647,2.052838612645778
2020-11-10,2.4740751014231157,2.0904033780370774
2020-11-11,2.4848800184594997,2.1015145932035733
2020-11-12,2.4559627263101995,2.0665950417817522
2020-11-13,2.453087226507302,2.097282062781739
2020-11-16,2.4872391259100812,2.114212184469077
2020-11-17,2.4959305645057515,2.117916001220688
2020-11-18,2.507565356478131,2.104688285754938
2020-11-19,2.4911505186714966,2.116328449679995
2020-11-20,2.499431273730384,2.113683470798854
2020-11-23,2.495133627424958,2.115799265833097
2020-11-24,2.5245827857325023,2.149131970979236
2020-11-25,2.5194707863525534,2.152835317554173
2020-11-26,2.5107942717863203,2.152835317554173
2020-11-27,2.5229727045194266,2.1687080119010638
2020-11-30,2.4928395108842323,2.1337886955675796
2020-12-01,2.5205664929106777,2.1877546338876566
2020-12-02,2.5245419831256126,2.188812766493115
2020-12-03,2.5271605092640983,2.187225685129096
2020-12-04,2.5377828228895356,2.2073309098978218
2020-12-07,2.524753640112002,2.195162032302542
2020-12-08,2.5211682636068296,2.1999235114829374
2020-12-09,2.52658965323251,2.191457980462594
2020-12-10,2.510561185242513,2.195162032302542
2020-12-11,2.4927512301291306,2.178230970261855
2020-12-14,2.506495612818658,2.1808764193196706
2020-12-15,2.5202470202882084,2.2120923890782183
2020-12-16,2.521550237867859,2.221616287792357
2020-12-17,2.534562581994616,2.243308358836766
2020-12-18,2.51608635147505,2.2274354294015373
2020-12-21,2.448927007573381,2.1891143848296646
2020-12-22,2.479338862084431,2.1875176648438224
2020-12-23,2.513667681840716,2.2189200596537204
2020-12-24,2.5191799285725627,2.2258389445040323
2020-12-28,2.5340312911799896,2.241274374543847
2020-12-29,2.5353022828767693,2.2449993492458
2020-12-30,2.525788364313396,2.2460645345013726
2020-12-31,2.509538099071067,2.2205170147278994
2021-01-04,2.52360684996294,2.2370162194932637
2021-01-05,2.5078595765629244,2.2513864642775054
2021-01-06,2.548545239895745,2.2875792541332665
2021-01-07,2.5574507312523043,2.288643499035491
2021-01-08,2.5712079174427744,2.2992887691177786
2021-01-11,2.5513353813272155,2.2641611645175903
2021-01-12,2.5525908518490645,2.2678861392195437
2021-01-13,2.54895583031596,2.263095979262018
2021-01-14,2.5616211827173894,2.2774662240462593
2021-01-15,2.5298112314567085,2.2332905395262994
2021-01-18,2.536429407501523,2.2332905395262994
2021-01-19,2.5222936358542705,2.2508549295472364
2021-01-20,2.550833534120041,2.264692464159523
2021-01-21,2.5420489937596535,2.270015569377341
2021-01-22,2.5288393737941517,2.256176389146695
2021-01-25,2.4741037105168493,2.234355019516861
2021-01-26,2.499861353407687,2.253515424258629
2021-01-27,2.455892976582656,2.19071086972717
2021-01-28,2.476006346823113,2.2173231045795414
2021-01-29,2.4248032706999565,2.169421505004279
2021-02-01,2.4469171712850293,2.199226709651661
2021-02-02,2.4954696125582148,2.2322258244474007
2021-02-03,2.513221676995476,2.2380806994838256
2021-02-04,2.543699322201635,2.245531589241081
2021-02-05,2.5573668097969997,2.2678861392195446
2021-02-08,2.5639695848888273,2.2811930794549107
2021-02-09,2.5605037192917997,2.2854505292404816
2021-02-10,2.561764727398687,2.2737407791676323
2021-02-11,2.573659471914747,2.2934336589930178
2021-02-12,2.5941278806155834,2.3083366139492143
2021-02-15,2.6399054783377336,2.3083366139492143
2021-02-16,2.6382611797391156,2.322707093821793
2021-02-17,2.622186965687636,2.3019497340058463
2021-02-18,2.607464648952366,2.2987565291224987
2021-02-19,2.639502827011275,2.3115300539208983
2021-02-22,2.6370019140013423,2.3072721339586533
2021-02-23,2.6336716041062873,2.3099335690233933
2021-02-24,2.6469327584928934,2.3274972537793195
2021-02-25,2.637531553197557,2.283321334171022
2021-02-26,2.6017623270519845,2.260967019280896
2021-03-01,2.6512879569539125,2.303546924168363
2021-03-02,2.6594477430478896,2.3062083592331035
2021-03-03,2.6829668606026518,2.292369649179131
2021-03-04,2.673321762639737,2.268418614303163
2021-03-05,2.649085436878803,2.2785314093018334
2021-03-08,2.711226184921552,2.2902402190213342
2021-03-09,2.715087788674107,2.3227070938217937
2021-03-10,2.7302127604314834,2.348787793943896
2021-03-11,2.7425655551808554,2.3716736435642916
2021-03-12,2.7383825901634786,2.3716736435642916
2021-03-15,2.7272085912771877,2.3610288436586777
2021-03-16,2.744047450341338,2.35730339878005
2021-03-17,2.752863583726301,2.381254433656018
2021-03-18,2.771044726841976,2.35251347391086
2021-03-19,2.7275671857888697,2.353578424078096
2021-03-22,2.7212221673311063,2.354642198803646
2021-03-23,2.7080119306074266,2.32642031410689
2021-03-24,2.712362434953596,2.320563088187094
2021-03-25,2.715421162534718,2.3354728607050674
2021-03-26,2.732434155527921,2.3652919355643403
2021-03-30,2.777045730594753,2.3738266717002596
2021-03-31,2.765452586213992,2.374359636403358
2021-04-01,2.7863081120983257,2.4154356005359725
2021-04-06,2.7975332283483776,2.43303897956076
2021-04-07,2.7874764233455673,2.4367727941444643
2021-04-08,2.786418249763376,2.4485093222108403
2021-04-09,2.7789054141993916,2.4527765725225685
2021-04-12,2.7706841077731585,2.4437084006586254
2021-04-13,2.7692020199948675,2.458644365530831
2021-04-14,2.777443152744152,2.4575772585623206
2021-04-15,2.783421531261499,2.476248451093007
2021-04-16,2.813304667564156,2.5109222444394836
2021-04-19,2.8073589066204154,2.505053980406296
2021-04-20,2.7401042884620264,2.4575772585623206
2021-04-21,2.7531539792360475,2.492784487636821
2021-04-22,2.777388436375669,2.4858502941974363
2021-04-23,2.775771473935203,2.512522316111093
2021-04-26,2.7911105810320613,2.516256130694797
2021-04-27,2.7889820460239516,2.5135891875671406
2021-04-28,2.798056039094178,2.5231912661840328
2021-04-29,2.786969605861081,2.522657594943546
2021-04-30,2.7741931594516602,2.4789153942206634
2021-05-03,2.79457066666816,2.509854901958511
2021-05-04,2.743706072324073,2.4591780367713176
2021-05-05,2.7991611122207862,2.499719623126057
2021-05-06,2.800279224279887,2.523191266184033
2021-05-07,2.8152073806511253,2.561065202873728
2021-05-10,2.821104035243539,2.532259673560439
2021-05-11,2.773140566168735,2.500252352316693
2021-05-12,2.7764414323787663,2.4746479083964723
2021-05-13,2.776837757960555,2.5018536015506156
2021-05-14,2.819948804941741,2.5605327091955545
2021-05-17,2.821914636077266,2.5503969593381757
2021-05-18,2.8263132658024412,2.546663615779396
2021-05-19,2.7774244983923957,2.511989115895531
2021-05-20,2.820253896152727,2.5573313882900237
2021-05-21,2.8415925037522984,2.5653336307477694
2021-05-24,2.848499271927706,2.5856041884126766
2021-05-25,2.84410035049793,2.5888050382932826
2021-05-26,2.8407857466449697,2.5733351666681274
2021-05-27,2.846829096876564,2.57920295967639
2021-05-28,2.8685832684767827,2.5930720530925475
2021-05-31,2.8514702557453253,2.5930720530925475
2021-06-01,2.879403431257448,2.604274674405974
2021-06-02,2.892426701927229,2.609076066983114
2021-06-03,2.8956471245302122,2.589871674236867
2021-06-04,2.8974603130802112,2.6074752887741175
2021-06-07,2.9078354623428897,2.6186779100875444
2021-06-08,2.9002175478078707,2.6154768246944755
2021-06-09,2.893166300941895,2.6101424674142373
2021-06-10,2.8904427613864643,2.611742539085846
2021-06-11,2.910829774105574,2.623479538177148
2021-06-14,2.9161090632500732,2.6298798248635835
2021-06-15,2.9236763609020318,2.632547003503703
2021-06-16,2.9202062631183217,2.6064081818056075
2021-06-17,2.9264438701898854,2.5898716742368677
2021-06-18,2.8705135042411674,2.5343938874974596
2021-06-21,2.890419014474069,2.5701847164545404
2021-06-22,2.8927199503517285,2.571264541096036
2021-06-23,2.8657541850246524,2.545892312464042
2021-06-24,2.898505512017777,2.576663193278593
2021-06-25,2.894900894196838,2.5755828976121706
2021-06-28,2.8693156143787806,2.556688910291767
2021-06-29,2.8813725510567556,2.5561488802147876
2021-06-30,2.854655904636449,2.5280772077352833
2021-07-01,2.868541661287787,2.5345554490468736
2021-07-02,2.8680428467008006,2.537254892894383
2021-07-05,2.8723390049662054,2.537254892894383
2021-07-06,2.8405314433933095,2.5048643928738183
2021-07-07,2.856603909631923,2.521598966423692
2021-07-08,2.7968378983771824,2.4767924848818517
2021-07-09,2.851748901130593,2.5313162106348464
2021-07-12,2.8708332852238216,2.5448117812851567
2021-07-13,2.8659221834256305,2.5226785555527256
2021-07-14,2.8687190749460276,2.5367146273049404
2021-07-15,2.8401399547904003,2.5075633656964023
2021-07-16,2.822423057055456,2.4859696990160263
2021-07-19,2.745546446153302,2.4255070554910314
2021-07-20,2.7653188050505664,2.4471007221714083
2021-07-21,2.810422732665744,2.494067088508705
2021-07-22,2.8223581231205714,2.5010851243848125
2021-07-23,2.862849961345601,2.526998089631175
2021-07-26,2.864565989550027,2.5323957997638806
2021-07-27,2.838543251964962,2.522138996500672
2021-07-28,2.8557963051977433,2.537254892894383
2021-07-29,2.875613528064253,2.556688910291767
2021-07-30,2.8656844843661147,2.538873805563009
2021-08-02,2.8804092925049964,2.545352517899525
2021-08-03,2.8889455376482758,2.561547296884882
2021-08-04,2.9019482092092295,2.5626273570388416
2021-08-05,2.9098613616159943,2.5745033084831377
2021-08-06,2.922779487955221,2.5701847164545404
2021-08-09,2.9215288264970605,2.565326565373888
2021-08-10,2.923679420646818,2.569105127325506
2021-08-11,2.9426439268012525,2.5853003773357885
2021-08-12,2.959286519156393,2.5928579722639498
2021-08-13,2.964412488657593,2.608513898734641
2021-08-16,2.9433273145722136,2.593398237853392
2021-08-17,2.940690760429158,2.5669457135549756
2021-08-18,2.9362102932493364,2.552369847238244
2021-08-19,2.8914323306728837,2.525378234912699
2021-08-20,2.9043108383122305,2.5394140711524518
2021-08-23,2.917893697527289,2.5674855081194927
2021-08-24,2.9125616376991177,2.566406154502922
2021-08-25,2.908655722236678,2.569105127325506
2021-08-26,2.9016518087295666,2.556688910291767
2021-08-27,2.912836626566401,2.5842207882067547
2021-08-30,2.9180228462711755,2.588539615747815
2021-08-31,2.9101298320382014,2.587999821183298
2021-09-01,2.924810093219332,2.612832490763239
2021-09-02,2.9230112836445836,2.622549734974393
2021-09-03,2.9010743078586705,2.6058146903995945
2021-09-06,2.927858474226719,2.6058146903995945
2021-09-07,2.9140667487662797,2.6090532222742326
2021-09-08,2.887915770051878,2.5799021961781574
2021-09-09,2.89145531826428,2.5734239548665667
2021-09-10,2.885179076951156,2.5647867708093712
2021-09-13,2.892974166835357,2.5885396157478153
2021-09-14,2.894607799379042,2.580441990742674
2021-09-15,2.867288084693776,2.5761236342265392
2021-09-16,2.8871421668001207,2.5777423113827016
2021-09-17,2.8642274784365216,2.534555449046874
2021-09-20,2.8126881217529345,2.477523044541159
2021-09-21,2.8336950380275088,2.5099587629545628
2021-09-22,2.8643682597585123,2.5413127726267684
2021-09-23,2.8947031982624103,2.5775322342659694
2021-09-24,2.8708772613185727,2.551043205535834
2021-09-27,2.8828337414843404,2.5521244432521066
2021-09-28,2.8184669332966026,2.4867134473732446
2021-09-29,2.8413597816430163,2.47319832918853
2021-09-30,2.8202346538393908,2.4483317458139604
2021-10-01,2.8120933815386238,2.461305420846919
2021-10-04,2.797574684186168,2.439681844083779
2021-10-05,2.8533055998625763,2.4629271596650963
2021-10-06,2.8129990539060183,2.4456282982545843
2021-10-07,2.8602274020864433,2.4731983291885298
2021-10-08,2.8465475300219434,2.4667113739158193
2021-10-11,2.8482475276694155,2.451034251323485
2021-10-12,2.8370589040264607,2.449411805967919
2021-10-13,2.8408878697855915,2.4861727107588756
2021-10-14,2.8756415743889137,2.5250946779076022
2021-10-15,2.906144302009522,2.544556485775585
2021-10-18,2.895465943151616,2.5283383910564203
2021-10-19,2.900310181474801,2.538609796092317
2021-10-20,2.8995200644800803,2.5483404645138448
2021-10-21,2.888549674134175,2.540772271524862
2021-10-22,2.9032638075932993,2.560233608367919
2021-10-25,2.911736108109117,2.54888096561575
2021-10-26,2.933153530043635,2.564558323720547
2021-10-27,2.925822149424042,2.558612105062204
2021-10-28,2.9245946301595063,2.589965643709484
2021-10-29,2.9439307256321117,2.581316213004228
2021-11-01,2.9756907107132746,2.6067242395305534
2021-11-02,2.986820857860261,2.6088864794506366
2021-11-03,2.999062848665585,2.63483524259133
2021-11-04,3.011840379958452,2.6299693195994087
2021-11-05,3.0201606708003497,2.6488903908530235
2021-11-08,3.0148803677478497,2.6467274443955526
2021-11-09,3.0042181560796646,2.64618717880611
2021-11-10,3.015041046196997,2.608345742836269
2021-11-11,3.0195804378877567,2.6164551434645444
2021-11-12,3.025662484556875,2.62348259983916
2021-11-15,3.043318407155456,2.6099679526793715
2021-11-16,3.0440678179347276,2.6099679526793715
2021-11-17,3.0421349297657443,2.610508453781277
2021-11-18,3.0339169995511193,2.617536381180818
2021-11-19,3.016232230625277,2.575369758833423
2021-11-22,3.0129564485229703,2.5467189612081302
2021-11-23,2.979527094463894,2.5402315349104936
2021-11-24,2.9728069237145345,2.5180676925579113
2021-11-25,2.9800718747370274,2.5180676925579113
2021-11-26,2.8470873056313892,2.4315731499928894
2021-11-29,2.85708676812663,2.4396818440837778
2021-11-30,2.8214635112592905,2.4202207427531834
2021-12-01,2.89652299751895,2.421842246058898
2021-12-02,2.857438745065303,2.447250037072761
2021-12-03,2.8475357629064733,2.422383218185728
2021-12-06,2.8888788377636105,2.454277728959839
2021-12-07,2.949398294479201,2.5256361210593568
2021-12-08,2.9341280722198304,2.523473410114349
2021-12-09,2.9204828470328557,2.4861727107588742
2021-12-10,2.9161751491839403,2.4975253535110435
2021-12-13,2.90780246419861,2.473198329188528
2021-12-14,2.8815759146841082,2.4586024443124663
2021-12-15,2.8839981261823118,2.4948216704392046
2021-12-16,2.9126129772679126,2.4877946850895145
2021-12-17,2.874635287650993,2.4434660583344994
2021-12-20,2.840400054950897,2.4463134040085874
2021-12-21,2.8870004882934306,2.482449258723529
2021-12-22,2.911530060923136,2.515848223109391
2021-12-23,2.9387288033361445,2.5350111656622025
2021-12-24,2.9329250707795533,2.5350111656622025
2021-12-27,2.9584772078314905,2.5585546400213026
2021-12-28,2.9766946515155532,2.555817043154835
2021-12-29,2.960075532763032,2.554174579239939
2021-12-30,2.9678463644470447,2.549793576408725
2021-12-31,2.9622595609480404,2.5547219102032623
2022-01-03,2.9937065441694073,2.5771700160983277
2022-01-04,3.028484107183342,2.586477939649303
2022-01-05,3.0546272507171786,2.573884852756074
2022-01-06,3.0133852726807717,2.5629347008026655
2022-01-07,3.0017472415803357,2.5689569899864617
2022-01-10,2.9724042779040736,2.54322348523668
2022-01-11,2.994304413058261,2.5673138195341787
2022-01-12,3.021457364318708,2.594143163772921
2022-01-13,3.0268158055251977,2.572789719804502
2022-01-14,3.0084641488728945,2.573337521792751
2022-01-17,3.0180271410867756,2.573337521792751
2022-01-18,2.9973032587196218,2.533916268223093
2022-01-19,2.9917738130205414,2.5372014315653466
2022-01-20,2.992663329998822,2.5257034776236895
2022-01-21,2.9494196955342464,2.4939469771527234
2022-01-24,2.845880923901815,2.4616438522558215
2022-01-25,2.8668579075244325,2.4342671770537563
2022-01-26,2.9182284371015017,2.445218506569478
2022-01-27,2.9443901422982677,2.436457442956901
2022-01-28,2.9090682618842294,2.446860263946986
2022-01-31,2.915736365380525,2.481901456735281
2022-02-01,2.9489834623112436,2.510920124827317
2022-02-02,2.948604488208479,2.5185858199758595
2022-02-03,2.9089664090438077,2.478068962429704
2022-02-04,2.8748732066499523,2.4742364681241265
2022-02-07,2.8937237159047036,2.4758791675514846
2022-02-08,2.913821004342893,2.4895673873962862
2022-02-09,2.9543014303457653,2.5322738043081983
2022-02-10,2.9555007147496455,2.5038024671794856
2022-02-11,2.940858783429295,2.4359101119935778
2022-02-14,2.8738756014575846,2.409629276280473
2022-02-15,2.928309399276201,2.476426734027271
2022-02-16,2.9154491083440637,2.4862819885415695
2022-02-17,2.896732764794718,2.438647708860046
2022-02-18,2.878903908451826,2.4276973213941746
2022-02-21,2.8262843169243945,2.4276973213941746
2022-02-22,2.8197908169911696,2.3691133607841675
2022-02-23,2.817883980002833,2.3461165108510023
2022-02-24,2.6950046786187936,2.302863234000693
2022-02-25,2.782746143637776,2.364732357952953
2022-02-28,2.7290135326120124,2.285342755362776
2022-03-01,2.6189090805218935,2.191169564463763
2022-03-02,2.6529378274422006,2.2355182097781077
2022-03-03,2.600436644211157,2.172005915373563
2022-03-04,2.487214210840522,2.058670017434201
2022-03-07,2.4530942364582042,1.9820175406855665
2022-03-08,2.4562422665503565,2.0400546413571754
2022-03-09,2.6166967283750364,2.1829565383518967
2022-03-10,2.545066195854045,2.1178020155449193
2022-03-11,2.5688259697474,2.0997342059436797
2022-03-14,2.6189561308713762,2.144629946708885
2022-03-15,2.6180497033768932,2.1654360597139806
2022-03-16,2.7006865177390758,2.268916703139044
2022-03-17,2.6987705814785925,2.271654771030437
2022-03-18,2.6911100969874644,2.2793199951540544
2022-03-21,2.683427889880541,2.247927832462891
2022-03-22,2.7118847014600114,2.280856242948271
2022-03-23,2.683662768892074,2.2281709274791406
2022-03-24,2.681689598282071,2.247927832462891
2022-03-25,2.6867912316534537,2.250122808615289
2022-03-28,2.7014207204645313,2.2676852084715664
2022-03-30,2.681457676328449,2.2443068811632934
2022-03-31,2.6524085181723542,2.1863931191747237
2022-04-01,2.666656196412906,2.211896023486093
2022-04-04,2.681433427886384,2.215615287284602
2022-04-05,2.6699437414041247,2.1688593166915595
2022-04-06,2.6314676998482813,2.1252906676188323
2022-04-07,2.6206504277659817,2.1268844423829063
2022-04-08,2.6658131683571087,2.1274154726297634
2022-04-11,2.666227585928131,2.1130701317060865
2022-04-12,2.655845004970885,2.099255365013598
2022-04-13,2.6493622368113887,2.1236968928547575
2022-04-14,2.6710113699758233,2.1114763569420125
2022-04-19,2.656211417101843,2.1236968928547575
2022-04-20,2.692887084948825,2.1545135197522143
2022-04-21,2.710720347027903,2.1343231979877593
2022-04-22,2.667303204126277,2.1008495957933415
2022-04-25,2.619905698921407,2.0801277877663606
2022-04-26,2.6080209906899987,2.0083997151009716
2022-04-27,2.614233816466401,2.008930973355663
2022-04-28,2.640253757756941,2.0477178421204987
2022-04-29,2.6595474612154577,2.0169005311995383
2022-05-02,2.6210446780746635,2.016369272944847
2022-05-03,2.650022348524569,2.0323090726561013
2022-05-04,2.620816128909584,2.076408979983521
2022-05-05,2.601507828624839,2.005211481549319
2022-05-06,2.5775394283727517,1.9759890854316062
2022-05-09,2.531782647411421,1.9212628729711847
2022-05-10,2.540579421655321,1.9419839969746617
2022-05-11,2.5867355600792092,1.93932747769337
2022-05-12,2.5738378894016423,1.9356082138948607
2022-05-13,2.6176917402603044,1.9951164346710082
2022-05-16,2.6256074743733273,1.9929914016522425
2022-05-17,2.654803742439288,2.050374133393955
2022-05-18,2.6348386038058527,1.979707893214445
2022-05-19,2.6029638134416815,2.0004299292492607
2022-05-20,2.6147162826086636,2.0036174787774095
2022-05-23,2.6518247494244074,2.055155913701847
2022-05-24,2.6212707510868474,2.0445289245453417
2022-05-25,2.6507665777194513,2.0498431031470985
2022-05-26,2.690753859691946,2.0886295158962653
2022-05-27,2.7062429917513504,2.1284791291783187
2022-05-30,2.710534115295221,2.1284791291783187
2022-05-31,2.689514732798527,2.117320653759287
2022-06-01,2.6760408042128736,2.0822535048086297
2022-06-02,2.685324121386669,2.1391047502878164
2022-06-03,2.6801822924597984,2.1088198376607203
2022-06-06,2.7202124535545935,2.1258216978656885
2022-06-07,2.7003613811189604,2.1279471869001236
2022-06-08,2.6822333685441113,2.097130560002667
2022-06-09,2.6391939116529746,2.035497078199919
2022-06-10,2.5473796312025674,1.9696130743439701
2022-06-13,2.491508259650553,1.8973529453964686
2022-06-14,2.484072060088508,1.8798194849250571
2022-06-15,2.5218709999006688,1.926045109294746
2022-06-16,2.459705296083514,1.8713183268147386
2022-06-17,2.460533396920949,1.8808817734266052
2022-06-20,2.4922701708827835,1.8808817734266052
2022-06-21,2.4975057420649924,1.9091636372264638
2022-06-22,2.4745553125219746,1.8983073861922357
2022-06-23,2.4329962081425434,1.8907078850639678
2022-06-24,2.4814242539733877,1.954219581404493
2022-06-27,2.4741088010518366,1.9373914631695142
2022-06-28,2.4923580825882405,1.9194777996338548
2022-06-29,2.469824713499354,1.9031927960609685
2022-06-30,2.4384773445278003,1.8885362244430204
2022-07-01,2.4519163752277655,1.8858223611913183
2022-07-04,2.4562118779580246,1.8858223611913183
2022-07-05,2.3974661186536146,1.820138434210259
2022-07-06,2.4381019862374704,1.8212239795109397
2022-07-07,2.471811221104904,1.848909374815402
2022-07-08,2.4794430447449125,1.848909374815402
2022-07-11,2.4618458968823402,1.8119959324238155
2022-07-12,2.4755878019576123,1.807653409209341
2022-07-13,2.453305509501779,1.8119959324238153
2022-07-14,2.41326239925135,1.7832251058225899
2022-07-15,2.462355856602884,1.8233952981201351
2022-07-18,2.4797257422315933,1.8342522331778666
2022-07-19,2.5219175860851517,1.9097069798963906
2022-07-20,2.5160826901855637,1.887450565138422
2022-07-21,2.5203786912363366,1.9107925251970714
2022-07-22,2.5158326437935603,1.8993931595007516
2022-07-25,2.523090746212549,1.9167638223782366
2022-07-26,2.5062121322328283,1.8717083342158762
2022-07-27,2.529480825674852,1.9281633020784734
2022-07-28,2.551956012388249,1.9455343069677098
2022-07-29,2.583900537312084,1.9808187473847707
2022-08-01,2.5834423293160085,1.9781045421213173
2022-08-02,2.573308548507257,1.9422772150499985
2022-08-03,2.593225666002442,1.9775618834748945
2022-08-04,2.602346710093157,1.99764686561975
2022-08-05,2.579382864945697,1.9802760887383482
2022-08-08,2.6033166890809705,1.98570472727309
2022-08-09,2.5869814874516384,1.9699619263309573
2022-08-10,2.607723734809784,2.0139316411848025
2022-08-11,2.609650393010832,2.010674549267091
2022-08-12,2.614144069198746,2.030759987427616
2022-08-15,2.627962753988881,2.0123029812220294
2022-08-16,2.6378483989501564,2.0237031449457703
2022-08-17,2.615463455741867,1.9998181842289462
2022-08-18,2.618760878303925,1.9895042498293898
2022-08-19,2.588168851199859,1.9509627174946174
2022-08-22,2.5415456648981167,1.891249973690805
2022-08-23,2.5336352485677653,1.8966787262294642
2022-08-24,2.5426609620715497,1.901564364106031
2022-08-25,2.548485935599343,1.9243637795221744
2022-08-26,2.500421622144774,1.855422874627321
2022-08-29,2.4819016070137856,1.861937058462743
2022-08-30,2.478211375225214,1.8527086693638672
2022-08-31,2.4516209174548376,1.836966780453073
2022-09-01,2.4195933702041006,1.8092818411642804
2022-09-02,2.4772411878255114,1.7946249275345798
2022-09-05,2.4367062827140336,1.7946249275345798
2022-09-06,2.4448044376251206,1.7946249275345798
2022-09-07,2.448231209503895,1.8364234377831463
2022-09-08,2.454533441562795,1.8255668447371667
2022-09-09,2.4857390008142,1.8776792893852894
2022-09-12,2.5421618430806583,1.9227348915515665
2022-09-13,2.5165189863124664,1.849451691450073
2022-09-14,2.506126202614075,1.8624797171091658
2022-09-15,2.492581440416227,1.8423945069564756
2022-09-16,2.465628020413213,1.8342522331778668
2022-09-19,2.463889688058807,1.8406349704966245
2022-09-20,2.4387890153740983,1.8024477623368693
2022-09-21,2.45040971396021,1.7757164658164226
2022-09-22,2.4213127789248006,1.7691700188724
2022-09-23,2.35411357612837,1.7009780057103938
2022-09-26,2.349075222770075,1.6780656124121902
2022-09-27,2.3351359567081493,1.6655184552763354
2022-09-28,2.3328758921614887,1.7080699613987722
2022-09-29,2.295844757264272,1.6851573400927342
2022-09-30,2.318769365928669,1.6780656124121902
2022-10-03,2.3262804243089037,1.717889574812848
2022-10-04,2.415821958780392,1.8177226912023383
2022-10-05,2.3861189889570893,1.7926280349188768
2022-10-06,2.371773923502734,1.7522585637738637
2022-10-07,2.345758552924633,1.7113432418727426
2022-10-10,2.334134465387599,1.703705777440008
2022-10-11,2.3285506305739796,1.6857029628410076
2022-10-12,2.3185080342350237,1.6851573400927344
2022-10-13,2.3465292590185025,1.7364378981562039
2022-10-14,2.366513909401759,1.7075244526544167
2022-10-17,2.4074675836935526,1.7658965103905953
2022-10-18,2.429293000900876,1.790445657929701
2022-10-19,2.421569612129095,1.7713520538498237
2022-10-20,2.423973734354194,1.7735343168350817
2022-10-21,2.4102954628890885,1.8095394900174135
2022-10-24,2.4359513202845977,1.8237232873902536
2022-10-25,2.467821842948402,1.870639775498876
2022-10-26,2.4815393543755286,1.8886420200782899
2022-10-27,2.476566372967474,1.8706397754988757
2022-10-28,2.479825145043565,1.8984615194884475
2022-10-31,2.480800392601644,1.8695485300023291
2022-11-01,2.509727667359439,1.8859143623525927
2022-11-02,2.494879223448767,1.8411804792409803
2022-11-03,2.478223472095904,1.8248145328867995
2022-11-04,2.5407305525338204,1.9230105530236359
2022-11-07,2.5560882295287457,1.9415592183787442
2022-11-08,2.5675862748289813,1.9595618049699102
2022-11-09,2.560099905993861,1.9366490696599548
2022-11-10,2.621771586503571,2.0572123163623908
2022-11-11,2.63960335000309,2.107947251677587
2022-11-14,2.6508572941365847,2.0899444370785867
2022-11-15,2.667295187211334,2.1035831817227395
2022-11-16,2.6532869145233136,2.11012928665501
2022-11-17,2.6455819338538995,2.112856944380707
2022-11-18,2.6729671538413733,2.123221724527386
2022-11-21,2.6689480490128656,2.103583181722739
2022-11-22,2.6758354456744864,2.12976896949883
2022-11-23,2.685580666562834,2.14995313505175
2022-11-24,2.6946108153665524,2.14995313505175
2022-11-25,2.695805345810542,2.1570453187479632
2022-11-28,2.6779901844522604,2.123767575283494
2022-11-29,2.678488817449912,2.135769451682828
2022-11-30,2.7016327719295776,2.1848677467610393
2022-12-01,2.716531649982016,2.195778149655992
2022-12-02,2.712556867754314,2.1979606406490846
2022-12-05,2.6956132022911,2.1685015723990237
2022-12-06,2.685408578446854,2.1603183712140988
2022-12-07,2.6681997556090495,2.165228291925054
2022-12-08,2.669601145157072,2.173411949125648
2022-12-09,2.6842013131320397,2.165228291925054
2022-12-12,2.6732467914518327,2.1750476773312943
2022-12-13,2.708065855713255,2.214326587003265
2022-12-14,2.69792946468421,2.2088714995597063
2022-12-15,2.6143013934108033,2.1341328114458427
2022-12-16,2.5995498582099423,2.114493584617692
2022-12-19,2.6095994828754203,2.1104391493022745
2022-12-20,2.6108020995635486,2.1159184055763043
2022-12-21,2.652793569423616,2.150982362417277
2022-12-22,2.61970034931928,2.1268757780851906
2022-12-23,2.616617256974334,2.1290673893916687
2022-12-27,2.6279916041527978,2.13399828682341
2022-12-28,2.611823261485376,2.1082475379957963
2022-12-29,2.635008402829868,2.150982362417277
2022-12-30,2.6019710538748844,2.1203007161579217
2023-01-02,2.651940238273324,2.1203007161579217
2023-01-03,2.670266713003508,2.1515304932517307
2023-01-04,2.7341488936741434,2.210701262432624
2023-01-05,2.729214071534388,2.186047003281753
2023-01-06,2.7692856635376515,2.251792834389915
2023-01-09,2.78332826923808,2.276446865532951
2023-01-10,2.7747064267566777,2.2956230084489655
2023-01-11,2.79739466626231,2.321921660103199
2023-01-12,2.8217121135076977,2.3542463308189086
2023-01-13,2.8262643688140097,2.369586925940752
2023-01-16,2.8236874985742637,2.369586925940752
2023-01-17,2.8350603267233874,2.364656256516845
2023-01-18,2.8411263944831178,2.349863336213787
2023-01-19,2.7893262535987686,2.3328792606199205
2023-01-20,2.809416364995164,2.3558900392987674
2023-01-23,2.8262816541310793,2.371778309239395
2023-01-24,2.8324695279092045,2.3728745709083032
2023-01-25,2.8324147620559286,2.3865712295424526
2023-01-26,2.8585983509190895,2.3936937382806724
2023-01-27,2.8585676571763488,2.3805445264574727
2023-01-30,2.845854489709771,2.358081650605245
2023-01-31,2.8493035409143053,2.3860235547236677
2023-02-01,2.8580997195856166,2.4199923899349054
2023-02-02,2.892753367417982,2.430949990451626
2023-02-03,2.900311597987809,2.4013641498455107
2023-02-06,2.8667332131846437,2.371778309239395
2023-02-07,2.8670597688027444,2.3893111996912193
2023-02-08,2.874312158688046,2.3717783092393945
2023-02-09,2.8992828676753843,2.3805445264574723
2023-02-10,2.867013722654711,2.3591774562584837
2023-02-13,2.889990363015606,2.3947895439339106
2023-02-14,2.8869562639940782,2.4046513387973927
2023-02-15,2.9088145244940233,2.4134177840233053
2023-02-16,2.9285383582637516,2.400816247018891
2023-02-17,2.9187715568448165,2.406842950103871
2023-02-20,2.9148443220468168,2.406842950103871
2023-02-21,2.8930570922936596,2.3690397071376355
2023-02-22,2.8785663158003807,2.359177456258484
2023-02-23,2.887278059056599,2.3838321714250243
2023-02-24,2.8330552721043203,2.3246604902127928
2023-02-27,2.876873959922429,2.364656256516845
2023-02-28,2.8840086015126296,2.347671724907309
2023-03-01,2.8758391797944842,2.3613690675649623
2023-03-02,2.8811660522462743,2.3717783092393945
2023-03-03,2.9201557503968196,2.4095824642369688
2023-03-06,2.933459126718485,2.4106780418823734
2023-03-07,2.907801297756228,2.363560450863606
2023-03-08,2.9150142404736257,2.376709434678971
2023-03-09,2.9079492142057277,2.3498633362137875
2023-03-10,2.86228129865935,2.33452251308411
2023-03-13,2.7521505631481618,2.3054850313202833
2023-03-14,2.812786035617854,2.3531509811813396
2023-03-15,2.6894357957447896,2.267681104330544
2023-03-16,2.7413336454033406,2.310963831578644
2023-03-17,2.6999416166428145,2.276995224375241
2023-03-20,2.7379192685207725,2.3222867006464445
2023-03-21,2.792872936469447,2.370656510693008
2023-03-22,2.8024761454176184,2.3668084224679324
2023-03-23,2.8032009081463953,2.372854734226691
2023-03-24,2.7526734388537135,2.350319123875216
2023-03-27,2.7734169827929573,2.3695568289065805
2023-03-28,2.7825214598653845,2.375053641783877
2023-03-30,2.82438230298185,2.4166456014234017
2023-03-31,2.8408975230247275,2.425288083633344
2023-04-03,2.8335565863329495,2.4382514708479923
2023-04-04,2.8356599127284903,2.4452732775809047
2023-04-05,2.8222962609699955,2.42852921052056
2023-04-06,2.8338737483935357,2.441492373668365
2023-04-11,2.8389099801596447,2.447434402283787
2023-04-12,2.841092034366178,2.469040047641535
2023-04-13,2.853065615814224,2.5036099764813042
2023-04-14,2.8751665066025693,2.499288623342911
2023-04-17,2.8616724867298715,2.479303205328507
2023-04-18,2.8819174918619783,2.499828624435078
2023-04-19,2.885735977732916,2.4965881697483914
2023-04-20,2.870360545321291,2.491186590358822
2023-04-21,2.8789924729026066,2.512252234624403
2023-04-24,2.8794432113308335,2.5198147146500123
2023-04-25,2.859355840408505,2.474982076256958
2023-04-26,2.842094805934112,2.480923656738694
2023-04-27,2.8490924818153465,2.511712009465393
2023-04-28,2.843751006867423,2.5019893010042744
2023-05-02,2.8131924311992935,2.4695804968673887
2023-05-03,2.823849067663862,2.475521853282281
2023-05-04,2.8113546561752836,2.4663395940470156
2023-05-05,2.8532268205783344,2.506310654142667
2023-05-08,2.862704580613703,2.5046906508661673
2023-05-09,2.8530191182562983,2.4809236567386943
2023-05-10,2.8299688681474056,2.4776823057846347
2023-05-11,2.833311178701113,2.4668791470054963
2023-05-12,2.84106707178244,2.458777114021407
2023-05-15,2.840129304683871,2.470120273892712
2023-05-16,2.836880497535711,2.4544559849498575
2023-05-17,2.8461826459956767,2.472821399687762
2023-05-18,2.8645826244942323,2.476602303600301
2023-05-19,2.881307412170538,2.496047720522539
2023-05-22,2.883992075977852,2.4965881697483923
2023-05-23,2.8549021591323207,2.4479739552422686
2023-05-24,2.7991815230561343,2.407462669987607
2023-05-25,2.8048956568034957,2.4134044745361862
2023-05-26,2.836330422445314,2.450134855878308
2023-05-29,2.826739895790408,2.450134855878308
2023-05-30,2.8137558325050276,2.4209665064281083
2023-05-31,2.767576553471168,2.3788347697632606
2023-06-01,2.7996889706024053,2.41286447344402
2023-06-02,2.841191761396529,2.438251470847993
2023-06-05,2.819558786735002,2.413944027494667
2023-06-06,2.826780622312557,2.4204260572022562
2023-06-07,2.8274276000010325,2.4117840231260006
2023-06-08,2.8368174848044316,2.44257304805323
2023-06-09,2.827775894265058,2.424207633315326
2023-06-12,2.8576400001430184,2.451215082129486
2023-06-13,2.87821718969418,2.47120050014389
2023-06-14,2.905584816449597,2.489025913789628
2023-06-15,2.8961213231346976,2.5192747135578464
2023-06-16,2.9132181483590585,2.523055393403544
2023-06-19,2.896400201917597,2.523055393403544
2023-06-20,2.8837925057963387,2.4962626006251907
2023-06-21,2.8753874339053525,2.4951599676896925
2023-06-22,2.8613743107110174,2.4830314535328912
2023-06-23,2.838292832297604,2.446094482561318
2023-06-26,2.842688847596517,2.4560179549139645
2023-06-27,2.857992523903902,2.4929551499523814
2023-06-28,2.884148334093874,2.4951599676896925
2023-06-29,2.899280308764596,2.496262600625191
2023-06-30,2.930674258188912,2.5348531848997475
2023-07-03,2.928023427538308,2.5348531848997475
2023-07-04,2.918108192254614,2.5348531848997475
2023-07-05,2.8965950634723976,2.4852369434707327
2023-07-06,2.8168007472530494,2.426248210056555
2023-07-07,2.8265314002166093,2.4499538098689846
2023-07-10,2.836145877796145,2.469249102006263
2023-07-11,2.8525567806665157,2.494057334754192
2023-07-12,2.8955203021723226,2.5591102132133488
2023-07-13,2.912950966731229,2.603764942532884
2023-07-14,2.9151186188573,2.5938419183139243
2023-07-17,2.895315739309744,2.5866746921997605
2023-07-18,2.9008231125875987,2.5938419183139243
2023-07-19,2.8912149208333315,2.573994973608632
2023-07-20,2.9018235073139556,2.5591102132133488
2023-07-21,2.911834760108409,2.5773030964819714
2023-07-24,2.911860432500647,2.558559232845864
2023-07-25,2.91586519407994,2.5491869649275456
2023-07-26,2.896506446536537,2.546430270555377
2023-07-27,2.949352875325362,2.549737721228187
2023-07-28,2.9638795261316875,2.594393122748252
2023-07-31,2.9623325093888266,2.592738837244739
2023-08-01,2.914768820471207,2.553597048535855
2023-08-02,2.8778402455994283,2.4968140291263614
2023-08-03,2.8486624479864444,2.486338904205701
2023-08-04,2.862751246859429,2.4957109480571766
2023-08-07,2.866203231721133,2.5238275277452886
2023-08-08,2.831978649283393,2.493505906253022
2023-08-09,2.848250807531743,2.502326521603326
2023-08-10,2.8933074617642403,2.5265835499169276
2023-08-11,2.855183356073364,2.499019070930516
2023-08-14,2.8642168187392465,2.495159967689692
2023-08-15,2.8411354954264296,2.459877282221631
2023-08-16,2.843570982322835,2.4433382363228353
2023-08-17,2.789592895840761,2.415773757336424
2023-08-18,2.7810570123100797,2.419081208009233
2023-08-21,2.792533848673639,2.4372738672110135
2023-08-22,2.807633717193422,2.432863559535861
2023-08-23,2.8050264063203354,2.4466461351293316
2023-08-24,2.7923265301159725,2.4036452431796227
2023-08-25,2.7968475856044503,2.424593924553041
2023-08-28,2.827832491502441,2.4532617086754813
2023-08-29,2.8501939964997023,2.489095598577869
2023-08-30,2.8483439045420695,2.4885443941435414
2023-08-31,2.8447081998765955,2.45767179228379
2023-09-01,2.831238792514912,2.4400301134494953
2023-09-04,2.829224326071592,2.4400301134494953
2023-09-05,2.8200502409110673,2.4124656344630835
2023-09-06,2.8017350514422152,2.4008885488074543
2023-09-07,2.79378614657993,2.383247094040002
2023-09-08,2.802640367262289,2.389311239084981
2023-09-11,2.8292565363163478,2.416876166205079
2023-09-12,2.8260918231880354,2.399786139938798
2023-09-13,2.820377804362757,2.3854523599109996
2023-09-14,2.857957079140482,2.4113634496612706
2023-09-15,2.8721685790107534,2.4080551027210877
2023-09-18,2.8411801719906324,2.392576789258108
2023-09-19,2.8529049533830633,2.393682110995725
2023-09-20,2.8869644107548975,2.3925767892581074
2023-09-21,2.845067037076179,2.3549850949706377
2023-09-22,2.830021287982774,2.3533270003307902
2023-09-25,2.8091015900301985,2.331214067639986
2023-09-26,2.786473152848403,2.296939682966428
2023-09-27,2.7822263297263046,2.291411729877281
2023-09-28,2.8010463969379615,2.3201583855285355
2023-09-29,2.8072412523179935,2.3223688049369278
2023-10-02,2.7792879469683838,2.2814609213697614
2023-10-03,2.7529360277271957,2.2632180711951
2023-10-04,2.7483450256077013,2.2825666912410654
2023-10-05,2.7466144524204426,2.2897531871037464
2023-10-06,2.776066474835544,2.325685890483996
2023-10-09,2.762484119618442,2.3057847216026435
2023-10-10,2.8194097354802357,2.340612103245275
2023-10-11,2.8320553537641597,2.356643861811015
2023-10-12,2.8335861043467148,2.325133565715452
2023-10-13,2.7947003793218212,2.290858508841364
2023-10-16,2.807588529077582,2.31628875114608
2023-10-17,2.8108595949368604,2.3196049404257755
2023-10-18,2.7842319204504995,2.2753804194452276
2023-10-19,2.758201939729715,2.270957564026855
2023-10-20,2.7136820326634847,2.2488453035365814
2023-10-23,2.724589393366649,2.2643238410664046
2023-10-24,2.729196534842416,2.275932744213772
2023-10-25,2.7373397294208663,2.2593484368126453
2023-10-26,2.7317759023258197,2.249397852371969
2023-10-27,2.7102009709027017,2.230049456392847
2023-10-30,2.7228159037164152,2.2654293868708657
2023-10-31,2.742763420407736,2.2748274224761547
2023-11-01,2.7651525028877715,2.2941753703215904
2023-11-02,2.8032028916914418,2.3494571418814907
2023-11-03,2.8032794829368592,2.3665944462516917
2023-11-06,2.795679111643959,2.3533270003307907
2023-11-07,2.7909285980171963,2.3439289647255013
2023-11-08,2.8063121191062197,2.3660416733494616
2023-11-09,2.8268893356003404,2.3682529890252257
2023-11-10,2.815959833437196,2.3870486121021175
2023-11-13,2.841841236209756,2.394787880867029
2023-11-14,2.87539241066824,2.468312054467905
2023-11-15,2.8849766768920673,2.4732874587216647
2023-11-16,2.8739640686931605,2.4743930045261258
2023-11-17,2.9006649812544865,2.5064560735239185
2023-11-20,2.91285687031166,2.519723967578507
2023-11-21,2.9142928757553674,2.5031392120436937
2023-11-22,2.9255081062622827,2.505903524688532
2023-11-23,2.932174731954982,2.505903524688532
2023-11-24,2.941179912444552,2.5324384165303355
2023-11-27,2.9337625827023626,2.5224882802233455
2023-11-28,2.943843915654271,2.523040604991889
2023-11-29,2.961045031055517,2.5374138207840953
2023-11-30,2.9660128767150975,2.528015561111963
2023-12-01,2.986898876193062,2.5457058624512374
2023-12-04,2.9867757891108413,2.5396246883261737
2023-12-05,3.0079295915639146,2.5468114082556985
2023-12-06,3.0243668914022503,2.5479171781270025
2023-12-07,3.014395097040359,2.562290169852365
2023-12-08,3.0405073583041746,2.5827443357027913
2023-12-11,3.0473454852577224,2.5915895984058497
2023-12-12,3.0460974409720034,2.599881640072992
2023-12-13,3.036120525618883,2.6341562488133934
2023-12-14,3.0240499644297723,2.6446596061562997
2023-12-15,3.0205519396302525,2.618124490247653
2023-12-18,3.010293605249346,2.619731945780933
2023-12-19,3.020982922397347,2.643562574891881
2023-12-20,3.021691621282606,2.603105289746436
2023-12-21,3.0160355803939494,2.6452249268017503
2023-12-22,3.017306773130361,2.638574622894901
2023-12-27,3.0215116286491717,2.6690560040463858
2023-12-28,3.011518941051754,2.646887726845306
2023-12-29,3.016645153841648,2.6496592096291276
2024-01-02,3.0229378907774325,2.6114186177636847
2024-01-03,2.989222901246755,2.575395615445617
2024-01-04,3.0130673257249962,2.5870336472826034
2024-01-05,3.007321768677734,2.583154378025889
2024-01-08,3.0178944001307233,2.616406569760665
2024-01-09,3.0056646994849405,2.58758754051905
2024-01-10,3.0108863135946238,2.6019970551398575
2024-01-11,2.992844015935522,2.5986719031864327
2024-01-12,3.027671850684619,2.6019970551398575
2024-01-15,3.0131919117602783,2.6019970551398575
2024-01-16,3.0087027076773896,2.55433512471743
2024-01-17,2.9914242116618635,2.5382632581867535
2024-01-18,3.012106646625851,2.5742869327053515
2024-01-19,3.0121464761197614,2.583154378025889
2024-01-22,3.0279205526278483,2.581491802049177
2024-01-23,3.0052306029821887,2.5765036259853535
2024-01-24,3.0505228412829646,2.628044825664495
2024-01-25,3.0450050493459413,2.641900222982013
2024-01-26,3.0541764271100584,2.665730852092962
2024-01-29,3.053746905789083,2.6745980733466563
2024-01-30,3.081066257525301,2.6801401426469265
2024-01-31,3.075723453049519,2.6518752307086007
2024-02-01,3.0717931093171718,2.6840194119036402
2024-02-02,3.0801138396784475,2.666839310766384
2024-02-05,3.0810504723243457,2.656863182705581
2024-02-06,3.101060290782773,2.678477566670214
2024-02-07,3.092751894123993,2.6790319080403466
2024-02-08,3.120811764192986,2.6884534706641743
2024-02-09,3.1274749331548586,2.7078504891482758
2024-02-12,3.1475459578189917,2.707296371844986
2024-02-13,3.1186965909639746,2.654092372122289
2024-02-14,3.127954040225305,2.690115822574043
2024-02-15,3.150376084537438,2.72225977970224
2024-02-16,3.1595792269191407,2.7161638171655236
2024-02-19,3.1606152019200073,2.7161638171655236
2024-02-20,3.160477586642971,2.733897811539226
2024-02-21,3.170692729025717,2.751632702180302
2024-02-22,3.213732382353211,2.795415139279171
2024-02-23,3.233941864165638,2.7970777152558837
2024-02-26,3.231877201109525,2.8004030912761513
2024-02-27,3.235722899613454,2.813703923156694
2024-02-28,3.2458022456039153,2.8076077365531344
2024-02-29,3.2447169161386604,2.810378323069583
2024-03-01,3.2414355404290953,2.8214624616701225
2024-03-04,3.2535279603718235,2.8303301310575044
2024-03-05,3.246365976576808,2.8114870058098496
2024-03-06,3.252715491302905,2.845847880284891
2024-03-07,3.2813013970173874,2.8946175971802117
2024-03-08,3.2771400787011333,2.868016157485971
2024-03-11,3.2598169648346214,2.8619195227487246
2024-03-12,3.30096807701738,2.8951723866840307
2024-03-13,3.319597857985477,2.9068104185210166
2024-03-14,3.3184007762465573,2.8840880240166475
2024-03-15,3.3317244738742904,2.888521634643495
2024-03-18,3.3286062403682655,2.873474425786876
2024-03-19,3.3546039599946984,2.880692739141294
2024-03-20,3.3578212393009212,2.920671417509616
2024-03-21,3.383561003548905,2.9073450420089464
2024-03-22,3.378014355989791,2.892352953595759
2024-03-25,3.3871729698274975,2.9012372039295395
2024-03-26,3.4012172696707252,2.9073450420089464
2024-03-27,3.415176431797264,2.9312211566890696
2024-03-28,3.4171932498278537,2.917895005255244
2024-04-03,3.434839514826987,2.942551574683016
2024-04-04,3.4407673487067996,2.908368726775808
2024-04-05,3.400578001887861,2.9128513488067584
2024-04-08,3.426609739994232,2.931904358030376
2024-04-09,3.3818953415792,2.9145324168680045
2024-04-10,3.3835292187535035,2.8786685008995496
2024-04-11,3.359314187604946,2.877547562726346
2024-04-12,3.342726713994532,2.816466269044957
2024-04-15,3.3740664551483452,2.8181475632385764
2024-04-16,3.3199512159435773,2.809741770667599
2024-04-17,3.34214229629855,2.813664262810507
2024-04-18,3.3691167487595393,2.8119834208816337
2024-04-19,3.344752690000317,2.8086212847591407
2024-04-22,3.3636829609903423,2.839441770411483
2024-04-23,3.4159052598531985,2.8909967856134355
2024-04-24,3.401449853268803,2.8786685008995496
2024-04-25,3.3516439413521013,2.864659148124417
2024-04-26,3.408433491406526,2.8954796337767594
2024-04-29,3.3919932531865125,2.886513711317739
2024-04-30,3.334064665565115,2.829915265799674
2024-05-02,3.320941817031202,2.843364714819137
2024-05-03,3.3407504663958227,2.8702624821961984
2024-05-06,3.36965722735477,2.898281866143582
2024-05-07,3.405119389735011,2.9195758471841153
2024-05-08,3.414032711713676,2.9341460082444093
2024-05-09,3.4269142740313527,2.962725295947463
2024-05-10,3.44152209000135,2.9733725126001023
2024-05-13,3.4426496998145812,2.9761742927021797
2024-05-14,3.4526349993003436,2.9952275280581704
2024-05-15,3.4657839651034474,3.0215651655471887
2024-05-16,3.450888317558419,2.9907442276301
2024-05-17,3.4472031835781305,2.999150246333451
2024-05-20,3.450005829864961,2.99522752805817
2024-05-21,3.4383745093280482,2.991865165803304
2024-05-22,3.4202674525293824,2.9644063640087084
2024-05-23,3.427004440480476,2.9531990174680263
2024-05-24,3.4251561569245434,2.981217496885918
2024-05-27,3.4400098500964678,2.981217496885918
2024-05-28,3.425488303840026,2.983459599364699
2024-05-29,3.3853307891743993,2.9296627078163393
2024-05-30,3.4088544354817727,2.9509575933863643
2024-05-31,3.4082650446419227,2.9660874320699544
2024-06-03,3.416942641354121,2.9750535806613483
2024-06-04,3.378311809665556,2.9531990174680263
2024-06-05,3.412189348211224,3.0019518003031553
2024-06-06,3.4300538965330944,3.0159616053430334
2024-06-07,3.4151558191312863,2.973372512600102
2024-06-10,3.394053023828151,2.95431995564123
2024-06-11,3.3590043173542905,2.9173346492348258
2024-06-12,3.3985434030214803,2.9705705063656516
2024-06-13,3.332883676835764,2.9038854263477356
2024-06-14,3.2743422240856317,2.8276738417180107
2024-06-17,3.300648948828347,2.8708232904813586
2024-06-18,3.323787223496609,2.879789212940379
2024-06-19,3.3144284007659723,2.879789212940379
2024-06-20,3.3470814145744274,2.886513711317737
2024-06-21,3.3202644628880607,2.861856915757592
2024-06-24,3.350341762805029,2.888416841369318
2024-06-25,3.3309289481985065,2.8907068839111854
2024-06-26,3.318068964220979,2.8672377355742937
2024-06-27,3.3117635316427227,2.8678098504781073
2024-06-28,3.310613105198854,2.8638032370924256
2024-07-01,3.335771601778469,2.8958586316339883
2024-07-02,3.3130311835434756,2.882692978742701
2024-07-03,3.350521030959893,2.9319208656936064
2024-07-04,3.3696777933105793,2.9319208656936064
2024-07-05,3.3560782550351558,2.9519552894162566
2024-07-08,3.358625199411022,2.9347830231392877
2024-07-09,3.317485057314468,2.897575880874922
2024-07-10,3.34830423434031,2.939362429825903
2024-07-11,3.3589079218626283,2.9468039939582003
2024-07-12,3.4020757489705242,2.9948867465719853
2024-07-15,3.368455985826632,2.9565351483676188
2024-07-16,3.350836707870783,2.9548174468619384
2024-07-17,3.3361709635573957,2.9153209404528244
2024-07-18,3.3338930464746483,2.89299670032068
2024-07-19,3.3051022391573444,2.8655204863333594
2024-07-22,3.3502928932652396,2.9221897112841893
2024-07-23,3.367766538806185,2.902727402465353
2024-07-24,3.3480628218229205,2.858651489369623
2024-07-25,3.3345190440157797,2.8466307446830834
2024-07-26,3.3597213479364934,2.8878447264655045
2024-07-29,3.335665570392057,2.8500650170325788
2024-07-30,3.360956805583348,2.858079148333436
2024-07-31,3.351364161611184,2.879831047429393
2024-08-01,3.286239991726687,2.800837130081673
2024-08-02,3.237141464631824,2.7733613683590987
2024-08-05,3.1785645841532,2.731575045540491
2024-08-06,3.157248050751229,2.7327195014804917
2024-08-07,3.2243745965880115,2.7464577215403385
2024-08-08,3.221533316277073,2.791105975672255
2024-08-09,3.2290880710428835,2.7962577233950574
2024-08-12,3.2318160990401927,2.7859542279494516
2024-08-13,3.2454142657318004,2.8311755015146747
2024-08-14,3.2642768450010897,2.8512101513696977
2024-08-15,3.3045540113587375,2.8964309726701742
2024-08-16,3.3267760483569675,2.919328232235625
2024-08-19,3.339857732823221,2.957679604307619
2024-08-20,3.32505566041649,2.9571072632714315
2024-08-21,3.3389703955213377,2.986300726499687
2024-08-22,3.342916107233013,2.9588247386447395
2024-08-23,3.3639509529450224,3.0074800584270847
2024-08-26,3.362473721528911,2.993169723463424
2024-08-27,3.3755554205901235,3.0017557435357225
2024-08-28,3.3917199006354117,2.990879680921557
2024-08-29,3.42298587551972,2.9988938122224145
2024-08-30,3.427682294172583,3.006907491258525
2024-09-02,3.440256190834288,3.006907491258525
2024-09-03,3.4173804821139293,2.953100197621004
2024-09-04,3.4064901016079023,2.93993477086209
2024-09-05,3.407443702509582,2.9256242097660565
2024-09-06,3.3725608785890584,2.8712445750923488
2024-09-09,3.4028113673395826,2.894713497296868
2024-09-10,3.3872792167990733,2.8746790735742174
2024-09-11,3.3852348545192354,2.9055893337786602
2024-09-12,3.414593318653394,2.92619700306699
2024-09-13,3.4280501491681803,2.9399347708620907
2024-09-16,3.424810922801086,2.9565351483676183
2024-09-17,3.438459047984078,2.954817446861938
2024-09-18,3.4251029144372596,2.947376108862014
2024-09-19,3.4749345184786864,3.01778355387269
2024-09-20,3.4430136590638596,2.9788591623673897
2024-09-23,3.450816525297865,2.9779991809526845
2024-09-24,3.478476924922642,3.022147230275417
2024-09-25,3.4693181058211517,2.9940529965125533
2024-09-26,3.5183104653918114,3.085216227515906
2024-09-27,3.5353536174712272,3.085216227515906
2024-09-30,3.4969144796832423,3.0525348985657437
2024-10-01,3.4775725500710877,3.004946697451817
2024-10-02,3.4752892075105137,2.9980666200018007
2024-10-03,3.443484859956567,2.9665320083153692
2024-10-04,3.4601631612922916,2.988319184061522
2024-10-07,3.465347438362382,2.9757057464252217
2024-10-08,3.457967100028692,2.976278765858528
2024-10-09,3.4733487545595096,2.988319184061522
2024-10-10,3.4618283913624928,2.980865861045827
2024-10-11,3.479923592478328,2.9997863566988383
2024-10-14,3.5019795648301346,3.0175603612204913
2024-10-15,3.5045280633799307,2.9390107939858123
2024-10-16,3.4955210512244292,2.923530223991623
2024-10-17,3.5195581981292827,2.927544299745616
2024-10-18,3.5397896215220777,2.967105480013422
2024-10-21,3.516280892444252,2.929264262575027
2024-10-22,3.4987211884001823,2.918370109371017
2024-10-23,3.4810800734583207,2.900023085416059
2024-10-24,3.4896102053909495,2.9229572045583168
2024-10-25,3.4998138056044716,2.9114898057886283
2024-10-28,3.5249503374925593,2.9413044546456484
2024-10-29,3.5184505116541516,2.9298375081407064
2024-10-30,3.4829939742669893,2.9017428221130963
2024-10-31,3.4447697475925185,2.881102137498302
2024-11-01,3.4742446186979454,2.8914225928718857
2024-11-04,3.4691228336446027,2.8862624782512802
2024-11-05,3.474198677681386,2.9126365230523596
2024-11-06,3.43926795266387,2.8312207279892845
2024-11-07,3.45224010392399,2.882822100327713
2024-11-08,3.4238113653691777,2.8300735584608074
2024-11-11,3.465004658058182,2.819753329219596
2024-11-12,3.386048119739832,2.761271201034033
2024-11-13,3.3883030274376846,2.7469375744359477
2024-11-14,3.433669967750178,2.7704449391438852
2024-11-15,3.4102865898350143,2.7624183705625103
2024-11-18,3.414156020821922,2.7715916564076166
2024-11-19,3.388321228112218,2.754964821414442
2024-11-20,3.3790769001671657,2.7417774598153426
2024-11-21,3.390601359424429,2.7360438734966843
2024-11-22,3.414415897425207,2.7348971562329534
2024-11-25,3.4159610001363037,2.7492310089634113
2024-11-26,3.398918050949637,2.7308837588760797
2024-11-27,3.3868304512141667,2.7434971965123807
2024-11-28,3.3972680409945992,2.7434971965123807
2024-11-29,3.4255211220978756,2.7847787918743436
2024-12-02,3.452370003831997,2.792805812720465
2024-12-03,3.471077932841217,2.8117265345058486
2024-12-04,3.4945045801403207,2.8317937474225907
2024-12-05,3.5235970153569767,2.867915228163948
2024-12-06,3.534438180412705,2.877661759574734
2024-12-09,3.5290146136431564,2.8765154945757487
2024-12-10,3.5117247112122114,2.8512879409060274
2024-12-11,3.5246690601811994,2.8604616790158794
2024-12-12,3.5230971535512072,2.842687674494227
2024-12-13,3.524642235083871,2.860461679015879
2024-12-16,3.519612830900309,2.845554580719742
2024-12-17,3.5127265694357375,2.846127600153048
2024-12-18,3.517476285026877,2.7738853170674522
2024-12-19,3.466502619352429,2.767005013485063
2024-12-20,3.4532180887574357,2.768151504616421
2024-12-23,3.4449617015753637,2.7840852438862007
2024-12-24,3.4449592302593146,2.793864338358705
2024-12-27,3.475826738725139,2.7944393929833686
2024-12-30,3.4637591610511183,2.7714304240256316
2024-12-31,3.4782124709729856,2.7697045817545214
2025-01-02,3.4882737878780747,2.741518764380573
2025-01-03,3.460563432266655,2.757624816518616
2025-01-06,3.4999205884412077,2.8283773395305647
2025-01-07,3.5201623281083334,2.8370058724889957
2025-01-08,3.5201779964542053,2.8243510526284274
2025-01-09,3.5304219573341373,2.8243510526284274
2025-01-10,3.504678571539637,2.800766802913653
2025-01-13,3.479127561942272,2.7898373730594486
2025-01-14,3.50244202904124,2.8162978004270336
2025-01-15,3.543323158971055,2.845059124690391
2025-01-16,3.5754710684396067,2.8887761657100914
2025-01-17,3.608006904722842,2.900855704813624
2025-01-20,3.6174055653028367,2.900855704813624
2025-01-21,3.6266783267116076,2.9658563247846983
2025-01-22,3.6550812306562976,2.972183508582609
2025-01-23,3.675688689178097,2.9951924775403467
2025-01-24,3.675892460979327,3.0003693259565574
2025-01-27,3.6705610543840375,3.0049713458804774
2025-01-28,3.6820188212550806,2.986564170714288
2025-01-29,3.694175333602789,2.9934668614016093
2025-01-30,3.72288699023007,3.0251041371854046
2025-01-31,3.7208253206081516,2.9980686551931566
2025-02-03,3.683357849505417,2.9428471296945875
2025-02-04,3.7200030553451726,3.006121681262178
2025-02-05,3.7252897068442636,3.0239538018037044
2025-02-06,3.781691487573094,3.0492636676572156
2025-02-07,3.77123696141104,3.017051111116384
2025-02-10,3.7869163536102968,3.0435115384839677
2025-02-11,3.8093279682236365,3.0751485881353897
2025-02-12,3.822323164210636,3.114264061495916
2025-02-13,3.893378354134515,3.144175495008601
2025-02-14,3.892952891683773,3.1654588478276007
2025-02-17,3.9180955921579455,3.1654588478276007
2025-02-18,3.924949082207107,3.1827159137444627
2025-02-19,3.868776503378018,3.130945394390994
2025-02-20,3.8681800044103527,3.1522287472099944
2025-02-21,3.878553852970127,3.132095955905068
2025-02-24,3.8503497330998155,3.124042703703673
2025-02-25,3.852916720785144,3.156255260244505
2025-02-26,3.8816601025257587,3.1654588478276
2025-02-27,3.8487842794357108,3.0975822763360883
2025-02-28,3.848662270991283,3.109662267704367
2025-03-03,3.9062991512374277,3.1706359223761837
2025-03-04,3.796601471489292,3.179839509959278
2025-03-05,3.8802360496493957,3.2816542541303586
2025-03-06,3.9166657874719193,3.2528931559993737
2025-03-07,3.865267049507435,3.2931589647416004
2025-03-10,3.818110873743993,3.203999040431089
2025-03-11,3.757769310440319,3.2091761149796736
2025-03-12,3.796255984820324,3.209750943471964
2025-03-13,3.76991016221298,3.172936819271958
2025-03-14,3.8064379063770284,3.2488661907001175
2025-03-17,3.82603055863436,3.28625627405428
2025-03-18,3.8619106368043474,3.2989108677824754
2025-03-19,3.8640783530757674,3.304663223088096
2025-03-20,3.816902128283922,3.2534682106240376
2025-03-21,3.8061951306870774,3.221830708707869
2025-03-24,3.798925131185582,3.222176691238634
2025-03-25,3.842460992400678,3.2533200939196902
2025-03-26,3.804448099933024,3.1904568771386757
2025-03-27,3.781900738167513,3.18814987466883
2025-03-28,3.7549079005656645,3.172578173328301
