,RL Agent,QQQ
2009-04-03,0.006448313029289431,0.018576723581166688
2009-04-06,-0.00525819310288555,-0.0024729317494673886
2009-04-07,-0.0270758134957771,-0.02634012229540006
2009-04-08,0.029577986674596362,0.01686818309567628
2009-04-09,0.03437797521675089,0.03098577815824588
2009-04-13,-0.009213724121799001,-0.0015182500694779222
2009-04-14,-0.005238589205512854,-0.012160851914776005
2009-04-15,-0.005295893477519353,-0.002770482651916595
2009-04-16,0.03308222322736936,0.025926117084203115
2009-04-17,0.00813607752456591,0.0021056630856870484
2009-04-20,-0.03924019830601798,-0.03212240045474801
2009-04-21,0.014859595754499001,0.013957647799129669
2009-04-22,0.01157648041595518,0.0030591827513584136
2009-04-23,-0.010665044014593334,0.00975858793231299
2009-04-24,0.019194955594879597,0.017517793546944604
2009-04-27,-0.014398324802340916,0.0011872206558867227
2009-04-28,-0.006731206689760426,-0.0074119507516005045
2009-04-29,0.012902159583779826,0.013739665111374366
2009-04-30,0.03530178643594058,0.010017693365715008
2009-05-01,0.008284836172686185,0.00262549631360387
2009-05-04,0.03632576322481111,0.019784852549194154
2009-05-05,-0.006915055273982627,-0.000855771456847565
2009-05-06,-0.0007211684242332556,0.0002854385627939493
2009-05-07,-0.04908394638387945,-0.023408843214979158
2009-05-08,-0.007766349996614151,0.0005847806331991112
2009-05-11,-0.004989627851894859,0.0035057320708251627
2009-05-12,-0.020215199769104315,-0.012227453533944943
2009-05-13,-0.044189554604602374,-0.026819434495916505
2009-05-14,0.020002148760083462,0.011205052031820317
2009-05-15,0.0017710066273922485,-0.0005993397562918945
2009-05-18,0.046541594365707185,0.02607182775937056
2009-05-19,0.015832925833670117,0.0046732444881087964
2009-05-20,-0.002036504063845483,-0.0034887902630010847
2009-05-21,-0.022584187786448755,-0.018377767207236273
2009-05-22,0.0008487783031032264,-0.003269031725478766
2009-05-26,0.0412496190720872,0.0372687658279236
2009-05-27,-0.01054314829653245,-0.006898476939404485
2009-05-28,0.01403455231314429,0.011577136184317105
2009-05-29,0.020288274523246805,0.012303553810144585
2009-06-01,0.04614505077438652,0.02854710459701315
2009-06-02,-0.014447299071210016,0.0013742498704487627
2009-06-03,-0.018961806000053986,-0.00301886199241852
2009-06-04,0.017930063025616783,0.011285785456912834
2009-06-05,-0.000818115701074569,0.0010886023222915764
2009-06-08,-0.0071520588133920995,-0.002990895228273449
2009-06-09,0.02446469038011266,0.007635725995397191
2009-06-10,-0.004319491055301493,-0.0035184918187075587
2009-06-11,0.005890306690775901,0.0
2009-06-12,-0.010117726370753938,-0.0046169733578893535
2009-06-15,-0.024868619602008635,-0.020463663330338666
2009-06-16,-0.018680674007164128,-0.00974957423631051
2009-06-17,-0.00027907003518600935,0.009563823318038622
2009-06-18,-0.005796019537863799,-0.0019503730700078936
2009-06-19,0.018797812163561405,0.010733836829073029
2009-06-22,-0.05047825695162501,-0.029867013687496113
2009-06-23,-0.0017439683551762673,-0.0022807544135160507
2009-06-24,0.01951077879669677,0.016857152485562077
2009-06-25,0.022062998376685662,0.01966863644249761
2009-06-26,0.00985186371704732,0.0022044658943871642
2009-06-29,0.000213294465937283,0.002199435402415295
2009-06-30,-0.0036908075800165608,-0.0019205239241425476
2009-07-01,0.0033329522787949044,0.0005498288272167695
2009-07-02,-0.035139502316132144,-0.021977621387360702
2009-07-06,-0.009093560357198332,-0.005338001411178905
2009-07-07,-0.028565447732178773,-0.024851215916471103
2009-07-08,0.005578154935322199,0.005213070773480322
2009-07-09,0.01425360774215246,0.0017283404147192538
2009-07-10,0.006086165050860981,0.004313839036376166
2009-07-13,0.026398668569373167,0.019186981459438757
2009-07-14,0.016821870183730794,0.003652846578959812
2009-07-15,0.02887189514081392,0.03359379240145044
2009-07-16,0.019720896847820826,0.011918007863245927
2009-07-17,0.006482231586064194,0.005353473561474198
2009-07-20,0.024035890682038496,0.009584588167829589
2009-07-21,0.0017363607766251255,0.00685667940712098
2009-07-22,0.020278243664989024,0.008381822117802029
2009-07-23,0.03819967037197887,0.022077372485058255
2009-07-24,0.0005373594420034078,-0.007623715656566832
2009-07-27,0.0068262081125527,0.007682283199271334
2009-07-28,0.0031258751367712126,-0.006860941453500913
2009-07-29,-0.0148725284994326,0.0066524747505631865
2009-07-30,0.015481020666222766,0.005845991201255174
2009-07-31,0.0038483103317004178,-0.0030319103559981464
2009-08-03,0.025864082775332437,0.014955536012689397
2009-08-04,0.008803841452572502,0.0
2009-08-05,0.006113071637141001,-0.007741737067161858
2009-08-06,-0.013186811796027535,-0.008809849484834875
2009-08-07,0.027955214869965526,0.012696546863799618
2009-08-10,-0.004971570247137949,-0.007021264644280212
2009-08-11,-0.007351168933796107,-0.008585495423906853
2009-08-12,0.021929597769946286,0.015537409539426728
2009-08-13,0.007281121978853755,0.005517925309536098
2009-08-14,-0.023656700000623566,-0.011473797340927128
2009-08-17,-0.042278770158099506,-0.029018821671814132
2009-08-18,0.024437186247277025,0.014293004709398094
2009-08-19,0.004778135842552805,0.006917982480819207
2009-08-20,0.011634918055669892,0.011704440289515228
2009-08-21,0.021014466432378,0.013330115931617703
2009-08-24,-0.01120402426413028,-0.000992721498799698
2009-08-25,0.010226662793589839,0.002981342607941029
2009-08-26,-0.0016904824279233331,-0.0017339288614939274
2009-08-27,0.007829375608006155,0.002481515315491345
2009-08-28,0.004927234905684885,0.0009899093950211935
2009-08-31,-0.0167374704919149,-0.010138414348469849
2009-09-01,-0.0262115146316543,-0.018735633093787785
2009-09-02,-0.0014591991550225118,-0.000763909157778353
2009-09-03,0.013964239744711556,0.006623888090221408
2009-09-04,0.028381669971200306,0.021513576145256286
2009-09-08,0.018487349196660553,0.009415479158963125
2009-09-09,0.027742717806806833,0.008591013691219063
2009-09-10,0.013329536243488592,0.00949165889065684
2009-09-11,-0.005349893207571061,0.0009641352713509743
2009-09-14,0.013994914580103908,0.003853462429377341
2009-09-15,0.014825461332659877,0.003119170364038082
2009-09-16,0.0120439412110991,0.014589462934079922
2009-09-17,-0.007379779948559973,-0.00023592620800905184
2009-09-18,0.008268586563284224,0.001675741176649037
2009-09-21,-0.0005335979656062879,0.0030637718945005776
2009-09-22,0.013293125857642923,0.0018786302989013404
2009-09-23,-0.010667046133926482,-0.004688748518980379
2009-09-24,-0.022973054027771903,-0.008952060025100517
2009-09-25,-0.010901964178699668,-0.008794846248525445
2009-09-28,0.022188477634238153,0.017026460592951764
2009-09-29,-0.0033791175775226825,-0.004479941810104915
2009-09-30,0.00201237724717388,0.0007106520430359975
2009-10-01,-0.043011783526618726,-0.029585901035385276
2009-10-02,-0.005131350360267266,-0.0029268714314911737
2009-10-05,0.020989392732061674,0.008072550563952285
2009-10-06,0.022387753490375743,0.017713822547245295
2009-10-07,-0.004831672251641061,0.0028610625024374503
2009-10-08,0.011131588868933203,0.004279820678430246
2009-10-09,0.007460200680567717,0.005682109162947535
2009-10-12,0.006487010114394356,0.0021187002048528303
2009-10-13,-0.00048265764820879024,0.0002343510994669007
2009-10-14,0.020869763372012327,0.013621396147154519
2009-10-15,-0.007501448501043288,-0.002316264368922627
2009-10-16,-0.02174471431600896,-0.006502884566294109
2009-10-19,0.016665647952859276,0.010051168501268526
2009-10-20,-0.0040774031098277375,0.00023179593003797017
2009-10-21,-0.007650760308850286,-0.0018512927105576171
2009-10-22,0.00978143296921489,0.003940401704497276
2009-10-23,-0.0029031776686258798,-0.0041554860171494346
2009-10-26,-0.0003907624768655906,-0.00324575798016169
2009-10-27,-0.031610917815704576,-0.015120305842549975
2009-10-28,-0.03050024658830715,-0.022437677445081627
2009-10-29,0.020854257134836338,0.016912636951089688
2009-10-30,-0.032447633214136504,-0.02684688130981694
2009-11-02,0.008460250708734641,0.004150440339553585
2009-11-03,0.00931251515115538,0.003160175418492006
2009-11-04,-0.005476732617563356,0.0016966986519544314
2009-11-05,0.02968022527940004,0.02467950095467808
2009-11-06,0.008001696283571691,0.005903125576203427
2009-11-09,0.018231366864873384,0.021361097134600326
2009-11-10,0.012803647927846194,0.002528335138805904
2009-11-11,0.005182484125918313,0.006419503954294248
2009-11-12,-0.0012446306637701678,-0.005694900329478947
2009-11-13,0.011227721828398467,0.008247339813124421
2009-11-16,0.012708108963454269,0.010225321525025866
2009-11-17,0.0081501891747299,0.003148266490399232
2009-11-18,-0.007004861677997567,-0.005605521193397078
2009-11-19,-0.018111175173092468,-0.015557622925921222
2009-11-20,-0.004959573275148993,-0.005039295223747131
2009-11-23,0.016505005781870676,0.01611430052065188
2009-11-24,-0.005835141745766649,-0.003398402729798855
2009-11-25,0.013006037994864784,0.004319435530855564
2009-11-27,-0.020927452266354986,-0.015165561048730236
2009-11-30,0.006320355174452046,0.001149877120082854
2009-12-01,0.01839520851382312,0.010330245046566544
2009-12-02,0.006442018346227763,0.0013632962797676118
2009-12-03,-0.005067466514422038,-0.004084320700087352
2009-12-04,0.007877775139499773,0.005239889800627839
2009-12-07,-0.009772482403866427,-0.004759443272995156
2009-12-08,-0.006905205209833685,-0.006148805355219222
2009-12-09,0.005477300567663779,0.010082705895000155
2009-12-10,0.0050790317345806085,0.004990581005249961
2009-12-11,-0.003044179071049248,-0.003837817188375059
2009-12-14,0.01145000085200374,0.009517726227080692
2009-12-15,-0.00854934078887642,-0.005611712708338268
2009-12-16,0.009207433063684692,0.0013548681710588983
2009-12-17,-0.013995795059747308,-0.012172953771221962
2009-12-18,0.007323387699551915,0.01629803473787561
2009-12-21,0.012156745256393696,0.011245571656309794
2009-12-22,0.007755971786407949,0.006005355428568615
2009-12-23,0.01198938291309909,0.0072960526200864795
2009-12-24,0.006573310232836772,0.00921866061004395
2009-12-28,0.0025748268944949635,0.005220110307658121
2009-12-29,-0.006229445924700229,-0.004111304858511633
2009-12-30,0.004312381011363075,0.0030416377086786017
2009-12-31,-0.009999424843243553,-0.00909686232215845
2010-01-04,0.015570184186143126,0.01464471476976903
2010-01-05,0.006749833939701781,0.0
2010-01-06,-0.008856430419946965,-0.006031693648551939
2010-01-07,-0.011100399120390481,0.0006501439658856967
2010-01-08,0.003701406244292934,0.008230091558069086
2010-01-11,-0.0016419797439844697,-0.004081313586647872
2010-01-12,-0.01695212311537097,-0.012511128719913445
2010-01-13,0.016439670888206383,0.012451413054452853
2010-01-14,0.0016093147790160736,0.0008626468969095136
2010-01-15,-0.015618376684928954,-0.01164019011266515
2010-01-19,0.0100465550702959,0.016139082936677207
2010-01-20,-0.020921977482781084,-0.014380022067016607
2010-01-21,-0.006974028165262939,-0.00936423333738956
2010-01-22,-0.02656894234410578,-0.02923720873324087
2010-01-25,0.0025753663744814237,0.0033968693218187074
2010-01-26,-0.002178323584866682,0.0009020652003142171
2010-01-27,0.009209788345692143,0.007891845775615192
2010-01-28,-0.026039076640980163,-0.02572692161414336
2010-01-29,-0.028074441279840354,-0.017451046558835892
2010-02-01,0.020991523882379147,0.010983832304370722
2010-02-02,0.008801903364808768,0.00901536030696648
2010-02-03,0.005963625905621042,0.005498251653316855
2010-02-04,-0.03415926958922617,-0.028936401982292526
2010-02-05,0.005478661214278966,0.008446696283418653
2010-02-08,-0.002358627437645585,-0.0072121956667182685
2010-02-09,0.015903449523803657,0.010311706935199005
2010-02-10,0.0038497900261583204,-0.002087925850428052
2010-02-11,0.020304156712298405,0.01510959802561529
2010-02-12,-0.0018134124330438995,0.0020610507247651455
2010-02-16,0.019031046445475704,0.012797269701807057
2010-02-17,0.0029341742043179947,0.0056401503274174924
2010-02-18,0.006867745943426729,0.0062823510549012695
2010-02-19,-0.00076066736190564,-0.0004457980087754221
2010-02-22,-0.0019229529529959748,-0.0020079159297438087
2010-02-23,-0.010107827605001687,-0.012963364490015783
2010-02-24,0.008261452922863115,0.010189613973146328
2010-02-25,0.005516855646446199,-0.00022404907550488407
2010-02-26,0.005976748853991136,0.00358765534770078
2010-03-01,0.028820092458415644,0.014522128191388761
2010-03-02,0.0018675394679525219,0.0030826821141991534
2010-03-03,-0.008717561282874512,0.0010976088413117147
2010-03-04,0.004085704536972793,0.003289697552859794
2010-03-05,0.015105946415013276,0.015082030819747905
2010-03-08,-0.00010059010495835185,0.0019376432379134556
2010-03-09,0.0018466670249118146,0.005588299193150403
2010-03-10,0.011026499760625842,0.008120848050503504
2010-03-11,0.0032039985080713302,0.003816058676182843
2010-03-12,-0.0010571405016242738,0.00021145482588869058
2010-03-15,-0.0014363727688128142,-0.0025338629244943123
2010-03-16,0.006144052346202503,0.006350702780010931
2010-03-17,0.0031348622356441097,0.0027345091340971184
2010-03-18,-0.002387607978445075,0.0033565133365971445
2010-03-19,-0.010907241550288934,-0.00604862226336067
2010-03-22,0.014907574983667276,0.009054235296920066
2010-03-23,0.008216184711719598,0.006886738889445576
2010-03-24,-0.0074431382408278466,-0.004766925470749195
2010-03-25,-0.0031945680905169616,-0.001457974725455391
2010-03-26,-0.0010970200341454725,0.0010428396402699658
2010-03-29,0.0034648620156605,0.004792119799797767
2010-03-30,0.0009156956793939809,0.0033171842545072217
2010-03-31,-0.003105849357613979,-0.004753134232388989
2010-04-01,0.003298975807715903,0.0
2010-04-06,0.003676520413667956,0.002880106858648368
2010-04-07,-0.006793160136045711,-0.002461599125596292
2010-04-08,0.0056512936787895835,0.0022622745299445413
2010-04-09,0.006304182153628411,0.005949693847385973
2010-04-12,0.005099115180102204,0.0008160558291292475
2010-04-13,0.004559826441174444,0.00509464873337917
2010-04-14,0.015151585254509214,0.011962689807549332
2010-04-15,0.005626694008379357,0.0044078960315319105
2010-04-16,-0.02093885764507321,-0.011969175088196615
2010-04-19,-0.00559080508409577,-0.0006053544745284745
2010-04-20,0.010634107290944002,0.005050304176012599
2010-04-21,-0.003878563216226007,0.0056282211690494854
2010-04-22,0.019702392796634414,0.0055966339389306174
2010-04-23,0.005249640988175656,0.004174310563302308
2010-04-26,0.0008423501801572002,-0.002177727036571042
2010-04-27,-0.0280618194643177,-0.021225575835543964
2010-04-28,0.00131195246686927,0.0006083074265763599
2010-04-29,0.027526444798612656,0.01741934435282788
2010-04-30,-0.02887710862317841,-0.019709554616075375
2010-05-03,0.024263384864436275,0.014012985355743801
2010-05-04,-0.03460119701773459,-0.03004218198347286
2010-05-05,-0.015952304865808245,-0.005161975613209857
2010-05-06,-0.03606480890152373,-0.03341641804655304
2010-05-07,-0.02538541522397508,-0.02490885105391749
2010-05-10,0.05533169396660866,0.051971413207346995
2010-05-11,-0.008528635618604974,-0.001046860428400409
2010-05-12,0.023919700071835335,0.018859743225145387
2010-05-13,-0.02149269691659653,-0.01583656398300648
2010-05-14,-0.022953906079392777,-0.019227276484354183
2010-05-17,0.003263883450787746,0.0031963287720790934
2010-05-18,-0.011143780551425711,-0.013805851367509114
2010-05-19,-0.0034378093008872517,-0.00796911552204893
2010-05-20,-0.03868237192448616,-0.03712591609591909
2010-05-21,0.020582875175474583,0.011048685917038448
2010-05-24,-0.011368250466689515,-0.004013980480445545
2010-05-25,0.005512999859740245,0.0008952196371012633
2010-05-26,-0.00543997101676626,-0.01118553375955722
2010-05-27,0.04329743019307687,0.03778260942458145
2010-05-28,-0.008138199350172483,-0.005886345862824549
2010-06-01,-0.013563272421025278,-0.009210274913960648
2010-06-02,0.03125047634289827,0.023683305903318574
2010-06-03,0.014034156246420456,0.009513239979499266
2010-06-04,-0.040191532224720584,-0.03426879923968151
2010-06-07,-0.02403488397917745,-0.018185752197501515
2010-06-08,0.006469039406330827,-0.001807203676688074
2010-06-09,-0.002255493488821825,-0.00837268053282303
2010-06-10,0.036886382053006206,0.02852575664410395
2010-06-11,0.011055249095010669,0.009540495885135725
2010-06-14,-0.001677652075808265,-0.00021923959997205422
2010-06-15,0.02452005522362332,0.026818931032820847
2010-06-16,-0.0014084685439721648,0.00406740692740537
2010-06-17,0.0020767915817807656,0.0031988408444154626
2010-06-18,-0.0031453362022988295,0.000830360670092567
2010-06-21,-0.0008697811244942052,-0.008511072579330259
2010-06-22,-0.0193083495487516,-0.007725268682641562
2010-06-23,6.790640545171383e-05,-0.004108644641327763
2010-06-24,-0.01575567828969108,-0.015201122055464644
2010-06-25,0.006446830812553337,0.0001988000582888727
2010-06-28,-0.004955788978731575,-0.0035344642100764156
2010-06-29,-0.04010869427121786,-0.03857208617144081
2010-06-30,-0.011231391971911005,-0.015217980911128914
2010-07-01,0.0023473650630506126,-0.0028098396647707746
2010-07-02,-0.010487345917154693,-0.0028171417676930988
2010-07-06,-0.0009048852010439389,0.003060516945357916
2010-07-07,0.034794455009013896,0.0319252058248618
2010-07-08,0.0014394947665945337,0.005459684944343568
2010-07-09,0.005488029904666888,0.009502172341568249
2010-07-12,-0.0011802324325004899,0.0029132429209959287
2010-07-13,0.017326527095838314,0.012960924063803558
2010-07-14,0.007156647405380502,0.0050736334004533035
2010-07-15,0.002066077778347811,0.0008783753143748463
2010-07-16,-0.031926447483485686,-0.02763151303049116
2010-07-19,0.01117419790299624,0.008570317385450332
2010-07-20,0.012302796863964708,0.012074739634916565
2010-07-21,-0.015827473550607093,-0.013698398784551813
2010-07-22,0.026718717996285994,0.025313407564912405
2010-07-23,0.017909813353335743,0.006335803804707885
2010-07-26,0.012034781808559313,0.0082504725183552
2010-07-27,-0.009222786696974345,-0.0004311473891082107
2010-07-28,-0.0008100498526667945,-0.007970351665596787
2010-07-29,-0.0022443229058075748,-0.0073832336476648
2010-07-30,0.002399925684505235,0.002187871417833387
2010-08-02,0.01633734067582867,0.01877284426511361
2010-08-03,0.0008116848218534564,-0.004285547559423453
2010-08-04,0.011735786489103629,0.01011414744619299
2010-08-05,-0.003946042319123048,-0.0023433538704421553
2010-08-06,-0.004629260562608546,-0.00149421063333266
2010-08-09,0.005064289862734207,0.006843207514740213
2010-08-10,-0.013615105896626727,-0.008708907885138117
2010-08-11,-0.0314633464535316,-0.02721186992787572
2010-08-12,-0.006218732594042599,-0.007929769462123204
2010-08-13,-0.0044952988760938745,-0.007104540286037797
2010-08-16,0.0025467514136039413,0.0017883800421867324
2010-08-17,0.016600241552706625,0.012723384863599474
2010-08-18,0.001735577417993603,0.00396808549045069
2010-08-19,-0.01388677930342971,-0.015149004510975783
2010-08-20,0.011327351060558877,0.0013375379234403795
2010-08-23,-0.012779356038425324,-0.009795023385614665
2010-08-24,-0.016302136906311954,-0.018659938309205537
2010-08-25,0.0034640495053193804,0.009621902413866179
2010-08-26,-0.008562132854646763,-0.012026263736928167
2010-08-27,0.022151139855453635,0.012172655299943935
2010-08-30,-0.018819778026369527,-0.010437979043760426
2010-08-31,0.0037687311258314217,-0.0034395389429306977
2010-09-01,0.031218168691485672,0.029912523269204794
2010-09-02,0.017723327379781422,0.011170561009638202
2010-09-03,0.014063019057116564,0.016570833591891487
2010-09-07,-0.012032773824897265,-0.006737077861067364
2010-09-08,0.015365251073595572,0.012034582723108977
2010-09-09,0.00029993672170215154,0.003892206661979314
2010-09-10,0.004615677216476953,0.00366083752406432
2010-09-13,0.015234212109966883,0.013948624774363871
2010-09-14,0.004084248942896938,0.004233126656569386
2010-09-15,0.0026791233427916066,0.006322371928749737
2010-09-16,0.006571694795140413,0.003978957209149758
2010-09-17,0.003904001256190796,0.0033869047337033997
2010-09-20,0.01793045265707542,0.017504002885400993
2010-09-21,-0.004465529030506665,-0.000205078833535155
2010-09-22,-0.005900164335389746,-0.002662733486808011
2010-09-23,-0.004335027914937694,-0.00041080008642013777
2010-09-24,0.023182675703496865,0.020341170453788582
2010-09-27,-0.0038561000506717406,-0.005436861443220864
2010-09-28,0.00789412228805434,-0.0004053307075948531
2010-09-29,-9.861860768734605e-05,-0.0016202149441616465
2010-09-30,-0.007201668326451507,-0.004463263874430301
2010-10-01,-0.0007642919801972998,-0.0012228563847089813
2010-10-04,-0.008650920621340947,-0.010814056432831176
2010-10-05,0.025694965264780576,0.02433994467299616
2010-10-06,-0.01756205829637264,-0.00865889376305351
2010-10-07,0.0007740684644495556,0.00365673482817086
2010-10-08,0.005399464560190165,0.006880775210370782
2010-10-11,-1.3046777284853503e-05,0.00040204734068027825
2010-10-12,0.004938408859904947,0.006831532639953508
2010-10-13,0.008507518412543767,0.008181713826551196
2010-10-14,-0.0007558295868078695,-0.0019792529506146295
2010-10-15,0.005239408042210541,0.021221804035274072
2010-10-18,0.001201313044274825,-0.0036902095996398376
2010-10-19,-0.015119439168256114,-0.00935631969298667
2010-10-20,0.008775070361860074,0.007280070711034092
2010-10-21,0.004844369334452814,0.0019534327577572785
2010-10-22,0.01583397408139171,0.006824152333567923
2010-10-25,0.00531895542656276,0.00484123581890028
2010-10-26,0.0041898965656879715,0.002698013461934101
2010-10-27,0.003307779280168855,0.0030752668161224683
2010-10-28,0.0021179046524089327,0.002107795310731353
2010-10-29,-0.00047222304123015874,-0.0022945841431810665
2010-11-01,-0.0034312666710872362,0.0007665647809456111
2010-11-02,0.008847776895565668,0.010723769981738851
2010-11-03,0.0026556829830811208,0.00454751638184181
2010-11-04,0.006937244713146398,0.012259178850272168
2010-11-05,0.0024214034274601354,0.0
2010-11-08,0.003123286690649241,0.001304712636006622
2010-11-09,0.0023496191706738967,-0.0053966079506877485
2010-11-10,0.0046606982457557304,0.005051510157766836
2010-11-11,-0.001376483862425723,-0.006329456368592279
2010-11-12,-0.015034861726595374,-0.01629812045678003
2010-11-15,-0.003184515685145667,-0.003808155850238748
2010-11-16,-0.019389071257784864,-0.016440966244778088
2010-11-17,0.0056726179108392985,0.002915552643456776
2010-11-18,0.017011074110272178,0.016085155573331678
2010-11-19,0.0008506780445128831,0.0007624108906818527
2010-11-22,0.005320124395475725,0.008386525648790943
2010-11-23,-0.018565214232444133,-0.015876165186769597
2010-11-24,0.02215946811080282,0.0201647691652469
2010-11-26,-0.003664375161709799,-0.006588729512046365
2010-11-29,-0.005763328768796902,-0.0007579942212746493
2010-11-30,-0.01343873460521786,-0.01213743796492217
2010-12-01,0.02623160261671175,0.021117586550063905
2010-12-02,0.012782582520353563,0.01015191413647143
2010-12-03,0.006451630129368758,0.0026061875014598
2010-12-06,-0.002223442128017359,-0.0003717838392457429
2010-12-07,-0.001048323841465365,0.000557640401811943
2010-12-08,0.005114499314534835,0.0037115677315617823
2010-12-09,-0.00021062144624896815,0.0009246420366202379
2010-12-10,0.00589996568485791,0.006650870095461503
2010-12-13,-0.005829566005685733,-0.003487200960821779
2010-12-14,-0.0033979675253786312,0.0018416311195532664
2010-12-15,-0.008317460650802123,-0.0044118538814116315
2010-12-16,0.00985613572270588,0.007754958034173587
2010-12-17,-0.0005826249043491297,0.0008812012632706256
2010-12-20,0.0047837884367804276,0.0007336479742119373
2010-12-21,0.004437357235218592,0.0060482183518739685
2010-12-22,-0.001471064398942052,-0.0001819181878413012
2010-12-23,-0.005227744172720118,-0.002551042645863366
2010-12-27,-0.0021044972170769466,0.0005482033192358848
2010-12-28,-0.0037782915581219038,-0.0018262637838287743
2010-12-29,0.0050593733963195855,0.0021954625092834856
2010-12-30,-0.004090393716182109,-0.0023731412827519005
2010-12-31,-0.0026563006413771514,-0.003658845243457387
2011-01-03,0.021034679234312032,0.01560797521966606
2011-01-04,-0.004034911170612991,-0.0007230904742185906
2011-01-05,0.01995409642336733,0.008503562750984628
2011-01-06,0.006010030240874548,0.0032292735031898
2011-01-07,-0.0028461775372950254,-0.0008940811686642958
2011-01-10,0.008319941462612095,0.0037586414307453353
2011-01-11,-0.0021849573704803603,0.0014266346389928408
2011-01-12,0.012286979391302032,0.007122546615144776
2011-01-13,0.0012304014084845744,0.00035363180400960204
2011-01-14,0.008525659281702774,0.007422797121921176
2011-01-18,0.002941575305183233,0.002807216940293733
2011-01-19,-0.014954325974888633,-0.011371747311175517
2011-01-20,-0.0206863625284768,-0.007078433980177268
2011-01-21,-0.006409513117645145,-0.0076633261450653745
2011-01-24,0.012462501352408934,0.013829026341221962
2011-01-25,-0.0024856344061329736,0.001417052613769787
2011-01-26,0.004536598651034202,0.005307062519892325
2011-01-27,0.02133623782524765,0.006158657756066388
2011-01-28,-0.024956196356588852,-0.02535845110696555
2011-01-31,0.0010941523265011717,0.004844545186802884
2011-02-01,0.02339875800062322,0.01874997330363537
2011-02-02,0.002948040645011626,-0.0015771039392150632
2011-02-03,0.001148139467911892,0.0017554365582357345
2011-02-04,0.009809996346151095,0.005607995354884432
2011-02-07,0.0012730594877737916,0.004705540832502519
2011-02-08,0.001897758740373772,0.006591288653813088
2011-02-09,0.0008402315474241082,-0.0017232192040050887
2011-02-10,0.007955611767222022,0.0015543477028663322
2011-02-11,0.012988726768871634,0.007238042867269812
2011-02-14,0.00604161783718542,0.0023957898753932394
2011-02-15,-0.007465708054427451,-0.001365602250712028
2011-02-16,0.005428012859594364,0.006495964165365908
2011-02-17,0.006048272387422089,-0.00033962406024479197
2011-02-18,-0.0006265210409568072,-0.002208823605256205
2011-02-22,-0.03968735183988874,-0.028946445303234758
2011-02-23,-0.02720861700196922,-0.008240758068602139
2011-02-24,0.016034269616224943,0.005303785021390173
2011-02-25,0.018757512576042207,0.013893958311853138
2011-02-28,-0.005259588494142144,0.0020813722240387023
2011-03-01,-0.016757977876172923,-0.016098071649235712
2011-03-02,0.0016598256155434226,0.0052779642391524995
2011-03-03,0.024587459233929607,0.01977575221604
2011-03-04,-0.0035743137193277536,-0.005148140781229715
2011-03-07,-0.02184663372827529,-0.013455286599202365
2011-03-08,-0.004027301663968025,0.004022004713339911
2011-03-09,-0.016873667751571654,-0.006792877782960893
2011-03-10,-0.014632320621662902,-0.01560521779952495
2011-03-11,0.0072400872184648305,0.006234195952258048
2011-03-14,-0.007214067901379354,-0.003540623552857003
2011-03-15,-0.006363422394406523,-0.014211889299562408
2011-03-16,-0.021255422691971053,-0.024148716100654055
2011-03-17,0.006998353710070381,0.009234105657193847
2011-03-18,-0.0034968427649117637,-0.002254358448882221
2011-03-21,0.016749404982232437,0.01928406603744759
2011-03-22,-0.0014734180537007324,-0.0018015814290076593
2011-03-23,0.011150915541371438,0.005595272298678733
2011-03-24,0.02789210325658118,0.01777078941788357
2011-03-25,-0.005379046426868454,0.00246912483327133
2011-03-28,-0.0008206382695380173,-0.0054540561744405025
2011-03-29,0.010954399081386861,0.00972919585399823
2011-03-30,0.006394039409765045,0.0047303793342410305
2011-03-31,-0.0008662511431817621,0.0013948940516628205
2011-04-01,0.0044310681776068015,0.0005225456913651172
2011-04-05,-0.0021509210391683895,-0.0026191178006205185
2011-04-06,0.0012086747353209166,0.00245081770589195
2011-04-07,-0.006980959064892624,-0.0006980882741876027
2011-04-08,-0.004895410943791007,-0.004719182565961155
2011-04-11,0.002702335347883306,-0.003336104587149502
2011-04-12,-0.010053250447813522,-0.0068709083495549494
2011-04-13,0.008765046207908227,0.008515328454106408
2011-04-14,0.0036041275544504772,-0.0017591051855827544
2011-04-15,0.0059806446405530934,-0.0017622816174694966
2011-04-18,-0.014029744396234611,-0.007060957643530319
2011-04-19,0.007128334624798966,0.006222041521094068
2011-04-20,0.027263010173385043,0.022615275669710444
2011-04-21,0.012127828375708442,0.007947270509958582
2011-04-25,-0.0007044000892692177,0.002571006782494001
2011-04-26,0.004937580671266657,0.005642051602207099
2011-04-27,0.010534482200082672,0.006800390023997904
2011-04-28,-0.0015414825916143884,-0.0015196666736335684
2011-04-29,-0.002763900863721389,-0.0008452340967199934
2011-05-02,0.0028494024561230747,-0.0018622201165789942
2011-05-03,-0.015258453942915922,-0.004748303950959376
2011-05-04,-0.010736714824675517,-0.0015332420491929177
2011-05-05,-0.0009977417396536245,-0.0054608538509380855
2011-05-06,0.0073565418641298045,0.0032598966097252546
2011-05-09,0.009999128759826831,0.0037627040842478365
2011-05-10,0.01155485484742564,0.008519409127585087
2011-05-11,-0.010100416294954529,-0.007264594601297358
2011-05-12,0.011288204976551532,0.005956554667641889
2011-05-13,-0.01360392313521512,-0.011842568429030975
2011-05-16,-0.015839414275217466,-0.01729150725717632
2011-05-17,-0.003907014032057896,0.002787433615824453
2011-05-18,0.011331757641179817,0.008339207183405417
2011-05-19,0.0007444237123452994,0.002928873392410214
2011-05-20,-0.006045911749963157,-0.007558870653364025
2011-05-23,-0.016285966972391267,-0.014713414385238432
2011-05-24,-0.006854009626081493,-0.006149107150282718
2011-05-25,0.005425805835491744,0.00388900374728407
2011-05-26,0.00842896118638248,0.006163260443007079
2011-05-27,0.0036106982238500386,0.005075112007333571
2011-05-31,0.01351347092454269,0.016193925402556708
2011-06-01,-0.018689269816531327,-0.02176185984264767
2011-06-02,0.0058829603420876815,0.002102022489175903
2011-06-03,-0.013126372130447718,-0.015032338330929318
2011-06-06,-0.014995829519619353,-0.008163439895584212
2011-06-07,-0.0014258058141540973,-0.001788932953012301
2011-06-08,-0.009725573536649554,-0.007169879236518462
2011-06-09,-0.0016266675795547291,0.0018055516243260517
2011-06-10,-0.015175086969925231,-0.01531843289028545
2011-06-13,-0.004964636799276458,0.0
2011-06-14,0.013407245308141694,0.012811393670654647
2011-06-15,-0.01759059409361232,-0.018973457688982953
2011-06-16,-0.009622784880442827,-0.0038683384215751904
2011-06-17,0.001984668634341771,-0.003132097299796799
2011-06-20,0.011395779793830283,0.005205441203374628
2011-06-21,0.022426225191579514,0.021453963600180703
2011-06-22,-0.003701481680020211,-0.007242613102671047
2011-06-23,0.005536130185442493,0.009301479037511218
2011-06-24,-0.0070132124512949255,-0.01734734762403023
2011-06-27,0.010536416732925984,0.015998626241731317
2011-06-28,0.022240609555398867,0.01484162321013871
2011-06-29,0.006878503850919823,0.004101928007403721
2011-06-30,0.0033903650346244884,0.01332127313682041
2011-07-01,0.016124114074388237,0.015074724586956467
2011-07-05,0.010328818478485907,0.005007801095303632
2011-07-06,-0.002655307097603482,0.0032648170950440036
2011-07-07,0.0037721775355884857,0.013700782282705326
2011-07-08,0.0014483362788572916,-0.002703019083876934
2011-07-11,-0.01957107198366014,-0.01812661720921649
2011-07-12,-0.0062360179181803095,-0.007591236248276401
2011-07-13,0.004363723133768661,0.0041720941960197155
2011-07-14,-0.012036350012663344,-0.01159965880267344
2011-07-15,0.00646799459627893,0.013312422883735353
2011-07-18,-0.006168005695763387,-0.005358830084892352
2011-07-19,0.017459073545727125,0.02276718609267725
2011-07-20,-0.005434621574998678,-0.0042479684973507625
2011-07-21,-0.004433266137282042,0.006655137011523982
2011-07-22,0.003816592637040932,0.010340555929207351
2011-07-25,-0.0037365033904406316,-0.0020132093872994306
2011-07-26,-0.0006618816876256643,0.002521551793221777
2011-07-27,-0.01790375325007716,-0.025825879945469365
2011-07-28,-0.0034378268544690907,0.0017215826595395889
2011-07-29,0.006343615884353233,-0.003265005640502805
2011-08-01,-0.005308499708180834,-0.004655163474243773
2011-08-02,-0.03527326051282155,-0.02529015892002562
2011-08-03,0.006655205406451061,0.009596338490346579
2011-08-04,-0.050345030223763555,-0.04647026684445055
2011-08-05,-0.0005625105980329671,-0.006276588749528189
2011-08-08,-0.059916950605870586,-0.060190005404668345
2011-08-09,0.050846774014046504,0.048230910849775155
2011-08-10,-0.03638339855319112,-0.04092019197958352
2011-08-11,0.038566602393274974,0.04404249126792559
2011-08-12,0.017883554030012593,0.008851551432934146
2011-08-15,0.014409625387194131,0.014746908637517597
2011-08-16,-0.008517982855079464,-0.008462083519032992
2011-08-17,-0.006693680202106371,-0.0059367725602542665
2011-08-18,-0.04768404417514311,-0.049085803288809515
2011-08-19,-0.01118196002258306,-0.01805687688287383
2011-08-22,-0.001854530414480457,0.0035979797059428886
2011-08-23,0.04335606755809254,0.0412269172837203
2011-08-24,0.008578799332016995,0.00784209322736551
2011-08-25,-0.013873551750640535,-0.01632188152396019
2011-08-26,0.028088916894863966,0.025082269190828566
2011-08-29,0.02894027354340257,0.027856180984188184
2011-08-30,0.017643384364338658,0.006591658305293402
2011-08-31,0.00030299638491075543,0.0016376750233155768
2011-09-01,-0.008799362826423419,-0.009080984275535164
2011-09-02,-0.020908035948319185,-0.02346038517026572
2011-09-06,0.007115253833539966,0.00018770844746573978
2011-09-07,0.021148332848914497,0.0253328760221605
2011-09-08,-0.008121411784583303,-0.004575195794604303
2011-09-09,-0.0240104300065645,-0.022246806519912954
2011-09-12,0.01072577097515351,0.01278671015220434
2011-09-13,0.013558697660250281,0.013368264176421452
2011-09-14,0.01599253962068567,0.014290780651418977
2011-09-15,0.011407485877301038,0.014812524582849873
2011-09-16,0.010983446873778677,0.009165814045059228
2011-09-19,0.0027396715735299748,0.00035326266194801725
2011-09-20,-0.007011786365330253,-0.004416439601230726
2011-09-21,-0.016853773893650583,-0.01738803844836534
2011-09-22,-0.03514554236414467,-0.032502131561948144
2011-09-23,0.008600314342990642,0.010637856464657203
2011-09-26,0.011300657012570605,0.01163406475630957
2011-09-27,0.0047004302922000795,0.010405464771847006
2011-09-28,-0.015338939187691393,-0.014814657371195361
2011-09-29,-0.019150010358221507,-0.011919756791845204
2011-09-30,-0.022372072071255668,-0.025798265644735197
2011-10-03,-0.02917952422755823,-0.025719728868753844
2011-10-04,0.024097842929378496,0.020532168891437497
2011-10-05,0.022959039081489756,0.02567547588123631
2011-10-06,0.01570452206081345,0.01681330753341803
2011-10-07,-0.0011582397614664775,-0.006614244958461968
2011-10-10,0.031229171023909007,0.0345849067259425
2011-10-11,0.00375313108678108,0.006792841641545699
2011-10-12,-0.0014377455749211819,0.004971461041247682
2011-10-13,0.0034163658223830048,0.009187258684012933
2011-10-14,0.013845098267945085,0.018557530533004796
2011-10-17,-0.011640302194101107,-0.015469217645592725
2011-10-18,0.013245162967932945,0.012395345955536596
2011-10-19,-0.006425624974201775,-0.019313616507620535
2011-10-20,-0.0002835055657267978,-0.004923532640944361
2011-10-21,0.012974520128366755,0.012546480370419832
2011-10-24,0.01615518801787865,0.020767889018519448
2011-10-25,-0.01587442356007563,-0.019661488711668618
2011-10-26,0.0004906778559522178,-0.0012208504511376228
2011-10-27,0.025536224932286584,0.027588317378934635
2011-10-28,-0.0071095284834853615,0.0015293692323894437
2011-10-31,-0.012408791214407468,-0.01679663833874212
2011-11-01,-0.016236333405010375,-0.026056966082639743
2011-11-02,0.010281372041585019,0.008504745971493533
2011-11-03,0.017217463472624872,0.02073047465031652
2011-11-04,0.003541471496223642,-0.00516323403951191
2011-11-07,0.000531215528826557,0.007093274869620414
2011-11-08,0.006749217812968974,0.011510448501125037
2011-11-09,-0.029846996176564937,-0.03515652632866395
2011-11-10,0.006573708364724169,-0.0005279942795417547
2011-11-11,0.019653601282040484,0.018844537384641757
2011-11-14,-0.005041399609735724,-0.006222999190583334
2011-11-15,0.008408526125773115,0.01113262892563549
2011-11-16,-0.020368841651438,-0.016515049849692764
2011-11-17,-0.019649275472808488,-0.02343854439790216
2011-11-18,-0.01075107321989248,-0.007701868820322422
2011-11-21,-0.011100357738389617,-0.019133833309130766
2011-11-22,0.00196945425916779,0.003312441666529775
2011-11-23,-0.01847019690941835,-0.02256044708047278
2011-11-25,-0.00538020330267286,-0.007693668744998328
2011-11-28,0.02649848622477444,0.034795633694389316
2011-11-29,0.00338736122973771,-0.006213621118107193
2011-11-30,0.031219675298691168,0.036962366660441504
2011-12-01,0.008391474353077518,0.006916122314172268
2011-12-02,-0.006137234046602719,-0.00281778718352077
2011-12-05,0.014445147171858791,0.010950075496425571
2011-12-06,-0.002672321481982952,-0.002795444773814215
2011-12-07,-0.0029118446527549233,0.0
2011-12-08,-0.01748000963193472,-0.016818323206689967
2011-12-09,0.018101069648990286,0.016036814562188084
2011-12-12,-0.010173146087809011,-0.011224014390477821
2011-12-13,-0.00847929589867823,-0.010996614242948732
2011-12-14,-0.013413708191139302,-0.015602724542814084
2011-12-15,0.00041362931709555825,-0.0027325515379249543
2011-12-16,0.007917527881668142,0.00514829893272184
2011-12-19,-0.009002123538782256,-0.009843267708928294
2011-12-20,0.026058609419715738,0.029639414656948748
2011-12-21,-0.0006605952751344989,-0.014303700716021606
2011-12-22,0.002454077879636087,0.008525404668661585
2011-12-23,0.010881226654901354,0.008632894428734161
2011-12-27,0.006172131349838854,0.003730213615248834
2011-12-28,-0.010347624372734957,-0.011557477217738366
2011-12-29,0.008794691691200243,0.007195234377022741
2011-12-30,-0.007141247265900159,-0.002857348437596774
2012-01-03,0.004508007498468306,0.01916536721966966
2012-01-04,0.0011466322113440701,0.004217626402521546
2012-01-05,0.008302193093413266,0.00822541037318203
2012-01-06,-0.00010644041115135862,0.0034716605087286023
2012-01-09,-0.0019086395852865633,-0.003286510771996487
2012-01-10,0.0068432174718516476,0.0072890112593630985
2012-01-11,0.005318552893257771,0.002067504581360069
2012-01-12,0.004075270426877795,0.003954676903097143
2012-01-13,-0.009338395294843708,-0.0035967772309286605
2012-01-17,0.005950797245944492,0.009110013497907188
2012-01-18,0.014973880841067199,0.013285341202692313
2012-01-19,0.010949356435733755,0.0062199474768682705
2012-01-20,-0.002697408549156403,-0.0015035903266646944
2012-01-23,-0.004364596067291496,0.00033492269024093524
2012-01-24,0.004370675102443995,-0.0018400888292899875
2012-01-25,0.004467062677649939,0.012567206484455529
2012-01-26,-0.006424523855522526,-0.0034752134004911728
2012-01-27,0.004190522734777445,0.0029890604793914033
2012-01-30,-0.0011471043401929007,0.0008275031220410511
2012-01-31,0.0009898402577059513,0.0013233379478381213
2012-02-01,0.02168424701876679,0.008095177758922212
2012-02-02,0.001714236036214573,0.0031139750894702
2012-02-03,0.020090048383394368,0.013723154684024852
2012-02-06,-0.0028952311077167494,-0.0008057765372787573
2012-02-07,0.003458839203168529,0.0020968891638442066
2012-02-08,-0.00033740826481809007,0.005311456974070872
2012-02-09,0.0035441765365465984,0.007204660154097153
2012-02-10,-0.010302258727286576,-0.006994089905677403
2012-02-13,0.011117916703420192,0.00928406707040974
2012-02-14,0.014719680857633968,0.0025376714435081382
2012-02-15,-0.005045990830177899,-0.00696096599413476
2012-02-16,0.011596983059969137,0.013701086242111638
2012-02-17,-0.009215292416417428,-0.003143208217602278
2012-02-21,-0.0037262781077425193,0.002837861557841048
2012-02-22,0.0014311622393461821,-0.004559213383284133
2012-02-23,0.0032320042061378352,0.00663320351135166
2012-02-24,-1.5097089940169802e-05,0.003451507765875661
2012-02-27,0.0034824313340419575,0.001407139061555318
2012-02-28,0.008036776648557096,0.0101484730234227
2012-02-29,-0.009924004431675272,-0.004482137147776122
2012-03-01,0.01004428273334996,0.007917720461788624
2012-03-02,-0.002125714045987655,-0.0007703535920996485
2012-03-05,-0.00784983646674086,-0.010328384975590299
2012-03-06,-0.014930896538321968,-0.009813086589725684
2012-03-07,0.010546825719439382,0.007708123189532401
2012-03-08,0.011757139582156434,0.010771205131188788
2012-03-09,0.011283379781854973,0.0041700462700391405
2012-03-12,-0.0008092369648075848,0.0004615542536317019
2012-03-13,0.018577094417617415,0.018601030304660204
2012-03-14,-0.00164686832255379,0.0034712334879709594
2012-03-15,0.0027051902327088696,0.002857209881509837
2012-03-16,-0.0019640175676332457,-0.0007056278799003612
2012-03-19,0.0035794780329915293,0.007065011908765628
2012-03-20,-0.0026028970359988847,0.0017917136710052795
2012-03-21,0.005949670524387112,0.00014882878094812924
2012-03-22,0.0025190081322863924,-0.002086176728834155
2012-03-23,-0.00036403304987821884,-0.0005968561977293119
2012-03-26,0.01667214558276231,0.017478140757636318
2012-03-27,0.0009783642540974402,0.0014683949321143697
2012-03-28,-0.006678138396052756,-0.003957989214851354
2012-03-29,-0.002533272163801873,-0.003827276386133449
2012-03-30,-0.004542475134494096,-0.0019206408000034259
2012-04-03,-0.000856389077732115,-0.0002930640253510086
2012-04-04,-0.011250027507639484,-0.013629959040964756
2012-04-05,0.002237956832664524,0.006241024456811184
2012-04-09,-0.008464252489670131,-0.007531360608184823
2012-04-10,-0.022539848633044153,-0.016069181152206458
2012-04-11,0.007297450412472658,0.004839084315365838
2012-04-12,0.013234841591649282,0.011437187034315954
2012-04-13,-0.005037621486229591,-0.015176448865972691
2012-04-16,-0.012391265609614576,-0.011179994816717387
2012-04-17,0.0133652475194534,0.020321052425769315
2012-04-18,0.009042045583462796,-0.002545426766388359
2012-04-19,-0.011197083558291517,-0.01125963638430072
2012-04-20,-0.006777478102086426,-0.0027332247506370866
2012-04-23,-0.009382329695816873,-0.009135282538525358
2012-04-24,-0.012122740137387662,-0.0053779015681486575
2012-04-25,0.02489491471943195,0.026571863051974898
2012-04-26,0.006416492820848089,0.005869159476214358
2012-04-27,0.0021236537150087107,0.005984472150417419
2012-04-30,-0.004777276764485733,-0.007139310855185155
2012-05-01,0.005997420232942001,0.0016484069812716662
2012-05-02,0.00844423290269904,0.0028411124825944434
2012-05-03,-0.010295709855875575,-0.01058781127184405
2012-05-04,-0.02286140085157558,-0.02486767530246914
2012-05-07,-8.952863891261493e-05,0.0009274317559813117
2012-05-08,-0.02465441849574915,-0.003706156851242537
2012-05-09,-0.0034791607347918196,-0.0030997307277683683
2012-05-10,0.002859645272007647,-0.0020211065260634653
2012-05-11,0.0031950869966404214,-0.00015573304327498594
2012-05-14,-0.00993050247841535,-0.009348722029450585
2012-05-15,-0.001971887411575346,-0.0033030560524343056
2012-05-16,-0.0056581431976658126,-0.006785413610888802
2012-05-17,-0.026951285529563957,-0.021131365440955174
2012-05-18,-0.012937402143049842,-0.012984835060953714
2012-05-21,0.02285867964048982,0.0279556341693461
2012-05-22,-0.0023321957240992506,-0.001119567311662184
2012-05-23,0.005894007781484407,0.0019217243163294206
2012-05-24,0.0011022661610723505,-0.006553274863507541
2012-05-25,-0.0004864541534240384,-0.0012875193399551899
2012-05-29,0.0016063254923253322,0.012727551941384752
2012-05-30,-0.010244181146848295,-0.008431361868790566
2012-05-31,-0.005473873763372972,-0.004332062298774142
2012-06-01,-0.028506567578720412,-0.026587035126115044
2012-06-04,0.010140237113024567,0.00761460680685655
2012-06-05,0.00459642341832004,0.004107444965714135
2012-06-06,0.020608084729705014,0.022905418425085866
2012-06-07,-0.006269078111801722,-0.003998630314831497
2012-06-08,0.01014031142385869,0.00963533722816834
2012-06-11,-0.013369540744317348,-0.01686004367103522
2012-06-12,0.013479248728722033,0.012133823282056477
2012-06-13,-0.00823896181861851,-0.006873337547663949
2012-06-14,0.00978640745279026,0.003702283153074637
2012-06-15,0.015094654083282838,0.012423835333121414
2012-06-18,0.01502538386956636,0.009366893926010311
2012-06-19,0.004290020753974941,0.010380330655103798
2012-06-20,-0.002064522627756768,0.0007782792093029567
2012-06-21,-0.02291593708967529,-0.024886968594187597
2012-06-22,0.013422025696963212,0.010527767794492604
2012-06-25,-0.01679638967517653,-0.019258021708715045
2012-06-26,0.010682963417005939,0.0062770860146939
2012-06-27,-0.004948645987394863,0.006077991869102739
2012-06-28,-0.024977564127033638,-0.011128782993746422
2012-06-29,0.033609935619625435,0.031511426309932755
2012-07-02,0.00290109710641844,0.002961282132422749
2012-07-03,0.003920682416395106,0.00839171397773586
2012-07-05,0.0022029009169664757,0.0006165849105808086
2012-07-06,-0.010867468222003518,-0.012474994557065577
2012-07-09,0.0004053006329618041,-0.0018716999700756354
2012-07-10,-0.011804986904954028,-0.00984369474199609
2012-07-11,-0.0027265059832887735,-0.005523019160177944
2012-07-12,-0.005973693821321865,-0.00936236456516304
2012-07-13,0.013381946290433005,0.015217057457667327
2012-07-16,-0.0051964557045757545,-0.0028397551089555106
2012-07-17,0.011933950375381976,0.005221508199998448
2012-07-18,0.007368158053434177,0.013536814275397324
2012-07-19,0.006182962425548327,0.011026284876406889
2012-07-20,-0.015565502380751687,-0.01321028929987067
2012-07-23,-0.014977477272234228,-0.012142024131198248
2012-07-24,-0.008309720191369349,-0.007878790583835893
2012-07-25,-0.005984389120501939,-0.0066708641593089535
2012-07-26,0.014056778801754806,0.013271439930165885
2012-07-27,0.03166409498373326,0.023670546496088907
2012-07-30,0.0003321135335352457,-0.0007707206595410909
2012-07-31,-0.010528025444859116,-0.00030865846583238987
2012-08-01,-0.0017833645278859213,-0.0029322998095753228
2012-08-02,-0.0008380679905895933,-0.0035595828267231955
2012-08-03,0.014640733016435568,0.018949781505838148
2012-08-06,0.006667290858516606,0.007622292580817147
2012-08-07,0.004641176930500697,0.00832081683204633
2012-08-08,-0.011344720174598262,-0.0004501466598549886
2012-08-09,-0.003074876327649023,0.0030015776722558396
2012-08-10,0.0018091314115075113,0.0005984548074136065
2012-08-13,0.00010109831739383077,0.0023932861154745133
2012-08-14,0.0033503346784929276,0.0004477257746224872
2012-08-15,0.0033681101140401945,0.002535315911845082
2012-08-16,-0.0031736057790887374,0.011901064302840325
2012-08-17,0.0032015510535154295,0.004410804863052675
2012-08-20,-0.001037224796634112,0.001463413868103114
2012-08-21,-0.004957205622805799,-0.003946202584444669
2012-08-22,0.004955015038777914,0.004108877023235813
2012-08-23,-0.0061962237922107925,-0.008183311187772047
2012-08-24,0.007503109498290423,0.006188012068716553
2012-08-27,-0.0023349687787197187,0.0016111097634747829
2012-08-28,0.0001737449446593437,0.0
2012-08-29,0.0027116078327098464,0.0
2012-08-30,-0.008403335592917836,-0.010087919825180647
2012-08-31,0.0026047613593269646,0.006645798535596992
2012-09-04,0.0039554915750561045,-0.0010267378089917623
2012-09-05,-0.0004274417658480474,-0.001028549415688862
2012-09-06,0.02044064760124575,0.022199894446051527
2012-09-07,-0.00016442092295048687,-0.001438625388133552
2012-09-10,-0.009577550529766473,-0.012818614896315528
2012-09-11,-0.0029755275404467047,-0.0016047325113960342
2012-09-12,0.0009344231248450268,0.002922624577327282
2012-09-13,0.012705005986122007,0.013551332587412146
2012-09-14,0.007060917246109261,0.00891269248305071
2012-09-17,-0.0015034475420548593,0.0004271990662036984
2012-09-18,-0.00019387899841273468,0.0008547667857088381
2012-09-19,0.003531555171214862,0.0018504944606700935
2012-09-20,0.003813742234985873,-0.000994556184103379
2012-09-21,0.0020610257577054684,0.00028478177338064903
2012-09-24,-0.0005587785101809076,-0.005844264144170941
2012-09-25,-0.011069892037914681,-0.014052346677281391
2012-09-26,-0.008505334803270875,-0.008144093027551591
2012-09-27,0.01057346026964734,0.01378284623991588
2012-09-28,-0.005147292003242538,-0.008243854647757565
2012-10-01,0.0011483632949342488,-0.0014584251779017343
2012-10-02,0.0031452846112716244,0.002920985577633761
2012-10-03,0.009806765117959098,0.006407564367134411
2012-10-04,0.005473103512722217,0.003472833691112287
2012-10-05,-0.0028555479975657283,-0.0053353380574673315
2012-10-08,-0.007151283781257957,-0.009133360853210593
2012-10-09,-0.016140567677730918,-0.015947498236761892
2012-10-10,-0.0038622343090383604,-0.005054869083605307
2012-10-11,-0.002017019906754986,-0.003138086818973984
2012-10-12,-0.00445568284991624,-0.00044948940582256736
2012-10-15,0.005541464062229237,0.007348320398578023
2012-10-16,0.012915777547822001,0.014143276641387814
2012-10-17,0.001988983364291028,-0.0005872490441656275
2012-10-18,-0.007098431099832366,-0.011603852198584397
2012-10-19,-0.01965961523661449,-0.02392667009913807
2012-10-22,0.0006420573687879345,0.0051769909053920316
2012-10-23,-0.004084334795629633,-0.009542726193549012
2012-10-24,-0.0021921851169200107,-0.003517395325143613
2012-10-25,0.00638508012991506,0.0
2012-10-26,-0.00021106965401566338,0.0029159508685920876
2012-10-31,-0.004351056520315618,-0.006120885123784392
2012-11-01,0.015789648585031103,0.014164762864451896
2012-11-02,-0.007384370586728698,-0.010627118075884678
2012-11-05,0.00246284898796796,0.006598165465334649
2012-11-06,0.0002761221488499278,0.0018292937896577932
2012-11-07,-0.022691717031323323,-0.02358502759734593
2012-11-08,-0.013105396443105558,-0.015739051748990596
2012-11-09,-0.0009628527402299357,0.004274881941737085
2012-11-12,0.006107192825579337,-0.00015820722407244858
2012-11-13,-0.002244099021774302,-0.006937522954642228
2012-11-14,-0.017439535579776795,-0.011749675022506012
2012-11-15,0.005201876459132011,-0.003374047931378521
2012-11-16,0.008877687836744372,0.0043526888734997105
2012-11-19,0.011708175113257219,0.0237559803633276
2012-11-20,0.004104373001941431,0.00031353752791929423
2012-11-21,0.0041889713885786125,0.0020377911285891503
2012-11-23,0.012197208255893766,0.015173064154630822
2012-11-26,-0.00030320631960677283,0.004314036198710625
2012-11-27,-0.01125961449180209,-0.0033755556824873745
2012-11-28,0.010270942451240316,0.00862116215068176
2012-11-29,0.00598483817748301,0.005952298532714728
2012-11-30,0.005232183009793705,-0.0016690194131123715
2012-12-03,-0.009189402145886875,-0.0019755918125680116
2012-12-04,0.006417030272794828,-0.0006094185533150887
2012-12-05,0.003094899372659979,-0.01112247621234752
2012-12-06,0.010858349035666095,0.006470988360423702
2012-12-07,-0.0015666814449773704,-0.00597026385382271
2012-12-10,-0.0016401861343927795,0.0029260154913526293
2012-12-11,0.011128263937101727,0.01305268863331932
2012-12-12,0.0040811232249659945,-0.002121903694853766
2012-12-13,-0.003632051945177852,-0.007899220725932632
2012-12-14,0.003109105191038934,-0.009493208072942072
2012-12-17,0.007898183276540847,0.013294179456108557
2012-12-18,0.010560654791229076,0.015255588441917434
2012-12-19,-0.004435260237519116,-0.004357224925942371
2012-12-20,0.0035073969795269906,0.0
2012-12-21,-0.020680103098447505,-0.010517416079708797
2012-12-24,-0.004462277103712516,-0.001994086080213897
2012-12-26,-0.0007379225944403879,-0.008759567860621265
2012-12-27,-0.00012971852639499502,-0.0015503107747291134
2012-12-28,-0.008035148583777912,-0.009627551879131002
2012-12-31,0.021123566717326316,0.021166565146208516
2013-01-02,0.02650876285447211,0.03178239550538353
2013-01-03,-0.007307850570432062,-0.005208551683573037
2013-01-04,0.006061248543598426,-0.003290572024153726
2013-01-07,0.0010210385540382469,0.000300316315728022
2013-01-08,-0.005236522381752596,-0.001950767635876094
2013-01-09,0.009347722914049573,0.0037582428479350227
2013-01-10,0.004853998607997261,0.00599099282842519
2013-01-11,0.0012753625151940087,0.0013396717642619738
2013-01-14,0.0027650052648694455,-0.004460336319291991
2013-01-15,0.003385669846602557,-0.004928193171037765
2013-01-16,-0.0008937452217264748,0.004052226425217187
2013-01-17,0.006788710430838151,0.004783187566116842
2013-01-18,0.002314131881739011,-0.00223140024448798
2013-01-22,0.00438116049348177,0.0016398885878283753
2013-01-23,-0.0045605702921694205,0.00610323207903285
2013-01-24,0.0044854013197567315,-0.01375950044854668
2013-01-25,0.008905230039979716,0.005100717740706973
2013-01-28,-0.0031052273447916123,0.002238790185655093
2013-01-29,-0.008690282384521582,0.00014836157738074007
2013-01-30,-0.0027597346733721807,-0.0020842311489142062
2013-01-31,-0.0018760278587255615,-0.002238376598814318
2013-02-01,0.009017352631794758,0.011814322414965828
2013-02-04,-0.017809155416659773,-0.01744005874132959
2013-02-05,0.021812396920035854,0.014741146542155192
2013-02-06,-0.009312515951777275,-0.0032610053331281197
2013-02-07,-0.004382997747420503,0.0008920791786568572
2013-02-08,0.009637565907533679,0.01025277056874363
2013-02-11,-0.000435144824832218,0.0002939335151932454
2013-02-12,0.0002031362793497832,-0.004116988707534408
2013-02-13,0.0012573327005093757,0.003543821720276119
2013-02-14,0.002478468707712498,-0.0002942703988083606
2013-02-15,-0.003702806803364548,-0.002943695451964823
2013-02-19,0.004800767667759278,0.007232222255234566
2013-02-20,-0.016398475004438043,-0.015386644581837139
2013-02-21,-0.01779661189690377,-0.010715516499346656
2013-02-22,0.010934719824098361,0.010079496866427284
2013-02-25,-0.013463610607018683,-0.012362180957624425
2013-02-26,0.0033737343386151344,0.003770144231361572
2013-02-27,0.012868638298117999,0.01021650565072707
2013-02-28,0.0014129843506296917,-0.002082193181882186
2013-03-01,0.0037576428604275103,0.0041727584005042395
2013-03-04,0.00765289996091197,0.004452581847565584
2013-03-05,0.011767576076091675,0.014775246220044336
2013-03-06,-0.00011540652765684213,-0.0024749453760930518
2013-03-07,0.0026806618281328314,0.002627371977034443
2013-03-08,0.004026506176889069,0.0011643098061551171
2013-03-11,0.002764031961574663,0.0029081629432650136
2013-03-12,-0.0048843749234224795,-0.0036246162925031022
2013-03-13,0.0023437808320924654,-0.001309455114331004
2013-03-14,0.003159618863638183,0.0033511312509559854
2013-03-15,-0.009042720819578244,-0.0027801406552788732
2013-03-18,-0.008644663785737623,-0.0021897202694793894
2013-03-19,-0.002812546379323308,-0.0019016779460139244
2013-03-20,0.009348326612238436,0.007035140231115511
2013-03-21,-0.011126431653096548,-0.011351821181720068
2013-03-22,0.015936036358005355,0.009715769141149577
2013-03-25,-0.006952869401497934,-0.003644761308679745
2013-03-26,0.006929396216065134,0.005413892420345734
2013-03-27,0.006821516580854708,0.0013100204078932975
2013-03-28,0.009174322628970813,0.0024704776318469346
2013-04-01,-0.011110947993262116,-0.0068141302986803876
2013-04-03,-0.012175058536874096,-0.0091252037584163
2013-04-04,0.005608569617867466,0.00029195094231138086
2013-04-05,-0.00793809872234496,-0.00832884531860767
2013-04-08,0.006279374298117388,0.005304526801496845
2013-04-09,0.004158700305484621,0.006743033861115855
2013-04-10,0.024395687696100538,0.01951113784225389
2013-04-11,0.0032837270252024636,-0.0004291301839814965
2013-04-12,0.0019911188905940265,-0.000714189432908241
2013-04-15,-0.02587990908214735,-0.019731131283134862
2013-04-16,0.013643170048334105,0.01327303550831771
2013-04-17,-0.01493404402671272,-0.019576941701274886
2013-04-18,-0.014755917617238316,-0.013801210799197827
2013-04-19,0.010665259478386759,0.01369650350481355
2013-04-22,0.0065067847383004605,0.010280587474256198
2013-04-23,0.01099208569981276,0.009594617089602409
2013-04-24,-0.009755515523064928,-0.0004322244280408061
2013-04-25,0.010484769846469693,0.005329851861506363
2013-04-26,-0.0013766454130678823,-0.003152095929037535
2013-04-29,0.002942682489913369,0.009199716456709695
2013-04-30,0.0014451805998625781,0.007263679600334916
2013-05-01,-0.003253540641072489,-0.004666085227139183
2013-05-02,0.01879915798939152,0.012643557454437904
2013-05-03,0.014464700214013767,0.01178454888757341
2013-05-06,0.0017036075392897875,0.00388258726431312
2013-05-07,-0.00010960846447600074,-0.0005523090894782312
2013-05-08,0.0027887462451299493,0.004836225962334018
2013-05-09,-0.004645723974297108,-0.0013751784666322653
2013-05-10,0.008932323649917992,0.006059819314095272
2013-05-13,0.00011939201055989513,0.0012323067326656112
2013-05-14,0.010945743623759533,0.005195069362988081
2013-05-15,0.0031232036102436848,0.0020405610451386114
2013-05-16,-0.011132882780310927,-0.0010863826971798662
2013-05-17,0.011268803420287713,0.009648800419563175
2013-05-20,-0.006081365079557856,-0.0014807241285001993
2013-05-21,0.0015883956297718794,0.0010784247855941675
2013-05-22,-0.009868889795032861,-0.008751990426970946
2013-05-23,-0.001321511839782905,-0.002309078569342482
2013-05-24,-0.0015268947443114588,-0.0005444136443076841
2013-05-28,0.010096373185639104,0.006538141743563042
2013-05-29,-0.002914849153832292,-0.004736547297783389
2013-05-30,0.007909853533643799,0.005303413715344485
2013-05-31,-0.011812784374401274,-0.009197813052767012
2013-06-03,0.0015997606921973001,0.0017746097261317484
2013-06-04,-0.00631629353632205,-0.005178888216417876
2013-06-05,-0.013494256052606518,-0.013013167762380706
2013-06-06,0.013749228945110263,0.0048576237503104025
2013-06-07,0.016877581724186238,0.013673784365817454
2013-06-10,0.0004202418890159304,0.00040890444386798563
2013-06-11,-0.01038522848052979,-0.009943165389410757
2013-06-12,-0.014817939631887517,-0.011555494809098454
2013-06-13,0.01566292992939262,0.012665027271965501
2013-06-14,-0.006372911635566558,-0.006596552571274894
2013-06-17,0.006315725978783298,0.00968421478042547
2013-06-18,0.014281084360241184,0.008221472683599185
2013-06-19,-0.011831681287734614,-0.01114451247561743
2013-06-20,-0.026213173557691326,-0.023776742839836773
2013-06-21,-0.004035337272426558,-0.005310360723642216
2013-06-24,-0.007623672829675221,-0.00993868405537246
2013-06-25,0.009265202491670708,0.007313864494570943
2013-06-26,0.0145635238169115,0.008968858998851914
2013-06-27,0.006634329802474748,0.004233452570574059
2013-06-28,-0.00034148987501297917,0.0014046667764076037
2013-07-01,0.00938076279427696,0.006174002297999248
2013-07-02,-0.0020815973761406687,0.00041858093272950647
2013-07-03,0.0027510675099057533,0.004042111493227196
2013-07-05,0.012835899013618113,0.007635660959918633
2013-07-08,0.0023840259909881246,0.0009647483158015113
2013-07-09,0.0073299127987031705,0.006056373360346257
2013-07-10,0.005867307312706223,0.005746476811417711
2013-07-11,0.014077393590671018,0.01986095088901285
2013-07-12,0.013425943617471254,0.004401688638790535
2013-07-15,-0.0007540222748757839,0.002257861624614943
2013-07-16,-0.004066869125769907,-0.0013247462052767833
2013-07-17,0.0012452448345569972,0.002520592475689476
2013-07-18,0.0027661199159909173,-0.0025142550632949456
2013-07-19,0.0027886397178521877,-0.010350006665649114
2013-07-22,0.0002795639879080091,0.002950394157588576
2013-07-23,-0.01616940854609127,-0.007351911164237057
2013-07-24,-0.0074610489674584585,0.0032318339289671982
2013-07-25,0.004655776017137623,0.006308430329005077
2013-07-26,-0.0044105039271702465,0.005335907082186564
2013-07-29,-0.0051776566908242954,-0.001857509199101215
2013-07-30,0.012869869365363652,0.00531678841315486
2013-07-31,-0.003151676663279005,0.0018509000766908645
2013-08-01,0.016151249999374583,0.010162427918149586
2013-08-02,0.0035918313819852435,0.0056177377004436035
2013-08-05,0.0033725834775666552,0.0006501797562266098
2013-08-06,-0.011442480243148574,-0.005972777455268141
2013-08-07,-0.003696234255434026,-0.0018281956079743145
2013-08-08,0.008955600001439929,0.004972030046405118
2013-08-09,0.0004740621851673697,-0.004036245084063972
2013-08-12,-0.004736285271733567,0.00235309897369107
2013-08-13,0.00569565613489511,0.005608653755280857
2013-08-14,-0.008273417689105509,-0.0037614325151138495
2013-08-15,-0.02258722482260222,-0.016925112839228484
2013-08-16,-0.0012330219300292825,-0.0003968434578114355
2013-08-19,-0.002394885026300542,-0.0017232535151971984
2013-08-20,0.010937812311986168,0.004380054211161166
2013-08-21,-0.0012212225091346584,-0.0034348279180181907
2013-08-22,0.015334253333470929,0.009810917635565852
2013-08-23,0.0041001372278563816,0.006696653096119665
2013-08-26,0.002240244386706893,0.0005217814497531226
2013-08-27,-0.02473607445498793,-0.02046675858002034
2013-08-28,0.008807393932608546,0.0038594362647768055
2013-08-29,0.005322753591596294,0.0070260793918131
2013-08-30,-0.003697283549227197,-0.006450399301146326
2013-09-03,0.012684751190077313,0.005697496654766265
2013-09-04,0.015763327291525627,0.010672096378651741
2013-09-05,0.00314725600071105,0.0016946294690514119
2013-09-06,-0.001571211901059669,0.0011712456547854355
2013-09-09,0.012082215336637085,0.011698864465990777
2013-09-10,0.01440746971861784,0.004882718608624215
2013-09-11,0.008560246553864167,-0.0019184225057964355
2013-09-12,-0.0043444566733022326,-0.0006401249582910218
2013-09-13,0.0030178042230020042,0.0006405349807188099
2013-09-16,-0.00016009254472467972,-0.002689761047848682
2013-09-17,0.008150222801774656,0.006679581982188765
2013-09-18,0.013209997387718076,0.011994257238722161
2013-09-19,0.004051389528559561,0.0023958007580067164
2013-09-20,-0.0007195486537460005,-0.003431945694506333
2013-09-23,-0.009658010946164655,-0.0020254232987251264
2013-09-24,0.0038074629397491944,0.0
2013-09-25,0.0041409448638497735,-0.0034251664352745737
2013-09-26,0.011786427372604262,0.00776531316554907
2013-09-27,-0.001623229615497084,-0.0012633171439843105
2013-09-30,-0.0015379025840261224,-0.0024032426912219407
2013-10-01,0.01182930927142076,0.010142093953538822
2013-10-02,0.002258390253581821,-0.00037664364543599227
2013-10-03,-0.011583878660678648,-0.011676114031246243
2013-10-04,0.012877538385583335,0.00863851138344951
2013-10-07,-0.009415811479035875,-0.0083126162760232
2013-10-08,-0.027623595134666355,-0.01930438076365848
2013-10-09,-0.0110996951383712,-0.00310717343940492
2013-10-10,0.029427014969571827,0.02117336604773512
2013-10-11,0.005774265606548184,0.007887813563698387
2013-10-14,0.011711108495905478,0.0070677716557558945
2013-10-15,-0.008872409517812038,-0.0038849973102237367
2013-10-16,0.013722771684843883,0.011323175318351142
2013-10-17,0.00835253016592071,0.005722985334764674
2013-10-18,0.011372221917608422,0.016204858847705506
2013-10-21,-0.0010097666515150724,0.002191298623354987
2013-10-22,-0.006430708399870289,0.0014572615210382
2013-10-23,-0.010496566581514018,-0.006064384052408056
2013-10-24,0.006621723520711662,0.004392676030925635
2013-10-25,-0.00085189463143498,0.007168528607057523
2013-10-28,-0.010043307708957526,0.00024137666344770103
2013-10-29,0.010186253623396377,0.0016883128911564516
2013-10-30,-0.003284781251783988,-0.0009633418991948917
2013-10-31,-0.005771549210878194,-0.002289494828270122
2013-11-01,-0.0010370680881771357,0.0002411876544949898
2013-11-04,0.004866875269033788,0.001449222928092686
2013-11-05,-0.0009364113216668137,0.0010856495910240849
2013-11-06,-0.01697529451498894,-0.00024123102847062317
2013-11-07,-0.02365154812946925,-0.018795038369360695
2013-11-08,0.015556614781580587,0.01350645975311271
2013-11-11,0.003111147892257894,-0.001574309300807042
2013-11-12,-0.00299734045183746,0.0015767916585807118
2013-11-13,0.012826768670376153,0.012115750229904076
2013-11-14,0.004197873591470841,0.003112139668253855
2013-11-15,0.008182075302888418,0.001908965460565737
2013-11-18,-0.015099747198373373,-0.009766176870149246
2013-11-19,-0.004704061736547389,-0.0028866361142265706
2013-11-20,-0.0046252064030127054,-0.002412850400831834
2013-11-21,0.011596224387831386,0.010157543722544071
2013-11-22,-0.0019550253559499765,0.005386791903870591
2013-11-25,-0.0015807074527461812,0.0023808332373724816
2013-11-26,0.0074205393608069645,0.005226414821978942
2013-11-27,0.009172923184524005,0.006971413197040421
2013-11-29,0.0033340562125110888,0.005984818152459548
2013-12-02,-0.0009651847701818077,-0.0029158852743855768
2013-12-03,0.004900480193879866,-0.0008192699236710954
2013-12-04,-0.003994035075936202,0.000936638606703788
2013-12-05,-0.00011762452956942803,-0.0012866112369839255
2013-12-06,0.006373988609540347,0.007261474567046511
2013-12-09,0.00688345307105139,0.004069816508899704
2013-12-10,0.004195105048784504,-0.0006947096899295735
2013-12-11,-0.015213569698611174,-0.01286350907584366
2013-12-12,0.0061034158218671135,-0.0025829831642405487
2013-12-13,0.004121048106707892,-0.0012946374513492787
2013-12-16,0.0006076720540780185,0.005539156134578116
2013-12-17,0.005847993310074599,-0.001992666748964922
2013-12-18,0.008202955998408753,0.01162653206233899
2013-12-19,-0.007429905524468999,-0.002785711542425795
2013-12-20,0.009858496826891988,0.010182844965684223
2013-12-23,0.007043253436576075,0.010521070004402944
2013-12-24,0.0017743849422956982,0.00045697276142053767
2013-12-26,0.0013451253446743116,0.003316060700746082
2013-12-27,-0.00515429603630875,-0.002507063250635211
2013-12-30,-0.0020730420077703948,-0.0014852179433091361
2013-12-31,0.007295569431637944,0.006522499224085099
2014-01-02,-0.00804999965578459,-0.007844682554332683
2014-01-03,-0.008028627121056895,-0.007218703095492662
2014-01-06,-0.0008458699184829932,-0.003693710603211886
2014-01-07,0.010619664858349153,0.009268316786619657
2014-01-08,0.01263871666419412,0.0021808395324482976
2014-01-09,-0.008402902196037029,-0.003321664996985496
2014-01-10,0.005497835875687231,0.003217013239678046
2014-01-13,-0.017659215640432744,-0.01477590124035466
2014-01-14,0.0244767285520933,0.01906755498155177
2014-01-15,0.00492189899973903,0.008214121551146425
2014-01-16,0.0022545877942829738,0.00011328777007113544
2014-01-17,0.0046352375149870464,-0.005657749961852976
2014-01-21,0.007107905352422824,0.007624275606223918
2014-01-22,0.0039376324655281585,0.0025973769333660357
2014-01-23,4.179881159143435e-05,-0.00337905258411908
2014-01-24,-0.031123259648407318,-0.01966569553646802
2014-01-27,-0.011188447281641612,-0.00968374959470808
2014-01-28,0.005009396409282452,-0.0005824325151496668
2014-01-29,-0.009919629358702584,-0.010716065710255629
2014-01-30,0.029273653306988827,0.0184852908138462
2014-01-31,-0.002493658080939112,-0.002658447983400758
2014-02-03,-0.026716885948041613,-0.022951054672510574
2014-02-04,0.011497861869387156,0.007355739465954025
2014-02-05,-0.008642546320591903,-0.0025914128178580187
2014-02-06,0.014400332392931906,0.012752420209212634
2014-02-07,0.03175424759893169,0.017837954851370297
2014-02-10,0.0073940394594936894,0.005727842026506336
2014-02-11,0.011254474750247991,0.011389291589972483
2014-02-12,0.0033667189326662948,0.0019144822892387392
2014-02-13,0.012223568307790924,0.007418532307847725
2014-02-14,0.002129444873698149,0.0020083542355042727
2014-02-18,0.01051276629793136,0.0048991166040335266
2014-02-19,-0.008521357201172522,-0.00686978953724815
2014-02-20,0.010258253783759632,0.004685753149733296
2014-02-21,0.005786514706866094,-0.0013325026095581949
2014-02-24,0.008941452105582542,0.005337122167448527
2014-02-25,-0.003016129622204733,-0.0011060131158304731
2014-02-26,0.0017440139825321119,-0.0008856225096233183
2014-02-27,0.0028557911396913404,0.00648810780848863
2014-02-28,-0.010645891338998296,-0.001105799756218273
2014-03-03,-0.003995041288317034,-0.007416234774016206
2014-03-04,0.021967066091647013,0.012712795557430878
2014-03-05,-0.0018397876188207371,0.0027533750386681266
2014-03-06,-0.004892556471875025,-0.0008782853470520324
2014-03-07,-0.010613038839066252,-0.004946424554156503
2014-03-10,-0.0055066009481122774,0.0008834272163695811
2014-03-11,-0.01086472246350932,-0.004304039041385321
2014-03-12,0.007137739111712083,0.003768442090325008
2014-03-13,-0.02056649533863269,-0.014134134723109537
2014-03-14,-0.002757700976844061,-0.006832392384588326
2014-03-17,0.009588080275388072,0.008796694972634134
2014-03-18,0.011537972135903256,0.012073822193769956
2014-03-19,-0.007837668793177724,-0.0054123567276508355
2014-03-20,0.0022216194761551476,0.0027762683350764927
2014-03-21,-0.018409782154417433,-0.012033222241780384
2014-03-24,-0.020622364758844127,-0.008764181392210135
2014-03-25,0.002098225203997299,0.003287379192723039
2014-03-26,-0.0192602026281219,-0.012879396375096275
2014-03-27,-0.005255637542163953,-0.005608707503090948
2014-03-28,0.00026943603276071077,0.001956666998598644
2014-03-31,0.015355485089599765,0.007122409456779
2014-04-01,0.021710658984977385,0.017565541482074343
2014-04-03,-0.016241937787649204,-0.007938445342849154
2014-04-04,-0.042779770224471145,-0.026597235443800216
2014-04-07,-0.010560519013574117,-0.009494049125478798
2014-04-08,0.013465149951785015,0.00923466943062845
2014-04-09,0.016844924371817015,0.01714099499694899
2014-04-10,-0.04062081062271136,-0.030972150782570318
2014-04-11,-0.012079817385398794,-0.011633622277337108
2014-04-14,0.008124092152518103,0.00784720329156996
2014-04-15,0.003659943336437989,0.0033027415101378743
2014-04-16,0.010355253217407408,0.013286300638265303
2014-04-17,0.007695570525655954,0.00023200886211771632
2014-04-21,0.010047498441993484,0.007424403940016422
2014-04-22,0.018151998998482573,0.00794616873037457
2014-04-23,-0.008592098748257192,-0.008797151265850456
2014-04-24,-0.004783603854739012,0.009566408805030902
2014-04-25,-0.03219208417383769,-0.015983384090595076
2014-04-28,-0.012408822721766433,0.003248716825711373
2014-04-29,0.011444513231965289,0.007979586735012534
2014-04-30,0.010154382694126145,0.00263867779551763
2014-05-01,0.006157348470116094,0.002975406482018661
2014-05-02,0.0004058793325569473,-0.001825704883350432
2014-05-05,0.007879764558578263,0.005257546598636198
2014-05-06,-0.011873300438022656,-0.01296150108090921
2014-05-07,-0.00863973105434588,-0.0028797376604920988
2014-05-08,-0.005948187347784586,-0.0009241542636537758
2014-05-09,0.0026424909117131125,0.0037000364590844548
2014-05-12,0.02194331765528466,0.016474572144939748
2014-05-13,-0.0022183631215002666,0.0006799493481790542
2014-05-14,-0.007415856805319985,-0.005210191836589773
2014-05-15,-0.00967316868721748,-0.007855934654460217
2014-05-16,0.003765032088833586,0.006541229863638698
2014-05-19,0.011937525339884292,0.006955024921878827
2014-05-20,-0.009380539188710525,-0.0036234257003239234
2014-05-21,0.011776968710384745,0.009545310207383695
2014-05-22,0.005222662816313479,0.004390030158522906
2014-05-23,0.008742585429843871,0.007284799169186007
2014-05-27,0.01451245845513734,0.012460805972883682
2014-05-28,-0.0016388919918736006,-0.0030766316807820937
2014-05-29,0.004745881715193153,0.0063931119321165575
2014-05-30,-0.0035846374423320047,0.00010940746746701535
2014-06-02,0.0027863038743555398,-0.0009857495655991588
2014-06-03,-0.002853173426645916,-0.0004380137670109141
2014-06-04,0.004582822244776513,0.003728690528586931
2014-06-05,0.00942082742575306,0.008413622251660202
2014-06-06,0.008965257286584436,0.005742642070024839
2014-06-09,0.0003494048795397551,-0.0007542113133498507
2014-06-10,0.0055784254861990816,0.0017250453769577234
2014-06-11,0.002391985720766869,-0.000215473013646994
2014-06-12,-0.00898834505627988,-0.009042998245428646
2014-06-13,0.0018116421993113073,0.0029333845735008968
2014-06-16,0.008208599145392898,0.000866132699388622
2014-06-17,0.007817967367393219,0.0005414298796742045
2014-06-18,0.005756283037038986,0.005624930380049076
2014-06-19,-0.004059060640645422,-0.0006454623430849349
2014-06-20,0.0019187413956642996,0.001176149773447488
2014-06-23,-0.0007957906817559215,0.00021557933148663722
2014-06-24,-0.0030702029088828875,-0.0009698529803505718
2014-06-25,0.004104196725501402,0.006364706857829194
2014-06-26,-0.002571408267742295,0.0005358100937471466
2014-06-27,0.0070927978779301605,0.004392790336432917
2014-06-30,0.0066164933444938,0.001706606037928049
2014-07-01,0.013338678520285977,0.010967780994849186
2014-07-02,-0.0021328225958554088,0.0016853910385561388
2014-07-03,0.006150349391627881,0.006309100148505609
2014-07-07,-0.009070654381379899,-0.003030239412956215
2014-07-08,-0.017290230929881644,-0.01205329740446237
2014-07-09,0.009318452620140631,0.007426358820071366
2014-07-10,-0.0057258569273321985,-0.003159464047302496
2014-07-11,0.0028113391151699725,0.006444285080573708
2014-07-14,0.010190017429499553,0.005982827677989633
2014-07-15,-0.0066701478789072885,-0.0034431609233245286
2014-07-16,0.004495884541088542,0.003978762360859145
2014-07-17,-0.01632898365946502,-0.01324426448606919
2014-07-18,0.01504709158901658,0.015852498556837347
2014-07-21,0.001290645293602894,-0.0012482221377468905
2014-07-22,0.0045456724803236296,0.006354419701888103
2014-07-23,-0.0005934680279607419,0.006417412977481218
2014-07-24,-0.003927892648407782,-0.0011314265646199528
2014-07-25,-0.0029926186320992864,-0.003912804477544829
2014-07-28,-0.0020502103984002167,0.0003104864270122576
2014-07-29,-0.004102872961351953,-0.001756981730232865
2014-07-30,0.004968304336323488,0.003933780823951238
2014-07-31,-0.021959210374118916,-0.020210238608364683
2014-08-01,-0.0002033674418761613,-0.003683611255044017
2014-08-04,0.010233315067252459,0.006865932821113807
2014-08-05,-0.011850789931627685,-0.007658186897752106
2014-08-06,0.001867253232422962,-0.0007404062266391787
2014-08-07,-0.005615484385236293,-0.0031737315503260755
2014-08-08,0.005678755735243989,0.0072170728791818295
2014-08-11,0.008487983178160456,0.005901091362819466
2014-08-12,-0.00041820447876818036,-0.00041918347774350107
2014-08-13,0.0098283790135857,0.010584977345426072
2014-08-14,0.004701626401560691,0.005184924358026866
2014-08-15,0.00748678962107738,0.0048489038255588035
2014-08-18,0.006273644352069125,0.007700489483369877
2014-08-19,0.0020421990527785335,0.0056033407873539165
2014-08-20,0.0027713807889997977,0.0
2014-08-21,0.0029250451439490777,0.002026355373794697
2014-08-22,-0.00029061418585164627,0.001516503513220524
2014-08-25,0.004214313941033578,0.0035337393158167973
2014-08-26,-0.002113507507949261,0.0010063361689496286
2014-08-27,0.0025176258516832837,0.00020066273161067905
2014-08-28,-4.05091179763744e-05,-0.001105475904570885
2014-08-29,0.00866774924009562,0.0037224578872265823
2014-09-02,0.003788745580566488,0.002906248848591586
2014-09-03,-0.0013079943726338789,-0.005895788857915529
2014-09-04,-0.002084114315028634,-0.0009052170233092571
2014-09-05,0.006026661839163758,0.005030930408426393
2014-09-08,0.001544953010733151,0.0019020669611695684
2014-09-09,-0.008338319820319715,-0.008293198036587901
2014-09-10,0.006189417597099234,0.008262008209847238
2014-09-11,0.0013328520594965872,-0.0007995786675277783
2014-09-12,-0.009535724913829171,-0.005100288272088416
2014-09-15,-0.017664735797373498,-0.00965050846179294
2014-09-16,0.012265361917304337,0.008729223236973782
2014-09-17,0.0048931272805635495,0.001509514555386282
2014-09-18,0.011708499427922882,0.007535359190340429
2014-09-19,-0.0058714378298832925,-0.0006196685662687162
2014-09-22,-0.014668832453263229,-0.009302122844819571
2014-09-23,-0.00047357474605335526,-0.0027254183994582792
2014-09-24,0.013325042183253213,0.010730578536889412
2014-09-25,-0.019219185661491233,-0.021033473328245345
2014-09-26,0.015125291069023005,0.010640626992974411
2014-09-29,7.075991137505552e-05,-0.0013163797208654016
2014-09-30,-0.003943854649956256,0.0014191127244918
2014-10-01,-0.02223256239303684,-0.01599347390699324
2014-10-02,0.0013311381461118888,0.0
2014-10-03,0.014350970639531625,0.009875439877103043
2014-10-06,-0.0037286308362060793,-0.002139204421988228
2014-10-07,-0.01701167597445238,-0.014189208119422703
2014-10-08,0.017017225712996825,0.019467529716127308
2014-10-09,-0.020090071551848204,-0.016150165050515364
2014-10-10,-0.03497118969460801,-0.024984782863112565
2014-10-13,-0.018450869673583115,-0.015671186620387467
2014-10-14,0.001270310493314215,0.00010780612039940074
2014-10-15,-0.005256346391976452,-0.006453714831038182
2014-10-16,-0.007390800329201467,-0.006279186648147861
2014-10-17,0.02127685689619406,0.013182360747151733
2014-10-20,0.012719458517458496,0.014945782548021258
2014-10-21,0.033312541664324756,0.026274486618823367
2014-10-22,-0.009167589278336634,-0.005161315026520841
2014-10-23,0.010988354799560503,0.015045959886415439
2014-10-24,0.013437936494793074,0.00817788643801598
2014-10-27,0.0022719461097643755,0.0007099831439087989
2014-10-28,0.016278401056736808,0.01509803229222717
2014-10-29,-0.00845822130733082,-0.003693711740720196
2014-10-30,0.002545706358322082,0.0021038046967973845
2014-10-31,0.012841620423898891,0.013797605626705955
2014-11-03,0.004067231886499517,0.002958835402385729
2014-11-04,-0.003648756568038906,-0.003343535836168532
2014-11-05,-0.004920906592604588,9.887190844781735e-05
2014-11-06,0.005861266799470008,0.003156368473037796
2014-11-07,-0.007347505195286363,-0.0008849967895252497
2014-11-10,0.008602592692944505,0.003543613955798053
2014-11-11,0.0027406312388823717,0.0031381855507570666
2014-11-12,0.0007652940520506212,0.0017598646295506892
2014-11-13,-0.0013290038296393494,0.0042945683629243
2014-11-14,0.0006675675854984888,0.003109841573224026
2014-11-17,-0.003877319933103914,-0.0030031907642920075
2014-11-18,0.00970774739283545,0.007482062994086158
2014-11-19,-0.007631478782805099,-0.0045332902523433916
2014-11-20,0.0019422206632886032,0.004456996043812778
2014-11-21,0.0035095484722503494,0.0019295257796501097
2014-11-24,0.009673325210265555,0.00779788060026787
2014-11-25,-0.0002663589382269643,0.0015283616070034256
2014-11-26,0.007325708046187545,0.006486239240965919
2014-11-28,0.00739252268395876,0.004643873905109341
2014-12-01,-0.012532174692338848,-0.011319957168196226
2014-12-02,0.005473592591072336,0.004007359919354636
2014-12-03,0.005981478023264628,0.0018056062469582468
2014-12-04,0.0010735779207617703,-0.0004742948296183602
2014-12-05,0.003699755287007825,9.46356205004939e-05
2014-12-08,-0.004800840305520468,-0.007116967003074182
2014-12-09,0.002313705126447588,0.003154283766626298
2014-12-10,-0.01568746207291656,-0.0157204806965765
2014-12-11,0.008679977660240265,0.004743134614731304
2014-12-12,-0.011021861580011347,-0.010886337838707072
2014-12-15,-0.008694957359152706,-0.010324097152839995
2014-12-16,-0.01259571321307595,-0.016042003835302077
2014-12-17,0.016686744239651538,0.01820363202536912
2014-12-18,0.023713090623625786,0.0240665475365045
2014-12-19,0.0009600121800983581,0.004400167626953166
2014-12-22,-0.0023542264679665454,0.0024925074262520663
2014-12-23,-0.003689124404256909,-0.003538085842950678
2014-12-24,0.00031836874206171755,0.0008636497287319855
2014-12-26,0.0040692849747473335,0.007094771729908356
2014-12-29,-4.282750822340825e-05,-0.00019026543053035638
2014-12-30,-0.007099723201805834,-0.006665449009693791
2014-12-31,-0.005767361890230312,-0.010256762180351875
2015-01-02,-0.0021828363074216563,-0.003002648503542815
2015-01-05,-0.01413707999607388,-0.014668393168058014
2015-01-06,-0.014417017128855153,-0.013408489538203727
2015-01-07,0.019230781455752775,0.012890890123555598
2015-01-08,0.017631625910346727,0.019140192221025254
2015-01-09,-0.007694752200285358,-0.006582959527592691
2015-01-12,-0.009125324470338175,-0.010426995889452062
2015-01-13,-0.004777817149170339,-0.0002953696563486874
2015-01-14,-0.005116006832933754,-0.00551598491341454
2015-01-15,-0.012955326008290845,-0.012975777836759184
2015-01-16,0.017653598453795598,0.011741134447775803
2015-01-20,0.00662845769193582,0.007934925556344785
2015-01-21,0.001396980467715743,0.005117138590162051
2015-01-22,0.018219601746984962,0.018504207905973402
2015-01-23,0.001162440830465511,0.0022107287408117404
2015-01-26,0.002337131133256334,-0.0011510867295052574
2015-01-27,-0.011746410201518046,-0.025926354395879092
2015-01-28,-0.0068231525338706255,-0.005126299207967588
2015-01-29,0.008433604014344717,0.009611737339442872
2015-01-30,-0.020707699782315257,-0.007753683560809965
2015-02-02,0.0034265425949077753,0.008704408033131106
2015-02-03,0.008586758380906927,0.009609736193347151
2015-02-04,0.0071910587151463486,-0.0008744567841622031
2015-02-05,0.012538154043888562,0.008651859899377667
2015-02-06,-0.0068757299357042135,-0.006071847358860016
2015-02-09,-0.008224322127385369,-0.003199771695092446
2015-02-10,0.014793250133779932,0.015564106678922496
2015-02-11,0.0034709061447763664,0.003640061823272145
2015-02-12,0.009356169451811901,0.01164337143602756
2015-02-13,0.004943461348006841,0.008585004418079745
2015-02-17,-0.0003239337480899241,0.0009352295233988617
2015-02-18,0.004828116681429366,0.0014018045368475729
2015-02-19,0.0013932009564895315,0.004945686523487591
2015-02-20,0.010580556230543294,0.0066863134815455805
2015-02-23,0.002383128501132043,0.0010144645850360678
2015-02-24,0.0005795794952378475,0.000737037778511862
2015-02-25,-0.0011359886661571725,-0.0024859851945668865
2015-02-26,0.008762193403821809,0.005076910886048447
2015-02-27,-0.002918791411785023,-0.00440829048097835
2015-03-02,0.017803318803762295,0.009040522020913322
2015-03-03,-0.007782401635500126,-0.004662515508513487
2015-03-04,-0.00611081939542911,-0.0038580544649946535
2015-03-05,0.005326347612744166,0.0017520626580149745
2015-03-06,-0.010445859392720743,-0.01132181240826291
2015-03-09,0.005563277965213974,0.0028860471899418982
2015-03-10,-0.014457335974550308,-0.018566788849419535
2015-03-11,-0.0015422753100367778,-0.0057696102873761035
2015-03-12,0.01306650504339974,0.006564277155005405
2015-03-13,0.0010649475429080442,-0.004347880567792339
2015-03-16,0.0185029153587004,0.012910799322249256
2015-03-17,0.0043456440321736605,0.0015932599907233502
2015-03-18,0.008924294283046186,0.00982470928573731
2015-03-19,0.006312127557845275,0.0014829623253096447
2015-03-20,0.011506320922439073,0.0064728236241233805
2015-03-23,-0.008585669635473586,-0.0019347439800518895
2015-03-24,-0.005166578042693979,-0.003600257407643581
2015-03-25,-0.030777329218515087,-0.02288572921506482
2015-03-26,-0.0029792201056027252,-0.0034132667847039944
2015-03-27,0.010507371314240435,0.003996163431403854
2015-03-30,0.018440588316005695,0.011466949602753962
2015-03-31,-0.014452606781017285,-0.010587720988681104
2015-04-01,-0.011530110555844552,-0.0052081889963006
2015-04-06,0.002436032157886378,0.008181437697715621
2015-04-07,-0.0024270903366123303,-0.0016982982383940692
2015-04-08,0.011577509135436573,0.007939447356330565
2015-04-09,0.0018912271767304095,0.006282612116687902
2015-04-10,0.002300922480703144,0.004100217752808666
2015-04-13,-0.006029235659163582,-0.0025056011210067286
2015-04-14,-0.0035597494328869026,-0.002884318077982728
2015-04-15,0.005158535321223105,0.006251774165679347
2015-04-16,0.00923819162009213,-0.0013908897792674901
2015-04-17,-0.01505916445449202,-0.015600369179003648
2015-04-20,0.012584969697121987,0.014998766719374723
2015-04-21,0.007877350304664259,0.004275092736875319
2015-04-22,0.0044802569067675675,0.005459739821789489
2015-04-23,-0.001179071631770889,0.0037737574649796546
2015-04-24,0.0016721260167067817,0.013570320092519461
2015-04-27,-0.006362954100296323,-0.002533150187492117
2015-04-28,-0.007657162298733453,-0.0019952583747883113
2015-04-29,-0.008083025499484893,-0.006270373643350147
2015-04-30,-0.015849590027146,-0.015729148207709764
2015-05-01,0.01960559261024122,0.013193147563582697
2015-05-04,-0.000493006650498389,0.0016508665514287646
2015-05-05,-0.01282815731879387,-0.016296185182642753
2015-05-06,-0.00190650080634513,-0.00688698292906853
2015-05-07,0.006785550623270624,0.005997818130096144
2015-05-08,0.012611002880553257,0.012482581687505823
2015-05-11,-0.0013801136745984033,-0.0038647037289920583
2015-05-12,-0.003601519125643597,-0.004525270375112411
2015-05-13,-0.003992879985448591,0.002041091824204422
2015-05-14,0.012958818094744494,0.01462978216644939
2015-05-15,0.0014888364587117633,0.0
2015-05-18,0.006310945543427758,0.0043802631507476875
2015-05-19,-0.0026094540742694727,-0.0010904778107518887
2015-05-20,8.183539927689073e-05,0.0006368942060823723
2015-05-21,0.0074495821974162706,0.00518140983703641
2015-05-22,-8.997880586769176e-05,-0.0009946672230722875
2015-05-26,-0.012298035576375347,-0.011496645820094242
2015-05-27,0.017243549526932262,0.016117388544126143
2015-05-28,-0.003776047482476239,-0.002253265256570436
2015-05-29,-0.0019325505449416095,-0.005961445050815528
2015-06-01,0.003086582357672612,0.0033619488982266077
2015-06-02,-0.0024032699055003296,-0.003169505308612708
2015-06-03,0.005028444834344428,0.002998353917068375
2015-06-04,-0.012371699400153514,-0.007609010883996681
2015-06-05,0.0014380839191797806,-0.0023729818260784796
2015-06-08,-0.012515323997798351,-0.010155430962167089
2015-06-09,0.0014152223406734424,-0.0016639888648678491
2015-06-10,0.013556785352214629,0.013702704461001858
2015-06-11,-0.0015351294281600748,0.0014610612932992595
2015-06-12,-0.007603212956699925,-0.008207733013526286
2015-06-15,-0.0032286024339017666,-0.004965652897494954
2015-06-16,0.005694558727737164,0.005452478310334463
2015-06-17,0.0035297843455755736,0.0027572341494936925
2015-06-18,0.01935217721763421,0.014573811027904782
2015-06-19,-0.004189855477606537,-0.004943972346377223
2015-06-22,0.006852445638479832,0.007370994277754006
2015-06-23,-0.00010269302111103352,0.00081286596197927
2015-06-24,-0.007848082535418353,-0.005144590117875492
2015-06-25,-0.0013831377114890235,-0.0019962656355558828
2015-06-26,-0.00487058004611083,-0.006636087060027718
2015-06-29,-0.02595974143235679,-0.023611307467970466
2015-06-30,0.006648275725260274,0.0035618364461971197
2015-07-01,0.006988270611870944,0.00793812072777822
2015-07-02,0.001157207909346156,0.000278342798032849
2015-07-06,-0.0025499895417611996,-0.0023158980968163156
2015-07-07,0.0016911915017622594,0.002507061616876749
2015-07-08,-0.023419312001688487,-0.017412271183110617
2015-07-09,0.005413435663275167,-0.0005657437018545819
2015-07-10,0.0158556622486996,0.015278903760416185
2015-07-13,0.017388107655035186,0.01755689133843452
2015-07-14,0.00544676860053667,0.0065729212510650115
2015-07-15,-0.005106257065234337,0.0010884704861500172
2015-07-16,0.019193460241613388,0.014132863019994835
2015-07-17,0.006111831640916783,0.014740286040609174
2015-07-20,0.005292255322047005,0.0034332594348378542
2015-07-21,-0.002471817073423207,-0.0006145017047503032
2015-07-22,-0.006199584162255871,-0.011324659225890432
2015-07-23,-0.004752858832282178,-0.003729265340367105
2015-07-24,-0.008611126567483245,-0.009803939585890542
2015-07-27,-0.013114901947225498,-0.008280758415111333
2015-07-28,0.01221269424145153,0.008622086146752084
2015-07-29,0.010725283095989087,0.0037797116903877104
2015-07-30,0.0059757035978696355,0.004750861127776007
2015-07-31,-0.00030809650090749414,-0.001159764985694256
2015-08-03,-0.000695932957828683,-0.0031262340494505603
2015-08-04,0.006863650972269545,-0.0018817854154163927
2015-08-05,0.015610135316206876,0.0077208178563905605
2015-08-06,-0.02646002425037678,-0.016035987011205233
2015-08-07,-0.003974018768870328,-0.0012674614791925443
2015-08-10,-0.0008393320468068032,0.011422153178009875
2015-08-11,-0.006115556857257159,-0.012816766312132133
2015-08-12,0.0003663853024168023,0.0034500418646417064
2015-08-13,0.003683955397269448,-0.0016286783511004765
2015-08-14,-0.0011154855516431993,0.0015408135058774253
2015-08-17,0.008458075474803818,0.008324892781796489
2015-08-18,-0.0008475849119463192,-0.00511533807204112
2015-08-19,-0.006705797418689,-0.006584756362675526
2015-08-20,-0.03624384490784435,-0.027694360427957476
2015-08-21,-0.05218966161231334,-0.04370584717503567
2015-08-24,-0.04232183678540734,-0.03847655711980502
2015-08-25,0.0014841485594024209,-0.0037577820114500504
2015-08-26,0.047683293074393944,0.05036195106135111
2015-08-27,0.026418049232114754,0.02533247847312503
2015-08-28,0.0010305840129655474,-0.0001894105451705208
2015-08-31,-0.017686017409239956,-0.012403040482421468
2015-09-01,-0.03269443902724808,-0.031252952798476064
2015-09-02,0.02675133484610011,0.028203879184253156
2015-09-03,-0.010150038125161347,-0.004908712989370789
2015-09-04,-0.01112267458291571,-0.011896431182329525
2015-09-08,0.025321065920268674,0.028190902316524324
2015-09-09,-0.006716602565160493,-0.011233797045701821
2015-09-10,0.010402453814769697,0.010879787095998683
2015-09-11,0.005893638577988535,0.005524400943206498
2015-09-14,-0.0060245063787022985,-0.0030309384635505143
2015-09-15,0.011474809558181677,0.011781562559483705
2015-09-16,0.0055567151062623655,0.005634094516596244
2015-09-17,0.0059453071133968504,0.00037369193382263965
2015-09-18,-0.014503540718955018,-0.014222782088796793
2015-09-21,0.0017491173575615146,0.0031322847919006414
2015-09-22,-0.014108059525606242,-0.014951054088474969
2015-09-23,0.002330145490865083,0.0007687234669475629
2015-09-24,0.0002856435578894206,-0.0036475654859827733
2015-09-25,-0.013801420009115412,-0.008477859109513264
2015-09-28,-0.036923903069811505,-0.028468515311425246
2015-09-29,-0.003170726834699177,-0.005200851239888449
2015-09-30,0.023918372541906048,0.02302210974188834
2015-10-01,0.008155381302392274,0.004520629708921753
2015-10-02,0.012406148373513403,0.017511189942799543
2015-10-05,0.015087350113767384,0.014325370302793017
2015-10-06,-0.007290515602949479,-0.004739243719086517
2015-10-07,-0.0026502754987167325,0.005999828703938448
2015-10-08,0.00371255450731751,0.0039762120525952405
2015-10-09,0.003185742018135871,0.004526289369853442
2015-10-12,0.008691438312732204,0.0024404739607730708
2015-10-13,-0.008060076988985527,-0.006461011151558282
2015-10-14,-0.0025029233291248756,-0.001602376073313927
2015-10-15,0.007212358588189346,0.016425801514645677
2015-10-16,0.0038155052434215497,0.004179492997001155
2015-10-19,0.006112374195324735,0.005734384619423771
2015-10-20,-0.006540110004938493,-0.005149785670248375
2015-10-21,-0.003983137031952446,-0.00610129704661333
2015-10-22,0.01725298385605867,0.02036830365683473
2015-10-23,0.017906777959890628,0.027983107510417105
2015-10-26,0.004757020869016116,0.000620700266336538
2015-10-27,-0.002337154891789706,0.0020382619595327167
2015-10-28,0.0019203327679235148,0.008312691548763684
2015-10-29,-0.0037635812921140255,-0.0015789653328315278
2015-10-30,-0.0022805814040374843,-0.004479569422448759
2015-11-02,0.007568824770447845,0.011294146653222148
2015-11-03,0.00010756225702946538,0.0034901433029177475
2015-11-04,0.001955172043267471,8.692149808320337e-05
2015-11-05,0.0028318351452060243,-0.0026952621886077166
2015-11-06,-0.0012819094941835278,0.0006974775685004708
2015-11-09,-0.01435101663170451,-0.010628044185701735
2015-11-10,0.0059661324868179825,-0.0025534091398934367
2015-11-11,0.0015034153088601613,-0.0012359936576972208
2015-11-12,-0.01025096033063271,-0.009722451399924115
2015-11-13,-0.01933183200635205,-0.019636031328409742
2015-11-16,0.011925506148700471,0.014384812806568892
2015-11-17,0.004063189701813226,0.0006283503650323929
2015-11-18,0.016514643368997106,0.01919445869790337
2015-11-19,4.291991497842171e-05,0.0007039618235755718
2015-11-20,0.006188586946478764,0.0067715716132916715
2015-11-23,-0.001149848004958563,-0.0028822642178788493
2015-11-24,-0.0063585155687521395,-0.0008762679017020325
2015-11-25,0.001427389224261812,0.0008770364205659131
2015-11-27,0.002112448639348281,0.0014012213546998886
2015-11-30,-0.004107593266599086,-0.002536663832875763
2015-12-01,0.012766611571638808,0.009998045145520162
2015-12-02,-0.004081774126881909,-0.00616538871535155
2015-12-03,-0.015423214408295456,-0.01695052942591868
2015-12-04,0.0223285789322403,0.02337577601869323
2015-12-07,-0.008232358384607879,-0.004516314965394508
2015-12-08,0.003840139146515561,8.7217252792815e-05
2015-12-09,-0.017854762792914123,-0.01517921582377768
2015-12-10,0.0019880137325842097,0.004517556943570922
2015-12-11,-0.01813523221908886,-0.023015643370279726
2015-12-14,0.011475807940681175,0.0075820408696762875
2015-12-15,0.003657183055716407,0.006091174581535297
2015-12-16,0.013731903326179313,0.014869624303341267
2015-12-17,-0.013076300383469127,-0.014563978995080218
2015-12-18,-0.020183755850185163,-0.019182355590805056
2015-12-21,0.008715714802068975,0.011108248964529777
2015-12-22,0.006506429133190814,0.0065734672047939036
2015-12-23,0.006023818800988146,0.007425303181839871
2015-12-24,-0.0013272535950441715,-0.0001775173186828738
2015-12-28,0.0022912816990422807,-0.0005329379320013761
2015-12-29,0.013525916994141138,0.01572906806188401
2015-12-30,-0.00625423517366365,-0.009011526621604982
2015-12-31,-0.014262584663593997,-0.012447953086953345
2016-01-04,-0.018717546471130372,-0.021097608926899825
2016-01-05,0.0007876095347839821,-0.0017353976319904874
2016-01-06,-0.004961338395313951,-0.009605554161448815
2016-01-07,-0.029396431770612175,-0.031313615548737794
2016-01-08,-0.013040386973112173,-0.008200375794174541
2016-01-11,0.0024631583945335916,0.0030763846076982126
2016-01-12,0.010636922966017832,0.011597924871530996
2016-01-13,-0.036855926578157526,-0.03448945344903487
2016-01-14,0.01536509150671104,0.021295485497142108
2016-01-15,-0.03314890611676588,-0.031037119424399573
2016-01-19,0.004905215877225746,0.002181991105929759
2016-01-20,-0.004490902622038878,-0.0030674869034007513
2016-01-21,0.004461108491660931,0.0009927220196785935
2016-01-22,0.018889211872086357,0.02895348065457104
2016-01-25,-0.011171067968050868,-0.014840297520543722
2016-01-26,0.006189707909615032,0.008999249527614994
2016-01-27,-0.01586208957631628,-0.02491520260123037
2016-01-28,0.011388613119667329,0.01411814790242616
2016-01-29,0.027195385912683296,0.020882159768526698
2016-02-01,0.0021154488799679533,0.002689287169928223
2016-02-02,-0.009753078958127877,-0.02164577496894582
2016-02-03,-0.011791376646853164,-0.004796732305414886
2016-02-04,-0.004189621600980127,-9.819800607202556e-05
2016-02-05,-0.03608393228630761,-0.03472685442592105
2016-02-08,-0.016835802383509197,-0.015287619199531588
2016-02-09,-0.0035646868759714855,-0.0031047031200865938
2016-02-10,-0.00010724792713834358,0.003840974034633904
2016-02-11,-0.006521942328611142,-0.0014477279028280998
2016-02-12,0.017353322244790758,0.015225433420917645
2016-02-16,0.01859052856259205,0.022546315435354236
2016-02-17,0.02330397378223855,0.022647681696348343
2016-02-18,-0.004333065894092351,-0.011414458265786909
2016-02-19,0.00855226589787666,0.0029607145542993596
2016-02-22,0.013884051217740412,0.016235295314089404
2016-02-23,-0.01287043737862378,-0.01646000424277283
2016-02-24,0.008418736170455717,0.00954901725494861
2016-02-25,0.00840059289769943,0.009848798923741464
2016-02-26,-0.006327744097069005,-0.0012552914041608076
2016-02-29,-0.007717680403860813,-0.008991753501377486
2016-03-01,0.02761484385792005,0.032097201836371214
2016-03-02,-0.0038361550563216144,0.00037869832762504885
2016-03-03,-0.003718830894014178,-0.001890062025193151
2016-03-04,0.00021778934181265763,0.0003786505688920805
2016-03-07,-0.005201833840605377,-0.0061510532686072095
2016-03-08,-0.008355170416651406,-0.008284187739617588
2016-03-09,0.007961109914941925,0.006433232471308115
2016-03-10,0.0029815165906358246,-0.0015263842223285362
2016-03-11,0.017510357765404272,0.017484987138550734
2016-03-14,0.0002281868143923167,0.0016901666226063483
2016-03-15,-0.0025142964947483487,-0.00037495883988536427
2016-03-16,0.009961686444690485,0.00890930515974131
2016-03-17,0.0032962340070450606,-0.000557833179515077
2016-03-18,0.004919537645461869,0.0015674736925945787
2016-03-21,0.004835861186625824,0.003911637351539765
2016-03-22,0.0003758170788543812,0.003061546183253272
2016-03-23,-0.0065346791398230766,-0.008231413623258299
2016-03-24,-0.0036122201151227414,0.00027968569642955465
2016-03-28,-0.0002663390916439191,-0.001398571218667044
2016-03-29,0.01672530187336974,0.016057913616576602
2016-03-30,0.006020277895142043,0.00487015146346903
2016-03-31,-0.0028561281525206314,-0.0014630284127252757
2016-04-01,0.00884687054217031,0.010622515730957849
2016-04-05,-0.010779350970765243,-0.009641735460308887
2016-04-06,0.010384127511274531,0.016440084225150642
2016-04-07,-0.01596167456309014,-0.014366726912618089
2016-04-08,0.00031438843785534917,-0.0007336542067665208
2016-04-11,-0.00027229397047128526,-0.00366976373246386
2016-04-12,0.005561905168239374,0.008379540332859037
2016-04-13,0.014361171168424898,0.012784168032059506
2016-04-14,-0.001374651061395206,9.025816489804939e-05
2016-04-15,0.001478785807636031,-0.002524567323417437
2016-04-18,0.003373508891452904,0.005332831660948223
2016-04-19,-0.017680421067223305,-0.006113500450139475
2016-04-20,-0.0011622822882311726,0.0008139330061078809
2016-04-21,-0.007052730248910302,9.070019888257619e-05
2016-04-22,-0.0015955013989666553,-0.015092489551575272
2016-04-25,0.0004246718436244167,0.0
2016-04-26,0.005405164255438114,-0.004863745702571753
2016-04-27,0.006281717982087107,-0.008022059211130084
2016-04-28,-0.014893113128479716,-0.012084139682601358
2016-04-29,-0.010875656743845129,-0.005268802988723009
2016-05-02,0.008820152366733214,0.00945885333044938
2016-05-03,-0.01348167088358374,-0.009276496568569104
2016-05-04,-0.006374291904653708,-0.006431829484154883
2016-05-05,0.0020681394690897754,-0.0002854120350144207
2016-05-06,0.007755905102678967,0.005332405258750228
2016-05-09,0.0034912318636516997,0.002841264056138826
2016-05-10,0.010439078600068555,0.013694885414682556
2016-05-11,-0.010530547100039617,-0.009037770712688187
2016-05-12,0.0005965921630451393,-0.004418534962920884
2016-05-13,0.0004576440192195479,-0.003683161455812267
2016-05-16,0.00759581319187436,0.012512002297122793
2016-05-17,-0.012147168007408882,-0.012544431848859339
2016-05-18,0.006763262508065066,0.003602340389221581
2016-05-19,-0.004727267994980816,-0.005195682726122031
2016-05-20,0.012442578315356709,0.011015130028781295
2016-05-23,-0.0022280001895729805,-0.001314619554216967
2016-05-24,0.01922966770510945,0.02003161116893093
2016-05-25,0.003914353541889307,0.0071917773615028935
2016-05-26,-0.0005491293186914122,0.002929420491628809
2016-05-27,0.009693130273539399,0.005202359862275907
2016-05-31,0.00020317178168690063,0.0019067667122611986
2016-06-01,0.00393685276022997,9.102092643731297e-05
2016-06-02,0.004827100003918325,0.002084100573120029
2016-06-03,-0.004583148164823486,-0.004702623397176531
2016-06-06,-0.0010551611524023232,0.0036344199611686445
2016-06-07,0.0028425495040823585,-0.0025349329786880093
2016-06-08,0.003516652482390489,0.0017246344968466776
2016-06-09,0.0010242551465194521,-0.001630965491556502
2016-06-10,-0.012462970045942769,-0.011343819045170234
2016-06-13,-0.007250573080408947,-0.008353535690229896
2016-06-14,0.0018704546352420971,0.0
2016-06-15,0.00036533691394901306,-0.0028691894447078203
2016-06-16,0.005595551678560238,0.0029706041838095665
2016-06-17,-0.006300579702412712,-0.01172141129904003
2016-06-20,0.009702561152395242,0.006291524189867781
2016-06-21,0.0006547668161474289,0.003172754592204896
2016-06-22,-0.0023980338758640583,-0.0024182872932283495
2016-06-23,0.01707789864468136,0.01426689346117005
2016-06-24,-0.04134561974442818,-0.04118782781554098
2016-06-27,-0.016176214635610017,-0.01984861439735308
2016-06-28,0.015433446710873901,0.021913522591355372
2016-06-29,0.01946595847682457,0.017709879101716508
2016-06-30,0.011320317301003024,0.011570236139528678
2016-07-01,-0.002785161922889497,0.005021439894078217
2016-07-05,-0.0013653412097813455,-0.006106441604586177
2016-07-06,0.005095844994428818,0.008192047023096949
2016-07-07,0.0038637840112256505,0.0029547552119635334
2016-07-08,0.015360309811581988,0.015466783133942341
2016-07-11,0.005513374266008703,0.005711470921363482
2016-07-12,0.0016150425265391137,0.005048431693448041
2016-07-13,-0.00014995786618227628,-0.002421510871192356
2016-07-14,0.005365918986172467,0.006833035721881542
2016-07-15,-0.004301449134271422,-0.0016073980372655061
2016-07-18,0.0032846621623280623,0.006619058010491674
2016-07-19,-0.0021511597501333002,-0.0036430965624979494
2016-07-20,0.011474183813453167,0.011683018362832254
2016-07-21,-0.005615354331093276,-0.002292161996704789
2016-07-22,0.007419636322036346,0.004152494220755365
2016-07-25,0.0008467857991881988,8.820700353551203e-05
2016-07-26,0.011511811552150756,0.0011435757773783362
2016-07-27,-0.006330034624734466,0.006942647390041579
2016-07-28,0.00035642061295458496,0.0034910996180719245
2016-07-29,-0.000419099603171575,0.0021742754602485093
2016-08-01,0.0006300147250212633,0.005293611684822119
2016-08-02,-0.010566917221489993,-0.007596456770674331
2016-08-03,0.004282433795575577,0.003305084619489529
2016-08-04,0.0065993762926335265,0.002861321384523219
2016-08-05,0.011998015183433977,0.009596087098170836
2016-08-08,-0.004033190489728845,-0.0011130932341310018
2016-08-09,0.008167347965042385,0.002314605685618698
2016-08-10,-0.007592244659576555,-0.0025655738705632203
2016-08-11,0.005127914336239258,0.004287537813215669
2016-08-12,0.0073099629482623356,0.0006829380404012042
2016-08-15,0.010952120247648696,0.004265971695021964
2016-08-16,-0.007420354401598617,-0.005522170979741614
2016-08-17,-3.317462537440997e-05,0.0017937322229568675
2016-08-18,0.005709555845915003,0.00025584826848157327
2016-08-19,0.00904345415316243,-0.00025578282688831777
2016-08-22,-0.000472387006759577,0.0007674752436541699
2016-08-23,0.00514878277761637,0.0017899119751998427
2016-08-24,-0.008179851124960755,-0.006465085982354735
2016-08-25,-0.003237903563547563,-0.001626684071597273
2016-08-26,0.0011170278963117633,0.0014576783288160478
2016-08-29,0.002180104351690905,0.0013703423795441427
2016-08-30,-0.00543880437476865,-0.0032498216612323327
2016-08-31,0.0003924442682174513,-0.0010293292711601731
2016-09-01,0.008371910253784686,0.002576500091522549
2016-09-02,0.0021471983379992153,0.0032553894264228944
2016-09-06,0.007175024106803502,0.006232732413788522
2016-09-07,-0.0037119965264838946,0.0005939212667072091
2016-09-08,-0.0011428891844921896,-0.005851504472966673
2016-09-09,-0.031145634523138656,-0.025164014745028163
2016-09-12,0.022749741686648645,0.01793820906838106
2016-09-13,-0.01313264928758869,-0.00894024230221191
2016-09-14,0.001515292627944077,0.004770701060994753
2016-09-15,0.015177262175336796,0.015538507892866704
2016-09-16,0.0009358612295248755,-0.00047696992426948803
2016-09-19,0.0010159910127999505,-0.004348331584510756
2016-09-20,-0.002990176271625736,0.001883892340767579
2016-09-21,0.017818348948832365,0.0098292949052734
2016-09-22,0.004073654799635111,0.007955795123968823
2016-09-23,-0.005907080863908548,-0.0063815192557854505
2016-09-26,-0.0066323848129774396,-0.008366707382043481
2016-09-27,0.015923054735745436,0.009886103144064018
2016-09-28,6.505622914331436e-05,0.0016875707646113458
2016-09-29,-0.00013092363191586482,-0.007245124105575318
2016-09-30,0.010408248683101862,0.00746764605785355
2016-10-03,-0.0024075683210780254,-0.0014316197507190376
2016-10-04,-0.002093655159631213,-0.0015185710963884214
2016-10-05,0.004616857449587522,0.0035483549454742302
2016-10-06,-0.0003605509730065842,-0.0005052818633057843
2016-10-07,-0.0018239415998527963,-0.0021895651810411865
2016-10-10,0.0007693115063640008,0.006330713541427668
2016-10-11,-0.03719885238421334,-0.014259495672515166
2016-10-12,-0.001719095148368865,-0.000851029477730747
2016-10-13,-0.007978522978003819,-0.0035769940680010492
2016-10-14,6.98072109669799e-05,0.001196820255122466
2016-10-17,-0.005661329276437616,-0.0027318923829857678
2016-10-18,0.010080028706052967,0.008902711021839371
2016-10-19,-0.002828004774856425,-8.498170339110711e-05
2016-10-20,-0.0036515739278659945,-0.0011880499080378915
2016-10-21,-0.002566359711864422,0.003738223569284882
2016-10-24,0.01494091835525724,0.012018569100040732
2016-10-25,-0.002695733566088061,-0.0031780182906000487
2016-10-26,0.0012007363851310215,-0.0067959215869169975
2016-10-27,-0.0001740367958141848,-0.004561637678031638
2016-10-28,-0.006330992527253249,-0.00627990961271796
2016-10-31,0.00022409845986114693,-0.0009389900361024273
2016-11-01,-0.012576793468119605,-0.00752224929573897
2016-11-02,-0.013214355021881074,-0.008009594134314346
2016-11-03,-0.0017434025343469814,-0.009810692023204615
2016-11-04,-0.007417748655987464,-0.0035074039368048204
2016-11-07,0.034133910390540034,0.02375716107935255
2016-11-08,0.003368097752298195,0.006532361595710912
2016-11-09,0.004185002964396539,0.004610966746041667
2016-11-10,-0.01167762544739774,-0.016149825365892045
2016-11-11,0.024061977187081987,0.0004324433753639667
2016-11-14,-0.005393305377813381,-0.010103783705393332
2016-11-15,0.011824887639560046,0.01387075351996514
2016-11-16,0.0025086757418822884,0.005936679802658995
2016-11-17,0.01945895574102694,0.0072705209632959455
2016-11-18,0.0018602742867518873,-0.0037362909332208094
2016-11-21,0.009597241280199698,0.010398775901493407
2016-11-22,0.005951955386974137,0.0030370562457022743
2016-11-23,0.0004514366918537401,-0.004036736699041588
2016-11-25,0.004205526100585029,0.0032086052375317475
2016-11-28,-0.003933403008177043,-0.002272652869345082
2016-11-29,0.002153279572331216,0.0034592696296595893
2016-11-30,-0.004042633680839054,-0.012107091915295354
2016-12-01,-0.037096274196395565,-0.01727658145344313
2016-12-02,0.01044090853183958,0.001991723348738983
2016-12-05,0.005180666926555942,0.007778975465253302
2016-12-06,0.013173848991015135,0.0024010836103103284
2016-12-07,0.028109469035114614,0.01266277211409772
2016-12-08,-0.0012164132855485411,0.0017741208914077156
2016-12-09,-0.006509921138897787,0.007843416584029539
2016-12-12,-0.013256982534185398,-0.004518476198490995
2016-12-13,0.010760691111250983,0.012608999807669496
2016-12-14,-0.0024811592965774862,-0.0020753771355933592
2016-12-15,0.009505871196966028,0.0015803123993609614
2016-12-16,-0.011411515323470053,-0.0037067392223708584
2016-12-19,0.004730792294206236,0.004097392413688894
2016-12-20,0.006716493153149567,0.003830118329836596
2016-12-21,-0.0013224310435856804,-0.000746505897484151
2016-12-22,0.006378966356299201,-0.0028223150377846284
2016-12-23,0.003960608394294983,0.0006655683044960448
2016-12-27,0.009939691298778485,0.00515828369919169
2016-12-28,-0.01588549565491932,-0.007780205958714426
2016-12-29,-0.004125429786863514,-0.0014181203652328112
2016-12-30,-0.011538674037338513,-0.010274965674102243
2017-01-03,0.00722897214306361,0.008946622087501854
2017-01-04,0.007472750392342688,0.005437927580214552
2017-01-05,-0.0033152792879862763,0.005657647050326897
2017-01-06,0.004341046818665209,0.008769647844898198
2017-01-09,0.008835948204206872,0.0032803712786277917
2017-01-10,0.00542128445102819,0.002207196483128282
2017-01-11,0.002010878655358307,0.0026918610194819337
2017-01-12,-0.00500235646654604,-0.0015459365415022575
2017-01-13,0.007098056520553029,0.003422374104485204
2017-01-17,-0.008791146234613963,-0.0030045526079284235
2017-01-18,0.006793641487870406,0.0020359389202466716
2017-01-19,0.013577004957908523,-0.00048744530003963504
2017-01-20,0.010807406470701405,0.002195332188128063
2017-01-23,0.0036601134863782745,0.0008115730714921554
2017-01-24,0.014745672273596388,0.006728686862986999
2017-01-25,0.015982644728008175,0.010066074763918964
2017-01-26,0.005275993340940776,0.0010363845752547896
2017-01-27,0.005147856255376402,0.0019116824420744027
2017-01-30,-0.008040494507642654,-0.007790325615684268
2017-01-31,-0.0005516008643976222,-0.0020028923228788686
2017-02-01,0.007913103394903403,0.006903745853584775
2017-02-02,-0.0008483077025534103,-0.0008770203969330481
2017-02-03,0.005690949540488863,0.002872626810587864
2017-02-06,-0.0014518489518342175,0.0011935639078564098
2017-02-07,0.007848674540155939,0.003655658408243223
2017-02-08,-0.005458194696903046,0.0016629568964117158
2017-02-09,0.0007245352618627564,0.003636296241619652
2017-02-10,-0.003088061310104088,0.0033080424517737406
2017-02-13,0.0014845883368785446,0.005652404958102819
2017-02-14,-0.004075674801500519,0.003356751325870766
2017-02-15,0.0041750482992596386,0.005913187494990035
2017-02-16,0.0025861868243130196,-0.0003094008152970673
2017-02-17,0.007012813563905701,0.004332575440182174
2017-02-21,0.005639754128014164,0.004930083099847993
2017-02-22,0.0025951940688150824,0.00038388728129135075
2017-02-23,-0.013544922709695153,-0.003755218534099769
2017-02-24,0.005841949237225289,0.0019229370062636697
2017-02-27,0.005121871418574411,0.00122844973753522
2017-02-28,-0.002637130601770823,-0.0030672629472446866
2017-03-01,0.014869543314815015,0.010921533137620676
2017-03-02,-0.01187765788250265,-0.005021454080626486
2017-03-03,0.004301677504017983,0.0018353170910840877
2017-03-06,-0.0009583642576442477,-0.0022133051302971607
2017-03-07,-0.005254247471788794,-0.0016831152506699976
2017-03-08,0.00022434141215601927,0.0017627820814964945
2017-03-09,-0.0029449286853127513,0.0007648301249993938
2017-03-10,0.013271145656312757,0.004203288835423313
2017-03-13,0.008784083590517395,0.0016745991245430414
2017-03-14,-0.004355094746206808,-0.0024316972007497606
2017-03-15,0.011259705428331865,0.006169693162669576
2017-03-16,-0.0016294610419050335,-0.000681297469434905
2017-03-17,0.0017927636877416897,-0.0003493000663324919
2017-03-20,0.003017348121542132,0.0009111163323609617
2017-03-21,-0.021542929536705117,-0.015173066610636332
2017-03-22,0.0132296379884296,0.006779199727390273
2017-03-23,-0.0005506267609436511,-0.0025251283222839094
2017-03-24,0.009640532452673583,0.0020712837587333333
2017-03-27,0.002537802891170362,0.0016075927958771885
2017-03-28,0.006888265883404654,0.006113835734448347
2017-03-29,0.0005904925103226484,0.004633755123863548
2017-03-30,0.00475032639486715,0.001664113414119317
2017-03-31,-0.0059101190774593715,-0.0006795732206839045
2017-04-04,0.0007564375177025003,0.00158681069774258
2017-04-05,-0.006968005459671769,-0.004075171372493913
2017-04-06,0.0030906261895942183,0.0005305665271473359
2017-04-07,0.0013728377615293732,-0.0005302851755832894
2017-04-10,-0.0029388950054592316,0.0003791688870733445
2017-04-11,-0.002756691010527883,-0.004317489782692974
2017-04-12,-0.013316792495691766,-0.004032156744111948
2017-04-13,-0.0016983616803906124,-0.003971865744852976
2017-04-17,0.004589663987548937,0.008282160008189932
2017-04-18,-0.0026877023113236185,-0.0015210347099836596
2017-04-19,0.010947867751301948,0.0015995101199632877
2017-04-20,0.012620607402519057,0.00836563970306159
2017-04-21,0.00030976876097412495,-0.0002262787542994804
2017-04-24,0.011205441089938687,0.012070117341645314
2017-04-25,0.011720829473177754,0.007230465093363003
2017-04-26,-0.009742950801440928,-0.0014064402694836664
2017-04-27,0.008212833243886792,0.006002708132978096
2017-04-28,-0.00346619822278714,0.0017680316476889057
2017-05-01,0.011693210943845034,0.008897838625189669
2017-05-02,-0.0051272460015146055,0.0016762376089232145
2017-05-03,-0.0038098597308631214,-0.0032011289425483147
2017-05-04,-0.0022356479632418035,0.00036438755234158293
2017-05-05,0.00711704599759816,0.0036488101462039957
2017-05-08,-0.0011416160178769207,0.0021809972243993503
2017-05-09,0.011507110424597167,0.0034826826135447853
2017-05-10,0.003994959263065771,0.0005783740770421986
2017-05-11,-0.002638423253477817,-0.0007948192850720792
2017-05-12,0.0033614235174258206,0.0022415247941678373
2017-05-15,0.0051033313608393445,0.0031745731352725848
2017-05-16,0.004973403986988949,0.004171353291533286
2017-05-17,-0.037490547005659736,-0.025426054034220713
2017-05-18,0.014806719808953091,0.008745532456888139
2017-05-19,0.006143700613341814,0.004225329683648749
2017-05-22,0.01123574010297449,0.008415925029938487
2017-05-23,-0.00106313456958108,0.0010069992563697117
2017-05-24,0.007024054870078083,0.004599376020895551
2017-05-25,0.010696031609215157,0.008513529698895406
2017-05-26,0.0023065757862785028,0.001773486259817325
2017-05-30,0.005687462157634321,0.0008494590875212094
2017-05-31,0.0003051954176522886,-0.00035351678173722867
2017-06-01,0.006151670508764641,0.0038926954976792327
2017-06-02,0.011757601357759093,0.011421623862069685
2017-06-05,-0.0011177468969364058,-0.00020935920283238207
2017-06-06,-0.00016146366810731224,-0.00397391662146529
2017-06-07,0.00876110694413538,0.003919729915478509
2017-06-08,0.008111724951077034,0.0010458464351075225
2017-06-09,-0.03955287624402329,-0.025005523188312506
2017-06-12,-0.0056806648444796244,-0.005357395054706893
2017-06-13,0.00919412488756209,0.008115717941239442
2017-06-14,-0.009670520514921416,-0.0043462241593631434
2017-06-15,-0.00680408370316083,-0.004435869894280353
2017-06-16,-0.0020301375316574767,-0.004338678031034826
2017-06-19,0.02316002140593882,0.016720864718996475
2017-06-20,-0.0053104886587275035,-0.007831040811080658
2017-06-21,0.017015341161859054,0.009901981276843497
2017-06-22,0.003536840903350939,-0.00028407343872050017
2017-06-23,0.003309252526111167,0.0038378026023746514
2017-06-26,-0.008069190197759356,-0.004673019534307765
2017-06-27,-0.02504831978405867,-0.01813936959017226
2017-06-28,0.015756253825081015,0.01441761807309172
2017-06-29,-0.02525265824118628,-0.01735473363388229
2017-06-30,-0.005190470841684817,0.0003633386597967636
2017-07-03,-0.013806377837368468,-0.010534753812497133
2017-07-05,0.010721809754391711,0.009839022284434007
2017-07-06,-0.00871234547322174,-0.009015694957226872
2017-07-07,0.013519005214036347,0.010785656579036074
2017-07-10,0.010617317836439743,0.006533196663425667
2017-07-11,0.007134479698870064,0.002812544142514639
2017-07-12,0.015797958463171273,0.011866253957692141
2017-07-13,-0.004628923677544835,0.0022028833154685845
2017-07-14,0.009539825520020773,0.007871839134753866
2017-07-17,-0.0045814172489571925,0.0004929831422262332
2017-07-18,0.01059067820448654,0.006681007879187684
2017-07-19,0.017363060113059547,0.005868451786633422
2017-07-20,0.003385266293036659,0.0013195448411416066
2017-07-21,-0.0009546742882596437,-0.00041642040406220104
2017-07-24,0.003457260649199822,0.004580179700090392
2017-07-25,-0.006146603555788527,-0.002556093064674969
2017-07-26,0.009943436895217608,0.003254938458873591
2017-07-27,-0.015666857939823132,-0.006281217861200394
2017-07-28,-0.0010640543141291082,-0.0008338312504563294
2017-07-31,-0.011182377056237891,-0.004240776224711196
2017-08-01,-0.0005674242341406669,0.002304216042322116
2017-08-02,-0.008326841220400193,0.0027162087668901602
2017-08-03,-0.001957069916370302,-0.0038899140198657145
2017-08-04,-0.0017501704526672532,0.0018129153354236038
2017-08-07,0.006454348311787742,0.0063352386634805136
2017-08-08,-0.008701093167193148,-0.0017297708349646168
2017-08-09,-0.006531463033526213,-0.0013163040322160535
2017-08-10,-0.03318503763952749,-0.021440541305743688
2017-08-11,0.005792629672916678,0.007587231349244217
2017-08-14,0.013513796320528083,0.012878222211717416
2017-08-15,0.0052793839335545005,0.0006945554637485252
2017-08-16,0.004842716723793195,0.0017354637533597561
2017-08-17,-0.024178355450557076,-0.020446351689246467
2017-08-18,0.0033798150299557657,-0.0007074475766721822
2017-08-21,-0.00047723601447988373,-0.0012742385438579973
2017-08-22,0.018647354132500977,0.015243058159149392
2017-08-23,-0.0031651184725711304,-0.0035617445162361427
2017-08-24,-0.0012738185145995194,-0.0029437059937851284
2017-08-25,-0.0046135816832619065,-0.002108319930285596
2017-08-28,-0.002565141721471717,0.003099213385089561
2017-08-29,0.0029657095662308543,0.003931977849034096
2017-08-30,0.014128150654493972,0.01175120209058833
2017-08-31,0.009474366515603636,0.01071509303482121
2017-09-01,0.0027216072306585726,-0.0013676536384854554
2017-09-05,-0.010110442355281565,-0.008972097400852252
2017-09-06,0.003258125742003197,0.003040727015766409
2017-09-07,0.007907245885207729,0.002342251549939167
2017-09-08,-0.007857210840494398,-0.008661797083689193
2017-09-11,0.012522711869557975,0.011511316096124657
2017-09-12,0.005900547575700354,0.0023993336992202963
2017-09-13,0.0009028796293062836,0.0013676872215828695
2017-09-14,-0.0032062735913880613,-0.005873518855363025
2017-09-15,0.0015254748781402825,0.0034354429801217723
2017-09-18,0.009435718461967337,-0.0013104819652851596
2017-09-19,4.51887124309632e-06,0.0017175737930739121
2017-09-20,-0.003975561395356893,-0.003086685447723503
2017-09-21,-0.008377424442504519,-0.0061234260369702476
2017-09-22,8.669624299163336e-05,-0.0009683230545205479
2017-09-25,-0.025170611264423774,-0.01053259820388519
2017-09-26,-0.0017540253101881273,0.0025909992000441306
2017-09-27,0.014788268788582151,0.009009949860194988
2017-09-28,0.0008603537291948278,-0.0003458615286878741
2017-09-29,0.01188707374700477,0.007201786472369687
2017-10-02,0.003499653777492563,0.000893606443625794
2017-10-03,0.0007192885988258779,0.0021294819308350643
2017-10-04,0.00013070147459344028,0.0009594940656705297
2017-10-05,0.007273030189642296,0.009793169495976084
2017-10-06,0.004297094890938763,0.0013559551671615822
2017-10-09,0.0026681419072547307,-0.001151273973962974
2017-10-10,0.0042976880922012545,0.0007456785111861208
2017-10-11,0.0012486757879340293,0.002981037353842142
2017-10-12,-0.0057249408266052395,-0.00182374942507868
2017-10-13,0.005529576024143868,0.003856966237752557
2017-10-16,0.005003761177311282,0.003438425230136266
2017-10-17,-0.0012241673364322954,0.0012765075843579332
2017-10-18,0.0008819566613886967,-0.0012078551992096287
2017-10-19,-0.0011415297071667885,-0.0036950536783421084
2017-10-20,0.008530869198796382,0.0026972388500168254
2017-10-23,-0.00480948334423342,-0.00652257032305259
2017-10-24,-0.00037618193293340746,0.0016924411601602074
2017-10-25,-0.006362366252853679,-0.003784166424063984
2017-10-26,0.0035937906700728396,-0.0031880726826366557
2017-10-27,0.0067246121565732,0.0291235216831498
2017-10-30,-0.004474237481326005,0.0022478314019915846
2017-10-31,0.006332402570759296,0.0037607655248101945
2017-11-01,-0.0010333385034965448,-0.0003286984452266495
2017-11-02,0.0018969755161115818,-0.001906738860037116
2017-11-03,0.0063019320958573495,0.00961707252720756
2017-11-06,0.0014875906182286098,0.003392896488274344
2017-11-07,0.002105317253147638,0.0005850126955297963
2017-11-08,0.0011935818002604302,0.004029452993693949
2017-11-09,-0.009757658770437026,-0.005242899273763313
2017-11-10,0.0053195738741723154,-6.48922803870855e-05
2017-11-13,0.005125497710373732,0.00123617856746705
2017-11-14,-0.0023858796568986588,-0.003639454717390689
2017-11-15,-0.007872857039264164,-0.004696436265803516
2017-11-16,0.015691237450783335,0.01277932196990017
2017-11-17,-0.006538194830847873,-0.0038180123524235166
2017-11-20,0.0017940526716478196,-0.0007790670013320122
2017-11-21,0.011972407035522818,0.010856055071575721
2017-11-22,-0.0026531884541713046,0.0012218139377968562
2017-11-24,0.003245817646072385,0.0036609687906963284
2017-11-27,-0.0021612252554849072,-0.00044759997327392664
2017-11-28,0.007312585074090922,0.0025606426044177955
2017-11-29,-0.020504981977678416,-0.017433912611687363
2017-11-30,0.007968718664176313,0.008384369506220013
2017-12-01,-0.008741561202853439,-0.004253906380620731
2017-12-04,-0.02042329976122317,-0.01152188044497704
2017-12-05,-0.001786326213058428,0.0006547752752381619
2017-12-06,0.006051152807527247,0.004515372669284812
2017-12-07,0.00917789886042345,0.0033880222842395114
2017-12-08,0.0032707734835062396,0.0044145168562363946
2017-12-11,-0.0031993585114713802,0.007757064730038898
2017-12-12,-0.005775282213323296,-0.0013470372724406765
2017-12-13,0.0027886457877334923,0.001926727638658532
2017-12-14,-0.004760649051946181,-0.0007046331228798275
2017-12-15,0.01359151106541601,0.011354122436694425
2017-12-18,0.01589707089332245,0.008384756508171387
2017-12-19,-0.0006708005619195528,-0.0059257889894932525
2017-12-20,0.003979308160321653,-0.0010776658593518729
2017-12-21,-0.0062181523175134906,0.00012686696268948694
2017-12-22,-0.0002369604144980954,-0.0011423721908604412
2017-12-26,-0.002336009016572671,-0.005401567720511702
2017-12-27,0.001804145364676613,0.00012758292504910784
2017-12-28,-0.0011521554830001264,0.0012140400963960296
2017-12-29,-0.006391797476955127,-0.006188918298051016
2018-01-02,0.013846979658228209,0.017527084685150296
2018-01-03,0.012143144007388645,0.009716584733072464
2018-01-04,0.005678962875270541,0.0017496968046206707
2018-01-05,0.007426686240604287,0.010042958435266591
2018-01-08,0.006009721681968225,0.0038908906251025055
2018-01-09,0.0002460619442024687,6.162285113808785e-05
2018-01-10,-0.005249667398281413,-0.002337666679293804
2018-01-11,0.0073350023015882945,0.006844043060317828
2018-01-12,0.01013577291195414,0.007348923666015583
2018-01-16,-0.005441768887991111,-0.0028572283155225975
2018-01-17,0.01360517113388597,0.010791454002048617
2018-01-18,0.001077425553552338,0.00018106173749443677
2018-01-19,0.009108485622072948,0.0031359606999410428
2018-01-22,0.010007877523519199,0.010700771699375
2018-01-23,0.008208617438313534,0.008267731031438963
2018-01-24,-0.007419086989094968,-0.006488904950456509
2018-01-25,0.000903784496884997,-0.0003562033515384089
2018-01-26,0.01043872383173285,0.015324876084259698
2018-01-29,-0.006967749495406886,-0.004855760710760992
2018-01-30,-0.013699422214827906,-0.008230286190356373
2018-01-31,-0.0021977382189999383,0.004149292963757434
2018-02-01,-0.016878955044817172,-0.008500819007270954
2018-02-02,-0.023601212168683165,-0.019945508302316117
2018-02-05,-0.0386977148529926,-0.03942614204878214
2018-02-06,0.024440626346926723,0.02649923599494386
2018-02-07,-0.00997199614330885,-0.012938235924018326
2018-02-08,-0.0428602377824793,-0.04219502103047157
2018-02-09,0.01756687397618138,0.01726987014225312
2018-02-12,0.013955398279219019,0.01774475685638288
2018-02-13,0.0073520617513321875,0.005161620183208093
2018-02-14,0.02345865283620146,0.01872400827707743
2018-02-15,0.014669646778435678,0.018563892478485
2018-02-16,-0.005189125071262246,-0.004466027104726655
2018-02-20,0.005999604255169466,0.002000335679777976
2018-02-21,-0.007825181143077268,-0.0028433992351002413
2018-02-22,0.0009458660854935564,-0.00012145073636216086
2018-02-23,0.02343966555096084,0.02044932474456873
2018-02-26,0.011726626376002905,0.01326019102193654
2018-02-27,-0.013913689881798873,-0.012382572344663778
2018-02-28,-0.0003279231857948492,-0.006417475144715912
2018-03-01,-0.0157716471273051,-0.01632688501745916
2018-03-02,0.012766789772883886,0.009180616510994222
2018-03-05,0.0076384389169035696,0.011084732037691447
2018-03-06,0.014926877320107567,0.0042304874645500146
2018-03-07,-0.0016740827032445315,0.00231387055451604
2018-03-08,0.0026268553166590635,0.005505634457128261
2018-03-09,0.02192599896281441,0.019427732611471793
2018-03-12,0.004267055191261389,0.005313013763881269
2018-03-13,-0.00956721895165234,-0.013614664521166664
2018-03-14,-0.0006304140863481579,-0.00017463207409718073
2018-03-15,-0.00445528784052895,-0.0008738747960591597
2018-03-16,-0.0004141976218493449,-0.002973173109369731
2018-03-19,-0.01581370814838764,-0.02133579074149161
2018-03-20,0.009985848629080089,0.003291244862142939
2018-03-21,-0.0008148713486319254,-0.00435436614324014
2018-03-22,-0.027564129100093468,-0.024682543857430517
2018-03-23,-0.027875834207179137,-0.02635157393697274
2018-03-26,0.0379767887664199,0.037158643376896006
2018-03-27,-0.034632251258910035,-0.032359800787655435
2018-03-28,-0.018401496664057736,-0.011503695212570553
2018-03-29,0.02551111821747454,0.018314399470729104
2018-04-03,0.011208812144073326,0.011253111025802731
2018-04-04,0.016558883778756722,0.015770249240104173
2018-04-05,0.00030486782873513743,0.005696478879254618
2018-04-06,-0.02560497419381972,-0.02502307671862347
2018-04-09,0.0028126177793851154,0.007022705524871942
2018-04-10,0.022924346424024033,0.022063263273409683
2018-04-11,-0.009434940909320264,-0.005769002324150119
2018-04-12,0.016603135348639893,0.012041513994067499
2018-04-13,-0.007986206275052253,-0.005178569608416783
2018-04-16,0.009640982192487928,0.007622271935406433
2018-04-17,0.026389732377190573,0.021525258845487727
2018-04-18,0.004875862631513851,0.0020470763783120294
2018-04-19,-0.01753440183542935,-0.009192542654173352
2018-04-20,-0.01029579872191299,-0.01582683980661337
2018-04-23,-0.0021475933089488636,-0.002526132180180385
2018-04-24,-0.017503859193669143,-0.021187440215452935
2018-04-25,-0.0023608123394653372,0.0011991092736316489
2018-04-26,0.020502409785411433,0.02105251761779514
2018-04-27,0.006419211039663934,0.0006171591652297526
2018-04-30,-0.009250531484600593,-0.007094339383467041
2018-05-01,0.002847754527798229,0.011432684167312246
2018-05-02,-0.009386685676038637,-0.005897767946247079
2018-05-03,0.0032392446907749542,-0.00012330359597134688
2018-05-04,0.016448555539229623,0.018974031223169652
2018-05-07,0.009505109571784796,0.008309368992687638
2018-05-08,0.0005934000153173954,-0.0010226763588048193
2018-05-09,0.011513753064353557,0.010899352176762855
2018-05-10,0.0024428397013463517,0.010364466445834664
2018-05-11,-0.0023436405008636614,-0.000943244093438933
2018-05-14,-0.0021308513300432896,0.00171113155299496
2018-05-15,-0.009576398259049901,-0.011075270210247568
2018-05-16,0.004369526812586648,0.006612542602571825
2018-05-17,-0.0037647668606009986,-0.003846828311668382
2018-05-18,-0.001939234936646414,-0.005168047365153194
2018-05-21,0.00852585767723657,0.005613120574684105
2018-05-22,-0.00456340750199237,-0.001306583093136915
2018-05-23,0.010781288587938545,0.008443435463249882
2018-05-24,0.002918021480480414,-0.0002949227943045418
2018-05-25,-0.0015198384158873217,0.0010027114202970644
2018-05-29,-0.002364810424494742,-0.00441910641417842
2018-05-30,0.011223805346676732,0.00716115904375636
2018-05-31,-0.007365959186520754,-0.0006463169882986453
2018-06-01,0.0166632504228588,0.015699463423276327
2018-06-04,0.005386224735097562,0.009030963316073226
2018-06-05,0.0089704355229618,0.003098006754665983
2018-06-06,0.004698357261062774,0.0058339624699468295
2018-06-07,-0.01684043842261896,-0.008131566250015765
2018-06-08,0.003938176125974939,5.760894002393435e-05
2018-06-11,0.0031257523573938965,0.0026940290301045167
2018-06-12,0.005741837599710878,0.005259781075562353
2018-06-13,0.004318399231221967,-5.6328600422372865e-05
2018-06-14,0.009364895671519708,0.01012355922587549
2018-06-15,-0.0037575237380824736,-0.003491099706801837
2018-06-18,0.0009432275499224488,-0.0005777660390392514
2018-06-19,-0.00427487944034148,-0.0028325087164237095
2018-06-20,0.0025534149684282676,0.007102251137937499
2018-06-21,-0.008165017853956522,-0.008688033631914172
2018-06-22,-0.010088651141963374,-0.002219691781087274
2018-06-25,-0.030046278400436374,-0.022530532127714165
2018-06-26,0.008243105963618855,0.004084836965914551
2018-06-27,-0.019676352957719384,-0.013598865717030839
2018-06-28,0.013123961612255408,0.00860147165826275
2018-06-29,0.00013182596183899454,0.0026872884239905748
2018-07-02,0.011142848552432335,0.006699655741426946
2018-07-03,-0.00935469803134557,-0.011574206467321102
2018-07-05,0.010992260953778464,0.012412447296756612
2018-07-06,0.012511608906569325,0.0155562204502675
2018-07-09,0.008011787236323438,0.008997203851579316
2018-07-10,0.0032243830218674553,0.000733868055983633
2018-07-11,-0.004084226628638045,-0.005075856915577326
2018-07-12,0.022231824038164837,0.01723164862606774
2018-07-13,0.00024403467777279472,0.0008359776355006954
2018-07-16,-0.006550216982999732,-0.0023941821178335987
2018-07-17,0.004345867959536128,0.0060831371312197735
2018-07-18,0.003327513050236427,-0.0018858710371295606
2018-07-19,-0.005047170305576934,-0.005002140124376497
2018-07-20,0.0022784076657977946,-0.000222961789699605
2018-07-23,0.003424819952399129,0.0031840889339844747
2018-07-24,-0.008282560873105669,0.004121271116730663
2018-07-25,0.017086197911252727,0.013976789453531424
2018-07-26,-0.010236384755466996,-0.015151645248301704
2018-07-27,-0.01898324104048851,-0.013495951508129322
2018-07-30,-0.02198585678234193,-0.01413130983468791
2018-07-31,0.0134474299298339,0.007652064812539772
2018-08-01,0.002750547822979119,0.003797386193476804
2018-08-02,0.01582771608028452,0.013606339767721076
2018-08-03,-0.001223111325651745,0.003063520859484692
2018-08-06,0.006597762776270308,0.005886400135914682
2018-08-07,0.0027734718463417202,0.00364353215784341
2018-08-08,-0.00017703483109953984,0.0012101604134369115
2018-08-09,0.00027928288136315515,-0.0006044808495996312
2018-08-10,-0.009696686470483542,-0.00764110670085183
2018-08-13,-0.00374442097479786,-0.0011079143738180752
2018-08-14,0.00973281565296846,0.006266934509739253
2018-08-15,-0.012011219646520147,-0.012234850153431065
2018-08-16,0.0024341815678720303,0.003291629175465216
2018-08-17,0.004377988143330282,0.00022242763597013493
2018-08-20,0.0006804787652073277,-0.0008894236335363903
2018-08-21,0.005286353627709222,0.003672639973159031
2018-08-22,0.0030784417406084226,0.003881140354188073
2018-08-23,0.0018267437440597169,-0.0014358338841934382
2018-08-24,0.0065764797433790325,0.009292031242884802
2018-08-27,0.0035241705094877806,0.010192774206324584
2018-08-28,0.002166858061269555,0.0014649419297678712
2018-08-29,0.011310757901224397,0.01153779577125369
2018-08-30,-0.0037393843344089603,-0.001767177268415021
2018-08-31,0.0062413770461932465,0.0012872997707933376
2018-09-04,0.0031153651173320565,-0.00428585441482654
2018-09-05,-0.012969813553078177,-0.012913681769689433
2018-09-06,-0.0015494878239009841,-0.008939864727638192
2018-09-07,-0.0003303677673310909,-0.003850098146666703
2018-09-10,0.005598033741820798,0.003368014957555898
2018-09-11,0.006379043954745776,0.007704274606181061
2018-09-12,-0.0021516429882585657,-0.0029487907080246734
2018-09-13,0.005777114040065198,0.010680152263034648
2018-09-14,-0.0014550295399138047,-0.0029263457049678587
2018-09-17,-0.011997591431144105,-0.014403134543303109
2018-09-18,0.010221968306580618,0.008271871687852705
2018-09-19,-0.006130228163101972,-0.0007657694318263797
2018-09-20,0.002770092853636997,0.011056186426664949
2018-09-21,-0.0021083675475581996,-0.005467295084611301
2018-09-24,0.0026145560069671158,0.0027808055102376272
2018-09-25,0.0021859073761883855,0.0013595490846258773
2018-09-26,-0.0010249376227238944,0.0007058563238093729
2018-09-27,0.006651065701583341,0.008466123488314548
2018-09-28,0.001383464316871834,-0.00021519150495186157
2018-10-01,0.003964634937593205,0.0020449744636374945
2018-10-02,-0.009779877468739092,-0.0022558572974871183
2018-10-03,-0.00035927032372193746,0.0010766793137175767
2018-10-04,-0.01980000866307056,-0.019198760691260586
2018-10-05,-0.011512095081779488,-0.012227047666873547
2018-10-08,-0.008178444785400578,-0.006106169131956163
2018-10-09,0.0051450320770096225,0.003239279853633148
2018-10-10,-0.04335645347454111,-0.04397913131778153
2018-10-11,-0.015922067749783535,-0.012403214379851812
2018-10-12,0.025757046194098753,0.027830011956090805
2018-10-15,-0.009039501735309971,-0.0121040954224243
2018-10-16,0.030167841848841085,0.02909228829437782
2018-10-17,-0.004544226609450278,0.00039508413920774643
2018-10-18,-0.02056022626103485,-0.023182433337956887
2018-10-19,-0.009346597449724773,-0.0009236412552989792
2018-10-22,0.0018011007308316813,0.0051441446345135144
2018-10-23,-0.006695977627997274,-0.0036805260710365273
2018-10-24,-0.04876143731015727,-0.04576671772169205
2018-10-25,0.0002525845921291657,0.03459548009978031
2018-10-26,-0.019189576826826073,-0.025722027017540894
2018-10-29,-0.0015798126102112033,-0.02058087139823961
2018-10-30,0.013191456986800052,0.016479880839487704
2018-10-31,0.006055116189958273,0.023505563752109326
2018-11-01,0.004127452172516238,0.013190398899077138
2018-11-02,-0.001196802967106196,-0.015576060256847879
2018-11-05,0.004923845121784964,-0.0024794713909724875
2018-11-06,0.0008431467728261122,0.007575857227337446
2018-11-07,0.023324464483526132,0.031367096777586756
2018-11-08,-0.004447075997253519,-0.006378659715601698
2018-11-09,-0.005627322556481573,-0.016852193298165452
2018-11-12,-0.020755904402763033,-0.03025861485532233
2018-11-13,0.0008638683734919813,0.0008416136873012903
2018-11-14,-0.0051086011601895786,-0.007628952522189647
2018-11-15,0.0073201892567454335,0.017493579631826073
2018-11-16,0.0073032922391587825,-0.003510133690615258
2018-11-19,-0.01865928236624053,-0.03247741175760832
2018-11-20,-0.03484948546018659,-0.01789449184787406
2018-11-21,0.0027194540657576017,0.007602414496947318
2018-11-23,0.001171761391356539,-0.007233285496279995
2018-11-26,0.012252142036310771,0.02311412102015664
2018-11-27,0.005305132365968927,0.003376789253641377
2018-11-28,0.02319686677223706,0.03218260343073576
2018-11-29,0.00331291098999322,-0.0032602094086015
2018-11-30,0.00802842218267268,0.00725529451075646
2018-12-03,0.011264467637026468,0.01747684597344712
2018-12-04,-0.024278232366917517,-0.03835687258150622
2018-12-06,0.0019545394174447293,0.0070601708913520245
2018-12-07,-0.03322501062320477,-0.033015845034157554
2018-12-10,0.006866662433675958,0.010472655086219307
2018-12-11,0.0032223519652587965,0.0033111907461582657
2018-12-12,0.009294653103683449,0.008801645890092802
2018-12-13,-0.005887697682407589,0.00030254061460022186
2018-12-14,-0.021526336790250553,-0.024348557735143328
2018-12-17,-0.025647051506583623,-0.022659765136752053
2018-12-18,-0.006018481291455226,0.006288539100165247
2018-12-19,-0.012524319390284033,-0.02455509347871465
2018-12-20,-0.013399643611772153,-0.014495634288892889
2018-12-21,-0.02434045226621857,-0.030993416059296952
2018-12-24,-0.02143793666210744,-0.024797870183797532
2018-12-26,0.04675954351172943,0.06243894070900491
2018-12-27,0.005021049497064082,0.0038699275175522185
2018-12-28,0.003074255033930397,-0.000522737791786021
2018-12-31,0.008231843723291252,0.008433112465853876
2019-01-02,-0.010461254338342425,0.004019181937773508
2019-01-03,-0.028919844664033495,-0.032670392400269366
2019-01-04,0.03448483386296789,0.04278434810906728
2019-01-07,0.017198485006288556,0.011905609909673709
2019-01-08,0.005080611225753914,0.009045670789340265
2019-01-09,0.002275037100037765,0.008149409335984625
2019-01-10,0.003192382674064402,0.0028600739857884694
2019-01-11,0.00346366674214655,-0.003657896066204702
2019-01-14,-0.007399741493346814,-0.008837097114900994
2019-01-15,0.0137238585519791,0.01952694121466325
2019-01-16,-0.0047017104278083595,-0.00018498428369995157
2019-01-17,0.011503303138432308,0.007884204339391188
2019-01-18,0.0064372402231233,0.009900275239870249
2019-01-22,-0.011950499560410917,-0.02003009265624378
2019-01-23,-0.0012717398275542459,0.0012966363264923508
2019-01-24,0.0043305609551706585,0.006475179494642269
2019-01-25,0.018627411172214496,0.011948624052541934
2019-01-28,-0.010047206531921598,-0.012352123367541656
2019-01-29,-0.007239652819789629,-0.009441438109217826
2019-01-30,0.011836940075135746,0.025437832419547002
2019-01-31,0.00847884150908301,0.01496887974990635
2019-02-01,0.010982402270253972,-0.00422217243533507
2019-02-04,0.0014511580759206872,0.012421537622189449
2019-02-05,0.003255103275248191,0.0088477456817877
2019-02-06,-0.0034346136325680565,-0.002981863924573669
2019-02-07,-0.007072804850542434,-0.013429393907320675
2019-02-08,0.008219389541377492,0.0019616045618251476
2019-02-11,0.0012554866460763217,-0.00094918174574532
2019-02-12,0.016387007824232178,0.014785894151698509
2019-02-13,-0.004086888631034025,0.0007022502703528666
2019-02-14,0.0043671076951238815,0.0012281454807454573
2019-02-15,0.004793825397884861,0.004204914359218659
2019-02-19,-0.0017345239083197614,0.0019777902197815056
2019-02-20,0.0014763244440942642,-0.0001742617036908367
2019-02-21,-0.0040789887952959476,-0.0036573567731955636
2019-02-22,0.01174283780309045,0.007399812953895024
2019-02-25,0.0013090771548829616,0.003643818557330869
2019-02-26,-0.0029138999501560937,0.0010376393974762532
2019-02-27,-0.0022397567140177515,-0.0006335219580252405
2019-02-28,0.002575491035414868,-0.0023041495817133217
2019-03-01,-0.0030442656924565604,0.006929057254019044
2019-03-04,-0.00522832386905719,0.00017169612273026935
2019-03-05,0.0035438635539417227,0.0007455341762427903
2019-03-06,-0.0067169026411032584,-0.005671831371735547
2019-03-07,-0.009024776912543128,-0.0122725169917548
2019-03-08,-0.0009472285652460549,-0.001516423832695457
2019-03-11,0.019623482932112638,0.02079784902448467
2019-03-12,0.002424801271869668,0.0054944448302169935
2019-03-13,0.008518213544992222,0.0075130682376078894
2019-03-14,-0.001401727856564933,-0.001694880752164285
2019-03-15,0.011104114272666972,0.009281054373105668
2019-03-18,0.00134006081302507,0.0023812152448909885
2019-03-19,0.0021437340916722813,0.00336245385020284
2019-03-20,-0.002949713314908871,0.003965194884382184
2019-03-21,0.017714006613859277,0.015632137952428904
2019-03-22,-0.017536072972405527,-0.021964072848042915
2019-03-25,-0.0005605742196894392,-0.0019042132176907423
2019-03-26,0.00942948100158699,0.004657144908439381
2019-03-27,-0.005077858013004207,-0.006423009525231671
2019-03-28,0.002368074015001527,0.002304805829680845
2019-03-29,0.008882107179382105,0.007571215155532496
2019-04-01,0.016361038070373337,0.013247261155242107
2019-04-03,0.007695072893766654,0.0057463596112063975
2019-04-04,-0.006892862546204845,-0.0003811962687102488
2019-04-05,0.01249027135750724,0.005171415317164474
2019-04-08,-0.0012665844678891452,0.0025452568875472537
2019-04-09,-0.00713358836840859,-0.003511313468155808
2019-04-10,0.005682410542319041,0.005366707160676221
2019-04-11,5.650724099739189e-05,-0.002372308746282803
2019-04-12,0.007412836930242461,0.004323435945483123
2019-04-15,-0.007402048962368687,0.0001614330527710539
2019-04-16,0.0040190160291867305,0.0034435775942085467
2019-04-17,-0.0026336619188700623,0.003485178646765563
2019-04-18,-0.0010502940709763422,0.0012824404890978691
2019-04-22,-0.004110471973292947,0.002828184620725871
2019-04-23,0.01283928831589376,0.012718250486619675
2019-04-24,0.006708524647398321,-0.003152572939887577
2019-04-25,-0.0025327068824407815,0.004058480915601903
2019-04-26,0.010614879606300066,0.0008924834794055148
2019-04-29,-0.000996772806968897,0.0019409774890184472
2019-04-30,0.004011104407949234,-0.007747953120538775
2019-05-01,-0.01220521075040055,-0.0032181098803957253
2019-05-02,0.0057588250176477266,-0.00434049428970773
2019-05-03,0.019623087399988144,0.01594831644956307
2019-05-06,-0.01862409426944262,-0.006122111291900434
2019-05-07,-0.02698533168863679,-0.019479641341602516
2019-05-08,-0.004731019333664323,-0.002523748478308052
2019-05-09,-0.0018310287016971767,-0.005383495104044456
2019-05-10,0.0024901451000313444,0.0012451271780788975
2019-05-13,-0.03920925978984583,-0.03470286717338311
2019-05-14,0.021366246317170965,0.010975472927769792
2019-05-15,0.015231910994146185,0.014124401856514757
2019-05-16,0.007753609610094982,0.010049720548456653
2019-05-17,-0.01754663320194951,-0.010219949611518508
2019-05-20,-0.024170249308699633,-0.01688139636368191
2019-05-21,0.013306898945876458,0.010447148719400001
2019-05-22,-0.007000909551550448,-0.004454576708869951
2019-05-23,-0.018118335405484742,-0.01530238913886961
2019-05-24,0.0004499250437229527,-0.0005047151537845851
2019-05-28,0.0031484922986782173,-0.003760878785399213
2019-05-29,-0.018998933411302377,-0.008225509660418906
2019-05-30,0.007958231394684408,0.004203641552765314
2019-05-31,-0.014678057533690026,-0.015952904113678668
2019-06-03,-0.016983083400183775,-0.022017921559804976
2019-06-04,0.027385138376069006,0.028156624703787214
2019-06-05,0.009663018774143172,0.007432322509569156
2019-06-06,0.009751684107417329,0.007945309479341578
2019-06-07,0.01439009734202108,0.019311900854512398
2019-06-10,0.008202843997749103,0.011654590768084505
2019-06-11,-0.005588101303348577,0.0013650186109672724
2019-06-12,-0.0036504099700656245,-0.005779601955123614
2019-06-13,0.000799492427420032,0.005923085510090242
2019-06-14,-0.006704902944896745,-0.004252754563984662
2019-06-17,-0.003588486937681227,0.006022975156806831
2019-06-18,0.010833612455993695,0.014531313621431563
2019-06-19,0.012461126890777214,0.003755107950816239
2019-06-20,0.004972029956472725,0.009299660392328102
2019-06-21,-0.007523266880159754,-0.0014827539160248149
2019-06-24,-0.0036266928302150607,3.15642765980062e-05
2019-06-25,-0.01735765312398146,-0.017166036019947817
2019-06-26,8.517171766732462e-05,0.004650428720789579
2019-06-27,0.008250584844140799,0.003821464096562366
2019-06-28,0.006113627882766666,0.0012867957117934647
2019-07-01,0.014893944806733082,0.013494713766147193
2019-07-02,-0.00019265524830307243,0.00396291978384844
2019-07-03,0.008185997693850054,0.00752608473023364
2019-07-05,-0.0022214600558983317,-0.0020374472908077923
2019-07-08,-0.0029858994442350222,-0.007013592732035612
2019-07-09,0.006802270611281004,0.005007270968266253
2019-07-10,0.008916229668900278,0.009965728986141453
2019-07-11,-0.0005170045084502534,-0.0007271795863914576
2019-07-12,0.008973265472622999,0.00576860627432163
2019-07-15,0.003090539333805427,0.003203558170718601
2019-07-16,-0.009504276243444654,-0.005150645376503782
2019-07-17,-0.0007193459949874482,-0.004918586043192397
2019-07-18,0.008368758285705328,0.0011448633418014165
2019-07-19,-0.010486270461854868,-0.007327840719423162
2019-07-22,0.00798794554773377,0.007957973810946983
2019-07-23,0.0053381193652885656,0.006544151329705539
2019-07-24,0.013305547247839136,0.007018002159662418
2019-07-25,-0.010305149748496428,-0.009479792510686313
2019-07-26,0.00727873382507205,0.010294750561965271
2019-07-29,-0.0023907875650986997,-0.003430903008728281
2019-07-30,-0.006040477036860711,-0.004315999329635778
2019-07-31,-0.01925144618654997,-0.013830059487202062
2019-08-01,-0.012597621664987223,-0.004971432213381699
2019-08-02,-0.012301381935194146,-0.014725169612070821
2019-08-05,-0.03814936527458611,-0.03533478485369468
2019-08-06,0.02456330910163042,0.01399881929305713
2019-08-07,0.008220044750417144,0.0054018658580692325
2019-08-08,0.03426267714835952,0.02176431698641612
2019-08-09,-0.006753492204632916,-0.00940229162565187
2019-08-12,-0.019432615685027545,-0.011475007120630099
2019-08-13,0.019164018765784878,0.02191479197421531
2019-08-14,-0.030551608812983553,-0.029884950702972368
2019-08-15,0.0025977754462640596,-0.0011488249654557636
2019-08-16,0.017071134355597675,0.016050377485803846
2019-08-19,0.009383808845617887,0.015904704984220475
2019-08-20,-0.003068297840668543,-0.007748130680570009
2019-08-21,0.011470605284968923,0.008878337827310734
2019-08-22,0.002377796745326808,-0.0032338250660081114
2019-08-23,-0.03799063717240943,-0.031645473403850155
2019-08-26,0.015034136264688748,0.015104176342261688
2019-08-27,0.003869215319769437,-0.002110425888807388
2019-08-28,0.00601395219047103,0.0035786856225763497
2019-08-29,0.016604200340265808,0.015289531021413838
2019-08-30,0.0019710581126120693,-0.00239418351902998
2019-09-03,-0.00874890344992774,-0.009708477994308518
2019-09-04,0.014816984697277732,0.014435879179700795
2019-09-05,0.016814272241045227,0.018318841948343545
2019-09-06,0.0033486123273773556,-0.0009906286070090475
2019-09-09,-0.012861087322707953,-0.00208757141190008
2019-09-10,-0.011807039824791157,-0.0028770694821416143
2019-09-11,0.005386899307877188,0.00938961661300608
2019-09-12,0.006545580753677347,0.00415732974971772
2019-09-13,-0.004212596881377091,-0.00357094312574735
2019-09-16,-0.006400817406768311,-0.004466789019517803
2019-09-17,0.00997854735830052,0.004800063889288664
2019-09-18,0.0016349424706332152,-0.0004154566700704798
2019-09-19,-0.0006957982300923256,0.001662022489185011
2019-09-20,-0.01249515945605692,-0.01057861567582763
2019-09-23,0.003620315883141133,0.0004410981279376891
2019-09-24,-0.009827572501138495,-0.013281016094896403
2019-09-25,0.013015546690328965,0.011225247803348326
2019-09-26,0.0013581582889362828,-0.0036826772933026275
2019-09-27,-0.016950969848306772,-0.012409025804989593
2019-09-30,0.006271745737337319,0.009517444071893033
2019-10-01,-0.010368279188868958,-0.008156200463214858
2019-10-02,-0.01619761901245777,-0.017194704692038987
2019-10-03,0.011110764930532886,0.01097534020627089
2019-10-04,0.019306082938229826,0.014725716935230393
2019-10-07,-0.005223214645922943,-0.0030189373521817275
2019-10-08,-0.015704449075673595,-0.014981110707569356
2019-10-09,0.014523967180215416,0.009762132474545382
2019-10-10,0.00716215374432412,0.007743920590660647
2019-10-11,0.008867798533849365,0.012879056207252937
2019-10-14,-0.0011101034267079343,-0.00010440113386767091
2019-10-15,0.012457308934696468,0.012716456970423895
2019-10-16,-0.011361804302217225,-0.002480482882620816
2019-10-17,0.004327833223903762,0.002642056402071491
2019-10-18,-0.002660373056453271,-0.009609828689801536
2019-10-21,0.003812590487170065,0.008868242335516863
2019-10-22,-0.015876711166729042,-0.007963122894648178
2019-10-23,-0.004823280591037797,0.001928720682190077
2019-10-24,0.023754501434433674,0.009728260515589282
2019-10-25,0.013142527321402264,0.007986088033458794
2019-10-28,0.011358836556366814,0.009864961872340539
2019-10-29,-0.007347286800881735,-0.007744032393002587
2019-10-30,0.003474897726824681,0.004845943678535525
2019-10-31,-0.01523275824882824,0.00045694823580966215
2019-11-01,0.016335288281864802,0.00908252286190403
2019-11-04,0.00741396658996641,0.006184913732032227
2019-11-05,-0.00380017386027896,0.000549715298004072
2019-11-06,-0.0014349757197922542,-0.002247520615266896
2019-11-07,0.005039190153417781,0.0033539644284770187
2019-11-08,0.0010283489250577033,0.0039914258786024615
2019-11-11,-0.001441915045671344,-0.0013416454025532154
2019-11-12,0.002825693486905445,0.0028860155171535062
2019-11-13,-0.002301579369896322,0.00024832115867701177
2019-11-14,0.0012072321496941069,-0.0007939902016893541
2019-11-15,0.00902900265789547,0.007347727776964907
2019-11-18,0.0001678026327233959,0.0007885126453732738
2019-11-19,-0.005651978722664051,0.0014771402633178
2019-11-20,-0.006138889537666186,-0.005998888635806443
2019-11-21,-0.010811643856954132,-0.0022261081818331085
2019-11-22,-0.0001628216216447989,0.0006445885907817583
2019-11-25,0.019034627355375842,0.011841750066074352
2019-11-26,-0.006453337885596924,0.0019095930901411595
2019-11-27,0.008168303391606516,0.006988935044612399
2019-11-29,-0.006413195867794764,-0.004562138816576078
2019-12-02,-0.011361335577179853,-0.010239109061906948
2019-12-03,-0.011095650755333671,-0.007832372290971779
2019-12-04,0.010335952488678352,0.005064284140622544
2019-12-05,0.0061632135404535915,0.0019761126946333807
2019-12-06,0.01125282587598143,0.010698264408278702
2019-12-09,-0.0058940306509163735,-0.004536504704411692
2019-12-10,0.008434219333558902,-0.0008327996317789577
2019-12-11,0.01478654178230065,0.005296851322635243
2019-12-12,0.016313713719066692,0.0074640839666151315
2019-12-13,-0.00013944542866812265,0.003292375162093686
2019-12-16,0.014687260210586913,0.010039298845388567
2019-12-17,0.003839371913791658,0.0005735630594494445
2019-12-18,0.0011905343869018344,0.0007639591703405557
2019-12-19,0.00973936656506962,0.006251530495486435
2019-12-20,0.009466241594159628,0.004031113437633627
2019-12-23,0.0046488853877990075,0.0026414872034061787
2019-12-24,0.0037006554799560235,0.0005191710673146943
2019-12-26,0.0020763264926195366,0.008824238513293725
2019-12-27,-0.003080172774851972,-0.0008420342553500104
2019-12-30,-0.008025787285853478,-0.006553991869860942
2019-12-31,0.0032618807542730264,0.0018849122295592213
2020-01-02,0.014665999973883685,0.01669748601303489
2020-01-03,-0.009377507959676793,-0.009160236543854228
2020-01-06,-0.0017919933305613539,0.00644330087195355
2020-01-07,0.014174266463770553,-0.00013908889438252192
2020-01-08,0.008941122326559222,0.007516247270477283
2020-01-09,0.003839059224034781,0.008473492581406727
2020-01-10,-0.0035431642990481427,-0.0025571042938511424
2020-01-13,0.016803114942441244,0.011536686463141876
2020-01-14,0.0006061577442957572,-0.003937542109735959
2020-01-15,-0.0030427211604743013,0.000409056142290698
2020-01-16,0.007894485084795138,0.009583571127632862
2020-01-17,-0.0013164945960812149,0.004948802802057006
2020-01-21,-0.004513149177215133,-0.0004477529315605189
2020-01-22,0.00789672642930756,0.0026421112130092794
2020-01-23,0.002225448708811592,0.003216271722795927
2020-01-24,-0.016713735970892804,-0.008415355827605775
2020-01-27,-0.030712407606403532,-0.020655555088486488
2020-01-28,0.018976673787216312,0.015360137770684235
2020-01-29,-0.0044845493501990425,0.0016256018618621138
2020-01-30,0.006779878395868078,0.0035615370537946944
2020-01-31,-0.023713175067294402,-0.015858187882074604
2020-02-03,0.026689011371934912,0.015109502023094024
2020-02-04,0.03336542547295323,0.022888454932405544
2020-02-05,-0.006792122338650883,0.003297454780350151
2020-02-06,0.00750847980869545,0.008631900247253244
2020-02-07,-0.012334247023438523,-0.0043006192114019015
2020-02-10,0.01652613519035319,0.012085437574832048
2020-02-11,0.0095139402329878,0.00017240079387548235
2020-02-12,0.009110397614954892,0.009741044661420784
2020-02-13,0.005493564458362755,-0.0012806827572025004
2020-02-14,0.0020658755219170578,0.002863451412264073
2020-02-18,-0.0014165534796373779,0.00038380800622817013
2020-02-19,0.02222872612770505,0.009585388366072145
2020-02-20,-0.01867881740459856,-0.009283519350930525
2020-02-21,-0.024562337929870847,-0.019209331337778912
2020-02-24,-0.040686450837086295,-0.038563702486821505
2020-02-25,-0.024680400578415956,-0.027191667002970266
2020-02-26,0.010237352393595574,0.005154133156332952
2020-02-27,-0.05070108346965359,-0.05007395312931906
2020-02-28,0.0076998386448477165,0.0007780532090579939
2020-03-02,0.045086858364512615,0.051603496750131095
2020-03-03,-0.02717940101702203,-0.032067322730883974
2020-03-04,0.04975090292518348,0.04172223549558263
2020-03-05,-0.025945606091996982,-0.03038214441487952
2020-03-06,-0.019274629962183116,-0.01687229401317558
2020-03-09,-0.07421134310798229,-0.06946430629348033
2020-03-10,0.04585298636282013,0.05445042345500384
2020-03-11,-0.04141903216143134,-0.043554768484917794
2020-03-12,-0.09772612606907503,-0.09169164038206223
2020-03-13,0.08527779051088852,0.08470563348993543
2020-03-16,-0.12020340745228679,-0.11978778584721039
2020-03-17,0.06629349623467681,0.07584149497150428
2020-03-18,-0.03667585115077889,-0.030416063958843442
2020-03-19,0.020169766834758178,0.006002245738201406
2020-03-20,-0.037649187863526036,-0.03917603899009969
2020-03-23,0.011411689700727557,0.0007221126264103095
2020-03-24,0.06118195648738597,0.07743765106442857
2020-03-25,-0.016118281931241384,-0.007405083808093682
2020-03-26,0.05254890550387179,0.05266045768993832
2020-03-27,-0.04267076317390404,-0.03439292814430395
2020-03-30,0.03932650332106762,0.03637361990727905
2020-03-31,-0.0027306658139147665,-0.008539867601691009
2020-04-01,-0.03510289517612126,-0.04248964293871693
2020-04-03,-0.011779399206970282,-0.01419237080432878
2020-04-06,0.055147297987038955,0.07149451313153277
2020-04-07,-0.010297618871354547,-0.00040718093699321223
2020-04-08,0.013384493711353787,0.021232409668436647
2020-04-09,-0.002326390561442752,0.0014457938625394018
2020-04-13,0.026862774273731464,0.010803563284932372
2020-04-14,0.04439083211477418,0.04349126728511732
2020-04-15,-0.008425316069444841,-0.011470159374884936
2020-04-16,0.03543116784965187,0.018240008414616815
2020-04-17,0.005810118398397483,0.009566288919077737
2020-04-20,-0.0015427994986853706,-0.0118442412318005
2020-04-21,-0.037019969069945736,-0.03689966504006725
2020-04-22,0.022068254307542032,0.029674534113272255
2020-04-23,-0.005255784192584315,-0.0021331753646667284
2020-04-24,0.015154196851674592,0.01577044678072914
2020-04-27,0.007852492085783355,0.00804339437869328
2020-04-28,-0.029506413430831505,-0.01883450660870567
2020-04-29,0.017128786716438287,0.03546104635065617
2020-04-30,-0.006699961495269215,-0.0004110638353674867
2020-05-01,-0.03313039620793424,-0.028184913945285217
2020-05-04,0.028662346913732144,0.01165747200081646
2020-05-05,0.014208035989640301,0.011336911679354245
2020-05-06,0.01528953712137188,0.006156578281637293
2020-05-07,0.022122015503234862,0.012876709742746018
2020-05-08,0.013828434241660893,0.01370473234825309
2020-05-11,0.015802905648345068,0.008938885975046107
2020-05-12,-0.019063313155657513,-0.02093728579611087
2020-05-13,0.0006852387404784845,-0.012515467441754136
2020-05-14,0.006945813067629378,0.01135237914356435
2020-05-15,0.016190884764362135,0.0064914066540191495
2020-05-18,0.009438050726582294,0.018631973225955667
2020-05-19,0.0017981420005969133,-0.00250630444185429
2020-05-20,0.013484228099362748,0.019968517182383128
2020-05-21,-0.016705680560299575,-0.01089082355319182
2020-05-22,0.0012158358665250067,0.0034515729056698863
2020-05-26,-0.01525638174172857,-0.0026996379183044095
2020-05-27,-0.003704732902799357,0.005457570687962043
2020-05-28,0.005459404445929352,-0.0013025812693197025
2020-05-29,0.036435519975260455,0.014652740713967383
2020-06-01,0.01214713899261571,0.002999664472506991
2020-06-02,0.007884410155989416,0.0067076720410517154
2020-06-03,0.00441389558243377,0.0044984399809542275
2020-06-04,-0.013820780759540574,-0.007013348215425652
2020-06-05,0.015012068999588702,0.01982733877673515
2020-06-08,0.005474095950142917,0.007760074307744391
2020-06-09,0.009535618656620197,0.007244926842916888
2020-06-10,0.023158817709347527,0.012001688871478455
2020-06-11,-0.04344946017307331,-0.0495492426793791
2020-06-12,0.0025271330017923588,0.007948022724279413
2020-06-15,0.02313008629225727,0.012167225903266798
2020-06-16,0.010889538929064399,0.01717270202166077
2020-06-17,0.005322891576436497,0.0031706826893020956
2020-06-18,0.005727563645888083,0.0027090734301720154
2020-06-19,0.009822415376321897,-0.0001638816581932545
2020-06-22,0.01481097193650575,0.011992844621054877
2020-06-23,0.005040790762396859,0.008510976250740931
2020-06-24,-0.017516982126727972,-0.020615572985069885
2020-06-25,0.01396035483928713,0.00951942294117658
2020-06-26,-0.016464534260368747,-0.023615153629943486
2020-06-29,0.002152520556814261,0.010906787222074499
2020-06-30,0.019837775904226734,0.019601472192640967
2020-07-01,0.010091032423674862,0.011672076154975342
2020-07-02,0.015416796982729545,0.006786575260024907
2020-07-06,0.023943924435236755,0.02458482497607406
2020-07-07,0.0036764092911658573,-0.0068888363115560125
2020-07-08,0.016363764204964267,0.013171478011738236
2020-07-09,0.014663456445449655,0.008423549367312821
2020-07-10,0.004507799100526374,0.006827466246141611
2020-07-13,-0.03702539180721629,-0.020570505833626962
2020-07-14,0.009719433258997448,0.007078041729805529
2020-07-15,-0.005788501372351363,0.0020356894203923392
2020-07-16,-0.009016818785603295,-0.006822502042542311
2020-07-17,0.0055746688584787886,0.0011576507841211114
2020-07-20,0.036331110617458605,0.028370847647323894
2020-07-21,-0.01780755876319499,-0.010420425924281385
2020-07-22,0.0001980972526869223,0.00352278064819167
2020-07-23,-0.024603287141162396,-0.026120002892048744
2020-07-24,-0.012582105424655005,-0.00949580773892389
2020-07-27,0.028455495220685682,0.017842977067984656
2020-07-28,-0.015422088298619328,-0.012724810670850406
2020-07-29,0.017304477524691088,0.011526128307556727
2020-07-30,0.009585006701701697,0.005235475418436941
2020-07-31,0.009901144883635292,0.017845432563032615
2020-08-03,0.020827258029113435,0.013506568196855584
2020-08-04,0.00826897829607679,0.0037125266548396763
2020-08-05,0.006033107508536541,0.0024777870151841963
2020-08-06,-0.004795655145063382,0.01324504388901282
2020-08-07,-0.017857855398151597,-0.011542334396408838
2020-08-10,-0.01918167893538164,-0.0042730212209699525
2020-08-11,-0.026530530429739574,-0.01894130023260976
2020-08-12,0.031272503258903836,0.02515159755543106
2020-08-13,0.00904576905947227,0.0022806203704595074
2020-08-14,-0.0012210825442906957,-0.0011743675012958477
2020-08-17,0.029950443370717967,0.01161070219154281
2020-08-18,0.0053409016751522894,0.009625067055297531
2020-08-19,-0.0038580022841836416,-0.0067270606822718015
2020-08-20,0.015221358504358148,0.013871696986792026
2020-08-21,0.004700029777604086,0.00693014427624683
2020-08-24,0.0007799406681927358,0.006244130689277538
2020-08-25,0.01199066843625023,0.007862640494742168
2020-08-26,0.01890066407351389,0.021339126835239197
2020-08-27,-0.012441421724904332,-0.003117110310225324
2020-08-28,0.005093135684765059,0.005084998944616892
2020-08-31,0.013816577814137553,0.008033535060208541
2020-09-01,0.04550743649221367,0.01709181092447265
2020-09-02,-0.0007512731754209178,0.009469113065170065
2020-09-03,-0.06351627141795962,-0.05070028815684924
2020-09-04,-0.019747484860242966,-0.01332626387565583
2020-09-08,-0.05345609522239041,-0.04806382765750361
2020-09-09,0.035332982581143944,0.029375843559132475
2020-09-10,-0.016589642130679448,-0.019936476191609986
2020-09-11,-0.009295954410750979,-0.00694016023424926
2020-09-14,0.027078444929302083,0.01741585827904446
2020-09-15,0.011813028081519567,0.014173376378995961
2020-09-16,-0.01776890009553994,-0.01594656262845362
2020-09-17,-0.01635973462603981,-0.015622174904663777
2020-09-18,-0.005302265099651442,-0.01276265102969587
2020-09-21,0.016175082652159806,0.0023982270473499323
2020-09-22,0.016186005571649942,0.018578742399739223
2020-09-23,-0.027424059101180787,-0.030534306573394066
2020-09-24,-0.0018674609874261199,0.004656091408017371
2020-09-25,0.028834519219963106,0.02324883488727192
2020-09-28,0.01824245255753302,0.020769033011327043
2020-09-29,-0.005343893626004918,-0.004509172970511344
2020-09-30,0.00943765099571223,0.006849025739759984
2020-10-01,0.017277077118112428,0.015872009753434835
2020-10-02,-0.027409847626627615,-0.0281304110950491
2020-10-05,0.022981244872379045,0.02132582489357393
2020-10-06,-0.012416248180027494,-0.01784668884069429
2020-10-07,0.022309050626744285,0.017298984277616114
2020-10-08,0.0015440266460885006,0.005322861834515802
2020-10-09,0.013741631053240385,0.015280165474671703
2020-10-12,0.022829846650608047,0.030870390210359533
2020-10-13,0.003464388570849369,-3.380108978567886e-05
2020-10-14,-0.00647882942009871,-0.008352681367428616
2020-10-15,0.0006424333554939313,-0.006710814300554091
2020-10-16,-0.00031148143843156905,-0.005480985530502247
2020-10-19,-0.01575328645423346,-0.01632533746361542
2020-10-20,0.004530274005559401,0.002149369048841443
2020-10-21,-0.0075641245913217504,-0.0007736286562510797
2020-10-22,0.009243723659314518,-3.5030917556189145e-05
2020-10-23,0.007089602378809304,0.0019703364205596596
2020-10-26,-0.015757961195762445,-0.014995917265431036
2020-10-27,0.005152690238852722,0.007808457959010973
2020-10-28,-0.03088296827091338,-0.03898678126860988
2020-10-29,0.016732688273577764,0.01748615500594397
2020-10-30,-0.03464441614659128,-0.025362873902031402
2020-11-02,0.010817741307716055,0.0022278200682976923
2020-11-03,0.02590212109673997,0.017297387497140937
2020-11-04,0.04604114093680448,0.04463860168246758
2020-11-05,0.034288861650725186,0.026070993542178345
2020-11-06,0.006673445276481153,0.0007472950551605795
2020-11-09,-0.04274227713713912,-0.020434052790874846
2020-11-10,-0.03188278945353093,-0.017914219730542746
2020-11-11,0.03224923709243875,0.02236952941953252
2020-11-12,0.004276921140540448,-0.004693714727826315
2020-11-13,0.01311009614445233,0.008772550762291775
2020-11-16,0.007024127775267805,0.007802552633363158
2020-11-17,-0.004683830431566555,-0.003172051647245877
2020-11-18,-0.0019843585841910123,-0.007390368989187768
2020-11-19,0.01816519719965335,0.007824390322302754
2020-11-20,0.00443057677138885,-0.006840209280384202
2020-11-23,0.012331806820691736,3.4718142388534545e-05
2020-11-24,0.006972786125840058,0.014049944436627104
2020-11-25,0.010995847947443722,0.006146418275050802
2020-11-27,0.02217911631184451,0.009214558741230228
2020-11-30,0.01364246318450474,0.0020400349214531044
2020-12-01,-0.003347839761467149,0.012815897079148098
2020-12-02,0.0055186343217167024,0.0012853681275215578
2020-12-03,0.013333906239069724,0.0014151900521750527
2020-12-04,0.015932133674174488,0.004075152019664019
2020-12-07,0.0023520206791785804,0.0056626095665042175
2020-12-08,0.009489870307835565,0.0033846487328510477
2020-12-09,-0.034959326517868726,-0.02264108832881717
2020-12-10,0.00915715238280326,0.004015781654903128
2020-12-11,-0.011022279808340894,-0.002214545224679232
2020-12-14,0.0037732099799828046,0.007255386039975553
2020-12-15,0.009958689218466796,0.010689306331278736
2020-12-16,-0.0038955302684469577,0.005499684636766311
2020-12-17,0.008278799824255239,0.006537666422804955
2020-12-18,0.0017560748020121722,-0.0030226124598127235
2020-12-21,-0.007406498285297272,-0.001870601330758559
2020-12-22,-0.0067153887641947345,0.0027190330788544603
2020-12-23,-0.004376276680584447,-0.005036012489270325
2020-12-24,0.0054706922778305885,0.004412552484834853
2020-12-28,-0.00819948583957707,0.010078735678015205
2020-12-29,0.009410583585235312,0.0008955127509489014
2020-12-30,0.0193195485612265,3.195398304889352e-05
2020-12-31,0.0008801344993497728,0.0024605790379124137
2021-01-04,-0.01828713790336545,-0.014120217304122273
2021-01-05,0.021149681547331906,0.008244012019425151
2021-01-06,-0.017714382275567795,-0.013852409101254182
2021-01-07,0.0269279306034787,0.024192135781744062
2021-01-08,0.020646330461960613,0.01285816906773074
2021-01-11,-0.009981159505404395,-0.014450410371466882
2021-01-12,0.013158395658517192,-0.0015900804901984866
2021-01-13,0.0005803501391772963,0.00675332772743209
2021-01-14,0.018881782402283585,-0.005347296132282686
2021-01-15,-0.016365464597476592,-0.007921358245532528
2021-01-19,0.02355160154062718,0.014589943097749636
2021-01-20,0.004330826739965252,0.02326080649667439
2021-01-21,0.0021736739156187307,0.007999859356794259
2021-01-22,-0.00730677839022742,-0.0028802498843939484
2021-01-25,0.013819844244740689,0.008266212654237215
2021-01-26,-0.019381076676470807,0.0014628745854603498
2021-01-27,-0.04334932723064947,-0.027876709641174946
2021-01-28,0.018601339718618024,0.005916780531055155
2021-01-29,-0.018561075444770578,-0.02103820144179913
2021-02-01,0.03126259355567712,0.024987278422104353
2021-02-02,0.02330728920367716,0.016314155489859594
2021-02-03,-0.012304433215003739,-0.0039674111816695445
2021-02-04,0.020470578881219913,0.011826696842999196
2021-02-05,0.0037281520017499454,0.00339139060632232
2021-02-08,0.013154933260529503,0.0066997813685623075
2021-02-09,0.006432571982252208,-0.00020956858285070545
2021-02-10,-0.00010894485487213827,-0.002278958515298468
2021-02-11,0.02492889028782796,0.005499609965453622
2021-02-12,0.014011215092289302,0.005589086355820561
2021-02-16,0.0016172822325466352,-0.002704796906560336
2021-02-17,-0.020848330033692304,-0.004798388578189372
2021-02-18,-0.011711550094780658,-0.004371937106034562
2021-02-19,0.021021238970428843,-0.004361339776640882
2021-02-22,-0.045789454558269514,-0.025919758892680167
2021-02-23,-0.006935261518572999,-0.0029772949441383423
2021-02-24,0.013129826532857311,0.008243191160099972
2021-02-25,-0.04954985033159909,-0.03486288164324702
2021-02-26,0.014409513105270541,0.004187812309126349
2021-03-01,0.034415128756105924,0.030081982434266186
2021-03-02,-0.030710313934930667,-0.016038839887990375
2021-03-03,-0.044790250218959236,-0.02901993985657192
2021-03-04,-0.03603185465529841,-0.016367042295698853
2021-03-05,0.025031870739911585,0.015060901304561058
2021-03-08,-0.04702819267787681,-0.028314196667546865
2021-03-09,0.051848474477380946,0.03944111569684705
2021-03-10,-0.020349320906418587,-0.002854759783896821
2021-03-11,0.04810606957887599,0.023031627506773233
2021-03-12,-0.013175193189525331,-0.008112445431039172
2021-03-15,0.01722164585873323,0.010683055626057092
2021-03-16,0.00825509890446252,0.005488697457437075
2021-03-17,0.0025570905218315885,0.004117668639895822
2021-03-18,-0.040689622063464076,-0.030630629222435646
2021-03-19,0.00559070319258117,0.0035252005632420147
2021-03-22,0.013687637861818615,0.01875313518857813
2021-03-23,-0.0309007613629752,-0.004362462749906926
2021-03-24,-0.01849934835850672,-0.016865319817315094
2021-03-25,0.0006974085262944026,-0.0017315771431011262
2021-03-26,0.021198412545360423,0.015000380328559437
2021-03-29,-0.017186227303706905,-0.00028485744157269455
2021-03-30,0.004661764639716607,-0.005033053773363605
2021-03-31,0.019493233625802044,0.015302742902628008
2021-04-01,0.02737797400101984,0.017046445427479018
2021-04-06,-0.0010031602064855712,-0.0006946638394359494
2021-04-07,-0.007687328742519036,0.0024182030086694617
2021-04-08,0.01097490513263712,0.010433680014555025
2021-04-09,0.0017564650777917722,0.006058303650607444
2021-04-12,-0.007663053083593292,-0.0013051907535960305
2021-04-13,0.0048648441357687046,0.011672883497485964
2021-04-14,-0.0041281561034163675,-0.012008118835016734
2021-04-15,0.008077877051495342,0.015155505893491572
2021-04-16,0.004281777896125557,0.0011711411620445311
2021-04-19,-0.016699502410948988,-0.009151820377215847
2021-04-20,-0.01690731221774211,-0.007288650273428621
2021-04-21,0.02827818320631377,0.008560817327217585
2021-04-22,-0.013020345635371366,-0.01205448079902205
2021-04-23,0.0203553311670224,0.01258938406466581
2021-04-26,0.007640162130505545,0.006511059102916716
2021-04-27,-0.0016325080508305563,-0.004331994019053376
2021-04-28,-0.0053385489072397836,-0.0033808589551627133
2021-04-29,0.0009486647105542841,0.003598748984687372
2021-04-30,-0.01758102726077048,-0.006554738617300271
2021-05-03,-0.0036166032336711934,-0.0053253724708127725
2021-05-04,-0.015435262089558623,-0.01799578755802156
2021-05-05,-0.003584047772020061,-0.0033623564864664335
2021-05-06,0.010283480254177286,0.007537393679956095
2021-05-07,0.013630077721444332,0.008114260951471719
2021-05-10,-0.03246544891190108,-0.025254018953553836
2021-05-11,-0.002675232296365318,-0.0013815180288633266
2021-05-12,-0.0354748595349453,-0.02588303558886018
2021-05-13,0.011087406662645934,0.007731297925399616
2021-05-14,0.019898720396274328,0.022076979682545517
2021-05-17,-0.004702363787945196,-0.006066503964306191
2021-05-18,-0.0027622554160154833,-0.006750741775123248
2021-05-19,0.0022071083627968322,0.0011483339215851984
2021-05-20,0.01954573322624699,0.01934360381158906
2021-05-21,-0.006227693640774497,-0.0055347494238118244
2021-05-24,0.013561451998882671,0.016818637991041552
2021-05-25,-0.0007883087374806968,0.0013834164208110789
2021-05-26,0.005557906847624929,0.003484136177212882
2021-05-27,0.0015036620555573161,-0.0037412521054589476
2021-05-28,0.0023370847200159194,0.0031542797663393074
2021-06-01,-0.00011638789662589867,-0.003323913071490381
2021-06-02,0.000812080355031243,0.001952870830532527
2021-06-03,-0.009246082118340047,-0.010405465518350532
2021-06-04,0.01881708235265153,0.016969574914518226
2021-06-07,0.0011853092426229795,0.002979349044755386
2021-06-08,-0.005642781652358094,0.000475690383225702
2021-06-09,0.0024435492693060256,0.0002374523101842385
2021-06-10,0.012865448613197435,0.010420525555076221
2021-06-11,0.0017991547850008398,0.0026147847598883
2021-06-14,0.002554758588628744,0.009582789029259686
2021-06-15,-0.00615868491875793,-0.00653091566287467
2021-06-16,-0.007899146065476955,-0.003652382996143344
2021-06-17,0.0009280821180110398,0.01269771184220847
2021-06-18,-0.016265173243913474,-0.007847238460172101
2021-06-21,0.009499077667685306,0.006214839972316533
2021-06-22,0.0061045158348002415,0.009321710567550934
2021-06-23,-0.0001243524133402621,0.0004889354988744099
2021-06-24,0.008632825988348827,0.006182909098651157
2021-06-25,0.0003605337244740584,-0.0012289831287612962
2021-06-28,0.01363842489480361,0.012161589081510105
2021-06-29,0.002843477596627428,0.0036187495947854753
2021-06-30,-0.006016465476007234,-0.001577544100271444
2021-07-01,-0.0002743199262982748,0.00039494278507601344
2021-07-02,0.007172565531154348,0.011478901508639616
2021-07-06,-0.0019958712399974037,0.0043218886849494265
2021-07-07,0.0032542203073070933,0.0021100998854934883
2021-07-08,-0.0044383810056056695,-0.006039802622601731
2021-07-09,0.005639989485306087,0.006243692169292103
2021-07-12,0.003683601263912307,0.0039057713755084045
2021-07-13,-0.0025199024757200207,0.0
2021-07-14,0.002304428562449637,0.0017931999668989729
2021-07-15,-0.006603764326059268,-0.007023525288665677
2021-07-16,-0.0010827703874220767,-0.008099138502273284
2021-07-19,-0.004000887677300257,-0.008193430797811208
2021-07-20,0.013439268686343316,0.011616301174685706
2021-07-21,0.013694849870859775,0.0077203278533717334
2021-07-22,0.009506812602602938,0.0066102588468524015
2021-07-23,0.019970650787922147,0.011677484419849504
2021-07-26,-0.002982989936797832,0.0007874395468465689
2021-07-27,-0.008233869912693174,-0.011017693148042684
2021-07-28,0.006702798969502383,0.003841398715390243
2021-07-29,-0.0019473441465712217,0.001776828611331327
2021-07-30,0.0018820088279342512,-0.005211460487833053
2021-08-02,-0.0005461807402495858,8.209229686850783e-05
2021-08-03,0.016594296672352946,0.006061338734574484
2021-08-04,0.008073936494333557,0.001444947665013352
2021-08-05,0.00436475283427861,0.0063429598201780735
2021-08-06,-0.005738526452095449,-0.00438209543543111
2021-08-09,0.009273574420458973,0.0018475971051812312
2021-08-10,-0.011872757373957708,-0.005125887903447368
2021-08-11,-0.006586429130371382,-0.0017172901382257466
2021-08-12,0.0033117073993758697,0.003604537586579859
2021-08-13,0.003401333729782033,0.0035097336254041878
2021-08-16,-8.939271573530674e-05,0.0004338862711017466
2021-08-17,-0.003232630829974652,-0.00880821191742176
2021-08-18,-0.008825709152342553,-0.009624345912721877
2021-08-19,0.005505228910318169,0.00483117812669831
2021-08-20,0.012825494866080794,0.010358468965277146
2021-08-23,0.011093425272115815,0.014956500255549843
2021-08-24,-0.0009073447839482029,0.003054271163332789
2021-08-25,0.005509177241445688,0.0011489555364851967
2021-08-26,-0.0031143024871551086,-0.006350213163666352
2021-08-27,0.009407542883035382,0.009720425520695297
2021-08-30,0.00818667104096419,0.011222201968267509
2021-08-31,-0.003501580389891481,-0.0008155131809536309
2021-09-01,0.005775609002160303,0.0016581186009745341
2021-09-02,0.001973091072810856,-0.0004729050623097919
2021-09-03,0.009428425213798932,0.0030756258916007084
2021-09-07,-0.005132778259545022,0.0014151987395170096
2021-09-08,-0.003818391176152114,-0.00348041147869127
2021-09-09,-0.0007747716630472318,-0.003440333431731335
2021-09-10,-0.00501579101235497,-0.007589604480614631
2021-09-13,-0.01239142127243528,-0.0006902575470365546
2021-09-14,0.007242488643546404,-0.0028435480069946006
2021-09-15,0.00922146992270231,0.007434823034424776
2021-09-16,0.007953834900198301,0.0006877579092159358
2021-09-17,-0.01446521281598772,-0.011842070347224953
2021-09-20,-0.018049369941630193,-0.020663236276958652
2021-09-21,0.004484825570414968,0.001230504726303483
2021-09-22,0.011051018251559934,0.009340513753075985
2021-09-23,0.0114156438098462,0.009226772767996438
2021-09-24,-0.004265893252142633,0.0009383883245637215
2021-09-27,-0.02299206297792528,-0.007981959276252448
2021-09-28,-0.03766083692691316,-0.028297743907423012
2021-09-29,-0.0025516337749216566,-0.0016395906500578095
2021-09-30,-0.0011853722709328194,-0.003673920978688905
2021-10-01,-0.0036389792118068425,0.0062018663552252384
2021-10-04,-0.026500440277808218,-0.020989559901432697
2021-10-05,0.017257916366474172,0.013499095231806812
2021-10-06,0.005397286787448564,0.006407730418134694
2021-10-07,0.008511331468577122,0.009174928205703203
2021-10-08,-0.009311933539599396,-0.004986666107220761
2021-10-11,-0.007987583428835326,-0.007669588774234071
2021-10-12,0.0022738436544369003,-0.003487533506063234
2021-10-13,0.015281905707082615,0.008007738980507773
2021-10-14,0.018973395726268275,0.018416862717140825
2021-10-15,-0.0002610028529051539,0.006300595366303785
2021-10-18,0.017827365638128107,0.010055631324265457
2021-10-19,0.004442224371050807,0.007567488566903924
2021-10-20,-0.0027661632046558377,-0.0013050645300453079
2021-10-21,0.017706738191873107,0.006107145943230252
2021-10-22,0.004507913897356477,-0.008402700339930513
2021-10-25,0.01651506929307205,0.010237925532810443
2021-10-26,0.005182765479739827,0.003148764987623842
2021-10-27,-0.006768119752364975,0.002321160424818114
2021-10-28,0.007330682249825478,0.01110524600949292
2021-10-29,0.022641992517781873,0.004919008691537385
2021-11-01,-0.0037276897634996157,0.003418870982887512
2021-11-02,0.008315044201027945,0.004181197407453707
2021-11-03,0.003962008442317456,0.01061566935462177
2021-11-04,0.013569905035905732,0.01281859080621528
2021-11-05,-0.017425468550626787,0.0009541408809274898
2021-11-08,0.010365082081447981,-0.0013546498665240048
2021-11-09,-0.0030139200445044654,-0.0068834396194623615
2021-11-10,-0.02623364857026561,-0.01469692608683959
2021-11-11,0.008884820217204395,0.002772928774982697
2021-11-12,0.013516010398377404,0.010522545015618556
2021-11-15,-0.006035055385819538,-0.0002283365862298936
2021-11-16,0.020480843618012397,0.00712094795619489
2021-11-17,-0.0007502295405962967,0.0005286922589990972
2021-11-18,0.009315333238410784,0.010361227150476937
2021-11-19,0.010990539818286104,0.005575638977025177
2021-11-22,-0.019309961380544274,-0.011609308669570217
2021-11-23,-0.004378970498546362,-0.004557914901865856
2021-11-24,0.009239279448248762,0.003220396601995912
2021-11-26,-0.020175065535256956,-0.01895874263261277
2021-11-29,0.03152921444437092,0.0217025332932812
2021-11-30,-0.027381967614550848,-0.014686453496791207
2021-12-01,-0.02453004165980847,-0.01701296326562829
2021-12-02,0.009957562767704826,0.007207240024122541
2021-12-03,-0.012966457041371374,-0.01738875000652995
2021-12-06,-0.006480795731283572,0.008012940054100026
2021-12-07,0.04050368352414339,0.030113860608468324
2021-12-08,0.003533729440015323,0.0044743256196515535
2021-12-09,-0.01979876471091752,-0.01471433307894432
2021-12-10,0.014267723711831532,0.01087040177134213
2021-12-13,-0.01667593313072449,-0.014446897606862463
2021-12-14,-0.01514458468360368,-0.010350407327297861
2021-12-15,0.029620118312723986,0.022797683534881763
2021-12-16,-0.030272974798405586,-0.025714673794443144
2021-12-17,-0.0028166349421892053,-0.004989057981962142
2021-12-20,-0.012033852430772854,-0.00970045901551797
2021-12-21,0.0285416906182751,0.022380448468892755
2021-12-22,0.014813926461329925,0.012178487660408965
2021-12-23,0.00806436563609972,0.007539188287612575
2021-12-27,0.022474228326461114,0.016527153797109673
2021-12-28,-0.009638129556267826,-0.004634788199595952
2021-12-29,0.0014214927620163629,-0.00014931054918776443
2021-12-30,-0.008042060080350959,-0.0029883716009143635
2021-12-31,-0.0022389884599973596,-0.006244656351984679
2022-01-03,0.002635376898642382,0.00962683411768639
2022-01-04,-0.02146671481890487,-0.012970455613062648
2022-01-05,-0.040466361036042627,-0.03072114383841662
2022-01-06,0.007021145198530885,-0.0007025870792223277
2022-01-07,-0.015910788628138006,-0.010832843396050396
2022-01-10,-0.00443564889580843,0.0006580510615326052
2022-01-11,0.017876336097636707,0.015022136468274327
2022-01-12,0.0038093720535606473,0.003965511423294821
2022-01-13,-0.0331724727037566,-0.025016001870615145
2022-01-14,0.009506687008660182,0.006222475178923048
2022-01-18,-0.039013086570946647,-0.0248942732547367
2022-01-19,-0.0123147678386626,-0.010983641726098559
2022-01-20,-0.019948223216918224,-0.012988398213980012
2022-01-21,-0.023335725627373658,-0.027728683705806723
2022-01-24,0.011710035635690499,0.004578161477413412
2022-01-25,-0.02507205158858637,-0.023181572240153603
2022-01-26,0.001273541015628488,-0.0015647929476491074
2022-01-27,-0.02349229461418436,-0.01007042567582972
2022-01-28,0.022453906746168987,0.03136888251922909
2022-01-31,0.031462717777465773,0.03197839722097462
2022-02-01,0.0061317498042783355,0.006803394895863457
2022-02-02,0.007095323980374637,0.008125499447348972
2022-02-03,-0.023131391164698777,-0.04054371058814221
2022-02-04,0.004409095613462853,0.01261492964224753
2022-02-07,-0.0007124359372583935,-0.008044530382847581
2022-02-08,0.019670664677241104,0.011235304495972542
2022-02-09,0.026078027434590378,0.021190680304709497
2022-02-10,-0.0234770086680469,-0.02263253165711754
2022-02-11,-0.04014238552077893,-0.03172165248839587
2022-02-14,0.004580860647558863,0.001239119827242785
2022-02-15,0.03259550615595546,0.024864037530541117
2022-02-16,0.004013469131661466,-0.00025256761698233543
2022-02-17,-0.031221080528924843,-0.029743877973220867
2022-02-18,-0.008108524652507563,-0.011405719738105558
2022-02-22,-0.01888117820124593,-0.010043724388259956
2022-02-23,-0.026216670932222873,-0.025614884704691754
2022-02-24,0.011805985792977307,0.03360435597137634
2022-02-25,0.020838725462928986,0.015507016105118954
2022-02-28,0.007242241917473559,0.0029788818987510624
2022-03-01,-0.026320193230181272,-0.01531132163332316
2022-03-02,0.02326183840066253,0.016779407059675844
2022-03-03,-0.017317224949522373,-0.014284906931284591
2022-03-04,-0.0074673814342189025,-0.014492014139781628
2022-03-07,-0.03057980398286929,-0.03688101196291882
2022-03-08,-0.006717713050119041,-0.004647983147568757
2022-03-09,0.01827394470418338,0.03599780869437286
2022-03-10,-0.005264725674894473,-0.011104519388695056
2022-03-11,-0.011144782292111691,-0.02073850986900938
2022-03-14,-0.007463316950872205,-0.019204772699031647
2022-03-15,0.017266155476237888,0.031366903644174604
2022-03-16,0.01364424433739481,0.037086790140836046
2022-03-17,0.004723503574166054,0.01210625340319682
2022-03-18,0.008480579343453871,0.02046783413186537
2022-03-21,0.0013406328091146004,-0.002780015904376376
2022-03-22,0.010593031638775924,0.01965258018353966
2022-03-23,-0.011443246257564498,-0.014371329112167208
2022-03-24,0.02145819643362983,0.022226557828728177
2022-03-25,0.0024925298572144278,-0.0008338397442404499
2022-03-28,0.011285519692828181,0.015472224160058223
2022-03-29,0.010410077819244022,0.017209741302231407
2022-03-30,-0.013188821356473104,-0.01104556347565333
2022-03-31,-0.0041255669841401095,-0.01239476599963829
2022-04-01,-0.00364537593464221,-0.0019033879719607683
2022-04-05,-0.018325182748652264,-0.02220393588334091
2022-04-06,-0.001771066268503074,-0.021711452660350905
2022-04-07,0.007526795304023768,0.0023781160234990217
2022-04-08,-0.001738477922518289,-0.01397946498221836
2022-04-11,-0.013575384317016829,-0.02365733754369803
2022-04-12,0.0010548479366275095,-0.004224417333920205
2022-04-13,0.014367101516270612,0.02032703670935221
2022-04-14,-0.006607554908757353,-0.02286703117482447
2022-04-18,-0.002915682582329543,0.0007683607887543076
2022-04-19,0.011479743718853772,0.02235090903184278
2022-04-20,0.00791798961778191,-0.014584594530036799
2022-04-21,-0.011939063317251896,-0.020691044479960508
2022-04-22,-0.026107217196701293,-0.026185729663206425
2022-04-25,0.007584373274050697,0.01284551197659578
2022-04-26,-0.018652142681945223,-0.03774486623346496
2022-04-27,0.003916739003487639,-0.0011982247310549088
2022-04-28,0.006827340690999984,0.035515704749486066
2022-04-29,-0.03473236394642466,-0.04499860915105225
2022-05-02,-0.002944940406335749,0.016695980619063633
2022-05-03,0.003932400170520544,0.0010676522280395062
2022-05-04,0.024571829974891542,0.033812048701178155
2022-05-05,-0.03191193936892049,-0.05036399215587939
2022-05-06,-0.009801415406963637,-0.011980849256251425
2022-05-09,-0.020562311179269353,-0.03912668086329629
2022-05-10,0.00025740637058629414,0.012148535539105554
2022-05-11,-0.007048729988960405,-0.029658113502239014
2022-05-12,0.0007894660070105467,-0.0023643880214051505
2022-05-13,0.016669227717311157,0.037060226988830935
2022-05-16,0.002622941673926846,-0.011592024988270944
2022-05-17,0.008265437506252924,0.02590138378260165
2022-05-18,-0.04255893995448413,-0.04909037300454688
2022-05-19,-0.0021551036659203248,-0.005358243919219352
2022-05-20,-0.003171168214992471,-0.003107677853299462
2022-05-23,0.012258078197306522,0.01662706886855103
2022-05-24,0.002851222113287261,-0.021262298673574653
2022-05-25,0.010848742464204935,0.013995750922623174
2022-05-26,0.017985383519457207,0.027706779424548467
2022-05-27,0.01569882652618901,0.03263959355347179
2022-05-31,-0.0108794104654463,-0.0026527441420589604
2022-06-01,-0.004521623607537091,-0.007395870131355453
2022-06-02,0.007922891240310362,0.027385692053337074
2022-06-03,-0.00727771957325751,-0.0260195677951659
2022-06-06,0.007727885393073884,0.0033313076462049285
2022-06-07,0.006251577325773385,0.008625540088269767
2022-06-08,-0.005155535529759437,-0.007196319435519571
2022-06-09,-0.0264942196625173,-0.026784806180662035
2022-06-10,-0.016156850383046633,-0.035270526352824905
2022-06-13,-0.03962533603630803,-0.04649619278312167
2022-06-14,0.00846587896032486,0.0018154929785276774
2022-06-15,0.006321022168029251,0.024971830191282907
2022-06-16,-0.024585084029038983,-0.04034652305319808
2022-06-17,0.007499214690250415,0.01215967385311334
2022-06-21,0.01877391462144322,0.025229648025511642
2022-06-22,-0.004668297885292101,-0.0014586810446607368
2022-06-23,0.014668931542025728,0.014893011812434853
2022-06-24,0.019773744389558905,0.034263527685138184
2022-06-27,0.0003928773272563704,-0.007331740086081062
2022-06-28,-0.01638895580936824,-0.030466655849458624
2022-06-29,0.0036872453668398497,0.0009168870951414831
2022-06-30,-0.004029899813269513,-0.01240307878918201
2022-07-01,0.016836901009884064,0.006600499161496742
2022-07-05,0.001964694668939936,0.017119892993204378
2022-07-06,-0.004215168265028072,0.006411841206038549
2022-07-07,0.006238652268845937,0.021399038431415773
2022-07-08,0.001310000950464991,0.0012542506394468411
2022-07-11,-0.013616080443949187,-0.021364422403220007
2022-07-12,-0.01490399639705481,-0.009687249990609437
2022-07-13,-0.0003889773819368976,-0.0020614931841785866
2022-07-14,-0.0011116899369317543,0.0035712144258801537
2022-07-15,0.008867576244370717,0.018139153069421043
2022-07-18,-0.014701549391932108,-0.00846274040491446
2022-07-19,0.015421193277500602,0.030753251065362086
2022-07-20,0.00047753138883006705,0.015856569230043638
2022-07-21,0.006724019057958592,0.014355186179453971
2022-07-22,-0.007254545385763278,-0.01753543361751142
2022-07-25,0.0012174973630293825,-0.00569550421808851
2022-07-26,-0.00926475046987182,-0.01964910990150348
2022-07-27,0.016217872625668102,0.04225989651416229
2022-07-28,0.026088606514950166,0.009777982775887928
2022-07-29,0.0066864677943682775,0.018236533568248392
2022-08-01,-0.0014919480757333435,-0.000601889414539647
2022-08-02,-0.005168888417892996,-0.0029815724375644725
2022-08-03,0.015832029003143327,0.02723250459838522
2022-08-04,0.0033316882579870434,0.004676582814241659
2022-08-05,0.004586397660915185,-0.008168741606600971
2022-08-08,-0.0006839654152149985,-0.0032325836049696965
2022-08-09,-0.0018821996387887651,-0.011318632946732965
2022-08-10,0.008210201224761796,0.02791097329226333
2022-08-11,-0.0033185096386188087,-0.005676220169572477
2022-08-12,0.015579490791314906,0.01947064212773597
2022-08-15,0.010138069490348421,0.008081453817498474
2022-08-16,-0.004147236957661959,-0.002341875184356801
2022-08-17,-0.009290586441115752,-0.01140608369531515
2022-08-18,0.00046148532084509786,0.002404847494812179
2022-08-19,-0.005936066775043904,-0.01949714012194448
2022-08-22,-0.015896126902890183,-0.02632719951290452
2022-08-23,-0.006563499272035102,-0.0008268959930179953
2022-08-24,0.002240510837448184,0.0028972263842377277
2022-08-25,0.00994148614021111,0.017681756120634606
2022-08-26,-0.030497505253314558,-0.04098803691226838
2022-08-29,-0.0016024606702474185,-0.009855566495924672
2022-08-30,-0.011119101167918852,-0.01113647101506443
2022-08-31,-0.00037793214861339214,-0.005813456973453701
2022-09-01,0.004276363541162336,0.0004342950929867584
2022-09-02,-0.014386894784296979,-0.014128157510449935
2022-09-06,-0.003661595410031915,-0.007182328383752545
2022-09-07,0.019241623117785885,0.02020134810503582
2022-09-08,0.006060473229283998,0.0051843171302334845
2022-09-09,0.00860041265953489,0.02186217022345227
2022-09-12,0.0047150871366929996,0.011885552387325582
2022-09-13,-0.04002207612731236,-0.05483643255062176
2022-09-14,0.008735613248457338,0.00793316692197732
2022-09-15,-0.013789801961572028,-0.016654013024328673
2022-09-16,-0.002532743003545112,-0.006114346019191141
2022-09-19,0.008283001127399797,0.007787243568536439
2022-09-20,-0.009686126081570419,-0.007971029689774367
2022-09-21,-0.017968124692906658,-0.017906134037898314
2022-09-22,-0.005186761487165195,-0.012307730831180974
2022-09-23,-0.011269071323154085,-0.01628173429280655
2022-09-26,-0.006068580754132867,-0.004137747684427984
2022-09-27,-0.002915866265556256,0.00040067031121537866
2022-09-28,0.04039292605076652,0.019892177759200713
2022-09-29,-0.014844131550562838,-0.02882772017771318
2022-09-30,-0.00913169282069087,-0.016956328302227375
2022-10-03,0.028269114165491348,0.023460345973538743
2022-10-04,0.026621464688033277,0.03144082102517021
2022-10-05,0.0020481946986789,-0.0005317119779023605
2022-10-06,-0.00640125138622271,-0.007873015690700425
2022-10-07,-0.02883786264085097,-0.03810420922706459
2022-10-10,-0.0054147634963658585,-0.009996169429268065
2022-10-11,-0.009413744037008176,-0.01373816971458619
2022-10-12,-0.0013190092147421582,-0.00034241590838945957
2022-10-13,0.01867191866513985,0.02345220108702417
2022-10-14,-0.02109870203093726,-0.030057043426683472
2022-10-17,0.025497499174168336,0.03302129442499524
2022-10-18,0.008408332511325842,0.007907698426646181
2022-10-19,-0.007830523745536508,-0.003646485881051875
2022-10-20,-0.007576804704241953,-0.005102096032925885
2022-10-21,0.02363120478395024,0.023447892460085162
2022-10-24,0.002864172483128391,0.011001303489661662
2022-10-25,0.004774153417083019,0.020685928931389652
2022-10-26,0.010609470754446813,-0.02209636973966722
2022-10-27,-0.0027091322770238717,-0.018205962004354537
2022-10-28,0.04465530218027005,0.030600306845335323
2022-10-31,-0.0025693284274197555,-0.011627550292125588
2022-11-01,-0.003395192993603726,-0.01021759531895805
2022-11-02,-0.03424945145944646,-0.034277232120722534
2022-11-03,-0.001961424176480997,-0.019534723924309327
2022-11-04,0.018892018960075738,0.016085107385183317
2022-11-07,0.007421419893556431,0.010994244908538953
2022-11-08,0.007120761815755424,0.00728726506902988
2022-11-09,-0.017295829287327143,-0.023076460923797892
2022-11-10,0.04452181389318699,0.07378861580928664
2022-11-11,0.0008062257108449595,0.018426484001064836
2022-11-14,-0.00048653642127883824,-0.008751411190874747
2022-11-15,0.021933335082880933,0.013838110817916638
2022-11-16,-0.013019957346068142,-0.013649231243391236
2022-11-17,-0.008380638693067124,-0.002206923157658802
2022-11-18,0.009660190030060332,3.4880641506473964e-05
2022-11-21,-4.527911957183603e-05,-0.010286915524985063
2022-11-22,0.008711568944691848,0.014402801857019032
2022-11-23,0.0007203274086944699,0.010036504796679502
2022-11-25,-0.0019807999515021246,-0.006578438743801818
2022-11-28,-0.003139709051561571,-0.014673251836734291
2022-11-29,-0.0012533864629413818,-0.0075694761831271995
2022-11-30,0.03023484995873453,0.04558577819887244
2022-12-01,0.006760747589063768,0.0012269613015682967
2022-12-02,0.00624090881213221,-0.003983214685813974
2022-12-05,-0.016798139638110055,-0.0167835674009289
2022-12-06,-0.01616467526048276,-0.020720317398278176
2022-12-07,0.006606734792299757,-0.004082492303729257
2022-12-08,0.013689199370552196,0.011834540236781876
2022-12-09,-0.018622079697177454,-0.006376331716704264
2022-12-12,0.001876289078486887,0.012551279314907404
2022-12-13,0.009138915328862313,0.010749931462766593
2022-12-14,0.0020769151378831627,-0.007413707331614505
2022-12-15,-0.03358721931098736,-0.033576407808600384
2022-12-16,-0.006411240933990863,-0.009534755660568717
2022-12-19,-0.002859416261973651,-0.014053559572314689
2022-12-20,0.0035634259981351703,-0.0007783364929019321
2022-12-21,0.016515197236254213,0.014506224280653512
2022-12-22,-0.019829515436070175,-0.024465456508708128
2022-12-23,-0.0030517187132564076,0.00224914393473008
2022-12-27,-0.014454961287703683,-0.014138203909274005
2022-12-28,-0.012190205842466998,-0.013202584010577056
2022-12-29,0.016687675525689658,0.02437515005357138
2022-12-30,-0.0024004066435101027,-0.0006005075279740257
2023-01-03,-0.004475584017801642,-0.006759593971668698
2023-01-04,0.012761612021091781,0.004764129372595294
2023-01-05,-0.005032209998583524,-0.015654552788023524
2023-01-06,0.02262501650255161,0.02760151018189827
2023-01-09,-0.0085391394883571,0.006473268799056964
2023-01-10,0.01233778651796436,0.008464466786479274
2023-01-11,0.00023003184103245552,0.017300292572365095
2023-01-12,0.009763479817249461,0.005404152328613243
2023-01-13,0.013311243798150059,0.006880454332654384
2023-01-17,-0.005770392319879224,0.0020286904845492337
2023-01-18,-0.01593911594759542,-0.012999839331052199
2023-01-19,-0.012698201934166766,-0.009824127215683376
2023-01-20,0.01742469690905439,0.027366538865069456
2023-01-23,0.01264113577596712,0.022215991856513906
2023-01-24,0.004060978259752831,-0.002041620502002739
2023-01-25,0.003747677774502429,-0.002219467534644637
2023-01-26,0.015186015487015229,0.01949747094242693
2023-01-27,-0.003649631490599963,0.00995442879886399
2023-01-30,-0.020155980751989287,-0.020219135716051273
2023-01-31,0.010432282200809377,0.014986446160480504
2023-02-01,0.01592865390690738,0.02138334298731981
2023-02-02,0.0019500434748943541,0.03589007124782295
2023-02-03,-0.013120202638746742,-0.017772295276103023
2023-02-06,-0.0009550133850449758,-0.008459172748977006
2023-02-07,0.00975764362029734,0.02071859049850522
2023-02-08,-0.01333888965174341,-0.017781077810788082
2023-02-09,-0.008049750288486202,-0.008837948354779912
2023-02-10,-0.0040272093674124,-0.006563085327729978
2023-02-13,0.014565924687226745,0.016016039571075558
2023-02-14,0.007395583255594392,0.0073893422430424405
2023-02-15,0.004961273201501451,0.007660655971646335
2023-02-16,-0.01792405251358302,-0.01876411230847086
2023-02-17,-0.010239322132873496,-0.007055659928684399
2023-02-21,-0.026122773403267283,-0.023675326781405825
2023-02-22,-0.0047253831536263925,0.0007482986296900584
2023-02-23,0.011691032194916398,0.008734145914495839
2023-02-24,-0.012238790630795741,-0.016744084980219176
2023-02-27,0.008195866747248265,0.007161296785203275
2023-02-28,0.0019448086198257197,-0.0012928535175402711
2023-03-01,-0.0012849718254782734,-0.008039254906069493
2023-03-02,0.017101220317249786,0.008275857359938632
2023-03-03,0.015599362091210694,0.02067378246309204
2023-03-06,-0.007917547731185585,0.0011346675724652755
2023-03-07,-0.00921490883179482,-0.012265787658246041
2023-03-08,0.005502325088740151,0.004994080825354796
2023-03-09,-0.0269850823681313,-0.01732586921434809
2023-03-10,-0.01798112364505189,-0.014043570940250771
2023-03-13,0.0028594268820089025,0.007416221088662134
2023-03-14,0.024319935751880895,0.022979964258495134
2023-03-15,-0.013416085173761198,0.005246016253843022
2023-03-16,0.024142139558373837,0.026360711866742603
2023-03-17,-0.010761116274826926,-0.004726243623611404
2023-03-20,0.0020654256299162876,0.0035488484784849117
2023-03-21,0.009359894840510257,0.01428276986847643
2023-03-22,-0.018552628938399228,-0.013598366508792314
2023-03-23,0.012819097872476379,0.011858392803473006
2023-03-24,-0.005662804978441891,0.0036805135574229375
2023-03-27,-0.003747342756910224,-0.006851411076183478
2023-03-28,-0.006582712301533911,-0.005311720888663163
2023-03-29,0.015797486963297417,0.018233922448712914
2023-03-30,0.014609967860619048,0.009465340158770985
2023-03-31,0.01859846839039546,0.016630784151687283
2023-04-04,-0.00931297435984534,-0.00337337144912353
2023-04-05,-0.021698026087536335,-0.009872432630865013
2023-04-06,-0.00418320507758246,0.006742129289423859
2023-04-10,0.012927363772373631,-0.0005658758157141008
2023-04-11,8.096346386740413e-05,-0.006417866271715034
2023-04-12,-0.013428446566699528,-0.008833710731110611
2023-04-13,0.016448764061591983,0.01958218023184366
2023-04-14,-0.0009825775401228031,-0.0018800222368221542
2023-04-17,-0.006025662545834307,0.0008477203663990185
2023-04-18,0.0029223933961482983,6.2751724407617e-05
2023-04-19,-0.004027817294335422,-0.0004707543266544434
2023-04-20,0.0008289531412546251,-0.007624283559695133
2023-04-21,-0.0014526093312132217,0.0010433428634730735
2023-04-24,-0.000641741008425004,-0.0020845108674086843
2023-04-25,-0.028664545350702838,-0.01886379914063563
2023-04-26,-0.0036389694706536976,0.00606486406541018
2023-04-27,0.011682360592220123,0.027190722969687275
2023-04-28,0.014244140559326855,0.006898718733296727
2023-05-01,0.0023525177631877666,-0.001147085764567568
2023-05-02,-0.015049892738929479,-0.008721528331175232
2023-05-03,-0.013245499049998112,-0.006543991313139763
2023-05-04,-0.007824899612769541,-0.0035297971879526546
2023-05-05,0.018623031925308415,0.021254491525556807
2023-05-08,0.008392091202646215,0.002477528216720648
2023-05-09,-0.004286491128377959,-0.0063332334766401654
2023-05-10,0.0015183104086361372,0.010881516755880893
2023-05-11,-0.002510423129525707,0.0032603502333972134
2023-05-12,-0.0013377704586259188,-0.003586864424911851
2023-05-15,0.00514642992459047,0.0054148866531891215
2023-05-16,-9.303073300958364e-05,0.0011322378432274682
2023-05-17,0.0149356891811352,0.012104220638321284
2023-05-18,0.031915799358983164,0.01857346092239842
2023-05-19,-0.005797527135178422,-0.0022534338170506762
2023-05-22,0.002632970190548956,0.00335796436638236
2023-05-23,-0.017271431206160294,-0.012676272043967929
2023-05-24,-0.0014874090777058475,-0.005129579433295284
2023-05-25,0.0319639062755938,0.024332922666880252
2023-05-26,0.029820175638909534,0.025550322182239738
2023-05-30,0.0009638874089714599,0.004535085612918044
2023-05-31,-0.012451769458434096,-0.005686339976584964
2023-06-01,0.012246073942262199,0.011552441760224186
2023-06-02,0.0017575466112767335,0.007499612263745181
2023-06-05,0.0038320315358323577,0.0007048878140298864
2023-06-06,-0.0003358935813535601,-0.00016912733094176513
2023-06-07,-0.02673253545435035,-0.016965248026754476
2023-06-08,0.012885015322934684,0.012413338774527105
2023-06-09,0.003778885732862209,0.003822596526733113
2023-06-12,0.024670387233614546,0.016897165421397853
2023-06-13,0.006488572952633592,0.007683998673813752
2023-06-14,0.007221301833851917,0.0072675239020814075
2023-06-15,0.008315793644305076,0.011915784890389691
2023-06-16,-0.01014810782511248,-0.0062928458369641005
2023-06-20,-0.0031081933589307458,-0.0014315655999338484
2023-06-21,-0.017829940286075128,-0.013627897630562269
2023-06-22,0.01084708740877084,0.011798764143610363
2023-06-23,-0.011227916922939429,-0.009913209923260169
2023-06-26,-0.013286991535607891,-0.013405493492452791
2023-06-27,0.026943704935618963,0.01719427003163987
2023-06-28,0.003151402763933707,0.0019512892872788345
2023-06-29,-0.004465334944226522,-0.002002468904372945
2023-06-30,0.017600395096456795,0.015420274908705567
2023-07-03,0.004454157367977167,0.002354867842129904
2023-07-05,-0.006580213653116654,-2.6937507408897332e-05
2023-07-06,-0.011640963240208501,-0.00761582331731625
2023-07-07,-0.0009243467588773286,-0.003320115758941644
2023-07-10,0.0181438501680974,0.00032758590502668383
2023-07-11,0.0026561718642565593,0.004940589644166771
2023-07-12,0.00539739213908682,0.012630123438840624
2023-07-13,0.020654615032706672,0.01697859989490902
2023-07-14,-0.0012065538599387929,-0.000210872732056111
2023-07-17,0.018254574950127257,0.009338459523140719
2023-07-18,0.004086895389723692,0.00818067468827599
2023-07-19,-0.006972784691251098,-0.0002332893737454489
2023-07-20,-0.03421725824410143,-0.02305187839357592
2023-07-21,0.0007167927913546615,-0.0029993114878589244
2023-07-24,-0.0008507978340510982,0.001597314328187549
2023-07-25,0.011351012485832241,0.006777821434182041
2023-07-26,-0.008191589530446297,-0.003326554444114338
2023-07-27,-0.0029748616448042916,-0.0023839354603608642
2023-07-28,0.018447119244267486,0.018214519600280754
2023-07-31,0.005957496767469298,0.0005215927862030068
2023-08-01,0.003746566412513443,-0.002319583175828477
2023-08-02,-0.03832739796394375,-0.021944278907796932
2023-08-03,0.0025360419191929134,-0.0016025222018165586
2023-08-04,-0.017643305682080303,-0.004681773957492474
2023-08-07,0.014736131338805159,0.00846696614270992
2023-08-08,-0.022144459968301937,-0.008502386437794107
2023-08-09,-0.016251387766473915,-0.010994689976023375
2023-08-10,-0.002384833899035478,0.0018482307133491638
2023-08-11,-0.010720314946944483,-0.006375646445855754
2023-08-14,0.02098464655124574,0.011222248978313365
2023-08-15,-0.011507029134620112,-0.010611572952169745
2023-08-16,-0.01474074014248458,-0.01058902251437499
2023-08-17,-0.013612980648890601,-0.01092296938046522
2023-08-18,-0.0025798448961892677,-0.001254970055483251
2023-08-21,0.0221983730294966,0.01611160164718628
2023-08-22,-0.005198808682234133,-0.0014290925202907756
2023-08-23,0.022304600095328215,0.015768771513845925
2023-08-24,-0.03133497273519689,-0.021375933521228796
2023-08-25,0.0061029092203145376,0.007751527811389991
2023-08-28,0.007719011414127145,0.007527154490861276
2023-08-29,0.025966877692876474,0.021839853238780904
2023-08-30,0.007441120001165881,0.0055768552983350705
2023-08-31,0.009301753826209484,0.0029982690659613453
2023-09-01,-0.0016594114955800127,-0.0010582550862708873
2023-09-05,0.005721101865691878,0.0012712842276008107
2023-09-06,-0.005559821215212045,-0.00880788578540559
2023-09-07,-0.001629981500662047,-0.0071515444795001715
2023-09-08,-0.0028305485478210125,0.0013975833115265068
2023-09-11,0.01508890439843029,0.01178264611346691
2023-09-12,-0.016030745027289777,-0.011088207270218753
2023-09-13,-0.0007685888593861236,0.0038090291915608976
2023-09-14,0.006421114832687658,0.008177058227558431
2023-09-15,-0.020778507215056283,-0.017122948268233018
2023-09-18,-0.0004931771836594826,0.0010424898791852044
2023-09-19,-0.006557708367709336,-0.002131377828947123
2023-09-20,-0.015643962365032196,-0.014410337300526987
2023-09-21,-0.02435513282623862,-0.018324634429669695
2023-09-22,0.0038852358491413947,0.00013968298531574774
2023-09-25,0.0029519343246059704,0.004749854589233049
2023-09-26,-0.0178759731942446,-0.015016305784401052
2023-09-27,0.00730295773092849,0.002343452197199225
2023-09-28,0.012105460206070427,0.008365300590962299
2023-09-29,0.0024141614279131734,0.0007260297431135321
2023-10-02,0.0077971341609874905,0.0083459178994445
2023-10-03,-0.024923764189557683,-0.017549829291511276
2023-10-04,0.018654040617255285,0.013608755788081073
2023-10-05,-0.0015738695238412662,-0.002946563834005045
2023-10-06,0.027731210176297122,0.016755508504394
2023-10-09,0.006448361834445545,0.0050999208409232555
2023-10-10,0.010305028622712173,0.005537828877416828
2023-10-11,0.010895259818776343,0.007135569783559559
2023-10-12,-0.0019297085916744287,-0.0034750541706483062
2023-10-13,-0.01885099254191118,-0.012569924895018625
2023-10-16,0.011330306908558288,0.011306186596198087
2023-10-17,-0.003303319208267864,-0.0032753756411897372
2023-10-18,-0.016134043594883452,-0.013117840711982187
2023-10-19,-0.01894675826675893,-0.009356709713859157
2023-10-20,-0.02220454990735702,-0.014918017713776544
2023-10-23,0.004918645996177015,0.003017621327908726
2023-10-24,0.012909661083244067,0.009727908349247416
2023-10-25,-0.03751259135063817,-0.02447573287837357
2023-10-26,-0.015969154582298598,-0.019067193151018014
2023-10-27,-0.004260028917497428,0.004801263583268156
2023-10-30,0.007241898027635492,0.01126518296415746
2023-10-31,0.005585814184568305,0.004782315954402261
2023-11-01,0.015263875852336718,0.01735692751500717
2023-11-02,0.014257804905101439,0.018153269162111574
2023-11-03,0.012834878835128257,0.01174872215273437
2023-11-06,0.0015041393980005883,0.004079499043069479
2023-11-07,0.010379773099581942,0.009452593099990914
2023-11-08,0.0002732140378257887,0.0006438810139755002
2023-11-09,-0.009942790422894598,-0.007695556480086019
2023-11-10,0.025497167913210293,0.022482264393562268
2023-11-13,-0.00010134306117817675,-0.0031185932789159487
2023-11-14,0.027448294732204854,0.02152647768153293
2023-11-15,-0.0032011916008420314,0.0007525818373546045
2023-11-16,-0.002331792529500063,0.0008558943446161926
2023-11-17,0.004369276414232028,0.00023314596700751977
2023-11-20,0.011236259357142854,0.0121749307355703
2023-11-21,-0.005000840899818485,-0.005809682778242453
2023-11-22,0.00011447435500655528,0.0040930429735670515
2023-11-24,0.0029566470782093025,-0.001409830111427146
2023-11-27,-0.0034103065325167855,-0.0008730765553293107
2023-11-28,0.007185772199304035,0.0026211210357500736
2023-11-29,0.012241390027863303,-0.0009740582762252092
2023-11-30,0.003122383788506989,-0.0025141351162534242
2023-12-01,0.006617134411835781,0.0028547528632054675
2023-12-04,-0.009798686928591767,-0.009283325995645075
2023-12-05,-0.006667242030874376,0.002510904888998189
2023-12-06,-0.011572416614684883,-0.005783802891933365
2023-12-07,0.00924587482433491,0.013972130289154894
2023-12-08,0.004211517795486815,0.004456745020912756
2023-12-11,0.023899110106506465,0.008542270637615923
2023-12-12,0.008142259557048654,0.007964074113525177
2023-12-13,0.010505687148546116,0.012717270340979248
2023-12-14,-0.00625828616630321,-0.0008668214697135079
2023-12-15,0.01148243090447892,0.0048339962441443785
2023-12-18,0.005951314089276472,0.006298453679446148
2023-12-19,0.006265274644898318,0.005109905589371522
2023-12-20,-0.01671103424751881,-0.014859897749549988
2023-12-21,0.015953447998157344,0.01163546686732575
2023-12-22,-0.0031152834304749542,0.001495885463277613
2023-12-26,0.009641797728904888,0.006121784991342194
2023-12-27,0.0012941198535711164,0.002035667227989091
2023-12-28,-0.0015000592463661204,-0.0004860260026160468
2023-12-29,-0.004541322772209362,-0.00432767480107088
2024-01-02,-0.026403089350283872,-0.016922276660334634
2024-01-03,-0.010557463253412194,-0.010581499241031023
2024-01-04,-0.0012931618272620843,-0.0051465174581203366
2024-01-05,0.0013055147083566388,0.0011861295255932713
2024-01-08,0.02030556394055408,0.020667893956210825
2024-01-09,0.004382078586549465,0.0019755494515962813
2024-01-10,0.006413098928452309,0.006777599853023286
2024-01-11,0.00509956710727981,0.0020808178190332427
2024-01-12,0.002561473159450872,0.0005129246844910451
2024-01-16,0.005607163961414407,-9.763550316188585e-05
2024-01-17,-0.009511655582505845,-0.0056407337723141104
2024-01-18,0.015610045353195962,0.014194143114514501
2024-01-19,0.02212017806333828,0.01983103956383503
2024-01-22,0.007487822965723045,0.0013058162263470674
2024-01-23,0.0005021108917312554,0.004149604365315307
2024-01-24,0.0015880736154901425,0.005549285978610374
2024-01-25,3.5783761915524222e-06,0.0012210556305611853
2024-01-26,-0.012099900430701402,-0.005957580768597537
2024-01-29,0.008699322402745105,0.010240538835180057
2024-01-30,-0.012635137326945486,-0.006656570842333065
2024-01-31,-0.016457301819507747,-0.01958619398802741
2024-02-01,0.010470313194777838,0.011775327532098423
2024-02-02,0.016862387904631754,0.016900639801315842
2024-02-05,-0.0036711118080220593,-0.0013052856697771675
2024-02-06,-0.007821035200982545,-0.0020074049658481696
2024-02-07,0.02217135189391213,0.010290360690109468
2024-02-08,0.00700012956219228,0.0018518917966079407
2024-02-09,0.018154561519914854,0.009843123986133184
2024-02-12,-0.005205043883018262,-0.00391265313562561
2024-02-13,-0.01953508254353847,-0.015597058724930113
2024-02-14,0.025320627294732265,0.01089736103825345
2024-02-15,0.005191827820704583,0.0029776329256916423
2024-02-16,-0.01042815603000071,-0.00906771394350614
2024-02-20,-0.01608006115081714,-0.007548014857975294
2024-02-21,-0.030516808283360886,-0.0040018155215248985
2024-02-22,0.047445273173792185,0.029275612563425035
2024-02-23,-0.010701787629645371,-0.0029447374852706876
2024-02-26,0.00817809258915854,-0.0005264882653444047
2024-02-27,0.0046131616293234945,0.0024051836053411435
2024-02-28,-0.0021281656772124758,-0.005324679372060381
2024-02-29,0.010213866116385629,0.008569573378549356
2024-03-01,0.02134696991417721,0.01505691729807368
2024-03-04,0.008411679160985605,-0.0035680748183003486
2024-03-05,-0.014650345601452093,-0.017949634316191898
2024-03-06,0.021500451644918126,0.006283715515330357
2024-03-07,0.01877347043273051,0.01517803657593908
2024-03-08,-0.031699315842847284,-0.014434797895443663
2024-03-11,-0.020693674447033218,-0.003712787872309331
2024-03-12,0.017046510913698024,0.01433488952642148
2024-03-13,-0.02008030565001492,-0.007686047512762029
2024-03-14,-0.008489032765509042,-0.002521213827022195
2024-03-15,-0.007639028691320591,-0.011886836863387096
2024-03-18,0.00956665374872118,0.009537472170610517
2024-03-19,0.00027978398373769403,0.0024914951569992017
2024-03-20,0.016070428797741478,0.01185663722683672
2024-03-21,0.01398985959479283,0.004732173992019861
2024-03-22,0.0022281180835407215,0.001143901526609481
2024-03-25,0.0027188209015001825,-0.0036292148273037173
2024-03-26,-0.004289535512206566,-0.0032376883215767815
2024-03-27,-0.0022570640549453426,0.0034059860750901283
2024-03-28,-0.002087811374653613,-0.0018433052034753095
2024-04-01,0.008893428551054253,0.0021170880289034244
2024-04-03,0.00853253192592751,0.002244451583658602
2024-04-04,-0.026281931232902064,-0.015290751354719911
2024-04-05,0.024501337586482347,0.011783864267731925
2024-04-08,-0.0018102005699764385,0.00029514784360529234
2024-04-09,-0.0014057499519570373,0.0036995541568318746
2024-04-10,-0.004489117314790313,-0.0087285440160918
2024-04-11,0.019730430350805295,0.0159682927069289
2024-04-12,-0.023018197522825006,-0.015941757150197855
2024-04-15,-0.018027751312603073,-0.016451083642875952
2024-04-16,0.009150797846679283,9.27861950155151e-05
2024-04-17,-0.02968750820621248,-0.012201324789599344
2024-04-18,-0.009801735905176764,-0.005706472463386847
2024-04-19,-0.03792183138438749,-0.020689134701959544
2024-04-22,0.011749421259125325,0.010056777356117541
2024-04-23,0.024924806985226512,0.014922828823315415
2024-04-24,-0.0019138701531544221,0.003387736369694805
2024-04-25,0.002189060333011331,-0.004829899093233614
2024-04-26,0.018446891576350946,0.015431695223619979
2024-04-29,0.0006163222253489823,0.004060282817086369
2024-04-30,-0.021828828605628927,-0.018856101842816053
2024-05-01,-0.01852039424883272,-0.0072306189482973515
2024-05-02,0.020166413141275884,0.01276343341168884
2024-05-03,0.01867482090488378,0.02009846005665028
2024-05-06,0.019359363711855673,0.010953333192288195
2024-05-07,-0.004810219945243602,0.0001589513327555636
2024-05-08,0.00011025561112059916,-0.0005904967807848216
2024-05-09,0.003673398742874145,0.0021814655255414372
2024-05-10,0.003260406828924585,0.002358308147094146
2024-05-13,-0.0002758387763884929,0.0023073118245391377
2024-05-14,0.010499832885780897,0.006432262416222079
2024-05-15,0.0237445865588989,0.01563020411389826
2024-05-16,-0.004686149944738142,-0.0020313078313122235
2024-05-17,-0.0020645939042537743,-0.0004867036304178063
2024-05-20,0.019921620344160493,0.006972615984325747
2024-05-21,0.001010414761961558,0.0019564252886410394
2024-05-22,0.0059472359541145135,-0.00019733595780901947
2024-05-23,-0.002449548934794144,-0.004498511540312777
2024-05-24,0.021785658773561575,0.009456491506077302
2024-05-28,0.008121477164522748,0.0037775347536763704
2024-05-29,-0.01469115212525705,-0.00704828746577113
2024-05-30,-0.011656362658626861,-0.010713299116088981
2024-05-31,-0.015009560595758439,-0.001860228973305067
2024-06-03,2.0167015578791843e-05,0.005369303712009277
2024-06-04,-0.0035266618427223636,0.0027364803616849454
2024-06-05,0.041856092678357916,0.020159807378824945
2024-06-06,-0.003807313586283898,-0.00034521278349597395
2024-06-07,-0.0071997938486825785,-0.0008847760858157194
2024-06-10,0.01941293704852669,0.004039163499262921
2024-06-11,0.004106607140634446,0.006862673088197546
2024-06-12,0.019006351599096444,0.013097776965472985
2024-06-13,0.00338263755399748,0.005420357828360478
2024-06-14,0.0007328662078086944,0.0051811294599795055
2024-06-17,0.015113568230724213,0.012249802393501596
2024-06-18,0.0077866250110428924,0.0003093077034197478
2024-06-20,-0.014669077895197427,-0.0077080743467982105
2024-06-21,-0.009304371517703894,-0.002679214853024914
2024-06-24,-0.014308679443483317,-0.011384733479956721
2024-06-25,0.0191444139719149,0.011435608840447697
2024-06-26,-0.002732936166598725,0.0020651391307189293
2024-06-27,-0.0016948136277058071,0.002581371548169731
2024-06-28,-0.0034191018992227092,-0.005190908216341383
2024-07-01,0.005463280263497479,0.005865130697077836
2024-07-02,0.008177832929684952,0.010499621949260796
2024-07-03,0.013235989068246036,0.008337020649899385
2024-07-05,0.009261490804243497,0.010426850994263992
2024-07-08,0.004366796779666802,0.0023782468448467764
2024-07-09,0.0018911147499968792,0.0008646040670723387
2024-07-10,0.010210784477870218,0.010426546552797733
2024-07-11,-0.032306724585623066,-0.021930081841974425
2024-07-12,0.006872859977895424,0.00587469591806955
2024-07-15,0.0017341586606361586,0.00268784813605194
2024-07-16,-0.004344607525274987,0.00038301986203226335
2024-07-17,-0.0589306659135247,-0.029354914729666226
2024-07-18,0.0013425707486836257,-0.004732597784361858
2024-07-19,-0.014384290173320753,-0.008863515855942694
2024-07-22,0.027357090966655027,0.014897685589573273
2024-07-23,-0.01070388777346569,-0.0035245909377247253
2024-07-24,-0.04672206307352658,-0.03587037433075668
2024-07-25,-0.014148927541930194,-0.011027671156861762
2024-07-26,0.014998794810384979,0.010255889718405076
2024-07-29,-0.003128378280626386,0.002008758156323065
2024-07-30,-0.02311466301129713,-0.01373130408659029
2024-07-31,0.04041113101226264,0.029593704263202403
2024-08-01,-0.059093162167886626,-0.02422150526300182
2024-08-02,-0.027627129492158998,-0.023734938436566377
2024-08-05,-0.024620689327108737,-0.02981615462306353
2024-08-06,0.011910855286800007,0.009555185684491763
2024-08-07,-0.00944651929685873,-0.010829864255547439
2024-08-08,0.023497241172479404,0.0305909825059838
2024-08-09,0.010640276868414391,0.005222363801425045
2024-08-12,0.0015264335960015565,0.002153569321380555
2024-08-13,0.01658247942960866,0.02481284771033021
2024-08-14,-0.00038492034112317156,0.00032422346319060935
2024-08-15,0.019290403084597396,0.025263215702408415
2024-08-16,-0.0013376059328716,0.0012857326283106651
2024-08-19,0.011604269247057283,0.01313607683946616
2024-08-20,-0.005896839134936549,-0.002098707726358784
2024-08-21,0.003973238643832537,0.004664136976113342
2024-08-22,-0.01113803495059658,-0.01585483773782692
2024-08-23,0.01185104996356169,0.01084545743091403
2024-08-26,-0.000856581482793163,-0.009708403083317885
2024-08-27,0.005505092157285896,0.0029874409427361748
2024-08-28,-0.009365827915200117,-0.011347539240257998
2024-08-29,0.0024665478062791597,-0.0014638088964100682
2024-08-30,0.007880658545866262,0.011919420923352186
2024-09-03,-0.027895753664679074,-0.030360937391802234
2024-09-04,0.0008497182336864506,-0.0025984456491841
2024-09-05,-0.0008980122543315211,0.0009336161388286968
2024-09-06,-0.023300600844875674,-0.02678736703307838
2024-09-09,0.014760035329480692,0.01285966589867904
2024-09-10,0.005943791340004962,0.009241815709448487
2024-09-11,0.01252887746688341,0.02171538414740204
2024-09-12,0.00855587239504121,0.009816013428873616
2024-09-13,0.005416710085724604,0.004479912686268461
2024-09-16,-0.004233814903520236,-0.004417863237364039
2024-09-17,-0.005859281849156759,0.0005283302897081121
2024-09-18,-0.0035613073638581416,-0.0043295398799914064
2024-09-19,0.01670845044903157,0.025284202810822
2024-09-20,-0.0027811065423007943,-0.0019032714463009803
2024-09-23,0.0034117553501946006,0.002650581265807528
2024-09-24,0.0006077047090874633,0.0048236882570544815
2024-09-25,-0.001215481347176362,0.0009270913863861363
2024-09-26,0.0024970978280376742,0.007513127531812991
2024-09-27,-0.004216581343916487,-0.005557065413533513
2024-09-30,0.004801615514627538,0.002711850628192458
2024-10-01,-0.010568886804664182,-0.013932420073848761
2024-10-02,0.0014234907907810061,0.001412921123457922
2024-10-03,-0.0007295243776931212,-0.0007470254122504683
2024-10-04,0.007588315041904483,0.011898123691417295
2024-10-07,-0.008944640299218924,-0.010711593354476134
2024-10-08,0.012437533220277842,0.014934584721874034
2024-10-09,0.0076243822611426,0.007868375275753792
2024-10-10,-0.0036036388687448796,-0.0011355514379944864
2024-10-11,0.0015208708759362093,0.0015631270899099103
2024-10-14,0.01199900649168435,0.008391521038613403
2024-10-15,-0.021764596770366972,-0.01336679736146884
2024-10-16,0.0049129171575644105,0.000122173723398733
2024-10-17,0.00018385791191657594,0.0006925878208803304
2024-10-18,0.009341497915623793,0.006554736918730875
2024-10-21,0.0008302103903883951,0.0019212703509394746
2024-10-22,0.0009867281474813352,0.0010899787132621075
2024-10-23,-0.017330431604873457,-0.015323924433118252
2024-10-24,0.0048337683329021065,0.00810885773496639
2024-10-25,0.0035449505428528983,0.0060936292616513565
2024-10-28,0.0029009710810581585,0.00016151092853400328
2024-10-29,0.004314874830307354,0.009608286380353048
2024-10-30,-0.008079734339557576,-0.007557482548374961
2024-10-31,-0.01748306269788616,-0.025242784184017486
2024-11-01,0.0017437708918964492,0.007398886446255748
2024-11-04,-0.0009638121918119455,-0.002913098353861998
2024-11-05,0.0154786204070644,0.01275687424279548
2024-11-06,0.03186531414258179,0.027163222256870068
2024-11-07,0.013553147589711947,0.015744214275609902
2024-11-08,0.00737059326980101,0.001168474635689254
2024-11-11,0.017465349747112675,-0.0005833164329716034
2024-11-12,-0.007844498613569693,-0.0018101016526781422
2024-11-13,-0.00042334766082180914,-0.0012867689449219677
2024-11-14,-0.013670641192027008,-0.006949696356360335
2024-11-15,-0.020300318914162094,-0.023825965349321132
2024-11-18,0.004085596645557885,0.006947718724392482
2024-11-19,0.003482642239149348,0.006879689727049998
2024-11-20,0.004679979788548549,-0.0005760415765330151
2024-11-21,0.015710109677747785,0.0035972061999725025
2024-11-22,0.012265392358966589,0.0016040462410162881
2024-11-25,-0.0014328089760206224,0.0015816760761411253
2024-11-26,0.004331607293201716,0.00536920631370541
2024-11-27,-0.01139991264496912,-0.007873448165787611
2024-11-29,0.006976130916732062,0.008786937082663204
2024-12-02,0.0059023686956913585,0.01088775811121434
2024-12-03,0.0027005953266927077,0.0030663983270027284
2024-12-04,0.025191909895187582,0.012362902874929471
2024-12-05,-0.0029273869507245457,-0.0027712215685583574
2024-12-06,0.00984093082932774,0.008949661465999403
2024-12-09,-0.02605646345731823,-0.007787356137389234
2024-12-10,-0.01262486817278265,-0.0034077573646644765
2024-12-11,0.01537050386405172,0.017902567590646123
2024-12-12,0.0012782340678834593,-0.006453945345418655
2024-12-13,-0.0012159231808919336,0.007654370550005174
2024-12-16,0.013040981950313193,0.014400737328128299
2024-12-17,-0.011503069328591436,-0.004403705044583317
2024-12-18,-0.04759328355737549,-0.036076966212892136
2024-12-19,0.0034700573056575318,-0.004453344868511344
2024-12-20,0.013972702290489365,0.008732506158164455
2024-12-23,0.002398667909471418,0.009742651370640898
2024-12-24,0.015595938932105872,0.013559846607146264
2024-12-26,2.0665468172864056e-05,-0.0006792412731444486
2024-12-27,-0.011060313778276968,-0.013293127227813839
2024-12-30,-0.012263110957279267,-0.013300000082174801
2024-12-31,-0.006578436582674778,-0.008494697164563636
2025-01-02,-0.0011720978168803116,-0.001956027597256327
2025-01-03,0.0230320120081268,0.016365159124950512
2025-01-06,0.008453947471837002,0.011492933967797159
2025-01-07,-0.029555895909975153,-0.017844274233518753
2025-01-08,-0.00501678825768056,0.00017468201502790492
2025-01-10,-0.0027742350662808848,-0.015681074205579737
2025-01-13,-0.005820452837438553,-0.0032137662550189017
2025-01-14,0.007882239574924888,-0.0009494862975779617
2025-01-15,0.020905424388809466,0.023006268253611406
2025-01-16,0.003510855945410865,-0.0070059641014164065
2025-01-17,0.020587983983050173,0.01687846119826264
2025-01-21,0.0055723332988193465,0.005865100915291022
2025-01-22,0.01475198340010198,0.012785716598497476
2025-01-23,0.004145313090604031,0.0021260761666410666
2025-01-24,-0.004488617332768741,-0.005651212134788364
2025-01-27,-0.051171119173526625,-0.02911449834027724
2025-01-28,0.020763025195113666,0.014779823117886615
2025-01-29,0.001859981854171033,-0.001878043002776164
2025-01-30,0.009689694544534782,0.004262433717854286
2025-01-31,0.00868612344502999,-0.0014530149796943004
2025-02-03,0.0007740265454682978,-0.00800326990070499
2025-02-04,0.015670741988564774,0.012275452646734353
2025-02-05,0.010777848281630606,0.004537895940105452
2025-02-06,0.0010104403122221332,0.005219742921635406
2025-02-07,-0.011345493131544022,-0.012613540104501442
2025-02-10,0.013506710227751422,0.012105175235749943
2025-02-11,-0.01847747386977774,-0.002380649914297095
2025-02-12,0.01046837348286022,0.0005870845807283143
2025-02-13,0.02099178786426956,0.014385873648250946
2025-02-14,0.011340920821278607,0.0041984317323002784
2025-02-18,0.003575999341490189,0.0022671836424450476
2025-02-19,-0.017265734466936914,0.00027807958353354145
2025-02-20,-0.022311308796277275,-0.004244509199203383
2025-02-21,-0.04002611363143707,-0.02075474886732176
2025-02-24,-0.02549926237032861,-0.011804261782660252
2025-02-25,-0.027602524789505253,-0.012599282323468963
2025-02-26,0.007420782564018978,0.002415629969012789
2025-02-27,-0.03171136757349821,-0.027771247292265988
2025-02-28,0.01806598810158047,0.01579147534639369
2025-03-03,-0.0201978769493193,-0.021882471243728108
2025-03-04,-0.0013559127285926414,-0.0030178064402743843
2025-03-05,0.011829558571484277,0.01303607447374544
2025-03-06,-0.0496413280519036,-0.027509434003765487
2025-03-07,0.0030755848127532025,0.0073535736084588965
2025-03-10,-0.04777738744604239,-0.03875634376407777
2025-03-11,0.009188097245624405,-0.002390435713714223
2025-03-12,0.015505263262240929,0.011280804135902489
2025-03-13,-0.025321451909109456,-0.01799051737433066
2025-03-14,0.03442658742824018,0.02417047314954357
2025-03-17,0.01870047254172538,0.006483679566967826
2025-03-18,-0.01653424447523607,-0.017047340713834735
2025-03-19,0.02021381462208319,0.013381325105778386
2025-03-20,-0.004465956996236126,-0.0033894642457477087
2025-03-21,0.0022502788807494726,0.0032966727739154322
2025-03-24,0.026753434313767217,0.021944344136081595
2025-03-25,0.011079659207126717,0.005706564262312863
2025-03-26,-0.014012170242649797,-0.01840064756317239
2025-03-27,-0.013077758760999378,-0.005698036681830332
2025-03-28,-0.03241020036232632,-0.026327739554310003
2025-03-31,-0.0026183042261691282,-4.264771653805788e-05
2025-04-01,0.010560309707404583,0.008061023451692906
