date,QQQ Buy-and-Hold,Equal-Weight Monthly,Inverse Volatility,Momentum Top-20%,Supervised + MVO
2009-04-01,0.019521569174329345,0.020547218767030653,0.020547218767030653,0.020547218767030653,0.020547218767030653
2009-04-02,0.05274544614733845,0.06555806930463996,0.06555806930463996,0.06555806930463996,0.06555806930463996
2009-04-03,0.01784483804167669,-0.0005913817068346223,-0.0011296803412695078,-0.0011296803412695078,-0.0011296803412695078
2009-04-06,-0.032029541253956406,-0.010490188882545121,-0.010271123741273187,-0.010271123741273187,-0.010271123741273187
2009-04-07,-0.024730322787429482,-0.013848737698303065,-0.01319079428636407,-0.01319079428636407,-0.01319079428636407
2009-04-08,0.017857061464348734,0.015013015956367061,0.010170044418102741,0.014556414095670734,0.014556414095670734
2009-04-09,0.030877523184436484,0.035326083142961366,0.02542711227954829,0.03432194888061,0.03432194888061
2009-04-14,0.0027227361331756406,0.022876475114335028,0.013017425459621146,0.021761124887613743,0.021761124887613743
2009-04-15,0.011541401732354295,-0.009484608869600265,-0.0056427406315728785,-0.008567291848951369,-0.008567291848951369
2009-04-16,0.010402848618912719,0.017985360683437597,0.014034199027932423,0.01753196553915312,0.01753196553915312
2009-04-17,-0.000996937240991147,0.022227593681617582,0.015363643161505817,0.02101494601724159,0.02101494601724159
2009-04-20,-0.05817793021938189,-0.04837568618363931,-0.03602742902531482,-0.04611469588830369,-0.04611469588830369
2009-04-21,0.026826576057300544,-0.0017053969128050424,-0.0017854012454401541,-0.0014213178750676577,-0.0014213178750676577
2009-04-22,-0.004468540342067229,0.025312879469162643,0.01790914821536688,0.024265813228722725,0.024265813228722725
2009-04-23,0.022789778295607466,-0.0073252858451252015,-0.005977992100811458,-0.007098061378000281,-0.007098061378000281
2009-04-24,0.02869697764146073,0.02940844766735648,0.02715989644179148,0.029396871322765264,0.029396871322765264
2009-04-27,-0.02264511840054817,-0.0026648233132765833,-0.0012153392350779523,-0.002114928983791509,-0.002114928983791509
2009-04-28,-0.005037615639948312,-0.02075101568222158,-0.015574527741809747,-0.01950443150898211,-0.01950443150898211
2009-04-29,0.030712597602096547,0.023937840528387454,0.01904575039655288,0.02357976960713589,0.02357976960713589
2009-04-30,0.012442647156520215,0.029104807004186585,0.02010139649593976,0.027907206212850377,0.027907206212850377
2009-05-04,0.04915913318040932,0.026772394924779865,0.02308179166743951,0.015762222847817007,0.026466808111087415
2009-05-05,-0.014179791937854125,-0.004089113411864253,-0.006551370397364855,0.009580962486199203,-0.004072874214080424
2009-05-06,0.02470277944769239,0.012231892568536932,0.012112687906240215,0.013852600151106335,0.01217678321076519
2009-05-07,-0.015868526935593374,-0.009583387642868656,-0.008543412319461968,0.002570067052212571,-0.009375053896257823
2009-05-08,0.04837268475863521,0.025982424092767784,0.021348789890727266,0.05032057875513889,0.025545250205767853
2009-05-11,-0.025436691038881798,-0.015101730034186758,-0.012294351947066474,-0.013376742522852167,-0.014984607961450208
2009-05-12,0.004248766937936965,0.0003783510712295558,0.006458326389731468,-0.016264546039918323,0.0005396694106737087
2009-05-13,-0.036868733818442134,-0.03588389336581801,-0.025115705773625867,-0.07816488157680998,-0.03516309451823184
2009-05-14,0.01129580932764207,0.0017314051271950471,-0.0006555941975652528,-0.00639184696612208,0.0022105586372756147
2009-05-15,-0.016754864951030624,0.009988640131197705,0.0047298203561186615,0.02261061337794922,0.009877591501112492
2009-05-18,0.04985811133228912,0.027890384692056583,0.02344395291340887,0.027400745831843827,0.028045281132471265
2009-05-19,0.010519998028883482,0.02017629813121521,0.014450251719629634,0.027368501665735234,0.01998685835870373
2009-05-20,0.00981566476687945,0.014165682286812415,0.013940758027950145,0.014227193728251316,0.013945611903444574
2009-05-21,-0.0011780665635561238,-0.027360345372037576,-0.024505531000699885,-0.028878984764258576,-0.027030481058881138
2009-05-22,0.009436516854583132,0.009824180507708065,0.00754397244885058,0.015904062488454215,0.009617371781826155
2009-05-25,0.0,0.0025217410998112084,0.003240434288558372,0.0016055388397556618,0.0025724126219580606
2009-05-26,0.022494813430235405,0.0095583065913584,0.009013398075226014,0.007032032756837128,0.009640116767206637
2009-05-27,-0.024000024683303423,0.006272261606483441,0.003452036499011226,0.009611250784892274,0.0064729137746411085
2009-05-28,0.018735588018427896,-0.01410203032720168,-0.011527858985959044,-0.01756493009837524,-0.013932636742515905
2009-05-29,0.013792819398678047,-0.0016129329417530335,-0.0019173499368278922,-0.0015414298313307755,-0.0016997075939962076
2009-06-01,0.026927798882706355,0.039180068564591546,0.03561570234578054,0.0398953497088676,0.041531126602176276
2009-06-02,0.011040105092760877,0.0009480957870941615,0.0019127744809317537,-0.006687207497161813,-0.003819753033766973
2009-06-03,-0.032487072289848706,-0.01946435422770923,-0.018064755511231073,-0.022716306193662453,-0.022946926100122098
2009-06-04,0.011004673708377544,-0.00041361536879007144,-0.002088305361838507,0.0036139879351523817,0.0031653423163328625
2009-06-05,-0.01786188557185031,0.007196358747874578,0.004628655704336977,0.01315405929158184,0.009067350751747093
2009-06-08,-0.00710435026491707,-0.016846267893508633,-0.013813480685447957,-0.03046460829627391,-0.022390855384375578
2009-06-09,0.016027677784953065,0.003677921783767153,0.003581580192805454,-0.008724720071107962,0.01025687898679131
2009-06-10,-0.0067606077827048194,0.008896354536924353,0.007059611140023402,0.01059950043145606,0.01626035648870286
2009-06-11,0.01332925721006073,0.009189027984658942,0.007802215488707044,0.017990092540583074,0.009800193505887749
2009-06-12,-0.0008396707040098095,-0.005646657794356924,-0.003967703708057493,-0.008529407733138398,-0.000965210861083075
2009-06-15,-0.04845904421123892,-0.03429784341493517,-0.029983290448860445,-0.044784068957897966,-0.03788470005586855
2009-06-16,-0.01118639048722836,-0.004623342036294596,-0.00322921821542582,-0.010765734094936742,-0.00560995334729145
2009-06-17,-0.0005951513432163047,-0.02060121204077222,-0.016623686787735136,-0.023939089382204806,-0.027939420230905905
2009-06-18,0.005659108094384635,0.01389004741493613,0.012918233186739729,0.007349041679192969,0.005752214422019322
2009-06-19,0.011386837144664597,0.007307412545419004,0.006565104614377232,0.014004626527827696,0.009522300830694191
2009-06-22,-0.03130649181323353,-0.02793945262163698,-0.024226809387143125,-0.025444514583396038,-0.035916251393603306
2009-06-23,0.013362413072189439,-0.006761383237692453,-0.00471091881695166,-0.017628952009491456,-0.011544324412777078
2009-06-24,0.007972807260769876,0.03051381642255346,0.026168991571585965,0.03027629790734172,0.04112304158779082
2009-06-25,0.01855793545607498,-0.005620172684048978,-0.004130547159848527,-0.008985775272477507,-0.00805854467920949
2009-06-26,-0.011051195379858214,-0.004511653888271667,-0.004820885519973442,0.0008708241195945897,-0.0018136234652195741
2009-06-29,0.01600714035427142,0.020851238466401825,0.020040180694324918,0.018078314742824588,0.02192572377721839
2009-06-30,-0.010106994638437672,-0.014794354244560371,-0.014529084385620382,-0.014890920929468558,-0.015240433487822813
2009-07-01,0.01681693367344983,0.02136387056287113,0.02106346298821225,0.019133637848294284,0.024701554434919216
2009-07-02,-0.03278207128484856,-0.03391196242811026,-0.03122222413127815,-0.032249737908154615,-0.03429905569267899
2009-07-03,0.0,0.0032771193459236727,0.0024221585424061094,0.007860041704594076,0.004364538866001904
2009-07-06,-0.0054960855155324895,-0.015538033496364756,-0.012997592302468261,-0.009984678478412752,-0.016354117880077373
2009-07-07,-0.029475134451763196,-0.01019447624167197,-0.01137635283447799,-0.012284633266081807,-0.01046285217738266
2009-07-08,-0.008225032356836692,-0.015943153809573483,-0.013391240488831491,-0.015407613649347288,-0.027071490275295373
2009-07-09,0.020095689017902263,0.011379465363501642,0.010136332950696937,0.007456522702320273,0.008102468717551225
2009-07-10,-0.013132972906243379,-0.012946573388714706,-0.01226235218268964,-0.012351471881001472,-0.01746087544133665
2009-07-13,0.029467498600273423,0.02974295400018785,0.027640101453140324,0.019046341771160883,0.03123989086092499
2009-07-14,0.005232268773633031,0.013020149657166732,0.01021071538472004,0.005587176408391485,0.021270393931114344
2009-07-15,0.04592740695320652,0.03707373639250071,0.03332413452628507,0.03986308528911494,0.045359786097418586
2009-07-16,0.012295425366579016,0.005490785012920969,0.005545014793983743,0.007804724572656632,0.005351478751869248
2009-07-17,-0.004338196272307693,0.003304954176363356,0.0038693939925397215,-0.0028149175271383105,0.0008634051414702059
2009-07-20,0.020331552999710345,0.013512977931315787,0.012472386511588914,0.009430752886747714,0.012186102133211009
2009-07-21,0.0008535478471207725,0.009228994785501854,0.008495259332020288,0.00033493676598185496,0.008468972267055322
2009-07-22,0.006257423576495613,0.0022772713104196834,0.00313576199454472,-0.0016182629402795251,0.0023818157505357254
2009-07-23,0.020632954017587135,0.02357729885934223,0.021809182201990095,0.02951100871820764,0.025174207651710103
2009-07-24,0.009138802137130808,0.0009839398091586156,-9.332099353563723e-05,0.00376659190330383,0.005503343347520256
2009-07-27,0.0021952052523463994,0.003971505093840274,0.004257736112422439,-0.002898148790663327,0.002454397352196474
2009-07-28,-0.005476035794005463,-0.01423460794511274,-0.01074999075300114,-0.025225887970271057,-0.016825830500241463
2009-07-29,-0.006332734060321088,0.011321407506622243,0.011238976102464169,0.022217902225348442,0.014069656410749701
2009-07-30,0.016347625316605496,0.02234206819659525,0.02114504457582744,0.016639158103363277,0.022342045630569123
2009-07-31,0.013359081596666877,-0.0014791308135660652,-0.002375952603484917,0.0076100213505506595,-0.005097234988479659
2009-08-03,0.020984636500653853,0.019039300992950033,0.014585752075695176,0.04171680996140384,0.023385139583078134
2009-08-04,0.005797222792940815,-0.0008342659736521351,-0.0007247455534803545,-0.0018698018958328315,0.0007435699851002074
2009-08-05,-0.009955563429588365,-0.009894449473561323,-0.010137188328775396,-0.0036461743412963665,-0.007005839346307547
2009-08-06,-0.007144747354525083,0.006031218990955557,0.0047440596393841334,0.015352316481028977,0.008010702995040407
2009-08-07,0.010927637432364135,0.015604215464829674,0.014946688023292186,0.019493889317504336,0.019587245023580918
2009-08-10,-0.010282293214032512,-0.0018806294410657982,-0.0016163417325826051,-0.0025067521333364193,-0.001075957775500098
2009-08-11,-0.0101223011380982,-0.018206234043781997,-0.015072855046438469,-0.027558998554751073,-0.019627798510351107
2009-08-12,0.01749185733336933,0.012598830008623647,0.01238802653594814,0.011494800786601207,0.01282175364256146
2009-08-13,0.010578995666950863,0.008901899932480953,0.006936851791613365,0.021780711660488106,0.008246336001534675
2009-08-14,-0.01177710646357255,-0.014538729302334474,-0.011936917263271141,-0.017758950583983746,-0.029029808068570688
2009-08-17,-0.04051848592840768,-0.024629787733046166,-0.018981642237535897,-0.03748319259107453,-0.03486161011257834
2009-08-18,0.01186824137732545,0.010573127999584153,0.009194235506239355,0.014227437637755816,0.017911250615076098
2009-08-19,0.013092970870899556,-0.004675709689618089,-0.0030631996195919723,-0.010568628198766871,-0.02265809053534476
2009-08-20,0.009155048263827181,0.015511446799376891,0.015128090224270722,0.01984083346174206,0.01403362748704002
2009-08-21,0.032550479296136414,0.030967079354942053,0.029946812367669013,0.03521083122401546,0.031758515947187836
2009-08-24,0.007235480336052813,0.013895593847220132,0.012387824438099737,0.01863502091988428,0.019318078052092978
2009-08-25,0.01180068362907738,0.008701553283234228,0.009785345467464561,0.005919298649222095,0.008009098384832672
2009-08-26,-0.004564297700285325,-0.005701389108130429,-0.0042398008708001735,-0.00989202390940898,-0.00673599075675044
2009-08-27,0.013245181340292955,-0.004645816682676167,-0.003969609558014055,-0.002339481426511321,-0.004616332100885703
2009-08-28,-0.007038802976104486,0.011556933980262583,0.011136513606456101,0.021575796560734058,0.011301572859838198
2009-08-31,-0.005063310320680081,-0.011749641520167609,-0.009575358787421034,-0.020802742805161627,-0.01489100101117059
2009-09-01,-0.035114216251380226,-0.021459215190955453,-0.018786346554281755,-0.031020636868369263,-0.0228756250270565
2009-09-02,0.0013184440865270375,-0.005565504266476447,-0.004047475788941674,-0.01242816000663693,-0.00997563638199615
2009-09-03,0.007110709969198048,-0.0007533348821474194,-0.0015122512586050847,-0.0040595401403145225,-0.002461280159179355
2009-09-04,0.02275177349369173,0.015528204493232145,0.013676873329931437,0.016903773605827562,0.02045679947115926
2009-09-07,0.0,0.016138429249251462,0.014582949812382387,0.015193009317794949,0.017613426610254293
2009-09-08,0.016619393876044608,0.001593765982203843,0.0018188126313541015,-0.003252806879436461,-0.0007927062360403035
2009-09-09,0.020371911828590106,0.013427341966416163,0.012220745386546725,0.015219427632000834,0.019258492617925227
2009-09-10,0.007395203939420947,-7.132208600006484e-05,0.000603869732327735,0.004177122909963168,-0.0028160229463862242
2009-09-11,-0.0019578841078748965,0.0059968031033281214,0.005434032896438545,0.0034206290532861846,0.015550541474351047
2009-09-14,0.007355083063241397,-0.0030103068697536206,-0.0005454473514945174,-0.004313859025955435,-0.003905581476086038
2009-09-15,0.005110524902728786,0.004419349672627043,0.004421877116105413,0.00798002295168842,0.006072004030297965
2009-09-16,0.020822979198605873,0.01558873870329743,0.013340821816259871,0.01833581784603028,0.01911959756743861
2009-09-17,-0.005929322977583973,0.005074333491840676,0.004308497935095736,0.005671210853478819,0.007475057044754437
2009-09-18,0.0035633466803735026,-0.004674491462712309,-0.0029125978510668813,-0.0015207845562859395,-0.005492807995626967
2009-09-21,-0.008102344415078733,-0.004270416192698275,-0.0020418510265684305,-0.007895522970144647,-0.008835508489649
2009-09-22,0.013454814837653206,0.004893076277779579,0.00512513168171886,0.0007507026219284587,0.005666361954611813
2009-09-23,-0.013276186210441465,0.003294355147763678,0.0018276944506280975,0.0054884543616161114,0.002341953972058086
2009-09-24,-0.014176615593933684,-0.016523377114581867,-0.01551350806850966,-0.021002129191582748,-0.019248188920069506
2009-09-25,-0.0021933678279317803,-0.002692526158995427,-0.002273473349268913,-0.0005030010544444345,-0.0058178806703247776
2009-09-28,0.022472068767410258,0.023215432730458167,0.022224053323706083,0.017789687554635635,0.022968868536410194
2009-09-29,-0.006211219713218696,-0.001603987088605361,-0.0032045901531968075,0.0021657384223101655,-0.0011750582105471705
2009-09-30,-0.006490781578366245,-0.006140387796748437,-0.0056025603027613285,-0.00022924446901968195,-0.009271869332985662
2009-10-01,-0.030244252509178837,-0.022238680570665907,-0.020507388510544778,-0.027843073520626236,-0.025351389926250623
2009-10-02,-0.009730802115974768,-0.017594109911075462,-0.016073778803485372,-0.02419923432650994,-0.01668458804373411
2009-10-05,0.01990444872271646,0.010603647273528936,0.010161404264840948,0.010229139826340963,0.01242067283861322
2009-10-06,0.02346870422260916,0.02842917335250463,0.0257520928760678,0.024353072998191058,0.030550301985770887
2009-10-07,-0.003861919418340798,-0.004156453369008274,-0.0034037773386455905,-0.004033684414685745,-0.0006288793060128
2009-10-08,0.013811287047527543,0.014576943757518173,0.013635809892683494,0.014222725415135138,0.023762511930937195
2009-10-09,-0.0007167153801836967,-0.002492596452598578,-0.002375266458823145,-0.005352926733766736,-0.0034898796397789776
2009-10-12,0.01219829414717677,0.013150101369575796,0.0115117774632526,0.019939843059467104,0.01589878384569489
2009-10-13,-0.005435043666483397,-0.01321369285999877,-0.012747291178706828,-0.01595157770695314,-0.011867242982352056
2009-10-14,0.03349987039012392,0.025228400051957,0.022114007092071872,0.02704487777342076,0.02794099766778063
2009-10-15,0.0011494519767552003,-0.004202138881205797,-0.0045523201652697244,0.0013644080335452665,-0.0036744010832373813
2009-10-16,-0.023421547894079464,-0.015529294990551556,-0.01382274529058198,-0.0295912145187951,-0.015869117706642937
2009-10-19,0.01998576233069982,0.019347296142485124,0.018276994309582625,0.020641163000812677,0.017152436685781165
2009-10-20,-0.009220836294479229,-0.009397400049126805,-0.007213211208512911,-0.01860661971611832,-0.009988983754020348
2009-10-21,-0.0006982963092427852,0.002269412499088482,0.003660620290186,-0.007309276766397055,0.001198084313801825
2009-10-22,0.010710131654535271,-0.012900984610883296,-0.011258076497497589,-0.011943615855130202,-0.015987392956722017
2009-10-23,-0.015434174839771386,-0.005815831380100523,-0.006990014018890794,-0.004957913943069343,-0.004457348933812524
2009-10-26,-0.026672677394120714,-0.020077470526953658,-0.016156770705262887,-0.020647572273041842,-0.020753983893300302
2009-10-27,-0.00985574140591805,-0.001592703298318267,0.0008465065675845738,0.002633478853952386,-0.006997388472293765
2009-10-28,-0.027433623882871183,-0.022653564092058376,-0.01876708596760995,-0.028696007354660862,-0.03225657006281715
2009-10-29,0.037693353505340754,0.01844779522455566,0.013614554745124447,0.004911941241567064,0.026018277512191258
2009-10-30,-0.04594672221240381,-0.02909709643398759,-0.027252502184882576,-0.02600472590918691,-0.0366551621581759
2009-11-02,0.005295099950257232,0.007150299157971306,0.007036392850843809,0.004096088899753448,0.004996904343942695
2009-11-03,-0.007274000772921507,-0.017457904312637162,-0.016481599920008787,-0.018240388570776863,-0.02171314839499529
2009-11-04,0.017433172477711034,0.020280417429326635,0.017196433386945695,0.013567404270649992,0.027455698567591988
2009-11-05,0.020362497926576406,0.011011691434045987,0.010846976571926889,0.01694629837061351,0.009407535389326325
2009-11-06,-0.005110281638675884,0.000492849585566812,4.870911046624518e-06,-9.773649957730203e-05,-0.0027593673964637585
2009-11-09,0.03767066344686554,0.02355644064561439,0.021135392744741223,0.018889808841725336,0.03053228675562029
2009-11-10,-0.0028286370959017537,-0.0032800830342410645,-0.001773990786913187,-0.0017823737827807164,-0.005756470829072273
2009-11-11,0.00661945130805397,0.012283460525732353,0.009362685373391782,0.009567719148481181,0.015872581284251716
2009-11-12,-0.016204754261884502,-0.003827708637326381,-0.0013547701011480996,-0.00047370088862828247,-0.012267038654356528
2009-11-13,0.01766553147181993,0.002798505862379915,0.002548093739042438,0.004947440266322125,0.0014752428217872633
2009-11-16,0.011728506226326374,0.01514914857341902,0.01385653670204931,0.01447436175720799,0.01624361848425912
2009-11-17,-0.006260011522433384,-0.007328976438553217,-0.0057345152202485355,-0.0040698476469651045,-0.009262462993013948
2009-11-18,0.004199803671721236,0.00035197830426715506,0.0008673128909760007,-0.005809273722755468,0.0014504048284205416
2009-11-19,-0.015566850181585101,-0.017940621079575798,-0.01734962168279132,-0.01713095225857527,-0.017129878772514467
2009-11-20,-0.01652165829801211,-0.009523626772494508,-0.00833736567748638,-0.011593532400037198,-0.010872210961589216
2009-11-23,0.02399880479332772,0.0224475482096372,0.020610956512482504,0.021918840310511913,0.021905710344877132
2009-11-24,0.002343174497495548,-0.006770617260488009,-0.005613378164204542,-0.0016390069712483941,-0.011511255316169491
2009-11-25,0.015431413423599327,0.006467366224960942,0.006546186503517795,0.007180086188672188,0.0066084072855268445
2009-11-26,0.0,-0.03659443712254342,-0.032620957541704625,-0.0479781249371164,-0.041503141208248974
2009-11-27,-0.040985564440751854,0.01245363448116702,0.011453195989494328,0.013957693152063208,0.01235752634110916
2009-11-30,0.001200355958161925,-0.012307724472832661,-0.011775666105027897,-0.007022200095291717,-0.013727897551125362
2009-12-01,0.02661930513553079,0.02753288682188646,0.026559481931621116,0.030469576867737824,0.027167597455112533
2009-12-02,0.003970622026772563,0.0013113510912963434,0.0020051840416149933,0.009482351949135751,-5.369677157421521e-06
2009-12-03,-0.00977178813443147,-0.0003912671339049849,-0.00016417472737552616,-0.0036288473320916243,0.0006243980976784607
2009-12-04,0.00023434098464103492,0.011275737258435772,0.011532131524083895,0.01071045607366063,0.011027115152432364
2009-12-07,-0.006106883101243188,-0.0045452449727516435,-0.004590869945203838,-0.004544452923029838,-0.0028052428864701637
2009-12-08,-0.023871874561533613,-0.017265248913589725,-0.016441902401734255,-0.01777711940350575,-0.02019765463590807
2009-12-09,-0.005326556629051571,-0.01009481018192774,-0.009663760390900614,-0.0015575207469013734,-0.00868699874131969
2009-12-10,0.006572169183098664,0.01222979747046215,0.010997803057178897,0.015211108239426245,0.012263063272291985
2009-12-11,0.004595291636980914,0.0038668797281181987,0.00432529132797506,0.009610784463358633,0.005705390190808384
2009-12-14,0.006018130395832877,0.00843942740317551,0.008307750841388581,0.0026246499898774506,0.007542859048731568
2009-12-15,-0.00981093200547789,0.001523396773030509,0.0012841514424782624,0.0050494302485378775,0.0022809408958363708
2009-12-16,0.01715811290233571,0.012701143820910556,0.011141297399290892,0.004876443577878268,0.015242288238328223
2009-12-17,-0.02779741316043982,-0.011223115894788777,-0.010980930209776961,-0.011197195219202,-0.008492336400912659
2009-12-18,-0.0024572006123129153,-0.009567023453257707,-0.007653747477163613,-0.004693810691243329,-0.011892304874361926
2009-12-21,0.015517499906818832,0.01794954186853696,0.018147090244617897,0.020722615881360384,0.019565517820922786
2009-12-22,0.005578160954681666,0.006410699273153727,0.006847946309271899,0.006857680080395573,0.0047497134998030635
2009-12-23,0.011818860128642417,0.004660351134554141,0.004256051662628701,0.0002052106345469422,0.004148927645102702
2009-12-24,0.0028601614580310297,-0.0002474477728897928,-0.0004091525181855879,0.00013408205089617334,-0.00035953318812649863
2009-12-28,0.007606746466815917,0.010657813673273954,0.010280370520705977,0.008139950097669955,0.010880276483480427
2009-12-29,0.0,0.005281139600725034,0.0030855157082844325,0.008453022314809298,0.002761460056476203
2009-12-30,-0.00990818530714499,-0.007896222666949934,-0.006768993817298065,-0.01281585369714681,-0.008788611244206957
2009-12-31,-0.011675317684697206,-0.001109882503973221,-0.0004890997497900615,0.0019390770138681453,-0.0010191299783276922
2010-01-04,0.03423361574087358,0.024550440126038603,0.02265584061897449,0.03184524874739554,0.03035200474521553
2010-01-05,-0.004661792835800038,-0.0009508394361741773,-0.0014650795356566076,-0.0022854909208139687,-0.0013217298344135727
2010-01-06,-0.0014055172006613992,-0.0007341430334716386,-0.0009279791769926634,-0.0027594799741052257,-0.0008349203891263691
2010-01-07,-0.0030483757011916524,-0.0002258950641506756,-0.0015277388855853772,0.004702739553610956,0.0037486308889680404
2010-01-08,0.007762851630662482,0.004302065881444233,0.0022042094764060873,0.007128854785668457,0.0106179013718832
2010-01-11,0.0060685811914984455,-0.0020680787016655864,-0.0015906054234659935,-0.003146416636708967,-0.007305787386300185
2010-01-12,-0.017400899592072694,-0.012061567903105072,-0.010701299337421196,-0.020272799974492637,-0.0140475100853687
2010-01-13,0.00944496754029056,0.0014126478216899578,0.001976033568160251,0.00030616175150757557,-0.0007105148241452201
2010-01-14,0.004444330803055285,0.003318823716953289,0.0029143831666545213,0.011197822317219412,0.0032878161230099332
2010-01-15,-0.03050724154659956,-0.015897405530721765,-0.015254246099538436,-0.020202850354785803,-0.017290806153727776
2010-01-18,0.0,0.005872055956483189,0.006496725474603696,0.006959116608290448,0.006312719701295629
2010-01-19,0.012010321968058513,0.007877820080118149,0.008410439837962053,-0.0035964563066594136,0.004573201734114524
2010-01-20,-0.03346809546419971,-0.023923683430245014,-0.023297987058058595,-0.031949329739759315,-0.028715816611281704
2010-01-21,-0.034381209375636934,-0.017907499991519287,-0.01596997317382293,-0.021800363986763247,-0.023935670673853507
2010-01-22,-0.015767792880196474,-0.009126366741861906,-0.008395836017054506,-0.007111605066888951,-0.010609589035735115
2010-01-25,0.006976720265550407,-0.00870143228234731,-0.00966752167634177,-0.010832649683792087,-0.008931962891424268
2010-01-26,-0.002565959641504967,0.005908662414204375,0.006197389538604149,0.017920219055268742,0.004932311818160921
2010-01-27,-0.0020584061989837865,-0.011799263305897019,-0.011579284542219296,0.0001350615180737636,-0.015592226598166047
2010-01-28,-0.023459632420204324,-0.01983687065083081,-0.017364340834603142,-0.007609318683194232,-0.01814831566147186
2010-01-29,-0.011615617995913707,0.013582979305676639,0.012814083355682892,0.01152233919978405,0.013526338433952154
2010-02-01,0.02590809065224353,0.007949540195052032,0.006890429287624623,0.008738149952496643,0.005810473099243965
2010-02-02,0.018745139551171075,0.01432513056376439,0.013366157394321974,0.014227366612740438,0.013333410670388617
2010-02-03,-0.013288723791961554,-0.008215119463325843,-0.007624956960269656,-0.005332034782805862,-0.009303804336998038
2010-02-04,-0.059311391268231706,-0.03303494117606442,-0.03021123542160836,-0.025112327490576538,-0.03868789289126217
2010-02-05,-0.017345758649915832,-0.02997153747927158,-0.02840265799906714,-0.026205554437407564,-0.035904466281946996
2010-02-08,-0.008966096821913294,0.011643541810799124,0.012333127672082965,0.009015709292682635,0.010698046852579836
2010-02-09,0.04127808045519821,0.004018637064349036,0.00232657851578703,0.0036612598883638443,0.009775866434403058
2010-02-10,-0.008145505351149107,0.011114649153641156,0.010527747878509356,0.004478151187658076,0.014252872620407355
2010-02-11,-0.004106026782143224,-0.008727406342320042,-0.007353530580862185,0.0028165031806062072,-0.01351441753920094
2010-02-12,-0.009346165285559982,-0.0027648486687493357,-0.0010085189262426198,-0.002597267565893504,-0.0033904934918322855
2010-02-15,0.0,0.003300709269092326,0.0030703349914005936,0.0012197196771052512,0.003185361341669745
2010-02-16,0.03107680038191063,0.013530143055742166,0.012463366916648922,0.0061701148538908885,0.015007734997776022
2010-02-17,-0.0024222056345547527,0.017048315710809125,0.015190919110240168,0.016513014622156662,0.017232444998483726
2010-02-18,0.008632232221619907,0.005380437893425025,0.006214021311452473,0.010078402792054807,0.001297135134593976
2010-02-19,-0.0029418129060391207,0.005005340731840772,0.005177554022852974,0.0024183590038438646,0.0063500384570315364
2010-02-22,-0.002950831675056498,-0.004022873162985837,-0.004205762010030687,-0.007611707854592533,-0.002083388255294241
2010-02-23,-0.024481663931428477,-0.016274577876365985,-0.014132309292139374,-0.017478757357863823,-0.017615839065588147
2010-02-24,0.007997793952362553,0.0030873683567499604,0.0031310103482924266,0.004089503949792403,0.001484641323067721
2010-02-25,-0.010670708385572714,-0.01775610832447167,-0.016552268256906574,-0.019085646046498587,-0.018152602992104784
2010-02-26,0.012445174605154818,0.01732199626455303,0.016211278735004223,0.024097395896480113,0.01810511187997738
2010-03-01,0.01693514370666782,0.016663319262200875,0.016016432902280827,0.01379376315858674,0.014225244097338914
2010-03-02,0.002148910211294819,0.009417266910901907,0.00874548276670594,0.008887078310318779,0.009720452963071755
2010-03-03,0.013132708467860299,0.00908897676650643,0.007754846245006942,0.0021257445966749093,0.01373773592226108
2010-03-04,-0.0031742587838291536,-0.0029464134039591146,-0.003605768291468151,-0.002768710406169358,-0.002509696362976455
2010-03-05,0.026804269097271183,0.021937126256564524,0.019514370063318347,0.022120633099265336,0.022561962951334648
2010-03-08,0.0025847751964138688,5.454930617051984e-05,0.0010379495555211176,-0.007801587242425017,-0.0011202330657817422
2010-03-09,-0.006444667564940221,0.0004654158949424618,0.0010869798203157622,-0.002365237418681325,0.00040098589384574945
2010-03-10,0.011675893199230902,0.011299837959820007,0.010100602465078,0.01552327260950597,0.012575525490061808
2010-03-11,0.0012825649678831486,-0.004306528531652065,-0.0037951391148803443,-0.005728073659759925,-0.00436746308206255
2010-03-12,0.003329636793967472,0.001366764120576988,0.0002469250141945537,0.004199865506235408,0.0017748480887910735
2010-03-15,-0.0074030640432627415,-0.010258484411654858,-0.008652215924826475,-0.014054518633040605,-0.01324955078733948
2010-03-16,0.014660032752459529,0.012435429712709918,0.011045326242536142,0.016934868526398923,0.01593074515650257
2010-03-17,0.004562562498593659,0.009251922710314124,0.00723969541374504,0.014862398020738679,0.010501892435025202
2010-03-18,-0.00984075977409582,-0.005739957083567721,-0.005233305374031538,-0.01019515936449343,-0.008261005022826652
2010-03-19,-0.015079934400413553,-0.0047417406278292915,-0.004326024535585025,-0.002652975684610505,-0.005166627915300375
2010-03-22,0.0012950499468467047,-0.0020995660826871065,-0.0019530232146335155,0.0006150304035403972,-0.005022467202272679
2010-03-23,0.004139567265131205,0.00801030503937504,0.006849291644318893,0.01094176899193999,0.00982952394156261
2010-03-24,-0.017005615015542652,-0.0015813613252653375,-0.0013108356019596874,0.003044349658971738,-0.0025842057267271745
2010-03-25,0.003669954680736831,0.015027287147170993,0.013909700417406395,0.021509679325407687,0.01785230676628558
2010-03-26,0.01149064980736303,-0.0023130363339408907,-0.002595008631948706,-0.0005134517719697358,-0.0027540756392214717
2010-03-29,0.009295298459432555,0.0022869475530092978,0.002908772493747169,0.00012454373929927614,0.0025847794203754924
2010-03-30,-0.005116073820565448,-0.003006675598704389,-0.0012096739836948754,-0.008419216291932565,-0.004228833610402146
2010-03-31,0.0002568676186562868,-0.0029742853427351715,-0.002509816748987682,-0.0017718761738422283,-0.004887296351999552
2010-04-01,0.024164419246627045,0.016297742680127708,0.01454806110776638,0.019082653739190977,0.017749941027743896
2010-04-06,-0.009035841620009477,0.004099040933329924,0.0031063199740531257,0.008371408464524303,0.005684995682842174
2010-04-07,-0.014437754282690674,-0.004073027237520363,-0.004091886664748019,-0.006716689924546438,-0.003179369704782985
2010-04-08,-0.0035979478017396094,-0.01138179108359343,-0.010106916802336979,-0.01903768382747978,-0.015189766254704395
2010-04-09,0.023213649318166496,0.016806648993023837,0.016278706929163413,0.013449588756832142,0.01643126401311889
2010-04-12,0.012604296098075896,0.003476235012749129,0.0027903487605250715,0.003177614446820801,0.00660488690354496
2010-04-13,-0.00149413793181985,-0.003749864817411258,-0.004030412873054097,-0.005444972418405403,-0.003988592781957716
2010-04-14,0.010969893561746158,0.0077506256198179736,0.0070140819831170775,0.013346923144827792,0.007809558851605343
2010-04-15,-0.005178533425825638,0.0020138660802062613,0.0017119422546741571,0.002732073431709127,0.0023989290864729926
2010-04-16,-0.026772779866472862,-0.02062361618087651,-0.018437247443078526,-0.029131337731762928,-0.020322647898531363
2010-04-19,-0.0015280477492217726,-0.0040169396133126695,-0.0032914534933231395,-0.007988361012025788,-0.005695043713436169
2010-04-20,0.006122752383536545,0.015628543330064346,0.01491074240840275,0.020808230169096664,0.015381203411240633
2010-04-21,-0.014706240007782534,-0.012237685759062582,-0.010751963327746977,-0.017087066194419985,-0.013581092770095511
2010-04-22,-0.015182482747510995,-0.016379332586486092,-0.014487850289390857,-0.013296587568602462,-0.015517261397108113
2010-04-23,0.007838704161410082,0.009140810819872742,0.00900235068505026,0.011126784787339911,0.0020041390368216836
2010-04-26,0.0012964667110002548,0.009180153909713155,0.007996612353861607,0.010686695759377871,0.014290128648079142
2010-04-27,-0.05851857062522303,-0.036764443216575765,-0.03426229769269449,-0.030600146884293026,-0.037621168976936604
2010-04-28,-0.0035754504480073335,-0.018299434921478473,-0.017566508675146753,-0.018312597202245227,-0.017279131209081977
2010-04-29,0.01794079120001335,0.015631044359816673,0.014440975910489737,0.017321834340412675,0.014770467256863342
2010-04-30,-0.005964981985533635,-0.0031641638083046864,-0.0024402380021435336,-0.0016309411483829525,-0.004605141681376957
2010-05-03,0.00490960104445759,0.00237832597635459,0.003118142351799286,-0.002118162625122351,0.005715683012800921
2010-05-04,-0.05510322031061743,-0.03616573758549712,-0.03260626293555354,-0.02297662529154788,-0.04598225023265697
2010-05-05,-0.024993072637284564,-0.010914487162211833,-0.009157861888790409,-0.009562482260492089,-0.016606264676037243
2010-05-06,-0.04832045055108003,-0.02125194287364968,-0.018181469062823207,-0.012271216968453645,-0.03524124023843962
2010-05-07,-0.019504063802495364,-0.02490005296117218,-0.024486338881389392,-0.030621946120550286,-0.023642751595192277
2010-05-10,0.10830401484241436,0.08586818571908601,0.07562415237275724,0.05144596091203715,0.07363371468149763
2010-05-11,-0.01623938984459894,-0.007844573404461631,-0.005526995713339486,-0.0017378456370933805,-0.00916632258622113
2010-05-12,0.013322219376316502,0.013992119872076776,0.015065636597894625,0.015104451633083053,0.012393983473047357
2010-05-13,-0.02143517362091152,-0.0007158147451677565,0.0009564154327159227,0.010085844348636436,-0.007418425573305024
2010-05-14,-0.043224247068681554,-0.0458459399118649,-0.04135863973628921,-0.034461105577568506,-0.057980808171368185
2010-05-17,0.0027470879009379168,-0.0008581780700161178,-0.0006978585016579523,0.0019968491625021513,-0.0006914166714780067
2010-05-18,-0.015220504395622836,0.022448695144801377,0.019748417026345496,0.020058002328453846,0.020041927916754704
2010-05-19,0.01298293423482022,-0.029710912817947792,-0.027004473154934587,-0.032860385191346785,-0.030452239783101066
2010-05-20,-0.03326205010687655,-0.01758039110999784,-0.015866713981687822,-0.024623808497304046,-0.018794822324931907
2010-05-21,0.030618862077177234,0.002482335455855925,-0.000628449944702629,-0.004920433823650538,0.005737394758548214
2010-05-24,-0.03736611488599817,-0.0047934004808239845,-0.0035466495265286026,-0.0038827230274645235,-0.0037617498660208744
2010-05-25,0.0003181370760199087,-0.02969491593325827,-0.02557567657342965,-0.022999468575184864,-0.029105249858301215
2010-05-26,-0.02767213379305533,0.01942315661322204,0.019363450030244176,0.021325481806984938,0.01701872525701115
2010-05-27,0.0765460180784514,0.03994787361783729,0.03608836975964341,0.03467299171147068,0.04177680503776467
2010-05-28,-0.02096657859204787,-0.002576807288390999,-0.002253129812171242,-0.0015544287389766874,-0.005842853629409738
2010-05-31,0.0,-0.0013561828133226818,-0.0005213876716094952,0.0036749388753013713,-0.0010929515802460814
2010-06-01,-0.017690569227632458,-0.0019420622612191147,0.0004870904864089717,0.0026293338046938608,-0.002520794037027246
2010-06-02,0.02811998079123801,-0.0018952056138060677,-0.00046205501562028865,0.0014816621564852262,-0.0019235672704461626
2010-06-03,-0.007683091458411395,0.012401843075099318,0.013126140683212165,0.014298647870544148,0.013416495282208474
2010-06-04,-0.06100909439046853,-0.03164515218359632,-0.02729557915177905,-0.027037250220972375,-0.029011937374561904
2010-06-07,-0.010224444508271202,-0.009959604995763637,-0.009331875481641147,-0.009616393435688457,-0.009805322010402993
2010-06-08,0.015661322790675003,-0.007947002199292473,-0.007729810548810231,-0.002041344524316145,-0.007797969667406151
2010-06-09,-0.0036086844450792244,0.018616550475759892,0.01755668139630804,0.02529064647854141,0.022012528865236268
2010-06-10,0.05367146762083164,0.020881782370151335,0.01796043374371184,0.01728760588668537,0.018370911469234148
2010-06-11,0.011249814751216336,0.012149091781443125,0.009533879955628622,-0.0021315642815638762,0.00758636797492673
2010-06-14,0.011124761843473108,0.02015884703890176,0.018163517261161596,0.00945180281762009,0.021556618144677128
2010-06-15,0.04645469015580961,0.012288281104805948,0.010704077665808928,0.0027225030010343642,0.0104991935392119
2010-06-16,-0.009637672004362052,0.0018381075352655184,0.0020935187605324616,0.003799512841469667,0.003014687051454888
2010-06-17,0.006487516355572209,0.003584611308119194,0.003663624675939648,0.004603685155183408,0.0025891382323406055
2010-06-18,0.0018944562655358599,0.004130843880920965,0.0005867778508946744,0.006628177977877141,0.0004494720801382391
2010-06-21,-0.006601357753155845,0.012763030698769945,0.011875706335531177,0.016153048691894108,0.012759521215978138
2010-06-22,-0.01298680308663347,-0.009569411467247735,-0.006689718759413969,-0.01328387493540178,-0.007177535824483701
2010-06-23,0.0058139677141704205,-0.015270672102346172,-0.014456421906559234,-0.012916217802258205,-0.015544830956091025
2010-06-24,-0.025859533834137638,-0.022188694480778495,-0.019405825989632933,-0.023306612976089765,-0.021070571031560282
2010-06-25,0.006870955680049695,-0.005573570957411395,-0.005945492946525381,-0.005693012078051072,-0.0067747047148885116
2010-06-28,-0.00558347563655337,0.014795493479082662,0.014117418690408466,0.014919255345330416,0.014534258340806704
2010-06-29,-0.045227210940214535,-0.04275003654079355,-0.03770769416750992,-0.04141865412324798,-0.038422731766133617
2010-06-30,-0.0013069556303232366,0.0046062235490676945,0.0032665700496442357,0.0036724735684258354,0.00284448175689173
2010-07-01,0.019953735920497317,-0.022028502917998193,-0.019886334583181745,-0.01687946459822679,-0.021540919812993223
2010-07-02,-0.00994206977528922,0.0027934645333674768,0.0015088776606256322,-0.0013730543894688617,-0.0013770414127899778
2010-07-05,0.0,-0.005473390131727687,-0.004360097553687451,-0.006816162833436947,-0.006552681454342785
2010-07-06,0.028506483129755456,0.029607534656481683,0.02720832524534449,0.0358621039759763,0.02621146070032052
2010-07-07,0.04724432483033025,0.021790388362639794,0.017738697525794496,0.04826377186242803,0.014593001697597023
2010-07-08,0.00781978260149696,0.012723792537379014,0.010702498162206763,0.017617286194972846,0.010905459960570005
2010-07-09,0.0038791869190444306,0.005750653827046494,0.005770113827864051,0.0047261865051526014,0.005735370015450403
2010-07-12,-0.005053708105068111,0.0014493010025541386,0.0017583906479945346,-0.0011946588789377244,0.001709452246038585
2010-07-13,0.0236035133879251,0.01860475711018909,0.016587389588619036,0.019146401318827937,0.017952858248773712
2010-07-14,0.0023349816718618577,0.00011838276258154054,0.0012996768795345013,-0.005488128471389027,0.0011109010790051165
2010-07-15,0.007280323253875398,-0.013717144422935605,-0.01130142042827869,-0.013045065181266365,-0.014973311339209013
2010-07-16,-0.03151212816427662,-0.022633790959023035,-0.021864363874856328,-0.01381595496102064,-0.019708921540930204
2010-07-19,0.009552277117665486,-0.0038294635868874535,-0.0029724279422732613,-0.0033453355390011,-0.004518422417028827
2010-07-20,-0.00384372128382926,-0.0036167994065981115,-0.00441387064724699,0.000700581857400172,-0.00229845767384107
2010-07-21,-0.02433969940937708,0.006406459030554284,0.005987268314416759,-0.002695780903182111,0.004961661223600696
2010-07-22,0.04472151785863843,0.02940620960646415,0.026492375047160337,0.023731380783842373,0.02551847527999841
2010-07-23,0.012521815669093384,0.0024243004305436484,0.001935159651389273,9.530678497237871e-05,0.006013878590383098
2010-07-26,0.012079754258270459,0.00987719230616934,0.007720537019953094,0.01863178414320255,0.008132808070321969
2010-07-27,0.008809225162942358,0.012359659317764966,0.006461285371608826,0.03676804494305435,-0.0013877464038771815
2010-07-28,-0.005352211560153197,-0.000404218406856246,-0.0015453382098352996,0.0030715700768572333,-0.000546130794654131
2010-07-29,0.002548794925090858,-0.003213782280450942,-0.00247238144547733,-0.006585520136545156,-0.0024571839474163315
2010-07-30,-0.005649772487864246,-0.004713606061380392,-0.003383903367384485,-0.0121043198039098,-0.0024114052103723707
2010-08-02,0.04346588446795474,0.030419303052009197,0.028071035593224117,0.0402792531295571,0.025360234822058826
2010-08-03,-0.0024503413178753597,-0.0011667423622518797,-0.0013546259601296845,-0.002177321654747096,-0.0006917404769007003
2010-08-04,0.003275174964464611,0.002455748872939879,0.003424099982344433,-0.0046484773626247755,0.003012615605778103
2010-08-05,-0.0005441502550788124,-0.0020754517820294935,-0.0024666594297800084,-0.004037522869265312,-0.0031372880683158484
2010-08-06,-0.0019053116767956402,-0.01316810203915125,-0.013575167161140322,-0.011184643064765055,-0.0174000871977374
2010-08-09,0.004363215736293391,0.017014989943514778,0.016884008440323773,0.016962135448854086,0.01733609335123167
2010-08-10,-0.005701383008749672,-0.009946476061888726,-0.009290389772512217,-0.014446550234279782,-0.006572210736618657
2010-08-11,-0.0592575970029221,-0.027101247584835758,-0.025288288903528883,-0.032015491402639464,-0.02600893169326311
2010-08-12,-0.0031930602027585575,-0.0018630084308849618,-0.00041267749684593735,-0.00451082388387674,-0.003235558148218762
2010-08-13,-0.0128127061836536,-0.003904769286166262,-0.004139026677496951,0.005136737426160171,-0.006465166131170115
2010-08-16,0.00471973617959387,-0.0035661793742737717,-0.003397191222897303,-0.007965509744836135,-0.0026247265830179143
2010-08-17,0.01761541694139268,0.01610248546981101,0.015172625891928953,0.017138716547285177,0.01719754651043876
2010-08-18,-0.0014425330657028557,-0.004304263725659208,-0.003963760486952008,-0.007846137370248198,-0.004526130308178639
2010-08-19,-0.025714484255656478,-0.018974514880735305,-0.017502404518676372,-0.02364152377332666,-0.017115216804265025
2010-08-20,-0.016311107025057336,-0.012549515059501169,-0.011643922075627314,-0.012257651706546356,-0.011115958548360734
2010-08-23,-0.002713326033882968,0.0057928583483150544,0.005565755269081979,0.008297250279306988,0.004130632472669214
2010-08-24,-0.018137837749138352,-0.01687627624602801,-0.016271902883494255,-0.015055904849951306,-0.01792945052311694
2010-08-25,0.0,-0.010578559654265825,-0.010019481045307288,-0.0071047083769698255,-0.010556968807512035
2010-08-26,-0.0030788949308641067,0.007952201115118549,0.007445235834447698,0.0037169764066416026,0.006700496281634664
2010-08-27,0.02501553889967867,0.009656675491336374,0.009712383733365802,0.014323144023136128,0.010892262978617048
2010-08-30,-0.021994590332095054,-0.004631360530281562,-0.004235262912458229,0.00017570046042960445,-0.003902059597318915
2010-08-31,0.0036966471611110663,0.0017876623162256826,0.0014785978127835485,0.00520031353249512,0.001388976081946692
2010-09-01,0.045427054183035054,0.036182088720769855,0.03421426722176536,0.03068067153977142,0.032979622498700796
2010-09-02,0.012918032621095588,0.0007791785111940053,0.00036618066389608364,-0.003828092772241826,-0.0006328547850743483
2010-09-03,0.01478274985409267,0.010759281600243555,0.009806067876619874,0.002700487904428351,0.008003133546518753
2010-09-06,0.0,0.0030502073835704095,0.003420952697385295,-0.00032250215012790583,0.0022806175449482983
2010-09-07,-0.029705542182476008,-0.009877418847188775,-0.009059757926527358,-0.0067037461119629545,-0.006542479367481883
2010-09-08,0.009419930141123745,0.008651291780442397,0.008914340636609041,0.012437365964282736,0.008694808028181435
2010-09-09,0.00991545956763118,0.01069449943585868,0.009869808366861445,0.0017139259124488717,0.010495700938839225
2010-09-10,0.005775305705767453,-0.001339797401657464,-0.0018339011487562321,0.0038837756051738467,-0.004283014581127594
2010-09-13,0.022394446288931613,0.009175636714343153,0.007862181077586225,0.011318721280038333,0.008458580009051066
2010-09-14,0.009828600171107649,0.0003378810975901015,0.00030691613124517175,-6.522521360996678e-05,-0.0028359902485970484
2010-09-15,-0.0011123407734556778,-0.003381835103952588,-0.003200487033293267,-0.002750379483039991,-0.0036833869010707556
2010-09-16,0.0025050828574690875,-0.0053183727843778665,-0.004450387188969331,-0.005395300524314189,-0.003981728019144791
2010-09-17,-0.013578521702472535,-0.00743257484417853,-0.00859893372782815,-0.002621157107977451,-0.007193312425266432
2010-09-20,0.01833532833032825,0.016788611512975782,0.016260153010366866,0.02119741225350184,0.01515515900932922
2010-09-21,0.006094719437404805,-0.0017206191398720849,-0.0017932211801998043,-0.005760076092965608,-0.0004978442973236367
2010-09-22,-0.0005509932413749752,-0.01530861032990439,-0.015101923207616955,-0.017007298367170274,-0.016524456203402215
2010-09-23,-0.019007993468314277,-0.006074319387635143,-0.00512074321209433,-0.010787678077336663,-0.005114620390310284
2010-09-24,0.04352683256255152,0.020026534675532802,0.018288850513612082,0.027332271322780266,0.018296030029695494
2010-09-27,-0.012648049488029556,-0.005559970119501713,-0.005001117877429776,-0.007804420709716157,-0.005558329849974218
2010-09-28,0.012537437093844916,-0.0003038507489144214,-0.00023755913367781394,0.0009767415777090674,-0.000871253707989188
2010-09-29,-0.009151501191216993,-0.00734245130296627,-0.006661802426051611,-0.010609975572394868,-0.006310116401002078
2010-09-30,-0.0027167917609385306,-0.002606063653286059,-0.0026201935447670473,-0.005240781083435918,-0.0037948605383848677
2010-10-01,0.008989117275238767,-0.004448675411995317,-0.003625717880033439,-0.007328448894115112,-0.00481707190769868
2010-10-04,-0.02078871027511986,-0.012833369956673281,-0.012521758114486015,-0.01208403077843731,-0.0145074258441812
2010-10-05,0.04080535985855471,0.021175409663694945,0.019762046952477394,0.022720732734557127,0.022486433295718283
2010-10-06,0.006092736597747894,0.008183696650183097,0.007695890523948369,0.013000457493064188,0.007510239748695403
2010-10-07,0.0018428955020710625,0.0023852027801301327,0.002067048222840399,0.0004403952955798499,0.001349021453080671
2010-10-08,0.003679736964590008,-6.200190169333315e-05,0.00020053259676175436,-0.00017427182454822238,-0.00020834540362894914
2010-10-11,-0.0026187816894566174,0.0024621090004557015,0.002575251912141525,0.004419912923364479,0.0030519642478166052
2010-10-12,-0.0005248253342124976,-0.004722399567534355,-0.005313884384993584,0.0010349279479916823,-0.004826951965201364
2010-10-13,0.02153921567837025,0.022219786446387255,0.022064314072364984,0.015286213689570486,0.025644525870929614
2010-10-14,0.007200117311977339,-0.0011079503589357805,-9.507436703668705e-05,0.005532187336105244,-0.0024844403462232108
2010-10-15,-0.002042671844235344,0.0013192738951254802,0.002345020152914778,0.006323793219490417,0.0007290104727953014
2010-10-18,0.004860215604246099,0.003688087024958606,0.0036564677114034817,-0.001256365046830842,-0.0003240312937019938
2010-10-19,-0.028258618624334653,-0.004705228836246652,-0.004674612516267945,-0.010367305955534322,-0.005411975526490145
2010-10-20,0.024888737499302316,0.005463449334673032,0.00459686124654166,0.007605976418832457,0.003639503370655428
2010-10-21,0.0033233898922124805,0.012282816350227058,0.012564439588459524,0.014813324590614848,0.010380964840222499
2010-10-22,0.0025477451985793653,-0.0036083301249258217,-0.003085476277012167,-0.008474148007431254,-0.006614628775977286
2010-10-25,-0.0015249184149149775,-0.0003462188377962154,-0.0002695793757685467,-0.0007934933794639558,0.0009300894452205793
2010-10-26,-0.006362645233019548,-0.0051155209365240355,-0.003946280192465332,-0.008678207138384726,-0.0073946584118575
2010-10-27,-0.012294878649957375,-0.008849357724673764,-0.008411143243364883,-0.007914546942527684,-0.008832921817928366
2010-10-28,0.010891685076579671,0.005405257652757893,0.006927341045863587,0.00398876016781904,0.0055099858877403225
2010-10-29,0.0,-0.0009405746447998628,-0.00021150021529452864,-0.002503629507846401,0.003925876098601212
2010-11-01,-0.011031188655578505,-0.0023181437892150834,-0.002684611166105556,-0.0027457962803003767,0.000379802783485957
2010-11-02,0.024903031246884977,0.00852645748682844,0.008598111037348562,0.01034040420521717,0.0073433730343448935
2010-11-03,0.0012651785889770117,-0.01069433791589714,-0.010745231948183191,-0.010432248102278432,-0.01347686582686297
2010-11-04,0.02300311348392481,0.01784378250044646,0.017240722264631022,0.014772386416194213,0.02267216756521295
2010-11-05,-0.016308136230012593,-0.003330396771711586,-0.0033045252896408443,0.00022172567067771544,-0.00328326087257439
2010-11-08,-0.009294667975098703,-0.0018949195832719062,-0.0023569011172145157,0.0003090490871075011,-0.002084269806712537
2010-11-09,-0.011663171637452563,0.007778833360017473,0.006975048968761476,0.003577302670738246,0.010872602288500875
2010-11-10,-0.002308853439539793,-0.014008088927545672,-0.012481667571830437,-0.017988710930941922,-0.015248844684023473
2010-11-11,-0.015170923172019846,-0.006074063748249085,-0.006098774275705625,-0.0029063984804617673,-0.005349315766162614
2010-11-12,-0.005744147924410914,-0.002401067670266524,-0.0029408177295088675,-0.0015825106104078368,-0.003124913831863234
2010-11-15,0.001313092689142481,0.008692460561347573,0.008379649013642633,0.008603057530169345,0.010157577119178836
2010-11-16,-0.026225804823503673,-0.023091417125599267,-0.021115809811649167,-0.024268753373269593,-0.02181975329822838
2010-11-17,0.006463378473431369,0.006735454791867926,0.006567904030122791,0.0037078232323043115,0.00932429940371536
2010-11-18,0.02863304763665564,0.018684873295955636,0.017965624678479963,0.027350452988422716,0.023392105904321257
2010-11-19,0.004682254272277309,-0.0025881167326364,-0.002710853406471125,0.00480227743755865,-0.0030194155717698694
2010-11-22,-0.019938053754247398,-0.011439109261909402,-0.010869862876053802,-0.0012345685966249145,-0.009763984837339333
2010-11-23,-0.04147960398814399,-0.025615250048431428,-0.02423223926942451,-0.02337352571593812,-0.025094691093061595
2010-11-24,0.005237248056050747,0.006288499900042712,0.0049349291502284185,0.024856478365992085,0.005441599435335922
2010-11-25,0.0,0.0024204224972115625,0.0024469068135148696,0.0059913493483827645,0.00275354079632235
2010-11-26,-0.019468283403091258,-0.009636642404511396,-0.008467538699706576,-0.007890181518781911,-0.008188215294447104
2010-11-29,-0.02376925857206602,-0.024682703598562505,-0.0231605352855359,-0.02337318828704194,-0.024767494409991958
2010-11-30,-0.024921064144658223,-0.007735859870334674,-0.007373058415382272,0.003725591489909689,-0.009237535828112466
2010-12-01,0.042303372888760515,0.025395963186135996,0.022625909912564576,0.03178265937291207,0.031209539651382946
2010-12-02,0.027620562266339466,0.02254540876534552,0.019127841766068444,0.027397441736582567,0.020655766144136594
2010-12-03,0.012616358711464049,0.0011955633949498681,0.0004195062188046355,-0.0013904372001592796,0.0012931439005353703
2010-12-06,-0.012729856407007079,-0.005669470750766573,-0.004546463667081828,0.006178639283196367,-0.005700715718609494
2010-12-07,0.006858979238649532,0.011973224187618441,0.01151669072577493,0.018199552449377935,0.0126800491042922
2010-12-08,0.007902077631295246,0.006490982758149537,0.005176323908832096,-0.009845164077303594,0.003376320710826765
2010-12-09,0.007569120008377395,0.00926250713733491,0.007667445545285655,-0.0071214980540879585,0.01006349886044541
2010-12-10,-0.0002679802475333837,0.0006294570028325504,0.0006711701796118398,0.01054853876459275,-0.0014517404567870244
2010-12-13,0.01315045053178765,0.007031822724044336,0.006249017006623532,0.010689891024385556,0.008575253590124069
2010-12-14,-0.0002650606700295155,0.0015831902148379141,0.0025514450887879473,-0.004503807180513269,0.0014432936083006442
2010-12-15,-0.019872133688456972,-0.0077317873523250775,-0.00622092247644965,0.0034070355532866453,-0.009954253676078165
2010-12-16,0.007028604899304014,0.0013373340430741874,0.0018210076269825177,-0.0012433175109425015,0.0012425107331586552
2010-12-17,-0.0093525371921227,-0.00836395910192825,-0.006991927133427805,-0.0036296504452547635,-0.004147741107334297
2010-12-20,-0.0005455527841242702,0.006222784467154826,0.005501263938848089,0.008227018476398616,0.006342727492812001
2010-12-21,0.007916705815501413,0.013420428685323187,0.012632423257239431,0.01183414187386967,0.014279663190759193
2010-12-22,-0.0005414806101143865,-0.0025941836252454734,-0.0015406653585333023,-0.005572352472417943,-0.005845832350382315
2010-12-23,-0.005691105067718083,-0.0027071508414941944,-0.0016639140069756077,-0.005673181499142378,-0.0035794672114895718
2010-12-24,0.0,-2.5238549240639438e-05,-1.3699187092557908e-05,0.0003121082581247946,0.0002301638244144673
2010-12-27,-0.0027258700924492896,-0.003838275216395173,-0.0036166657288339244,-0.0017575930593669575,-0.004439685972461336
2010-12-28,-0.0068323021729099764,0.0003232102041012609,-0.001113454665369031,-0.0005839779216622805,-0.0006525542107002212
2010-12-29,0.011282383469672919,0.006520056962231075,0.005998709557389618,0.0069480582501304546,0.006049911430967988
2010-12-30,-0.004897776287629219,-0.00481232297536234,-0.01125682754949917,-0.009908661042581455,-0.010982572544835322
2010-12-31,0.007383198962757964,-5.251524526350693e-12,-1.6963248705841732e-05,-4.47507841118479e-05,-0.00012503265649727136
2011-01-03,0.008685893038624881,-0.00019524093887925958,0.03552974830035027,0.035329748300350274,0.03552974830035027
2011-01-04,-0.0016144424345033714,0.0027270637346816055,0.001975839115273897,0.00491334582506002,0.005505471222975451
2011-01-05,-0.009434124273322353,-0.003501479639737538,-0.0032801039006166407,-0.000580025900577567,-0.002641889085243979
2011-01-06,-0.016054287717170213,0.0008829697995058133,0.0028343307411352017,0.0006623697034349015,0.0020535893408344225
2011-01-07,-0.016869515910944988,-0.009874184919649863,-0.008807242575395247,-0.0093766833163057,-0.009096441616269763
2011-01-10,-0.007594609556789922,-0.0180416187153211,-0.016653633477162377,-0.018018797882390372,-0.014742981222198609
2011-01-11,0.007652729045937612,0.014371409882590053,0.01309430148060589,0.012872476079588874,0.012245198688047878
2011-01-12,0.043881900464284085,0.030223817186998462,0.026393179620634588,0.015101002979913273,0.03603286008400362
2011-01-13,0.024791090401030447,0.014314463785467387,0.010863735769924781,0.01450988152377379,0.025725994867758548
2011-01-14,0.012884755337379872,0.0031166560276255154,0.0014326724429357478,0.0033729933853089904,0.004735298008440351
2011-01-17,0.0,-0.00250772245264854,-0.0020346710186408988,-0.005120935336950075,-0.0034580390414616427
2011-01-18,0.004673038092038562,0.013222993269280512,0.009688563142414112,0.011234166060559648,0.015590620876301402
2011-01-19,-0.005168192524486082,-0.007188259936124444,-0.008036926024047597,-0.015356086477027039,-0.008428810780134119
2011-01-20,0.01116857514163394,0.0034048800841235414,0.0014620397544332425,0.017164113881467522,0.007724760286903249
2011-01-21,0.020550018139324333,0.015363548324057124,0.01469524132391263,0.02175577803764989,0.014303224875079148
2011-01-24,0.008054456702442092,0.002035197649370098,0.0025519197759924154,0.0008806546527927631,0.002975737993331548
2011-01-25,-0.003995050390823929,-0.006197602131139585,-0.005091951238307781,-0.01934047695006584,-0.007009511977769367
2011-01-26,0.0005014703275070254,0.002340035211195539,0.003156201307159138,-0.005652488209445596,0.003037683841874382
2011-01-27,0.015785266239548568,0.007914886148525197,0.004531457393661821,0.026574631676906234,0.008839566631147043
2011-01-28,-0.0320672388309754,-0.011401321914191498,-0.011669820487890899,-0.01151642390054874,-0.008644334628143827
2011-01-31,0.01809382790474756,-0.0009256973810364683,-0.00024583033731976023,-0.0021503544541366126,-0.005705703805699618
2011-02-01,0.02578236316747251,0.01712166713685782,0.016495191325461334,0.022660208251991897,0.018513784703033997
2011-02-02,-0.005368411797235018,0.002911849932832901,0.00313986910332012,0.007499856533844148,0.005851822499324999
2011-02-03,-0.010304232006877134,-0.00504281040396287,-0.003591174401878586,-0.014482880337906503,-0.007581312079449965
2011-02-04,-0.00123931309711367,0.004184238011442826,0.004176066595419643,0.006380732933659398,0.004157932394715602
2011-02-07,0.00496378190774327,0.011083959550883093,0.010453283503462892,0.010093238906038492,0.007581730263451422
2011-02-08,0.009878905391835335,0.00432635374518852,0.003489684047486857,0.006622995943671153,0.005160396686884344
2011-02-09,0.0022011312882928014,-0.0034785779952929063,-0.0034668022265630554,-0.008680163010632524,-0.005499689850919061
2011-02-10,-0.010492683151080873,-0.0011237567367754818,-0.000665413230204853,-0.007343787247919219,-0.0007648723939275158
2011-02-11,-0.001973157777145129,-0.0011043285076886616,-0.0008638436407044154,-0.00031847563016015727,2.4066796440766063e-05
2011-02-14,-0.008400937014553023,-0.002386232546887095,-0.0012734968791290426,-0.004191987201106601,-0.005945615446264906
2011-02-15,0.0002489317281377801,0.002810685665398477,0.0024427110047806466,0.004453590544507629,0.004214843110465982
2011-02-16,0.01893362072716931,0.009853481350406637,0.00923225398967223,0.01921783807312436,0.014076155706492137
2011-02-17,0.005868223198342015,-9.219874919085414e-05,-6.964665040880898e-05,-0.0038031900806562657,0.0019231379382964597
2011-02-18,0.00486174316003396,0.001750000876186371,0.002213563404238823,0.002383034149010566,-0.0004477028028010457
2011-02-21,0.0,-0.017960361173427454,-0.01653235562277402,-0.019906488628652196,-0.015030033885905465
2011-02-22,-0.038219748232879214,-0.010001078461519559,-0.009488932114108532,-0.0075380033506486,-0.005605032450556103
2011-02-23,0.0050297181342953134,-0.009248201910205256,-0.008885325751292819,-0.01006310290658285,-0.011658074541521644
2011-02-24,0.0007508116883117033,-0.002545591994240281,-0.002993175257448699,-0.002049077501362217,-0.0021498267926273887
2011-02-25,0.011002626707897756,0.014010487511323126,0.012208544884959486,0.011656324675931895,0.012836749525787082
2011-02-28,0.01310936314575839,0.008305040092150924,0.008623289918008063,0.007102832177156292,0.007802208465199248
2011-03-01,-0.019286909269607966,-0.009799300817424906,-0.009072660645912355,-0.01614080386081703,-0.011351025235192203
2011-03-02,0.006472002691886969,-0.008249863025492502,-0.007807382185843075,-0.012914377559534,-0.01145925132640036
2011-03-03,0.016819705371276195,0.0029294804148063134,0.0032328483358049502,0.008547307722069538,0.0018046545374457777
2011-03-04,-0.014838349153015962,-0.006641840688827218,-0.005515256870400528,-0.010936406752627432,-0.008522999994241328
2011-03-07,-0.006172987257055063,-0.006330410546472995,-0.005813211142448658,-0.0064131771682903755,-0.006982233782937022
2011-03-08,0.0022359787252186347,0.0061870200630353015,0.0063105181800332455,0.003920703921795082,0.006253690447711018
2011-03-09,-0.004461980556839995,-0.003024700014204724,-0.003219117766838466,-0.006509516618846227,-0.0007642299782902684
2011-03-10,-0.021414380696171187,-0.009153063408460813,-0.00847805901661587,-0.009455111181888165,-0.008991084168469072
2011-03-11,0.00610658909076478,-0.009321870042575052,-0.009390730926452305,-0.008758801752842979,-0.008897773563551765
2011-03-14,-0.005311123484295632,-0.01167907633013875,-0.013755806027492956,-0.01032809066534842,-0.007091577671881196
2011-03-15,-0.023899974367943666,-0.024577339521905505,-0.024386799628756558,-0.02520778208258256,-0.023874385352201835
2011-03-16,-0.0395937256321931,-0.022390393698358813,-0.021116430935339416,-0.02129878945999019,-0.022197090494296315
2011-03-17,0.038513703118636,0.023422854110769636,0.02350073047692443,0.014494103696105256,0.024759837721559156
2011-03-18,0.014996908998774483,0.0027377255338950587,0.0022291727749029107,-0.0009219365803989712,0.0017245394926448578
2011-03-21,0.0317176386651028,0.025408966295809892,0.025237077185298974,0.03302587750242342,0.020460051293512162
2011-03-22,-0.004748659946728573,-0.001166182357884696,-0.0011204394544296042,0.003665541672874859,-0.0010841259038448627
2011-03-23,-0.003767110887580638,0.0032398228620322145,0.00347415987594901,0.0033468504521654632,0.003412817727477163
2011-03-24,0.025459875802229748,0.015404068216297324,0.015446457298762378,0.011655597295039587,0.015460854441171746
2011-03-25,-0.011061596689671216,0.00013190039901212578,0.0002900042673979204,-0.00180622258271043,-0.00020437695857256793
2011-03-28,-0.0017400182961645472,0.0006637091018166935,0.0007998571573884518,-0.0016628092280663476,-0.0005234921955506353
2011-03-29,0.005726930304460254,-0.0010690594226834536,-0.00023592573333333213,-0.0019265273431462932,-0.0027607399168005048
2011-03-30,0.011389090533358903,0.008688282741081464,0.00907514069502054,0.0033294061918217213,0.008660553422698022
2011-03-31,-0.0034272185908850172,-0.009673905837758269,-0.009074636641688373,-0.008520761282790166,-0.0079955690205229
2011-04-01,0.014738271828725669,0.0180944525837715,0.017417128325221225,0.020900049827395836,0.01940040297694087
2011-04-04,-0.0009683543050164056,-0.001075999600383348,-0.00048609097631262667,0.0011142791961199657,7.26626056107232e-05
2011-04-05,0.0,-0.0013561093277745697,-0.0013053192185464677,0.0035469844832350396,-0.001132095920373991
2011-04-06,0.0162346061822769,0.007328407870669535,0.005975433935855225,0.0016943448942293676,0.007847981694167389
2011-04-07,-0.0028611345596316617,-0.0026454475241789186,-0.0031305426593706558,-0.006661552729060121,0.0007962076934594024
2011-04-08,0.0083691689194072,0.007503718995269177,0.007762282941955235,0.008630862796876823,0.008423572356435857
2011-04-11,-0.0021341651001431927,-0.003658698601134453,-0.0036588781269841185,-0.009741767472071998,-0.005734049597467617
2011-04-12,-0.0047529571168362095,-0.014316914371663329,-0.014156982220367882,-0.01631116912784448,-0.01463620766517856
2011-04-13,-0.0016712470408177804,0.00619427054794143,0.006381387018454786,0.010431808291055748,0.007997446509793622
2011-04-14,-0.0007177803490278079,-0.010076647874999095,-0.008784523034867897,-0.007254821078467057,-0.00780738145477853
2011-04-15,-0.008855731143858181,-0.0008843063635619919,-0.0001895440090536577,0.006041792622354035,0.001039979378784594
2011-04-18,-0.03187631531587787,-0.02432150736443276,-0.02311764735516943,-0.021503196771954367,-0.02387454289989433
2011-04-19,0.008480695724643716,0.003412050784465383,0.00267907412352703,0.007115871331213894,0.0024643996165435336
2011-04-20,0.03240175842100235,0.022421433377934275,0.022554227572038368,0.022788487682688322,0.021664453909655424
2011-04-21,0.008385137096357465,0.006521201654065387,0.004712243257465919,0.009941408820733532,0.004577441085024547
2011-04-26,0.014018082705900436,0.006150562608740652,0.006328304137512986,0.0072544138351115,0.004674339989671768
2011-04-27,0.025304162090545423,0.0077047216991357635,0.006861646055320768,0.005608664618539048,0.007330821861683091
2011-04-28,0.005027589949463396,0.010510580494779313,0.009711196139432674,0.008940622544649763,0.009865574857668724
2011-04-29,0.0011367672196616052,0.0028609942783500795,0.0027942882667340518,0.001964408795418577,0.0034446147862620537
2011-05-02,-0.0006815207564003778,0.0013271188289631865,0.0015711849040394993,0.0012937776079735832,0.0007735235865699869
2011-05-03,-0.002500014517685223,-0.0032865923993361697,-0.0029461223272354052,-0.003173573089214147,-0.0025108314897861147
2011-05-04,-0.010935997920292762,-0.014350954498681253,-0.013450265508831704,-0.01485619659581206,-0.014295039814039071
2011-05-05,-0.029716789625620965,-0.003781845187093756,-0.003231382396336727,-0.0005479642649461251,-0.001823590996063754
2011-05-06,-0.010208733764158873,0.012186073575419317,0.011809505251119337,0.014298349156543906,0.010612764437754867
2011-05-09,-0.0026385364808695355,-0.016381146644757136,-0.015883322896515933,-0.011336009124044899,-0.01882398781226331
2011-05-10,0.01731579721660026,0.014150112544363625,0.013155155834122698,0.010667044659333474,0.013751525712791776
2011-05-11,-0.02056745748671096,0.0017127478090702309,0.0023274872758725215,0.00688487466085185,0.000877165986485461
2011-05-12,0.00217235781144276,-0.008757548797653388,-0.008224078879090624,-0.0068645954602457185,-0.007537101712651116
2011-05-13,-0.01926766463889762,-0.0052274150049660024,-0.0051992154555947755,0.002945046795066558,-0.0046311642102857264
2011-05-16,-0.00073691929041797,-0.0024313982847959225,-0.0021776008693181223,-0.00017333165706553104,-0.0023502027045337556
2011-05-17,0.0014738789052537449,-0.011831022816887377,-0.011009222748127979,-0.01588660090945293,-0.012809381318324084
2011-05-18,0.007117145516013945,0.006110567806273536,0.0060700112263223395,0.010060780549947815,0.00531792191329844
2011-05-19,0.007553656390238084,0.00772543042988907,0.007988006065006898,0.006831355921198081,0.007153649101629025
2011-05-20,-0.0229746041668768,-0.010630486325699132,-0.010327977958111668,-0.006630896012352196,-0.008665834125092801
2011-05-23,-0.02277201676182583,-0.017555034759929707,-0.016803326400548647,-0.018088804944108305,-0.017941841186890448
2011-05-24,0.002279192357532933,0.001987939276598479,0.0016467291421874235,0.0018510070944391457,0.0008352155669147831
2011-05-25,0.007834347689757104,0.006844054452322945,0.006206022886306102,0.0032122867440791147,0.011271842092049907
2011-05-26,0.004012385040077282,-0.005601597308505464,-0.005459554148899151,-0.006077818236654127,-0.005323811430116746
2011-05-27,0.009990001717659291,0.007715901471994119,0.00700496429725065,0.00779687789264702,0.008291503299095782
2011-05-30,0.0,-0.002297059324011202,-0.0016653686683083923,-0.0009977089910775925,-0.0009486311741351959
2011-05-31,0.03016812185129769,0.01546498787305282,0.014595429902216928,0.016326120492527404,0.01815867084423681
2011-06-01,-0.03192531454806713,-0.011391325542512114,-0.011164805518858496,-0.008438387925499755,-0.011140875136296462
2011-06-02,0.009918320159992833,-0.014847705407804218,-0.014971539395418173,-0.016003813640609144,-0.01407957287782276
2011-06-03,0.007856626004034695,0.0026584945322986188,0.0010960223122667742,0.0029226074012617884,0.006215368680754055
2011-06-06,-0.02095018265618387,-0.009118674589484383,-0.008067315336085958,-0.012940173179191513,-0.008116465028115917
2011-06-07,0.014430877987334556,0.004010573007782013,0.0037207483491246644,-0.0010214594074746388,0.0010552709899451515
2011-06-08,-0.014961307862874973,-0.008283886690583508,-0.00828551293022791,-0.007111852902475279,-0.00793740509181439
2011-06-09,0.014442110748475345,0.008821670837604722,0.008553400070849567,0.012609945447590545,0.01094901243279939
2011-06-10,-0.03264626530186354,-0.015387228208663128,-0.015118640431456457,-0.016420288747348587,-0.015680871304954606
2011-06-13,0.0030452740518955856,0.0008595213418199264,0.0009030082352193027,0.002935874894855174,0.0013665638133520419
2011-06-14,0.02504440735153657,0.016894279498789477,0.016138203091603583,0.01911640145161916,0.014636238471538792
2011-06-15,-0.04442243085255282,-0.0177409146657366,-0.017008343310600662,-0.012504591837410173,-0.02135380201402813
2011-06-16,0.0007745903567899504,-0.001551261365932823,-0.0016392559135773922,-0.0028470279736540005,-0.0015159531855029342
2011-06-17,0.030208092851268464,0.01386182543627978,0.012191883862749879,0.01369185744824626,0.017510174224760786
2011-06-20,-0.006699027239800093,-0.0077247863544927095,-0.007479795360828097,-0.007572505565851727,-0.008621151415173054
2011-06-21,0.0287934782833823,0.01985251214651915,0.01879651985472066,0.01976710923042705,0.01934005229095326
2011-06-22,-0.013111576236719213,-0.003572527352398922,-0.004138204543578145,-0.002795244174489577,-0.002810511314317148
2011-06-23,-0.01686249479244817,-0.023081254047902934,-0.021309462531397788,-0.022527833800234043,-0.023405548237752784
2011-06-24,-0.022609048091893125,-0.006399059419563792,-0.005275237177614531,-0.003693794525674741,-0.005464107494136173
2011-06-27,0.01675079411769076,0.0030097509349648385,0.0030134792974511227,0.0049311988457402004,0.0008259821867583177
2011-06-28,0.016736210123032835,0.011334644207245958,0.010624866668435838,0.009507848023604633,0.011194254730924606
2011-06-29,0.022119520404500825,0.0193355506752626,0.019078109896206993,0.013565850754673392,0.02191831038947978
2011-06-30,0.021640389023076523,0.016569134454011904,0.015397404029855746,0.011710456714383467,0.0185223918367355
2011-07-01,0.01428609199728137,0.009924161436609381,0.007466404520351486,0.00031699254971101563,0.01594822303635533
2011-07-04,0.0,-0.0020688033160756758,-0.0007676491047261928,0.0008598167674431793,-0.004020351419487145
2011-07-05,-0.019669906182464003,-0.009520975024213183,-0.008543298420973318,-0.004357383669929658,-0.007898315983929557
2011-07-06,-0.012385284777383432,-0.009084442202933859,-0.006933521699139086,-0.0020651987104454133,-0.005657560089503841
2011-07-07,0.008276614516135705,0.005000594513182116,0.006414555918074942,0.004925598757830053,0.006155108020331838
2011-07-08,-0.028109095504689763,-0.020407791123093422,-0.018107804576162127,-0.01117726212739207,-0.024384834217780565
2011-07-11,-0.049654334821030544,-0.03152585031458477,-0.028671394686699728,-0.02727328806266295,-0.032696121755811464
2011-07-12,-0.010234958273364847,-0.005929934195653887,-0.007123978625032938,-0.0032256610544228494,0.00777794088157504
2011-07-13,0.020136585507162463,0.008859268688678661,0.007985325003942834,0.011974781769096558,0.011316846011852861
2011-07-14,-0.009069364332830676,-0.008640739231033685,-0.008028738382651175,-0.0063646259972027245,-0.009312598113620821
2011-07-15,-0.0002690515780630065,-0.0076917757731243186,-0.006597426334088424,0.00022023883268614602,-0.009442450276186402
2011-07-18,-0.019386402088593102,-0.02189585278710564,-0.019401068331855464,-0.017360469281244593,-0.030283861093714982
2011-07-19,0.018122104732559485,0.014260994996719333,0.012706029422739398,0.004615416639284243,0.026971221989138663
2011-07-20,0.01941745482246726,0.020504573329193563,0.017443079527977294,0.005427561578696484,0.038758844323620645
2011-07-21,0.03677275977823058,0.023210673369121835,0.01880431793801592,0.007187510783470903,0.051120452990835424
2011-07-22,-0.002551971903861028,0.003681002444482829,0.005498855441299825,0.0009208610730397434,0.0005528483848008779
2011-07-25,-0.011767289570658201,-0.01276308164842616,-0.007598885789765413,5.85538592915717e-05,-0.00897134663890941
2011-07-26,0.008024340875758096,-0.0008191247867807857,-0.0012775600704458755,-0.005773844216208846,0.001992523027304332
2011-07-27,-0.03312762683217574,-0.017285341613991045,-0.015276831855698812,-0.009013049314700707,-0.021620004903641306
2011-07-28,-0.006108989595992709,0.00021461472627979882,-0.002109521790664637,-0.0030213007005839058,0.002802481619962374
2011-07-29,0.0013359463775384217,-0.007850260766594811,-0.0071651837565706675,-0.01003192263964761,-0.011854589896385007
2011-08-01,-0.0280224161650956,-0.028596766705625495,-0.02635928457785409,-0.023099853220889952,-0.03917999698953812
2011-08-02,-0.033772504041154505,-0.020619284751161118,-0.017644335365077212,-0.016525834465407972,-0.015691996961024732
2011-08-03,0.00909364174498628,-0.018575499860735933,-0.017263072694423807,-0.012634449888934899,-0.015356922028475046
2011-08-04,-0.08025896926282727,-0.038616837398260585,-0.03525402448763045,-0.030691411263790328,-0.04085266341707997
2011-08-05,0.04133449338759121,-0.012372874194286962,-0.01449032749997762,-0.018389450439884863,-0.015367530395249884
2011-08-08,-0.0846809906283219,-0.037010750331501696,-0.03772652244065088,-0.024513237282693105,-0.03971192529594515
2011-08-09,0.04979157723326688,0.006107496156539638,0.004194496430982537,-0.006706373577258446,0.003702872764008529
2011-08-10,-0.0856792820027521,-0.06457224655283113,-0.05887687929962218,-0.04007058712399283,-0.06271066791103556
2011-08-11,0.04953135940658493,0.030519271130647885,0.028441548039499234,0.023849906108880582,0.026320728790670885
2011-08-12,0.03443859473265687,0.04284306878670591,0.041073054890378845,0.03163085016304608,0.03738331310466701
2011-08-15,0.026818902467038663,0.008879297017321095,0.008463660154232843,0.012551994720135974,0.00520404726995611
2011-08-16,-0.019813810461596026,-0.00028727520675642283,0.00016298569259922243,0.009790166181848197,0.003117125921198182
2011-08-17,0.007044063687400293,0.0003943228193125298,0.003601130958314055,0.00647445836317417,0.0010593276653311787
2011-08-18,-0.0553524193158893,-0.05701476487234513,-0.05368398064187596,-0.039216379103000305,-0.05231449215574648
2011-08-19,-0.02543487951448209,-0.018598681756299647,-0.02020678699266577,-0.013305232251319988,-0.02116312011392625
2011-08-22,0.014866299241752312,0.008050910415035622,0.01144944880372097,0.01733678936262221,0.016002921022461314
2011-08-23,0.03873702648311905,0.009323156250355406,0.007864608249424076,0.008589644463446216,0.01049002015177427
2011-08-24,0.005327741351826676,0.019147478299883912,0.017774749185800697,0.005162487560911199,0.013669524136794335
2011-08-25,-0.028366972926977096,-0.009668291158397839,-0.010046630647042296,-0.015244542361570067,-0.00923513897546347
2011-08-26,0.008341675008341598,-0.01260031613417416,-0.011834516613442795,-0.00595637059998111,-0.012383004857194279
2011-08-29,0.0286350480327473,0.02454033608405006,0.02394318581319539,0.016079948425429355,0.019812824077787394
2011-08-30,-0.00958883234708885,0.0017197493258015338,0.0006554585638112847,0.006512834376957384,0.002539336154585144
2011-08-31,0.01998774275975923,0.028742223524965853,0.026189253455458698,0.02250770433571831,0.02446710193774289
2011-09-01,-0.018983438622834692,-0.0005965740858069853,0.00047557889340162605,0.011312770429197557,0.004333109453517596
2011-09-02,-0.03932585928925081,-0.03941573276832929,-0.03614022836023064,-0.04254550780292888,-0.03800357636539976
2011-09-05,0.0,-0.05209896429596492,-0.048893182184478724,-0.03960297567962261,-0.04735557863149734
2011-09-06,-0.051982068622298705,-0.01717292590718863,-0.015361766645650492,-0.003939747454215926,-0.016851888372040637
2011-09-07,0.029472477912616757,0.03461923370423233,0.032852361635846844,0.027991804365481453,0.03172157276728509
2011-09-08,-0.022969619714104605,0.007398613558784429,0.006468474101205917,0.003992315075483862,0.006135691052506821
2011-09-09,-0.05485512440405549,-0.04679073077543093,-0.04288469671490524,-0.029075667846120576,-0.05840850871736079
2011-09-12,-0.018745254148445967,-0.04216776265849646,-0.038532308154653715,-0.025623128993551837,-0.03674337495935687
2011-09-13,0.018368293658036272,0.02169552185290317,0.018321556907257064,0.0003797255754887646,0.032494689897158445
2011-09-14,0.032106953480420586,0.023617190824531252,0.02298769831087471,0.017849922178796156,0.016592289656314308
2011-09-15,0.04019562657839848,0.04081210770738905,0.036304017777852256,0.02254006861366951,0.03705999468534508
2011-09-16,-0.010068223810028254,-0.0043892474113909645,-0.001370761654277442,0.0019991778321938962,-0.017476924826850846
2011-09-19,-0.031057527870769874,-0.025871537065175344,-0.02429860761377951,-0.023272466909485236,-0.026260764094041912
2011-09-20,0.003522252451436003,0.019634456474440763,0.02141517227968025,0.03049685156013582,0.020422287312511923
2011-09-21,-0.035451021863103116,-0.020797411698237962,-0.018958209061155442,-0.020824563626054123,-0.019986780284418214
2011-09-22,-0.03602642392259092,-0.05230596522756832,-0.04932064670761293,-0.04807165190388323,-0.05429636876938177
2011-09-23,0.017742528220062725,0.014741034830563863,0.012548599253831847,0.0012420648984673033,0.020434361070661787
2011-09-26,0.03857617167365124,0.032012738570005535,0.028690953606365886,0.029723277253143738,0.03414476999242594
2011-09-27,0.03714269418299487,0.0611168528965053,0.05569115811037735,0.050293883992657946,0.05801719755564746
2011-09-28,-0.01652929975842443,-0.009125218688227126,-0.008225782255907107,-0.00862904142350111,-0.008012006823163309
2011-09-29,0.0322129829409008,0.02066664325753523,0.016598881404234104,0.018433757616756745,0.018748625575562002
2011-09-30,-0.04070584763460916,-0.017553834782406613,-0.013694633554338888,-0.021188800398872058,-0.015672765413463935
2011-10-03,-0.03677497192815726,-0.013153277109441074,-0.01141814477853152,-0.0035367245427148177,-0.010360907696227663
2011-10-04,0.030837203220895226,-0.024025853164884547,-0.02003012843794283,-0.022850729246154923,-0.02147865816000111
2011-10-05,0.02884616593146605,0.04456156589913401,0.0412571504340715,0.03575059490383137,0.0394454756218704
2011-10-06,0.034614056089448786,0.03417540532025283,0.028485732128989846,0.03340287288568556,0.0323691869906389
2011-10-07,-0.007025927960918388,0.010303564438975012,0.008103974147033113,0.004218726758106826,0.006731486635010212
2011-10-10,0.05289765946154423,0.02468771518400922,0.022960806543044106,0.028387495137847624,0.02574260001847927
2011-10-11,-0.0009599691002887267,-0.002032228376406243,-0.002587139931755489,0.00854193611944285,-0.0003326210980676364
2011-10-12,0.025945013265013417,0.028327042129612387,0.023326678121627514,0.03755463528958455,0.025036167217398164
2011-10-13,-0.004995339079231553,-0.025129072531551114,-0.015221720986490283,-0.05910160962474246,-0.015135453489373049
2011-10-14,0.012237095278304633,0.009462306399962607,0.010376460758414289,0.003943895633291865,0.011525104175985918
2011-10-17,-0.03781760789034083,-0.01772267757915401,-0.014980145670000238,-0.026532012283582106,-0.01499400065971889
2011-10-18,0.02126286284905321,-0.007122767985216923,-0.004297441154788418,-0.0026259023280705293,-0.004637621067705561
2011-10-19,-0.01671925976040134,0.013395786319759578,0.008671484944543768,0.03680542554481493,0.010484516387549063
2011-10-20,-0.006737501724358497,-0.027840789870271568,-0.022136370732009095,-0.052770906805703746,-0.024936557005738543
2011-10-21,0.03165377837405825,0.028741952183187598,0.02691305477438477,0.04441957401120256,0.027857227280303362
2011-10-24,0.014715263829992553,0.017007284143235622,0.013338820565499685,0.01522014754333481,0.0184638265914447
2011-10-25,-0.0197468999991377,-0.015548971758466274,-0.010441161816425895,-0.021030709155471304,-0.014730548068218987
2011-10-26,0.012590365120866087,-0.003135722674323864,-0.002405797847855086,-0.004931867242912087,-0.001856453543959031
2011-10-27,0.08548354420381066,0.0700833804755559,0.055316644936708015,0.06449245139676925,0.06001697890073865
2011-10-28,-0.018900490382360746,-0.009531811263403557,-0.007609127127859048,-0.012344457567650607,-0.007843260588324373
2011-10-31,-0.05750123940070939,-0.03628937111725586,-0.02654668041039947,-0.045336410863262434,-0.029703818518257506
2011-11-01,-0.0585322502431016,-0.06122472481495782,-0.0468847147734025,-0.06846372335980003,-0.06989573670357722
2011-11-02,0.0174342293345231,0.016848698219816934,0.012562478729867705,0.025504497520028077,0.01692651525786557
2011-11-03,0.03879755497507298,0.028669059147538076,0.02304666621328165,0.022231298267561667,0.026593378787513937
2011-11-04,-0.031434964627850004,-0.02696794586117934,-0.02225125427423955,-0.02629937639858964,-0.025722162348356097
2011-11-07,0.0025706109983216763,-0.0031311012869581025,-0.002881926723515799,-0.0014246888955006074,-0.002945103090138425
2011-11-08,0.02179473474742788,0.012294940645878528,0.011369048641917196,0.011064060955011472,0.009977987022453118
2011-11-09,-0.07245901766383622,-0.02751748124403154,-0.021949607849303648,-0.022396716688284746,-0.026917547202508964
2011-11-10,0.024349110439744637,0.004302475047512592,0.0028877972316195496,0.0030255479575532107,0.0008295006702193702
2011-11-11,0.03895675028114587,0.03510776447334308,0.0301115642163165,0.027305755217786342,0.036546689692889246
2011-11-14,-0.03114088058790243,-0.017971737066106414,-0.014731062442738202,-0.01772726945690184,-0.017998013446522024
2011-11-15,-0.007543309570282597,-0.017773986235967095,-0.01347803460778704,-0.009379435520521453,-0.014736275527306853
2011-11-16,-0.018176288744562896,0.0061287000237754755,0.00591688300616874,0.002354153151041927,0.006135324452795739
2011-11-17,-0.009760909104317927,-0.013297680720648247,-0.009999320654733619,-0.015076164406644402,-0.012329414525214636
2011-11-18,0.01121699917455743,-0.0027353049157742408,-0.0025363359624462232,-0.00904523250900947,-0.0032401919217189424
2011-11-21,-0.02857159522095465,-0.03652472964337337,-0.03265615298950026,-0.0339623684063793,-0.03685869812655093
2011-11-22,-0.013148265651976354,-0.012906101585049963,-0.00918883327552271,-0.0032506782977146514,-0.009977768646605795
2011-11-23,-0.03751775270090607,-0.020751959248754098,-0.019209912823561194,-0.01780077392503707,-0.018595735504632952
2011-11-24,0.0,-0.0003692067657604723,-0.002847245967217488,-0.0075865542944801865,-0.004146241605394148
2011-11-25,-0.0036431908021405945,0.007907489532469567,0.008042740460665304,0.004944946774074888,0.005637661651461426
2011-11-28,0.06325390763325278,0.05660559976250691,0.05016576821971395,0.038916157436768864,0.06039626199885489
2011-11-29,0.00584615994553106,0.005017942705474618,0.005066340347062925,0.004668632446357341,0.004809463463446006
2011-11-30,0.0608547537937445,0.046127350850314705,0.04323406150244865,0.04644309115926471,0.045715271073943194
2011-12-01,-0.009345872343974992,-0.006560060712532754,-0.005892043391286424,-0.004564961855515247,-0.0056339391191124405
2011-12-02,-0.0006505014956083022,0.014332075003373947,0.010262120023586488,0.0025790809250450233,0.011231246889826
2011-12-05,0.01595029342362886,0.014880140006335621,0.010854298059212378,0.01935451565456195,0.01474222296955602
2011-12-06,0.003524775390275403,-0.008140907196955335,-0.006947572345343401,-0.006166182429956919,-0.010040993143866236
2011-12-07,-0.00031936839242696635,-0.007464042425455612,-0.005082321650603061,-0.0076704150835178635,-0.006269083740972295
2011-12-08,-0.043755893787779554,-0.028073972610902314,-0.02405253931766054,-0.03890178209117294,-0.033738811776587795
2011-12-09,0.0374081194475917,0.027267820761923984,0.023898363727547584,0.019200876100880844,0.0246846878107469
2011-12-12,-0.04700598187191618,-0.03466184481411188,-0.029769905651405318,-0.03989870890462352,-0.03694199868050734
2011-12-13,-0.026350903086079458,-0.006734303953009771,-0.003468496243663013,-0.0024646439649671213,-0.005662582014897436
2011-12-14,-0.014573657080804936,-0.028170578070171603,-0.024240214034464004,-0.024096955194872417,-0.024531284143778982
2011-12-15,0.003873425770299699,0.01044378366718822,0.009132821838799165,0.013042680120777127,0.014184648586528133
2011-12-16,-0.011027766140796813,-0.009825217014759044,-0.011021948400893706,-0.011580547963379772,-0.010372267458078881
2011-12-19,-0.0032168145973012763,0.0005716606306813753,0.000882093190202023,0.00460523955840836,0.0007145858501487208
2011-12-20,0.04589516463732535,0.030265820387738018,0.0250800804601768,0.032725835278921214,0.032312280626134435
2011-12-21,-0.008227986721159208,-0.010236161002904696,-0.009117621547062953,-0.011279864471891929,-0.022031831572239174
2011-12-22,0.010369931858480452,0.01406685473275692,0.012392602084186036,0.01956758289063444,0.016402107849974364
2011-12-23,0.009237050206778008,0.006131471883306566,0.007170405501814793,0.002919028388504075,0.005759613606037825
2011-12-27,-0.003390019324050031,-0.000943840337939365,0.00011836206267066724,-0.0020787145359964783,5.4038348298732236e-05
2011-12-28,-0.024149470875966084,-0.01710973611476725,-0.0145801042898347,-0.020128410849849915,-0.016728188107754005
2011-12-29,0.02335301204537399,0.01552481818678112,0.015707754059484075,0.020932647432184863,0.014169274133956525
2011-12-30,0.005108928815863445,0.01174036677039445,0.0107925646568628,0.008939432108212056,0.01222109958354657
2012-01-02,0.0,0.025247032786783967,0.0238951145594328,0.017500780269953498,0.025503774138058728
2012-01-03,0.0352421813904944,0.009161538955411934,0.007880790768771302,0.002081393888632544,0.00979293332647237
2012-01-04,-0.019312870508471303,-0.0196296080952517,-0.017037483391710725,-0.010411381380985206,-0.017350624728451437
2012-01-05,-0.02503298274162158,-0.01867387669815863,-0.015061421667914741,-0.008117757034323662,-0.03550275803664156
2012-01-06,-0.021225892883549813,-0.009395037463286996,-0.006816124351904918,-0.0067261839662672435,-0.020210111041505878
2012-01-09,0.006995743283814804,-0.006343534449798756,-0.003668401132987587,-0.001236491262270345,-0.01991985740399046
2012-01-10,0.022229762286246624,0.029723419784919772,0.02690597673419822,0.030123790932589205,0.03220222202264046
2012-01-11,-0.0030581264178310974,-0.0007766319929664587,-0.0031878578003412647,-0.0018557338790113392,0.005432929062071493
2012-01-12,0.009883825263200974,0.005827171275179224,0.002120035349255518,0.008902835249740717,0.02108711898433959
2012-01-13,-0.019236618693896257,-0.0038353428702410635,-0.005048287259451274,-0.005701365676833902,-0.0023643752082439574
2012-01-16,0.0,0.010390388269917035,0.010125926371238606,0.01595557561302537,0.009439877447465021
2012-01-17,0.026496619665547172,0.016133853419666028,0.014702985831918838,0.02441614266792655,0.01617389201650014
2012-01-18,0.016426405371541497,-0.001973669117484467,-0.0030461075966109782,0.008966177901748517,-0.003024071759195699
2012-01-19,0.022097850454254386,0.022751114752286635,0.015906064120493706,0.02177080799236996,0.030220747951441532
2012-01-20,-0.0009683435843516053,-0.002644177588820636,-0.003923910334334029,0.0015048465746147067,-0.005595782630014846
2012-01-23,0.008721088627761331,0.008245189742442618,0.0035699529582456525,0.019631806134968947,0.014063073491670179
2012-01-24,-0.0022412325863367943,-0.004353238168230358,-0.004201149648475668,-0.01432382340191908,-0.004452876848107301
2012-01-25,0.011553260562100487,-0.0032345947900285516,-0.003739157351474881,-0.003154159068443742,-0.00296453861087709
2012-01-26,0.004124270919070527,0.018899491093382573,0.018557733962651243,0.019038247709304023,0.020690919002865297
2012-01-27,0.0025275103861321924,-0.00986650343162166,-0.009991245285876235,-0.01658456134107315,-0.010446794963961578
2012-01-30,-0.019539671754413068,-0.015744329332719676,-0.01135303523628099,-0.02405345102962347,-0.01835393048403203
2012-01-31,0.0054645505949391104,0.005271314100329355,0.0032965475604655303,0.011559909387729167,0.01159495157091988
2012-02-01,0.021738939767273813,0.026078215334613446,0.02066866795094146,0.03496485531067241,0.037769927999865324
2012-02-02,0.0043804460497314235,0.003831277261844857,0.003198613848721262,0.0116169445941043,0.006788084946290313
2012-02-03,0.015887691821329986,0.016304077286444143,0.013787073337464853,0.02447111485252973,0.015895856812543116
2012-02-06,-0.005826446536177365,-0.0042265622784692335,-0.003331303127169923,-0.009601882909218463,-0.0033702717068598365
2012-02-07,0.010487220531412378,0.003933392546558025,0.002682540955226877,0.0076572976437208895,0.0017401199369427335
2012-02-08,0.007021017438151755,0.002358673773177932,0.0008283110795981576,0.007281101629440103,0.001261359403293136
2012-02-09,0.0033342203826958183,0.0031108969944519138,0.0035853709921944855,0.009305029963044532,0.001171488763986665
2012-02-10,-0.02839852994600156,-0.01890080793311872,-0.01452042769408806,-0.03485311530864631,-0.016797880556911997
2012-02-13,0.00777347511255555,0.0033955626562932047,0.004511283516072293,-0.0027918248259685284,0.004321370738517593
2012-02-14,-0.010181756029402411,-0.002043659711542621,0.00046924242456901024,-0.008541667823380254,-0.006424092651216228
2012-02-15,-0.0052994099767633696,0.0018244200365644596,0.0009556011250420022,0.005431280209077375,-0.0002331035557127824
2012-02-16,0.015982198323076346,-0.002431526673558328,-0.0025632867426694105,-0.0005120947120638368,0.0020014105658594673
2012-02-17,0.010796004461972597,0.015275406564639422,0.011838523122046545,0.02249038775252774,0.014520672460215331
2012-02-20,0.0,0.01261151130719616,0.011567588679155931,0.012518614014559675,0.012060451885783178
2012-02-21,0.0061026820949814375,-0.003989795012423262,-0.003237760542261958,-0.005185783277547024,-0.004321970284924165
2012-02-22,-0.007581970931794579,-0.010378313316883369,-0.007454507351451912,-0.019676800978728228,-0.009006371412455938
2012-02-23,0.010391240299048699,-0.006257224660000429,-0.0045726656400867675,-0.011969424203968798,-0.005692879901155495
2012-02-24,0.010284284627160245,0.010060173167214151,0.007430906354439794,0.015069772279703736,0.00957906037348568
2012-02-27,-0.008383612053051381,-0.0058068596933580205,-0.003995496017600862,-0.011652850100952798,-0.009065273536882959
2012-02-28,0.008454491227609662,0.0033098667226203293,0.0026846429948283327,0.004047551319309543,0.002877780545609905
2012-02-29,-0.014072245115596349,-0.003208924052891282,-0.0032657305308262828,-0.002127355272853213,-0.0028642244097796857
2012-03-01,0.015791246755136656,0.013659811666772777,0.010767203449288682,0.014309467531894078,0.016340673179168836
2012-03-02,-0.01225721692944326,-0.00032944908279097665,-0.0013762532198780958,-0.0006163242372889546,-0.0010177778005284997
2012-03-05,-0.00242108955566811,-0.00774733944859058,-0.0055651633674286246,-0.006467269982306981,-0.007249812568031343
2012-03-06,-0.04763371310749953,-0.03646859300514428,-0.03193265116808204,-0.03540659591177894,-0.03509090103313709
2012-03-07,0.01592906563552332,0.008503905130006975,0.0067105889669063215,0.008014775607528495,0.007328944919729211
2012-03-08,0.0310437869319935,0.020159876138979436,0.019341705229089623,0.02363310229389919,0.019785299532976603
2012-03-09,-0.010948718508620225,-0.0001836720590881606,0.001167953205729987,-0.0016374979897386054,-0.003666971390142172
2012-03-12,0.002767278054365052,-0.0016215610601359757,-0.0005793984290685277,0.004826735364526296,-0.000553496991955799
2012-03-13,0.01594611602003404,0.016901902691094022,0.016059286093687362,0.01570032103638784,0.015143515420441017
2012-03-14,-0.0039238470104022705,0.0076550294873382685,0.007423666849146357,0.009804762812577734,0.0067279609203699684
2012-03-15,0.013939375875743565,0.008149828766585222,0.007287368184490326,0.007400620010481148,0.008200110456310165
2012-03-16,0.009501563488246934,0.0068948343971774444,0.00643667597971848,0.01341873796282255,0.007411284671684946
2012-03-19,0.007125934657345345,0.0008853716148938068,0.0010516776558963559,-0.001549231614909541,1.36749571660885e-07
2012-03-20,-0.01267666052095806,-0.011553926219551662,-0.009932101536163956,-0.010144934758941371,-0.010969903577141248
2012-03-21,-0.009555465975928379,-0.004278643690237093,-0.0026403329143031688,-0.005080394059065436,-0.0034758202882308993
2012-03-22,-0.013867915622487681,-0.015151349647235834,-0.013504895783129951,-0.00894794475502551,-0.015071027748065128
2012-03-23,0.0048914416674674666,-0.00010604816594593128,-0.0016001058933885319,-0.0019868716170918918,-0.001198949232094261
2012-03-26,0.015515598909962014,0.005157695171956041,0.005709579777341475,0.011005326698795833,0.004171036474176658
2012-03-27,-0.014080227761005482,-0.0033710158408944194,-0.004147508652399275,-0.00038240906100287723,-0.0031778705254106613
2012-03-28,-0.011242783805304968,-0.010444269767832052,-0.009279248816635149,-0.008707291465744066,-0.012009133451659744
2012-03-29,-0.014136051626852386,-0.01966636458014318,-0.017434894240092518,-0.01993657423676396,-0.021957638713798196
2012-03-30,0.011533117389765035,0.00940648558432761,0.009546622351930031,0.007754261278308428,0.009908055110235308
2012-04-02,0.009553036828646055,0.007589442347961711,0.008153807956670986,0.009917813714924608,0.006002275518243156
2012-04-03,-0.028082337927541223,-0.018668414644882714,-0.01639472919922702,-0.008273876251315392,-0.017785125913916264
2012-04-04,-0.02889483853024155,-0.025832589307661386,-0.02471541567214177,-0.025780642105960157,-0.023246066170612166
2012-04-05,-0.011965987974717485,-0.0008085339899169494,-0.0015381089192173273,-0.0018814749652434363,-0.0014647719830468242
2012-04-10,-0.033388106662246675,-0.032716197859192823,-0.029328167703043695,-0.016725322797728627,-0.031663222041631134
2012-04-11,0.018963650260739096,0.008445072634550148,0.007775070159632055,-0.010169490034894733,0.004707153904427468
2012-04-12,0.014290497496164845,0.004632831852355303,0.004292163070312183,0.005602846536757893,0.003803785219314272
2012-04-13,-0.034731544168113304,-0.027079902529664177,-0.02460264133834627,-0.02054723672382086,-0.027437668098054944
2012-04-16,0.01154125290383523,0.0033547700836813353,0.004982373494875515,0.013364078850800298,0.002421852950287769
2012-04-17,0.024496669266253823,0.031236223751381374,0.0285237108112838,0.01794638945057711,0.03820916742926829
2012-04-18,-0.017032515884667476,-0.01997600386355246,-0.017428685805495246,-0.006479192422372238,-0.02064741010690547
2012-04-19,-0.01832733447909074,-0.02125815516121739,-0.019026365146248423,-0.00669491931464396,-0.025928826904250957
2012-04-20,0.017990564493560512,0.01280462316295014,0.012760338285090727,0.0072284368065713275,0.016599204750518553
2012-04-23,-0.025675050706553737,-0.03051911272974277,-0.02817134559780547,-0.02836392835626505,-0.03451460586220934
2012-04-24,0.012320353900686642,0.01918046833218262,0.018391265876506097,0.01273671499293718,0.020822873141430255
2012-04-25,0.023326504657538827,0.020786718370745357,0.01788295470314436,0.015518584153985856,0.02731529224359002
2012-04-26,0.006276924366666492,-0.0008757108954020041,0.0004003195025238431,0.005580953075018585,0.0012957929849989947
2012-04-27,0.004924294066207535,0.012704931159654107,0.011701136130010727,0.010953026648057787,0.013509963036862641
2012-04-30,-0.011107368471490409,-0.014230805544812375,-0.01333592468233145,-0.008301180536469326,-0.012163693274757262
2012-05-02,-0.010571363553902646,-0.009130860578054074,-0.007141271659128213,0.004715749849518306,-0.011503685756157319
2012-05-03,-0.01035093365172779,-0.0030723871862455743,-0.00045133131111672745,0.00570708282353379,-0.00010951652838969926
2012-05-04,-0.016194238173709352,-0.009301705516967277,-0.009819760874986695,-0.022277363769194397,-0.011492303548603824
2012-05-07,0.017832841857678083,0.019146937870107874,0.0161233944373732,0.01388128872157757,0.017925091727181586
2012-05-08,-0.01718311041281917,-0.02020073176652495,-0.01890970687551399,-0.02470251481016136,-0.017993485344977172
2012-05-09,-0.019541075245989137,-0.007621677016687982,-0.0046774382642976835,0.0022243961804095367,-0.010117831773537596
2012-05-10,0.012237716698013434,0.018048250605531644,0.0141818969138181,-0.0017945729631971372,0.018680020075918014
2012-05-11,-0.0034544628614331385,0.001523934208621019,0.004417893352524998,0.0062929802968476655,0.0020806274636782983
2012-05-14,-0.027035892784443516,-0.025968729686602826,-0.023536992541492253,-0.019058263253004522,-0.022331531336429587
2012-05-15,-0.017813177639738997,-0.012730757324624548,-0.010291611515521692,-0.0004738611948495687,-0.008161549482397824
2012-05-16,-0.004714584749740847,-0.001042524472331415,-0.0017478751737388483,-0.00032902521330328827,-0.0008097711230503445
2012-05-17,-0.013119452827451306,-0.014685875072783051,-0.012962002780259585,-0.0065703246992556506,-0.012572235101684457
2012-05-18,0.005169566176626228,0.0037648788150444535,0.0017771147301963372,-0.005074741721751529,0.00025606637374652244
2012-05-21,0.024981696745869808,0.005936631512175798,0.005928287287739039,0.005210280353700141,0.004322383227392952
2012-05-22,-0.005734524018756515,0.021936393571036494,0.019917178241778744,0.013329254158658285,0.018353906932332714
2012-05-23,-0.013338659831180877,-0.029580501603946614,-0.027949396077902318,-0.03162791166298532,-0.02849161858865612
2012-05-24,-0.008402808272559348,0.011518352583071878,0.011402917575775846,0.007704456615823632,0.011079679212437608
2012-05-25,0.0025791222663507085,0.0036186215427285507,0.004323443498120539,0.003086569027340253,0.0035773568075830736
2012-05-28,0.0,-0.007821616138773727,-0.00619044054539489,-0.005142478636846724,-0.00609333657457173
2012-05-29,0.003307239478020252,0.0035382698891912776,0.005779453419158302,0.008947841889434828,0.004756683677841889
2012-05-30,-0.03479835928236774,-0.020232416083169218,-0.020252110440554354,-0.017117533129479265,-0.022556281546534787
2012-05-31,0.0034156221392218633,0.00020879535076746177,4.6767643727529545e-06,0.005062238750752642,0.0018317685584788776
2012-06-01,-0.023071267404105478,-0.020015137153155553,-0.02188806174983437,-0.021396854542789605,-0.02109746112819093
2012-06-04,0.020131736707749592,0.008528044810365655,0.0051287346258632955,0.0007863197567799913,0.00790417214577399
2012-06-05,-0.0015177965874260124,0.004803034519305858,0.003235942668483369,0.0017119167946424596,0.00638351238823425
2012-06-06,0.036107636135177756,0.027451861141311304,0.024876177235014767,0.02405790921585887,0.025898837311792364
2012-06-07,-0.006236500206623585,0.0017782323896925252,0.0017190289292245437,0.006917926669209283,0.001219634573877833
2012-06-08,0.004799086976764233,0.00208948807811743,0.002926202984285488,-0.009481012602419285,0.00011150353148982778
2012-06-11,-0.01616459586158292,-0.0071082126008300325,-0.003782269486675363,-0.015215619529754802,-0.007954278320295218
2012-06-12,0.014936539998774201,0.0009651572212469533,0.00271169092668183,-0.0001433980920400571,0.0022384208385281892
2012-06-13,-0.004415198939846876,-0.0007893963479566324,0.0007138719273873466,-0.005985492802052775,-0.0003532056744941161
2012-06-14,0.01330412303170836,0.0006816591669770188,0.0016430265087506951,0.009286555980375668,0.006537706975749924
2012-06-15,0.018065526776764207,0.01949328762927955,0.017597184837072486,0.014762928599801979,0.019355178789047
2012-06-18,-0.017005833636435597,-0.013412795178120985,-0.010795541998365459,-0.027770107204400422,-0.020638149844817735
2012-06-19,0.027830353009673514,0.02416810381638621,0.01975708077160697,0.025870594480239532,0.019996625365777114
2012-06-20,0.004390633823532664,0.008933302228112259,0.0070880246869299375,0.007356032956417436,0.008242415283879066
2012-06-21,-0.025501216315058306,-0.004917055758515775,-0.004631362104020899,-0.007475047283991564,-0.005368633046680934
2012-06-22,0.012710409554713031,-0.0024752764158434337,-0.0031748248842137982,-0.002423666081232183,-0.0014098585046188037
2012-06-25,-0.03506808561356689,-0.030300601075607277,-0.026256095007142766,-0.03765544478395203,-0.0305971477529369
2012-06-26,0.0034429124871302452,-0.0020837065888993094,-0.0004470513676062872,-0.0016140392552168531,-9.581710598186504e-05
2012-06-27,0.012199942741544678,0.018702172133973627,0.017125603927454103,0.022663295876675427,0.017986996870675606
2012-06-28,-0.0011301981707592113,-0.0007112972418059214,-0.00154347409837813,0.003998864891850225,0.0005437398085536627
2012-06-29,0.06410235416536847,0.055770316974839355,0.050122585468053066,0.05062893822683825,0.0534486187030209
2012-07-02,0.008504828539435128,0.01007017460824562,0.011245967754657783,-3.072921361575781e-05,0.010844665528331273
2012-07-03,0.008784258782648768,0.011762462657382192,0.010898971066232202,-0.0018490409844272976,0.010099960371810483
2012-07-04,0.0,-0.0036519921308623008,-0.0028571891736805465,-0.007536811179548256,-0.0023538147558658704
2012-07-05,-0.03413448788642515,-0.013912460125076102,-0.010761788342943092,-0.01589020629847759,-0.012464729801472483
2012-07-06,-0.023800817034473343,-0.024661631605805413,-0.021251097856209666,-0.010367429945230227,-0.02034092677417689
2012-07-09,-0.0007386793816885895,-0.004011770572195667,-0.0038766531132508834,-0.0005999862545299433,-0.004390075348809737
2012-07-10,-0.00924245499570342,0.0075561917602643015,0.007977491357791397,0.006974945956616326,0.007432204092406589
2012-07-11,0.00895524586705454,0.0032410890851756677,0.00204325713814907,0.004227563124399673,0.002544370333752033
2012-07-12,-0.008505646723240279,-0.007912020270936139,-0.007534643137467833,-0.00848742453844858,-0.010681973289293894
2012-07-13,0.0138006707221896,0.014460581440445163,0.016234113076783265,0.014939512730312587,0.014284572100685487
2012-07-16,-0.001839899105386178,-0.003927739989698669,-0.002603644379272212,-0.0010571362991560636,-0.002663790770438774
2012-07-17,0.009214893754577291,-0.00278468489650748,-0.0016658687023092397,-0.0028449529901986583,-0.005291054937438091
2012-07-18,0.008765854200626366,0.013551905552602318,0.014218905100873513,0.012591967358150508,0.01287280909480089
2012-07-19,0.00651675080312053,0.009276404751429606,0.008478093667078015,0.004697556034353362,0.0072809658006193516
2012-07-20,-0.038129585287074996,-0.03292701151875958,-0.02991892627142784,-0.023290590481500537,-0.029261393990890037
2012-07-23,-0.025803856689813776,-0.027423333107444107,-0.02701506260570787,-0.017981547731701332,-0.02747055379344046
2012-07-24,-0.022264920950221145,-0.015111925306850208,-0.014250235119173052,-0.0038006142657676122,-0.016628345194125736
2012-07-25,0.013348951580849366,0.005111378584542319,0.004674109943039593,0.008271915840223886,0.0037257767100164715
2012-07-26,0.05269296407414581,0.045886378881984984,0.04321376706993528,0.024163351811600706,0.04796067294368547
2012-07-27,0.037541158429791555,0.02343882957804342,0.020441666674456696,0.014272086480738638,0.02767169364578944
2012-07-30,-0.0024826105723518843,0.020400334685197006,0.018268980515917455,0.014115675457138944,0.016135668872672787
2012-07-31,-0.003556587965984903,-0.006858819171584315,-0.00714071439289437,0.007923000949924992,-0.007555521023827655
2012-08-01,0.00035706913866939693,0.0035420502608476626,0.0031194383798867934,0.005127233126528329,0.002876323654828099
2012-08-02,-0.034962377762814634,-0.03776624384518506,-0.03188327194729501,-0.026102336649555042,-0.029470069856003766
2012-08-03,0.06580346903243828,0.05232096785176282,0.047549530697444525,0.035101922455543506,0.05017495940198578
2012-08-06,0.01283430807914665,0.01675400090560232,0.012424801558384583,0.005402733616824565,0.01422784049329332
2012-08-07,0.01917806102518571,0.021393794181949005,0.018111128943288833,0.02460730206393008,0.0292279675190091
2012-08-08,-0.006384521824624456,-0.004435512872465413,-0.004029272676806323,-0.012026265869212818,-0.005644692418288889
2012-08-09,-0.005072518291572847,0.003065815378252841,0.002788943159906028,0.008177400877242363,0.009747825803506834
2012-08-10,-0.0010199443645799722,-0.006297760565365172,-0.006423386664021073,0.0008234163344324659,-0.004652086068287417
2012-08-13,-0.0006802733489914559,-0.0033582200383399006,-0.003919612554250391,-0.005559785404218416,-0.005803741436937772
2012-08-14,0.002383345634276113,0.0063414159426260445,0.007431283454726879,0.00035228220955089973,0.0009432086023140759
2012-08-15,-0.002717429306129282,-0.0011642993258834567,-0.001274956004072002,0.004577227247501937,-0.00029490835110795464
2012-08-16,0.01975461320037475,0.014596197918031076,0.0095885237902105,0.030432993343574834,0.01317048012602699
2012-08-17,0.002003989329889322,0.009134750704092429,0.006868636411786988,0.014246634753495434,0.009131927521692592
2012-08-20,0.001000037692932887,-0.0044655767633546735,-0.0018538847064634898,-0.015022631026490166,-0.005915770001705809
2012-08-21,0.011322030740603672,0.011205353011435912,0.010426699476018384,0.02262980132051,0.011669936239768482
2012-08-22,-0.0009877612499907817,-0.015434092221549879,-0.014343269327503957,-0.014392155431795041,-0.011218371849867279
2012-08-23,-0.013513587617484668,-0.008980281356723817,-0.00963454776991439,-0.011736608912722437,-0.00838026934698562
2012-08-24,0.0,0.0018006671351641055,0.0020614217401980213,-0.0029603424101287902,0.0071971323440115096
2012-08-27,0.006014070769912339,0.013908798579750392,0.011510251372205236,0.021181415597900675,0.01720563182237165
2012-08-28,0.002657055775038941,-0.011318552512498695,-0.008594028137735221,-0.018047176231042086,-0.014716609742526381
2012-08-29,-0.005299935671460032,-0.0066899840218702065,-0.004403913900223833,-0.016305955624455127,-0.006129242799183491
2012-08-30,-0.015650978971452956,-0.01109143771595772,-0.011056686990787585,-0.016396631826011726,-0.009832188035571282
2012-08-31,0.017591301825211403,0.015063089655821234,0.013908216585554871,0.021740368898910095,0.012013622815738095
2012-09-03,0.0,0.00944368507880386,0.009108594137939116,0.010702133902125868,0.009009606999493047
2012-09-04,0.003657083844529785,-0.01035138351596863,-0.010205429296003697,-0.008488471216698327,-0.011878541135621775
2012-09-05,0.0009937437762581602,-0.00026871756403124193,0.0016497421551462217,0.004461247171515568,0.002096882000715663
2012-09-06,0.038384871047936864,0.036566690289362234,0.03332265279360745,0.05900455392426102,0.03871211374530222
2012-09-07,0.020713923307153603,0.010275571542858696,0.007536651443748916,0.03159977075027366,0.007137780155251686
2012-09-10,-0.012800482599869434,-0.0032090150108942503,-0.0032978369624401074,-0.0021689241152224935,-0.0037657008579461606
2012-09-11,0.02182165049329865,0.011130343002689606,0.010279219552973064,0.015489933372619545,0.010190111479893774
2012-09-12,0.005880288069967099,0.004679258802065681,0.003725844044662598,0.010002463446819794,0.002598218465968903
2012-09-13,0.01384615745031259,-0.010264873908251555,-0.008307648993618254,-0.019384501095100346,-0.00912603854167124
2012-09-14,0.01396061833200024,0.024760703814305198,0.02067702065048173,0.03217528515484266,0.02101518193265741
2012-09-17,-0.005088179697045669,-0.0052411124893125705,-0.004679764680914675,-0.002462492952590854,-0.005032838419540978
2012-09-18,-0.014440298456814826,-0.015911581082262424,-0.012954114718971706,-0.03694049206619764,-0.014126959426772093
2012-09-19,0.00610517784087139,0.004743380988960806,0.004764784229003863,0.0024773950637749765,0.00485190474636169
2012-09-20,-0.010012338857785519,-0.00793699107111937,-0.005802514919370245,-0.017546335645653253,-0.006401653645477009
2012-09-21,0.006277886461887094,0.009600703007866326,0.008457283255713046,0.01854418248701142,0.00805269531997748
2012-09-24,-0.007033815319857917,-0.007482122559455844,-0.0062961128605775124,-0.009735189664849105,-0.00778069547930026
2012-09-25,-0.010163386191290535,0.005662373829985428,0.0052921142458391204,0.0071406398789174335,0.005342009392071949
2012-09-26,-0.017112261243058202,-0.03089328378142875,-0.026327702069658107,-0.04532571695893382,-0.02962585696469085
2012-09-27,0.012345578039946625,0.003720592932017168,0.0034232364443813113,0.000870938261343519,0.003558382162429333
2012-09-28,-0.029706483785662208,-0.02217940826122156,-0.02062281548060906,-0.02265686989696542,-0.02328946051719573
2012-10-01,0.01127978951657349,0.01961980404756122,0.017743911783877155,0.020733431145742384,0.017810320560545434
2012-10-02,0.008285227026210595,-0.001599222808055969,-0.0012827346899830392,-0.0031283685324041935,-0.003999437862599335
2012-10-03,-0.003476519028811409,-0.0013208174720057968,-0.0014777300360597184,0.00031898428114462073,-0.0008657544147997345
2012-10-04,0.012369342727361898,-0.0018906060921984765,-0.002427569134050097,0.004512180909428095,0.0005322337680565973
2012-10-05,0.00845862644054951,0.020765663355615246,0.016241933124697162,0.014295544140497588,0.017682183226825327
2012-10-08,-0.009319952644715856,-0.014647676666213747,-0.013701493457901361,-0.013401731929254672,-0.01666603341133324
2012-10-09,-0.02477266006438139,-0.00886114798708854,-0.009164911956814336,-0.008984341425350914,-0.008918331988115227
2012-10-10,-0.002572024218186697,-0.007319751678580145,-0.005821044288012431,-0.006576151119977599,-0.007620785352883665
2012-10-11,0.011605448431666554,0.0143024807220279,0.012099383119897215,0.004890925967980373,0.01323159607498417
2012-10-12,0.0019119616991938315,-0.007200364095189124,-0.006916761511272397,-0.008163284964425746,-0.008323599433731987
2012-10-15,0.011132421778279111,0.006155619766507052,0.0053649507164467165,0.005871460560198401,0.005281190945697248
2012-10-16,0.02956901049465488,0.031790722477334374,0.024749198583519823,0.02371013373388067,0.0347453393442957
2012-10-17,0.013748935503868465,0.015990787098861287,0.009582195508565762,0.012120296309213524,0.015575210600085345
2012-10-18,-0.004521019503228696,0.001695401028145989,0.0017836668634111234,0.005947952221642341,0.0043132043277063535
2012-10-19,-0.020890203698574084,-0.014611257440370408,-0.01072922411074953,-0.027648240296657675,-0.012593250457686202
2012-10-22,0.006802886494090998,-7.680104255637284e-05,-0.00312064178598421,-0.0003844741958716789,-0.0031431182161852068
2012-10-23,-0.026719935415092766,-0.02209576623946162,-0.01954937252914326,-0.026392315178446975,-0.019300060149183035
2012-10-24,-0.0031552833649172163,0.005509176899814964,0.004386436362724284,0.0021409251808575318,0.005841731928614746
2012-10-25,0.001265930477125199,-0.006948260113793845,-0.00480642578310826,-0.009438349513398912,-0.0035166133759381634
2012-10-26,0.004110226484639767,0.004919614107517502,0.005333399502767355,0.004377380898351117,0.005123974075312352
2012-10-29,0.0,-0.008099980335316325,-0.007159572168158314,-0.00879856436536533,-0.008204771181200053
2012-10-30,0.0,0.01704370662025748,0.014676683936094951,0.023387544714338543,0.019093324289847013
2012-10-31,0.005037679137719575,-0.008104025026722228,-0.004917004261027,-0.009914189470697889,-0.001880277979957528
2012-11-01,0.011904824748014908,0.015102581052351348,0.012937606352881556,0.018456104974183457,0.014132877725073122
2012-11-02,-0.011764767255635356,0.005682693637238445,0.005515897678601413,0.005537730272217267,0.00700668355511418
2012-11-05,-0.006892132673268048,-0.01216172913296889,-0.011228292102567832,-0.013618156762552066,-0.013010029235242112
2012-11-06,0.010725463068082863,0.006829683196343063,0.005898694902892066,0.00147688222524443,0.007447449187622303
2012-11-07,-0.02340843683314009,-0.02249906471024275,-0.021207776860800342,-0.025513307407814642,-0.020057028440041615
2012-11-08,-0.011504948835081796,-0.0010068437392266396,-0.0015045185804977708,0.0011101712278999607,-0.0009307652261935247
2012-11-09,-0.0003234174969410919,0.0007554092503102734,0.0007136022507580863,0.002381789395431377,-0.000831655949616446
2012-11-12,0.0029107000811803285,-0.002382939415119947,-0.0024320381387257094,-0.0022076172304479674,-0.002693404496127465
2012-11-13,-0.00386973036772964,0.0074377816735954625,0.004891886836830621,0.000680183882141046,0.006415531043104345
2012-11-14,-0.007769526708907071,-0.006321674226099464,-0.005987820966286829,-0.009100387717767921,-0.006045697723627672
2012-11-15,0.0045674685445371566,-0.0036487619596341225,-0.003769535953991002,-0.012172458814378777,-0.002765010300093416
2012-11-16,-0.00811919474429057,-0.015339823079554631,-0.014957000011181956,-0.007401652534549195,-0.017252778894974164
2012-11-19,0.029796809215471898,0.030336799729729053,0.028810172627570307,0.0301958463187218,0.02902743623306291
2012-11-20,0.00476971257961134,0.005618255920839788,0.005685819925190212,0.00900796829330054,0.004428824949387522
2012-11-21,0.00411394995273362,0.007299724122626911,0.006139855368697594,0.012727770992826874,0.006762842686896147
2012-11-22,0.0,0.006303418886580297,0.006019637385630955,0.0072291170682195795,0.006807741914818839
2012-11-23,0.027418432934513293,0.009547891910035702,0.008101204036852513,0.015528984577002912,0.009351588899834158
2012-11-26,-0.0009199467173475195,-0.011451686306876966,-0.009569605801687843,-0.012701269168691362,-0.011741670268502015
2012-11-27,-0.0104391407809995,-0.000332333188589106,-0.0004531671246124555,0.00030028175440887435,-0.00042484978894306174
2012-11-28,0.011169488206934863,1.2926684489479687e-05,0.0006940343014247676,0.0017493497221066797,6.780793531854611e-05
2012-11-29,0.010125965986253815,0.016263517148256076,0.014576096170209132,0.01683166948086736,0.016303587415569604
2012-11-30,0.0030378181487495937,-0.003916713251790407,-0.0035662075131517026,-0.005354609966253545,-0.006101682573973432
2012-12-03,0.0030284476594721887,0.0023861194427168093,0.002814202397548585,0.0005855946626832538,0.0015887023567189122
2012-12-04,0.007246312295294155,0.004115816415855038,0.003935172834673946,0.003171444282792664,0.005113611661412198
2012-12-05,0.0023980322767096496,0.0027010099926100257,0.0006656137018778029,0.009889416298369785,0.002514332133356624
2012-12-06,-0.0017941796154858913,0.002116149475230593,0.0032184068821942977,0.00582584930027312,0.0016211725890642207
2012-12-07,-0.006890527264448498,-0.002119714449346361,-0.0019298880429300953,0.0011306623325434886,-0.0011309785208324205
2012-12-10,-0.0012065271747755402,-0.0033830936652532915,-0.0016958743919795415,-0.006312975410030433,-0.008674164443416446
2012-12-11,0.01449700315143021,0.012501915373996954,0.01181800604626807,0.01509514146185808,0.013859602811360004
2012-12-12,0.005358921135980577,0.0030698570557099185,0.0026911536627118628,-2.9252415097804617e-05,0.0038933184586763684
2012-12-13,-0.0023692504719373675,-0.0010037313000146049,-0.0008703521325192329,-0.0043599276257044895,0.002534446918745328
2012-12-14,0.009201669499458776,0.0007107195905009454,0.0006411242895275164,0.00772800859979501,0.001732895840113406
2012-12-17,0.004411819245007331,0.0010360887731973398,-7.717833531937964e-05,0.007254995016702246,0.0024686735355093675
2012-12-18,0.011127686117262892,0.006377113304626553,0.006024917024031586,0.015287505979897423,0.014593248491106915
2012-12-19,-0.0005794791194358995,0.004458575042516701,0.003925606102546102,-0.0007388839865646664,0.0008355407297249206
2012-12-20,0.008113830929982857,0.0010801657565712504,0.0014568545138228782,-0.0005330999040525422,0.00040564300145394365
2012-12-21,-0.00690565611886107,-0.0029354154322677427,-0.0023428309203122294,-0.00702615003802848,-0.002700907092864996
2012-12-24,-0.006692185478824775,7.316278549416509e-05,-9.952916474735636e-05,0.00012759542858491017,-0.0002393580912747896
2012-12-27,0.012302308295909725,0.0034894929724488617,0.0034832648703980256,0.005294086039283893,0.0042567782475471
2012-12-28,-0.019965055756552386,-0.016195842248544652,-0.012883348625423735,-0.0157604546175007,-0.016080629495280233
2012-12-31,0.023324453946584223,0.005671956727425665,0.0010615015365184452,0.0012012500523681552,0.0021399244039011357
2013-01-02,0.010386526718027866,0.03666671264641976,0.03705214700377209,0.05592721753877802,0.03657175022733874
2013-01-03,-0.015419833078318401,-0.0028423016202187403,-0.00361866315489559,-4.019492325051295e-06,-0.0005315578117476472
2013-01-04,0.008700341737503114,0.0023705715513021083,0.0023932735293578193,0.002074536017913008,0.0043796690441458945
2013-01-07,-0.004025123324123747,-0.0044048758422197435,-0.0056713262286417765,-0.0012443458247200754,-0.004521937559552921
2013-01-08,-0.0028864770124648054,-0.002625936393799003,-0.003003244223208683,-0.017740767259014762,-0.009123034205231707
2013-01-09,0.0017366570770775969,0.006359100077877005,0.005893140543563406,0.011974783866726823,0.004517789834492008
2013-01-10,0.020231445135637127,0.003061713689062671,0.0005433413438278719,0.009241725662721674,0.0014252981400644667
2013-01-11,0.008215145286160519,0.0027140004998245674,0.0024425267761040773,0.007418212870715913,0.00413023344123212
2013-01-14,0.0022480139129121834,-0.0010679882453822134,-0.0014020321719723382,0.0017977837726612295,-0.0007699412098039717
2013-01-15,-0.0075695399151135545,-0.00444891988165339,-0.004370170557676643,-0.0028997372692852502,-0.004955923040300797
2013-01-16,-0.0067796069775671874,-0.0006686347993191756,-0.0003549137643693036,-0.006200370527937451,-0.0007888973120163225
2013-01-17,0.012798631422457518,0.009620670757241559,0.008742760978822227,0.006147780474173147,0.015038655384606307
2013-01-18,-0.0022464373287995887,-0.003795767151360057,-0.004079589196777622,-0.000700281724804403,-0.004052196144567086
2013-01-21,0.0,0.008295695171047134,0.007653537777134523,0.00864793295471406,0.007983546129621514
2013-01-22,0.002533069670778154,-0.0041768128395200475,-0.004212836885000651,-0.011015807558062335,-0.004291353931583701
2013-01-23,-0.005053417313556463,-0.005118737041409039,-0.0036598727377085464,-0.007256871738201332,-0.004784950873910024
2013-01-24,0.007054401640290919,0.006982204673932442,0.006979075665165747,0.011705562317203719,0.0021558671458583186
2013-01-25,0.018492460769606867,0.005829551806102125,0.007487930593626714,0.00937255076927869,-0.0002869758624115978
2013-01-28,-0.0008255909523472438,0.0011746984330959092,-0.0007063714103142736,0.008777778680287769,0.004424677346361825
2013-01-29,0.0008262731159558445,0.0019407005436545787,0.0025733416459795804,-0.005150416866501746,0.0021942311633489607
2013-01-30,-0.0005504452058007203,-0.007600834533652301,-0.0062892531717466185,-0.00947990615319127,-0.01113864941288151
2013-01-31,-0.010735056048373437,-0.010565990246657454,-0.011156603790193724,-0.003239313599063033,-0.01604662747156669
2013-02-01,0.012799229882116014,0.0024610783794912256,0.0025373915336277804,0.004606599630313083,0.004216163419621045
2013-02-04,-0.04450564041635774,-0.03175553290260428,-0.03172618721596522,-0.037984415860960775,-0.026164696500220075
2013-02-05,0.013513682848877773,0.010094287695433548,0.009932161447267003,0.007447601326543371,0.011018499361538864
2013-02-06,-0.011630948146485243,-0.011603943983445024,-0.01174311651453818,-0.012627390439199396,-0.010707109738740629
2013-02-07,-0.01607364088401797,-0.006542635115048668,-0.006374901243049578,-0.007474042528369239,-0.003388593479061231
2013-02-08,0.008168070988095799,0.012339547398118147,0.01151498901529994,0.009805135305510193,0.01569767626855857
2013-02-11,-0.0026040849875559324,-0.0035370467448089427,-0.003348654219916272,-0.005620087382896177,-0.00500349076672374
2013-02-12,0.013634562157825103,0.009644591362375039,0.008275941971726502,0.004361336765158153,0.00922433904365809
2013-02-13,0.004293580546173459,0.00030503231468571255,0.0011217665074666242,0.0006451342261543115,-0.003991365599898832
2013-02-14,-0.013109106838098183,-0.009300628531969786,-0.009291946203362584,-0.00926117660726626,-0.011809454618398777
2013-02-15,-0.009818305204853939,-0.008313774540124736,-0.00880146970462937,-0.010127836672036278,-0.010202115668988956
2013-02-18,0.0,0.001053201577323286,0.0018244304292808974,-0.004630462299074074,-0.00237336241386336
2013-02-19,0.021580639531729284,0.0166276832968909,0.017269656809946642,0.019538032019840116,0.01490386231109224
2013-02-20,-0.022552003992089786,-0.011205976126306152,-0.010864936354075478,-0.004884791144628423,-0.015038659640189444
2013-02-21,-0.023364677380637744,-0.023884245174080013,-0.023077895194457,-0.023816763581412916,-0.022851358901601056
2013-02-22,0.025119752734913847,0.020075054024621723,0.0202696952288106,0.019627796032766875,0.019488498144569103
2013-02-25,-0.03909011804808327,0.008997744094533244,0.009505242997548922,0.004986185314471623,0.007277260960193347
2013-02-26,0.005464565686995604,-0.03315085672817604,-0.03149283193268095,-0.026185725385726832,-0.03267982711844209
2013-02-27,0.022041445211735677,0.0176722705608169,0.01675649278502118,0.014297399372904907,0.018205081211665933
2013-02-28,-0.005022273484134088,0.00736965827449706,0.0075954021594551654,0.009835611605870924,0.005318060771041506
2013-03-01,-0.006235207567487633,-0.008150621430437563,-0.007332915780073109,-0.004099561768431227,-0.010027508049645284
2013-03-04,0.007768352386113175,0.0003502508514255165,0.0009570462603619884,-0.0005438986772240202,-0.0020315375052776833
2013-03-05,0.01423028934841608,0.02445656401522034,0.023798585537815047,0.019665641771925386,0.030257319392967174
2013-03-06,0.004092433648521521,-0.0017462195277130148,-0.0009650166411352617,-0.007607808894155431,0.0004092225988970987
2013-03-07,0.009606849524301575,0.003715825239718613,0.0039032315019337997,0.0036772824150887984,0.003056712934792832
2013-03-08,0.0028834703855813437,0.01596419003746104,0.014090902589668847,0.006790146779124689,0.020544154704135828
2013-03-11,0.000862537901705096,-0.004451012502947881,-0.0039058211611694665,-0.006727918195176601,-0.003159316287948551
2013-03-12,-0.004596210961018921,-0.001737916083232645,-0.0015331048065220624,-0.002999176852615479,-0.0020155357008220134
2013-03-13,-0.005194562475806852,-0.004906995632086323,-0.0032601799253884718,0.0015478979942380852,-0.006905422861429693
2013-03-14,0.013924714406707617,0.01601229996494008,0.014282574842141809,0.01642291209497341,0.014654650082828121
2013-03-15,-0.0011462684963691183,-0.00852697458816351,-0.007872601778833798,-0.0030061247873234627,-0.009445760561704325
2013-03-18,-0.02124014610328029,-0.008317352089269535,-0.005992317608061437,-0.008137204198272893,-0.0069399553702599
2013-03-19,-0.008504460808942849,-0.013717610119282499,-0.011907449871686907,-0.00928027869005054,-0.01493197423477011
2013-03-20,0.016267245855156043,0.01496051942087869,0.013618609117104764,0.016817520142485616,0.015413733441494881
2013-03-21,-0.014260460877880798,-0.007778839633427465,-0.007904081882374339,-0.011357787957098608,-0.007753960285447264
2013-03-22,0.012400153639546607,-0.000638216730975469,-0.0007721110149432329,0.005003551182522852,0.000522711853258283
2013-03-25,-0.027413394261925017,-0.016296459582533177,-0.012584213210848225,-0.015600173105147988,-0.022638966071098582
2013-03-26,-0.0005993443077966232,-0.003638559463551979,-0.002078252561563638,-0.008622781101499747,-0.007167380098647094
2013-03-27,-0.01650168191426038,-0.011680729967557181,-0.010969871276692623,-0.012934279573269617,-0.009306303746387563
2013-03-28,0.00793180488409817,0.00357178673142293,0.003991676314257257,0.00865106822970465,0.001391219304460145
2013-04-02,0.011500541128965924,0.02007477706841502,0.01992872424621767,0.02535686379477797,0.020023884835353938
2013-04-03,-0.007180572758924253,-0.01737941957080863,-0.015260152134693299,-0.015453973850461773,-0.01662398378293263
2013-04-04,0.0054245057682325015,-0.0051974011335974585,-0.005622962265492445,-0.009512687520345484,-0.005077798383122905
2013-04-05,-0.008392984433839512,-0.010102965420625963,-0.012293070312201565,-0.015758719717637124,-0.007252317721608801
2013-04-08,0.004231842853820611,0.0008504568122162115,0.000982049451078074,0.0036921674010082905,-0.0011280733433337636
2013-04-09,0.0045155680591668634,0.004932195903647413,0.002724029073902985,-0.0035390760906881037,0.0043880554699001
2013-04-10,0.021276956618586862,0.02769606450730555,0.025161742866583587,0.023046882285537914,0.028033682337769456
2013-04-11,0.007335372782185212,0.0069977935491573485,0.006934762856171398,0.007826928525952306,0.007105176724503527
2013-04-12,-0.005534602371058184,-0.015252365472369096,-0.014039787667511584,-0.011192868447147833,-0.015017254196645258
2013-04-15,-0.024312048132947073,-0.004900362698232378,-0.004719563616792366,0.0032414608258762357,-0.005944867925270192
2013-04-16,0.019514094559019757,-0.006732104970355127,-0.006078726783019509,-0.013762173135304758,-0.00937531494359051
2013-04-17,-0.03445224554323567,-0.02005516534354095,-0.020063940028067953,-0.018862771609019866,-0.018934338967180695
2013-04-18,-0.0009151776641890264,-0.00023011324007087764,0.000489804536235168,0.0005039631629129065,0.0024034823997080364
2013-04-19,0.008241845921567181,0.011572559547189712,0.01042702768193703,0.012854720502912656,0.012300914715222456
2013-04-22,0.008476837515463354,0.004768587131334069,0.003746086021281524,0.007081230300465363,0.007336499084120205
2013-04-23,0.023716970631344703,0.031327791959927,0.02954120735472237,0.026830565049074696,0.034201869542063584
2013-04-24,0.014662637909374165,0.015274416675617457,0.01598029821688838,0.006174409184637712,0.015528137558266054
2013-04-25,-0.0037571309943362774,0.004401427843624086,0.004269193953556059,-0.003098586530989934,0.0032329928253596162
2013-04-26,0.0029008073211351793,-0.006667593930404829,-0.00617105036593506,-0.009243223609474847,-0.007606861402638665
2013-04-29,0.021984482101864433,0.016077364072287922,0.015578944285459482,0.022384159078820912,0.015719704033913148
2013-04-30,-0.001131983928100988,-0.0025363417871428237,-0.0027671385533162714,-0.008052554197430693,-0.005947464183704347
2013-05-02,-0.0005667123902621807,0.004203559572264774,0.0034125966832238364,0.007232793357487968,0.0037708112482661067
2013-05-03,0.01757859915236626,0.017263051121068348,0.016569181399572013,0.015146654538792936,0.016313020875383052
2013-05-06,-0.004179092789998395,-0.003632810150244206,-0.003569826554308737,-0.005789489279970835,-0.0026610938928210703
2013-05-07,0.005875595306076509,0.00789564290515947,0.0070080676778748645,0.01660409607542601,0.008127367748187573
2013-05-08,0.014186284355595769,0.008104946747813499,0.008340531542252345,0.005846439783421639,0.0054198308968146465
2013-05-09,-0.013439245689902402,-0.0009257365864134754,-0.0010468842478813167,-0.004891057944358252,-0.001890868231804644
2013-05-10,0.004169797211975634,0.005650159116766634,0.005780716386905706,-0.00014587929327183451,0.004655135656111865
2013-05-13,-0.0049835189799194435,-0.0039484216847393405,-0.0035702852057455953,-0.005480606187931132,-0.005949812005939401
2013-05-14,0.004173822864732335,0.00933182670066153,0.010655506985773317,0.004637912061680415,0.00415185999638734
2013-05-15,0.0008311867382799765,0.005871184354457981,0.005238771879166931,0.013063038839917088,0.01026460860968739
2013-05-16,-0.006367551062910426,-0.0003381132406008574,-0.00038375282424225947,0.0027524413619116786,-0.0034753231247415975
2013-05-17,0.011702236667241461,0.005756870433174275,0.005241774387970595,0.013801844544893176,0.010560850058494622
2013-05-20,0.0019284273488378023,0.005686996666324432,0.0049382021728909715,0.01711311328889162,0.008639700730243938
2013-05-21,0.0005493494447226244,-0.0007952699121207898,-0.00013246152997847666,-0.010056266023565462,-0.0017947547992322444
2013-05-22,-0.008791122766802717,0.004876112601563451,0.003952485216837541,0.009074883128493924,0.004686450557542424
2013-05-23,-0.00027742234917538244,-0.022283966277885835,-0.02016685976409276,-0.031942367065318056,-0.02547677852834102
2013-05-24,-0.0019404855913688346,-0.0039818816235934595,-0.003889125685862854,-0.005009320472134885,-0.003840826869180422
2013-05-27,0.0,0.011604416420516973,0.010845166751893247,0.01164028243722894,0.012954519271759602
2013-05-28,0.010555950713235562,0.01527798704492236,0.014603542608380461,0.017778111024523757,0.014646286667621437
2013-05-29,-0.004123416318974171,-0.015637842930772635,-0.015734178323599066,-0.01485401705342851,-0.014067806800766998
2013-05-30,0.009660808175363522,0.006291112038711885,0.004935358484884763,0.00846221767595345,0.010403313295541991
2013-05-31,-0.02159643972733305,-0.009692346133038722,-0.010313215997108624,-0.001013667902333209,-0.003195678899107494
2013-06-03,0.009778717040114682,-0.00886127880960711,-0.008456226234997645,-0.013328709147593772,-0.01119430795765395
2013-06-04,-0.007194217963233718,0.002421317697441356,0.0021371573200554927,0.0004390479746111592,0.0035273850505334677
2013-06-05,-0.014771823750173385,-0.015997908629370092,-0.015518571643227516,-0.01549852521032429,-0.016521418477717174
2013-06-06,0.006789561224122886,-0.01163679683757797,-0.010281131544634597,-0.02101918824473843,-0.008447174787575534
2013-06-07,0.010677478890991798,0.017566019282405906,0.016619013780764025,0.02190373615228699,0.01765472058838982
2013-06-10,-0.00027858074504771846,-0.002665986547346632,-0.0022851150984873883,-0.005676600381239393,-0.004489286978933192
2013-06-11,-0.012513652825936306,-0.013606088610164064,-0.012897061496708166,-0.012267610040184326,-0.012504229741215053
2013-06-12,-0.003660534552208161,-0.006332285647172744,-0.005044834960308804,-0.010785426368523601,-0.006047703421133716
2013-06-13,0.013001539777345084,0.0002040474023403361,-0.00029059955009810596,0.0018504208027969474,0.0003585888633561223
2013-06-14,-0.010881809299170597,0.0010650977411362247,0.0007480506578905444,0.0005948146053730735,0.0019292679738112987
2013-06-17,0.015797036477750215,0.01307966541678497,0.013294047154643957,0.009663035686139763,0.01107623926335024
2013-06-18,0.005553812165938199,0.00040167738569598434,0.0002889162463643883,0.0050833483386667514,-0.0015402759338180973
2013-06-19,-0.024302806851955627,-0.006985278838353726,-0.007086930300838282,-0.008911271631940856,-0.004955703253501822
2013-06-20,-0.037645094628458664,-0.03514708485410677,-0.03408933747739565,-0.03282044728135305,-0.03575661179986797
2013-06-21,-0.006384990786036937,-0.015844698174833725,-0.015773255425395646,-0.018925215732127895,-0.011885385976022244
2013-06-24,-0.01667190187670342,-0.013642744744597018,-0.014258726303476497,-0.017284417438176505,-0.011720836139995042
2013-06-25,0.009556289702120191,0.012606527830063476,0.01219530033804563,0.019768316971381667,0.006169056485739891
2013-06-26,0.014350968688931598,0.022269743152750324,0.022424024717874098,0.01686968345880593,0.019385509918108345
2013-06-27,0.005719298357768965,0.007038798605906689,0.007105434722772401,0.008669744451242554,0.008145601736180393
2013-06-28,-0.008380539077359028,-0.008521466982316366,-0.008156110000467308,-0.007162872093897042,-0.009234695489754148
2013-07-01,0.00965895063909783,0.007639104327947082,0.0075706382390270084,0.004749659594990918,0.008571139923013973
2013-07-02,-0.016741031366500514,-0.008647927431993097,-0.0085623670328757,-0.010399080869715794,-0.0067630599649873705
2013-07-03,-0.0027363526120847137,-0.011801334444355438,-0.011670821467178466,-0.010783973387296086,-0.013582482016069151
2013-07-04,0.0,0.030884745887901573,0.029646537269076435,0.02413540184503899,0.03125134792977256
2013-07-05,0.0036582043471122816,-0.018550192377119187,-0.018410838804371686,-0.01762941943418006,-0.02062175889527443
2013-07-08,0.016099543427637197,0.020125995993024896,0.020239762123824157,0.01670032255822419,0.020972845731593165
2013-07-09,-0.0008970648049351215,0.004673310113510739,0.004952822108051945,0.003786980562218487,0.005223403774925204
2013-07-10,0.005984878369172497,-0.0012879053138098342,-0.0012412662654650028,0.0008721163881815502,-0.0014791799605301326
2013-07-11,0.027364775563197608,0.0083735093345547,0.008597410930261916,0.003604873610489838,0.009469301375579942
2013-07-12,-0.007238234754846418,-0.004858061420351314,-0.004780711132193783,0.010748887851389789,-0.003751537312208254
2013-07-15,0.004374017698069554,0.0056178270827168305,0.005786085140627286,0.0013617917672935527,0.004862138169559236
2013-07-16,0.00029100587869823613,-0.005994737354690823,-0.0061765692130683605,-0.002781576929183052,-0.005643460628866688
2013-07-17,0.001450970567244969,0.006430889611602466,0.006134746997830156,0.00957454717014263,0.004039951950957739
2013-07-18,0.012753813371020772,0.014677297936959209,0.013975545928221778,0.014567011631187229,0.014281043740006322
2013-07-19,0.0031483979117385985,0.0010432202485050259,0.0011947688814609764,-0.0004392431507525801,0.002329763184517764
2013-07-22,0.005135676776678366,0.0042324721857467575,0.004166759055404118,0.002160756332212106,0.005962285104619204
2013-07-23,0.00368950874971552,0.0015298292827808423,0.0014254651640374114,-0.0007961716184664049,-0.002552701153829624
2013-07-24,0.007919146428942092,0.01254455510908105,0.011763866011287026,0.011103752123596983,0.013195804863312866
2013-07-25,0.007295275263619727,-0.0022032940950599917,-0.0027903589010365108,-0.01040935931635864,-0.0009324843134063019
2013-07-26,0.0019494179731420758,0.0012044952377095472,0.0011376965103466888,-0.002163100644170031,-7.228436419342328e-06
2013-07-29,-0.0050038686936169086,-0.0002182024295366375,-0.000515168808597319,-0.001807617168548826,-0.0036308571764610905
2013-07-30,0.001676445870851584,0.00687265052947371,0.007191078795372568,-0.0008847872426616974,0.00693321584354494
2013-07-31,0.006136199384101593,0.0011473850004438929,0.0006995316592342007,-0.00015475102830611045,-0.0014802394549090693
2013-08-01,0.014139444247180721,0.016483320709899607,0.015312524750439921,0.025151700269133773,0.019590661065672532
2013-08-02,0.0038270301748641877,0.000671784398950442,0.00038538900560563844,-0.004422518335018993,0.002114749372931613
2013-08-05,-0.004084635171149875,-0.0008498286397195518,-0.001061626717114911,0.0022725118237539644,-0.0003224851033662891
2013-08-06,-0.004375444057056366,-0.008871711973686549,-0.009694142035158521,-0.007278468257571891,-0.008313886775489537
2013-08-07,0.004669185514278418,0.003588937928412254,0.0024670526701849565,0.0063024836418042254,0.007180547712487445
2013-08-08,0.014215395919769502,0.010707088842894338,0.010008435876956736,0.017880448039859213,0.012235846791133593
2013-08-09,-0.0008088089651345776,0.00496153203784129,0.004291867525615528,0.009000510069663247,0.004237229664212966
2013-08-12,-0.003506819002425998,0.0011508288446940495,0.0005283211142220041,0.0025071431845163895,0.0008626425282472017
2013-08-13,0.004601972870051707,0.005543225256979998,0.005740413641651633,0.0011126638128978166,0.005448307060749687
2013-08-14,0.0005393298062292828,0.0032373998441624424,0.0035037803128813304,0.006406813146188332,0.0037393995998702776
2013-08-15,-0.0005390390863834194,-0.00585718765689131,-0.004986352100719877,-0.006631580426166053,-0.008027502349266528
2013-08-16,0.0048502998449215795,0.0059349633480100935,0.005729491637243482,0.009576025644046953,0.009164149341474179
2013-08-19,-0.012871725646956045,-0.010423757404317328,-0.01176354337821821,-0.027508781236987478,-0.017683163941419083
2013-08-20,-0.0019015958715641323,-0.014132618744245018,-0.01363140708372643,-0.016917134497708913,-0.015527851629435999
2013-08-21,-0.010342828228393386,-0.0034785804101068944,-0.004099302754645023,-0.004250781850004466,-0.0038981624086156254
2013-08-22,0.015676230689729787,0.013915977417259095,0.014279444213936062,0.02032244827455485,0.019952054911745523
2013-08-23,0.006498783634548699,0.004406657669096665,0.004036988817420894,0.005977166642777468,0.005580673365754574
2013-08-26,-0.006994695323740974,-0.0014865843653248556,-0.0022101779712103294,-0.012540374028461317,-0.010817146746610336
2013-08-27,-0.027092907820984724,-0.026813765783600584,-0.02599526299428741,-0.037721624156311064,-0.030414707481335162
2013-08-28,-0.0022278930480926773,-0.002844800216353304,-0.0019706086432481275,0.00919141409922492,0.0034942309225490993
2013-08-29,-0.003907366388700595,0.006624536325535351,0.006035303311772999,0.0102983416182299,0.010180705851785937
2013-08-30,-0.011767776222448956,-0.012337900165164966,-0.012823406479892368,-0.01387484186590281,-0.01425983907548909
2013-09-02,0.0,0.019484691768547283,0.018722198998958745,0.021730458408603,0.021730998441466847
2013-09-03,0.009639817808794415,-0.005106979150308495,-0.005364311784087145,-0.00031039909644586886,-0.004827123778397314
2013-09-04,0.005335440330950014,0.001433003537169726,0.001610207147139064,-0.0007955506932874661,-0.00012331391041171594
2013-09-05,-0.0022346627889821002,0.00719740025574413,0.006441370550077069,0.00872870256336421,0.0071281932210037965
2013-09-06,0.011478458890934906,0.011473350968149328,0.010863915021847706,0.011376051898815923,0.012952924450734789
2013-09-09,0.01162438704540425,0.0003059789084250568,-0.000667280962976844,-0.001703818764995283,0.0017944161978737695
2013-09-10,0.015594967954147387,0.019579463895326853,0.018803670215333187,0.01639379506204373,0.021134525394562734
2013-09-11,0.009698499701325192,0.005960699511333353,0.004531941977037898,0.010784454485107118,0.005688709121548869
2013-09-12,-0.005336204414760015,0.002030541668524215,0.0020979724703553064,0.008169052297324375,0.0033190628928380385
2013-09-13,0.005633011790551201,0.0016282833055806638,0.002117618462944513,-0.0019626582918590577,0.0017209960810010607
2013-09-16,0.00826874045577286,0.008339630326828048,0.008775821940441663,0.0017159381994181265,0.007063262708327752
2013-09-17,0.0044974881701440594,-0.0016001433442386056,-0.0018560674166872536,-0.0004193402892190889,-0.000252731806837487
2013-09-18,0.030550823925146853,0.005651474748687464,0.005879833694337363,0.001057120029296612,0.00664977301878269
2013-09-19,-0.004600328741029447,0.008027904043236394,0.008372172576716375,0.0035350024168977765,0.005829024356221133
2013-09-20,-0.006871534419465863,-0.004077918684811947,-0.00291073146215862,-0.005726900754826092,-0.0012522107958317693
2013-09-23,-0.003109439867246322,-0.006207697825090601,-0.006099360319023364,-0.004885066470395738,-0.0059555559909350445
2013-09-24,0.0023393010268508707,0.007494900838310408,0.007314597733617537,0.011395985560391331,0.006177450471726811
2013-09-25,0.003890299307490519,0.0015311941598901563,0.0014882357672466,0.0031226314919378176,0.001603941057776524
2013-09-26,-0.0005167853495390284,-0.0008499060827509613,-0.0005865365822719813,-0.003213592254504202,-0.0021051210244473735
2013-09-27,0.0002584911753558128,-0.003247838037848395,-0.0028914253396495402,-0.006238141131137163,-0.002829089557149316
2013-09-30,-0.007493885757897334,-0.00929373911055654,-0.008844616465714808,-0.00824951118373779,-0.009271887414649516
2013-10-01,0.012237016754696128,0.01669299926617154,0.015795325820733112,0.01873016148943589,0.01510626353531014
2013-10-02,0.002314212749547684,-0.0047279438027879464,-0.005230511700160654,-0.0017634877681372248,-0.0009324411426081009
2013-10-03,-0.007184706286856968,-0.004501279750507021,-0.004515262133548266,-0.006822881258409626,-0.0043330106173416335
2013-10-04,0.005944875809101191,0.012326438037236022,0.011769366538109512,0.02347815529966294,0.010822177683089762
2013-10-07,-0.0035973502464948792,-8.906531366808065e-06,-0.0014732358263114106,0.007319009002599764,0.000154440884163751
2013-10-08,-0.007735968073591337,-0.007437331736372599,-0.0063055525178427885,-0.008355798988733319,-0.006181483109095579
2013-10-09,0.003118187237349579,0.003626584784695292,0.0020201880869284523,0.01192742870438498,0.0009064523730560753
2013-10-10,0.02461188679802917,0.02394250011738457,0.022049516755550544,0.02567097082911134,0.02260943259954454
2013-10-11,0.0010113440718761968,0.0010538028570667788,0.0012379414024052701,-0.0024563074876381864,-0.00029179307866186526
2013-10-14,0.004293904029811113,0.0007561348813181488,0.0009459563764170227,0.005061386631353619,0.0015592286463188827
2013-10-15,-0.003269815897970041,0.007807527872602505,0.00851709741859771,0.012154851487052854,0.007878349128010423
2013-10-16,0.009841285311463333,0.004688309822465194,0.0037086989310118872,0.01764083343216038,0.00548664635955504
2013-10-17,0.011744040392413169,-8.246696109989526e-05,-0.0006226676297513945,-0.003105690550438072,-0.0035752855556655774
2013-10-18,0.005680594296959773,0.008214823879236435,0.007239926845213946,0.0048750118142789,0.007791208239533683
2013-10-21,-0.0014736280807394753,-0.0008289907650968712,-0.00048183876077302,-0.0012052993878908984,-0.0018886529638385097
2013-10-22,0.011559320133987194,0.0036679395882267844,0.005716269789664506,-0.0013180408503406784,0.0057852839945900444
2013-10-23,-0.00778001489316571,-0.01338096323240554,-0.009198983009010986,-0.027153126087197846,-0.005799171462710642
2013-10-24,0.008085948032131363,0.006191938198747067,0.005991539327465574,0.00954695192753168,0.005294968218236485
2013-10-25,-0.0007288958891066288,-0.003060898219606685,-0.0004915437649262767,-0.01227625736309648,-0.0005633091017777102
2013-10-28,-0.00632461270964102,-0.006467461722678112,-0.003356145343209253,-0.01283859103474623,-0.0042117434593723566
2013-10-29,0.006609292159438063,0.011887845108440475,0.009110703378174422,0.01800553425457007,0.008563756513676154
2013-10-30,-0.006079729268413825,-0.004988060213382578,-0.0029488305715242935,-0.011377257461672745,-0.003059160763650819
2013-10-31,-0.000978480994487052,0.010477494983985548,0.008395282951729477,0.005536988482353257,0.008174951513937665
2013-11-01,-0.006857672087588251,-0.0051440657576347654,-0.004932111630110779,-0.0031876601651125163,-0.004314002465087499
2013-11-04,0.0034523447811318775,0.0033087832288417754,0.0032907704051935204,0.006101541315608485,0.005281874273394185
2013-11-05,-0.014008254984939073,-0.009092271444687553,-0.008068308234539226,-0.007440421112196178,-0.013021327600373861
2013-11-06,0.011714564393917604,0.008016289245995184,0.00777027828269745,0.009592838004801672,0.008477195544570557
2013-11-07,-0.020694466332144557,-0.007403351130003175,-0.007738156276545229,-0.005367959233211392,-0.0057420504806127174
2013-11-08,0.0030189717374473624,-0.0013047715042007054,-0.0014654004826696514,-0.002191921803424199,-0.0025857860782057206
2013-11-11,0.009029314308129699,0.005741730522934844,0.005760495475787067,0.0030767289964492755,0.00683629083740313
2013-11-12,-0.0054685071512233785,-0.006459314926803081,-0.006035906309174626,-0.00798792709745954,-0.0049999586173253945
2013-11-13,0.004498859721780768,-0.00416249612889251,-0.0035580471617107307,-0.004185343867210107,-0.005253612732794585
2013-11-14,0.0034832013038805787,0.00905338149940177,0.009739653951773179,0.015463808875437867,0.007105111436139887
2013-11-15,0.0034716495201201347,0.0002664206554832849,0.0011693666054155805,0.0015871572874529955,-0.0006801744124059415
2013-11-18,0.0054358754355505745,0.010549932106631523,0.009625332254104077,0.005510111236977466,0.010365688548945784
2013-11-19,-0.005898258298574821,-0.010715937840008271,-0.010023761169341675,-0.006398207087273524,-0.010514872784050422
2013-11-20,-0.01137215441811179,-0.0017262416140712646,-0.0014216663054763448,0.0009539574136128439,-0.0029634330228515905
2013-11-21,0.01025245929632046,0.0003758918249430637,-0.000985255976492745,-0.00273884427534864,0.0017841108774678527
2013-11-22,0.008911267458101113,0.004383466280283551,0.0044052684837156105,0.0017348801842017893,0.004516598765712586
2013-11-25,-0.0012269515106259066,0.004781843194445222,0.0051501257174705675,0.0034984988508845465,0.0031577630646599524
2013-11-26,0.005404297844272321,-0.002215600087845507,-0.00264915728365612,-0.005135451790556204,-0.0020919768163989608
2013-11-27,0.004153061092443178,0.007012927292811951,0.006943859231524616,0.00766890337882762,0.006141026475122725
2013-11-28,0.0,0.0037500759682567893,0.0032542439412789315,0.0033208271331593457,0.0037190604049513994
2013-11-29,0.001703469994019935,-0.001690371666282014,-0.0014142597572367208,-0.0008055032490499215,-0.002461411662264934
2013-12-02,-0.007529733474616829,-0.003291248544204233,-0.002778578040239401,-0.005253920237263262,-0.003273110596910237
2013-12-03,-0.01346064474819797,-0.02159404293812079,-0.020836415181671508,-0.022334711980997787,-0.022946495308390217
2013-12-04,-0.008683058655960973,-0.006704492927089725,-0.006935878506101354,-0.010453996186394246,-0.005456066054273038
2013-12-05,-0.008507954962019726,-0.01366069222461419,-0.012838453769263776,-0.010970657929028887,-0.016825751587749297
2013-12-06,0.016910664682927123,0.008940372019812813,0.008613005458305987,0.010026079130633981,0.0062757226999554765
2013-12-09,0.0017372441923264592,0.0032027938733552516,0.002915043122011644,0.002068083620624344,0.0033498920132080884
2013-12-10,-0.0069374640286123945,-0.008924815391880708,-0.008927445883506408,-0.009366457485497942,-0.008671987350916092
2013-12-11,-0.007485591572971129,-0.0035374322727965268,-0.004020191344916844,-0.0037159110953378914,-0.005679342399005449
2013-12-12,-0.007289342501388463,-0.006361970893427595,-0.006557859579860007,-0.003420116493630369,-0.005308795796879018
2013-12-13,0.001519114283326628,-0.0021034192778163936,-0.002017427540965834,-0.0037754202377125244,-0.004276047125323739
2013-12-16,0.017193467318910027,0.01941407479447232,0.018746486219284784,0.017960484255807225,0.019852857240322846
2013-12-17,-0.00969450628214974,-0.012569747701900771,-0.011976589398062714,-0.012930211372214546,-0.014047692248748439
2013-12-18,0.018825184923080274,0.011605523512982972,0.011338267877666078,0.014879158125467275,0.010506267804089834
2013-12-19,0.003941994304625274,0.018758313979012006,0.018265681540559235,0.021769080729123588,0.019142641571562556
2013-12-20,0.006853739411927684,0.004603687729481435,0.004242131807318124,0.0036925430323313598,0.0053822257183425756
2013-12-23,0.010529122725810636,0.006800992616840705,0.00682622057923366,0.007393023950184661,0.005320836816821124
2013-12-24,0.00266494432435449,0.000859201623581722,0.0008626873510884169,0.0004316926583964943,0.0008393450949217533
2013-12-27,0.012083373434180311,0.01282316174013616,0.012964617688232018,0.010643334510480332,0.01198224988769264
2013-12-30,0.005252903128262432,-0.0021833519381066406,-0.0028748461118849244,-0.005876269925177626,-0.003458750023695006
2013-12-31,0.002375177319493771,0.003798381567230924,0.002187156268348102,0.0023659241377275322,0.0020465489213079575
2014-01-02,-0.029383627616162533,-0.015451313368244261,-0.01577154980138866,-0.010283334472901856,-0.01485834853474605
2014-01-03,-0.003173766871569006,0.004080075748879885,0.0038319779190850193,0.0031022895611361374,0.004133441918672271
2014-01-06,0.0024493205716242805,-0.0014487477856229686,-0.0018374856918791926,0.0009955189739023818,0.003579190130227514
2014-01-07,0.012948710089777604,0.013065703223338396,0.01246085312923097,0.01856614390803097,0.015225952256432041
2014-01-08,-0.002411906809075215,0.00173531696829558,0.0011347175293186654,0.013023653192743971,0.0035516908675283583
2014-01-09,-0.0014506036795299826,-0.005376779410258802,-0.0056224754010541595,-0.0064997041318213605,-0.003571636167981349
2014-01-10,0.010411651853697412,0.00624519944072201,0.006543514948773078,0.0004973908277716228,0.009415621984177834
2014-01-13,-0.009106151093301706,0.0038490175974376533,0.003102163443753689,0.00711130752945594,0.0053480929086844355
2014-01-14,0.013058785129297368,0.0025244132759930983,0.002336493093955961,0.001782781519427195,0.0025254723115944433
2014-01-15,0.011697651330590864,0.016255815995316975,0.015130252360442038,0.027153237594164534,0.019345414510832024
2014-01-16,-0.004483307373795431,-0.0070165272045983815,-0.005902153564776246,-0.016399361116250906,-0.006247567698646958
2014-01-17,-0.01113967860701992,0.00010701415548603498,0.0006255150482143146,-0.0033866935837169546,-0.0009736032838671571
2014-01-20,0.0,-0.0005248299989478937,-4.6155560150446644e-05,-0.01049568681589018,-0.0012127594108270032
2014-01-21,0.007909894201430845,-0.0008866166552991624,-0.001068079975870796,-0.001997348419181415,-0.0009357290992230373
2014-01-22,-0.0030920111536153483,-8.858659386087548e-05,-0.000764640413481063,-0.002041953771137474,-0.001484449346685298
2014-01-23,-0.0011924621993545381,-0.010645481909140518,-0.010671669320975038,-0.00794459410209235,-0.011695916998242972
2014-01-24,-0.03654211548774544,-0.027457220350340615,-0.027673878954359278,-0.027353139473682977,-0.026705284612154597
2014-01-27,-0.0012388325618333251,-0.004453048238662679,-0.004268435142923104,-0.005071651266854867,-0.002482592640171354
2014-01-28,0.01365063717893178,0.007545814619516283,0.007228127657144224,0.010492060182846069,0.006453878607821821
2014-01-29,-0.017629678638228063,-0.0076173292817894945,-0.007647411283993403,-0.008387478523344904,-0.004767740681092678
2014-01-30,0.005732949492399664,0.004942716603168259,0.004857383414154444,0.007498627457333812,0.0019245178277661563
2014-01-31,-0.014622286413246255,-0.0034380005720402195,-0.0031745385703834993,-0.0017572901460515494,-0.0018844405308868725
2014-02-03,-0.02062378846046231,-0.016716626262815837,-0.0158702276029363,-0.02422557208380791,-0.014349432315095327
2014-02-04,0.008988392859498928,0.000616201925884019,-0.00038911017790002004,-0.002772263216289554,0.0016118285969665374
2014-02-05,0.0017815679353001546,0.00039021997552541563,-0.00010197568128927047,0.002573221847871369,-0.0002546413586048215
2014-02-06,0.022357553386505025,0.018680523273011153,0.01797176790419575,0.02868622448310377,0.017778087582786428
2014-02-07,0.015407717867721438,0.008712433945799262,0.008724244206043119,0.00800625041536637,0.008874211382350162
2014-02-10,-0.006118639810555715,-0.0019899778366215606,-0.0011506924054740986,-0.005747172285300793,-0.0005876426027402196
2014-02-11,0.01600613460417666,0.013038498875079456,0.012719056274401275,0.008847636729873598,0.013595788322330571
2014-02-12,-0.00024251702926914032,0.005820222804309456,0.005535553193391196,0.005204036642744534,0.004559841587772189
2014-02-13,0.009697332052267083,0.0018420948875724258,0.002632843609516161,0.0008823535820277722,0.00256815261363444
2014-02-14,0.004561755000118239,0.006959427875305829,0.006898010687395031,0.01253542937970498,0.007523272206725673
2014-02-17,0.0,-0.0004619108610627668,-0.0005385826790320981,0.0015993075109826853,-0.0003978093976268897
2014-02-18,0.003584936262989169,-0.0007470549127804629,-0.0008979513578809767,0.004632262370871397,-0.0015446742164266438
2014-02-19,-0.006906153119854652,0.0013883177670598562,0.002303622843655909,0.0022915803683000915,0.0010991027053727453
2014-02-20,0.00479611347078146,0.00048086665615961133,0.0006568328413871035,0.0030322799587824147,0.0007837552058092803
2014-02-21,0.0026246808921410736,0.003667644027381355,0.00353384839508877,0.0055065619969376116,0.005867204464054166
2014-02-24,0.0073795005193337815,0.007286319845407105,0.007239534684016303,0.008763527139525749,0.006600164059629402
2014-02-25,0.0011811911740251535,-0.001208626489200398,-0.001133401273052556,-0.0067752197875220405,-0.0009038759848592247
2014-02-26,-0.005428319685908067,-0.004870438576221052,-0.0038365343096522417,-0.009309757207015093,-0.004174256427930041
2014-02-27,0.0018985949358099052,-0.0036030472292663046,-0.004064300941614368,-0.00016665203393001444,-0.003685586670183063
2014-02-28,0.003316308969313786,0.0028381823400246216,0.003050108832259405,0.003748206865446809,0.0027031199420104067
2014-03-03,-0.02927326269007169,-0.029681241837192,-0.028780293734330928,-0.032364403898353294,-0.030020628869958033
2014-03-04,0.02431928623310453,0.026533391097014237,0.025461808004870013,0.031473253382545405,0.030058650628837454
2014-03-05,0.0016617378756136336,0.0014576552375104126,0.0009854783573412626,0.010233953884454682,0.0012231812098800613
2014-03-06,0.010429382472359805,0.00422090221460402,0.0038160480664849623,0.0022937186014131265,0.004223859462693032
2014-03-07,-0.007976023096105012,-0.01414508456146131,-0.014031346045554786,-0.013522151681264404,-0.015949497977406864
2014-03-10,-0.0035470467009917073,-7.448463972602529e-05,-0.0006619984039138707,0.007079434784267341,-0.000922809922097775
2014-03-11,-0.006169663632648703,0.0008202210886526789,-5.257584139253959e-05,0.0017210301442947547,0.0032335458975561826
2014-03-12,-0.001432850566952415,-0.007207821127438665,-0.007782629997390066,-0.001003268987865294,-0.007243466431773364
2014-03-13,-0.02630291391737183,-0.01484294408901208,-0.014064461751075213,-0.013274121883362813,-0.01482916683241055
2014-03-14,0.003928941232868688,-0.006745013146957885,-0.0061640396556917046,-0.010788024342461134,-0.0026065994092956926
2014-03-17,0.01687884489051039,0.015162001182145137,0.014178368281926229,0.01877799583105582,0.013852048591682674
2014-03-18,0.00962248822651679,0.00731159065376622,0.006953402040498487,0.011850680411908775,0.0066218275518932545
2014-03-19,-0.013819725342227085,0.0026209137312983373,0.003494272618376023,-0.002083398396983255,0.0027292877832080496
2014-03-20,0.006282243578915381,0.0050842509138295305,0.004677707415366765,0.0031331516924910513,0.006318403324684304
2014-03-21,-0.0029602657208980254,-0.0002378843581094408,0.0007726739459753832,-0.0031536362824022644,-0.002397385497716547
2014-03-24,0.0,-0.01232246884901292,-0.0114544121945088,-0.014971095619418943,-0.012708339606963482
2014-03-25,0.014240760059307078,0.013496993534806403,0.01327891195821787,0.012156117746694759,0.012890912725645758
2014-03-26,0.00023796130519349035,0.010600241156159762,0.010866787228139625,0.008954587122215679,0.00977678811675922
2014-03-27,0.0019036226075561657,0.001356859173376092,0.0017119614761465704,0.004231667614126157,0.0011410098323442635
2014-03-28,0.011398561012461617,0.012756800381494612,0.012701019639133027,0.011702791906962164,0.01463194454385915
2014-03-31,0.0016434992385119251,-0.0028921927692500678,-0.0036434839159385298,0.0020846965621486623,-0.0019361766331623747
2014-04-01,0.01007977588470399,0.008474226401234148,0.0077825302684703685,0.00911412226850298,0.010081162199674802
2014-04-02,-0.0020885333048885624,0.0005056423224265539,0.00035785998158784717,-0.007180186696888951,0.0016677260389779082
2014-04-03,0.0011621252552225236,0.005980407908363258,0.005441238018321596,0.010533593483642096,0.008291876088637922
2014-04-04,-0.002089911102180597,0.006486783553564852,0.006126603346035623,0.0073410440535011875,0.007055559666904843
2014-04-07,-0.004655842966136858,-0.01300999579670695,-0.01160164133678428,-0.01672395343764769,-0.01544684838154254
2014-04-08,0.0009353728515537618,-0.005362844341795483,-0.004288123141547378,-0.009928178119265198,-0.00962498297151738
2014-04-09,0.01285068124252775,0.0025737028869271183,0.0031536417471573516,0.007233664990382905,0.0005661428374316088
2014-04-10,-0.02214527868298355,-0.008065851851272184,-0.007419348097913718,-0.011987897268324606,-0.009607341939168304
2014-04-11,-0.0047180670802161595,-0.011551726984019484,-0.011257813265042431,-0.009423373303437859,-0.011009237220129003
2014-04-14,0.005451695868625928,0.003462757217461654,0.00485755279533249,0.00253313257725769,-0.0011789700597184662
2014-04-15,-0.006129097465615185,-0.012448539803933997,-0.011434374095994567,-0.012103268195625447,-0.012584664786966895
2014-04-16,0.013045367039303146,0.016178479613895066,0.014805572661503527,0.012817119363969311,0.022043354716654796
2014-04-17,0.004682653813288695,0.005095793481275671,0.004673027829753041,0.005811493006709815,0.00659234131449612
2014-04-22,0.010719937591600281,0.012837287160083173,0.012554350440738367,0.009590161200820449,0.011078592593448369
2014-04-23,-0.00391929695088189,-0.007444882215008054,-0.006906071664023749,-0.00944743132375379,-0.00803982639211655
2014-04-24,-0.0006941967697557949,0.004269627752624768,0.0038718467027069664,0.0027898835358182356,0.0037772528195124406
2014-04-25,-0.008802641554751522,-0.012836799361624514,-0.011619117532708058,-0.015194660245712024,-0.015730177657362433
2014-04-28,0.0063095260908725415,0.0049490478413186595,0.0051173209734329825,0.006898476099429425,0.0027633944505246547
2014-04-29,0.008128241254985458,0.013099830385701191,0.012786655490143543,0.006457431839175984,0.010556517481728178
2014-04-30,0.006219785514395504,-0.0016888221722100559,-0.0012456487567015196,0.0015627896011298538,-0.001888973293142972
2014-05-01,0.0020606315626705562,-1.6391277329191878e-11,-5.989157154261827e-06,-4.617218302929059e-05,-8.006147409026763e-05
2014-05-02,-0.007310925011900005,-0.00516135229403388,-0.005977016772554378,-0.00280156830137348,-0.0020842214868877066
2014-05-05,0.0011506480442335931,0.001728442132455517,-0.0007288294870774068,0.003399977035784609,-0.0005240717393312799
2014-05-06,-0.0057476820177333465,-0.008365281468430685,-0.006278715739641666,-0.005570073260384587,-0.007237136212036153
2014-05-07,0.007861654342040003,0.003341515226600777,0.0040625321984608465,0.009389455513087563,0.0063700243680489925
2014-05-08,0.002294029311001422,0.01356099249469884,0.014703457703423219,0.013872334963880753,0.014240271952861223
2014-05-09,-0.0066377177803389475,-0.004309417135856903,-0.004686046227161443,-0.005309953022885975,-0.00655371995335945
2014-05-12,0.01013836679216884,0.008157662618109178,0.008134404289118347,0.01008175555477801,0.008586598112006839
2014-05-13,-0.003877770698697214,0.0036963593325763894,0.0019397158817531064,-0.0011141006063436789,0.004279399898470905
2014-05-14,-0.0009157578164618041,-0.0005681056296450603,0.00047196259354320106,0.003729270361925562,-0.0017011152255684593
2014-05-15,-0.011689489067232217,-0.011667220408857527,-0.01337950644226949,-0.006383880627289473,-0.017588870234512503
2014-05-16,0.003710379466589586,0.003936243924203484,0.004392946850145572,0.0026930688334229572,0.007967163218610749
2014-05-19,0.00023165691094217955,0.004235988464254589,0.001130216841497177,0.0016349283212175876,0.0007787895619745249
2014-05-20,-0.0060062320405446235,-0.0024641448384050448,-0.00134288919747229,-0.007749499741624351,0.0028094972328648366
2014-05-21,0.009528225581743932,0.0019157645053397108,0.007325018980311239,0.000964510009896277,0.008446877127689736
2014-05-22,-0.0027627505005868302,0.003037314167921138,0.0013220722964994408,0.0020521804610496505,0.0006444668635591207
2014-05-23,0.005079043667820526,0.0022390343839449166,0.004440767254010508,-0.0009274888436341863,0.008302589196606107
2014-05-26,0.0,0.006929110981052429,0.010861312531508453,0.008543671500068514,0.016027200833701714
2014-05-27,0.012402302610384996,0.0021233573721143166,0.002147865970103041,-0.001751831667989135,-0.0002754159146306233
2014-05-28,-0.0029492945545901428,0.0009244972450423623,-0.0002573909902600162,-0.0016561707668129137,0.004219427134195824
2014-05-29,0.003185652937639283,0.0022881965029238243,0.0009892378449056596,1.0125299919047187e-05,-0.0019620484485188034
2014-05-30,0.003855475818758114,-0.0035348655927980796,-0.00013962856822479226,0.0012072494606839813,-0.0007948262900219061
2014-06-02,-0.001355508448830256,0.002089294360208545,0.0016164147464090971,0.0024958062608275993,0.003955877197692918
2014-06-03,-0.004072594275202457,-0.0024528592783580167,-0.0016602318130897586,-0.002681725032265868,-0.0029330163173489857
2014-06-04,-0.00022721108927370448,-0.0013798037655922074,-0.0016294456787466873,-0.005421116351334115,-0.00210903594785258
2014-06-05,0.014542608022423353,0.009708789716506919,0.008395246771640033,0.014009181628831892,0.011317126442858224
2014-06-06,0.008957848255750411,0.008677499595401964,0.006683765783749525,0.008766587545045704,0.014182070227117538
2014-06-09,-0.0022195045647164235,0.0035619922763056302,0.0036515870569901235,0.0015391083213410091,0.0035847986215360402
2014-06-10,-0.0017799614339689684,0.002617455460964155,0.0033402454968789763,0.00017164958555589274,0.0030968364008642575
2014-06-11,-0.00935998774612945,-0.008252507802427202,-0.00626488118079458,-0.013299079420084773,-0.008542973852899781
2014-06-12,-0.0017996797508204043,-0.002858370255312225,-0.0023824685422210662,-0.005993415268643359,-0.003457831106689771
2014-06-13,-0.0015779312370686194,-0.0009844589323095968,-0.0008118022801665634,0.002415894207660004,-0.00025744932550934017
2014-06-16,-0.0006768379077940478,-0.006545994613828845,-0.005729065072720586,-0.005878264453235469,-0.005562420690139974
2014-06-17,0.0011295786809830677,0.004656658056308497,0.005463918562780319,0.0009337992859775872,0.0045184473721811
2014-06-18,0.011958174052193238,0.0023665231886830524,0.0022562413164820875,0.00722677362072641,0.002570530721938007
2014-06-19,0.00579756131709841,0.01100099942253489,0.010385384386432599,0.014043823907181925,0.011913699159739716
2014-06-20,-0.005001155842349503,-0.005229384788859917,-0.003745639742590852,-0.005206239736535957,-0.0048672264275402685
2014-06-23,-0.0034116389713135797,-0.0058960631845671255,-0.005551505355496496,-0.005163117533571457,-0.007209932769218034
2014-06-24,-0.006161490161864958,0.0006409815082260837,0.0014232217532330312,0.004364077820360571,-0.0005420687224092196
2014-06-25,-0.0011485243625019015,-0.006721274648554108,-0.005301618996076962,-0.01218710328126051,-0.005736530680388299
2014-06-26,-0.005747159602238261,-0.00440608615383448,-0.004314696921954403,0.0004629970029938551,-0.0041516753975867115
2014-06-27,0.0013875576687809588,-0.0011149202917272746,-0.0008177248710183356,0.00025471267170913795,-0.0028749213776292828
2014-06-30,-0.0009234109476454755,-0.0003045308105486068,0.0007362515003961866,0.0008653485012970071,-0.004240055630172705
2014-07-01,0.008088214459147425,0.009092106468117176,0.008047736708406479,0.009287071754396367,0.014102401799439772
2014-07-02,-0.002292455064718424,-0.001735443645536431,-0.001627362844815132,-0.002923600381583402,-0.005119422699757164
2014-07-03,0.006663838457655613,0.012389094063426547,0.011765831305915594,0.010497889849730657,0.011218120678151016
2014-07-04,0.0,-0.006256674372999878,-0.004946898105622822,-0.006091488384425092,-0.005972663385962868
2014-07-07,-0.01506483382921564,-0.012543802641380386,-0.011766103744560835,-0.010521194661048634,-0.013252470684749934
2014-07-08,-0.014368419495900953,-0.014686625450500642,-0.013898932979064905,-0.011085057847774754,-0.01852263158802121
2014-07-09,0.00799427752654247,0.0058942084654058915,0.005584257485248755,0.002163029472880848,0.007678340004227741
2014-07-10,-0.015861875082710197,-0.015822275806746097,-0.015055363421820457,-0.016794959293995413,-0.017400267525853844
2014-07-11,-0.0007111779957331699,0.0021343615671755886,0.002342236037412837,-7.065895325251233e-05,-0.00044622262514210347
2014-07-14,0.006166800960093477,0.008542034835019691,0.008382947548698873,0.008068157795374311,0.010063222978607752
2014-07-15,-0.008015508639110935,-0.008083610300984447,-0.007863512823466222,-0.004467916306318899,-0.008878909760561595
2014-07-16,0.008555634544727075,0.015772555841182492,0.014877811695072353,0.01607591801358533,0.016416211672264657
2014-07-17,-0.020499936679203468,-0.014128331673563005,-0.013180903019184105,-0.012917002839428218,-0.015226908955390257
2014-07-18,0.011787890062073814,0.001997471950918311,0.0014825146565108519,0.0010293651073310407,0.0035478516620443706
2014-07-21,-0.008321591368569137,-0.008571985499050822,-0.008058732157036843,-0.006777794882378415,-0.010260681047841282
2014-07-22,0.006953139952071474,0.015799815866587352,0.015391566535149068,0.014623136694696611,0.015708300407382195
2014-07-23,0.002142933763837007,0.0011723486345088826,0.0011916431970551082,0.0020718573016119415,0.0009771571321795722
2014-07-24,0.008315092588651485,0.009666605822005993,0.00894005070222059,0.004402567063506165,0.00852404826134221
2014-07-25,-0.012252605274093109,-0.013684942054185929,-0.014356157038496296,-0.01061303812205035,-0.01317286614540613
2014-07-28,-0.001669914633399161,-0.0019698292313541873,-0.0020676961262476746,-0.003265328355138935,-0.0020104601035153776
2014-07-29,-0.0014334700190531402,0.005516135751461629,0.0052141679570670875,0.00563953496183263,0.004682929938290104
2014-07-30,-0.0014360336511543004,-0.004050489052703226,-0.0029196982771809874,-0.00552317658834421,0.0070967962111844
2014-07-31,-0.023244567727545573,-0.017321187029196602,-0.016793835442806538,-0.015064793147608415,-0.017346405827527837
2014-08-01,-0.009568441853058052,-0.01456345903304897,-0.014675502721031674,-0.013103561000997238,-0.015138576131589278
2014-08-04,0.005201766365934057,3.518084875977366e-05,4.910246189228522e-05,0.002177634222127564,-0.000819826215276316
2014-08-05,-0.01798899614681515,0.0004378976046163971,0.00100550613900778,0.0021965832139962584,-0.0030323161335178432
2014-08-06,0.0,-0.007936241461722329,-0.007871853866255728,-0.013243720835540328,-0.009033052572549247
2014-08-07,-0.01480560915902529,-0.013262288462344403,-0.013074644056890263,-0.010815201770254653,-0.015489472152184358
2014-08-08,0.014773156192403158,-0.0024747110483238624,-0.00264307303322905,-0.00560545019405722,-0.0016184869439229504
2014-08-11,-0.0007523984358283053,0.013853340151620095,0.013337881960863269,0.00815790551668111,0.010901312743996892
2014-08-12,-0.005024036601106618,-0.0076688914536819,-0.006942174614822678,-0.005359632771686906,-0.006437088498136424
2014-08-13,0.008078607703506435,0.010757203902813926,0.010586159006634803,0.007697971398915968,0.008838134393269073
2014-08-14,0.005509694741284932,-0.0003760313756521891,-4.2119255636112784e-05,0.0007494614977111,0.0003048451832225405
2014-08-15,-0.004732323139253425,-0.006871805713573491,-0.006721455374338551,-0.004480186873938927,-0.00713734144697019
2014-08-18,0.007507669845035814,0.013413687351740089,0.013047309457685603,0.0115648857592816,0.013242219245946908
2014-08-19,0.002484302054269971,0.0065022233040174056,0.0053335453736421765,0.005396197801338329,0.004661784031786053
2014-08-20,-0.006689965202779202,-0.002364830071178046,-0.0020788627678667492,-0.004383437120381118,-0.0017286820273702372
2014-08-21,0.012221868567604321,0.012020168732028727,0.012734816142485545,0.01263338468344024,0.011844565094067522
2014-08-22,-0.009117242074481724,-0.007632832152381581,-0.007396087594205779,-0.0065424952084439545,-0.008538674168879419
2014-08-25,0.014672391698025367,0.020247025181174806,0.02030068440043767,0.021865481220491825,0.02041753965014744
2014-08-26,0.007843697028248497,0.008278396536011172,0.008912055724905712,0.00834755183304985,0.007566714826620978
2014-08-27,0.0019453738908625784,-0.0006890842928535615,-0.0004120955867996588,0.0007297924261002215,0.0012175993939974603
2014-08-28,-0.007767028399404019,-0.007144848270331861,-0.008543495182089102,-0.008687214645077393,-0.008864302624658352
2014-08-29,-0.0004889887363884737,0.0012470597431719639,0.0013004711174648166,0.0026410010305570786,0.002856707584622073
2014-09-01,0.0,0.001030038740001397,0.0007245370760243905,0.0028447771784136117,0.0020691900454155258
2014-09-02,0.00024445230686986896,0.002243728637632638,0.002341997841543245,0.00502730462765002,0.0005680763482451068
2014-09-03,0.011499833935898929,0.011893262899306955,0.011224769683139627,0.00697676707681685,0.009903919189936695
2014-09-04,0.0031452012191153234,0.017902495635925414,0.01707284122057902,0.021335780707185167,0.016972045070945695
2014-09-05,0.005304450263514893,-1.5375525338636255e-05,-0.0002393871482838595,0.0019383861973388693,0.00044341187284095777
2014-09-08,-0.012472587093813603,-0.0019239858136862562,-0.0021218180445401373,-0.001303631140403335,-0.0019965319634438865
2014-09-09,-0.002428940306436478,-0.007366158839192663,-0.00742553230803302,-0.010962052661002055,-0.008383973374012131
2014-09-10,0.002191266037441908,-0.0001708426700159369,-0.00022699480404631025,0.002090460539022898,-0.0002763394958030723
2014-09-11,-0.0036448096002028585,-0.0016683362487628448,-0.0020835061220498266,0.0019846786804335673,-0.00299386360319473
2014-09-12,-0.0014629607400101774,-0.0012595943571997261,-0.0013110576276065512,-0.0008579585862893839,-0.0019704363390007995
2014-09-15,0.0009770802349227115,-0.0013983580402659238,-0.0007221943273502667,0.00011707885994482274,-0.0024174572913144335
2014-09-16,0.00268379987176659,-0.0032589919952489364,-0.003136900490693242,-0.0037425975407198385,-0.003587158016607732
2014-09-17,-0.004136694139616814,0.005384956458623676,0.00469727469868822,0.00802295081976003,0.010254835512875489
2014-09-18,0.008551531011985913,0.00959541518507529,0.009684571886525028,0.013274698075997739,0.0100186269548832
2014-09-19,-0.004757751910692609,0.0017483868081310827,0.002621643594097933,-0.002685154456188903,0.004971625138906705
2014-09-22,-0.002927045815866225,-0.0047285495072564715,-0.004064251965034405,-0.008915341834243732,-0.007596062583168821
2014-09-23,-0.014921899396661775,-0.01533277867297807,-0.014874190306609756,-0.0166774083935248,-0.01631397083049433
2014-09-24,0.009436755832619381,0.011758681897350331,0.011172888623008827,0.012339948136980217,0.013487799552626611
2014-09-25,-0.01943420948666086,-0.012446890518993656,-0.012745492005713557,-0.012500980749631992,-0.014092723783718158
2014-09-26,0.006773663115003714,0.005404762994179832,0.004178754433877696,0.00552724970306631,0.0062130356697516495
2014-09-29,-0.012210272652324772,-0.010383041765935574,-0.010176931489769718,-0.010106383802560272,-0.011305333869149704
2014-09-30,0.001513634753740556,0.01221867482109019,0.011790984172718174,0.013796634702084323,0.009176049602757034
2014-10-01,-0.010579762003844362,-0.009638172009338931,-0.010478176941174346,-0.009154870969745339,-0.015158750622592237
2014-10-02,-0.014765326855316507,-0.02690046643722231,-0.025585517533958022,-0.03043387748113517,-0.027159918634712676
2014-10-03,-0.0036181223104957416,0.009266324335030217,0.008571849095190176,0.012840960276082858,0.006716416254878562
2014-10-06,0.003890450792513045,0.0031098533420653054,0.0031341951689215883,0.00703848662429389,0.0031207317258321187
2014-10-07,-0.022991264331859607,-0.019146743297109484,-0.017011292408727344,-0.02448527859248474,-0.014453714190584391
2014-10-08,0.02009495141530082,-0.008723092253603267,-0.008492471500407228,-0.009754205950632304,-0.010882507846722187
2014-10-09,-0.03136337103197118,-0.0062316539968190155,-0.003924338207894919,-0.003290480652413831,-0.004046912174234117
2014-10-10,-0.015520408557856746,-0.013048442653148444,-0.01663808912678198,-0.017375209018303726,-0.016145142913023172
2014-10-13,0.0019023359093714998,0.0007203671687792545,0.0014548356812016689,-0.0044449572860209684,8.257050767084375e-05
2014-10-14,0.004069808079363746,0.0023180271204283104,0.0016024444545945852,-0.0036667299613144405,0.0015581466184783654
2014-10-15,-0.014050250892502447,-0.038398075229881486,-0.034507097971614505,-0.03621226519144011,-0.03614035984392685
2014-10-16,-0.015072876215762698,-0.008466279992117774,-0.006390202770733217,-0.00922426455532475,-0.0071123872488151755
2014-10-17,0.022815944372465147,0.03052519860774335,0.02955088307884009,0.020493184312409,0.03237590053571082
2014-10-20,0.003264659673450687,-0.007982560048914919,-0.009668597048310497,-0.013199540349874195,-0.0095639394194716
2014-10-21,0.015184263589171465,0.022787882294544638,0.020601639226213355,0.016519834732705272,0.020515452186123294
2014-10-22,-0.014957150276825315,0.0051427959320286,0.005342282526832934,0.0028881349483586335,0.005433925976622599
2014-10-23,0.01898029373489507,0.012196140270892244,0.011606769389627488,0.011208188723800522,0.013182377498426814
2014-10-24,0.004789680220410597,-0.0024037408230938627,-0.003375614931765481,-0.000802799604808759,-0.003218427001931321
2014-10-27,-0.009533627243715759,-0.009332140594550713,-0.008424385769249162,-0.00406715995936065,-0.010080513567136996
2014-10-28,0.017112176470434726,0.015524440771386327,0.01638055542165457,0.018918676456266513,0.017798225270470112
2014-10-29,-0.016824276482282574,-0.005200135447366796,-0.0018290763810813774,-0.00038539759719141714,-0.008051636881507576
2014-10-30,0.005079889845233554,0.0027981003440530707,0.0037306251023501683,0.007470110061651569,0.004829950742039966
2014-10-31,0.01808983280317822,0.025996556246885866,0.025361650162135926,0.02479441598628872,0.028179142093259054
2014-11-03,-0.01201970632077809,-0.009667542030619723,-0.009411564080805374,-0.009256939398514642,-0.010427739563357252
2014-11-04,-0.007934264491059273,-0.014947944941797997,-0.013922150982239511,-0.012603999214404093,-0.01676098542254391
2014-11-05,0.00586489193881734,0.01899993371304017,0.01837407452274244,0.020382067515216797,0.0199602777548753
2014-11-06,-0.0007950249539985244,0.003604195965276553,0.004209080234086287,0.0071525183209563215,0.002874972287409107
2014-11-07,-0.007161757069215846,-0.013155166777614092,-0.012025893920069678,-0.01420376861146782,-0.012955593929032188
2014-11-10,0.0064116686211357354,0.01005658808495602,0.0099400943848882,0.010332767483667819,0.011127780615428642
2014-11-11,0.006636904853576153,0.004207907941421142,0.004681976931893034,0.00797279146687177,0.005572116707201128
2014-11-12,-0.0171415696206757,-0.018732261682464318,-0.017250571088681582,-0.013868239305704395,-0.021178449151804692
2014-11-13,0.0048298032276707925,0.002403401310906095,0.0027176520496131804,0.0009655112365556211,0.0033892563786474973
2014-11-14,0.0016022195888631963,0.0006263805754552919,0.0006004438748900327,0.0019845652288923684,-0.004306913168847287
2014-11-17,0.005065204249375066,0.00747172677323564,0.006911883512498366,0.005140025733694157,0.009911546959811963
2014-11-18,0.019363401236903055,0.011264861585136147,0.010495785583803896,0.008491265088067386,0.012187713683194996
2014-11-19,0.0002598609582618039,0.0016229007807721523,0.0021069588282778807,0.0020758869238968886,0.0021227187706924183
2014-11-20,-0.0075436827899360015,-0.006808962737887966,-0.005777048434682165,-0.002188980002992789,-0.006844166429553741
2014-11-21,0.01598900836462236,0.03011929124252728,0.02894085051582486,0.024769280328540543,0.02621041515400596
2014-11-24,0.013158107793859841,0.005815401211326373,0.005730234774889358,0.002602424204038805,0.005126990187870276
2014-11-25,0.006620996532568979,0.00567347617649764,0.004938461996556538,0.002979715711160149,0.007291747152311383
2014-11-26,0.004300577025938113,-0.00021648539707529562,-0.0003313664555482888,-0.00430805178784477,-0.0012473118974034912
2014-11-27,0.0,0.007474929389267222,0.007394928448678107,0.010156542117130326,0.008056366412916769
2014-11-28,-0.0020155723288169947,0.0026456114917230824,0.0031810123080176695,0.005286669999848323,0.0012607898242784636
2014-12-01,-0.0015141332750105985,-0.004772363839718969,-0.004153734715961766,-0.002900019173799258,-0.006032089100788972
2014-12-02,-0.0027806870800137773,0.0012307281370664447,0.0006415379333029919,-0.00045441649435924627,-0.0005721338566627846
2014-12-03,-0.0035486026612481236,0.0031304243835969373,0.002783287302443305,0.001905658849652369,0.004401553496966859
2014-12-04,-0.007631775006530672,-0.016438247518418655,-0.015210067277787334,-0.00944381332098922,-0.01710328602773445
2014-12-05,0.01230463891322442,0.028705297250048216,0.0273290115442415,0.02835561109483782,0.026738167883478596
2014-12-08,-0.01012931828902619,-0.009474363236384342,-0.00853446409105156,-0.0068805189932386246,-0.012496824196845413
2014-12-09,-0.008697769265142985,-0.027183073676306367,-0.02557494181474197,-0.030251907120996385,-0.02703609734580863
2014-12-10,-0.012644981719381887,-0.004346717172364625,-0.0038541464762195956,-0.003535109055754102,-0.004286695712315729
2014-12-11,-0.0020908126034336894,0.0017604250912986758,0.0027033025547781387,0.00794537446577811,-0.0028168166176699727
2014-12-12,-0.025406298965257035,-0.028719092683497423,-0.028036221088207844,-0.02874108905394142,-0.030223710890860497
2014-12-15,-0.020155860840438522,-0.02705151964944734,-0.026357226487086386,-0.031005013833743586,-0.028021968500418503
2014-12-16,0.01014832354341344,0.022177898139706415,0.02169322007508184,0.02852948865722413,0.023901448081369934
2014-12-17,0.015476601836488246,-0.002261546863667191,-0.0025133890430642757,-0.0050196461605867704,0.004955677427150865
2014-12-18,0.02245978890599032,0.03450196128597997,0.03420901037227783,0.0333449741446863,0.03264499020553141
2014-12-19,-0.010937148410996023,-0.004413231516376405,-0.003934668682164834,-0.0024431469869727654,-0.00066720611889425
2014-12-22,0.006394967470169766,0.004792224034223582,0.0050948076698594,0.004897596986787625,0.0025721326033627313
2014-12-23,0.0029123789476250828,0.012922298034150008,0.012533183417475325,0.010678056987041044,0.01410266372609924
2014-12-24,0.003959440978162698,-0.002484655834002947,-0.0024264163349272385,-0.004408144718975404,-0.0023113655866240767
2014-12-29,-0.006836294700199752,0.002708028761895391,0.0028155488015951555,0.0022046210933094764,0.0021685620347563707
2014-12-30,-0.015620626720560638,-0.015885817770092733,-0.014545107311005818,-0.013997428800674666,-0.01461215687839019
2014-12-31,-0.008607356467580263,0.006136749471265219,0.003546540587439764,0.002606591242143137,0.004384564777110413
2015-01-02,-0.00081312032903047,-0.003687104936040004,-0.004046647451583457,-0.007078713343576804,-0.0040528342629852845
2015-01-05,-0.042628352552486204,-0.037692531654787705,-0.036293432098351244,-0.0338206465394666,-0.039140993817286
2015-01-06,-0.011344541276243736,-0.005627586626122515,-0.005663742673311125,-0.012972179873946355,-0.004497234001440052
2015-01-07,0.011761381920152525,0.0052330200993365135,0.005180141498681837,0.00979395613600157,0.003638980279156903
2015-01-08,0.01502650894594404,0.034575131501971515,0.03341354044413937,0.035746917468846874,0.03332526481629282
2015-01-09,-0.015083194056508709,-0.02657445560398082,-0.02559035895744817,-0.017082248158631342,-0.027678508090659124
2015-01-12,0.005104627990726751,0.012065992698214083,0.01153503400364448,0.020425751888364565,0.010573942246996784
2015-01-13,0.0047968769796864485,0.015665424174647086,0.014909518799518262,0.018645321449143906,0.015868770328937052
2015-01-14,0.0030891086489750474,-0.013422737922737205,-0.012668670485045002,-0.009510377291843258,-0.014047752179732887
2015-01-15,-0.0025198488090716342,0.020678415752857175,0.019570048353466696,0.020562057801932498,0.019048847672466132
2015-01-16,0.021611479257288124,0.013673308717868588,0.013197835649160938,0.010598960677986827,0.013842334009340488
2015-01-19,0.0,0.0068875932712439926,0.007374614154514261,0.0036061320156731006,0.005871064801128906
2015-01-20,0.008516398752844268,0.009452574489959589,0.009036463029001952,0.006878938180027621,0.00851765219631469
2015-01-21,0.009806288487244519,0.00864652875384522,0.008194581126093458,0.010184070145074697,0.00783299179137833
2015-01-22,0.004047015773217977,0.016729629386078724,0.01685928025917188,0.005397772495871677,0.01560937576004448
2015-01-23,-0.007523586079594136,0.015219812528140066,0.016349766793560535,0.019639991946916412,0.01715744031946598
2015-01-26,0.018679395669860765,0.009003333321129172,0.008923837501956694,0.012544889772658724,0.008443505366788168
2015-01-27,-0.0031891243502598643,-0.01230324022757439,-0.01171851641052364,-0.01848242383124529,-0.011184424742928977
2015-01-28,-0.024260112810089662,-0.0028769714303234295,-0.0020158476415271416,0.0057182673225615425,-0.0008423380447245902
2015-01-29,0.027322418436044327,0.004820289229251529,0.0037752362009592223,0.004954640417112281,0.004234241388835775
2015-01-30,-0.018883265164777896,-0.007808097357813209,-0.0077695072756100575,-0.007702043232165843,-0.008075802327408274
2015-02-02,0.017891189105929906,0.004886393133815877,0.004095187544116171,0.0023278296456140475,0.0032074670914590576
2015-02-03,0.02450067852835791,0.01374146575026137,0.012224501811164964,0.007589903094781115,0.01021532273656097
2015-02-04,-0.021315538823473035,-0.0003247081882930365,0.00037040159162528806,-7.758133958320051e-05,0.0007117487374415344
2015-02-05,0.016733216864406097,-0.002691969872325044,-0.002560355225817549,-0.002341381854124566,-0.0024093733722652193
2015-02-06,-0.02429505307587565,-0.0024846835083488796,-0.0027391331524277956,-0.003616627540711164,-0.0035656817734196233
2015-02-09,-0.008567204028938513,-0.015481388839797881,-0.015337840885257118,-0.015419389074083337,-0.013894109052466987
2015-02-10,0.014312951274459529,0.01211049520404611,0.011715244792117416,0.009780195593135244,0.012488150792442903
2015-02-11,-0.006389927043322752,-0.0032807843407657764,-0.0028613955263320956,-0.0035221825679928004,-0.0011564072496894034
2015-02-12,0.027063350403305098,0.013991257452930813,0.01320389914306337,0.014961119116360359,0.01048395231688923
2015-02-13,0.004434997134813656,0.009514273470283328,0.007656556699391928,0.0034012274409645662,0.0057452491179399495
2015-02-16,0.0,-0.0026008563709854614,-0.0034314449451502333,-0.0028242652980011522,-0.004083484606203166
2015-02-17,0.0020781301070120772,0.0006627411172599654,0.0006071311664207539,-0.004397655281959568,-0.0002547916536602791
2015-02-18,0.0010366389187375091,0.009213739124935337,0.007691837018196133,0.011759390381062742,0.005941340626751292
2015-02-19,0.0,0.007845472089800184,0.008376318896394206,0.007282152584970382,0.007772990455643759
2015-02-20,0.015277028992375818,0.0006890942592739543,8.478105792590187e-05,0.007257977443609429,0.0005169164075723803
2015-02-23,-0.006886020425555306,0.007419139893209558,0.00748383856668138,0.0069646970377165995,0.006253105346371468
2015-02-24,0.011556389468770911,0.008266802196710308,0.008487259344102166,0.003967971139707711,0.007794605027809255
2015-02-25,-0.0012692853213498445,-0.0014775258042407453,-0.00043418345818092976,-0.009198061181081253,0.0021569566527833983
2015-02-26,-0.005846718219191138,0.00815701797019431,0.008225500542224512,0.009463678276113321,0.006577543280807212
2015-02-27,0.0038353189358335538,0.007556656092582858,0.00721689178919379,0.006309996054061484,0.006014577011824036
2015-03-02,0.0020379681796500737,-0.002140791537549765,-0.002933582623234545,0.0021162279062413238,-0.00427598010058735
2015-03-03,-0.009659480096308237,-0.012569875047527232,-0.011729803365959043,-0.018431008943836317,-0.011562821968560889
2015-03-04,-0.002053526279058082,0.0087784571430122,0.00851709455480062,0.011116848083724271,0.009353649704263646
2015-03-05,0.002829501439181259,0.010727628091964626,0.010302835681424637,0.01918319478432251,0.010071370544474632
2015-03-06,-0.02077468593314713,0.00025114064355637563,0.00044837959408725356,0.0018802658030662785,-0.0036598704710128598
2015-03-09,0.00419082064434928,-0.0024321974696941756,-0.002326333484376214,-0.0019904982339527984,-0.0030021258235589455
2015-03-10,-0.02503937152971758,-0.01097458166119081,-0.011069684151071178,-0.007944019961858714,-0.011048030810936768
2015-03-11,0.00722292699174254,0.021375719506875796,0.021617232198543973,0.02705956188421617,0.023259050095840925
2015-03-12,0.007702878717398942,-0.0036442359578491455,-0.0035970337095230084,0.0014083716169119736,-0.0038779560379928048
2015-03-13,-0.0071170729954488365,0.003951263888253306,0.0039916577405765975,0.009116636195830535,0.006826259746037029
2015-03-16,0.01752115357938666,0.012741355483065294,0.012986879724383603,0.018230361065807207,0.013209511230593485
2015-03-17,-0.0044356115421747555,-0.008974108480450832,-0.008012268686366529,-0.020236566426113135,-0.00985738544325808
2015-03-18,0.01598569540696171,-0.0008102893338411143,-0.00023422603434838783,-0.014571850061172585,-0.00043759952724873604
2015-03-19,-0.01496023463710372,0.002063334063458645,0.0017383470372189058,0.0005948667919578815,0.002145198531462725
2015-03-20,0.02999036297628832,0.014834622008821305,0.015758214702905397,0.014854301652355108,0.013237484880158478
2015-03-23,0.0045810874429910164,-0.006873093843953867,-0.006252334507114902,-0.014972550134665365,-0.008438019242145062
2015-03-24,0.005067238484153913,0.009415179395256183,0.009230670332774462,0.007486181407669029,0.007618168171007008
2015-03-25,-0.007058380623756522,-0.011999481045364763,-0.012483005272383194,-0.013566025923795272,-0.011891083251979538
2015-03-26,-0.008631376630953036,-0.00513432346035674,-0.005586663901136264,-0.005093291548743103,-0.006134424128808091
2015-03-27,0.004865657624121944,0.0027717108743040013,0.003054200287835877,0.0026060929534265035,0.0036217309535137923
2015-03-30,0.003567696649270591,0.011740949004720266,0.010875587344149625,0.01693965341540454,0.014019307329368859
2015-03-31,-0.014220916577945664,-0.007476663145472788,-0.007281061142983412,-0.009600945564460743,-0.007210216888504101
2015-04-01,0.00875878783994155,0.00525339123420958,0.005664926407228274,0.006918132768607453,0.0015901280371439723
2015-04-02,0.010469729889445167,0.0015269465920933801,0.0017449602434463792,-0.0016297278292938429,0.0020568783653720415
2015-04-07,0.0042964858607061895,0.01455664736007955,0.01484042902824907,0.008303054468540233,0.012341538588164107
2015-04-08,-0.0027683674491498778,-0.006394697066503831,-0.005911792606392889,-0.00294930499359162,-0.0075650806127088716
2015-04-09,-0.0025229287156891544,0.010368593698222467,0.010009499466290837,0.006397468144529809,0.01203330653274039
2015-04-10,0.002529309984479866,0.007792759568955611,0.007522902610907925,0.002932478901303284,0.010091615564101647
2015-04-13,-0.005803514279965172,0.004437449616275082,0.0047493098922774864,0.006052966043867329,0.0026240429464071766
2015-04-14,0.003807213765248285,-0.010963059626403059,-0.010392631936409914,-0.012952621509271907,-0.011317827421522379
2015-04-15,0.0032870883052416033,0.004600285979529599,0.005012140167765981,0.00839369574803174,-0.0001516607510148509
2015-04-16,-0.0035284648799904783,-0.012784069751414398,-0.012374793335958955,-0.012676501623284084,-0.014951224116718786
2015-04-17,-0.017450830755074698,-0.020435675289163967,-0.01994765763251305,-0.01838861398368441,-0.019269654194831315
2015-04-20,0.0033466524426930544,0.011407751844359604,0.011022458895283157,0.010446003415221112,0.009453439386979144
2015-04-21,0.004617519337056564,0.0026098056547073306,0.0026351521866909426,0.002898648817995092,0.0064510726918607835
2015-04-22,0.002298248041393336,0.0020278659004285848,0.00032266710677879946,0.0045010444357189705,0.01407415400735401
2015-04-23,0.0028025955122912283,-0.006897177071993756,-0.006411829658509268,-0.0019774758785819115,-0.004908573462097111
2015-04-24,0.004573073352051482,0.005690178030800193,0.005253377191923176,0.00230886771427981,0.0067139761260977746
2015-04-27,0.013656898864728761,0.01436045618778947,0.014401011167781,0.01112064261153643,0.01572753702933952
2015-04-28,-0.00024956458251423896,-0.015760596530244357,-0.015532684549993363,-0.018789604866431872,-0.016271013806758772
2015-04-29,-0.013725890899551008,-0.0249169090318618,-0.024047446051368247,-0.023276191242100914,-0.025596944910349775
2015-04-30,0.002530215533914859,-2.05534497442526e-05,0.0004801186099335495,-0.0014335870262488048,-0.011461942797176192
2015-05-04,0.005048253119708468,0.00637397870369498,0.0067114996527648085,0.0012829836414127058,0.0010839809227793096
2015-05-05,-0.019085889983705084,-0.02306889690247037,-0.02270934278809736,-0.017926571781771174,-0.021312008906225838
2015-05-06,0.013568777612246397,0.004121541441503868,0.003901628958598264,0.00017293526634598944,0.005277864816757626
2015-05-07,-0.00479909401280787,0.002113732015573444,0.0005877066174559698,-0.010025640709642035,0.003879646400567518
2015-05-08,0.02360377009157366,0.026670247878346657,0.026174160629312767,0.024621452854846196,0.027467115204645697
2015-05-11,-0.012645397640508094,-0.004902655843300209,-0.004888925669674287,-0.001171000518142578,-0.004996282911883377
2015-05-12,-0.004018448289012322,-0.013256666893587626,-0.01255163405869671,-0.012141961444968442,-0.012816325270525914
2015-05-13,0.002521745732110947,-0.0050084483194304365,-0.004590487229389323,0.0015230865910385305,-0.006947070000094333
2015-05-14,0.021378127679373637,0.013578827301928342,0.013175579721693184,0.007874788018630799,0.014835174990297803
2015-05-15,-0.00024585700377410813,-0.006753762763329422,-0.0069779200936065594,-0.004118121135572523,-0.005207240105039574
2015-05-18,-0.0059114824593575754,0.005769994333799404,0.00509245700715103,0.0026536288764598863,0.010463012485381075
2015-05-19,0.0019818881687676537,0.022480232517266982,0.02189031619742824,0.02172154536128328,0.02342093434953612
2015-05-20,0.002967663027250156,0.005581640268175373,0.006052857665139743,0.007454883260630884,0.006075150526477495
2015-05-21,0.0036983287088114825,0.001271810674351662,0.00182481917079397,-0.003664428690470864,0.00519401730386411
2015-05-22,-0.010808337805562118,-0.0008875477266683014,-0.0008780233452522026,0.0008217921877070936,-0.002729277256308435
2015-05-25,0.0,-0.007115245638965403,-0.007404159012720339,-0.01422643231123126,-0.006840617946930834
2015-05-26,-0.02582569874680385,-0.004310728258028608,-0.004589992654647082,-0.0026307618290595967,-0.0031354946270416104
2015-05-27,0.01580425940960839,0.020271751234391573,0.01706015126836993,0.021300566873201626,0.015829050700689264
2015-05-28,-0.0020077115643030163,-0.005914048720804147,-0.007729897483530023,-0.007739717968354568,-0.007320602528834614
2015-05-29,-0.0186069348514446,-0.0206870971382541,-0.02099475700895252,-0.023390820677286563,-0.020609643177399307
2015-06-01,-0.0010246450540066787,0.0016895340426591892,0.0008857040319886371,0.0011962669745264293,0.00013198523664257272
2015-06-02,0.010258837251783559,-0.0027730849757443537,-0.0022233690066302317,-0.0031384015113056734,-0.0032625160325218724
2015-06-03,0.015232258752455818,0.005336726822301175,0.0054233932281049935,-0.00019585444537216455,0.00550867300518719
2015-06-04,-0.014753526636189673,-0.008585118798652746,-0.008698610603435575,-0.008160370987887515,-0.00788889354401605
2015-06-05,-0.01522825802788963,-0.013093910095957685,-0.012412187463811798,-0.013203351123199586,-0.013350187056622064
2015-06-08,-0.002061976228734941,-0.010323573954309724,-0.010076928979433913,-0.009388173194256342,-0.011474077287200906
2015-06-09,-0.0038738057880549626,-0.004096629732488526,-0.003896976121250409,-0.00618120264789388,-0.0027905622049531815
2015-06-10,0.028519377672294066,0.019335872355138464,0.01855409909018587,0.014903210708378958,0.018529633712802206
2015-06-11,0.003024540244319196,0.006002299797653976,0.006072989651004672,0.00807077418578748,0.006117765095485572
2015-06-12,-0.014073536415140642,-0.013530415470446037,-0.01333095165056341,-0.016417527099999062,-0.012885043758874603
2015-06-15,-0.013000168293436754,-0.018530168152520145,-0.0179260223123971,-0.018860142853939152,-0.018301448146739164
2015-06-16,-0.0020660342537638376,0.004100121518280416,0.003927802308303339,0.005301741397334351,0.00457122988449089
2015-06-17,-0.004658623834997377,-0.0076270379002792025,-0.007260133963288143,-0.006058622730281444,-0.005034520600741381
2015-06-18,0.01846102448723208,0.006589036101750277,0.006204778871328954,0.00028926612386582346,0.005971972265931205
2015-06-19,-0.005653404437113374,0.001343988531308547,0.001090805778766836,0.005256757258016479,-0.002135785212074845
2015-06-22,0.038512141469968064,0.04031628686993339,0.03946729456829104,0.04037108619972049,0.036351636363778875
2015-06-23,-0.0022703304098076194,0.007500532216157325,0.0074082232973439735,0.004850361781579499,0.00832309733264654
2015-06-24,-0.008343854307083953,-0.0044588980841588615,-0.004151742226464006,-0.007869676490349222,-0.003339796809040485
2015-06-25,0.0017849688265587638,0.0023225922914305386,0.001999164200468152,0.01021846764626571,0.003846914357157388
2015-06-26,0.0040720165605725445,0.002742731105585866,0.002846787005444129,0.0018403937294801465,0.0027372617165733427
2015-06-29,-0.04512067101843786,-0.04134648403249407,-0.040538973198865756,-0.04907393975105358,-0.041079675044399654
2015-06-30,-0.006370738176613933,-0.012381629088213147,-0.012646753579365498,-0.013937297226445315,-0.012499971450421003
2015-07-01,0.006144697666257581,0.020836194353710043,0.02027751728371187,0.021094684107848198,0.01981305746580078
2015-07-02,-0.003982937574254941,-0.007815914182903326,-0.0068746442867635435,-0.011638746152692959,-0.006729359616376682
2015-07-03,0.0,-0.006073817922285909,-0.005937736401124963,-0.006526430274645118,-0.004893621228608562
2015-07-06,-0.036523170061832144,-0.022655502772374894,-0.02148681170628212,-0.028462318130831724,-0.01983660872715034
2015-07-07,0.002489846239768889,-0.022140872828158242,-0.021207356956755487,-0.02509923515932421,-0.020517180137355102
2015-07-08,-0.01269672489569218,0.010092482759571178,0.009826542076977265,0.01062057104339497,0.01167328020001793
2015-07-09,0.02376288118301595,0.027361314942876913,0.026762902432162842,0.02544362568756584,0.028466119435756138
2015-07-10,0.054888571426173316,0.03083862993932298,0.030087820854607587,0.030792603917225495,0.02981801440772237
2015-07-13,-0.001553302319006189,0.016799689224037784,0.016265321528159203,0.019505136687192372,0.01656683757818909
2015-07-14,0.0067410054900418626,0.0032077395402272686,0.003257090648514843,0.006930926827671412,0.0033032210233289823
2015-07-15,-0.0033481981625116397,0.005073232255913037,0.004817006347604186,0.006897737638033124,0.006541704441107414
2015-07-16,0.010077213586308531,0.014514556971409272,0.014420265447866683,0.017224582618969465,0.015857985508198065
2015-07-17,-0.004348733771863178,-0.0017711164149235333,-0.001991775661721305,-0.0016243776203184333,-0.0033929232171159445
2015-07-20,0.0028261303929257853,0.0052366118624515385,0.005037424575247763,0.004534423147951467,0.005107898728790067
2015-07-21,-0.0017927399185041493,-0.009891843364284298,-0.009656025108750615,-0.012995921402758218,-0.011249274853896324
2015-07-22,-0.0041072952566929555,-0.0030532451445066744,-0.0032991050537049937,0.0019877555813265883,-0.0013883559556188809
2015-07-23,-0.000515389053709514,-0.0010749060041152585,-0.0012750622570314111,0.00010839525260483652,-0.002132397653695304
2015-07-24,-0.010314813639363818,-0.008989322522148936,-0.009132210656218682,-0.007884576686359664,-0.006218537128416788
2015-07-27,-0.009639939969862121,-0.023218726999198448,-0.022522970023670378,-0.023686995058784754,-0.023571580896021044
2015-07-28,0.011049327990067415,0.011389988701113832,0.010821128136148026,0.013337860556869821,0.011407271539607087
2015-07-29,0.000780493449153763,0.004399756408628846,0.004721529808738709,0.008234606763393779,0.005269427182533566
2015-07-30,-0.004159962554875718,0.003938358737655251,0.0040199143455791255,0.0012367000897283292,0.00397802690896938
2015-07-31,0.007310713063039209,0.005391655222650703,0.005216074875264525,0.0011088756540774732,0.006588105637200333
2015-08-03,0.004665151274829915,0.009710186980622969,0.0101795707094609,0.008475530087932902,0.012829566046583108
2015-08-04,-0.005933588978755622,-0.004773316709855335,-0.0041102141226475545,-0.007169679073099911,-0.0031997181311111313
2015-08-05,0.011938744488983133,0.015491694938366008,0.014773063856899787,0.010756895217253114,0.0145554110570019
2015-08-06,0.0020521672773197164,-0.0025207191738448004,-0.0021991776058569025,-0.003329902377581473,-0.0029545967356485667
2015-08-07,-0.0010243100559790275,-0.007881647122099735,-0.007723674808407213,-0.00873899421984155,-0.008711397724658563
2015-08-10,0.014348285192455013,0.010245383114660755,0.010174654007313546,0.008028844674817353,0.011848655917806589
2015-08-11,-0.015912705080283973,-0.018902278819680988,-0.01862930974473168,-0.02087392633911913,-0.017050290556978532
2015-08-12,-0.010524151044693175,-0.031973864130194866,-0.03102106842808256,-0.032334939178288,-0.03315136057843926
2015-08-13,-0.008560098093192137,0.00772630554412905,0.006852939048103565,0.010449866743696756,0.006032993611812119
2015-08-14,-0.0026167208630696326,-0.007077944036952375,-0.006818238124571857,-0.004301894198453359,-0.006760461300868128
2015-08-17,-0.004196998555733966,0.002091285928642704,0.001856918559396116,0.0048187852230673735,0.0007909753166959257
2015-08-18,-0.00895718111955468,-0.0015988656723770367,-0.0015974762367488653,0.0020245066573904625,-0.001828484869491581
2015-08-19,-0.008240089923829075,-0.01886521930557016,-0.017996291766684127,-0.014163462386620165,-0.018224079598920515
2015-08-20,-0.025462317437080162,-0.02169016145052658,-0.02030721995341284,-0.020446706777304594,-0.019529913579702757
2015-08-21,-0.019251946504688866,-0.030805440280465876,-0.030487210918630853,-0.030543120749125477,-0.03216392400362878
2015-08-24,-0.02776236840610069,-0.05386277311863699,-0.05330000852654456,-0.04944929069400474,-0.05360514337183253
2015-08-25,0.009518449328198786,0.047732093090262113,0.04610365692171063,0.04008681832892149,0.04920423537985013
2015-08-26,0.022571627505793446,-0.013141014123313472,-0.01275616007110557,-0.007985973417450385,-0.0177319801302006
2015-08-27,0.011735204568808388,0.03356167378819516,0.03262951818259025,0.026832273491359106,0.03575139357416485
2015-08-28,-0.009389720180834948,0.0011397066109945899,0.0014075586264833556,-0.0047625984498511085,0.0024239311876695334
2015-08-31,-0.002788082255138935,-0.006193156274161602,-0.005908654771405562,-0.0018126627718105034,-0.009354056791503203
2015-09-01,-0.02571972324508831,-0.024516925691929602,-0.023919151846237965,-0.02497761951472795,-0.02414885092911571
2015-09-02,0.014060088896728828,0.00222869526963583,0.0022358263551758707,0.007331421437585929,0.005320781526328718
2015-09-03,-0.000565848796388102,0.021226567808869543,0.02024303657847162,0.01787392561500569,0.02346452797678976
2015-09-04,-0.02208357068756517,-0.02723087609991091,-0.026029248279766215,-0.026001489376504164,-0.026656204949988077
2015-09-07,0.0,0.00508784703316087,0.004786578180810365,0.0050249815572701575,0.005442590985243026
2015-09-08,0.02924117205554677,0.012876416708393072,0.0121026522469325,0.012388246112827093,0.009300221201352097
2015-09-09,-0.0078760235458597,0.011118469781138828,0.011253744753454364,0.014677626407414001,0.008378024602884676
2015-09-10,0.009356158512995982,-0.015498671301316927,-0.01476921352116843,-0.006399646948509226,-0.02617076940077555
2015-09-11,-0.0019661865133721035,-0.011545660037919693,-0.010995851915277308,-0.012660530811579853,-0.011145847994298179
2015-09-14,-0.009287909849730713,-0.0044063855769592855,-0.0045095440503004755,-0.0010516392340653624,-0.005143808515987638
2015-09-15,0.0076703950287277944,0.009014893529920133,0.00917815581044518,0.013341305034153553,0.009338352687044362
2015-09-16,0.012686559511648321,0.011070225783563058,0.011679510750280885,0.009935244598085528,0.017395610952661726
2015-09-17,0.0089089626300487,0.0031641448094194857,0.0025776428961037942,7.868763966552048e-05,0.006388055451158977
2015-09-18,-0.03710074821498499,-0.03111854182417042,-0.030182513933131056,-0.026432268558584864,-0.039029763138640525
2015-09-21,-0.0017226210205860681,0.006585228473703541,0.007158286600260004,0.008218394031790649,-0.0005572648449930959
2015-09-22,-0.031636641819041134,-0.035602121794025596,-0.03321429966652914,-0.03378158321508786,-0.04013905308873751
2015-09-23,-0.0023756044271620036,0.0010840444092362358,0.0006299301696750495,0.008559783174499767,-0.0005007351320669329
2015-09-24,-0.0044656071527652275,-0.0195934683498836,-0.018980213637022857,-0.023763906367349194,-0.018833158413586983
2015-09-25,0.009868465315529207,0.029752532275476442,0.030419234697168115,0.02923366491898907,0.016723061936947236
2015-09-28,-0.017471430644718455,-0.023956889579649424,-0.022412768270261285,-0.019182447464525524,-0.022397714506273265
2015-09-29,0.004219742204603305,-0.0005947626970858724,-0.0007083775311440498,-0.01121036406116868,0.008813521624766176
2015-09-30,0.015906242154415606,0.025264076225851022,0.024186328574594403,0.02770899395976205,0.02572434784160176
2015-10-01,-0.00324959511291123,-0.01096445058623817,-0.010535412550870968,-0.017398965392799125,-0.006754181469323484
2015-10-02,0.016597224569120828,0.005973673813872435,0.005871883698320453,0.005909653431163212,0.011855801656653737
2015-10-05,0.02332373120367648,0.03297800936626693,0.03222514150523904,0.03269038915171354,0.03463605308616679
2015-10-06,0.008262051921347657,0.009338854745140084,0.008524215884417624,0.012115029293923645,0.008933088225876797
2015-10-07,0.009324784277944476,0.0030957787589130864,0.0011030283043580173,-0.00040346579626324207,0.0012124134975167375
2015-10-08,0.005039386129363388,0.00028669876758505135,0.0005509018546981604,0.0036732056469853435,0.0008678863741392063
2015-10-09,0.005570451000719068,0.008394676209865682,0.007203655920896662,0.004043032758430636,0.006147095047054237
2015-10-12,-0.0024928876569554337,-0.0018360097339340186,-0.003277473314609559,-0.0014047877142117384,-0.0031973373307939415
2015-10-13,-0.009997038687548643,-0.008839536184592567,-0.007245479107602205,-0.014691687683823538,-0.008341406314635423
2015-10-14,0.004207280135781533,-0.008114673585952983,-0.008223075794468812,-0.000829457438524206,-0.007756027242484463
2015-10-15,0.012290801216611191,0.012304350103171354,0.013371509967947394,0.011376676178501612,0.008829988451093796
2015-10-16,0.0016555983039359123,0.007581446322915005,0.008010164598581773,0.005072017774845657,0.008949904633089223
2015-10-19,-0.0016528618286957286,0.001713710119553797,0.0019129689232491038,-0.0035321996080238233,0.002700451764391928
2015-10-20,-0.0035874588781213967,-0.0034847521463930303,-0.00329470096033558,-0.003033654262901325,-0.002945732457572978
2015-10-21,-0.0008302839320408761,0.005931803192098048,0.005945682346607143,0.009176343660298712,0.005329122032106808
2015-10-22,0.013303234888403015,0.024885409326292813,0.023727084183990145,0.021907110459607443,0.025134490760757307
2015-10-23,0.010941324384023288,0.02192550479199649,0.021122469940170092,0.01600745082058342,0.022470848003612535
2015-10-26,-0.002976157742654917,-0.0028778193891071486,-0.0025926168678552463,-0.004493464490070304,-0.0026248275343009734
2015-10-27,-0.007598414101635309,-0.010508839116894332,-0.00933539110068576,-0.013273968951654813,-0.008481310943329871
2015-10-28,0.0054688145579275815,0.012086092380100118,0.01181267756291871,0.009930366697749358,0.011651324585848584
2015-10-29,-0.005439069296576893,-0.0022241510147443166,-0.0016615279478931575,-0.009453094119381878,0.001468684814280741
2015-10-30,0.0013670288633667038,0.001972909150604313,0.0012310962652565152,0.004451344800994134,-0.00016419447399555162
2015-11-02,0.011742465285185855,0.005218074510075796,0.004797510204179943,0.009105105720872265,0.004893892251313293
2015-11-03,-0.0032394266480499923,0.0011063413857089104,0.0008283508217927603,-0.0027364219064641895,-0.0012323449780315687
2015-11-04,-0.01083087449290665,-0.002389378590095601,-0.0024853054088917444,-0.016928245343507675,-0.004226332489854285
2015-11-05,0.0027373317048757784,0.00188788073414426,0.0025151186333589957,0.005026619874981126,2.9005637893248664e-07
2015-11-06,-0.0024566778286675417,0.0099067296505963,0.009074135886707524,0.01035181243972466,0.007157125460141808
2015-11-09,-0.013136391594875452,-0.014136466838285589,-0.013281428485354137,-0.011540224214732428,-0.013483313609807488
2015-11-10,-0.004159868615279283,0.001595719728290335,0.00247780685306894,0.0009934715190461677,0.0015431588045834456
2015-11-11,0.002784592953695375,0.005238686119195279,0.0050856616339981465,0.011526537428641312,0.0038557132270810217
2015-11-12,-0.012496156364113165,-0.017101812174433368,-0.015570629178750293,-0.017096860474996884,-0.017169992148899017
2015-11-13,-0.010405304838326024,-0.007761584699720832,-0.007525064435602791,-0.006571204836985424,-0.009841862943201664
2015-11-16,0.009093784791251558,0.0006669005449841799,0.0009310181115841924,0.000998898165804974,-0.0001771685951935481
2015-11-17,0.0033791224318104884,0.025496729970666605,0.024777827967368254,0.029469537092957063,0.024448122833399075
2015-11-18,0.009823168050088205,-0.005807202885625358,-0.00632435035681827,-0.012678295096385196,-0.00413645044417158
2015-11-19,0.003057718486676686,0.005339096269688733,0.005267756301715915,0.004732284520724373,0.005257502189697734
2015-11-20,-0.005542186427434426,0.0004935782563741521,0.00047429993539591846,0.0038940096024682935,-0.0003138656365954527
2015-11-23,-0.00612984652054227,-0.0018922166774453491,-0.0022108703884287035,0.00044438268395352446,-0.002384948465986709
2015-11-24,-0.0025232253706712893,-0.010538698480210025,-0.010901571312929447,-0.012653596642571568,-0.012113553870260918
2015-11-25,0.006464426397485568,0.016385404620197833,0.01693829967123789,0.015465970358827382,0.016322443702016673
2015-11-26,0.0,0.010784510631974768,0.010325883690038142,0.011038116231576096,0.01077048079025784
2015-11-27,0.007819518940304748,-0.002512040654676153,-0.0021293959238834832,-0.0030515893378680087,-0.004133199404748255
2015-11-30,0.0008306726918654306,0.00622910456991856,0.005250562552159776,0.0156737999848871,0.004427547422518846
2015-12-01,0.0027687578620492204,-0.008359807010682084,-0.007594216520849083,-0.013672630661296259,-0.011196529835435887
2015-12-02,-0.013804506253320747,-0.002928063897685008,-0.0023999938385220842,-0.004634812283107674,-0.00248785753573761
2015-12-03,-0.009518275826800093,-0.03333437039127235,-0.03328105790514312,-0.03345020335201417,-0.03324919571469173
2015-12-04,0.011870600968684641,-0.0027901285725332177,-0.0026750319826367615,0.00044756891113148024,-0.005131712567301735
2015-12-07,-0.0027927925997816017,0.008789856936639544,0.00826448661652213,0.012325143957493272,0.010041342972162663
2015-12-08,-0.015686933921562285,-0.019342701907418044,-0.019091941631808055,-0.01872730305310158,-0.02269035343128445
2015-12-09,-0.004552599461245865,-0.00533932495547834,-0.005345366720765972,0.0004233879457410041,-0.005938823317032312
2015-12-10,-0.002859136911794513,-0.0027291650153655348,-0.0027628566211643276,0.0035000010113631504,-0.003401496849743955
2015-12-11,-0.01834848129243294,-0.0195428397832804,-0.018950191794608034,-0.025813801628324667,-0.019977836268074884
2015-12-14,-0.001752378580078262,-0.020170292973536612,-0.01982237585576655,-0.0204844308419978,-0.020331336623821774
2015-12-15,0.011410269212371649,0.03158264684889781,0.03138626841324158,0.022231570506212474,0.030052705040091582
2015-12-16,0.01822407205113019,0.0020188237755042323,0.0019225497445669476,-0.0013370651923664673,0.0018637942939892496
2015-12-17,-0.009375114394437167,0.018008713786939044,0.017581323667674648,0.023387601958230805,0.014642110191467515
2015-12-18,-0.015062166243837494,-0.01471377868783375,-0.014471906732046387,-0.012664916474616865,-0.013115271314746208
2015-12-21,0.0038011291057375995,-0.011627947671273908,-0.01210697458457904,-0.008308700904012789,-0.013482135781025476
2015-12-22,0.006117524427493803,0.00031255577648427527,0.00023010210314350054,-0.00028757444241054274,0.0010653096102591752
2015-12-23,0.016791900109646818,0.022042098733806616,0.021910205784287744,0.015841167687245663,0.02578747014557107
2015-12-24,-0.002562592356731952,-0.0007791384433934944,-0.000705951071908579,-0.0004908622404067839,-0.001619752078155404
2015-12-25,0.0,-5.040305020576064e-12,-2.5818396965295184e-06,-8.021223300874294e-05,-0.0001297412149133444
2015-12-28,-0.0019985226383433252,-0.00019246744282377365,-0.007109961835789637,-0.013043872406633595,-0.005722821782719351
2015-12-29,0.009439662281949035,8.522623988538314e-06,0.017255702188430175,0.015312324666827009,0.017262805554638775
2015-12-30,-0.011051312846131256,7.730589986598702e-06,-0.006980963727315732,-0.0048309002478662865,-0.006260776787377989
2015-12-31,-0.013467092666859304,5.868691420829464e-06,-0.0011467343834838269,-0.0006466393144676365,-0.0006830031362209915
2016-01-04,-0.021202550786432184,6.146050639976863e-06,-0.030219035915047036,-0.027744816927481673,-0.028643731205140067
2016-01-05,-0.008902080289679759,0.003219964122643126,0.003670047371521831,-0.0003472660203856758,0.004802056361131797
2016-01-06,-0.01706579048865331,-0.012256400261220709,-0.01165924944415528,-0.003919969195245803,-0.010532436973947257
2016-01-07,-0.014011620012576609,-0.01681844511950113,-0.016301008020869014,-0.011441655507507144,-0.0168451869163366
2016-01-08,-0.010194635804632313,-0.015333150942015917,-0.014469484671745188,-0.012711158967949977,-0.01381430020090935
2016-01-11,0.005617709244373659,-0.002855521998773643,-0.0018581256193452586,0.0029528383840642753,-0.003912115717791609
2016-01-12,0.012414683079458255,0.014058860751490205,0.013821660586728308,0.014557434456897583,0.013058458838689363
2016-01-13,-0.020845983226436826,0.0030889420887402733,0.003172131097145649,0.003471533096644806,0.001645458286962369
2016-01-14,0.012210583201550884,-0.017046258090703828,-0.016850845237370286,-0.014946879972894851,-0.018346692559793546
2016-01-15,-0.033096091041949105,-0.024664473606465658,-0.024426873315482107,-0.018893533537307883,-0.020620037780468996
2016-01-18,0.0,-0.007983433430982276,-0.008260375718480643,-0.00526976914690525,-0.0026640658229387776
2016-01-19,0.008317084489049442,0.015488842093184798,0.015228707340643069,0.02390000590196088,0.015986768611315476
2016-01-20,-0.021256453262941344,-0.03342968211219617,-0.03285470027781975,-0.02947864763832993,-0.03320522165507304
2016-01-21,0.010372947301942048,0.02200681781023231,0.0209535815026355,0.01767661671879944,0.023202072624821428
2016-01-22,0.025344616410970966,0.027023774293963135,0.027316816300396132,0.025063134546793583,0.02740723115116705
2016-01-25,-0.013767015401105698,-0.007781267755337067,-0.007278967000711825,0.004657934307926214,-0.003726641676584935
2016-01-26,0.02189073435907085,0.009972515524246925,0.00954622952619518,0.005579912458278638,0.00834390508063692
2016-01-27,-0.008071625819022432,0.005711862095305033,0.005410330968347668,0.015759896487379993,0.006634208859228672
2016-01-28,-0.0006261428421627802,-0.02069925752792066,-0.02062720465389699,-0.016530929337780595,-0.01771299957366551
2016-01-29,0.012527433835481272,0.020935588362153597,0.021068562868539885,0.012396065801434542,0.023789555092176673
2016-02-01,-0.004330381184890597,-0.0023791809192337332,-0.004940505702648139,0.012204683692628983,-0.0018785743607722543
2016-02-02,-0.029823188183662586,-0.02380269194674466,-0.022316233229687437,-0.016620309218118048,-0.02271485531016232
2016-02-03,0.013768855109462796,-0.02086115789982431,-0.019595577414339184,-0.0102764702869864,-0.020386377665415293
2016-02-04,0.0044221842248142185,0.004619164397016974,0.00332016382405567,-0.004376750974196477,0.0057413931078170504
2016-02-05,-0.016666653323651692,-0.007954755017616907,-0.00864365993463816,-0.007107427829028464,-0.011877113826085061
2016-02-08,-0.02270534248524847,-0.03581296478167404,-0.03318554714996036,-0.03200836038220085,-0.0358769426971911
2016-02-09,-0.009816755671340549,-0.018875697217012415,-0.016429808829052532,-0.015387307900484787,-0.018125637465930298
2016-02-10,0.003965329031362597,0.0224715955601033,0.019459901887289088,-0.005319743516998104,0.027771100997034642
2016-02-11,-0.015141424855132812,-0.0422055567451207,-0.038478025172305544,-0.029823456575878978,-0.05188322736773232
2016-02-12,0.013369017173578301,0.02868693661306951,0.024438510565076583,0.013499480898032528,0.037586398291702725
2016-02-15,0.0,0.03106944374687506,0.030171974316118587,0.033181599276850965,0.028044540731314835
2016-02-16,0.018469651896526162,-0.00389844559803934,-0.004292955009448295,-0.0068672310149670455,-0.004392409544627073
2016-02-17,0.02202042498336909,0.028087297239397974,0.026039985132909026,0.030585939278120422,0.030554954185991245
2016-02-18,-0.008555049729140451,-0.001786013631638848,0.0014258296338187514,0.0005663615162417367,0.0010942480177832978
2016-02-19,-0.003515450546315857,-0.010017258115119897,-0.008020256093295024,-0.003220304798432837,-0.01082638275976079
2016-02-22,0.01250813030102571,0.024138940092837402,0.021131790101267697,0.016520690944860396,0.021839791458685264
2016-02-23,-0.018054953209469482,-0.01661050469411892,-0.014321501115029073,-0.013455345987972336,-0.017450367268208523
2016-02-24,-0.007742167126807864,-0.02271624309772437,-0.02163355183296465,-0.016882812298623696,-0.021398926784467583
2016-02-25,0.013004100171985389,0.021226110768718384,0.020402689710218132,0.020656048711123556,0.018047845254300476
2016-02-26,-0.0006420175397100492,0.019219508679686043,0.017136345589180917,0.010182230740135852,0.013444282628898682
2016-02-29,-0.006422583057458242,0.00710451136348877,0.005862871878247143,0.00593327011292301,0.006477285404153805
2016-03-01,0.030704615537535895,0.01821717588767399,0.016913758945243204,0.014089598225830528,0.01733404464025298
2016-03-02,0.005644532483344511,0.009066901588057103,0.004164440544492048,0.01220834427290954,0.006195051367775452
2016-03-03,0.009042480479060533,-0.0014486916366015443,-0.0037077222699648106,0.006271949832930998,-0.001263826174499636
2016-03-04,0.0058714988890631314,0.00778420847060732,0.00810923599265704,0.014345521929607174,0.001930720626190011
2016-03-07,-0.002150400382432416,-0.006951566866394904,-0.005655750176057685,-0.012574926900301002,-0.007057722002583121
2016-03-08,-0.007697111905660692,-0.006226104147672398,-0.005539709078055325,-0.010072625339181384,-0.005185249234790796
2016-03-09,0.00434381751669366,0.003764680424425568,0.005372168684838912,-0.0005053083767742906,0.007741317617505321
2016-03-10,0.002162200593575081,-0.014465389660147399,-0.015033655890391967,-0.016640913491514035,-0.017045133676528452
2016-03-11,0.03452559173701242,0.03675154407599737,0.03278645259612587,0.05846495982585058,0.030651026228583393
2016-03-14,-0.002384114641413415,0.004823120178103194,0.00487002649586444,-0.0016091158875630714,0.0089423982772719
2016-03-15,-0.005973618078988663,-0.008420148878827288,-0.006535990109196054,-0.019510838434696552,-0.007075344028411908
2016-03-16,0.0120194922594139,-0.001436208344810373,-0.0013640364116822264,-0.00912059315206047,0.0044778557464752195
2016-03-17,-0.0005939806134644954,-0.0069205609168861695,-0.006359293988952015,-0.011026173306977723,-0.0054703489670432665
2016-03-18,0.0007145920328432975,0.005143651849409645,0.004696665172935745,0.006033800487080671,0.006404014401110957
2016-03-21,-0.0032719425578365824,-0.0034933580126249512,-0.0032046418866336517,-0.004281786482544494,-0.0032034969333870427
2016-03-22,-0.003282607480750821,0.0008294067973279832,0.001549984280804616,-0.001905003393611172,0.0002691939701045386
2016-03-23,-0.0107781285060089,-0.0037874486849558274,-0.0016002056645404367,-0.01080905819696128,-0.004290373915892444
2016-03-24,-0.010290919787967479,-0.019160289252867366,-0.018248208977552593,-0.02111634390485109,-0.020298561358422184
2016-03-29,0.015290566454125853,0.0054601465733975715,0.0070955620801823865,-0.0006413489174826994,0.005227704876329471
2016-03-30,0.010542116113594568,0.013316611755633152,0.014014051568796712,0.013851059065606408,0.014783258054372528
2016-03-31,-0.00953797756158481,-0.013014663868219856,-0.01277853805107251,-0.013537677974539926,-0.014028076152527132
2016-04-01,-0.010532828384398396,-0.017555210058940108,-0.016662886660905294,-0.017481772020100764,-0.01621086096327071
2016-04-04,-0.0024331225539038215,0.0007719997348104089,0.0015907703005016858,0.0031542642773060526,0.0014469677151076465
2016-04-05,-0.024085262568553922,-0.025513212377868768,-0.02391751618095847,-0.023330412165210104,-0.02559529197452844
2016-04-06,0.013433361635541763,0.005996850751516431,0.0059172980091550306,0.0072158996674627765,0.006264762038321879
2016-04-07,-0.02188657537684502,-0.011877414380099904,-0.010665469492244966,-0.006994963808997046,-0.010856913689362827
2016-04-08,0.01890955969548269,0.016497223812782194,0.01444186857597796,0.007138591869606946,0.01955941084192814
2016-04-11,0.0021652396394238327,0.005120189216216249,0.003578051123884042,0.0015069244375822913,0.006137383788433923
2016-04-12,0.012962741626990848,0.004543326501981221,0.005666333674027678,0.005686810023757278,-0.0002855297075300091
2016-04-13,0.018891250619960998,0.03491066560827647,0.031004278214741162,0.023250104261535082,0.03558713139413903
2016-04-14,0.0038874966375737063,0.007221831528429432,0.006661585674328708,0.003624837515168551,0.00933755505210415
2016-04-15,0.00029800246758449056,-0.0022730646326468073,-0.002090813412476075,0.003163609842300001,-0.0005925254016192179
2016-04-18,0.009827216870949895,0.003848887698004479,0.0036224802399900573,0.002875269254100206,0.0030724252353525193
2016-04-19,0.019758179515396934,0.014557769205062677,0.015276407966344054,0.01802419367410934,0.012514660695263436
2016-04-20,0.003759190481498642,0.010588385417084529,0.007889785906892613,0.003192024193346487,0.013673331676395183
2016-04-21,-0.0008639862886651306,0.005101891583701117,0.0021090175597416588,0.0005621447359372477,0.0036911613805873968
2016-04-22,-0.004036961235075354,-0.002578057127074277,-0.00211664890279522,-0.0035701830436159036,-0.0013927081543172696
2016-04-25,-0.004053103647160605,-0.010088789352947384,-0.007743075454212619,-0.015638778100136023,-0.008279545804423548
2016-04-26,0.003197309252083169,0.00649496666016028,0.005543654407602061,0.00649786186307633,0.0017475709279189818
2016-04-27,0.006954597856409173,0.004488947574181579,0.004120700019736427,0.011526018948094286,0.005696289410171972
2016-04-28,-0.010647512084040134,0.0009188099440998227,-0.00021090740575040838,0.0036564745683515002,0.002683424109165245
2016-04-29,-0.008144450978860185,-0.029595245793459964,-0.027339661938571645,-0.038984354588059725,-0.02913838430673451
2016-05-02,0.00821132773506994,0.0026363298337574318,0.004582007727024272,-0.00833575322069486,0.002443996082854578
2016-05-03,-0.020942609983347293,-0.020843946018415212,-0.01826648530496268,-0.03239714132155263,-0.019903869999150635
2016-05-04,-0.013665877640918755,-0.012076218967969076,-0.012434353519819127,-0.013187750025282528,-0.012856777306440612
2016-05-05,-0.005723005172020068,0.0019126734120005302,0.0035609178476970356,-0.00508189147061607,-0.0014450392440746797
2016-05-06,0.006664735573242542,0.00012192892353798575,-0.0007122913404988628,0.004353527446813195,0.0009053618218098683
2016-05-09,-0.0009027723507271102,0.005757375151413101,0.007222196854480908,0.0009211357710201814,0.009050298739144416
2016-05-10,0.011746951251246696,0.010660865213679016,0.008263758230787413,0.010031385398735796,0.009224654605405275
2016-05-11,-0.008931347429528502,-0.00830989746907327,-0.007253509324006308,-0.007243595271407647,-0.008340230543143572
2016-05-12,-0.004505955795331751,-0.005545201161625989,-0.00597107226258482,-0.008597908231589131,-0.008277867258296424
2016-05-13,-0.010560898605681657,0.008206767591436483,0.008213649573744559,0.007715847730685841,0.008239406603614023
2016-05-16,0.011283881634823967,-0.00023982678112949922,-4.4608248711840155e-05,-0.0016852236175241566,0.00063427961514612
2016-05-17,-0.012967485615075547,-0.003136490122820079,-0.004036306278399829,-0.00262927567074361,-0.0027321634934335936
2016-05-18,0.0012217482839860239,0.007589030462333376,0.00667592633097993,0.008602026091703066,0.006086252263216719
2016-05-19,-0.007018360621314779,-0.008301267245463968,-0.01072834988084956,-0.012201103221874574,-0.010099933743171832
2016-05-20,0.010756018278070156,0.016892995352319487,0.014716294575853939,0.014822604371105835,0.014533106768812738
2016-05-23,-0.005472706078823775,-0.0048544351028582105,-0.004185972579559267,-0.00411802278572265,-0.005658971381423563
2016-05-24,0.021094472389993513,0.028261573191648643,0.025905820125240016,0.0215370184648108,0.0258416777225699
2016-05-25,0.014970180830661262,0.01690334849910188,0.01558643099407573,0.009469285652767624,0.01971092492639879
2016-05-26,0.006489535288918713,0.003644562343792163,0.005548434563308759,0.006282312932166108,0.003459738295226271
2016-05-27,-0.0011724973411403328,0.0025308286659291752,0.002684998821359769,0.0015717675631225089,0.002438259662336487
2016-05-30,0.0,0.0033810185322588893,0.0035412109782570985,0.0032818709879259725,0.0032460535284255096
2016-05-31,-0.005575079937712335,-0.009138800509768882,-0.007837329838022947,-0.008717282188668983,-0.00826069600003383
2016-06-01,-0.0011799299884713843,-0.009375159317426043,-0.008483827550774507,-0.010903580208927729,-0.0081340115365772
2016-06-02,0.0005905493339899426,-0.0003826857388987575,-0.0007172669390800193,0.0019102936495593054,-0.0002338662097704721
2016-06-03,0.0014761396682001493,-0.013314969179458123,-0.011964145597641392,-0.017153831586914386,-0.013838678824329194
2016-06-06,0.0020638191306370235,0.001799199731336036,0.0021092194079426873,-0.0035124794194430387,0.0015629789780096436
2016-06-07,0.00853192159315963,0.011922132894338262,0.010710327241377096,0.010255613558574227,0.0103783014780286
2016-06-08,0.0005833641446459925,-0.006370031261468041,-0.00604126534024563,-0.003630975495695275,-0.005846196229192924
2016-06-09,-0.014577304615461362,-0.009637008196664899,-0.009305422559386474,-0.007067870767808604,-0.009708274556601513
2016-06-10,-0.03550297993213403,-0.02658146636551859,-0.024846236568939563,-0.026455063073076542,-0.024922316964226993
2016-06-13,-0.0177914922874588,-0.021070605477557004,-0.019918882527723225,-0.018928441353813913,-0.01871126871661591
2016-06-14,-0.018113445737591438,-0.02005847431997782,-0.01968271348044984,-0.020687202828129768,-0.020274029396871802
2016-06-15,0.007951475824592436,0.012486962591113888,0.012192352194792267,0.018718827999366274,0.013516972179746626
2016-06-16,0.009466835126324513,-0.005196117924640943,-0.004806342885659557,-0.001520875666695898,-0.009161999338687901
2016-06-17,0.010587157645205458,0.013940892984755968,0.010760503200012084,0.007009194545725314,0.030139848539146325
2016-06-20,0.02222217855603148,0.03443084520135019,0.033908981113154074,0.02819507460220411,0.03711669030570233
2016-06-21,0.01242242424424167,0.008485945984941883,0.008047347794777764,0.008894857271557258,0.009256901914763385
2016-06-22,0.0018406520568390317,0.0035051320241538935,0.003252681175521792,0.0022539632394948444,0.004671828296083823
2016-06-23,0.035517400130646415,0.022179576757578156,0.019862635196260435,0.017904263379316537,0.029249595241765194
2016-06-24,-0.12211733235333089,-0.09252919602305731,-0.08103953250094098,-0.06725255596369678,-0.10357248985532214
2016-06-27,-0.01717750769530435,-0.032909633339691935,-0.027579401843090434,-0.015962101279209977,-0.03974974925893712
2016-06-28,0.02638807575934976,0.021905793164530528,0.0220896688679304,0.020998193331162596,0.023132744608268977
2016-06-29,0.018697925549050476,0.027066004977246046,0.02654516012392111,0.030691580358193745,0.034698356627636116
2016-06-30,0.021632198259391,0.011746390967700521,0.012336297681307446,0.015851738563320755,0.009195428844143696
2016-07-01,-0.0009626276629435271,0.006655811352377648,0.006515327420937523,0.005030867661158511,0.007767528198801433
2016-07-04,0.0,-0.008552544202785428,-0.006579572495385568,-0.0023217401835739122,-0.012311970356345006
2016-07-05,-0.030186255007004448,-0.0185363024090774,-0.016854683208462694,-0.018722135735472167,-0.020001109114485157
2016-07-06,-0.002979984121617818,-0.019305497255697027,-0.01819176125332904,-0.01334015262923946,-0.020559892226847107
2016-07-07,-0.007638697195800237,0.006918262016205157,0.007180230116174086,0.006754720908248287,0.0074599598056340624
2016-07-08,0.02041518104614748,0.02513488798578731,0.019868886539218727,0.011081860671111889,0.02857979375324886
2016-07-11,0.013774914026561502,0.017048044413442685,0.017415635566994186,0.011000404960010708,0.014811434765000223
2016-07-12,0.02005817460166126,0.022124267732635032,0.015510156638922452,0.004551264446238751,0.017971002574961464
2016-07-13,0.0028542818782588686,-0.0029292316207488503,-0.0007377608307114529,0.0014127407655955845,-0.004559603343751553
2016-07-14,0.012333952249470093,0.01480778503273214,0.011220522526740143,0.006072830928705103,0.018528861021208574
2016-07-15,-0.004685750872994832,-0.001633893478651587,-0.001333767727303225,-0.0018922109283264037,-0.0001445370830876986
2016-07-18,-0.003452855452087622,-0.0021723872315041314,-0.002694147502287382,-0.0035980234323912974,-0.0004882214361567584
2016-07-19,-0.009448400383101463,-0.007104857838398689,-0.0063178464261665615,-0.008583333257285249,-0.007758861195483405
2016-07-20,0.008902512352988667,0.013287314837200213,0.012869239880801096,0.014938242430129684,0.013030765060788268
2016-07-21,-0.0006300875669562611,0.0002638839223526035,-0.0007139858752716117,-0.0013127767701626386,-0.0011304524586443513
2016-07-22,0.001261281969680006,0.0007627153567742377,0.0011694542185800884,0.00015549448144880766,-0.001701500125134692
2016-07-25,-0.0003148842952276354,0.0013300539513266352,0.002014775923191165,-0.00341435382002291,0.001852471757707827
2016-07-26,0.0050410617392580015,0.0007699960836183736,0.001701578815331664,-0.0008214715928967268,0.000911515783051706
2016-07-27,0.008777163293904433,0.008375077467130608,0.008055086395123152,0.005753556146765214,0.0069181746168800635
2016-07-28,0.0006216612157186052,-0.013313446058516426,-0.010326509324823357,-0.022927234504149924,-0.01223167815556228
2016-07-29,0.0114908962068625,0.008168421745513021,0.0040953282457081314,0.011207505016299022,0.011282176259370795
2016-08-01,-0.013202322652797416,-0.009851171639690062,-0.006846077490203364,-0.017874051197440375,-0.007790785708407898
2016-08-02,-0.010578924331202555,-0.022139597138670447,-0.018381350842139786,-0.030175431790027702,-0.019590475739455365
2016-08-03,-0.002201424888317094,0.0017073033008475293,0.0015187686692772835,0.00014235723797378062,0.0027939694638102496
2016-08-04,0.002206281852096925,0.00701193704798772,0.006106830382121609,0.006208748055487929,0.006489734237110091
2016-08-05,0.008490531809752566,0.016682340521861773,0.0139227543091403,0.019266382710932204,0.0145860490737233
2016-08-08,0.0040536536461110995,0.004713187440402235,0.003215011164447601,0.001018648403838831,0.0030779491618136683
2016-08-09,0.014285941661816848,0.01585996110133079,0.016153943166652068,0.01786316371262108,0.014032327117134865
2016-08-10,0.004898755688309553,-0.002384290720482487,-0.0036545779624804265,-0.0041289560105253744,-0.0021663307212872987
2016-08-11,0.007007807072004768,0.009840979156466267,0.010529723142629576,0.009921520809369784,0.009685765372386612
2016-08-12,0.0003028730993177575,-0.0010971404550920686,-0.0010291399918301663,-0.0011399390589254886,-0.0009443279834916663
2016-08-15,0.0027225611756216406,0.00020302464636409818,-6.56581407874931e-05,-0.0012839004501061688,0.00015047326855625323
2016-08-16,-0.00211214662061765,-0.010152855181789459,-0.009848457892446838,-0.01009521454342478,-0.010078293035084545
2016-08-17,-0.0030227659097689097,-0.012985478404661252,-0.01313812984847799,-0.006600396632945542,-0.014101960485342555
2016-08-18,0.0036384369870474664,0.00486486829460413,0.0050525907246991245,0.00925417916667564,0.00410769569617788
2016-08-19,-0.009365233250811733,-0.008718825642776304,-0.008834159680067096,-0.0038696175014739467,-0.011929273667561404
2016-08-22,-0.002440157546725441,-0.0015273064800089729,-0.002017813926474396,-0.004245540643480513,-0.0012104164241265394
2016-08-23,0.005503084434015815,0.011566378920914276,0.01113079484629162,0.012606645544939373,0.011939806092229837
2016-08-24,0.0003040453157752143,0.005709899536331494,0.004734976216254843,0.007458629198408679,0.0047003817190997745
2016-08-25,-0.004863095896124214,-0.007844278336447965,-0.0077852843784098884,-0.012041214507368093,-0.007765811425164689
2016-08-26,-0.002138294798376461,0.0065887945785284355,0.006174978437359117,0.005761531684255486,0.00621898870816049
2016-08-29,0.0030609279257194366,-0.003807244250762301,-0.003714402038474065,-0.0058103017004460635,-0.0037180795589181513
2016-08-30,0.003356745960840124,0.010926970228051346,0.010062322476649125,0.012500165989242851,0.012416970147613405
2016-08-31,-0.0009124887313138874,-0.0010601921214355322,-0.0020371041538956467,0.01637526604018903,0.00023845586777307252
2016-09-01,0.00547970665763442,-0.0019907371228197494,-0.001911765792239934,0.0015926237931857678,-0.004018846106244916
2016-09-02,0.014229183949239443,0.01977913912983765,0.02051977522805788,0.017314437656943724,0.01961425081892774
2016-09-05,0.0,-0.0006056778127716389,-0.00016740035365749836,-0.0011665252154457564,-0.0012924766473772003
2016-09-06,0.006268911330401972,-0.002876882836396492,-0.0025152581514447008,-0.012889016222025203,-0.0006714057562274942
2016-09-07,0.0023731948842344863,0.006927236576334204,0.007018982161471308,0.007194930668362887,0.0048168438622002855
2016-09-08,0.0005917474964487468,-0.0012997109620240706,-0.002780869807100916,0.012687166429231322,0.0009317272264354917
2016-09-09,-0.021591355871125373,-0.008219593191937208,-0.009375853751664059,-0.003920571815466726,-0.00920993362043336
2016-09-12,0.007255476447693754,-0.01541089862649084,-0.014081795913645632,-0.02534855374185077,-0.01782596445881135
2016-09-13,-0.022509039683956344,-0.012955223362995559,-0.011297069709636027,-0.023021723316424877,-0.012480539341174764
2016-09-14,-0.004605639941989925,-0.003934505704799974,-0.0034814561903038386,-0.007192350592835608,-0.004489962737036569
2016-09-15,0.0061691393958518415,0.0024055372046231966,0.002649485798044232,-0.0020013195334017565,0.001080267348651555
2016-09-16,-0.020501243553015525,-0.014597145128742474,-0.011793796192962206,-0.027433683846650028,-0.014718802810016977
2016-09-19,0.007856617315166181,0.012850828257284532,0.012800807542916157,0.01027586222044972,0.012944105427456588
2016-09-20,0.0012473825456398302,-0.00249089542073962,-0.0013495444969961873,-0.006080217714329274,-0.007541076005797381
2016-09-21,0.014948176098291466,0.006926038111475108,0.006185116565874274,0.013448616172872942,0.004529015761789779
2016-09-22,0.016876941202319085,0.02314361962136807,0.023341745224872847,0.02429442919254095,0.024308218152852737
2016-09-23,-0.0057334637263556365,-0.006237970359120653,-0.005723725540592027,-0.007764136436018983,-0.007363338582251258
2016-09-26,-0.013657297446475147,-0.020136096919345158,-0.01924080899874116,-0.026585020357336887,-0.020563913869672594
2016-09-27,-0.0006151360024884145,-0.0022836868068075757,-0.0017507423449134032,-0.0017001635820794625,-0.00391431509951932
2016-09-28,0.01046784805291101,0.006940327660643095,0.006912804220201087,0.0061955320102871705,0.006034051975533959
2016-09-29,-0.017671921348139774,0.0006537608638972152,0.0003802291973953357,-0.005261420474268404,0.0006483373718630638
2016-09-30,0.016128552410280994,0.004290416824676897,0.003980633335952359,-9.66500163891915e-05,0.0045986598992063775
2016-10-03,-0.003662577984641313,-0.002170707935160231,-0.001845978420773426,-0.003737866205988674,-0.0022387674761718862
2016-10-04,0.0018383985989010032,0.009476743051996259,0.009872779455511871,0.00846540135734133,0.008702590314964105
2016-10-05,0.007951021358558075,0.0005692786204287055,-0.0014595033802250103,-0.006589543849669879,0.0003231766996224134
2016-10-06,-0.0030339505318539572,-0.0014387207981665158,-0.0026936255822513923,0.0014602738319001631,-0.005245743434290495
2016-10-07,-0.006695213581860648,-0.008866356233206916,-0.007770781875409475,-0.004099755371821369,-0.00489068183497293
2016-10-10,0.004901943009643528,0.010548312582009639,0.011895583585865174,0.009484960460062326,0.014024221089889516
2016-10-11,-0.012195077947014132,-0.006014236992365031,-0.005352858843771394,-0.010510329195466683,-0.006169728933921879
2016-10-12,-0.004938253565964779,-0.0038850122657702693,-0.0044664881855868335,-0.00010621271230798757,-0.004787790010431909
2016-10-13,-0.006203489412126562,-0.010644568730968695,-0.009360756365529108,-0.015955017032477033,-0.007119676234349577
2016-10-14,0.005305646257927732,0.017898408950223287,0.01709661035599542,0.01918940196154944,0.018012750414666875
2016-10-17,-0.0015521449432082113,-0.0034646935762438027,-0.004967604933049429,-0.007856873577652758,-0.0070449787605094735
2016-10-18,0.010571852029953144,0.014346859098190496,0.013325532195654055,0.016517640404538313,0.013820633553599582
2016-10-19,0.0018464701564584463,0.0043903826150103725,0.003088245009265931,0.00586478234681772,0.003028846694338054
2016-10-20,0.0036853766969782153,0.006927125661726695,0.006148576812971351,0.015373093059473274,0.008931594938421312
2016-10-21,-0.0030599459220426173,-0.0008219672817972373,-0.00075347260040858,0.001560832528063936,-0.0011836563618346787
2016-10-24,0.003376529040155285,0.006330327862257114,0.005118931044105302,0.017560731296834407,0.005682360640167611
2016-10-25,-0.0006121638680308683,-0.003712206692454749,-0.0017927159374611704,-0.004401802356051667,-0.002248069370881413
2016-10-26,-0.003366774915070203,0.002181744105549442,-0.0005319890413005427,0.0008858498568780202,-0.003105294743632058
2016-10-27,0.0015351571199839764,0.001621583011620687,0.0011096589556735604,0.010722083241342823,-0.00585910824017584
2016-10-28,0.001226953971646516,-0.0007030289015503131,-0.0003977789467609726,-0.003971636310341738,0.00039179321449969994
2016-10-31,-0.002450372166273418,-0.009087471998165812,-0.006846081352209359,-0.01256926903456609,-0.007089919274471977
2016-11-01,-0.005526520690290693,-0.010694082648259237,-0.011002420628599317,-0.014053832777328175,-0.009353304232945663
2016-11-02,-0.007409440802349954,-0.014898015790209872,-0.014355804726042495,-0.028781075685701832,-0.012060672822469979
2016-11-03,-0.003110542759724666,-0.002152828713484321,-0.0028892685430333973,0.015056497631959122,-0.006394603032504131
2016-11-04,-0.008424239925085564,-0.00693642952695292,-0.006017794351362312,-0.008870600025583378,-0.005251691710263042
2016-11-07,0.01762100387289056,0.019581558565378368,0.01769588470619971,0.019815954392361116,0.01709662502487763
2016-11-08,0.004947263775359811,0.0035382791916487464,0.003293452752725231,0.009188241139262861,0.002996223809632848
2016-11-09,-0.0009229316070883398,0.008844866603988357,0.006881051262835235,0.016052372812905443,0.01064224376475307
2016-11-10,-0.0036955164762396686,-0.0029916785471515318,-0.005198598896233796,0.01716081498776101,-0.009201643869609978
2016-11-11,-0.00989200072103702,-0.003281855211497799,-0.0029884479775124802,-0.006458084806326552,-0.0022896187022716777
2016-11-14,-0.007493026287792692,0.0035582356619962424,0.002282836416891335,0.014941493504709007,-0.00032809477571942166
2016-11-15,0.0044038273539588335,0.0034355948410998874,0.004743823867824908,-0.005533154034297464,0.003992475056132628
2016-11-16,-0.015032602415477547,-0.007839143200173395,-0.006978688559062539,-0.011707884584780752,-0.005342074733086266
2016-11-17,0.0031794622762062463,0.004595366551477668,0.005558293704547248,0.0030044332901041602,0.00576856576836281
2016-11-18,-0.012678088405953303,-0.006967932418456767,-0.006375807336974602,-0.006618691366729957,-0.006486182453420371
2016-11-21,0.009951542421397175,0.004457145066791509,0.00463474471487835,-0.00030069721174998663,0.005091233660344417
2016-11-22,0.003179001177126217,0.0034593743725837233,0.003328800181558983,0.008849138755327482,0.0018751029013881807
2016-11-23,-0.010773305415794243,-0.003455164419549989,-0.003285378065917471,-0.00550236578517321,-0.0022455614627655235
2016-11-24,0.0,0.002787880703435138,0.0030847142342146374,-0.00043456103301525256,0.0017230097524690532
2016-11-25,0.007046680755341983,0.0022644979372061203,0.0027552825073138497,-0.0018800902234333337,0.004045926907734122
2016-11-28,-0.011450224528738118,-0.01071013709568464,-0.010134470228130354,-0.013488548812149751,-0.009499340417898306
2016-11-29,0.011261389196352445,0.008956415707117065,0.008010522154692837,0.009020598613924492,0.009090745459152116
2016-11-30,-0.0015910563818887224,0.003409503957230837,0.003098993485630784,0.006873210348792046,0.0025111246955807002
2016-12-01,-0.0022306828943102763,-0.005423889400315988,-0.007080126705934496,0.004744275575568734,-0.009139402041093387
2016-12-02,-0.0006385940944262369,-0.006431708915151123,-0.005938732146674976,-0.014264286318602373,-0.005337077719920561
2016-12-05,0.02269060491101005,0.012762531150301043,0.012717713580902444,0.015581723035555228,0.011763865310789762
2016-12-06,0.0162500604867728,0.01838788708921852,0.016548669817405964,0.02422853187869193,0.018763355878093236
2016-12-07,0.016912885631883423,0.013148652242779994,0.013191584347642069,0.022137635988280658,0.011885657546234689
2016-12-08,-0.0036287650142584615,0.013654107858431063,0.012625248407108809,0.02183966853268349,0.01080087875945232
2016-12-09,0.00030366678011151116,0.003151506221436361,0.005035121315765182,-0.009145469673715932,0.0013806942111508629
2016-12-12,0.0012134754802546333,0.00037776341131723346,0.0006323225518272597,-8.442824329337066e-05,0.001965532369469172
2016-12-13,0.012423926547177722,0.012196946399445931,0.012078321331162769,0.013203290797237161,0.01251996877179598
2016-12-14,-0.01586345215547169,-0.007717129527645655,-0.006717289581405451,-0.0093381762316931,-0.006107253667355263
2016-12-15,0.0012168033751931429,0.012471589815486907,0.01052025478545085,0.023909977895125566,0.010597624527241566
2016-12-16,0.002864169316747489,0.002807197756681179,0.0037757872286964525,0.0018094523002476636,0.0027533600018876756
2016-12-19,-0.0030382229054821686,-0.0006173365526633603,0.0006578116731806473,-0.012216755598003068,0.0016226289820328666
2016-12-20,0.0060952633232564946,0.007392560168916514,0.005820306987123089,0.012364116833666903,0.0062225962782796705
2016-12-21,0.0024237365497923324,-0.001972211324993349,-0.0017208773579067654,0.0009791353966456667,-0.0014086506337056598
2016-12-22,-0.0006041905150705462,-0.001139451171037834,-0.0011074351851652216,-0.008378192594077108,-0.0017225762108640315
2016-12-23,0.0033260230196467955,0.0011630206590676746,0.0012577089792896957,0.005125217435425047,0.0006535351695358151
2016-12-27,0.001205770065715539,0.0012827491592010138,0.00204019798893487,-0.0033183517507807663,0.001957766389356923
2016-12-28,-0.006923884768444966,-0.00019702159733530218,0.00019994391723347882,-0.0045364130794696405,0.00026461443772595735
2016-12-29,0.006668701144408429,-0.0022259379503562116,-0.0013619712799286827,-0.005811850021987756,-0.0014305148027027026
2016-12-30,0.00752797939467853,0.005730676150029675,0.00561646561128056,0.005126616469007386,0.006066082216496226
2017-01-02,0.0,0.00607468808322363,0.005312566162318206,0.008568640199398984,0.005480760283820126
2017-01-03,0.0020920909339665616,0.0019126847642945196,-0.0004135689617175735,0.012746055859781367,0.0007367680811921828
2017-01-04,0.0068593583403187,8.010874626608037e-05,-0.0007203878348948706,0.0051688198499403905,-0.0020019762264018486
2017-01-05,0.010071183383340898,-0.00024096769910371903,-0.00032240736261693987,0.0012608620759649066,-0.00015422418531118546
2017-01-06,-0.00381214393596796,0.0020128399005533266,0.0019467626818142172,0.002137440859861969,0.002766086699624118
2017-01-09,-0.0005890452488915843,-0.0033804777998904024,-0.00302340237974895,-0.001966222116229236,-0.005293788199377274
2017-01-10,-0.002945224585591988,-0.001437223409703504,-0.0008538666131933518,-0.001853512721296154,-0.0024038374044123173
2017-01-11,0.005317223948449357,0.0013881501140372927,0.0011672532695010238,0.004793485807094266,-0.00010572740414857034
2017-01-12,0.0008820464401928518,-0.006228325706527242,-0.0060833711893861905,-0.0040303908075686075,-0.0035363305142351534
2017-01-13,0.004991019887874204,0.011756269572458957,0.010439904638109359,0.00887552817294288,0.010374011296180121
2017-01-16,0.0,-0.007683640920564371,-0.006624694513263005,-0.008949980887381281,-0.004108148326445233
2017-01-17,-0.002336632810228001,-0.0020879244385939417,-0.002122624345664988,-5.1700351836587415e-05,-0.001433742205508281
2017-01-18,-0.001464742571727018,0.002705133675952441,0.003350166818386884,0.002308185576361582,0.0013013223912970663
2017-01-19,-0.00381214393596796,-0.0006929884998559851,-0.0016270519911246318,-0.003292531925361888,0.0013155147085163567
2017-01-20,0.00912560679040908,0.002230073101844233,0.002405910097945283,0.0012729377868233552,0.002207100638336274
2017-01-23,-0.0005835750615625912,-0.006407424393896779,-0.006356357473980575,-0.002491321450125894,-0.006063256301728066
2017-01-24,0.0026271548620944163,0.0016619451331081115,0.001678877525442279,0.0005947586203839808,0.0017309648510762225
2017-01-25,0.012517967449936052,0.011962953399091352,0.009991544778477154,0.016427212157257908,0.011224329906469552
2017-01-26,-0.01121311663555058,-0.0020224665563312477,-0.001625078247362486,-0.001817393660620806,-0.0028744016776663583
2017-01-27,-0.0017445534610686098,-0.005428797647430013,-0.005406630757781595,-0.008919285223464813,-0.0057719747063799875
2017-01-30,-0.009612707314319291,-0.013146691936597767,-0.012077936905937609,-0.018220468066247136,-0.013292951776213802
2017-01-31,0.0005882363572287108,-0.009488416159757538,-0.00905532945192798,-0.009811583722149714,-0.009091044086469522
2017-02-01,0.0029393804441466553,0.006989423538203485,0.006166394147359662,0.005848899472367837,0.00580960730069735
2017-02-02,0.0008797916335294698,0.0005708170317805699,0.0015000739219002241,-0.005533053990141589,-0.0023272857863172866
2017-02-03,0.005563085233968312,0.005925998210598815,0.005734065631543681,0.000713416804040374,0.011447160024729137
2017-02-06,-0.014268922602364675,-0.011305714577990558,-0.01012919717936483,-0.014453757014533077,-0.013687785744969738
2017-02-07,-0.0041359736180649476,-0.0005708055564026728,0.00036318390779729436,-6.846529728064418e-05,-0.0043627930387582625
2017-02-08,-0.0005932239475815448,0.001116468425325677,0.0034839735453413884,-0.00290392544679508,-0.0025240003483407484
2017-02-09,0.008607509641963329,0.011634667448574098,0.01143641338863861,0.008588137146186576,0.012519126925043568
2017-02-10,-0.0023539695124672466,-0.0022053806425028273,-0.0017426414641454337,-0.00047409463448150563,-0.002890721151971687
2017-02-13,0.004129873500872572,0.011205206377867705,0.01080866607554515,0.007844251916837934,0.010887964782391126
2017-02-14,0.0029372921803862972,0.0013326629088354883,0.00048493500229126253,0.0016138613653216745,0.00270366862927183
2017-02-15,0.0041010584075587,0.0038109954447696865,0.003175053690423119,0.006323714059821048,0.0016624999429902326
2017-02-16,0.00408387821371381,-0.004606033088708484,-0.003937758025977022,-0.005416080766450958,-0.0038816214536702017
2017-02-17,-0.004939034539964804,-0.004932456918042058,-0.003779313867657962,-0.006036370270836735,-0.008091348168279876
2017-02-20,0.0,0.0028214771685524374,0.0029948550953295375,-0.00042933312570796596,0.0022753954571271703
2017-02-21,0.0017519719282612645,0.006928183572852402,0.006921783945614738,0.010870808868823209,0.008087641209441523
2017-02-22,0.0008743464877885021,-0.0006361794339092534,-0.0003471425778652401,-0.0015484235079037444,-0.0020261412761980917
2017-02-23,0.00029131351761990665,-0.00013939101563379826,-3.117590613242471e-05,-0.0035196077084085446,-0.0018173722090941387
2017-02-24,-0.007860025908619006,-0.009004157482306378,-0.009245866755569217,-0.0017246829127513475,-0.010732641075968406
2017-02-27,0.0032273079817382033,0.003397269620271148,0.002217011554316945,0.00044730388867354634,0.010535052483214707
2017-02-28,0.0,0.003547019158368052,0.0033251718623292298,0.003718614021233664,0.0058079123016926025
2017-03-01,0.01667132273111771,0.021218686828002313,0.019751284420490383,0.01599994737827468,0.026360764077342117
2017-03-02,-0.004602507057839933,-5.867344961712785e-05,-0.0009727659784378233,0.0006272770812041665,0.00028762189385418777
2017-03-03,0.015606820948745659,0.005275533042392123,0.003845582997335926,0.0028123296249488476,0.004892438864101418
2017-03-06,-0.005122516880314176,-0.005051281677842706,-0.004051377521434223,-0.00013726361391974175,-0.004538930305114812
2017-03-07,-0.0037183670232421306,-0.001646880119333661,-0.0015921093378090416,-0.005482747043219673,-0.0006882719220759185
2017-03-08,-0.0040198129078878875,0.002024192698039129,0.0007466547311217704,0.011616846863247697,0.002743059617927941
2017-03-09,0.013548424260661607,0.0066756903756306375,0.005644730873012049,0.01291812859937572,0.007290061608794156
2017-03-10,0.010523520263877595,0.0019751799563532957,0.0008483772766577003,0.0021253050273031832,0.001901957563454788
2017-03-13,0.0002817641716206243,0.0004186012019028559,0.0005675284891598589,-0.0006053254380197153,0.0011753584903719237
2017-03-14,-0.010692680427657475,-0.005629793514665984,-0.004223339393157103,-0.01484986667721948,-0.004846145467228925
2017-03-15,0.01422101678497878,0.001880286779084514,0.001336372313364315,0.0053142951578588355,0.0018976669272445616
2017-03-16,0.012058662099883488,0.00818114825608802,0.008263499463501018,0.011544286760900366,0.006649247809101933
2017-03-17,-0.0008053425436824746,0.0036516261748940648,0.004359848563352034,0.0026311887191640786,0.0035002121759499503
2017-03-20,-0.0027782685295604237,-0.0023133183889285916,-0.001429811482982756,-0.0033957622007419973,-0.002239942451986871
2017-03-21,0.00027838899643750636,-0.0026829196584471763,-0.004048478290942731,0.0006040676329784866,-0.004799150608806937
2017-03-22,0.0025069219142475063,-0.0022801503247490387,-0.0014053472017915825,-0.005424686136637635,-0.0031813804477336437
2017-03-23,0.002222901095521479,0.008995858486294117,0.008812578160142236,0.009869509492763147,0.009650667327853631
2017-03-24,0.0022179027570832233,-0.0019281185520701135,-0.0018999893668549825,-0.0037640626416003847,-0.0017577608242141654
2017-03-27,0.006085327863774248,-0.0009819789847220815,-0.0002783781521246203,-0.0032078328037380708,-0.0015889635885075887
2017-03-28,0.004674675424095387,0.007560574364242204,0.006410237825307445,0.009604954883275531,0.006977075182557028
2017-03-29,-0.002463214250564949,0.0027993531075947596,0.003031323346209363,-0.001486319850397655,0.0016000296787523887
2017-03-30,-0.007132970322743515,0.002960008319561317,0.0032115907807082375,0.00017397803755543254,0.002576124335657061
2017-03-31,0.00442089381890276,0.006609217682674045,0.006152036666260326,0.006489259751000544,0.007476556889129044
2017-04-03,-0.0035762296431665064,-0.008188056716605437,-0.006519964629915645,-0.011544238573538998,-0.007307518443118586
2017-04-04,0.000828167614135733,0.0009909805757187782,0.001341779014721048,0.0045072320866077166,-0.0005639364403822513
2017-04-05,-0.0074481529339992525,-0.0031196068332121707,-0.003193733076426333,-0.0025773974469380672,-0.0033585269963722344
2017-04-06,0.003891038911002509,0.005014837941931921,0.004625608555136698,0.00744308634276377,0.003814119783303598
2017-04-07,-0.0005536402867574175,0.0013821072208147925,0.0014833284743836694,0.004695916017896254,0.0007529793858297351
2017-04-10,-0.006371273581988857,-0.004546398482191018,-0.004140263206704631,-0.0066426871119777,-0.00414207681312145
2017-04-11,0.002229995809867269,-0.0028943880702295348,-0.0026501673178299986,0.0005017019369038128,-0.004762419363299033
2017-04-12,-0.0005560537908517738,-0.00015185396906929445,0.00037006535035656964,-0.0033985168804413685,-0.0013800901260621042
2017-04-13,-0.008627759524399203,-0.005576384942897416,-0.005110366982951882,-0.0034012728208883958,-0.005336762302353263
2017-04-18,-0.000842186425874969,-0.009570597637350407,-0.009341302020984637,-0.011407691703414382,-0.00593936150943331
2017-04-19,-0.0011239766122984607,0.004198999481543494,0.0032239419819341,-0.0038562508381305813,0.007243859164165731
2017-04-20,0.010126758193933494,0.0060838060254431526,0.004727746395472856,-0.0002858544667321847,0.0080975261758213
2017-04-21,0.0013919895805374338,-0.00022716527583393353,-0.000802942319353274,-0.0004943769778030268,-6.897405334958074e-05
2017-04-24,0.05561773899907885,0.04185392569233112,0.03842216386717656,0.04236499755442481,0.03648412211764593
2017-04-25,0.00763956365734364,0.0017130264175110774,0.0015361838359036414,0.003402860786920827,0.0014526086499596696
2017-04-26,-0.008889117201411945,-0.0006342297996845655,-0.0007049059955112037,0.0012018364148428551,-0.00024334110738094935
2017-04-27,-0.0018463760034015397,-0.0033207346271620385,-0.0017497672026328436,-0.006248230949995902,-0.0019608450795877566
2017-04-28,-0.000264302221713808,-0.0014780389495050808,-0.0013574715795332312,-0.0024220817090393303,-0.0013176091311682514
2017-05-02,0.012423608006667974,0.007604880335040436,0.007235993782508106,0.005309451002771176,0.00814200707031824
2017-05-03,-0.001566383373483582,0.0021458468347586956,0.0016518680591858005,0.003950699153794235,0.0008110635864740498
2017-05-04,0.021443903165009326,0.014275303234253606,0.01365980029848495,0.013828224795102569,0.011140098452919356
2017-05-05,0.01612907480188852,0.01069837811734837,0.009725765874163097,0.014233699802488516,0.009389439191014605
2017-05-08,-0.015369400669889455,-0.00453708745279679,-0.0037041625044868056,-0.007489163578144853,-0.004047472186092886
2017-05-09,-0.005373608162546506,0.002496082840054795,0.003949469913388968,-0.0032190024308162645,0.007546070189910609
2017-05-10,0.0018010272001933725,-0.0009680305189445715,-0.0009550723549630311,-0.0003131040496490166,-0.0004890448225604412
2017-05-11,-0.004879443918775039,-0.006756639239494896,-0.006305347875677997,-0.00581383231613532,-0.0048843410842742884
2017-05-12,0.00903219982370751,0.0062694723815443845,0.00680721493134503,0.0029829330299969174,0.004489086082098716
2017-05-15,0.006905570500228997,0.002856781846940221,0.0021496599134848944,0.002921628400434815,0.003297783867428339
2017-05-16,0.010668113049660422,0.0017121536193425197,0.0014219450026145067,0.0013249272698860365,0.001726996355726313
2017-05-17,-0.018095434496402385,-0.015804132031564815,-0.014658944018418689,-0.02446509873195751,-0.014909395796856168
2017-05-18,0.0005122142504683236,-0.005131538586292929,-0.005115036759467674,-0.0026363545323906863,-0.004841010356123144
2017-05-19,0.014325808199227241,0.007812112533778195,0.006627569797158247,0.010906128901833545,0.008265149550189215
2017-05-22,0.0012611850127790536,-0.001066696183224295,-0.0011643311752720564,0.0024148602055994992,-0.0011298381340801957
2017-05-23,0.0005036532003852567,0.006230581780468649,0.004938251220968736,0.012142227653216453,0.005258554326302525
2017-05-24,0.0002515454326377231,-0.0025012521536256762,-0.0026114128924439864,-0.004607637790735472,-0.004931254310710633
2017-05-25,-0.0022652536163451087,-0.00042163371906708965,-0.0004386390658664732,-0.0015454699685543735,-0.000867431513922622
2017-05-26,-0.004540483861575351,-0.001427612181208541,-0.0013280114254259825,0.001030255195403158,-0.0028337332309343786
2017-05-29,0.0,-0.0004641077485096412,-0.00024615353548642065,-0.0027141983858914587,-0.0006204828112636451
2017-05-30,-0.0027878417895899066,-0.003769336235643341,-0.0033911331203507556,-0.0015212540575473114,-0.003371467028026003
2017-05-31,0.004828354708147575,-0.0012252399846457947,-0.0012250928410898025,0.004999740542738591,-0.006152601115852164
2017-06-01,0.004805153721552768,0.004315728479769012,0.004820437944674345,0.0024366921952810043,0.0065332125845499155
2017-06-02,0.011326823775209993,0.006467760524204545,0.006665789668903961,0.010621185222340344,0.005738865453664771
2017-06-05,-0.007466255842389691,-0.0028865025244437003,-0.0030631919325834,-0.0008740962560602779,-0.0026987643042694124
2017-06-06,-0.006519783467382023,-0.006112147800387108,-0.0067360131814158605,-0.00012616304206913823,-0.006510043069951464
2017-06-07,0.0005045463658235327,0.0006079966117555168,-0.0009621185924379887,0.006865301734774689,-0.000764516878338278
2017-06-08,0.0002524244411463705,0.004682068573524756,0.0036471737781732525,0.004480875313621566,0.009148567746295104
2017-06-09,-0.0007565254028087942,0.005830343692343972,0.005916956673283842,-0.0013302836202284951,0.007848850853611974
2017-06-12,-0.008329132392000504,-0.0100305009871343,-0.009984957618596475,-0.015179517457650308,-0.00856422749862447
2017-06-13,0.007635507548191978,0.003843440414841297,0.004252224718179705,0.0025225474655010426,0.0042721007270344665
2017-06-14,-0.0010103531142620081,-0.002137499169032052,-0.0013291519431965894,0.005239955370557311,-0.0048359218567693265
2017-06-15,-0.014159249441436428,-0.007025809103275487,-0.007575195031027112,-0.00180948118464634,-0.0061340639546443145
2017-06-16,0.010617439359791536,0.005336892685844263,0.005590771991525049,0.009646172328995643,0.004193895475217725
2017-06-19,0.005678736934556561,0.009567520730026677,0.009388573839900735,0.006306982422598227,0.011122353090933455
2017-06-20,-0.01001009205166914,-0.004980221376051416,-0.004577022010657291,-0.0024077416102926117,-0.006720582657630756
2017-06-21,0.0005184900933190573,-0.0012240340785907337,-0.001725783116160386,-0.004105221969849418,-0.0002733092331134713
2017-06-22,-0.0012956784947431021,-0.000255888071837309,-0.0001971364386048582,-0.002962604613829554,-0.0025387707183163757
2017-06-23,0.002594718910978955,-0.0027948476825715414,-0.0032645852690331894,-0.002186653911512167,0.0007761529544566489
2017-06-26,0.0038820680686686426,0.005137265285857278,0.005967350583303452,0.004211643586434917,0.005303495102579576
2017-06-27,0.0025781201620611593,-0.007221955689446526,-0.007208350078319928,-0.011893071144631936,7.613092554638953e-05
2017-06-28,0.010028044167672556,-0.0005673550830411282,-0.0007196491758168787,-0.0019119754745914915,-0.0006038971397433963
2017-06-29,-0.01680262084144124,-0.0172610854317098,-0.016631343878709185,-0.01644866107535398,-0.016461851778949748
2017-06-30,-0.003883829454718435,-0.007652010153594786,-0.007616093442348586,-0.013740598340737212,-0.007335659538798976
2017-07-03,0.00207953971399899,0.014755012672918833,0.015190250213538039,0.023401025245348706,0.012626756108640882
2017-07-04,0.0,-0.0032287755412342455,-0.0031673807215863345,-0.0007318194428906685,-0.002547788331974868
2017-07-05,-0.00025937956483168545,0.0010971155631234956,0.0008889328437200462,0.0010657224021261725,-0.0010431144940578573
2017-07-06,-0.003892015788837022,-0.004214786526685907,-0.004374444951395082,0.004035838185138256,-0.0048942990584674925
2017-07-07,0.004428646492049548,0.0010268085650734476,0.001160282305230393,0.0006107480243650157,-0.0004388690175859528
2017-07-10,0.002333747027776445,0.004049395579198389,0.004033678491538994,0.0014317120321507737,0.002849134754445687
2017-07-11,0.004657125863078981,-0.0033235185760371183,-0.003171249204382979,-0.00272055807193749,-0.002167595660167216
2017-07-12,0.007211001864674493,0.015027774374652787,0.015105322527239855,0.010819224424223462,0.011840345338818902
2017-07-13,0.0033238989083832493,0.004162373444541625,0.0042186181028714105,0.006688107740196358,0.005449797849503008
2017-07-14,0.005606377224899095,-0.00045418811250119104,-0.0003611671233455643,-0.0021399312675352685,-0.0012426735945330785
2017-07-17,-0.0043082536213715494,-0.002118877540223735,-0.002199848144299474,-0.002921087986657507,-0.0031787521120885944
2017-07-18,-0.001781460436625415,-0.010347653345582138,-0.010503177276417254,-0.010089475636383087,-0.00968672722391369
2017-07-19,0.00305956682363262,0.007081313804910182,0.0068064598214340405,0.006589906517398852,0.010509478016566761
2017-07-20,0.006863226703562431,-0.0013146348920935547,-0.001546191011109602,0.001301479294809185,0.0004033115986113084
2017-07-21,-0.007068882238247642,-0.013935981501763603,-0.014209957589232068,-0.01335352879551719,-0.01303764029945784
2017-07-24,-0.0010171259431500657,0.0011827420678256866,0.0009903922530468225,0.004297323878316625,0.0013740063289492534
2017-07-25,0.003308549291368701,0.005213210359593179,0.00541617401665664,0.012924247002499592,0.0025883105357978288
2017-07-26,0.007103322184581096,0.005479466660003084,0.005387356204850944,0.0069948014276884,0.004735451059490476
2017-07-27,-0.0022670980343271196,0.0007044552975247902,0.0013848983532674466,-0.0030328832897690626,-0.005611605827589588
2017-07-28,0.0027772478899996678,-0.007500455221402147,-0.007755063886509184,-0.0015647414845423263,-0.0075825656084102105
2017-07-31,0.0,-0.005498318210132524,-0.0048311136414639225,-0.007477225627393508,-0.007734030733652974
2017-08-01,0.006294026276325582,0.009249240678796351,0.00948281139242728,0.005669320615609663,0.010681060303366123
2017-08-02,0.00025010431069416583,-0.005002650171287033,-0.004551826368787486,-0.004253965503621759,-0.008204346427568255
2017-08-03,0.0027516056663265953,0.0023181006671133576,0.001958984737937202,0.004115246130478896,0.003694259135084431
2017-08-04,0.005237972515413025,0.013591875371013187,0.012735869011210292,0.015078929762766426,0.01470498610856593
2017-08-07,-0.00024781695465336817,-0.0005407932225029944,1.4139353604586802e-05,0.0011386718168920694,-0.0005362936334322305
2017-08-08,-0.004716333688958851,0.002484139098800496,0.002419784386525317,0.003342903291474269,0.001942722018702265
2017-08-09,-0.006234745052665414,-0.013691071725885335,-0.013269326828339248,-0.011356834091417828,-0.01764636780588657
2017-08-10,-0.01605960739846546,-0.009946364535740852,-0.009190544327170964,-0.009285086711655956,-0.011808355607911224
2017-08-11,0.0,-0.007772280369250611,-0.008136539085966463,-0.009675832344557437,-0.006197772931884152
2017-08-14,0.010456600951164852,0.01340464029508779,0.012700820894688573,0.014514522812581372,0.012888347484953095
2017-08-15,0.001009437384294154,0.003299275406107826,0.003102473311175188,0.005561392216035008,0.0021160076582363977
2017-08-16,0.004286405960979511,0.0054407091341787134,0.005601773438313947,0.002687080646595358,0.004920768937419758
2017-08-17,-0.013557707480347903,-0.006379059029417603,-0.005999332748193745,-0.006428412538102897,-0.010030159239975488
2017-08-18,0.004072523400466599,-0.0051146996611687486,-0.004215726464162874,-0.0039613088091821225,-0.005268858310288648
2017-08-21,-0.0020280637462728457,-0.007231491355763669,-0.006388326297892505,-0.009326157521490894,-0.009790811506262117
2017-08-22,0.007873905772376233,0.009551193888981804,0.00857771770495002,0.006498483408991602,0.008378341675981317
2017-08-23,-0.0005038645009285414,-0.0039983651451051365,-0.004215928382970217,-0.0040580780416932,-0.0023721322672142285
2017-08-24,-0.0010084194480042274,0.0012669384306563127,0.001883719481066905,0.0030838211719088284,0.0012275577327775298
2017-08-25,0.008329091074772865,-0.002289324016991183,-0.0022183738713900734,-0.0019431273121073669,-0.0004929242230954992
2017-08-28,-0.0012517512292486987,-0.006129699647244044,-0.0051238326233422424,-0.004762157724903272,-0.0062749647757528405
2017-08-29,-0.004761588722670074,-0.009591515565021434,-0.008939664815906046,-0.010351366091004593,-0.011304006818118759
2017-08-30,-0.004281129226939462,0.005247189875600016,0.004442506696972411,0.0016708850650019366,0.00516372133323103
2017-08-31,0.0058167252137142356,0.00432245277483167,0.003942078775647427,0.0028494238670724657,0.004942045990531042
2017-09-01,0.0027661351414747237,0.007063891324379408,0.006911548322805091,0.007427580257892039,0.007389032451193009
2017-09-04,0.0,-0.004144467702071627,-0.0038513314776880067,-0.005658533514854362,-0.005533794941642843
2017-09-05,-0.00827503043402289,-0.0025378098409768062,-0.0016400399877664154,-0.0004897175776613221,-0.005063540847751353
2017-09-06,0.012641856764365578,0.004011614985108072,0.004514753271887802,0.008393075016554398,0.003553266324433242
2017-09-07,0.008739481143514194,0.004407785972767396,0.004732785195498239,0.005188732676232093,0.002937861262611513
2017-09-08,-0.0007427448211875243,-0.0004908081851481074,-0.00034441280473752433,-0.0011073326513394207,-0.002064892098427666
2017-09-11,0.010403946200406855,0.014231646727766743,0.013728266795722685,0.014118017477662115,0.016139334223915065
2017-09-12,0.0041676599802471515,0.005296305869980593,0.004429823436974636,0.00406674434766499,0.0074006839133931015
2017-09-13,-0.004394716401304399,0.0023635931257835357,0.0018192006687157564,0.007094207108232204,0.004649672438387285
2017-09-14,0.0036785278886231065,0.00035879471789575766,8.807398836228846e-05,-0.0012998721804863447,0.00013706156186521376
2017-09-15,0.0012256102095216104,-0.0025762642295018637,-0.0021074543305508856,-0.0004179479471032265,-0.004831374833672378
2017-09-18,0.0031833920297967833,0.003500154461253642,0.0035784330537735774,0.003773014724317955,0.0028774870485505483
2017-09-19,0.003905190827424354,0.0016028227048563483,0.0020439360927703184,0.0030834686246812445,0.0012310319359579683
2017-09-20,-0.0034040418643621617,-0.0016256999738220308,-0.0011123384357153844,-0.0022912246204335267,-0.001142898926383049
2017-09-21,0.001708069016542968,0.0028334498494783033,0.0025073484068792264,0.0060294584170459764,0.0001683141240481869
2017-09-22,0.0009735723572881216,0.0007415971814917432,0.0008694710962934496,-0.0033120466006756662,0.00011026533062425
2017-09-25,-0.009244853892150906,-0.0009838539100758186,-5.3295733006824066e-05,-0.000262703026812206,-0.0013477097632398091
2017-09-26,-0.004421196527922833,-0.000281207833151326,-0.00038090593463621257,0.002872912454977101,-0.0010833465621040057
2017-09-27,0.0029601978192359546,0.004424706761721263,0.0033470462522680678,0.0002590903958085282,0.005592440834381486
2017-09-28,0.0034432725429722755,0.0023282740615387727,0.0019331508767825752,0.0015752110538061136,0.0012009910152543215
2017-09-29,0.011029203850112523,0.009002474534879666,0.008362980139692293,0.007624346866050025,0.010364038495083387
2017-10-02,-0.0029087802956675457,0.00231332884964272,0.002558425699815924,0.004391304015407585,0.002214318078866163
2017-10-03,0.0026740533494680196,0.0007557121276842277,0.0008295564863110529,0.002877385786019501,-0.0004999892972834279
2017-10-04,-0.004606851075143692,-0.0033050809594223534,-0.0021533154668588353,-0.005458164265611955,0.000346504955552176
2017-10-05,0.0024360466042192552,0.00520486696641543,0.004158762378278193,-0.006084923398728619,0.007888745869040426
2017-10-06,0.00024309444154813065,-0.0026101688717392025,-0.002874344900820326,-0.0011084134646217113,-0.0019631710590205624
2017-10-09,-0.0014582121660161595,0.001830862570067792,0.0018462422921799438,-0.00622114908361076,-0.002390658209146779
2017-10-10,0.009245789558756101,-0.0028258400631256523,-0.001842089392015377,-0.005356025100037209,-0.005453872807741745
2017-10-11,0.002893463123526452,0.003331848848872345,0.002228576653574503,0.0002265178754996794,0.0005600726736944019
2017-10-12,-0.0028851151492349514,-0.0011139147262446687,-0.0008254234602548005,0.001158038539312053,-0.0018541340403574358
2017-10-13,-0.0007231340071613968,-0.0010143874448612896,-0.0008764489640077999,0.0022268829750927304,-0.0009719724356360618
2017-10-16,-0.0016881858073638512,-0.0001360906047514282,0.0004621461453360332,0.0021065677406147914,-0.003058899738058715
2017-10-17,-0.002175572461443953,0.001145950762990439,0.00037827300485263396,-0.0023497718261098538,0.0011912053725282523
2017-10-18,0.005086278364450969,0.0030614455566365674,0.0032600793506853162,-0.0003462075791748559,0.0028806399850490228
2017-10-19,0.00024104423932058694,-0.003095067478900364,-0.0028216536388619546,-0.005297888836590076,-0.005941790386674489
2017-10-20,-0.005300305685316142,0.002337384590661372,0.0022901407833905395,0.0007227982637555338,0.0051462805287636505
2017-10-23,-0.004358885491620557,0.0009344658219194905,0.000913535938800404,0.001074454332665672,-0.0004924118522325834
2017-10-24,0.004377968555238754,0.0010487697155735479,0.0008386143043619794,-0.0070221014233874555,-0.0009270533271305646
2017-10-25,-0.0012110020267577237,-0.005529660651099004,-0.004609807737611862,-0.00927409940624011,-0.005019487726450564
2017-10-26,0.0009701394504066929,0.010499466762239895,0.012447380051827673,0.01967942813755479,0.013630812567867474
2017-10-27,-0.0019375832459777032,0.0037194770913870977,0.004670153812086967,0.005104842314336792,0.0015589488106253623
2017-10-30,0.005824851009752496,0.0028262624462290394,0.00238704330530157,-0.0017166844028161559,-0.00012744204131807596
2017-10-31,0.005067286780197744,0.0036692300009615406,0.0025689429869637254,0.007042265821029769,0.0022631315432584853
2017-11-01,0.002881768546515895,0.0061893648158014404,0.006351669288126236,0.012057804789719954,0.005023287654843408
2017-11-02,0.002872682244195346,-0.000821236866718281,-0.0013659821762894008,-0.002501105523045875,0.0012247835346911725
2017-11-03,-0.005490910334409627,-0.0002525598162030466,-0.00024258847226817527,0.001606717932511186,-0.004029181128842044
2017-11-06,-0.00047966019242717817,-0.0022283987843251273,-0.0026755154274715393,0.001398780305367621,-0.005456073952829603
2017-11-07,-0.009366347297716127,-0.005835286146211415,-0.005198719656513886,-0.0016624335057302336,-0.004952441986893241
2017-11-08,0.0007273990066727354,-0.0009797926767169864,-0.0004482391365910083,-0.004275269927998691,9.17209381295663e-05
2017-11-09,-0.008720696658935267,-0.01042824587178879,-0.010623761717770554,-0.008444072684141412,-0.006798884239131259
2017-11-10,-0.0024440204200519844,-0.004667017916456879,-0.004731110698227077,-0.0032099529008022825,0.00021358368324928104
2017-11-13,-0.004164366410545295,-0.005248186852692521,-0.0055868976459579785,-0.0067685840991659075,-0.0027861991362634355
2017-11-14,0.0041817808783715105,-0.002762969476036494,-0.0032801579436255346,-0.002057355945329905,-0.002967115868773
2017-11-15,-0.003184716376064989,-0.0028198895626649536,-0.003042630942135187,0.0005775529474205263,-0.006174612240963422
2017-11-16,0.0058984515102842305,0.0063260061235885,0.005596705541719712,0.011760549122997344,0.006999446463856295
2017-11-17,-0.004397692318443003,-0.0047020281165728265,-0.0054422798053950444,-0.0018640373086466584,0.0008298359360887768
2017-11-20,-0.0019633730191684906,0.003849818019558173,0.00300083493195647,0.009963168827436308,0.0031753197355687242
2017-11-21,0.006638887720072928,0.004573809505620103,0.0045123088134105625,0.0051615422220408725,0.004029139918126404
2017-11-22,0.0009773654880786964,-0.004079178573281698,-0.0028174759706173992,-0.006880214499470212,-0.002731089057574799
2017-11-23,0.0,0.0025581293817698576,0.0031713469342239758,0.003669436498161137,0.003586824348619567
2017-11-24,0.014396786335686196,0.001723872806623446,0.0018941686509064508,0.0011613295465903706,0.002222993212421906
2017-11-27,-0.006254400669948312,-0.005023959886778484,-0.005032478835493139,-0.007070596541519898,-0.004466974181311489
2017-11-28,0.005567771160043922,0.0050485111478782915,0.005284895742352673,0.005838045235312994,0.0053345074876883485
2017-11-29,-0.0031294002308833724,0.0033719130877370765,0.003773579691631901,0.01000720998209204,-0.0028806437990604055
2017-11-30,-0.00048302006291911503,-0.0043162183556834585,-0.004593936219153609,-0.002015325229447464,-0.005883878515567302
2017-12-01,-0.007731591189618858,-0.01165935262771054,-0.011467016606698284,-0.012613208143529056,-0.009245595240898786
2017-12-04,0.0019479586170862984,0.01379380242597605,0.014081877137501524,0.015353460205842656,0.020258567161381642
2017-12-05,-0.004617158963088341,-0.00013542696403462618,-0.00040958537972708394,0.0007993773135529016,9.646118508856627e-06
2017-12-06,-0.0031740651905061146,-0.00251808405399877,-0.0022712266645367567,-0.006379931490221111,-0.00047336878352864333
2017-12-07,0.0036742890888130653,0.005118345487914871,0.0052836889648445705,0.0073454671889628675,0.007846176241744588
2017-12-08,0.005368384664714121,0.005172828435982975,0.004328845399957926,0.007111346623619026,0.005856262618057281
2017-12-11,-0.0007283980621320962,-0.00309795638239229,-0.0029277614635712427,-0.0031235621885228187,-0.0013591279818072754
2017-12-12,-0.0017007176033495552,0.0052481649193677924,0.00554599695820336,0.001708125888720782,0.0039041814291347634
2017-12-13,-0.0004864296763505971,-0.006195607974859513,-0.006124123031772909,-0.004626473977684858,-0.003349388125124852
2017-12-14,-0.009493563868968713,-0.007664526436274509,-0.007335026563985311,-0.006963594386469965,-0.00778002214938008
2017-12-15,0.0033283857648009896,0.0014944740739377379,0.0016319857862069432,-0.002334836730442631,0.002223780897839784
2017-12-18,0.013513109362154774,0.013750397509893937,0.01353073005693008,0.01223536070213713,0.015008368905807444
2017-12-19,-0.0014543948072563984,-0.006648019301118585,-0.006625289111927376,-0.008808915559089154,-0.009305171596093998
2017-12-20,-0.006069561039116711,-0.007855883310992944,-0.00775387090240173,-0.006624486299926557,-0.005661772310393573
2017-12-21,0.0024426970521886915,0.004472345144234021,0.005253259695530326,0.003823919688082782,0.008801059411939935
2017-12-22,-0.0021930469866242586,-0.004488129593926306,-0.004382397624915136,-0.006255028892266957,-0.004915008673478197
2017-12-27,-0.000244233451603848,-0.0012974429327604919,-0.0011770259265218793,-0.0008137991999393572,-0.001124311767405949
2017-12-28,-0.0019541108198790624,-0.007214615491850158,-0.007161193560243937,-0.007641454194706817,-0.007266507274634293
2017-12-29,-0.003671219548123994,-0.005491334098847888,-0.005662622403032324,-0.0038074982709664614,-0.006118118273126439
2018-01-02,0.004421767105904362,-0.00387904015433547,-0.003515367040354121,-0.006395385696719264,-0.0030558949877619586
2018-01-03,0.0039128831210901716,0.005840648915277066,0.005573610893030892,0.0031648601421986828,0.00410378560437472
2018-01-04,0.017783041500261998,0.016646728476352284,0.016497264916964995,0.014674083405522977,0.015132434825264222
2018-01-05,0.010052649031651706,0.010309470597806502,0.010646367927550058,0.012717054429978107,0.012844581199325002
2018-01-08,-0.004028530284270637,0.0023981601563153386,0.0030652833641380424,0.00651564590892817,0.0013233569972117057
2018-01-09,0.0007142151853731793,0.0018366185966774877,0.0021036531713816025,0.006885439184881468,-0.0008056754727534577
2018-01-10,-0.003566134539857102,-0.0035734623099510495,-0.004127903607391628,-0.005030048208349932,-0.0004129389405481528
2018-01-11,0.006203353499673048,-0.0037650971445984272,-0.0039309789179536245,-0.0003166281710277831,-0.0028875473545594476
2018-01-12,0.013990960127877372,0.0047700501252876575,0.005195334726727902,-2.8760918096222503e-05,0.005268168233292964
2018-01-15,0.0,0.0005112096403832389,0.0002499720798930832,-0.0012243994624145894,-9.632211105745637e-05
2018-01-16,0.002572511447642256,0.0037983917408404926,0.003897701178540194,0.0009878924948422824,0.0024217767976761253
2018-01-17,0.00373249783807994,-0.0027996543448535398,-0.002818072551808751,-0.004717977799062032,-0.0035178909778615184
2018-01-18,0.0013941198390670095,0.001417061002994141,0.0012608399783221968,0.009312667162807521,0.0036671068709317745
2018-01-19,0.007658207716928711,0.008654737310470973,0.008018775410198152,0.005483800135845985,0.008504598441880314
2018-01-22,0.008521806695421352,0.005458680184118037,0.005122792162495845,0.008586805365476638,0.004795607701829451
2018-01-23,0.0025122207567480626,0.001321275994793608,0.0006897832700985183,-0.0017520373632490091,0.002075249645393652
2018-01-24,0.0015944217290229101,-0.008656274079394047,-0.00876351988960102,-0.011086896666928124,-0.008311630072350844
2018-01-25,-0.0038663611215074,-0.003355328097878155,-0.0031103645694519596,-0.002714753459904995,-0.005097214829198856
2018-01-26,0.009360688652587212,0.004693285302272953,0.004395629073943735,0.004981827447432103,0.005976803043207173
2018-01-29,-0.00836930838793093,-0.0007430760174391416,-0.0008099278920346886,0.0016246260359038824,-0.001651886645878413
2018-01-30,-0.00843961695483375,-0.010338745750056402,-0.010297977993368845,-0.010675312956182719,-0.010239768160802128
2018-01-31,0.0016099734570453883,0.0007209933135046937,0.0001584858245423631,0.005024781228199043,0.0011563680459345553
2018-02-01,0.0004596303959656378,-0.006331993873769487,-0.0063507657028262455,-0.01107836911884372,-0.005865897087143638
2018-02-02,-0.025482145413008084,-0.016386163820357506,-0.015778040675612608,-0.014803500540611391,-0.01419394508258405
2018-02-05,-0.04216700377766769,-0.011949038511562923,-0.011845426533904553,-0.006808638697166672,-0.010416870189952075
2018-02-06,0.028283272582025454,-0.023232209449715942,-0.02465322273471498,-0.02560253920128777,-0.024577619322954967
2018-02-07,-0.019373577794096764,0.018318931943388884,0.01743552420185852,0.02695926642066624,0.019437994742080026
2018-02-08,-0.029511882188108296,-0.023130954733169177,-0.022592286850320626,-0.02700810558915069,-0.01933170609591803
2018-02-09,0.003015459264532616,-0.014752074393191593,-0.014724696342834711,-0.013737854100022002,-0.013236636357044744
2018-02-12,0.013781500415852133,0.012906826424031766,0.012362806319808186,0.013854503507400404,0.010946619842475159
2018-02-13,-0.0029664125584016876,-0.008477878219040088,-0.008531874705750696,-0.00841628319938338,-0.006828652336978975
2018-02-14,0.018096149201698886,0.010050602619005729,0.00979036217309801,0.011765558051837561,0.00945271753588355
2018-02-15,0.006574336040833906,0.006353924381083883,0.005635186134999409,0.007281162516042097,0.005484109441517351
2018-02-16,0.0019350868940144483,0.010184948514334154,0.01000370301086763,0.01592844630551656,0.004233840617182251
2018-02-19,0.0,-0.0050007270480360595,-0.005133090875922569,-0.005732219094877611,-0.006573430559445311
2018-02-20,-0.008932940067537642,0.007259727295031607,0.00678428147338214,0.005905443074308416,0.006581042065138537
2018-02-21,-0.007307870562236363,-0.0016327878845868945,-0.001780378020757534,0.0023815791331806098,-0.0017236635747383342
2018-02-22,0.007361668684101819,0.001235574906952961,0.001536780824160377,-0.0032859959372711516,0.0011365130033761793
2018-02-23,0.007064699035836064,0.0032696051123893752,0.0032487827785172407,0.0037028525785100666,0.0038040599596613992
2018-02-26,0.008224438085218111,0.006350986631060161,0.0058153723961280246,0.004625132938079091,0.0059794425413707344
2018-02-27,-0.017754431939351334,0.0001093353640445224,-0.00018690967361281187,-0.00046876435550121314,0.0012953677441558474
2018-02-28,-0.009525792764522478,-0.005194336022417776,-0.004886377033982912,-0.0018682522418269625,-0.005216598624477667
2018-03-01,-0.009124830100842085,-0.011687346089286838,-0.011280104893261339,-0.013986728388393183,-0.01518907987447126
2018-03-02,-0.0004976488551513558,-0.02193029021202925,-0.021790907244013672,-0.024403322726671298,-0.023524946866395606
2018-03-05,0.006971925133290924,0.009050215750359369,0.007943371629543164,0.010547382434977196,0.008782398924661374
2018-03-06,0.0046986021510473375,0.001373239045760721,0.001377939045347077,-0.0007238585569937853,0.0030617197393313926
2018-03-07,0.005906941579296943,0.005462973794102022,0.0054736904780991035,0.003759916932479255,0.005135179798589437
2018-03-08,0.0007338999023382975,0.010099356466057871,0.009879602700999692,0.008094694129502877,0.010670401040896962
2018-03-09,0.0034229794473599195,0.0022724103526262592,0.0015342836528091611,0.004550609485824647,0.002781726026563284
2018-03-12,0.0012186059502907742,0.0034666517144209584,0.0033366548307321693,0.0011689298987791212,0.005398147165308096
2018-03-13,-0.008274592037619266,-0.008252812718957954,-0.008870516656691434,-0.006045348563108264,-0.008997085862924374
2018-03-14,0.0029447145138086217,-0.00038880002867319204,-0.00163034868376414,-0.003170393615292183,-0.00184328453486372
2018-03-15,0.0007338999023382975,0.007612937599268039,0.007205649258535646,0.009056331544212357,0.005231561020087835
2018-03-16,0.004335961437290425,0.006434563218850797,0.007732708567210761,0.0006814496226313099,0.007253649995374771
2018-03-19,-0.007073645807424311,-0.011054526555188108,-0.011258000512361145,-0.00884139246665282,-0.01074764379368839
2018-03-20,-0.0014733799371005052,0.005135038083479089,0.005094490618147085,0.002696379548448568,0.005468487717282254
2018-03-21,-0.0024600803223814305,-0.0039860317800725605,-0.004307074809412764,0.0010067714063638129,-0.002839014613435226
2018-03-22,-0.021455079954270095,-0.015711789613426785,-0.015769375549978253,-0.011124103947848504,-0.014647556394887542
2018-03-23,-0.011845160663492615,-0.014498158835480475,-0.014174527055372905,-0.013655643093410046,-0.01274883748147213
2018-03-26,0.02116830434167638,-0.006218790973163467,-0.0059614429039345045,-0.006280699022287407,-0.008824903314260392
2018-03-27,-0.012737173067328245,0.011285429128116043,0.011322691772358598,0.006150605247359759,0.013594610718926021
2018-03-28,0.0063241528551314374,0.005028003298753063,0.0057140833962421355,0.005542749903322534,0.0014991023916755726
2018-03-29,0.012317995318526842,0.008817928681692257,0.008798093873268444,0.005494714765957825,0.006553697713443097
2018-04-03,-0.004469799883763725,-0.004116787309559832,-0.004631716908555777,0.0012215365082672515,-0.004127701778416294
2018-04-04,0.003990669606262154,-0.0025469235592304454,-0.00217324031662998,0.005201917607136388,-0.007300985457680951
2018-04-05,0.0111804420577708,0.026321222977556125,0.025755640860848573,0.02268095948566322,0.0261532419128666
2018-04-06,-0.006142587427010682,-0.003968690041585142,-0.003323200432042712,-0.002141378374029509,-0.005992856660963056
2018-04-09,0.00988862306378091,0.0027228874418712733,0.0028112488604186527,-0.0021373259108571734,0.0031749721194427698
2018-04-10,0.010771385076870033,0.006055063433350283,0.005411860081775627,0.007207302944871947,0.003912004173397004
2018-04-11,-0.005328357296035868,-0.005280305391478068,-0.005069415336378223,0.0021948527308620672,-0.005966456006108712
2018-04-12,0.006087599000641486,0.007461162028545756,0.006823173693583006,0.006992782951919584,0.0058615415803479
2018-04-13,0.0009677518684210185,0.0014585779826532712,0.001484908255082167,0.0028558088217918425,0.0002505184460378943
2018-04-16,0.003868190103826441,-0.001645109521846147,-0.0008622021009961656,-0.003915323318909464,-0.005904732587913263
2018-04-17,0.009874906484573343,0.011171632482695242,0.01055105642330948,0.008064685323794427,0.010390543580218146
2018-04-18,0.0033392257267310654,0.004315508239862695,0.004682712497459461,0.0021999295708798683,0.0053947992675827065
2018-04-19,-0.0038033621302829834,-0.0003785206259485014,0.0005096752991248148,-0.001788180298628499,-0.0005030641812408371
2018-04-20,-0.0028632980610194814,0.0031111975708343767,0.003407524741283421,0.0003605094373920678,0.00481073754896403
2018-04-23,-0.00047843406926717513,0.005364338891828982,0.0052214433868186735,0.004530958096377788,0.004384441718149973
2018-04-24,-0.005267240573772702,-0.00020841236866317645,-0.0002731348393971506,0.0008232740340266837,0.0006233400004768693
2018-04-25,-0.0012035697498888887,-0.006053739848812767,-0.005829545618598945,-0.007461208955909306,-0.006424015146014146
2018-04-26,0.0019281473787384762,0.00648492406469035,0.0065575739345407206,0.010663440991349112,0.0071576687562547115
2018-04-27,0.002645367219556327,0.0036413583528571453,0.0033938852816968717,0.007653244078287933,0.0029768974282872373
2018-04-30,-0.0021590354854886806,0.005565348733768533,0.00563404781094124,0.0057592594252163145,0.006455753993462184
2018-05-02,-0.003845759816104466,0.006452964446917436,0.005630331722492884,0.003189867323039457,0.0040311492938150855
2018-05-03,0.0021715985292134476,-0.005690062482926083,-0.0058007821174542885,-0.0033069974781963656,-0.005037957980662818
2018-05-04,0.0016853483533156854,0.00604217897211358,0.004862775475167407,0.011183222570993762,0.005755256293930627
2018-05-07,0.0009620436027550916,0.005305961765611423,0.0043260125324240785,0.0073187194197679,0.005182808710160876
2018-05-08,-0.005043146395867115,-0.002091575022716555,-0.0020257231253561934,-0.002429515026238512,-0.0012555087163729822
2018-05-09,0.003620357729396728,0.0012003134627018232,0.0010180876361825467,0.0030878843703784666,0.0016129293631950853
2018-05-10,0.00697451596601506,0.0014790517713066333,0.0009667013871745602,0.0024524166191996974,0.0021847148885400266
2018-05-11,-0.000716851037326327,0.0002021846305382094,0.0003952965405272101,-0.005143839503681944,0.0006435780545469502
2018-05-14,0.00023927418867120132,-0.0002778230001764068,-0.0005653556016070267,-0.0029234930050668325,-0.0018274514870651427
2018-05-15,-0.007885587321615928,-0.0006694825426887031,-0.000363427565177159,-0.0019908229868353584,-9.930788066473256e-05
2018-05-16,-0.0016857545275060781,-0.0011706459240756746,-0.0025793650477108896,0.003724375124009892,0.0010701626127901437
2018-05-17,0.0033775483792348737,0.008384775543160987,0.008715733453563872,0.010864846863581697,0.007524170398493305
2018-05-18,-0.003606431358080475,-0.0038143826173748984,-0.0031717625393269107,-0.0013171899116683307,-0.0031057022833785603
2018-05-21,0.004584665333281723,0.001127928909076436,0.0011535524896383377,0.00280441953445179,0.0011605402575481786
2018-05-22,0.0009607757166638642,0.005113897516302026,0.004985710636451912,-0.0029564039571022558,0.004703394860168838
2018-05-23,-0.015358459716341644,-0.011908965661019077,-0.01201017070779242,-0.007551208921659331,-0.012047915537926376
2018-05-24,-0.003168357183834347,-0.005703076834102746,-0.005374004039376038,-0.00039557563683482707,-0.006033682190746988
2018-05-25,-0.011002636137170785,-0.0016642820369097136,-0.00141986812711894,0.005906285357985481,0.0016457517940592806
2018-05-28,0.0,-0.007807040466901826,-0.00774255137862134,-0.006426025350973782,-0.006927958419438174
2018-05-29,-0.035846775948219944,-0.015851233551329964,-0.0151642065317709,-0.007594814460493182,-0.016099694921039475
2018-05-30,0.021282220502179205,0.004495203871347137,0.004274550186051619,-3.275767380450719e-05,0.00786678539176477
2018-05-31,-0.0055234324060140505,-0.011043784049800144,-0.010098361466695273,-0.006236689886223083,-0.010989873951343359
2018-06-01,0.009593259908481588,0.013605616876805659,0.012829266683659085,0.012812891261370859,0.014760265689975774
2018-06-04,0.005251589106271881,0.005893755241339922,0.005844087160224969,0.0012134887021568144,0.0063888729486229565
2018-06-05,-0.002736356796891326,-0.004906100796502766,-0.003449461312123715,0.005315470895738237,-0.004590144431798511
2018-06-06,0.011723602387207377,0.0021913314666400048,0.0007301275505925988,0.0001040644554960126,0.0012305850855826208
2018-06-07,-0.00862909310557014,-0.00031032936511425245,-0.00019411991112781916,-0.008342488676460988,-0.002777622084806825
2018-06-08,0.0017409118690576708,-0.005935447740574721,-0.005194084058607011,-0.0009859382175035996,-0.006919422324244992
2018-06-11,0.012412676702431069,0.011019625240259966,0.010202009914098866,0.007972498317722326,0.0111278353382794
2018-06-12,-0.007356482381811746,-6.894848696892578e-06,0.0005400701288318918,-0.0029627127698124787,-0.0015610877215710595
2018-06-13,0.003211406317813914,0.0006700958712630448,0.0011013731175788485,0.006262356496548669,0.001052358128222903
2018-06-14,0.0009853786811684362,0.014224947258105173,0.014902069053129583,0.016582189602802996,0.0163225945419918
2018-06-15,-0.0025409180887504546,-0.006442100429450801,-0.005073438409379391,-0.002704935550097784,-0.005424176616927513
2018-06-18,-0.01286258941791163,-0.01164029733209861,-0.012003803619691208,-0.01369959808546126,-0.012692764753931982
2018-06-19,-0.009197915742995333,-0.0083245317358581,-0.008585576369239241,-0.007754903070522921,-0.009525614377730229
2018-06-20,-0.0023204336992320718,0.0015704329645239148,0.001315143991550209,0.004670140626962134,0.002709434390638529
2018-06-21,-0.010080614328294213,-0.010927895753880005,-0.010544305830620266,-0.0031584993272100324,-0.010814865476444587
2018-06-22,0.013577446315070851,0.009651700402866364,0.00947971854555853,0.0056087165189435614,0.008307497823376628
2018-06-25,-0.01313753989566313,-0.020024564493320598,-0.01914111729841976,-0.01805302198442024,-0.018087860047135428
2018-06-26,-0.002871279047556241,-9.695382484262917e-05,-0.00019401069389927926,0.0025615115246323747,0.00036791041254241494
2018-06-27,-0.00994776543073006,0.008010626017895565,0.008024244406835843,0.011645907298330165,0.0066006946747326455
2018-06-28,0.0015865110447905728,-0.008421305684971786,-0.00870447335427884,-0.0068538996562042325,-0.0071849704656722635
2018-06-29,0.011879738148878438,0.008296790921542901,0.008109537726824307,0.005047367370184839,0.007228711625243915
2018-07-02,-0.004696265380209619,-0.007161587747079747,-0.006897791422500483,-0.007257765741558433,-0.007004812825471497
2018-07-03,0.005767133384178003,0.010152190565564436,0.010003865840242874,0.01328030737456891,0.010415547392727797
2018-07-04,0.0,0.002578954659582799,0.003329729273739375,0.006003360187619896,0.0027346345928035663
2018-07-05,0.018764133487719103,0.009317374862531367,0.00932520547053085,0.00274820377349844,0.007039350503449254
2018-07-06,0.005883740616680289,0.0030922054859742146,0.003219220863519181,0.005383953156980102,0.0040949484401356165
2018-07-09,0.005086746871860726,0.0026720855922847384,0.002722168535121121,-0.001966223924428717,0.001945526115351981
2018-07-10,0.0017711912110096595,0.002577295699107597,0.0018128302311309274,-0.0019183351569088648,0.0031446616605945127
2018-07-11,-0.0207123490429737,-0.013722153910516507,-0.013366559119091653,-0.0108160950950454,-0.01295843186343342
2018-07-12,0.0077381806950851395,0.006786808460386804,0.006451666000338756,0.005854115795420261,0.007271437323059217
2018-07-13,0.002815545719994539,0.0016789428844694609,0.001185431573819298,0.00037814936619223944,0.0005343617276516557
2018-07-16,0.0022968024078999782,-5.316943953214821e-05,1.181935848449822e-06,-0.0038826553146763367,-0.0018443615913309227
2018-07-17,-0.0010184420130050498,0.001977069757749834,0.0014946583031863643,0.0023785180228098816,0.0011745029650840808
2018-07-18,0.0035685089148338456,0.007829943839507497,0.006442249544083682,0.0039050262226700263,0.005580440080390811
2018-07-19,-0.005588005578204047,-0.00397119295391325,-0.0037672630960567497,-0.0026205130620736285,-0.003944928425285359
2018-07-20,0.004597783408063494,-0.003823896616315608,-0.003274110985270604,-0.002431919754091013,-0.0010665348788957735
2018-07-23,-0.0007626810743183166,-0.0009209332030297626,-0.0005814525468962185,0.0006563356235710255,-0.0017723213355320562
2018-07-24,0.004834516016387402,0.007741009448077639,0.007312594153093404,-0.0004539166527007365,0.006206006822703058
2018-07-25,0.009116275808384477,-0.005675089035830966,-0.004662977280176678,-0.00402129386555782,-0.00574128092849695
2018-07-26,-0.006273601271786666,0.011909823394978666,0.01099684119053891,0.006393142808320206,0.008674813228641783
2018-07-27,0.004293179753559473,0.005721120361261019,0.006860086636153434,-0.0009792486624024346,0.002177895259889592
2018-07-30,0.0017600569051743342,-0.002528237941625295,-0.0026524585429129246,-0.006382341655572216,-0.004023726151760352
2018-07-31,0.0040160699150963985,0.004173065658967137,0.004438145841297415,0.004491033208370099,0.007468934870612748
2018-08-01,-0.00700009752403552,-0.005813491905419966,-0.0053717232819919586,-0.006842792586222409,-0.008809358629420902
2018-08-02,-0.01082575991756829,-0.010924521471075305,-0.010268739407599425,-0.010715156611927153,-0.008802519407622457
2018-08-03,-0.0015270935139567454,0.004711656685022747,0.004175471661001658,0.0007808515565546982,0.004661188076956727
2018-08-06,-0.003314249897446775,0.0005745207012214258,0.00042670122490316524,6.975398797316786e-05,0.0011540767736370255
2018-08-07,0.009719152378372398,0.0057227267711953,0.0049277221878820865,0.003906120431229766,0.004418068431152983
2018-08-08,-0.003039606945743567,-0.003962729047365576,-0.0038632369424051803,0.0006577369898611082,-0.0032258940111106233
2018-08-09,-0.006097629813940908,0.001262043628540518,0.0012381020376190904,0.0027600493089613033,0.00048217636680199634
2018-08-10,-0.030674836356314628,-0.019647820511182926,-0.018637116870221744,-0.020452139172613383,-0.017528504909364428
2018-08-13,-0.005010703035359665,-0.004018348001474326,-0.004017474098145518,-0.0008417403506637246,-0.003332806119757589
2018-08-14,0.0005300985913956335,-5.685878552186394e-05,3.997810622910183e-05,-0.0037000781098007703,0.00022961232520462752
2018-08-15,-0.01986735970857545,-0.013832284064198454,-0.012694908483078828,-0.017664441019417318,-0.015499914660172498
2018-08-16,0.007026990502893238,0.006636730870469264,0.006479340838030078,0.008684891517514637,0.0006015343265265255
2018-08-17,0.007782883193043322,-0.0014934794454401555,-0.0016097155854467074,-0.003222220255660852,0.0002029287565464344
2018-08-20,0.006924503239654101,0.005686839851493634,0.005029329522964991,0.007067962272895509,0.008128159420820513
2018-08-21,0.014281817473306813,0.005603825706456813,0.00592329007251922,0.003245360158417823,0.006710537294691063
2018-08-22,0.0059971502544067246,0.0030316709732296325,0.002880271355822053,0.004644596969389427,0.003265130687859489
2018-08-23,-0.0067389673415172435,-0.0005267300911595622,-0.0007580621443913472,-0.000625064061320055,-0.000883001614882129
2018-08-24,0.010698787339348481,0.0017889958352275668,0.0019547211636600733,0.0026939114446287472,0.0012812962453654293
2018-08-27,0.013943177438217269,0.009024803470430942,0.007756740923384453,0.008607568958089905,0.008685406468748488
2018-08-28,-0.002037122244128997,-0.0019320520328622265,-0.002447361871739496,0.002671531156138647,0.0008336800667301447
2018-08-29,0.003827624877007496,0.0009117538127688379,0.0013741793201689958,0.0018799198482590909,0.0034281611116829935
2018-08-30,-0.012963945405304766,-0.006677427419615788,-0.00716840743285542,-0.0020474642809733172,-0.0072702326072078835
2018-08-31,-0.014164319428100591,-0.009964377710787613,-0.010139123762830186,-0.01000262713081236,-0.010923147751755315
2018-09-03,0.0,-0.0004341799427712362,0.00019788781719461753,-0.0003372219363638755,-0.00013530303083438995
2018-09-04,-0.010710394198444884,-0.008422659534293388,-0.008542717576933527,-0.016013024120484765,-0.008681391971877506
2018-09-05,-0.009242241434837761,-0.01112602622046476,-0.011432114445339762,-0.018249967612767218,-0.01399071755792442
2018-09-06,-0.005064058851615427,-0.004467955511523559,-0.003135134179099905,0.006087737834764874,-0.008736403793393079
2018-09-07,-0.010715133496393303,-0.0017945607666521655,-0.0013790275215932227,0.0027596729024625065,0.0004181827506947818
2018-09-10,0.011372772878154747,0.0057237560814814795,0.005578197127461446,0.0007817110859776823,0.002981892410690783
2018-09-11,0.0010706076985447233,-8.745642248367098e-07,2.447051998268408e-07,-0.0004756362954808748,-0.0031746051975215994
2018-09-12,0.002407323186343513,0.0031915965766767702,0.002712681576215588,0.005865372772493152,0.0014807496096043817
2018-09-13,0.011739581930660714,0.002598920723667446,0.002181952259223685,0.0010220803528086689,0.0044256954827909785
2018-09-14,-0.003955386462590638,0.0027562961041037726,0.0022563681020637133,0.0010931756687052453,0.003926406392157509
2018-09-17,0.0029121436159682546,0.0016147695681796958,0.0015214279231382504,-0.00046316021245269173,0.001451082918730367
2018-09-18,0.00607174542924338,0.003982196463375243,0.004353081522683126,0.0064014834999186025,0.004974635934714652
2018-09-19,0.003673382822346527,0.0033025354054384273,0.002923234976414111,0.004952768772524358,0.0010042636913983674
2018-09-20,0.020915314175748545,0.008208799373884423,0.008289932924093487,0.009087320119246425,0.0052859186420887334
2018-09-21,0.0019738559609783213,0.009542983274866787,0.009110461423956282,0.007596736723406613,0.009535208085820899
2018-09-24,-0.004861201806909299,-0.006467670578860951,-0.006438214861919783,-0.014594212176309032,-0.006025006832706782
2018-09-25,0.0038565920527102726,0.0015901181029496655,0.0013224151626882986,0.0025598778153439554,0.0017432496807650662
2018-09-26,0.0007685586112549103,0.003849561229570311,0.004628841881022442,-0.0003959436633503549,0.0018526471611362554
2018-09-27,-0.004606793910468143,0.004571872604061501,0.004576275701034472,-0.0003974700922207057,0.004188423480012486
2018-09-28,-0.015942918977931098,-0.015428726506699192,-0.015171764383559506,-0.029362550547217276,-0.013398628231796888
2018-10-01,0.0005226001045934847,0.001640688425852276,0.003038331034701055,-0.00029181396493571285,0.0005524925592774148
2018-10-02,-0.008095826592759314,-0.006669447473855514,-0.006576226357934065,-0.0013783038986486585,-0.004400177794606591
2018-10-03,0.004739558895424878,0.0046179043874143835,0.004844884945771183,0.002965650891133588,0.004524134827619645
2018-10-04,-0.011530583181183052,-0.010569925114211554,-0.01056131924116502,-0.014971279024596334,-0.01248941213783971
2018-10-05,-0.008483644396372614,-0.008319094134189155,-0.008158191142314442,-0.0096447244439096,-0.007369718268765592
2018-10-08,-0.00855598260173196,-0.010201998011340972,-0.009941893478535425,-0.01328311660629546,-0.011168140355012353
2018-10-09,0.0005390565936349567,0.004252355925589889,0.00208177342699536,0.0035776857833633956,0.005907611428179134
2018-10-10,-0.0202154737270116,-0.01486949780336685,-0.013490582552300592,-0.010041989104079815,-0.022293194514238078
2018-10-11,-0.009353782588735426,-0.01721410667396367,-0.0170533524460748,-0.014255606370215897,-0.016367540968685767
2018-10-12,0.0002780236810528969,-0.004896673012701287,-0.005697668539399079,-0.01167592582281941,-0.0034127411404655077
2018-10-15,0.00305403826750017,0.0025067164633256387,0.005365234212353301,0.010560052892562554,-0.00160409424015773
2018-10-16,0.017159907270374086,0.015595389319621433,0.014506084713533169,0.006362221461878036,0.017181139913813454
2018-10-17,-0.010884237600912727,-0.005311473285756945,-0.0051031846737486335,-0.013001113416045028,-0.0043418379805864795
2018-10-18,-0.019807394037288928,-0.007117601488915428,-0.006019089862749041,0.0036556772722834727,-0.01111825218604648
2018-10-19,0.007858638132823836,0.0001907199909198566,-0.000672707494753166,0.004456251824144611,-0.003002978638204324
2018-10-22,-0.009189724239321406,-0.008144541480161537,-0.008045277408413756,-0.007590769008686391,-0.0045514267570037755
2018-10-23,-0.0059024910526439545,-0.010837769778555818,-0.013482272891761895,-0.015701365484201115,-0.01657980510726957
2018-10-24,-0.02798955855672125,-0.0022711293398413003,-0.003247574996078864,-0.002365446127893201,-0.001618653052556603
2018-10-25,0.015415930982091375,0.011207541968049517,0.011134923097892924,0.004165160141871725,0.01777065151409774
2018-10-26,-0.0051563578430177115,-0.008303828107925421,-0.008672993121775463,-0.009233982303950117,-0.009153475193924076
2018-10-29,-0.0011520056217442232,0.004298246743457431,0.007334715875192571,0.0054644655951352344,0.003261883209055707
2018-10-30,0.005477462408729927,-0.0027055383484706165,-0.0026271922865643846,0.003376037361233577,-0.00424042338130906
2018-10-31,0.007454025528723207,0.016071820403291304,0.013413613819681133,0.006833164677804925,0.02379654278093079
2018-11-01,0.0136598485525814,0.007112216720144325,0.005953944051187112,0.003910206326705328,-0.0016193786773730072
2018-11-02,0.0019649161187451636,0.0052865000186602595,0.00488340310955674,8.70513312018329e-05,0.0021778744936496535
2018-11-05,0.0002803855759816454,-0.0009627756147975706,0.0002898549707820271,0.004263356083136697,-0.00043162436077244797
2018-11-06,0.003361328262507568,-0.00228033270144162,-0.0027261371504260774,-0.0022887964928359258,-0.0013798076138123012
2018-11-07,0.013121163255734647,0.012354388956223991,0.012654339954138467,0.019671929826999168,0.011488481404256828
2018-11-08,-0.015431238149968829,-0.0024900031948795033,-0.001227837622941919,-0.00118991020266481,-0.0035597805247796284
2018-11-09,-0.0016791876249133697,-0.0036163728821175497,-0.002253164989246538,-0.006430232315753185,0.0015696513815104446
2018-11-12,-0.022427634845500366,-0.009558693779463303,-0.009033298851153894,-0.00512129193416742,-0.008515824116387207
2018-11-13,0.008029717195084496,0.010213719895404164,0.010545611545114835,0.007061386066295489,0.006222693547464687
2018-11-14,0.0031295625470584287,-0.005244782310253965,-0.004285994528522044,-0.008107244965944994,-0.007880795319390115
2018-11-15,0.0053882497797432816,-0.00571137996386471,-0.005902263985932674,-0.005144201378343483,-0.0030615354143988995
2018-11-16,-0.0008462582706707522,-0.0027851130203239613,-0.0017396490416073983,-8.129199485291231e-05,-0.003015909884744605
2018-11-19,-0.009598786549828042,-0.005723955474472039,-0.005603661904437399,-0.004931100414728932,-0.005630118246484075
2018-11-20,-0.019384697850720722,-0.014994309425681631,-0.01480228291608237,-0.012309640250444037,-0.01627648642448858
2018-11-21,0.013081401961565264,0.012276160584897677,0.010827907023799975,0.010282388137861868,0.005948716379956549
2018-11-22,0.0,-0.008326226928529173,-0.008242895732596178,-0.009719088932924634,-0.006980140761923232
2018-11-23,-0.00946897503276789,0.0038773145978280824,0.003665232428688212,0.0049637583417922685,0.0037214961331649855
2018-11-26,0.015063590110869551,0.01305782115524841,0.013839850893661172,0.012568969556375362,0.010602877681716957
2018-11-27,-0.004851241892458891,-0.0016905365645560216,-0.0008513181385769093,0.003209695015286648,-0.002466978446481644
2018-11-28,0.015485945365607767,6.644363059386439e-05,-0.0008970640259267601,-5.225205502812163e-05,0.0008633504676472746
2018-11-29,-0.004235938607420997,0.00223187410949293,0.0023140173697053794,-0.004234507509629045,0.00482212764689763
2018-11-30,-0.005104908729666846,-0.0010480971714295988,-0.0004036986658343019,0.004374646211580595,0.0007018555914076285
2018-12-03,0.013112817601749871,0.014264492527325659,0.012820076521047582,0.0009970884420558979,0.018163077254643844
2018-12-04,-0.02560501976009988,-0.008957559798653482,-0.007645255471133732,-0.003462296798483726,-0.003784236494311135
2018-12-05,0.0,-0.011093706837689045,-0.01107266102350642,-0.004866249711252666,-0.010402087710564315
2018-12-06,-0.01328334899475403,-0.03238217379846902,-0.030778049271931472,-0.020589175408274582,-0.032953644594174124
2018-12-07,-0.01199890704622264,0.00033325584135767805,0.0016838993500915102,0.007038164942311338,-0.0020250579921454546
2018-12-10,-0.0038506922500294305,-0.014051749299276281,-0.012929029680799758,-0.008417618706984075,-0.010218364988692715
2018-12-11,0.002081534211849645,0.011549806911471418,0.011309081970829377,0.008088416563887342,0.017979810238932168
2018-12-12,0.01958461197968453,0.01812106303873215,0.01713226986533754,0.006568444960116834,0.021183765485703214
2018-12-13,-0.0005823412197307754,0.001535280364568195,0.0016185937982024742,0.004729022974354728,0.00027065801918630956
2018-12-14,-0.01456041528538532,-0.00673526574355819,-0.00613501854226929,-0.0032387792041394673,-0.0028151532317690084
2018-12-17,-0.006796383232656633,-0.009395535393741519,-0.00936855546318954,-0.002605211643776624,-0.012321535111000786
2018-12-18,0.0020828423455352407,-0.005367464242553306,-0.005630593798174093,-0.009905092293769626,-0.0046870748985786154
2018-12-19,-0.008313567033418123,0.004966603496148853,0.005502285557404478,0.009790865551452078,0.009072666621263081
2018-12-20,-0.00479053524849371,-0.017979906137967787,-0.016574680281972332,-0.01482224167981124,-0.015488899213789565
2018-12-21,-0.01377002417338502,0.0007076986199102479,-3.4667979184493056e-05,-0.0019735493471824224,0.0062128290395268996
2018-12-24,-0.017758521277077666,-0.00819927873641007,-0.007644690962706396,-0.008451906120040082,-0.008663086917340374
2018-12-27,0.02805496840101851,-0.006907740966166034,-0.007927232530516337,-0.014260483172929278,-0.004047004309935683
2018-12-28,0.004548227682911632,0.015888095554208993,0.015226443934989531,0.018974241238307692,0.015996450960192386
2018-12-31,0.004225867563727004,0.0080626961855546,0.004855701107010841,0.01097160039620729,0.005415822450798872
2019-01-02,-0.004508792141177831,-0.004375330392359074,-0.0037651470504226864,-0.012816229225365707,-0.005066867701168928
2019-01-03,-0.013284938529694479,-0.012783545869628935,-0.010648931870006857,-0.01880950940684384,-0.009415050993379526
2019-01-04,0.03365954646244096,0.030996013750685194,0.027770914435620107,0.015225538396289522,0.030074639527139048
2019-01-07,0.000888433588108084,-0.00114963426287228,-0.0014956436805843762,0.00400388343717281,0.001093961019902676
2019-01-08,0.006506872675189124,0.007068818918567019,0.0055674105882439675,0.004704641270421819,0.0027194370184068
2019-01-09,0.012929750770454218,0.005377547607407876,0.003807304960244565,0.005469575116411698,0.004619142890816668
2019-01-10,-0.0008705142170823965,0.0014625359173683168,0.0024769010444472754,0.003952959825738239,0.003732746811462159
2019-01-11,-0.008420207768868426,-0.002087414132797022,-0.0014137504331609549,-0.005872932654991462,0.000128471752774559
2019-01-14,-0.003513935464614093,-0.003990415749593506,-0.003863833392256789,-0.0023871732024030633,-0.003215432471129461
2019-01-15,0.0011753510683436552,0.0037613565616167136,0.003212476377445939,0.0027121361387706603,0.003943987191800968
2019-01-16,-0.0008804613535523531,0.00435590471987368,0.0037124893279928154,0.005903268629829354,0.002843711958295721
2019-01-17,0.0017625428637486618,-0.003492584408827098,-0.002093483538841397,-0.008343863554160919,-0.0014613272055239099
2019-01-18,0.014662651728052367,0.021500349884761513,0.019116852880811216,0.02154733200087782,0.019141527215535168
2019-01-21,0.0,-0.002672939978221016,-0.0027648545180795864,-0.004540293834773322,-0.002506705111966964
2019-01-22,-0.012138586262360085,-0.0038731305662065975,-0.0033353073688911126,-0.004077508178132009,-0.002756503417878578
2019-01-23,0.006436300155508334,0.0006458799386077119,0.0009331524657131014,0.0031746114865042903,-0.0006622654756115637
2019-01-24,0.000872353477764598,0.0048547641105499365,0.003812932533109344,0.0003254495601246155,-0.00017497215800794816
2019-01-25,0.015684012710727613,0.01287521971197151,0.00984234596592316,0.012614771057856536,0.011685656577476326
2019-01-28,-0.0020016919118043264,-0.008404695651392135,-0.006990718413698565,-0.012151777633935207,-0.008622698009902815
2019-01-29,0.004584272456043426,0.005142847322449128,0.006260870542269019,0.003690666558339373,0.00615321077870325
2019-01-30,0.0077011930204844425,0.0030016467727275132,0.0016705578437480866,0.004627367234292456,0.004255628443130462
2019-01-31,-0.002264271994561806,-0.0003946672732696178,0.0005231666456458957,-0.002164445694173488,1.0672848601006748e-05
2019-02-01,0.0022694105573308754,0.0025441820102803997,0.0025059453518244397,0.0037183717424696876,0.005175192838522994
2019-02-04,-0.0005660844660733133,-0.0033850403966293194,-0.002821193218885541,-0.002494861611552686,-0.0063313762016735655
2019-02-05,0.009345684136821575,0.015230364547001482,0.013979075216374695,0.015818217225327422,0.01753390545723084
2019-02-06,-0.004208639719505802,0.00038456646499337776,-0.0010444364147185515,-0.0025179739712438845,-0.003259699459497503
2019-02-07,-0.017751466485790734,-0.020385321351617174,-0.01814287593373428,-0.01810328962119732,-0.017285558276318697
2019-02-08,-0.004016083560493544,-0.006611879044000363,-0.0066327893594342185,-0.003033240885348206,-0.0026964991601301147
2019-02-11,-0.0005759630439909902,0.00979302777279296,0.009304452986901532,0.012471118152220281,0.008965020072013781
2019-02-12,0.012679897687355668,0.008273050912632494,0.007018608649315662,0.012390606599342076,0.007966868643188059
2019-02-13,0.0,0.003883142936761576,0.0032760994856599578,0.006516034221727061,0.006638138406964505
2019-02-14,-0.003130365539117941,-0.005574505177244101,-0.00443820693315319,-0.0007931468667595635,-0.00817557398406587
2019-02-15,0.01769944074651475,0.019020359241076847,0.018046496808739324,0.012975499185744662,0.019640033963288735
2019-02-18,0.0,0.001134828243435204,0.0011438695136350703,0.000665557525380177,0.0012385458125339706
2019-02-19,0.004207262255182753,-0.0012625323610748337,-0.0003999862073824828,-0.0030326602491620165,-0.0017829093446663123
2019-02-20,0.00419015540023282,0.007353597280109468,0.007308682773078543,0.009273718246067953,0.011246771192885571
2019-02-21,-0.0008346766660423111,0.0014834008107741873,0.0027107176245838856,0.003791441610995906,0.0021423031249774185
2019-02-22,0.003897699022300305,0.002316985595840437,0.0024367646570374155,0.0027514009388559762,0.0018500986236551825
2019-02-25,0.0022184984800097673,0.004112580432572967,0.0023116672847738238,0.0010344749350505165,0.0038176507550266962
2019-02-26,0.007747492343785245,0.00266660232774238,0.0026706249556802493,0.00016769725638183397,0.0019306242890407379
2019-02-27,-0.004667838477235731,-0.0013886951173944573,-0.0033668854844561683,-0.007056991247903654,-0.0034969307848317344
2019-02-28,0.004965780851721613,0.005246914870446989,0.0035040636211287604,0.005693980468875585,0.003479488293814487
2019-03-01,0.007136635152990456,0.004057376069278724,0.003019586186433543,0.003195728211879821,0.0024679048663268427
2019-03-04,-0.004360811205265214,0.0008097481437961876,0.0009084276640894626,0.0007555737172483029,0.0007387468771518103
2019-03-05,0.0008214244623949707,0.0018097978233138174,0.003001176035596868,-0.007050957873419113,0.000898936227121757
2019-03-06,-0.002188030871515312,-0.0005366114794114218,0.00039383229502552554,-0.0007789351167443477,0.00011911182763917992
2019-03-07,-0.016721547991463304,-0.005774076231907402,-0.002149039037769615,-0.0066798002660617495,-0.004464664516019677
2019-03-08,0.0039026773960342265,-0.009315344629642097,-0.007643868638908787,-0.008247766636014552,-0.008832121565331624
2019-03-11,0.006942694608746747,0.007308078189010429,0.006179685962911003,0.006865538693329279,0.0069589830801742155
2019-03-12,-0.0002759111292752747,-0.0009200358983567466,-0.000349017907905966,0.0018911975149754684,-0.0005351917236525342
2019-03-13,0.01131059931738232,0.004818986656924275,0.004840708094859547,0.007401261999114308,0.004910560499755647
2019-03-14,0.002182316142182117,0.005284974435989124,0.00605382870779673,0.006764395662515719,0.005944907863200522
2019-03-15,0.014516227722851438,0.013331407143485258,0.013513561697432553,0.008253370747378287,0.013482196548393884
2019-03-18,0.004303613908098303,0.0009621281836279159,0.0011257086491815523,0.007619106003926355,0.00115537785091992
2019-03-19,0.0032133973347869826,0.007252750431575885,0.006467182410837707,0.003933171361116877,0.0065588125293538
2019-03-20,0.00026727136632564985,-0.010622686406531823,-0.00949969974727238,-0.010790724414274134,-0.011836954389536044
2019-03-21,-0.004003352854479836,-0.0029440012525861936,-0.0014522524046272998,-0.007674241985379137,-0.004779244236202067
2019-03-22,-0.030278568251865257,-0.01893677996617141,-0.01747773517671672,-0.01757505296241747,-0.01958098153773231
2019-03-25,0.0019341162506947285,-0.0014129128232573738,-0.0008916250821048011,-0.002290729093831568,-0.0037225938423470547
2019-03-26,0.001930574724976486,0.00544775804172877,0.005964291399238487,0.009021954057486055,0.004856338861209925
2019-03-27,0.0027525858006596238,0.0018557715184133543,0.0016053986012901599,0.001333267516848614,0.0020476288415242957
2019-03-28,-0.003019475508705738,-0.0018717926903131967,-0.001285721887688799,0.0011809515622829368,-0.002677659758590871
2019-03-29,0.0071585397685860475,0.010653153230516256,0.00950071886884709,0.006833678059467286,0.01017638976429712
2019-04-01,0.0117548651735353,0.010319113128963671,0.008830367044743923,0.0019202290237657015,0.009900740526631155
2019-04-02,0.003242552281349509,0.002610370560539883,0.002001990237415648,-0.0026189097688668435,0.0007973620976507331
2019-04-03,0.01050396867721548,0.012437997860560334,0.011860435185475273,0.011631275343077098,0.012607346642941317
2019-04-04,0.0015986499546833954,0.0023091305429045533,0.001475040358177053,0.0010349900739559485,0.0009432962623720575
2019-04-05,0.0007988213123453214,0.0005385470703277204,0.0006061842537916742,0.0008890935004077137,0.0008294936872352578
2019-04-08,0.0005313612377499943,-0.002192581899686704,-0.0021276898350070994,-0.003552572397968422,-0.0017766470745665553
2019-04-09,-0.005580740701351283,-0.0045581319855283855,-0.004199940075147605,-0.007858688451060475,-0.003821594078947047
2019-04-10,0.004543196752690104,0.0012299175290400519,0.0017274748886669,-0.0013802693065198754,-0.0005287708212560795
2019-04-11,0.001330005756132957,0.0031864302043436987,0.0014814070383890625,0.0060268635100718185,-0.001500577644524357
2019-04-12,0.007970668590846719,0.005388765117730217,0.002669967830619117,0.0004329754159546034,0.0008298656580308879
2019-04-15,0.0002633391626083448,0.001637801672095257,0.0019144364268814317,0.002820352741769212,0.001704042208226639
2019-04-16,0.0007906046923931154,0.004969799723094884,0.0034697090824430334,0.008696529340106495,0.003758793744656264
2019-04-17,0.008161885234253763,0.004657215585124886,0.003341154084576123,0.007780074848944586,7.22577780854493e-05
2019-04-18,0.0005228343222059006,0.00500284795488963,0.004852272442091791,0.009970191515238666,0.005141873807858968
2019-04-23,-0.0007833569134186869,0.0008036879268937947,0.001487535174658568,-0.006582828985537554,0.0019172640924932205
2019-04-24,-0.007575920664167901,-0.0045588873770358385,-0.004725463944000889,-0.011958810604785082,-0.0008408835768833059
2019-04-25,-0.0010527650434831726,-0.0028312940018876886,-0.0013333186622021872,-0.005957858748341397,-0.003521169361453941
2019-04-26,0.001053874525744014,0.003977809850568571,0.0037706188151139406,0.002034777586774806,0.0037017306313111347
2019-04-29,0.005791338167697502,0.002435744735780082,0.0014327153679522568,0.0020035985599972522,0.0013181550177064545
2019-04-30,0.008897979879167073,0.0027745350876035614,0.0034361492606710528,6.934799787969523e-05,0.003741466292675799
2019-05-02,-0.011673409721705386,-0.005184234776217966,-0.005358905657396671,-0.002073818312710715,-0.00669801045468211
2019-05-03,0.00892385659317485,0.0037162777785635847,0.004435013876487319,0.0031161404489515603,0.006398127117071699
2019-05-06,-0.00858434749000947,-0.009762611199429576,-0.009445839647354473,-0.008078772205912499,-0.011540565979659618
2019-05-07,-0.024140756502915695,-0.01618699210234975,-0.015304659071459692,-0.020551072336275487,-0.014756775667356954
2019-05-08,0.006722239661301366,0.003589883221194873,0.002640231219984061,0.007188060643704569,0.0030531714867958553
2019-05-09,-0.0042736025756070495,-0.016493535406363675,-0.015425074013162753,-0.016977148608850644,-0.01692229486320053
2019-05-10,0.006438072631855585,0.0027610966751500992,0.0027567563544831095,0.009984310897372305,0.0015621264257814178
2019-05-13,-0.022122174869252276,-0.01249211701543474,-0.011297821089440375,-0.013220041560492526,-0.011842247548472958
2019-05-14,0.009812247065126511,0.01238218866686482,0.012436320776825325,0.009797648425234137,0.014080081911787926
2019-05-15,0.007017494835230842,0.006670970882477259,0.006305842431772733,0.007129165199037813,0.0047012983594583
2019-05-16,0.011525557064962166,0.014145181410855244,0.01415462848403616,0.015312286233636244,0.01623933659662476
2019-05-17,-0.00477020642477366,-0.0034259113477909647,-0.003623005189581583,-0.0037846827339771513,-0.0011314003771738333
2019-05-20,-0.010915540529265355,-0.012695350120263085,-0.011047129695649876,-0.01283289552198623,-0.01314567306611066
2019-05-21,0.005922285823118045,0.00485352603172133,0.004083698225554296,0.005443178598576833,0.00348058054928938
2019-05-22,-0.0026766641844317984,-0.0003288858586865043,-0.0013872775257128727,0.009728853233106412,-0.00390904179716534
2019-05-23,-0.012073703235553457,-0.016222078083855396,-0.015409148487390873,-0.012255717656628213,-0.016632581094418352
2019-05-24,0.012493239115014543,0.007045190642044649,0.007514465418003318,0.010542511884935936,0.00540305736956333
2019-05-27,0.0,0.005147811862298236,0.0047434135758574955,0.004521105925712784,0.004182626694894618
2019-05-28,-0.011534145888881575,-0.003986343000567852,-0.0037877398454434453,-0.0038095563607223747,-0.005050026319608739
2019-05-29,-0.009498194134878624,-0.013942555161241483,-0.012978836468189977,-0.013926590141505381,-0.012097634339092006
2019-05-30,0.004931501726575638,0.0056424568914964,0.005311572836529746,0.0023132283686153753,0.006021937477767099
2019-05-31,-0.010632517926386198,-0.01147946902608288,-0.011062295946683481,-0.009804006329736954,-0.011605981667205088
2019-06-03,0.008266859709528562,0.006363013325408332,0.005997088897097042,0.009006275271844047,0.0047157256208520204
2019-06-04,0.018037694815123073,0.01123752277037732,0.010760846441381164,0.00180061176082075,0.01236515995914015
2019-06-05,-0.0016106741468353558,0.0011386697710504185,0.0017900693247651824,0.005346403802125691,0.0016657488894952048
2019-06-06,0.003495382361399013,-0.0016412044600675568,-0.0012391592348712907,0.004578739931687169,0.00027302019468457007
2019-06-07,0.016077092216447708,0.010479247649587005,0.010442989286307817,0.01531000365842196,0.011718695457600199
2019-06-10,0.0002636618238065491,0.002733977583926782,0.002480014911133188,-0.004807749356709071,0.0012018946221129794
2019-06-11,0.006064337090702088,0.003524979423886524,0.00322440291468428,-0.0008847488918035667,0.004187087542195437
2019-06-12,-0.007861806716644049,-0.0047154413126154135,-0.003986413509625397,-0.0032458198982807662,-0.005250633349477473
2019-06-13,0.001056195732088705,-0.0008504555946689553,0.0006702559424122838,-4.946259360785307e-06,0.0026718076934858777
2019-06-14,-0.007651207962807938,-0.002323491612485665,-0.0028520955419894527,0.0021129870524285088,-0.0028716117559705353
2019-06-17,0.00026558803647791507,0.001223181397330605,0.0007856799568069612,0.00047703750493061986,0.0007584170248761163
2019-06-18,0.01913879642877392,0.021114823901427025,0.02116136611137409,0.021519074295299357,0.02098462919150368
2019-06-19,0.004433875191538705,0.0029014628562840823,0.0017982555651357359,-0.008565767593210347,0.0003110922619239189
2019-06-20,0.009867938621113126,0.002455305874657979,0.0030834033866316258,0.005170154402090001,0.0024704413495175324
2019-06-21,-7.920880964318311e-05,0.0004315263921440435,1.9658508661462093e-05,0.003210768183673704,-0.0005902728704625758
2019-06-24,0.0015760637923192267,-0.0034781529411423303,-0.0038170317312130222,-0.0019744891525926432,-0.004869873560391378
2019-06-25,-0.007080828753299961,-0.004036916054865858,-0.004074934240852626,-0.004628890456247579,-0.003937092595451266
2019-06-26,0.0018485595389718945,-0.0010316062127723848,-3.083628509452793e-05,-0.00620887364127225,0.0013495091811914664
2019-06-27,0.001845627993438681,0.0008001508066334558,0.00017091518680643157,-0.0029405839198199677,5.5791804952603604e-05
2019-06-28,0.007894954972346824,0.00768269236119297,0.0077018736171392795,0.008402124360219086,0.00748715863128827
2019-07-01,0.0010442014422298307,0.005256073730771296,0.006026696528885473,0.002533173389337777,0.006994060227921676
2019-07-02,0.003390737106556685,0.002553921455857386,0.003489211527688946,0.003635825279343395,0.004567295097132181
2019-07-03,0.008318233975304068,0.010661668807570216,0.010420671662356574,0.006995078221402576,0.009659111274498382
2019-07-04,0.0,0.0023768434806032885,0.0025924322191857815,-0.0005982043061777618,-0.00019812347719649128
2019-07-05,-0.007218249188777448,-0.0039943180193510895,-0.004267171550564441,-0.00991679976425705,-0.0036847484175655397
2019-07-08,-0.005193716600230047,-0.001760292193489764,-0.0011724895356184377,-0.002220586281413814,-0.0012425779056336366
2019-07-09,-0.0020878582819030544,-0.0044722344057092495,-0.00399200961780389,-0.004513701967588176,-0.0036014791216280534
2019-07-10,0.0018309062926704645,-0.0016749523450411649,-0.0018646221106843248,-0.0027548565454031107,-0.00018282199084256444
2019-07-11,-0.0007834774317082571,-0.00041033500458104903,-0.0008734005089817543,0.003299112932006018,-0.0018316343767790246
2019-07-12,0.0002617598026017909,0.0007871558152336263,0.0007779979948793459,0.001384901341224257,0.0012582746235976694
2019-07-15,0.0010443905151389377,0.0015395401216231014,0.001351377024170204,-0.0013405670065599134,0.000929610443582286
2019-07-16,-0.0018263696319256173,0.005917465856833461,0.005365432968853425,0.0049560084931563105,0.007090197847759935
2019-07-17,-0.003660254517389494,-0.006034382696512733,-0.006256111421876109,-0.002871214716362612,-0.006178297475183568
2019-07-18,0.001836552438408079,-0.003986415453443723,-0.004349136428732113,0.0014618157970010493,-0.0073017553036175
2019-07-19,-0.00785725841656515,-0.0014891373889590984,-0.001604892012560767,-0.008440465129529574,0.0010682696673349245
2019-07-22,0.0034319123210118097,0.0036986729732261378,0.003176516607143713,0.003684036388795143,0.0051651689561643096
2019-07-23,0.008944566075364424,0.01259982864345454,0.01177969778068482,0.01066308111840438,0.008684558008329527
2019-07-24,0.0002610953060682153,0.0011549544100258999,0.00038573883374355564,0.0025377247511828953,-0.0026177407561239117
2019-07-25,-0.010427697078166598,-0.004597234080988515,-0.003629830306345178,-0.001821289728421593,-0.006392289598233302
2019-07-26,0.0034249199686580134,0.003796537185020311,0.004670193871289309,0.006304811981466703,-0.0015467081979389547
2019-07-29,0.0018377553538451163,0.0001234433260834851,0.0007976082460343421,-0.003928121117168019,0.0003514047245833179
2019-07-30,-0.018344139814832183,-0.018224572667534477,-0.017881676619523414,-0.01311517449933766,-0.017509162087700897
2019-07-31,-0.008275456562740757,0.002071233066649601,0.002164016504167334,0.001987069609882517,-0.0002294951502013163
2019-08-01,-0.004306714252060306,0.007864689020387181,0.0069717820464754165,0.018995352620939678,0.006389844871380569
2019-08-02,-0.011894967699396797,-0.03133339667618813,-0.029699538174961824,-0.039765946336522445,-0.028038710622382654
2019-08-05,-0.018878542781234908,-0.0179271415184799,-0.016600291934424048,-0.019449996972609667,-0.015124435559573208
2019-08-06,0.004740738825444568,-0.004794710786003687,-0.0049775057966247715,-0.001973345895976604,-0.0039687263411502865
2019-08-07,0.0069384124827971405,0.004061732278759841,0.003363303417855313,0.0029177742322212233,0.0014128130402433286
2019-08-08,0.009096537591659848,0.01957756940660469,0.018391275769009025,0.019095244223500188,0.016665903732193715
2019-08-09,-0.005190315607167761,-0.012741560660829846,-0.012709109875845066,-0.0022696083164778853,-0.013277266525095373
2019-08-12,-0.007962279852028797,-0.003575149290769719,-0.002632764396290952,-0.0028795185687970665,-0.005598527333847834
2019-08-13,0.011901339836371427,0.009006121621949139,0.00888367630704571,0.008509792078539923,0.0086675769395817
2019-08-14,-0.030087981789497786,-0.02149707404568921,-0.019830536989491998,-0.016660869201769672,-0.02360090612414615
2019-08-15,0.0,-0.002320772477688665,-0.0012441626201584565,-0.0017448991083194438,-0.000775855089496579
2019-08-16,0.011844675724788534,0.01503530352286279,0.014690682765102884,0.014700567589639398,0.012946152014621404
2019-08-19,0.008361245003309037,0.010969470350061258,0.011281916268551502,0.009679177265573593,0.014042288027913557
2019-08-20,-0.004145988544873136,-0.006030654598748133,-0.006556707198085614,-0.005137833593966325,-0.006561050417783006
2019-08-21,0.013322397852481016,0.011728623768315906,0.011134516889614919,0.009347197537446396,0.012168940822466499
2019-08-22,-0.003560753690893592,-0.004194247724333921,-0.0037376216625970757,-0.005691797400965344,-0.0018429871254498067
2019-08-23,-0.015118176206289968,-0.01132252483836668,-0.01106565958076184,-0.008302129719145972,-0.011361181236803188
2019-08-26,0.010047634182468457,0.0038699757078073617,0.0044970698817430625,0.005320918785969873,0.0039784121434260885
2019-08-27,0.00027617627355702723,0.004963457937493421,0.0054322798175748714,0.00908065762690077,0.006214642698111318
2019-08-28,-0.0002761000212819775,-0.0011656167881579954,-0.0006624063046538324,-0.0011638218560508058,0.0012552329810818993
2019-08-29,0.01326299190209479,0.012916962631907739,0.012667205284973074,0.011236568806667836,0.012559120506723758
2019-08-30,-0.00027243734746684733,0.004957860390945136,0.0041124189053970165,-2.372501643988689e-05,0.004414425254162478
2019-09-02,0.0,0.0007899022099898926,0.0018067206139497072,0.002005534706967561,0.002373752429374534
2019-09-03,-0.0043645247933473685,-0.003430836186953327,-0.0029664056977776083,0.0024659913641814795,-0.001644177938222655
2019-09-04,0.014520561523559516,0.008458159776801706,0.007091494917100953,0.00651564112983604,0.006488203352923676
2019-09-05,0.008371857699592145,0.010910384830934662,0.008231237334257882,-0.005636819877279846,0.00784861664612048
2019-09-06,0.000535462817469412,0.003262401728684223,0.0026639987256888123,0.004341571741328681,0.003219737330797727
2019-09-09,0.003479375579855448,0.0021212117763177566,-0.0005334793493252151,0.001410692082426757,-0.003368248550800713
2019-09-10,0.0010672474393729203,0.003621695301275506,0.003176098309584314,0.0048647928974854485,0.0035198566281836033
2019-09-11,0.0039966697849840305,0.004250903082967167,0.00423079008216048,2.6718004301011056e-05,0.004349812496546098
2019-09-12,0.009553956692211596,0.006502082374866816,0.0069281257257079835,0.00312689158148491,0.005892043424083904
2019-09-13,0.0026288845856101695,0.004664184667256511,0.0034264754312234584,0.016161659551556583,0.0009787975745678523
2019-09-16,-0.012323015264205428,-0.008547667439078643,-0.007116236290725732,-0.01060631869664576,-0.004075561904061103
2019-09-17,0.006636341824783676,-0.0015691194630895998,-0.0008199639996436119,-0.013618885102232517,-0.0008587503385026797
2019-09-18,-0.0002636964537381381,0.001989998317080005,0.0021955710286905446,0.001339478466113245,0.0019839963969289246
2019-09-19,0.003429317783607777,0.007858139694759115,0.006901517302107438,0.013563438252190278,0.010502387487750184
2019-09-20,-0.0007104512201635549,0.005635915553552025,0.005545366968499543,0.0068820420508607415,0.004586876057454452
2019-09-23,-0.005005271192291438,-0.01075042813276593,-0.009137876331819414,-0.019254860542661355,-0.00958220754508639
2019-09-24,-0.003971689313565396,-0.0015766079031099185,-0.0011754228750762354,-0.009049156000154388,-0.0022449744172863043
2019-09-25,-0.0063795839799897225,-0.0050036600165978195,-0.005733169037893486,0.0001944942256963174,-0.008750724214501286
2019-09-26,0.005082996740551016,0.004929310222118375,0.005493643012424068,0.002924008458638171,0.007072104138231067
2019-09-27,-0.0018628912071535497,0.004939316281356648,0.004442474912527622,0.004900112504432279,0.004304337136573822
2019-09-30,0.006399875284978096,0.006422104618700331,0.005941070792479225,0.003766843909484745,0.005905774870283053
2019-10-01,-0.010863795070831905,-0.014157546689982939,-0.013111094601901298,-0.014340886513729636,-0.014269111286871772
2019-10-02,-0.025448957548655393,-0.029093712135561167,-0.027447814820357366,-0.03206447511322877,-0.02826526010353229
2019-10-03,0.0074218303342985514,0.000664070464262354,0.0005195566235887762,-0.0012957099615996588,0.0014144543448311425
2019-10-04,0.00791292721153436,0.01038018778831149,0.01097838550901821,0.013619084803396523,0.010679776143513727
2019-10-07,0.00027043775591217845,0.007489506324328288,0.006184739175343555,0.005730813767153611,0.00732817082166598
2019-10-08,-0.010825395236312652,-0.011854586235562342,-0.01005801924806183,-0.011334834353376434,-0.012312753393576473
2019-10-09,0.011764458249839294,0.006563635506290114,0.007450641405479475,0.004230125669231228,0.006823680942480718
2019-10-10,0.010005688272015423,0.009806322901895875,0.008762921417794818,0.002981470378448238,0.01146403242835952
2019-10-11,0.02034825309289312,0.019537129805756583,0.02075676902200136,0.015790087184599764,0.02054917360864155
2019-10-14,-0.0002627306455884604,-0.004346336646617086,-0.0026522207108533227,-0.004835361526232496,-0.003189351279872972
2019-10-15,0.013386106116275664,0.011216083877477282,0.01191693165350581,0.012204663879608507,0.01180378861989904
2019-10-16,0.0018128293916059857,4.225313236381424e-05,0.0006181395295870043,-0.0030604662944379974,0.0011485267279405726
2019-10-17,0.002327149700428688,-0.0037978099792110704,-0.0016115288131678257,-0.0053512380670903935,-0.001611056028904517
2019-10-18,0.001546972580279693,-0.003177220946769756,-0.002094394838890948,0.00018805027912207023,-0.002595109939709585
2019-10-21,0.004378111243884986,0.004389998165341228,0.003297060198921783,0.010410779555369423,0.00459259553600938
2019-10-22,-0.005640840387341806,0.0009115272664882839,0.001689922347015163,0.0012352055625028128,0.0002168539176825886
2019-10-23,0.0064467123007896365,-0.00034567472366949247,0.0011990547558328958,0.0034603651575015786,0.000873303520492162
2019-10-24,0.0002561888266319201,-0.002906409799431366,0.0006950327126476495,0.00876003988771489,0.0026885488281337497
2019-10-25,-0.001024841626218409,0.0007842653429705216,-0.00018346773768163953,0.003582866925934602,-0.002507821193744094
2019-10-28,0.0025640924181211666,-0.0019975843063300756,0.0005379930107729327,0.003393778229956556,0.0007459613541585221
2019-10-29,-0.0007673068319561382,-0.002703150305577347,-0.002105891543186768,-0.0024562623494689914,0.0009801492969200988
2019-10-30,0.005119345682867538,-0.0011882297503433158,-0.0001932928719996537,-0.007228171367540551,0.0010538797325843432
2019-10-31,-0.0025464623625304217,-0.0024316843218100204,-0.002701853256936765,-0.00654149819527961,-0.0030323231474847956
2019-11-01,0.00638229259403067,0.004618820032985184,0.00492818250274517,0.008536933447533885,0.005799846813285341
2019-11-04,0.005834623865147659,0.010817964147331348,0.010030143271068713,0.018025076183239508,0.011049711976664149
2019-11-05,-0.0010089604479261993,0.002667497718584511,0.0020344541517328288,0.0060653166100884835,0.0018407504097815133
2019-11-06,0.0015149692159079908,0.0038022758135206505,0.003746158669784559,0.007873652539161263,0.005272388618410417
2019-11-07,0.002521014845200842,0.005045055617078418,0.0032518933632361144,0.017996669036885304,0.0016733409824812157
2019-11-08,0.0,-0.0025527482412150697,-0.001983974860298916,-0.006027194603592047,-0.002727325480360097
2019-11-11,-0.00025187838850326827,-0.000169225972037632,-4.240604716680913e-05,-0.0004301865906344994,-0.00048475658387264113
2019-11-12,-0.0002515993798143379,0.003968867174058059,0.004047488599717984,0.008854219387560064,0.002420115873674778
2019-11-13,-0.0027668052790703612,-0.0047834191948234635,-0.004212294644359512,-0.006227205445765747,-0.005998529620603766
2019-11-14,-0.00025247543288087204,-0.0031191436928863516,-0.0021601380327046886,-0.0043324176250469845,-0.007810874405223107
2019-11-15,0.007317451958570365,0.007046402137672805,0.00691814905909606,0.006006504006880781,0.0053826784973155595
2019-11-18,-0.00025047727689020416,-0.0020696940680463103,-0.00137302044584117,-0.0070589660250823865,-0.002499601657135547
2019-11-19,-0.00100204639914947,-0.001306412131645276,-0.0018173975823934335,0.0030152656886756,-0.0011510341463890537
2019-11-20,-0.006019561268847062,-0.003474786028118372,-0.0030368255633169724,-0.005478980346393868,-0.0034098976337216657
2019-11-21,0.0015138607939833015,-0.0010648801374676714,-0.0013785559599879817,-0.00474209109199464,5.498033627544639e-05
2019-11-22,-0.001259415022135002,0.0028025097767882643,0.002257986512539167,0.0018549964655334493,0.002598721051356943
2019-11-25,0.003279547096858959,0.00554279041136954,0.005332310887659124,0.004763479798252224,0.004886835687231726
2019-11-26,0.0007542656409689208,-0.0010075097594637323,-0.0010558079200998663,0.0008926877040755958,-0.0007679925710911401
2019-11-27,0.0,0.0026823996668714745,0.0024613464484911974,0.001188867601437208,0.003085951564965069
2019-11-28,0.0,-0.0024151303444000798,-0.0021445194722870746,-0.003680575686783801,-0.0037702471659936923
2019-11-29,-0.002010429280079551,-0.0003687914069201743,0.00010182443548962649,-0.0019460168594321234,-0.0015021183144304565
2019-12-02,-0.012084361532119337,-0.01956479385479184,-0.020226242399349625,-0.015166219488403226,-0.02016039372394814
2019-12-03,-0.0010193868572546672,-0.0037386687265053165,-0.003987099107531808,-0.003967220293329239,-0.004001979270755603
2019-12-04,0.009693767671925757,0.012250944121635635,0.012115211107451417,0.007340303707052102,0.013899034698745608
2019-12-05,-0.001010744927267937,-0.0023698928062329647,-0.002196075455769447,-0.002980191017945145,-0.0025207255393976937
2019-12-06,0.00606980186046302,0.011196542986868998,0.011366128583746613,0.010883065137299856,0.00962015506259327
2019-12-09,-0.007038616835174816,-0.005287972767514003,-0.004862921312346714,-0.004820622931258605,-0.005590977432431075
2019-12-10,0.002531750295167834,-0.0010372842765088068,-0.0016740394849323475,-0.0029370199625676657,-0.001392381137920384
2019-12-11,0.008333459412051436,0.0050771616741350205,0.004325971816476244,0.010009646643642203,0.004820434559655106
2019-12-12,0.009015489209046157,0.005045507113449162,0.005041039646793003,0.007483591379400487,0.010740520436378858
2019-12-13,0.0052120556132846385,0.0062369586416404915,0.0054774430809105676,0.0063010940442371184,0.008156810915933604
2019-12-16,0.01012361994191635,0.010556141075680139,0.009855253553018696,0.01512636642417289,0.01301946667868484
2019-12-17,-0.005866535187284305,-0.003947245388142823,-0.0035959847949241183,-0.005170296698715843,-0.001715186519578514
2019-12-18,-0.003688096021963183,-0.00129812242800481,-0.0015233440072273112,0.004488971973022531,-0.003273942937697674
2019-12-19,-0.00024688030774455694,-0.0005322769353210367,-0.0006722175080692328,0.00016578175922512105,-0.000708431344185242
2019-12-20,0.00502408965895329,0.009207308114995285,0.009127966157311955,0.007422384900385332,0.008383465770825653
2019-12-23,0.00024615274848271973,-0.0010393170419678516,-0.000946803829041586,-0.0003921544569044158,-6.94085437998373e-05
2019-12-24,-0.001723202479467778,-0.0001915876348732471,-1.198067710034946e-05,0.00039218988625452586,0.0007124875597847104
2019-12-25,0.0,-2.272427080396433e-11,-3.870559681897763e-06,-0.00011411737689362039,-0.00010239976168078673
2019-12-27,0.009371105955740644,0.0018881156327722694,0.0014083385720485516,0.004212167493729352,0.002165156003263304
2019-12-30,-0.008306858677879947,-0.009548325382954335,-0.008368492363743846,-0.008730143000857319,-0.007926033263853011
2019-12-31,0.00492726550372069,-0.001461332685088714,-0.0011536519261389894,-0.0018464809221104513,-0.0009959990691567895
2020-01-02,0.01152212291551935,0.01254793988496011,0.013093106087927991,0.015921577450470917,0.015128579112754656
2020-01-03,-0.012845074564305503,-0.00525546552919123,-0.004976619804184816,-0.004953701953996378,-0.0044224837858201594
2020-01-06,0.001718659774391229,-0.004817457109635384,-0.004713582098952525,-0.00765735261487407,-0.003943075270173276
2020-01-07,-0.005637368013584498,0.002041308367185412,0.001940583189072538,0.0038815924071286504,0.0015940159716677758
2020-01-08,0.0049298068574052945,0.0033718545120948505,0.002595249372071774,0.007868771935005714,0.004991224265274112
2020-01-09,0.004169729650497889,0.006263751796591721,0.006588971169629618,0.004862247959655103,0.00862675680090111
2020-01-10,-0.003175187688061243,-0.0018368753639132086,-0.0015359539541472897,-0.0018124753853474005,-0.000845883617618563
2020-01-13,0.0024501296119230354,-0.003906651610730669,-0.0036671449417696074,0.00045786248063961016,-0.0026049232708357847
2020-01-14,-0.003422085337333236,-0.0014593515890565347,-0.0018992045463939937,0.0005920642750301499,0.000838630076305029
2020-01-15,-0.001716862586587098,-0.0015472369314907556,-0.0017323588470919936,0.0015036367075703866,-0.0007567343858742921
2020-01-16,0.004914059848592611,0.0009428283175571991,0.0012487935398672735,0.0066208256099112885,-8.640430395823144e-05
2020-01-17,0.004400993746358273,0.00860177297339803,0.008560305831140319,0.0097047389005503,0.006428984652664166
2020-01-20,0.0,-0.0015991250953072652,-0.0013815711003065574,-0.004424863697427437,-0.0028996386547412946
2020-01-21,-0.009980873619867214,-0.0020893618038602475,-0.002207829987784173,-0.0028699248385195748,-0.0027051306032882757
2020-01-22,-0.0036880697383697703,-0.005125976895894631,-0.005215325518216033,-0.0019040792711908202,-0.004583252317616529
2020-01-23,-0.0029615116334804625,-0.00813367237938526,-0.007755016035547721,-0.010975775787989677,-0.011987856311743511
2020-01-24,-0.0017324743577545876,0.00948611489362057,0.009097858446508605,0.016262691251405944,0.00909054282222997
2020-01-27,-0.024299653139531197,-0.025057206601672145,-0.02393698644220276,-0.02935683278956648,-0.026007640814909486
2020-01-28,0.011181782400666807,0.011681124291153984,0.012057330511952916,0.004158987964881381,0.011146429160921578
2020-01-29,0.0015076944642546941,0.003959951349909784,0.0033227184985236947,0.004237095853375461,0.0023634774496768614
2020-01-30,-0.001003616495801496,-0.012350266929075733,-0.011949067528680624,-0.007817107646247662,-0.01518146783130589
2020-01-31,-0.01783487558130692,-0.01331899066096002,-0.012499520314347388,-0.00979583650922569,-0.012944155585165002
2020-02-03,0.004348055144992147,0.004917455037650752,0.004328821032122178,0.008813042030381394,0.005824543708584245
2020-02-04,0.01731588805561235,0.017747993863000962,0.016012697465112465,0.010465544177272594,0.0206892215502543
2020-02-05,0.010763740308531444,0.011497249650772224,0.011319871216287447,0.007040337775619224,0.011058845847236794
2020-02-06,0.005447886915900257,0.008590974056415865,0.008746718943978361,0.009536780598721475,0.007075691816340256
2020-02-07,-0.006896652467392017,-0.0009761256069125215,-0.001101755461580417,-5.981183005536943e-05,-0.006306089360752653
2020-02-10,0.00148855022259764,-0.0018476567940030348,-0.0016094437890843795,-0.003614487412028998,-0.0015589786472465237
2020-02-11,0.004704998341786615,0.008456207824163259,0.008018767155773526,0.008634332776566006,0.007720618319835511
2020-02-12,0.005422821020793833,0.008929247735883364,0.008328408930062823,0.00046335624224824685,0.014988942936541292
2020-02-13,-0.00735465989359585,-0.0023754174727463593,-0.0017411136633299572,0.001524119746446,-0.005973061144286811
2020-02-14,0.0,-0.0015137359243189445,0.0001599325015554312,-0.0009339217014114864,-0.003847870228812839
2020-02-17,0.0,0.00433352123309583,0.004313021671274712,0.006912355053154359,0.003680137923698879
2020-02-18,-0.004445669910798089,-0.004496314954600357,-0.0032916179666882717,0.0006105699191187781,-0.008468400738958866
2020-02-19,0.0052095886530811875,0.006534101034721563,0.00579125012516202,0.008278991422340036,0.007157104556595555
2020-02-20,-0.005922911537102338,-0.010140259942585824,-0.01006990374959203,-0.013307473793725457,-0.01362853855049315
2020-02-21,-0.006454877450616792,-0.006077129367199266,-0.004881662746482545,-0.0041187047652401195,-0.00835645359301643
2020-02-24,-0.04322841520510046,-0.03950574671241379,-0.0381811497775658,-0.037668806726043565,-0.04212466696355168
2020-02-25,-0.025594226535664788,-0.021005852444010965,-0.020634729465559387,-0.025287020408884864,-0.0222345722519723
2020-02-26,0.00026816725458189694,0.0013975692289139743,0.000830138239270144,0.00820664693024437,0.0009953131909497994
2020-02-27,-0.028403126380092014,-0.03317374628036153,-0.03312037592680405,-0.03026947409922664,-0.030209108775872497
2020-02-28,-0.007997741097455657,-0.035890782199629066,-0.036574366092479195,-0.04362111689463247,-0.03793620294339133
2020-03-02,0.021684882091808744,0.0005021924002449132,0.0005458863315176902,0.010616117174436616,0.002137108640507266
2020-03-03,-0.013605532685024957,0.006406498864261145,0.00722708720657241,0.007291243346244965,0.004814813319878108
2020-03-04,0.03641386633255861,0.013536811660287688,0.014185572650176516,0.035353015771289596,0.010337644517011454
2020-03-05,-0.033803589817096524,-0.01873854373117751,-0.018224539318754736,-0.004287846211142831,-0.016821485272395336
2020-03-06,-0.0181818850764629,-0.038070104245655656,-0.03737464905214213,-0.033351429475945,-0.03841209865225961
2020-03-09,-0.09343424896495633,-0.0868963217438499,-0.08637971466878597,-0.07007704412475121,-0.07928520063767264
2020-03-10,0.031569008400153864,-0.01896376995967688,-0.019871429127611546,-0.04142706850752474,-0.027339300212533738
2020-03-11,-0.054005266358177706,-0.002647445664654279,-0.00396367822449652,-0.0010420086905320702,-0.0003803635480016471
2020-03-12,-0.12464322257139349,-0.13206743548125588,-0.12887382518939194,-0.10243368424269556,-0.11049826041605414
2020-03-13,0.061956422339077166,0.01855238943474244,0.01700354251116622,0.009115471238386413,0.012027753940652877
2020-03-16,-0.1146365359883571,-0.059678743859796546,-0.055026734288953744,-0.031211830789937032,-0.040336077428637644
2020-03-17,0.05163783781001796,0.034267279262233726,0.03456937162185714,0.04262614542858531,0.03620422312250058
2020-03-18,-0.0769516237412976,-0.05154808940231799,-0.05119169084797239,-0.023606833684672007,-0.02697515041664364
2020-03-19,0.014688636597688376,0.028834523696695067,0.02839807600201284,0.02016167438991186,0.01905176080584987
2020-03-20,0.002738605292434748,0.03658995143650738,0.03920965737089083,-0.013480183188094977,0.004993958728955355
2020-03-23,0.011671780553956568,-0.026207402673043615,-0.02489495946214616,-0.032178429607285335,-0.039110733339376154
2020-03-24,0.09407652303574388,0.09700043228445421,0.09622875802398644,0.05114888021642714,0.08005623758189784
2020-03-25,0.037154934832660746,0.03109866049697824,0.02917008812646893,0.022601824159974474,0.04025762514857236
2020-03-26,0.04196523250686979,0.014899920023086283,0.015078583055693252,0.011279358268920054,0.02479206660184643
2020-03-27,-0.03962014246466594,-0.043285749847450254,-0.040872063342056425,-0.03477298446232631,-0.043702321317930955
2020-03-30,0.016365641064555847,0.007062864266330904,0.009237632369953999,0.02931939788174614,0.012225884102005818
2020-03-31,-0.010063947646079652,0.008028269265055725,0.007960826398877947,-0.00863550393476333,0.003630503914339227
2020-04-01,-0.05083007915853566,-0.03895820650328982,-0.036678445982891064,-0.025222205671481628,-0.04446340886201158
2020-04-02,0.014637558252599714,0.002651222727480895,0.0027812173682107066,0.005361181605009392,-0.006342585124275495
2020-04-03,-0.01688942575635044,-0.01139141036605923,-0.00655190564872353,-0.011880945762877024,-0.007203456642902035
2020-04-06,0.06084457089469719,0.05597324535989744,0.05231876631664801,0.023263121772775255,0.05161535340927666
2020-04-07,0.005397980884915166,0.02545860844141705,0.02252093630187026,0.013068954353739531,0.019026946466668235
2020-04-08,0.011409501506077335,-0.00041372272245435404,-0.0020941676238646727,-0.00848059882371776,-0.0029420586501559013
2020-04-09,0.02521572801959371,0.01599721314376135,0.014386750875452279,0.008249026457670889,0.01345746548711842
2020-04-14,0.007443222929978344,0.006121491408559947,0.008870719668270261,0.006297344566960751,0.004847327150268108
2020-04-15,-0.04400891884340741,-0.04237348636196065,-0.03661354606859399,-0.04381089069377784,-0.04173452910544018
2020-04-16,-0.004368288303087664,-0.001192575722723692,-0.0007306999527575763,4.185850280844309e-05,-0.0003855980939677167
2020-04-17,0.03611198061087806,0.028392663628443105,0.024396015332131104,0.017215893911181564,0.026476893770875844
2020-04-20,-0.013029224324734634,0.005300339946681222,0.007296671922877608,0.004351460295476485,0.007462946730300706
2020-04-21,-0.025412562966729224,-0.040833441851722545,-0.036630580266646735,-0.04792652935092432,-0.03882426733456682
2020-04-22,0.011175075081748309,0.014118671198279637,0.013952943038814341,0.020355230722828146,0.014192159985858644
2020-04-23,-0.010716722544288793,0.010045568519382599,0.007418848967236926,0.01355718644720152,0.008950985061230288
2020-04-24,0.011171368904337342,-0.018031225858413626,-0.015156214584681246,-0.006674708830224581,-0.021150720828713075
2020-04-27,0.019752275563426958,0.028782158283725663,0.027539152196107617,0.026316261156044036,0.028103090696437797
2020-04-28,0.005581066719021477,0.02012282037321427,0.016724455800301474,0.004223254301914424,0.01806963022828336
2020-04-29,0.03460672006596366,0.029445983071877187,0.024034959334362855,0.02217661575067413,0.028344146787640235
2020-04-30,-0.019564556861143223,-0.024275909675817654,-0.02068662188778502,-0.023428691553777494,-0.032586422181931654
2020-05-04,-0.026714061884449802,-0.03942059967133557,-0.03396077872842779,-0.04049864724554123,-0.04240591995439861
2020-05-05,-0.0019840049204158383,0.021066249977226434,0.018908239640906255,0.025273768939662447,0.02044808119024049
2020-05-06,-0.013585314551501249,-0.013089555151012539,-0.010984353044604413,-0.008298425913133907,-0.008705327993918517
2020-05-07,0.01813931440675387,0.014551716986410846,0.014109737419825094,0.010406209098251492,0.010488034746308394
2020-05-08,0.0168260585625164,0.010197936821956697,0.008010278685623987,-0.0008532387128363937,0.009874407574308419
2020-05-11,-0.0061648625516170785,-0.00868707221463933,-0.006296429106245373,-0.00788972515841103,-0.011481586855032245
2020-05-12,-0.014691457094057503,4.1678203956744515e-05,0.0018113418896352753,0.002902113886933744,0.000917047603889043
2020-05-13,-0.01855533654028263,-0.029254257648819528,-0.02664679851261648,-0.020646209788703556,-0.02899108224176209
2020-05-14,-0.006414773010600228,-0.016613942112149727,-0.01757704457544838,-0.021580287652308596,-0.017399181500961675
2020-05-15,0.002378736721849073,0.00413933680036665,0.0029328836284542546,0.0020351417327511743,0.004934701433322118
2020-05-18,0.05661014409777021,0.057149719673578396,0.052834633383304,0.044761446532940244,0.055759936679439584
2020-05-19,-0.01379530971912879,-0.007206849327616607,-0.0068965072827432685,-0.0034938453864790213,-0.007324988766872158
2020-05-20,0.025699419622137176,0.013810152098203706,0.013301707583777725,0.019314135387904125,0.013748595368965116
2020-05-21,-0.009514947989656908,-0.01133818164380821,-0.010739793497474476,-0.017476264941626535,-0.01194019752728906
2020-05-22,-0.0016009503458448426,0.0006919867974324657,0.0013556749094983834,0.0025139631475687837,0.0011992244554394908
2020-05-25,0.0,0.022181375414613274,0.02090368019934823,0.020674392784532224,0.021031483098249815
2020-05-26,0.029185580608286354,0.016176063033627498,0.009900425887787244,0.019576699655489766,0.014621206152017176
2020-05-27,0.02711119250035887,0.023390271443806145,0.019076342003748595,0.030657707680697328,0.023189694681758223
2020-05-28,0.009405352758369068,0.010753948599612706,0.014036211135384365,-0.001522018174317199,0.011091679052057064
2020-05-29,0.0027051084737583775,-0.019212428146872594,-0.014977812971285094,-0.019389180057389665,-0.018163933704683267
2020-06-01,0.020083753733308507,0.011609170510526451,0.010638267805526744,0.012383697242295216,0.01049906429655456
2020-06-02,0.019101165439132872,0.02516085106480546,0.022477973383665167,0.024674342225472257,0.03155855201100241
2020-06-03,0.03979239778040755,0.03646342677326287,0.03430194818472651,0.037562134504677595,0.03882764081658716
2020-06-04,0.0016635404671132559,0.0011427927569698675,-0.0019110804102878743,0.0034422309776285733,-0.0012371868515303707
2020-06-05,0.029623986369661237,0.04552131092038146,0.035424637444420676,0.06662031278663198,0.041044374580066934
2020-06-08,0.01129302217736905,0.001382590801341294,-0.0017660540666807603,0.006967927436959589,-0.00011680767315593412
2020-06-09,-0.01940983380095962,-0.020768550142284993,-0.01367106964066825,-0.04274074396247028,-0.013192918473938603
2020-06-10,-0.005965211006804916,-0.011127117193374992,-0.0076886555601969105,-0.022496498520362916,-0.0076404913850006105
2020-06-11,-0.06355698878803007,-0.05395422237474847,-0.04485973005345612,-0.08231495007052594,-0.04502219128631397
2020-06-12,0.01747733267297269,0.006283358062982353,0.0021083032539646962,0.005178795519302159,0.003759669926304875
2020-06-15,0.009447401175461945,-0.007138522082446021,-0.005071559777740763,-0.007954293183398065,-0.006402466692968303
2020-06-16,0.01361366517312379,0.033957664002617086,0.03276580817149508,0.032439205678022956,0.033866387346374247
2020-06-17,0.0039168947000149945,0.006838766366422274,0.00732047134263043,-0.003547500437116613,0.007607649153702618
2020-06-18,-0.005016915576722791,-0.009789228015450452,-0.005889366151851076,-0.014314363749634434,-0.006283422574890198
2020-06-19,-0.006442454380949814,0.0034260938657768776,0.0068625081278684075,-0.005965290202001426,0.0045160942504933535
2020-06-22,0.015491479412951925,-0.008809154280778601,-0.00695447586585046,-0.011259992755111652,-0.007093677746091712
2020-06-23,0.010936677529846284,0.016853664405319095,0.018141973021252734,0.022678541915971594,0.01851780358951554
2020-06-24,-0.028016862607303294,-0.03281194539549965,-0.030812574101668502,-0.0367114467718156,-0.03422612553030457
2020-06-25,0.015411292303834312,0.009188114478549439,0.008726334701650587,0.0011148167690014056,0.009761344544238068
2020-06-26,-0.01798813758235973,-0.007564909161706667,-0.005411436386056839,-0.004758852919606626,-0.008659490242991572
2020-06-29,0.015455275250167544,0.014052902813482152,0.011096416103852416,0.009427508014935908,0.013282255695271382
2020-06-30,0.0014095244615195401,-0.0039014750021339655,0.00012831536197708198,0.0028278874433595724,-0.002673508501085894
2020-07-01,0.00028149553298639773,-0.002533278251501276,-0.002475254605221425,-0.002996871433598623,-0.0036937657972928935
2020-07-02,0.018289170968263768,0.03054452114587656,0.028593511225516555,0.02359076269082407,0.03072971525247178
2020-07-03,0.0,-0.008208037809144234,-0.007662605285371496,-0.0054119529608182065,-0.009225272349201109
2020-07-06,0.02044751008736312,0.018421382475011433,0.01630926207046842,0.014677602606829166,0.01685684359411329
2020-07-07,-0.017600973903186157,-0.00875664542088689,-0.007359055751179767,-0.008631709625710974,-0.008398445360437002
2020-07-08,0.009096028235660691,-0.01371334303622177,-0.011479151879410251,-0.00011227061774323675,-0.01291253959177374
2020-07-09,-0.01393075012144207,-0.011836081221614137,-0.010661395571548193,0.00027008690753732497,-0.011090825973955092
2020-07-10,0.011911521058562302,0.012810311389180366,0.01155357657208607,0.005681525326619489,0.015064867156709419
2020-07-13,-0.0016424326116775134,0.01693440663327648,0.016255468138325728,0.012984494258719705,0.016219076556593964
2020-07-14,0.01727449519770663,-0.007581794068784722,-0.006669143623157236,-0.011425182090572012,-0.009297002641052196
2020-07-15,0.01347711425140763,0.019338119023033628,0.017867954962027973,0.013950381258759153,0.016091642331063048
2020-07-16,-0.002925506459602767,-0.003426273444709872,-0.002380515856761244,-0.00188049095096314,-0.004780954094153654
2020-07-17,0.0045346437252797855,-0.0007532944548776191,-0.00017752590323545905,0.0017894265122667514,-0.0025385912625490678
2020-07-20,0.007168614311738208,0.005975467151219813,0.006540031843135773,0.006170135486672962,0.004794822842894181
2020-07-21,0.003955145898020929,0.0060546774729115255,0.005119663258332167,0.006505604918289162,0.005942503593494778
2020-07-22,0.00341392170914645,-0.01131665099664905,-0.010358041831233166,-0.008222138874325104,-0.011524234571107352
2020-07-23,-0.009944817103239134,-0.0028400318175957153,-0.002366213473685164,0.005390796090833983,-0.005290964753361142
2020-07-24,-0.007401607460455817,-0.016142120015674555,-0.016105988327688132,-0.019213174924800687,-0.016500050893016555
2020-07-27,0.01038608270149921,-0.00743667444081986,-0.006184117137831764,0.004482915386499139,-0.009861173394652038
2020-07-28,-0.007116769723489513,0.002691342228368039,0.001658193626323493,0.0005078486642943972,0.0036558079712008715
2020-07-29,0.011680521279383793,-0.001190304741848112,0.0002425502454824627,0.004677112281470365,-0.007966316547420194
2020-07-30,-0.0191551536338328,-0.030657672458719736,-0.030688095700070264,-0.02209381206775812,-0.02761502115357182
2020-07-31,-0.022204281106231072,-0.01154688452111728,-0.010856106317874953,-0.010594873506137073,-0.00858872145588343
2020-08-03,0.021067156482071026,0.022860023139999464,0.021667902125706715,0.02140422544740902,0.022895564963943214
2020-08-04,0.005359102712954922,0.0065299381845788365,0.005446443549563488,-0.005267808564828908,0.0056998234083634304
2020-08-05,0.005596684782408268,0.003920370415388681,0.004356335865996183,0.002434570030992039,0.008385645257421743
2020-08-06,0.0010603275489073916,-0.00845926706753807,-0.00892222729088728,-0.0028523819603568615,-0.007743320970357258
2020-08-07,-0.005295431152361196,0.0020557645693326018,0.0028750902132051704,0.006231084754371559,0.0022034334781123174
2020-08-10,-0.0005319462482339388,0.0064257124614516955,0.004839457627094127,0.0023865457272179485,0.00555267041216447
2020-08-11,0.00719020945294524,0.027377025707942218,0.024096047154559864,0.02876743311757582,0.030464938311979835
2020-08-12,0.02406114863600517,0.007395038357542373,0.009576293513693051,0.0017920175090813007,0.007766408611767937
2020-08-13,-0.007487736022201097,-0.006939281612976864,-0.006192819368943209,-0.006793806744991576,-0.007287322390322365
2020-08-14,-0.00832443397403304,-0.01109207396256477,-0.010914024702317367,-0.01220538492858206,-0.010839308354986863
2020-08-17,0.005246459559263172,-0.001719942631960987,-0.0009289335690919507,0.0009736099091717049,-0.002100273113620683
2020-08-18,-0.0015657699707039008,-0.006036392866453173,-0.005290084970597054,-0.011034449899704455,-0.005748697864757194
2020-08-19,-0.001306698941441975,0.009332416341846563,0.008903132926539783,0.004654754509304581,0.009034755647900187
2020-08-20,-0.005757605643743613,-0.014818674589152581,-0.01372082978098491,-0.012570629385540854,-0.017773065215752882
2020-08-21,-0.010265792179352973,-0.005213134854485696,-0.004936349963124976,-0.004851517367183903,-0.005906700373375289
2020-08-24,0.019946548588748225,0.02325325098148802,0.02180770894109476,0.01832511071246406,0.023551090216359104
2020-08-25,0.004954664516959806,-0.0004586749901134281,-0.000540569310823826,-0.003077542475485387,-0.0018537557569256403
2020-08-26,0.008043552356367334,0.006986358392579482,0.006558684590066806,0.007134607856166093,0.007993031030719347
2020-08-27,-0.013385031231241462,-0.0066898398640925965,-0.007589703638123083,-0.0006326329139194255,-0.007024183727639775
2020-08-28,0.0075659911429759585,-0.0017991554655766556,-0.003847747267338308,-0.005923574942218664,-0.001500688513268238
2020-08-31,-0.013464515495025697,-0.015234056704384462,-0.013065314123414605,-0.02766251206523322,-0.016356745311578543
2020-09-01,0.001049678615760108,-0.0010152452780406126,-0.0012818152900875605,0.00587281036169613,-0.0007662405709527236
2020-09-02,0.0201889594353577,0.01460969119433104,0.016085032222613763,0.02640942286889863,0.014187717576220804
2020-09-03,-0.023130300074588384,-0.00538693476758888,-0.006794115183363244,-0.0064010990710526156,-0.005188999537049206
2020-09-04,0.0010525164599595183,-0.0073500194362669975,-0.009629505920376476,-0.004455857540751156,-0.00887966797308369
2020-09-07,0.0,0.01430406400788658,0.014556014009464229,0.01830995481141077,0.014550797170186397
2020-09-08,-0.017608709146831436,-0.013487480527236171,-0.012243175460127813,-0.004692523156751432,-0.01500540559064489
2020-09-09,0.026217620361804972,0.015060154459389694,0.016165314657442337,0.010539162851446118,0.014860530998897005
2020-09-10,-0.012252481312245211,-0.0032785461861467844,-0.0031249826117699373,-0.002168695487264202,-0.0030954389839688294
2020-09-11,0.008973426524642392,-0.0018092617548066201,-0.0001854538623075789,0.002699091958270061,-0.0017110638464092776
2020-09-14,0.0015692219469167767,0.0009114619338704768,-0.0005815447145742382,0.00260164716434326,0.0001793478419089652
2020-09-15,0.005745459727150459,0.0029572873736835445,0.004424595389101376,0.0023190330963817436,0.0015610251276319093
2020-09-16,-0.006751373231402291,0.003509799882830437,0.0030185103204459444,0.003328943609762104,0.0035595175048153474
2020-09-17,0.0031372706492431846,-0.005842174378959592,-0.006110022321105461,-0.0038321417834014868,-0.005685323520969277
2020-09-18,-0.010945990007864004,-0.013146896410750846,-0.012188275770082312,-0.0162949106907299,-0.012312750103552933
2020-09-21,-0.03590525929017174,-0.041889010826836055,-0.039981529205062816,-0.045709111680298904,-0.04172418262873526
2020-09-22,-0.003295637897315795,-0.0015713247117501068,-0.0006709545175871744,-0.008893301963346614,-0.002061800350392573
2020-09-23,-0.015706944427609004,0.0021305367170744226,0.0027340662323143733,0.01431611672241366,0.003695417849920958
2020-09-24,0.003639432754770411,-0.006830893495758922,-0.006333953354694495,-0.009016610316843985,-0.007396072966462094
2020-09-25,-0.0025105087388459513,-0.006903865662242927,-0.0071245827316215385,-0.007529385733929014,-0.0066669964070672424
2020-09-28,0.02181198515736038,0.02965026781449881,0.02853221605496193,0.02247165006183832,0.029663848064915777
2020-09-29,0.001915712306560735,-0.0057840314967495705,-0.005116657312720521,0.0007171779560925011,-0.006656241204634997
2020-09-30,-0.007102036367776288,-0.0033039716969760547,-0.003514934965311638,-0.009605130227353612,-0.0006184965393431134
2020-10-01,0.003851940840584156,-0.002582734422134866,-0.0021310571420110245,0.006857789154723067,-0.003541842301135163
2020-10-02,-0.0030147377301159572,-0.0006166896840726102,0.00010387733211259515,-0.002988048305359138,-0.001704120970455447
2020-10-05,0.018691332526825644,0.012098448092887373,0.010346455646749566,0.0059572200174819335,0.010063122067046841
2020-10-06,-0.012411994506631219,0.008315617012922718,0.004818062075510794,-0.003471957037330274,0.007079595526563579
2020-10-07,0.010382140365794656,-0.0011388167411049937,-0.0001074092762353246,0.009363305124809101,-0.0019955555689488637
2020-10-08,0.008112912839160158,0.00742244180407399,0.00568483214542544,0.0034671408436972133,0.0076322541060046874
2020-10-09,0.00885160481075542,0.003819430768680552,0.004963080442592763,0.001389224257946851,0.003641314159362298
2020-10-12,0.007445078985674369,0.0050404579516192295,0.00724177107156351,0.008913836588132058,0.003936629936745482
2020-10-13,-0.014252056400303026,-0.008969802391385822,-0.0054561919906304926,-0.0035378811251704574,-0.01346318863185047
2020-10-14,-0.005086803647166516,-0.0015796518847191173,-0.0012818000499736487,-0.0021162579992444037,-0.003260738697071752
2020-10-15,-0.016684704217056257,-0.02320587962295104,-0.022674604712440368,-0.026930533183758383,-0.025304665422077734
2020-10-16,0.010399555035262686,0.0152584079855618,0.014137407709793144,0.006883696736444299,0.017850024462653352
2020-10-19,-0.005145987929250251,0.0002354489149953049,-0.0006421411811849678,-0.006520658065817279,0.0017656460101789489
2020-10-20,0.007895396461019777,0.0002823808191578762,-0.0016005672698851015,-0.00834428179717979,-0.004302969887019896
2020-10-21,-0.012966173852279717,-0.01582448137825375,-0.01432902110538453,-0.018864598709426212,-0.015157550962980023
2020-10-22,-0.0005473898024617174,-0.0020120446408107623,-0.002620693457475081,0.0008691177048010353,-0.0021387995736835926
2020-10-23,0.010679125981566173,0.011033478522557521,0.009435447658359882,0.024501769455159403,0.011327392044158259
2020-10-26,-0.033053347336244765,-0.021484612732910146,-0.0209740081450736,-0.018319926388442147,-0.0217819764129117
2020-10-27,-0.017371728433102862,-0.014525550599506594,-0.01367778936418588,-0.01396444541289076,-0.013788415113938846
2020-10-28,-0.04163110392391578,-0.03557794856629063,-0.03424416484678284,-0.030999208952727557,-0.0361129100159383
2020-10-29,0.0026778264914384398,-0.00448356971288857,-0.0031360565817347696,-0.020502432102605366,-0.005103078675693502
2020-10-30,-0.003264260745311498,0.0019440998130023591,0.0001259126804346793,0.006610311176457688,-0.00024252334393330438
2020-11-02,0.01845798518583197,0.02163041542728347,0.022052145140458855,0.02047524567823011,0.02194406745644751
2020-11-03,0.032739154022805694,0.026892195656134973,0.024884714962335464,0.02553875331149927,0.02655496897928097
2020-11-04,0.012453818616832368,0.019984034282753426,0.020323630174664997,0.01791775813795916,0.020123387014598176
2020-11-05,0.029913371330771765,0.015703822331417806,0.015061028728941382,0.012231049520570298,0.015022024396892575
2020-11-06,0.0029859763320638777,-0.004741944408216339,-0.0041027412376436435,-0.004122564315621431,-0.007751252436725611
2020-11-09,0.050067476586120874,0.07168845666249478,0.06494751437430903,0.08838648316562958,0.05967242018913693
2020-11-10,0.01829893746147171,0.01624084849292897,0.007084537183588408,0.028424325297282803,0.013936408829715918
2020-11-11,0.005315345011033035,0.0039115955211721405,0.0075831482842227006,-0.01149655277402677,0.005603262093936847
2020-11-12,-0.016616373512110316,-0.010760976860956386,-0.00880844728848865,-0.02237647681073635,-0.008600392058137455
2020-11-13,0.014849073175714711,0.00333234292815306,0.001334080846757891,0.00896712842556704,0.0022956766982383876
2020-11-16,0.00807241047247742,0.01267434569456668,0.008041310508135703,0.0301300005082206,0.011399839042296384
2020-11-17,0.0017518661460846907,0.0027311033748427544,0.001988109919833885,0.00878621119195948,0.0017087175441966064
2020-11-18,-0.006245627993804459,0.004764060952064517,0.0037021535300786296,0.005618923228003555,0.003812394111375152
2020-11-19,0.005530588070376208,-0.00962697655842131,-0.007776494416709067,-0.014006124481387106,-0.008791646487840234
2020-11-20,-0.001249796023646721,0.0033334511534723293,0.003656016717506513,6.834579660260708e-05,0.0036268594943121755
2020-11-23,0.001000998996998792,0.00013443226438295268,-0.0034904436811060793,0.01369212712919462,-0.002186082616864846
2020-11-24,0.015754190713840766,0.01715025687220826,0.009225658638994095,0.04339166462799877,0.013856337691272372
2020-11-25,0.0017231824871366541,6.614229367844633e-05,0.00209828745224916,-0.00294246996207463,0.0003099292035481946
2020-11-26,0.0,-0.0020721887364346546,6.072974027845514e-05,-0.01219441590594401,0.0019245282913427251
2020-11-27,0.007372925470641167,0.004571011178122658,0.004769434272650922,0.0061439972636067,0.0045898368068577906
2020-11-30,-0.01610143741889636,-0.010479112227559676,-0.006496587629742376,-0.02600247697420113,-0.005230672567209979
2020-12-01,0.025291135168246992,0.010468540335313479,0.005646906346353222,0.02075749192077954,0.008090210800035864
2020-12-02,0.0004836614623360269,0.0002531860681639053,-0.001998093838750899,0.016584089863729053,-0.0026137572938931732
2020-12-03,-0.00072508776827096,-0.001266969768912089,-0.0026914370691544518,0.005243069102157207,-0.0015968477167853728
2020-12-04,0.009192112595156843,0.00478977269090255,0.0012791874667648336,0.02293302078582069,0.001947437115083433
2020-12-07,-0.005512937611988344,-0.003640433060602104,-0.0012752246763012406,-0.01529199744420083,-0.002746410879962504
2020-12-08,0.0021690786877364143,-0.0006554328466571495,-0.0005228826779388443,-0.003025769187612522,-0.0009216912320314654
2020-12-09,-0.0038481024345419224,0.0022230095435329194,0.0032405849182784463,0.002321137163720598,0.0027801349700459677
2020-12-10,0.0016902226157062827,-0.0026771322282411283,-0.0018140465653823223,-0.006459152349278688,-0.005338965410613033
2020-12-11,-0.007712898543041802,-0.010057581802410696,-0.009850842993141208,-0.015565631562904261,-0.01171216903653431
2020-12-14,0.001214494281796652,0.005238795933361635,0.00534373115389365,0.004906191686865156,0.004526132470959777
2020-12-15,0.014313497767235006,0.006073430476526318,0.004303296936770728,0.011119663927494125,0.006638091710878247
2020-12-16,0.004305380173613482,0.005030835392984057,0.005668025086711155,-0.004268885785635766,0.0034204791794476825
2020-12-17,0.009764094350408481,0.0037988032236149446,0.004344642224069455,0.002062082332097775,0.0032984565118548896
2020-12-18,-0.007075678817271225,-0.004900080528644781,-0.003002235353841587,-0.007350518809213964,-0.008065823008432081
2020-12-21,-0.01720411019149881,-0.02851274611457184,-0.026768183312805047,-0.03167278789480164,-0.03008101149427903
2020-12-22,-0.0007293908426655449,0.013287477515382052,0.012318707722613753,0.01907346997921477,0.011946030604084055
2020-12-23,0.014355264560636183,0.012689292891146545,0.011551896015398824,0.004136272503102653,0.014418989098206492
2020-12-24,0.0031181316425574757,0.0013176145322821152,0.0007955686929668697,0.004912308621392139,0.002378271509129769
2020-12-28,0.006934657189787696,0.00587902331550232,0.008895079318949685,-0.005808833645946673,0.0014364794759883083
2020-12-29,0.001661989600318936,0.0031859462577990775,0.00152424534974288,-0.0004904748152006045,0.0012598741362369853
2020-12-30,0.00047447018455959444,-0.003797897582058715,-0.004034479022607904,-0.005196959707335445,-0.006226560919125964
2020-12-31,-0.011374348056808925,-0.009618442472663314,-0.005702578329486753,-0.0006580345144287473,-0.0048471026733822205
2021-01-04,0.007430343769460501,0.005800335203744236,0.007931616827716956,0.005026125007498363,0.004163016951865286
2021-01-05,0.006423844699479542,-0.004716412369600719,-0.00569376215050137,-0.008945262593656269,-0.00529263543120651
2021-01-06,0.016075778383688455,0.01724466263275889,0.015663510892027232,0.005121502298351035,0.021128272603833546
2021-01-07,0.00046522755454336817,0.0006543232132499833,0.0010451317892473278,0.0048813191563127165,0.0036796395687074116
2021-01-08,0.0046513448192231355,0.004582610633011111,0.005064476181855888,0.00657808758763292,0.001963736523615991
2021-01-11,-0.015277595868772309,-0.007591712184893412,-0.007493175106007039,-0.005924182471348285,-0.007295571286042138
2021-01-12,0.001645189733102459,-0.0008870336066821705,-0.0016226104978269815,-0.0021652093146457435,-0.001944112171365599
2021-01-13,-0.0021121695109324046,0.001550047461303706,0.0015566688314027092,0.008746824457655056,-0.0014244205451788127
2021-01-14,0.006349816762489802,0.00584895103963897,0.005749402233731387,0.006367884012817815,0.0028562373218698704
2021-01-15,-0.019396856055882594,-0.01016936146366782,-0.009322883390836846,-0.013525731496489161,-0.008664747362028343
2021-01-18,0.0,0.0014464335806334988,0.0006902747742283341,-0.006487442835057483,0.00015997440191224427
2021-01-19,0.007864802948864158,-0.0023355546415992005,-0.0021446939416747786,0.0009230483589889606,-0.0025346503323175427
2021-01-20,0.006147679457542798,0.00655426276005069,0.006488647208966406,0.004324236650745731,0.00569761927234933
2021-01-21,0.002350475970605448,-0.004117148233462314,-0.0033576081035991477,-0.007396787741011314,-0.00625710891159782
2021-01-22,-0.00609651335318484,-0.005409523787049079,-0.005416134860191835,0.005292064598850102,-0.006536670227569213
2021-01-25,-0.009671836712238258,-0.015819787176764327,-0.011942140174869194,0.0059266077935392885,-0.009259073731470398
2021-01-26,0.00857536272186099,0.010891775230976683,0.0115385249497023,0.007107824427673486,0.010939800494901793
2021-01-27,-0.027869591596924814,-0.015525943146603056,-0.011732095190517274,-0.004920333395739059,-0.013139972445477861
2021-01-28,0.012147762272109341,0.006675260372742749,0.00498649452774699,-0.01371752530759442,0.0060871756757991365
2021-01-29,-0.02160334661030172,-0.02051585367513879,-0.02064502358169923,-0.01506827071235089,-0.021117279158069328
2021-02-01,0.013738779936784518,0.01225749842340375,0.012209989057855504,0.01665214227547826,0.011632791132140363
2021-02-02,0.01500487178103005,0.016722710535460816,0.016259068320350463,0.005708654047829527,0.016313618400779682
2021-02-03,0.002622886525324608,0.006161547281674526,0.005336926934778797,0.015368037796583208,0.0030806608645714607
2021-02-04,0.003329142581397493,0.010184442044677638,0.00891463956352279,0.00995763474461579,0.0077211093606802785
2021-02-05,0.009955126031435002,0.004305354686113221,0.003425469815259201,-0.01008647605570861,0.0017637610778529131
2021-02-08,0.005867552169063206,0.0013653266659762115,0.0006483973472370051,0.0021631510587577733,0.0016361085551021585
2021-02-09,0.001866325925637291,-0.001374990158934922,-0.001299585312860876,-0.001867282450904018,0.0001123364347146684
2021-02-10,-0.005123606887584176,-0.0019323330458286558,-0.0024535982500609806,0.004965549761080987,-0.004436303650040738
2021-02-11,0.008661004810141426,0.00423906813886071,0.0032612367900894113,0.012927930289833018,0.002821939537479036
2021-02-12,0.006498097251585566,0.005842948547823844,0.005529146745744279,0.004202706451704251,0.005079591343145321
2021-02-15,0.0,0.014314100618633911,0.015796597616877593,-0.0013072384998977298,0.015174669193089884
2021-02-16,0.006225469797488836,-0.0018082200236540285,-0.0024822624348877467,0.0033999425521508368,-0.0010820611438047947
2021-02-17,-0.008936710044567975,-0.00596146600070855,-0.005181384121950918,-0.009653407404393213,-0.005941209348623641
2021-02-18,-0.0013871740273800892,-0.00531356761118075,-0.005109488158766696,-0.00482594977843621,-0.00494331013009806
2021-02-19,0.00555671061139984,0.008740831877285594,0.007096018805840047,0.010103085389256979,0.006270185634679998
2021-02-22,-0.0018420353025575542,-0.0022141698819016877,-0.0026925283724195948,-0.007866408548188788,-0.0013129530076762563
2021-02-23,0.0011534985516310492,-0.0007074789957427743,-0.00038067304216569275,-0.0032425424072077,-0.00028690667476558517
2021-02-24,0.007603545396914546,0.004711559480892193,0.00394920028474983,0.009170016102841957,0.00623176521076903
2021-02-25,-0.018980009336881598,-0.004153669998400803,-0.0034805042899720287,-0.008054159886369977,-0.0035492240542427164
2021-02-26,-0.009790262349667067,-0.013899004883435867,-0.012815017327343945,-0.015010867766233369,-0.01757550238712432
2021-03-01,0.01883260769589179,0.018229254344190992,0.016230312991948128,0.015140478697151799,0.019254518980195805
2021-03-02,0.0011553639462766885,0.001282665045072727,0.0015715999212785243,0.005131326753485913,0.0030435414399039647
2021-03-03,-0.006000633029781488,0.0024160217955103386,0.001853942934564239,0.015606825371245619,0.0053390671115646484
2021-03-04,-0.01044815563866186,0.000790438156325302,0.0028928721217918616,-0.0030559711148118447,0.0018967779249823501
2021-03-05,0.004458081473545317,-0.007963086685694717,-0.0068867024717799916,0.002564777111468978,-0.011435652879065838
2021-03-08,0.005138752826360449,0.024473948004875547,0.023371212677852072,0.026969843663695446,0.021585612340630455
2021-03-09,0.014176187515531957,0.004706658294600237,0.00505656580029781,-0.00710313229636116,0.008779856884789121
2021-03-10,0.011228579010877038,0.009787008112684332,0.012394775843050713,0.009017467416787809,0.00783438557456666
2021-03-11,0.009743685521273582,0.004173617973161071,0.004074895569058999,-0.0073255374609999336,0.0075547870232790535
2021-03-12,0.0,-0.001050045741866676,-0.0008262585220495445,0.008073821524395891,-0.006017266022221999
2021-03-15,-0.004488307206389597,-0.0010971807712707388,-0.0015359736873795347,-0.008690226817396122,0.001022659259889574
2021-03-16,-0.0015778904559483609,0.005832908203733022,0.005328157735922135,0.003171517862965639,0.007332711433667093
2021-03-17,0.010160353091741792,0.0008300035096366137,-0.0002990290317117214,0.014317983059703944,-0.0004755187516699198
2021-03-18,-0.012069671908612856,0.0033118482428139773,0.003778610980340717,0.0036728252555891343,0.0019255096870668367
2021-03-19,0.00045268610745319293,-0.008991162693604813,-0.007037596491615909,-0.02230556189895407,-0.00850814851012261
2021-03-22,0.00045198184800954166,-0.00267569574748269,-0.004098543608598001,-0.0005918547425764239,0.0023800652842084365
2021-03-23,-0.011985636166333635,-0.0005717591169983764,0.0009440354349893523,-0.007712902783552029,0.003194142037448851
2021-03-24,-0.0025176989232251756,-0.0015448227220517217,-0.001319822439267331,-0.0038351973201053973,-0.0026186202811455364
2021-03-25,0.006425066654671907,0.0012934342895868887,0.0014721777656225277,0.0072803428079202545,0.003114779026916308
2021-03-26,0.012767896112597432,0.005904484562752748,0.0049222102355263074,0.005348374751897345,0.005330336062892149
2021-03-29,-0.0018008625136539669,0.004763402029486578,0.005528644011061613,0.009250976877562368,0.00545457939986153
2021-03-30,0.0036083225108882733,0.011490588533093177,0.00980775399800869,0.017885181929518323,0.009341879830477715
2021-03-31,0.00022451710963244942,-0.002317566021050528,-0.0020532769135127894,-0.004095169535547672,-0.0022168063043171674
2021-04-01,0.017299807283969626,0.00735682384019635,0.0060173625045092435,0.002670383895227795,0.00961042544445553
2021-04-06,0.00728786932712322,0.006098969305011073,0.006595524771407983,0.0057878247404216,0.004878532412728851
2021-04-07,0.001534629989519809,-0.002922828178778884,-0.0014991684593383735,-0.008898638759867765,-0.003208339528397888
2021-04-08,0.004816422809126308,0.0044220767906341316,0.004499383053466588,0.007021875484805137,0.00368103941935164
2021-04-09,0.0017427952072794906,-0.0007798035904450978,-0.0002414013488355744,-0.001954840237445127,0.001597110824081877
2021-04-12,-0.0036971047283841374,-0.0028119360034790097,-0.0024155474989993103,-0.00544457674932858,-0.0022364574802924567
2021-04-13,0.006112007827194121,0.00039387209699559507,0.0009292771480892076,-0.0008684232082062435,0.0030158982945782172
2021-04-14,-0.0004340224977108509,0.0012398730040793018,0.0004628953812636007,-0.00348946743738284,0.0008840069059547819
2021-04-15,0.007597397992529009,0.0037392380956358076,0.0035953641181165124,0.0065973171389876115,0.005633655797988363
2021-04-16,0.01400255024134256,0.00850059299163427,0.00801824280688578,0.014063067708809166,0.007093101584022297
2021-04-19,-0.0023370950837617865,-0.0003194764410144161,0.0008451337164302027,-0.008731898826371938,-0.0002000210174161042
2021-04-20,-0.018952374765303537,-0.018911614768565562,-0.016637473762617132,-0.015217321718205392,-0.018675227921351817
2021-04-21,0.014325990750376993,0.00558583260764635,0.005021550741586125,0.007826879298093054,0.007598880830820972
2021-04-22,-0.0027817059492208918,0.00899757675617792,0.008364113906629073,0.011050955751804151,0.009128862329598385
2021-04-23,0.010729536680432972,-0.0010763138312788385,-0.0013042645707126918,-0.0016713449661501386,-0.0009638486352403562
2021-04-26,0.0014860821572655336,0.0021023284454125915,0.0012713507103321814,-0.0039499228027425,0.0008027673519247448
2021-04-27,-0.0010598853968495359,-0.001924041720565826,-0.0021796318793560667,0.0008844236772084534,-0.002173224684620544
2021-04-28,0.0038200668050238917,-0.00017163437358462075,-0.0014520076645649976,0.00047546656618205324,-9.986032965614214e-05
2021-04-29,-0.00021150645519385503,-0.002670859151577343,-0.0028968595688552636,0.0029362525772421806,-0.003216899538676523
2021-04-30,-0.017339729660719838,-0.003842271225185227,-0.0038848594594468313,-0.006027476678809712,-0.004268262775638321
2021-05-03,0.012481066441387911,0.007733245014613651,0.007808342127634017,0.006228321763489685,0.008582685498420313
2021-05-04,-0.020191153340238355,-0.016697413926402407,-0.015340610469889797,-0.009792385140058847,-0.01851071810177032
2021-05-05,0.01648582808911514,0.01668082509858106,0.016419006405201875,0.014370113577586056,0.01952077979647525
2021-05-06,0.009389710286237252,0.0022082820480236963,0.0036389281255647878,0.010394144211962424,-0.0016265672893033447
2021-05-07,0.015010331240950192,0.008741814760605239,0.008022901214639392,-0.0004623742984624454,0.006415998016550372
2021-05-10,-0.011247479869300858,0.001552059773564724,0.00215699020449885,0.010030945912152587,0.005401647719720391
2021-05-11,-0.012639825835374374,-0.018539721176411693,-0.018794121180714256,-0.017771156629282286,-0.01639006115678352
2021-05-12,-0.010240743857913404,0.002469950980800595,0.003501072867619855,0.01238786016852279,0.0018271349233924096
2021-05-13,0.01099376321853085,0.00034026395209984183,0.0007044743547753359,-0.0022356592641203142,0.0008781726805788064
2021-05-14,0.02345425312199345,0.01580753517162645,0.01446638568997013,0.015092582562205928,0.01576149307274831
2021-05-17,-0.00395845357529645,0.000313134683112142,0.0014421547970104296,0.0003781330698329885,0.0021247344658262314
2021-05-18,-0.0014638284229088194,0.00036226455748709886,-0.00024096581645037386,-0.002695069799088389,0.0003022326057866081
2021-05-19,-0.013615657627107813,-0.015968282346981947,-0.01541489948975133,-0.01330443737169421,-0.01390692038593418
2021-05-20,0.018050345882302032,0.01447656575798833,0.014073959799793546,0.005604194007019657,0.01583847557492575
2021-05-21,0.0031291378561213445,0.006739541311125445,0.006682301202935995,0.00950079926053808,0.005716894846162966
2021-05-24,0.007901723745382228,0.0023690357648819957,0.002189653238188055,0.0004054213398341594,0.0031452830600468946
2021-05-25,0.0012379504546560227,-0.00176183322766668,-0.002030988163077078,-0.00010253830978337225,0.0003755486580856663
2021-05-26,-0.005975680438011555,-0.0011197301175195065,-0.0010140692489786405,-0.002169178573242345,5.51811860780296e-05
2021-05-27,0.0022802288191086095,0.004081743672517333,0.001903851576756213,0.005581248760494018,0.00408778642549191
2021-05-28,0.005377278807829011,0.007445275854774481,0.006634145609950187,0.0018014513718606685,0.007105467408552527
2021-05-31,0.0,-0.007450940037582857,-0.006698093090161751,-0.006120326396782655,-0.005590947848071221
2021-06-01,0.004320212120625833,0.00743813113031341,0.007490981874804983,0.008232613691258708,0.007966852924741913
2021-06-02,0.0018436582839462812,0.0038921839631287335,0.0036093107993181916,0.007274697568268038,0.0012668914234646243
2021-06-03,-0.007360610520050326,-0.0011747565412625687,-0.0005098717126094292,0.0027191233543118983,-0.00609763906526213
2021-06-04,0.0067970991429286975,0.0016283890531290223,0.0014587200117748237,-0.006573561967604095,0.004583303006091504
2021-06-07,0.004296348027402974,0.0029000426780295273,0.002363199249743456,0.006046613213052816,0.0028771776228518854
2021-06-08,-0.0012224051612983455,-0.0008824166097121213,-0.0008774181740289276,-0.008646148092016623,-0.0006491224271704575
2021-06-09,-0.0020395352885076434,-0.000997188404917551,-0.0011501413820467646,-0.0015484011212112975,-0.0018602637110215555
2021-06-10,0.0006130208184360608,-0.0015717020276959312,-0.0016449662797676681,-0.004785054045868345,-0.0006924888105449092
2021-06-11,0.00449393418978028,0.007314479893634498,0.006451860854496616,0.013160113354895834,0.009821999882327518
2021-06-14,0.0024396175359091554,0.0011937207610168243,0.0013247115732840655,-0.0005469483565316613,0.000798695799432963
2021-06-15,0.0010141827070968557,0.0014654841571671458,0.0026023979675751066,-0.005235270338407855,0.0006287275466101827
2021-06-16,-0.009929099713435918,0.0011540326071485245,0.001688796864862607,0.0005492232015253779,-3.0250986362274955e-05
2021-06-17,-0.006344557880141433,0.0009990810368544782,0.00078801863944609,0.0035814898951771895,0.0016783100210312433
2021-06-18,-0.0214210562211562,-0.016387127108198445,-0.015906482087313996,-0.018424535860194068,-0.014975421971873033
2021-06-21,0.014122046747998551,0.006749408027793601,0.006222887568273861,0.008028186801756614,0.001966385194810048
2021-06-22,0.0004201350333237208,0.0015754571639714752,0.001502555999228945,0.0013578963105838,0.0023721022108583838
2021-06-23,-0.009867607251791699,-0.010193764629198495,-0.009139387327075043,-0.0089472042430778,-0.011934037508489492
2021-06-24,0.012086481688131423,0.011650383200859165,0.011411867800165185,0.014318074467509519,0.016101457342076013
2021-06-25,-0.00041926149651239086,0.0002907636115102593,0.0013733154276776328,-0.004698355067149305,-0.0027978049387580705
2021-06-28,-0.007335810211319682,-0.008923513576788007,-0.007833587936815616,-0.0040347688899421185,-0.00761630119178288
2021-06-29,-0.0002112224427484044,0.0035316414731987123,0.003583902727313704,0.0011895727120205478,0.0034521044964529266
2021-06-30,-0.010982017791211551,-0.008898984415007742,-0.00864845457340319,-0.010304357140271782,-0.008707124822104392
2021-07-01,0.002562517193608116,0.004580548529219469,0.004651380942891291,-0.004204061267618882,0.006405500698994892
2021-07-02,0.001065056141709153,0.0005976293868707617,0.0007759680978428536,0.0052773138464116374,-0.004671025591992726
2021-07-05,0.0,0.00015187295250222426,-1.0249760160172323e-05,-0.0009805308994346989,0.0021626990755219686
2021-07-06,-0.012765962186643054,-0.009080148953081135,-0.008000282770430744,0.00041140953273437046,-0.00868500528526961
2021-07-07,0.006680830146926331,0.005500036390350219,0.006411431949487684,0.01610076553700036,0.004462907289479324
2021-07-08,-0.01776907515368631,-0.019867480916946813,-0.01927806408533944,-0.014877341222754768,-0.01950816165403124
2021-07-09,0.022013844957057715,0.017224661392277005,0.016147745633602422,0.01059313854731284,0.019603266425626403
2021-07-12,0.005331444010673758,0.0056955129338369295,0.005912960549147665,0.011165602364027773,0.0030123852172870675
2021-07-13,-0.008697392041015162,-0.0016821475971257006,-0.0012880708475939814,0.002701306635028319,-0.002299660150884066
2021-07-14,0.005563955709426249,0.0005878830297854227,-0.00013591404293455543,-0.002723016321833547,-0.0007753799622526127
2021-07-15,-0.011491738682292807,-0.010412946217304061,-0.010123120616160428,-0.011432006274740374,-0.012886306856578352
2021-07-16,-0.008611414162361108,-0.0034271820988262688,-0.0019824484902043384,-0.0022436031991638376,-0.0036349636723277713
2021-07-19,-0.024321552892992426,-0.026606381519520415,-0.026048372326738067,-0.024113102102474374,-0.029827734109392434
2021-07-20,0.00890274329711449,0.006971418363612267,0.006461064743906172,-0.001571801662741349,0.007327676469763252
2021-07-21,0.019192657626132315,0.01776244901154266,0.016359583470418625,0.0073234223678962625,0.02127904006854429
2021-07-22,0.002813892179742261,0.005655792641924544,0.006074203698747605,0.011552060186324348,0.0038851352001237935
2021-07-23,0.010360689044014881,0.011202206080447984,0.010349426032299101,0.00896851453640282,0.012365532644541273
2021-07-26,0.002136016704901378,-0.0025615522531992397,-0.0032794212909573557,-0.007533638100351409,0.0035075404484063793
2021-07-27,-0.004050237038051074,-0.010258635043728825,-0.008979791512453239,-0.009090126025050117,-0.010134514096218846
2021-07-28,0.005993284436220048,0.006924750654976958,0.005510235111935155,0.011455828163343815,0.003493573609520513
2021-07-29,0.007659465925874853,0.005730410185288523,0.004738949877643511,0.0005995044495903648,0.0035944358710472265
2021-07-30,-0.006968037705739172,-0.007609885722403111,-0.006529541376538104,-0.003402347693557262,-0.009095935412792449
2021-08-02,0.0025518055770712422,0.006860318502507996,0.00600528463971002,0.011338238154771807,0.00664291629458782
2021-08-03,0.006362489624313961,-0.0017255241890740457,0.0003344095170767728,0.0071108720916254866,-0.001618550239303705
2021-08-04,0.00042164365080155086,0.004327302467357091,0.003268400268419431,0.006989991957026124,0.004627199580416641
2021-08-05,0.004634287311292562,0.0031403728815708296,0.002393971448609747,-0.0027489859662823764,0.006306916642177833
2021-08-06,-0.00167744668044012,0.0049305397278831984,0.004649117458360259,-0.000223765804357071,0.006812286487306333
2021-08-09,-0.001890195303687725,0.0005271133823749716,0.0006244322957648483,0.0033770560642512994,-0.0007102574632203837
2021-08-10,0.0014729360396528168,0.0015643243466068667,0.0008658809893514413,-9.305679703210182e-06,-0.0005652899176410934
2021-08-11,0.006303848697364112,0.005740058668830694,0.006138449646127213,0.004244125466884379,0.006062898782864844
2021-08-12,0.002923294714384239,0.004851280463376104,0.005274897155263124,0.0012499739918690718,0.0031922065295474466
2021-08-13,0.006038096431877138,0.0020363124050161063,0.0023461558811554476,0.004206328723018194,0.002325833720628728
2021-08-16,-0.005794740403177845,-0.007129001314570495,-0.005812280305628168,-0.0032242118428535216,-0.006477688144599888
2021-08-17,-0.010199946892966105,-0.002476216553165869,-0.0008047492801059776,-0.0006811494559134203,-0.0036868119760882032
2021-08-18,-0.00567829161316602,0.0009646261820020691,0.0017002735560910345,0.003468931612016114,0.002152348707057748
2021-08-19,-0.010575118004450323,-0.013775133473543531,-0.012830283431121647,-0.0017469518717490122,-0.008946715477658107
2021-08-20,0.005557914472260395,0.0047496209358463045,0.004848534218528423,0.009315375250320808,0.0043610858537070935
2021-08-23,0.011054296849785317,0.0050574866413018804,0.0037734614764356146,0.004435073835368145,0.009622838806423232
2021-08-24,-0.00042039326537857136,0.0020895821870962673,0.0008322145387410604,7.19336242037418e-05,0.005305381774386969
2021-08-25,0.001051654594051099,-0.00028272991836372346,-0.0007530261455573973,-0.0037096757625328493,-0.0019628580773594245
2021-08-26,-0.004832895665372927,-0.003618364111746494,-0.002339417527195516,-0.0014612866235079864,-0.002943749279327383
2021-08-27,0.010768567816037411,0.00423374702466709,0.004208955600752551,0.008660148678830455,0.0018604995023111244
2021-08-30,0.001671230090234399,0.0005986909197927923,0.001221941785707744,0.0030374357113903093,0.0019254412931072505
2021-08-31,-0.00020853247183583168,-0.00016126470059178624,-0.0015461584422797256,-0.006018871175878044,0.0005155090697480226
2021-09-01,0.00959531348367193,0.006896113264978871,0.006123312693300924,0.007637807360947814,0.008895582634254695
2021-09-02,0.0037190459952967103,-2.4953694656848963e-05,-0.0006205848443783343,-1.04993448832566e-05,0.0018058094656282994
2021-09-03,-0.006381211517791141,-0.008048755953998706,-0.006947621888926042,-0.00476521230996293,-0.010070879452516092
2021-09-06,0.0,0.007472630080018604,0.006920915819113954,0.010692743383609923,0.007976814292863668
2021-09-07,0.0012428097387622294,-0.003860086623650341,-0.005217767014545888,-0.0067958614879442105,-0.003353630933083478
2021-09-08,-0.011173028532804441,-0.01010072252595089,-0.010059801319402055,-0.016858065794850243,-0.009901855195999667
2021-09-09,-0.0025110414345115295,-0.0003488220041498249,-0.0007540088593988592,0.003038461717246106,0.0023357907316497515
2021-09-10,-0.0033563004808677688,-0.004340510925810233,-0.005179977868448931,-0.0018111373100842135,-0.003582129404688157
2021-09-13,0.009261138278153336,0.005797884772724439,0.006507013746662319,-0.003175544180024448,0.00045820969728453914
2021-09-14,-0.0031282600257990234,-0.0012498043684772298,-0.0009349913564422536,0.009252013290231302,-0.0030826910553376887
2021-09-15,-0.0016734949018916145,-0.010606511593389323,-0.009687531759604398,-0.007393459358859396,-0.014647614175910853
2021-09-16,0.0006283383043641511,0.005665239736551906,0.004823989563835466,0.0053106426692517555,0.0036038208563913747
2021-09-17,-0.01675375468879281,-0.007759896841752649,-0.008969794649753728,-0.008275182971108618,-0.0065647282578729345
2021-09-20,-0.022501936001109057,-0.016782662597130956,-0.017677267239771324,-0.014190452738847276,-0.013518042105191487
2021-09-21,0.013091994637495219,0.009939621144682708,0.010375781802891938,0.017962230789091902,0.01306466408903974
2021-09-22,0.012491842549356313,0.012189816431847009,0.011656562856462653,0.009785459803558756,0.014899201034363823
2021-09-23,0.014252264431726669,0.009237529774522626,0.008604492584562657,0.0044040279102603936,0.009817561185234783
2021-09-24,-0.01027689523257469,-0.006288385388447374,-0.006747221334410413,-0.005639346577797027,-0.006170026388274631
2021-09-27,0.0004238413970905075,0.006867937184352825,0.006000120565560545,0.010404727049486149,0.0035862150807976965
2021-09-28,-0.025630018180269554,-0.01944505204863932,-0.018263102915264683,-0.012711551683507991,-0.02082744340623949
2021-09-29,-0.005434931877249638,0.008449280275115767,0.008734925675862303,0.013951349026700905,0.004425248455116422
2021-09-30,-0.010054423489251119,-0.007897207671340603,-0.008141516067939938,-0.006929550653781429,-0.007424993095351493
2021-10-01,0.0052989857502523385,-0.00046448749348007454,-0.0006925821986920125,0.0024336227201574093,-0.0013225215647078123
2021-10-04,-0.008785409799202948,-0.006948324421810903,-0.005228460703550695,-0.0010329415984990237,-0.009983103053686713
2021-10-05,0.009528011055083718,0.015360281788256389,0.01327096187336131,0.01955832127730884,0.014122314906067315
2021-10-06,-0.0070236999671822176,-0.013315891333124689,-0.013012429921853134,-0.016098963106282106,-0.013108784049999864
2021-10-07,0.01127318936962829,0.0200168006439999,0.018908975927889482,0.017047198979765973,0.023816749907780058
2021-10-08,-0.002622901364662922,-0.0030090536481519794,-0.002654799385221536,0.008351052579703078,-0.007668022306031724
2021-10-11,-0.006355475049943604,0.00025529786166571575,0.0001911906782086846,0.00821715713965273,-0.0019322741876419249
2021-10-12,-0.0006619431591744496,-0.004449282357113712,-0.004438358785448747,-0.005277662206199903,-0.0007328219356069262
2021-10-13,0.01500805405664729,0.002362908343103753,0.0026650453989888016,-0.01481848055388034,0.010787139490896363
2021-10-14,0.01565537542114126,0.012463542073868863,0.011277855846816448,0.010420836525310092,0.01845560209348827
2021-10-15,0.0077073576837560775,0.008405833313988084,0.007290075960153155,0.010658510259372759,0.009029125127924115
2021-10-18,-0.006373643033599774,-0.006530233938293919,-0.006558838098952494,-0.004814179137100572,-0.008098941205966933
2021-10-19,0.004062511992947604,0.003207171232385203,0.002455645570574299,-0.0020539299593678347,0.005224045111500751
2021-10-20,0.0038330697519981527,0.0039433025280462995,0.004756494517430539,0.007283992101554892,-0.0005032724500526068
2021-10-21,-0.002969851593368711,-0.004279500032951321,-0.004918944679339228,-0.010985424004060086,-0.0003854521484551401
2021-10-22,0.0076596147797916014,0.004818107520833863,0.0046888720724980225,-0.0012391624719688063,0.007683609150434376
2021-10-25,-0.004434221437865538,0.0011797215656585093,0.0011283636693439317,0.004291133969706618,-0.002878915493307133
2021-10-26,0.006150682717743106,0.009240046249816392,0.009225416050233195,0.002509197362722957,0.007871852724167266
2021-10-27,-0.0023186131519584707,-0.0023304843033150617,-0.0018969162397777049,-0.006090892360542778,-0.0019856512394648834
2021-10-28,0.012254119561635468,0.002725692799723053,0.002820045482217291,0.006628739266080162,0.0029412549132113754
2021-10-29,-0.003339592834470051,0.004394979494090137,0.003915577079568056,-0.0020669043454487066,0.0018325953688964642
2021-11-01,0.009843050765467654,0.008358132527561447,0.008752302146594552,0.009930217574887348,0.004676871314621107
2021-11-02,0.0008294854849979494,0.002360742657668706,0.0032296335249049667,0.00016449962792274627,0.0021994528252369558
2021-11-03,0.00994629829434257,0.0034807771365549475,0.0038260017420444505,0.0041089077809886845,0.005854643289264526
2021-11-04,-0.0018467655636545954,0.003915844557597804,0.0034467569633488473,0.00659031365107029,0.004746815631012062
2021-11-05,0.007194407597308716,0.005675706612258423,0.005433698262237995,0.009442214052562495,0.007299164005637371
2021-11-08,-0.000816548115746718,-0.004211219242732121,-0.0037531295471947626,-0.0024518810736622572,-0.004283716292870322
2021-11-09,-0.00020412588783413899,-0.0011590117042104945,-0.0007530704824020015,-0.00799893059249384,-0.0008411800507974852
2021-11-10,-0.014300362526476373,0.004221744579395022,0.0049628731601641775,-0.009225835163402323,0.0046218645607033065
2021-11-11,0.0031090205930512926,0.00039314010588622095,0.0003842062945681019,0.0047580748021030005,0.003072594708945454
2021-11-12,0.002685869235010241,0.002605164015556577,0.0024517246486417833,0.005350629830221594,0.0014051685726954898
2021-11-15,-0.005151414825704359,0.0014998592429661256,0.002227042535911485,-0.010744833549055307,-4.5538571024036544e-05
2021-11-16,0.0,0.0016909335520673514,0.000983986618263483,0.0033054037181159666,0.0032337031725816422
2021-11-17,0.00020709108759375816,-0.0016006769826821382,-0.0012850249851627592,0.0024558065375060696,-0.001792387714491787
2021-11-18,0.0026921680293205963,-0.004472689640098492,-0.0034681634159444475,0.0032718461160379684,-0.0022150197066911244
2021-11-19,-0.016109278423237283,-0.00793395768683564,-0.00846045876732499,-0.002906156955722029,-0.005435478933668791
2021-11-22,-0.011124925858518542,-0.0017395208070390068,-0.00030016205584966547,-0.004702057496892855,-0.004877277561866849
2021-11-23,-0.002547366394350381,-0.008937703630867854,-0.007865116153752369,-0.021764577421510244,-0.012881104563601031
2021-11-24,-0.008725126842960451,-0.0023916670600976635,-0.0026474524514525505,-0.006648222889964174,-0.0021209822943629567
2021-11-25,0.0,0.0034327979404473697,0.0029860443672329135,0.010008820053641046,0.004945532882652191
2021-11-26,-0.03434957003763417,-0.04802217786088081,-0.047373022837543216,-0.040415749841097755,-0.04762525332116074
2021-11-29,0.0033347522738158553,0.0019014807256215506,0.0013748106065634516,-0.0005444976742212852,0.00011542519392496365
2021-11-30,-0.007976901323337504,-0.012194265174914436,-0.012467340594138879,-0.007652094100211015,-0.013997388999818545
2021-12-01,0.0006699815752633231,0.026842850850788257,0.025921298928439977,0.02084059729000018,0.02839252699286318
2021-12-02,0.010491100754068228,-0.012238137637823783,-0.012421539757682034,-0.014558834614760319,-0.013648968704544472
2021-12-03,-0.01016112718779505,-0.007567600306248157,-0.006126803337173326,-0.005353301870918973,-0.014687641845856478
2021-12-06,0.013166583443390278,0.01786130660147135,0.017069341272096982,0.012495626274590506,0.022323774721493383
2021-12-07,0.02907510884261688,0.02009760623838923,0.01958578558470518,0.016142078557291054,0.02402561266403135
2021-12-08,-0.0008563034583544127,-0.002104685805729697,-0.0020986001228362364,-0.014854652688925447,-0.00037217058023696233
2021-12-09,-0.014781490942590958,-0.0058953064733323485,-0.004469299596505848,-0.001058092311168857,-0.009068664202053784
2021-12-10,0.004566312993075972,-0.00239975612499059,-0.0012576233553059024,-0.0032612574845432233,-0.0055560922830821145
2021-12-13,-0.009740451398547956,-0.00451202661307013,-0.0033791850527823924,-0.004135226588137674,-0.0075887631975141145
2021-12-14,-0.005901623296361569,-0.006118252208309751,-0.005949627042251088,-0.013228730881641856,-0.004530551747704109
2021-12-15,0.014731631870994466,-0.0013733887775697585,-4.182136996948964e-05,0.004020544776559263,-0.00782321202178834
2021-12-16,-0.0028166283117354585,0.01194945768343687,0.011511927096979015,0.014098776997483296,0.01236853391872313
2021-12-17,-0.017818442583182992,-0.007241235458072051,-0.006044896876954797,-0.0074831343336882305,-0.004609109759724981
2021-12-20,0.0011652896361609155,-0.014961477513197503,-0.014146191846048298,-0.014241467150380537,-0.015227626651220037
2021-12-21,0.014771555703258832,0.01601061246987334,0.014655510023300901,0.009165306870746069,0.014225792629589534
2021-12-22,0.013454037083938442,0.007890179770344428,0.006556746659590747,0.0072864117349706855,0.007979466087987983
2021-12-23,0.007616891343758203,0.01149691636402759,0.01096243955433064,0.009878849194142312,0.011747833598418878
2021-12-24,0.0,-0.0021355490164325676,-0.0020582561096279765,-0.001962033099191543,-0.002098404033832236
2021-12-27,0.009287325704125715,0.009047092796682128,0.008196845389356116,0.007980000337994324,0.008824957131495753
2021-12-28,-0.001069977878777939,0.0049539346530839395,0.0068906009229417866,0.005764349014436515,0.007085447226918602
2021-12-29,-0.000642637515582356,-0.0050277091865908305,-0.0050313729284349185,-0.0069516598670172364,-0.008433998497631575
2021-12-30,-0.001715232336435557,0.006046622642086383,0.003494098021322068,0.0028228695943993986,0.006015983084553186
2021-12-31,0.001932836383358838,-0.0029656909870312245,-0.0016437900748127996,-0.0011546740073566696,-0.0016452030197753333
2022-01-03,0.008786907806055178,0.011383319322689387,0.010534907317937482,0.016048647183114367,0.013183603535925537
2022-01-04,0.0036116839373550036,0.011237214328773532,0.011848561255096432,0.013382939877989,0.008724183911100481
2022-01-05,-0.004868816663843978,0.00686764756863131,0.006516952793842525,0.0034884448644465584,0.00473854601005109
2022-01-06,-0.004254328604359703,-0.011889781546892766,-0.012318330575964929,-0.0013066309510284015,-0.014132129995620692
2022-01-07,0.0023497630204585285,-0.004166874581273466,-0.0036761678214542546,0.0011761671144621827,-0.003309296519967541
2022-01-10,-0.010017102213111584,-0.009017308268346225,-0.008029563837402933,0.0008939641290299472,-0.020553550837801738
2022-01-11,0.009472362313946103,0.009552808635145654,0.009169488251874964,0.003428747422045493,0.009363649805823932
2022-01-12,0.010450356335327315,0.004140562888011609,0.003825285831713446,0.006520008342386128,0.00437243728888265
2022-01-13,-0.008231405369841793,0.002559342271562569,0.0012880990741508424,0.009191605743742661,-0.003264705631496854
2022-01-14,0.0002129213996902024,-0.005526324347034155,-0.004443545693480113,0.002411284479526669,-0.01799972215968475
2022-01-17,0.0,0.004826253872718563,0.0050902640746090634,6.963272388157664e-05,0.004123306845521689
2022-01-18,-0.015319115054209687,-0.007464741767937448,-0.006392872983681164,-0.0016989284430287482,-0.007475123453056962
2022-01-19,0.0012964766766176972,0.001814410537393853,0.0011600269792082193,-0.006472321481116909,0.003645311548980931
2022-01-20,-0.004531746592371766,0.004744067801729611,0.004380640023829084,-0.002043646724522831,0.00589339808239777
2022-01-21,-0.012573328877404255,-0.015400303953693985,-0.014853513021662745,-0.012674817792742646,-0.015884325906414483
2022-01-24,-0.012952610938738451,-0.03769995497909974,-0.035670834978531914,-0.03465944313423725,-0.04473766345864083
2022-01-25,-0.011121298142693359,0.007062857476925402,0.007375157515006415,0.008860885078567807,0.003092162047100209
2022-01-26,0.004498819857964964,0.020556408504444238,0.019062958823087027,0.020408653451286875,0.021637727339798518
2022-01-27,-0.0035829368987022603,0.007906818162569811,0.008715204987641985,0.016904468309783677,0.003988109713572211
2022-01-28,0.00426965019239578,-0.012489004094230257,-0.012186391280929567,-0.009708608296411833,-0.013349884682194035
2022-01-31,0.01432088023358169,0.005614383235857887,0.004858843370967489,-0.005305105155673838,0.014286298859120878
2022-02-01,0.011692111309772768,0.01186953387826166,0.010565052084805323,0.008937702283415712,0.01288943546319502
2022-02-02,0.0030529426534704474,-7.591997450465395e-05,0.0010151505147827885,0.0002568178741654605,0.00015128883282357976
2022-02-03,-0.01608714589941751,-0.01626848708791803,-0.01412431553700814,-0.009404912321766897,-0.029145568530512356
2022-02-04,-0.0015465648307945168,-0.013210176166581834,-0.013824469385541573,-0.00433996369417634,-0.01072518898079531
2022-02-07,0.0006639217587005586,0.006661263614240966,0.005997235554926584,0.003955475995825473,0.008250287946294399
2022-02-08,0.0055286300010910505,0.00398512147606845,0.004732694747781706,0.00791155749867718,0.0010233432680175844
2022-02-09,0.017154151812928564,0.018169572741276268,0.01629277971682526,0.01524479567256506,0.028068821293347875
2022-02-10,-0.011243388088710504,-0.002118351642994221,-0.0019124540393556445,0.003701586175165085,0.00101441788857107
2022-02-11,-0.02711569945147796,-0.006273762934091332,-0.005627363093314601,-0.002664872274341673,-0.012301390217680399
2022-02-14,-0.010788918517028678,-0.021761782331588573,-0.021754919481997086,-0.023297141299678276,-0.021812651673205136
2022-02-15,0.027721051700495325,0.01881752380108919,0.017764823637141457,0.014731636901781473,0.020817725088954284
2022-02-16,0.003979626927331559,-0.0018934990731757015,-0.002752622598651002,0.0006218328751877054,-0.004151385873540537
2022-02-17,-0.01915884034918558,-0.006715068794032351,-0.005228030506631644,-0.015701765560879807,-0.004779627971335683
2022-02-18,-0.004490352348183069,-0.00867911656100505,-0.007315052459127204,-0.011976038114204023,-0.007234130801643291
2022-02-21,0.0,-0.020397252890286318,-0.02024441350061433,-0.014880388758721665,-0.02258031262084184
2022-02-22,-0.02413149287340466,-0.0005029173045876967,-0.0013594528814833346,0.0011229821396148637,0.0009214579817383577
2022-02-23,-0.009706943666702883,-0.0022224395613888873,-0.0015814863887426594,-0.007882692336860406,-0.0040115624173513685
2022-02-24,-0.018436116301240424,-0.03727244177536339,-0.03642448323357324,-0.04664231062532166,-0.027508547164284875
2022-02-25,0.02686617383038281,0.035038102809511425,0.03457632978812025,0.03609825708802971,0.03359908562434922
2022-02-28,-0.03357234163231115,-0.013590731320389711,-0.012392817923228843,-0.0066050850157248495,-0.008266222656592737
2022-03-01,-0.041207469066960045,-0.04024929895577329,-0.03712375472836964,-0.0393124309129464,-0.042927225246584974
2022-03-02,0.020239714001868192,0.011488289084621515,0.010826753290237832,0.0015169663781899698,0.013019944899410494
2022-03-03,-0.028410546658373503,-0.021389240700577992,-0.020449575445400374,-0.026927373148897305,-0.025556037803337137
2022-03-04,-0.052180289720743955,-0.04956555636277977,-0.046550597740348566,-0.046613424179692095,-0.05993991652164927
2022-03-07,-0.03723397926792049,-0.018122445685010133,-0.01591533479167517,-0.008498486267502634,-0.02221983491913747
2022-03-08,0.0292818299940647,0.002432110568992076,0.0013305596794174759,-0.007271663243452745,0.012880385872228216
2022-03-09,0.07004807327104423,0.07673175118474998,0.07367593872145352,0.051466521255366056,0.09147335123628782
2022-03-10,-0.029846917088036995,-0.03209517959008082,-0.029706177514844802,-0.023428035176696928,-0.03570520989840181
2022-03-11,-0.008531396924084333,0.008866000539014051,0.008826673482335623,0.007390265066030253,0.009260919458062396
2022-03-14,0.021381630416897446,0.018479939963591104,0.01818881950588765,0.009404677351519824,0.023479582458959383
2022-03-15,0.009701493274876682,-0.0018531635954039695,-0.0018688827222135764,0.004096321436075336,-0.001219664763301776
2022-03-16,0.04778743891368076,0.03872586852546743,0.03602787776673145,0.018267087385261734,0.041056378385152865
2022-03-17,0.0012067732092611028,-0.003971924190946776,-0.002402784276403152,0.001407254506198339,-0.003989326492996579
2022-03-18,0.0033742909448077896,0.0006863718522050287,-0.0008108281271288482,0.0010073971036765046,0.0012288759997068162
2022-03-21,-0.013772600055237949,-0.005463476875022941,-0.00462465960215792,-0.0014342136338167896,-0.00991358170606073
2022-03-22,0.014648339688602352,0.011109988713171618,0.009668173382452704,0.010693403210151272,0.01057741460344209
2022-03-23,-0.02309891981663359,-0.014222523218708493,-0.012723894277143637,-0.013049002489150037,-0.01255149907654668
2022-03-24,0.008866871360763362,-0.003013190585450909,-0.001963416429930563,0.003207076048237343,-0.003569907128829023
2022-03-25,0.0009764442259667661,0.0008069480786861835,0.0014861745295818127,-0.0003671999835336534,0.0013940664953555001
2022-03-28,0.007805085033152137,0.00456785040751795,0.005304178984458647,0.007840771566601281,0.004968231873564453
2022-03-29,0.032913904402939176,0.03354179089990492,0.02845226354317117,0.02025717015932007,0.02826524513936831
2022-03-30,-0.010309335361423533,-0.011092653279779529,-0.008547986978695665,-0.011314025061164983,-0.010522994650434431
2022-03-31,-0.025804742869456,-0.014830138398946716,-0.01318600760750754,-0.006367323016011664,-0.014015977840561935
2022-04-01,0.01166437274601173,0.00475109087022143,0.005144878563953646,0.008692730717218896,0.0045850786990998165
2022-04-04,0.0016814822030590815,0.0065555095369125614,0.006216910364794323,0.003916774496244565,0.0037025770770691604
2022-04-05,-0.021102928320351655,-0.00812920580816288,-0.004933596914954786,-0.011327706494516698,-0.006040851353658561
2022-04-06,-0.02008827808121183,-0.021563729801886033,-0.016788383223321705,-0.026166924053448004,-0.018460473355004895
2022-04-07,0.0007499090775473505,-0.0051893912682827985,-0.004035367845327146,-0.003677025337575388,-0.0035943120027032696
2022-04-08,0.00024967517570551045,0.016569209671079187,0.017626848979386614,0.013376124895787963,0.018670684082284353
2022-04-11,-0.006743083853735454,-0.00424885348651917,-0.0020756697657231013,-5.337051352384969e-05,-0.002791243428186669
2022-04-12,-0.006537770084012684,-0.003961834811573414,-0.005332926773092014,-0.011363134342906672,-0.006283659231373067
2022-04-13,0.011642951233330034,-0.002781158134773355,-0.003421514233737488,-0.00044692378240441903,-0.004342079213829345
2022-04-14,-0.005754369163443962,0.007091677241875358,0.007172140049277678,0.0025813212009812023,0.009118027646747963
2022-04-19,0.005787673573784957,-0.0024673528014942164,-0.003006432806796119,-0.010855180098100188,-0.006852349960982355
2022-04-20,0.014510840507014011,0.015006939619752342,0.01436086615268491,0.0034862292013901988,0.017956684767608512
2022-04-21,-0.009371174318171471,0.0058152464742326345,0.005316316057970103,-0.00031308587981713365,0.004180479693661864
2022-04-22,-0.015683473911531576,-0.016698219665565648,-0.015617466316215856,-0.016737882060721628,-0.01803172944500572
2022-04-25,-0.009863537146340029,-0.02203934303623073,-0.02148601223690696,-0.0013676548511342267,-0.02245545666216597
2022-04-26,-0.034482531836378505,-0.008334688220377024,-0.006627937212597952,0.0019831481346082283,-0.010319635836248108
2022-04-27,0.0002645181886340442,0.003408128661932874,0.0035447187040142385,0.005879767973989639,0.0021264342155070406
2022-04-28,0.019307218256507497,0.00997398392631571,0.009877107754793606,0.005662507940514249,0.009748113852617665
2022-04-29,-0.015049588516085732,0.008155992246720135,0.007726735838205754,0.005414077692932061,0.0016726991733655597
2022-05-02,-0.0002634032995050273,-0.010740142926252914,-0.009932452886173173,-0.008537641192983406,0.004356267403867627
2022-05-03,0.00790519867820394,0.009622211681145519,0.00938540925697509,0.007924438913516107,0.0064579992543188905
2022-05-04,0.021699409760437494,-0.010785215981736714,-0.008843607099016628,-0.008747502267207736,-0.00947185109328452
2022-05-05,-0.034288764458515586,-0.007517771506457918,-0.007107446978023524,-0.0018365813563928904,-0.008272012397495393
2022-05-06,-0.01457322401482275,-0.011435689129325738,-0.011958330793443198,-0.006874666297995337,-0.016782382309250887
2022-05-09,-0.027695604628538706,-0.025057176045653343,-0.025180999131516574,-0.01828433205710725,-0.02679890036413764
2022-05-10,0.01078515818682968,0.004796614360887694,0.006172652833911174,-0.0050049725600809615,0.005632349281677817
2022-05-11,-0.001367940871516038,0.022211014128284457,0.021129767492413905,0.02837850727372578,0.02094584138677325
2022-05-12,-0.0019178111181784585,-0.004657156414960527,-0.004127315273516824,-0.013384339016162414,-0.004372504691918757
2022-05-13,0.030743938958806227,0.020568816835111067,0.02034697552203682,0.015185679671870955,0.021137363456218618
2022-05-16,-0.0010651172943277887,0.001731387154020497,0.001320663752477936,0.0038362018274902022,-0.001135265190758482
2022-05-17,0.028792262572804317,0.013694783358065763,0.012920920531390573,0.012182070780360847,0.011756074323824575
2022-05-18,-0.034465046660795196,-0.01306857868011512,-0.011419966198393524,-0.005189084496575265,-0.012101039873666683
2022-05-19,0.010467218980053428,-0.010337975965458808,-0.010349436905721855,-0.009772163618503133,-0.012405529905772908
2022-05-20,0.001593432232512626,0.0036669155632089085,0.0045970080781257095,0.007221450464052454,0.0014245938107714975
2022-05-23,0.02572269181634712,0.014323854553180155,0.013653258002813822,0.013921097761788273,0.014129827890175927
2022-05-24,-0.005170891943358069,-0.015537711083898462,-0.013156709289149433,-0.008674190258106429,-0.012066033449188038
2022-05-25,0.0025992190856083397,0.009307177944454473,0.0089090459182737,0.013999807102744373,0.009414349170294429
2022-05-26,0.018921649510452054,0.018912819120629292,0.016584084965331054,0.017324252894808403,0.017402727602456747
2022-05-27,0.019079311567113066,0.010776128051667107,0.00986358117919572,0.002080226344158142,0.01443982444512013
2022-05-30,0.0,0.006376705401383675,0.004714990653225057,0.006810416303039859,0.008821526952012462
2022-05-31,-0.005242464098456634,-0.004615195973913364,-0.0059986195416284836,-0.005468774331504479,-0.00929660017559209
2022-06-01,-0.016562039806486517,-0.006555605381660691,-0.007099791377914579,-0.0016646731358322165,-0.00701149803574107
2022-06-02,0.02730274932802268,0.006735617653347419,0.006251940510320099,0.0003996241234790882,0.006960783835385728
2022-06-03,-0.014157751097986782,-0.0024807928267450495,-0.0015387347501962883,-0.008032812740600593,-0.0016192425599844717
2022-06-06,0.00806226302566837,0.016121752731923452,0.014808494497365838,0.012940710211070636,0.017975281810937504
2022-06-07,0.0009998435130138539,-0.008644823369089396,-0.00792298442687633,-0.007744312945690686,-0.008326493739226485
2022-06-08,-0.014481857015609778,-0.0035829293891959167,-0.005337359880292781,0.01915690605388644,-0.00587996913665217
2022-06-09,-0.029389434772563616,-0.01711283993991775,-0.016208516933748994,-0.01274197040105176,-0.018331860747226893
2022-06-10,-0.032367525633695826,-0.032967850171271976,-0.032031734615120704,-0.03148782334920957,-0.03271832368562705
2022-06-13,-0.03668747425002228,-0.02677586758618767,-0.024505347873709275,-0.027422475082420895,-0.023046938180280124
2022-06-14,-0.00924101154397905,-0.007524588233639497,-0.007533069771320776,-0.0012432788964445952,-0.011070364305271457
2022-06-15,0.024590459211849103,0.018748848558122148,0.017582272099782137,0.018610011495009026,0.01618460659746429
2022-06-16,-0.028414070997561658,-0.028396419710556665,-0.02630184116704359,-0.028192375180668573,-0.021553350179127816
2022-06-17,0.0051105397060611235,0.005681934617247982,0.004457541185410234,-0.0012399591717376574,0.009524596484509734
2022-06-20,0.0,0.009691061919330696,0.009461969067798672,0.009849757023265645,0.004215581333334685
2022-06-21,0.015036492032316495,0.005475323948103859,0.003629799534694606,0.004266904151873261,0.0027019441769401777
2022-06-22,-0.005686391057604379,-0.008595137240523064,-0.008438899286449437,-0.015853547933563035,-0.00872349835145374
2022-06-23,-0.004003303776587863,-0.011421815952447428,-0.010411077230381172,-0.002474251384341574,-0.008853775436186427
2022-06-24,0.0335914907015773,0.02571460872672912,0.025183545633942442,0.031403641356980136,0.026094382460810646
2022-06-27,-0.00861117061516925,0.003023676331358307,0.0007767789273313226,0.01116933490154762,-0.003969694148954359
2022-06-28,-0.00924627979228998,0.0046382682332833484,0.005610857115610812,0.0023085284853099227,0.007813275444273585
2022-06-29,-0.008484080188889243,-0.010543674640633664,-0.010479500260732997,-0.00045565420035761646,-0.012459900547311012
2022-06-30,-0.007701044081441899,-0.015996661441473277,-0.01554764763533029,-0.009142705959387109,-0.01690014906878286
2022-07-01,-0.0014370194315453944,0.0013900418581988402,0.0010798826792123586,0.010295984744537242,-0.0009356526578292224
2022-07-04,0.0,-0.0012799202157337873,-0.00019606246083751227,0.003303066783430321,0.001129718818650201
2022-07-05,-0.03483038929476123,-0.025113693385640505,-0.024324275396025975,-0.009185241066308122,-0.022302785101449746
2022-07-06,0.0005964080974707464,0.01749389964386974,0.018052737715889677,0.023761055395520137,0.017776547565044175
2022-07-07,0.015201532384773841,0.019750945878616782,0.017920800783158403,0.0010792378536551592,0.02106699678772605
2022-07-08,0.0,0.008330556365943211,0.007995457092292926,-0.0026247163965954536,0.006750378602993644
2022-07-11,-0.01996498200203667,-0.011843296738607552,-0.010246187160921277,-0.005598904833405286,-0.012157809258681363
2022-07-12,-0.0023965413700822724,0.0039062468350968015,0.00422737203820942,0.01459483729000088,0.002269867607432338
2022-07-13,0.0024022985780076667,-0.009376969980390061,-0.008696501407744231,-0.010986448174208236,-0.006528017847250616
2022-07-14,-0.015877975268266842,-0.01847769713910223,-0.01915956415892213,-0.008625359217074986,-0.02028274826648157
2022-07-15,0.0225267085834433,0.02293835188693627,0.022027472050583596,0.02291583165492273,0.02327631684550897
2022-07-18,0.00595424100792874,0.01081069953460317,0.009232517515583958,0.012840716570353204,0.008636295215606382
2022-07-19,0.04113651620736891,0.02368999125592865,0.022559676057638214,0.015888836238262875,0.022954802477097934
2022-07-20,-0.011654361109983635,-0.0028119529399993942,-0.0033128281390900774,-0.002660448091314237,-0.003691530168041752
2022-07-21,0.0123669252534504,0.0008040952187207242,0.0006879836113944939,0.008201339031778904,0.0047314084007210435
2022-07-22,-0.005965778882845552,-0.0011926051876127947,-0.0013216455217326443,-0.0026868555042065018,-0.0015201342813131076
2022-07-25,0.00914537508498281,0.0011716141834825925,0.0013238949212912967,0.0006932253947241045,-0.001255003564915511
2022-07-26,-0.02350601969649946,-0.008542526885605898,-0.006573700139017098,-0.019890337705110298,-0.007672396071019238
2022-07-27,0.030162267715844848,0.007225349778528875,0.0057487599526531725,0.014145280338838878,0.005649855842789244
2022-07-28,0.009009094235177706,0.011785302737940501,0.010267763163749156,0.02021292196629328,0.012418214517849515
2022-07-29,0.018136118335561502,0.01577604199383406,0.014876564081009841,0.021462775201991108,0.01616888533936063
2022-08-01,-0.0013702441311387314,-0.0009412992733370315,-0.0011928540805638181,0.00432011970354629,-0.0005387728252490637
2022-08-02,-0.018111948235505104,-0.004077669668194208,-0.003933202951412058,-0.008164829500316812,-0.005607993529359497
2022-08-03,0.018166648999168533,0.011855033029806276,0.010695708935866717,0.019536056041702488,0.01342451459599744
2022-08-04,0.010156436727817075,0.005387838746426,0.004823672973921952,0.00989947689753514,0.006019417802086709
2022-08-05,-0.008695619421209666,-0.006178239490641545,-0.005498354954272009,-0.01743699947276853,-0.00911648285642057
2022-08-08,0.0027413543826610987,0.010117886587760779,0.009262114156106458,0.008449948254542212,0.008243808284630137
2022-08-09,-0.007928067414006645,-0.009488386700032037,-0.00748616187076846,-0.026133674143588154,-0.006034345265483215
2022-08-10,0.02232008358442661,0.010254573537372785,0.010032728333572525,0.02182461623952424,0.007995406222807453
2022-08-11,-0.0016172802746149406,0.001694010564508125,0.0014428624617664444,0.0044603066483104884,-0.0013889314646098735
2022-08-12,0.009989402893594068,0.0033828997598306975,0.0023692635771768457,0.006919893498819429,0.0024508500252237064
2022-08-15,-0.009088718666830697,0.003477787844923121,0.004421295760736021,0.0023419885261777846,0.002602718811963926
2022-08-16,0.005665232238943441,0.005009980997418158,0.00510852347999647,-0.00238778019592015,0.004989089501279252
2022-08-17,-0.011802600977558031,-0.01448514893264648,-0.012173001025149607,-0.012813074133387262,-0.016660388594591045
2022-08-18,-0.005157436051384412,0.0027076166733820428,0.002859059000689209,-0.00016038115693172502,0.0034283331691227366
2022-08-19,-0.019372430261497375,-0.012788816900389374,-0.012065460438454134,-0.016062191507115024,-0.0100699689935277
2022-08-22,-0.03060680927849513,-0.02068042221928396,-0.01837813444456522,-0.015724444439384862,-0.015255825146277888
2022-08-23,0.0028704574298366037,-0.0024624921586817537,-0.0019694664088098623,0.006549461349002598,-0.0033382740035861848
2022-08-24,0.0025758911137676588,0.0041759887191929095,0.004051962186369046,-0.0015042808249885362,0.003073711303163234
2022-08-25,0.011989820511209448,0.0010584544802750779,0.0011033313956322185,0.0015158367366676622,-0.0034371113666625
2022-08-26,-0.03582529749753016,-0.02054078376902232,-0.019802004792345534,-0.012738825122929632,-0.018978966515517354
2022-08-29,0.0035108890401767123,-0.007635262223937701,-0.0062968866177285,-0.00024066969016039064,-0.006404974511973211
2022-08-30,-0.004956337840171132,0.002333790714812839,0.0010442425047135966,-0.005420823895729705,0.0039026395246911836
2022-08-31,-0.008496688751502002,-0.010954097277842204,-0.011243412142462404,-0.012919665364230335,-0.008129329088030546
2022-09-01,-0.01507100704453912,-0.0151116931117724,-0.013216673676547663,-0.0033991878354971278,-0.01861351887554533
2022-09-02,-0.008100956576377771,0.0250768136543224,0.024229465750232188,0.025086115516404297,0.022114054637239592
2022-09-05,0.0,-0.017099410739526328,-0.01592703906210625,-0.003898697683541284,-0.015949550710333858
2022-09-06,0.0,0.004176001516251053,0.0037389578370603887,-0.0006375467532570663,0.005912848770526313
2022-09-07,0.02329094486946004,0.0019918171185690984,0.0024369420373051747,-0.005765138601848731,0.0026961854551365207
2022-09-08,-0.005911813595172344,0.0031301265273561345,0.0046037648063984565,0.0011116350112162646,0.002968444994522946
2022-09-09,0.028545897838994527,0.01653496575363851,0.01563465448046404,0.011151848175675244,0.017157479184837336
2022-09-12,0.02399536620602949,0.02472392608631085,0.023645632223176505,0.017557887834775236,0.02283369489261678
2022-09-13,-0.0381140428789728,-0.01625055219191666,-0.013625232568024776,-0.005876982501384478,-0.016860479632720485
2022-09-14,0.007044263831989195,-0.006456707170651023,-0.00756351158309736,-0.0063659910993923135,-0.009872797457754072
2022-09-15,-0.01078412289174635,-0.004677268540161659,-0.004709418600032467,0.005599756409718316,-0.003770804457054823
2022-09-16,-0.004419397554576543,-0.011351062753106538,-0.010610688459616071,-0.01061181733682986,-0.00977547925333702
2022-09-19,0.0034797489698019657,-0.00018905789428936914,-0.0003176800798986346,-0.010426907181082594,-0.0024814383186761058
2022-09-20,-0.020746757924224313,-0.012012610025134068,-0.01151533404166361,-0.009336978389918918,-0.012934441784170355
2022-09-21,-0.014830552695624055,0.005549730369912661,0.005218845339230101,-0.0011792996559126861,0.005619526351534599
2022-09-22,-0.003686651033566246,-0.016082878827644795,-0.014731471484547629,-0.004057494913672762,-0.019896547223152844
2022-09-23,-0.03854463530049479,-0.024777689133119007,-0.023373408582534186,-0.03413940966553617,-0.022674084816585567
2022-09-26,-0.013470129079437787,-0.00370154810378865,-0.004533140176449882,-0.01224194761843683,-0.004433123300501278
2022-09-27,-0.00747715526916648,-0.007130214997832351,-0.006659830389166218,-0.0169034070812276,-0.006022810194864617
2022-09-28,0.025548504723940102,0.001991851273934734,0.002526754406916111,-0.007649868682214652,0.009210803663821591
2022-09-29,-0.013414334204012612,-0.0173225225363236,-0.01590182180030495,-0.008223138506766562,-0.018704645845416704
2022-09-30,-0.004208347500746612,0.012049726305337927,0.011198303042420801,0.015383873292228671,0.017634821497793884
2022-10-03,0.023732065126709445,0.0068756518433172155,0.00561613467249092,0.004415783705854741,0.006688704225149143
2022-10-04,0.05811381467890131,0.040645938543775136,0.03831946426961578,0.041590749057900375,0.032093643771326015
2022-10-05,-0.013805547130438578,-0.012092818023585965,-0.010696112765584203,-0.015488372400958168,-0.011158463321411708
2022-10-06,-0.022519714273485647,-0.005980007457741073,-0.00723882261999171,-0.010271142592732927,-0.008312330403314614
2022-10-07,-0.023350048187523842,-0.01559957568226826,-0.01329423842559417,-0.009371440277596413,-0.013959792029196094
2022-10-10,-0.004462847806251169,-0.003839556995515751,-0.0025604566633556022,-0.00534458724168715,-0.006798785261339418
2022-10-11,-0.01056685657663925,-0.0025033641879283236,-0.0010810810574130286,-0.006729089175248036,0.003809417453866621
2022-10-12,-0.00032367668581045894,-0.004054827524627927,-0.004015557724915672,-0.004037100712753419,-0.011152474548064489
2022-10-13,0.030430724089328898,0.010379257115927791,0.009503174460211218,0.011707945450035557,0.004752280435162678
2022-10-14,-0.016651010400365207,0.007662559244817306,0.007583947769192243,0.010107844061508055,0.014701997198344361
2022-10-17,0.0341851957934991,0.01977765629115672,0.018102678601289213,0.019138728312576476,0.02019034012866441
2022-10-18,0.013901804208036994,0.008346107802238541,0.007699341729435845,0.006139171038334041,0.007206568777333845
2022-10-19,-0.010664162855383852,-0.0021585173264506738,-0.002085457273044993,-0.005817249561529558,-0.005204713611120547
2022-10-20,0.001231975868667634,0.0035723560288139756,0.0012099956304429792,0.006821101544599559,0.001370390834091322
2022-10-21,0.020301368200522862,-0.007495856396172379,-0.006309914054640847,-0.004850374346506128,-0.018874128841345282
2022-10-24,0.0078383464141496,0.014182696377160766,0.014887239401853575,0.01355861907920395,0.01656745247646167
2022-10-25,0.025725661580907833,0.014836828914920877,0.012992291416667886,0.008736168349282675,0.015828711628574566
2022-10-26,0.00962357628400845,0.005961300120112314,0.0066344894964550875,0.008448324072656927,0.006669086515384237
2022-10-27,-0.009531845838454789,0.001113488778901359,0.0027574768872600038,0.001744348219586437,0.002241664391056912
2022-10-28,0.014872849574767644,0.0004442859261748049,0.003578696193962207,0.001834125687116221,0.002437110291373146
2022-10-31,-0.015229694776172864,0.0026901375235697175,0.0027104888115158906,-0.0008553982316658184,0.003155167942131482
2022-11-01,0.008753895439260528,0.009923857501519018,0.00862516957275365,0.008593685742975926,0.008098171554424256
2022-11-02,-0.023719997050029806,-0.008004028409159989,-0.006244653624625885,-0.0028091455402416586,-0.006550275578276712
2022-11-03,-0.008888833299453336,-0.008263295452918698,-0.006176617327297253,-0.005005201159693982,-0.007093444431249543
2022-11-04,0.05381150706942983,0.030179691255466275,0.025707161054661188,0.02258980954306241,0.029917302096879657
2022-11-07,0.009645638879070884,0.00580972185924026,0.0046372021388341265,0.008214336445973481,0.00525596540805143
2022-11-08,0.009272231524412922,0.00784746497117798,0.005266754396892095,0.001054109506883418,0.004754633512505641
2022-11-09,-0.011692785219554303,-0.0011077233675122486,-0.00033951717520518164,-0.006897857460968895,-0.0009601479164124589
2022-11-10,0.06225353296640623,0.02802492603373197,0.022729313021066018,0.03221901989272187,0.02416572569778529
2022-11-11,0.024661983068868132,0.006956536699747184,0.0005433135337056019,0.00631205099756307,0.0009957604879792016
2022-11-14,-0.008540448336490924,0.0049981550467033155,0.006235102014852607,0.009263633221576029,0.0044383283838534595
2022-11-15,0.006525888632339827,0.006163840356406103,0.004714520605133713,0.007030632015495565,0.0032283838622385284
2022-11-16,0.0031118830903134054,-0.008592293118676054,-0.006083205556781157,-0.010487304706329997,-0.007443710277327637
2022-11-17,0.0012926495750507083,-0.0026538262580813525,-0.0036213262958289874,-0.0036863412841337826,-0.0030313708786222325
2022-11-18,0.004905575919015748,0.013489613561384105,0.014261518551564437,0.007477571387747774,0.014206068792008622
2022-11-21,-0.009249407434835044,-0.0037177991750414405,-0.0016518776284210309,-0.015051231423178112,-0.0026342589555358314
2022-11-22,0.01244818270254755,0.0037915787194470457,0.005377193639370375,-0.0012934013840427674,0.001954286646120018
2022-11-23,0.009477162003008077,0.0022021356720239222,0.002109307416122469,0.0013848072055313166,0.005060022990217073
2022-11-24,0.0,0.005995768169030443,0.00485661268023369,0.007466380993736162,0.00564227559432792
2022-11-25,0.00329876199652257,1.0870337121546966e-05,0.0012764073994040713,-0.003799337942832005,0.0012884142728363439
2022-11-28,-0.015427466069087958,-0.007347416905207905,-0.007664050208677321,-0.00899292869537361,-0.004329735999132409
2022-11-29,0.005651219341990199,0.0017349378348976798,0.0018914774689884916,0.0026242215385203415,-0.003906997756721777
2022-11-30,0.022988574464123834,0.007117630171802751,0.004994066718553918,0.009554004355714572,0.010729889639896963
2022-12-01,0.004993621655647873,0.004775189362045625,0.004930052349816955,0.008385116587151626,0.008641246670764003
2022-12-02,0.000993948770933395,0.0002705840783599117,0.0005593608474330739,-0.003815861285778491,-0.0013002030956178639
2022-12-05,-0.01340290981796699,-0.006601172163409691,-0.006916444187723157,-0.004403917677535709,-0.006847146600573005
2022-12-06,-0.003773666244508145,-0.004263793369969743,-0.0023591732740463884,-0.0090626766355958,-0.0070180269003683035
2022-12-07,0.002272776446462288,-0.005131922564771221,-0.004732870056671997,-0.0047108842913379835,-0.007556695251471022
2022-12-08,0.003779581687120004,-0.0013500213032320522,-0.0020687567674365485,0.005719582461581163,-0.0004932825181499317
2022-12-09,-0.0037653502383138138,0.0052885154897313645,0.005538237990381744,0.00443728715574902,0.005719255294970043
2022-12-12,0.0045350346856545265,-0.005695969272428853,-0.006190957933677673,-0.005928627770365639,-0.0074858610978968156
2022-12-13,0.01805887295315034,0.01459475422605536,0.01312460863692871,0.012957364040261907,0.01933936210792585
2022-12-14,-0.0024635424040775344,-0.0010665353586485392,-0.0018117261235978692,-0.0006167177562825049,-0.0035628729045477656
2022-12-15,-0.03383568855352659,-0.033876266084865714,-0.03178945591120075,-0.03281916420220096,-0.03853978723200923
2022-12-16,-0.00920243891233996,-0.006586654529681838,-0.006352123702947483,-0.008788293528637279,-0.013418519021598218
2022-12-19,-0.0019174498068532664,0.0022513582311692415,0.0033709440546051466,0.004574611624985067,0.0015295899103752865
2022-12-20,0.0025962635671543666,-0.002096146133215839,-0.0007300113983786143,-0.0024361857176707887,-0.005838789154006389
2022-12-21,0.01657150708106947,0.018642095877187324,0.017152623019118452,0.01781303401094626,0.020037114443969453
2022-12-22,-0.011207244072887423,-0.011709973761556814,-0.01037635461591483,-0.0065158670121115165,-0.0075570725163722876
2022-12-23,0.0010304369108247169,-0.00031255735784552907,-0.00040285098205931083,-0.00047198198239475187,0.0011300295088671774
2022-12-27,0.002315989365254456,0.003860162862113294,0.0035886921127165814,0.003631043616150756,0.002034158578676207
2022-12-28,-0.01206690229632068,-0.005294730169630763,-0.0051906879868010595,-0.0066450767474971,-0.0036889538625804927
2022-12-29,0.020270306807570915,0.010341940655392522,0.009032924345646337,0.009575334264220208,0.00857342764719737
2022-12-30,-0.014264015733199797,-0.01353329941649201,-0.013324206629302036,-0.011860288147701174,-0.013410615409649667
2023-01-02,0.0,0.01839270652886897,0.01737238989966889,0.02086735500303839,0.017264071811106178
2023-01-03,0.014728937671821818,0.007713487978031538,0.006636483261170341,0.013781358206868582,0.005974942997478019
2023-01-04,0.027501710696865356,0.024406276010356158,0.022235418587778208,0.02390152027531899,0.023382303105889648
2023-01-05,-0.011152234618865497,-0.002415343295053864,-0.0026384142516426567,-0.0015137602453718457,-0.0029208648254331307
2023-01-06,0.030075213849227733,0.013354797240029533,0.0122526679266984,0.01421788916259772,0.011114098912502247
2023-01-09,0.010948623144418024,0.009255582242841945,0.007222280920860542,0.0035893036322336967,0.006168716168579661
2023-01-10,0.008423716453195063,-0.0021648358451396258,-0.0018097206245051795,-0.006848357988309528,-0.0019008841104362938
2023-01-11,0.011455997590824829,0.010329691871196364,0.009061083280867695,0.015275323618537857,0.009020826293670271
2023-01-12,0.013921516505545295,0.0075486133519568595,0.007216177397100946,0.01070132725658993,0.00781988112772531
2023-01-13,0.006516138486029721,0.004224879078329829,0.0033978965636762993,0.002774208820558325,0.0034890890757175584
2023-01-16,0.0,0.0025769197192397836,0.002272391921166423,0.0024272245752058517,0.001915699231481758
2023-01-17,-0.002080813904705936,0.004221834393456475,0.0033772078396204345,-0.0018865017715005165,0.0046991036200572074
2023-01-18,-0.006255843851422194,-0.0013836157836828178,-0.001808968182470973,-0.006778455033731471,-0.0028687939999634256
2023-01-19,-0.007227686534840072,-0.018394029059539574,-0.01589751765433993,-0.025637388398221425,-0.021930331612962588
2023-01-20,0.0098636817889719,0.006439626559486023,0.005055690766953367,0.008056689523509176,0.00636113849652746
2023-01-23,0.0067440626156545225,0.007125783314961996,0.005452841682535077,0.011860310178318354,0.003829971365712912
2023-01-24,0.00046221085024589215,0.0003295803453584658,-3.490348890366586e-05,4.322552429563136e-05,-0.0012279723553984701
2023-01-25,0.005772179786522225,-0.0020078415715421736,-0.00138215851786038,-0.00790157378989976,-0.0023452189833388223
2023-01-26,0.0029844107102494632,0.006581675637427258,0.005537519866564229,0.01125247068800917,0.010722767732891398
2023-01-27,-0.005493272432021579,0.0006322994463080631,6.840590765016127e-05,0.004337504588485937,0.0012566574026299997
2023-01-30,-0.009436024238393403,-0.0021854851559907026,-0.0009668142465892615,-0.009178513608857963,-0.002018392871374872
2023-01-31,0.011849421800661952,0.0031819437079953707,0.0028128705139271633,0.0015088758098770131,0.0011417845476387888
2023-02-01,0.01423658837901609,0.0038373813082745217,0.0031036309457973927,0.001125024977853415,-0.00031566750517464674
2023-02-02,0.00452794833665382,0.019374513141841028,0.013209076597984029,0.01658782078797637,0.010925616217698648
2023-02-03,-0.012170485087033334,0.0022914249760674567,0.0009911913182826515,0.004052258353886827,0.0026678210013161814
2023-02-06,-0.01232043070519695,-0.011242425644115596,-0.008786124641727096,-0.021955030700627157,-0.014076001966019751
2023-02-07,0.007392297325396813,-0.00097646005540559,0.00011387975582040978,0.0005066115002782339,-0.00031017905343007124
2023-02-08,-0.007338052261292138,-0.0009286941746242356,0.0022321380606765743,-0.013252501966143469,-0.0052663380681057985
2023-02-09,0.003696052528994187,0.0095931919933979,0.007673336845743233,0.005923554124394966,0.010591932602678832
2023-02-10,-0.00897570701220407,-0.012861179299487694,-0.010203403429880924,-0.027196609267290065,-0.011524306776561046
2023-02-13,0.015095128847113282,0.008868478782237801,0.008316718458048492,0.003706871870631447,0.009411027281627366
2023-02-14,0.004118021514025072,-0.000599816378002377,-0.00038800952998300294,0.00355514704872722,0.0012257445623656254
2023-02-15,0.0036456200882315493,0.010588130999755791,0.010604554689398195,0.004180301738058301,0.016743784433776752
2023-02-16,-0.005221448639284865,0.005554746468531755,0.004106743731596468,0.008954252313598131,0.009940401770641857
2023-02-17,0.0025102725343779664,-0.002227732129882494,-0.0012836057279910116,-0.0006427825876472805,-8.34627869274572e-05
2023-02-20,0.0,-0.00041793415922101605,0.000661687480490958,0.00028704199462620933,0.002139775869886891
2023-02-21,-0.015706568209863492,-0.00592752874066903,-0.004683843252088815,-0.0056612860199092355,-0.008511002209813705
2023-02-22,-0.004162974073181447,-0.0019540720007688345,-0.0006636406195845004,-0.007481070720578929,-0.0074098650025618065
2023-02-23,0.010450555595610478,0.0026122954012489487,0.002543827310359298,0.008480107223054293,0.0014535190890634674
2023-02-24,-0.02482208350131443,-0.01841733523296647,-0.015762635901588037,-0.0140367539339379,-0.01753402346558287
2023-02-27,0.01720499250210561,0.014183188310497499,0.013982353587459202,0.013848951447213268,0.013860040615505439
2023-02-28,-0.007182664102965419,-0.0004162443257454764,-0.000395412046624036,0.00494383903815418,-0.002477079748693488
2023-03-01,0.00583443694973762,-0.00484419762744982,-0.0056633318140964185,-0.004161688001791184,-0.0058432359940093145
2023-03-02,0.004408138404712103,0.004699587080380768,0.004572072304361434,0.002761707809809372,0.005381461413486124
2023-03-03,0.015939160439365718,0.015108457654812748,0.01468918689056141,0.01188423041410808,0.01579553317251433
2023-03-06,0.0004546753064753606,0.003482080817225575,0.003531561154775056,0.00013164374141118063,0.006587854633873963
2023-03-07,-0.019545368647393424,-0.0083503841245418,-0.006991206415110581,-0.010017475802564822,-0.007135622277648394
2023-03-08,0.005563210287496734,0.002116522262641927,0.0015532734322331885,0.004347288954805322,-0.0011041801965364602
2023-03-09,-0.011295490342011383,-0.0009358441757736272,8.615063696527015e-05,-0.002375670109279062,-0.005123065256976047
2023-03-10,-0.00652838949961887,-0.013371529901286545,-0.011733285522067018,-0.014051642294305935,-0.015161521985099947
2023-03-13,-0.012438295883240746,-0.03160143915724062,-0.02964743895943064,-0.0216833395253675,-0.029326024489528018
2023-03-14,0.020675020316119452,0.018223464701658497,0.01775238299566715,0.01460788683277525,0.018926338309300034
2023-03-15,-0.036321458985979604,-0.03474418520486131,-0.03004300665526347,-0.018973709353981183,-0.025800233210478928
2023-03-16,0.019086778632782186,0.017511574762666886,0.01762276045138491,0.013145586810439569,0.015117980413338403
2023-03-17,-0.01469889175210437,-0.013895674604627664,-0.012603014438308758,-0.012239339395864898,-0.0142329284784512
2023-03-20,0.01989089647020692,0.013283307219154734,0.012941839902348158,0.009730139668561328,0.013204191595259452
2023-03-21,0.0208285264834438,0.01693152783704536,0.014371138965495406,0.005423367304777862,0.011403047779949532
2023-03-22,-0.0016232162726733668,0.0029173614650974656,0.003586907555082264,0.003532033736988028,-0.001876235998774374
2023-03-23,0.0025546266023734887,0.001037207081930056,0.0030934582917791537,0.005297940638879415,-7.435431634103471e-05
2023-03-24,-0.009497256627814088,-0.016393980546504136,-0.013072572608803183,-0.009162407476691482,-0.018552773179722648
2023-03-27,0.00818514593866948,0.007828668269590174,0.007404638154566699,-0.00323455288782739,0.006486053469394753
2023-03-28,0.002319764105355171,0.0013367394962716555,0.0005508115475909611,-0.004860870350434836,-0.0060750051776817015
2023-03-29,0.017588463121741782,0.015251631344614998,0.013601027481270156,0.009338094774191182,0.01794473299327974
2023-03-30,0.017512008532272638,0.013180356952649087,0.0107781495807861,0.006039716415107513,0.011470370144459036
2023-03-31,0.0035762307079083566,0.007384455673572938,0.008460202170500027,0.011386359447169174,0.007359163819549393
2023-04-03,0.0053450917035917644,-0.0011443212484512958,-0.0012532903443320351,-0.004641468249843409,-0.0025570664106833118
2023-04-04,0.002879853377252495,0.0014128676851045284,0.002268256887408529,0.00844755928231634,0.002591493596656109
2023-04-05,-0.00684752383868914,-0.0028738999393337007,0.000658285763848402,0.006800108671225854,-0.0018671931612893973
2023-04-06,0.005337865853804802,0.005919963748019446,0.00405728727553223,-0.001678710189448232,0.01455687049276796
2023-04-11,0.002433769066619851,0.005233269410545199,0.004939065883531383,0.0015008338385033755,0.004666070011404041
2023-04-12,0.00882787515677097,0.0017867512865667443,0.0010162901316139545,0.0009390602469539728,0.0010883723621873175
2023-04-13,0.014001364162882224,0.004095689309777834,0.002131243945187203,0.0016695699492733182,0.005546141037662449
2023-04-14,-0.0017260488570454147,0.0074951611788072236,0.004739812103896476,0.0022549496165201323,0.007474930244063998
2023-04-17,-0.007996442598803388,-0.0030499764505264463,-0.0016127440954727935,-0.010616818589831132,-0.0005760204564650437
2023-04-18,0.00827870470318337,0.005809271505645785,0.003812600598445651,0.006969658088216521,0.007310113660205043
2023-04-19,-0.0012962707343263657,0.0018099763370840185,0.00236048454176565,0.0036137511997066437,0.0015449885332654615
2023-04-20,-0.0021635844690049977,-0.0067114704216466314,-0.005225482460158126,-0.011483488659098335,-0.009582498521672051
2023-04-21,0.008456068424222973,0.0038402797502928975,0.005248295077379572,0.00627757626538318,0.0030560664225255576
2023-04-24,0.003010239147718252,0.0015685729832351054,0.001928803951853807,-0.00038226407359035126,0.0014655211356839357
2023-04-25,-0.01779203769721671,-0.005264328125874643,-0.0029676306425396384,-0.013452468047463513,-0.0065623510648675975
2023-04-26,0.0024006559638289904,-0.0037389584558341136,-0.004468520185372878,-0.0007625085303181814,-0.0006497152740254997
2023-04-27,0.012410036335891217,0.002196014018958909,0.0013891964772191167,0.0023914912485345193,0.0017937212345657731
2023-04-28,-0.0038709487490917738,0.0011496305922192702,0.0011354023772344368,-0.00478848338549679,0.003190844242026913
2023-05-02,-0.012953214517694822,-0.014479312423698919,-0.013597065700054574,-0.01624980090087028,-0.01557307117917861
2023-05-03,0.0024058160575970433,0.002986686145726577,0.0032531134806232003,0.008294164974287317,0.0029581112967088786
2023-05-04,-0.0037092216427379032,-0.004001326468715199,-0.0030190851816261216,-0.006324172055527461,-0.006019950005245648
2023-05-05,0.016206632773576368,0.01596485607925503,0.014606729685018843,0.010641842941422168,0.020073929805569796
2023-05-08,-0.000646369704339067,0.00291410039170088,0.0027938360958170536,0.0012683898041683831,0.002573085004837085
2023-05-09,-0.009488993828141612,-0.005142829575690872,-0.003862560940230546,-0.004216236062847635,-0.0038357976467531868
2023-05-10,-0.001306509753033147,-0.004752192293528678,-0.005436064864815227,-0.0066255442323432745,0.00012212882878750815
2023-05-11,-0.004360187241889912,0.0016088236073035999,0.00029537236883090263,0.005671235787745653,-0.00018103051475545565
2023-05-12,-0.0032843250525361745,0.003261937963173128,0.003377527665889555,0.0012376410617064187,0.0056608187758669356
2023-05-15,0.004613333923851659,-0.0002626650852187097,-0.0002916655862715754,-0.0016740814448111237,-0.0025663584345734115
2023-05-16,-0.006341508593089351,-0.0018877222981037189,-0.0014081327612482377,-0.0004984763045045489,-0.0030850899241531464
2023-05-17,0.0074824787449916386,0.0017127532179240948,0.0007255610498479683,0.0035625489800878616,0.0015507762093167209
2023-05-18,0.0015289838210783557,0.008208738737933523,0.006894707959869435,0.016596143816397166,0.00781637632776481
2023-05-19,0.00785165098731011,0.005357291736230106,0.005873349073303166,0.006734934369007582,0.0021497400632435196
2023-05-22,0.00021652199251231963,0.001611885394316126,0.0010207412156131217,-0.002887976711058218,0.004056055232827504
2023-05-23,-0.0194722602210452,-0.005889244531017594,-0.00747881812369002,-0.00470321772234596,-0.0037225469136716034
2023-05-24,-0.01654890370377826,-0.018936292312834748,-0.01732611444816269,-0.025859358405134782,-0.02203216653073206
2023-05-25,0.00246807754182532,-0.002340526450680537,-0.0031619949960101533,0.010533080622961958,-0.002773400983646132
2023-05-26,0.015219322633095222,0.012548293468112278,0.011707477095410205,0.019329029888369147,0.011121951571340775
2023-05-29,0.0,-0.0036466221895201495,-0.0027025689836584527,-0.0033060480444588587,-0.0033003766986830227
2023-05-30,-0.011904793477069187,-0.005902433018754039,-0.006639487820125651,-0.0008036816017431303,-0.004647739506818889
2023-05-31,-0.017402858136608024,-0.0182267544015863,-0.017030275858706555,-0.017178126562668306,-0.020485012546761598
2023-06-01,0.014305198542287068,0.01080894533999379,0.009719545703941864,0.014475853714284106,0.010311724235118856
2023-06-02,0.010521518172024402,0.018102007808496953,0.015255093102591613,0.015342427934409068,0.021705377160878708
2023-06-05,-0.009969210987442856,-0.006648034190794554,-0.006437976434382696,-0.00560835807032112,-0.006491713248234609
2023-06-06,0.002685244410706833,0.002145881292350802,0.0019451601032063957,0.002583910087871476,0.002188382346649636
2023-06-07,-0.0035704598578999436,0.0002288646816329007,8.387224240240315e-05,0.0049839115876277,0.0005458838761661386
2023-06-08,0.012766078816345505,0.001700416255130897,0.0011718401714813224,0.0020589084040076745,0.0012994645061412567
2023-06-09,-0.007518880449672416,-0.002517310273767025,-0.0032498134567787752,-0.003328200797128529,-0.0018158560525090705
2023-06-12,0.011140732519361318,0.006766495801283874,0.005785007126576612,0.013633774664649781,0.005019653157903134
2023-06-13,0.008153269845680766,0.006712896041100972,0.0062790001577849655,0.01023152521858135,0.006040107375013826
2023-06-14,0.0072132607794066494,0.00891092808296334,0.00851978650452115,0.007730520537209098,0.009312860010565848
2023-06-15,0.012152866549373753,-0.001994988943099026,-0.0012492122168034437,-0.005483059682581271,-0.0002491927070173054
2023-06-16,0.0015007017001167355,0.006503954718241613,0.008271711593266179,-0.004831942564799519,0.005784954451617407
2023-06-19,0.0,-0.0075659988741395455,-0.008170152660534348,-0.008343362259966892,-0.008030966724842757
2023-06-20,-0.010619185313331614,-0.005581600494314032,-0.0038508253498602315,-0.008753231336410542,-0.005590211516549314
2023-06-21,-0.0004417135181299381,-0.002544678450933505,-0.004172323458686915,0.00011707131867151754,-0.002876408947357978
2023-06-22,-0.004860816265832901,-0.004774852205789371,-0.004718913640168837,-0.0045954567059500705,-0.0025715419436134596
2023-06-23,-0.014875756373935123,-0.007425396513108067,-0.0059485518792523106,-0.01305429899805444,-0.006842416900881891
2023-06-26,0.0040568638797040535,0.0020911998581865585,0.001441226010215513,0.0019109194535536053,0.0014139806211600518
2023-06-27,0.015039464579040818,0.005970610931988616,0.005895542283253295,0.002588527576496389,0.007999406090736932
2023-06-28,0.0008844193355637131,0.007679848568802155,0.008551362631184984,0.004603433817748822,0.006106027811709285
2023-06-29,0.0004419087151832368,0.0030506524163973156,0.002895486105766232,0.012340669277098967,-0.0006454598454201595
2023-06-30,0.015459344808070874,0.011898861602380956,0.011024791699200391,0.01122424538842852,0.010716104030370075
2023-07-03,0.0,0.0015574087719375676,0.0022084520427052765,0.0026013565778150688,0.0036984075292984574
2023-07-04,0.0,-0.0007661300148136319,-0.0010846262566403765,-0.004445441810541038,-0.0005404147106951913
2023-07-05,-0.01957361543642111,-0.008749869011546847,-0.008899013109039636,-0.005766770052571442,-0.008485112704808992
2023-07-06,-0.023735657708273683,-0.029109009883681237,-0.027404138042711263,-0.02827258730470859,-0.03671511239821117
2023-07-07,0.00977047596126912,0.004453794903474997,0.0031961231672331773,0.007634664482331862,0.005127140198151388
2023-07-10,0.007875777926731775,0.0032710572809677425,0.0031397174987229538,0.0003997240204154129,0.0032629382201628783
2023-07-11,0.010046873248945376,0.007369805486547855,0.006173920307922693,0.0018016683282006218,0.01177883162952066
2023-07-12,0.026083152761830153,0.016791206610708438,0.014928824992906476,0.01750364786101634,0.01937795565601709
2023-07-13,0.017449318551804316,0.006269160129984641,0.0058429657550374626,0.003721834991715193,0.005794039313824241
2023-07-14,-0.0038110291973233457,-0.003115684934015495,-0.0031216023421468185,-0.0034292104676340446,-0.0031342864392860824
2023-07-17,-0.0027631699771522023,-0.006908680038044911,-0.005608325434120807,-0.006419286221660644,-0.005480128598959184
2023-07-18,0.0027708262410333084,0.004589559406250112,0.0034900338556454417,0.007637371828668618,0.001956843969401061
2023-07-19,-0.007651562944203549,0.0023434897270805523,0.0013632110390638366,0.006767825136428389,0.0029244363863656798
2023-07-20,-0.005782746488589785,0.005883311459803868,0.00728201411399714,0.004301014550011826,0.005012378998086301
2023-07-21,0.007109065945924531,0.0037135964505021317,0.0033723333005290647,0.0002438198982096844,0.003602229102873948
2023-07-24,-0.007272665625433383,0.0007572776698923959,0.0009867516616996386,0.000808365817574171,0.0024691551640195148
2023-07-25,-0.0036631037491728913,0.001716949349031209,0.000930361660171193,-0.0025713341701057617,0.004459914247099253
2023-07-26,-0.0010814014076236944,-0.006227108506463917,-0.006187084704775777,0.0035686832452498517,-0.0062731885612216445
2023-07-27,0.0012988577425638859,0.018988734818623725,0.017445966662878794,0.01458201192373011,0.02364636992336866
2023-07-28,0.01751372352861269,0.006595887618770759,0.005388161827375299,0.004626880855583178,0.009788478347778299
2023-07-31,-0.0006376387175127674,-0.0008628121992558398,-0.002038083197548722,0.003155057868097162,-0.0008269954905575807
2023-08-01,-0.015096695489191458,-0.013444475104737784,-0.01362476795611868,-0.017008620900957915,-0.01389964998816655
2023-08-02,-0.022236483803132034,-0.014970601671350985,-0.014237097035401151,-0.02060770916097313,-0.01259806972242482
2023-08-03,-0.004195396532726825,-0.006833493615072174,-0.0067561175291195,-0.013500162382925852,-0.007867153497447722
2023-08-04,0.003769415277870003,0.004697325515911306,0.004764515157240243,0.0013955621044116787,0.002822005249034267
2023-08-07,0.011265959990278462,0.0006809501791272374,0.0011443082812677096,0.0017290298946440216,0.001172501875725881
2023-08-08,-0.012014141679227652,-0.01186178119958977,-0.011640691223820802,-0.021390584206720548,-0.010313876815318698
2023-08-09,0.003537435114223886,0.007979852397561438,0.007363278851425822,0.01033838710909781,0.006563510116157182
2023-08-10,0.009693790200512753,0.01520452454306025,0.014727472485652485,0.013330010086005156,0.012841648659864834
2023-08-11,-0.010909783287126329,-0.01371923001358339,-0.012564145973284646,-0.014088133375614348,-0.015524351794114804
2023-08-14,-0.001544247215122918,0.002509656725149279,0.002761993637906423,0.0008821420496807925,0.0018191863376692857
2023-08-15,-0.014140450281722727,-0.009451669213768258,-0.009531452572829304,-0.012032846091360655,-0.010902599628705812
2023-08-16,-0.006723524794642777,-0.0006319496283829794,-0.0009818100569469652,0.004756575933181914,-0.0003136467770240927
2023-08-17,-0.011281483085982869,-0.014245780174063772,-0.010224712640865326,-0.0019499782994601134,-0.014085445082490308
2023-08-18,0.0013691061353593437,-0.004773511979094723,-0.0037036789270029715,-0.003825727970061485,-0.007458506526177924
2023-08-21,0.007520483041886683,0.0008974964195365657,0.0022066476413706597,0.0038430492499405716,-0.009537726751296495
2023-08-22,-0.0018095248689468102,0.005623783033051413,0.00483676630861575,0.004916719769761291,0.003468574932612073
2023-08-23,0.0056651658657340676,7.378529059672917e-05,0.00034203494197220067,-0.007624284507521042,0.0020157171507606693
2023-08-24,-0.01757544392394761,-0.0055314198488968895,-0.004296012156161268,-0.0017281798856678726,-0.009426960420841277
2023-08-25,0.008715379872658247,0.0009230285088670382,0.0016007809864560772,0.0006340161273101357,0.0004911314486898678
2023-08-28,0.01182374657963603,0.011704494190040982,0.011253816426885931,0.010439508770672854,0.013599748889506878
2023-08-29,0.014606631561430161,0.008570664018293747,0.008279790781876238,0.0034034699931670184,0.00894657335470615
2023-08-30,-0.00022144767546983246,-0.002092137553400844,-0.0015636707322358129,-5.625156056861689e-05,-0.0033239308037326804
2023-08-31,-0.012405887527024206,-0.002651207744817397,-0.003209953622770792,-0.0054790529540229465,-0.0027635049168961844
2023-09-01,-0.007178207802068348,-0.004596963361144413,-0.0052595313199285,-0.0017084196664995592,-0.003981685711496591
2023-09-04,0.0,-0.0004673008940025622,-0.0014852901845343088,-0.001089738465729928,0.0006663416783938247
2023-09-05,-0.011296778197316337,-0.0035668552188917874,-0.0035348822270598844,0.004125307231919909,-0.004828782787927141
2023-09-06,-0.004798860340328059,-0.005997861704522067,-0.005146374884446107,-0.0022816139791547304,-0.006233381472432622
2023-09-07,-0.007347885755136341,-0.00397366482372357,-0.0015406313997633808,0.0005291611193114753,-0.003698709120294196
2023-09-08,0.0025444885929555294,0.003147861580154608,0.003607645859158245,0.0026305546689871827,0.003408131774025278
2023-09-11,0.011536767026908645,0.007138987288040876,0.00839279772200658,0.008889731450990465,0.005519382728159238
2023-09-12,-0.007071122014958298,-0.0019498530448831305,-0.0010089150324184275,0.003792734814899405,-0.002672661184323631
2023-09-13,-0.005972940583848896,-0.0042561462868330145,-0.003983827353184328,-0.002213538973260568,-0.006069078486807696
2023-09-14,0.01086212836849021,0.011428160731539853,0.011875420462766116,0.014071990488852317,0.009349329090711187
2023-09-15,-0.0013719818721842358,0.004524764569613041,0.0048484375077084176,-0.001738419918714526,0.005586574632931187
2023-09-18,-0.006427723952616149,-0.011952556000269534,-0.010381838008679381,-0.009851170822668042,-0.011172387036384483
2023-09-19,0.0004619796290676881,0.002204936611607034,0.0012286680604174387,0.011289828323950424,-0.0014420934659466196
2023-09-20,-0.0004617663024426566,0.009905938489609552,0.008683386022047013,0.004148893372864753,0.010587194917926781
2023-09-21,-0.015711802628966542,-0.014996228571233497,-0.014294788443181758,-0.00973146429370653,-0.014125501992407492
2023-09-22,-0.000704078613231407,-0.0011083106733567087,-0.0021677970658089394,-0.0027521954624819154,0.0009157538402554541
2023-09-25,-0.009396455608462362,-0.010596007227070738,-0.010109362745955301,-0.006900372471275438,-0.011834129124327495
2023-09-26,-0.014702375534416667,-0.009561798890099926,-0.00833079989101416,-0.009723934175674048,-0.009634416360521375
2023-09-27,-0.002406660100890301,-0.0012723986571975539,-0.0017263706810906822,-0.007499993511488455,-0.0007170823719060083
2023-09-28,0.012545390807087387,0.00631196462380308,0.0067242407796762335,0.00335400679030493,0.0041996165059870645
2023-09-29,0.0009527019457720165,0.004621889738174463,0.003428910199767351,-0.0059724743349449895,0.006406582010291121
2023-10-02,-0.017614723156892054,-0.009719422704057889,-0.009905132170452906,-0.0064575440295330635,-0.010346513750962898
2023-10-03,-0.007996126518664437,-0.009968266890660674,-0.00898223120992047,-0.006487638407944115,-0.009588620326691312
2023-10-04,0.008549162934064158,0.0003459847624015195,-0.0001866980292128897,-0.007885706652791974,0.0033718071217006293
2023-10-05,0.0031484275531830086,-0.00045722575857543545,0.00017767517871446133,0.004798128471058416,-0.004258527872434548
2023-10-06,0.01569282819765383,0.01032892112050005,0.008558075425075614,0.011568150508376238,0.009693833102058106
2023-10-09,-0.00855711812277915,-0.0062639419368967705,-0.004959535668542319,-0.011776491603796823,-0.0010324952354917917
2023-10-10,0.015104350946702816,0.02292735249855715,0.021373285748712466,0.019809740473729028,0.023912591614887818
2023-10-11,0.006849387193850642,0.0024271353883008376,0.002572663737316385,0.005427178813774016,0.0001767974062902426
2023-10-12,-0.013370834942938004,-0.003254205285459664,-0.0030685717551798544,-0.00187356748812274,-0.004805241187871962
2023-10-13,-0.014741113103986847,-0.01402958465589449,-0.013155752180190551,-0.012005959261983785,-0.014029274537116531
2023-10-16,0.011100747691998425,0.004763127416600857,0.0042885251920792575,0.003267540050686439,0.0046889311352275535
2023-10-17,0.0014316821588218342,-0.00040060157893936975,-0.00032303605805910577,0.00030288361259138267,-0.0014264887486066628
2023-10-18,-0.01906554008823169,-0.009974637384242962,-0.009400168594808253,-0.011712262027581858,-0.009980757486476435
2023-10-19,-0.0019437872368835984,-0.0074971882548236805,-0.007539686785039515,-0.01101036625117708,-0.004176036438476932
2023-10-20,-0.009736976525032248,-0.014884551574858332,-0.014268053234804515,-0.014776004454639412,-0.010979093773650559
2023-10-23,0.006882882297631232,0.003641967351839246,0.0038103283344781426,-0.0011834581294860647,0.004291188047669498
2023-10-24,0.005126874052564956,0.004722157827791464,0.0038178813576171503,0.0027322077159431337,0.006239199171226518
2023-10-25,-0.007286817874249563,0.0005120193557490343,0.0013771123665480716,-0.006194458056470789,-0.0006627030207577128
2023-10-26,-0.004404183205452772,-0.004739261912189877,-0.005877488012556248,-0.00891249516478417,-0.0010374001360234314
2023-10-27,-0.008601589069145654,-0.006390296952508093,-0.0067418698964556096,-0.0025221150339653033,-0.001101403700369906
2023-10-30,0.015865087824216584,0.003042670514065018,0.00332379318000437,0.004997653939266666,0.0014055873419039403
2023-10-31,0.004148456650096666,0.00790609776283252,0.007403935314431806,0.006354823590362093,0.00896726080820411
2023-11-01,0.008505237651995401,0.007298719629938084,0.007379823163690169,0.002026374157418213,0.005627594360411939
2023-11-02,0.024096576170701045,0.018229636609126475,0.017680706558369005,0.012129468306551674,0.01853617496056181
2023-11-03,0.007294154919751827,0.005514453301219906,0.0030350335106005947,-0.006690035245565842,0.005623080237285316
2023-11-06,-0.005606134140099361,-0.004126165412713473,-0.003551493306556866,-0.0011606659554410103,-0.006228779872748407
2023-11-07,-0.003993510295835723,-0.0020231163875420177,-0.0023357271277771635,0.0013831305691652932,-0.004853370071213535
2023-11-08,0.009434035312819278,0.005236285678349538,0.004215859374670492,0.0043067188552682505,0.0040376627532091435
2023-11-09,0.0009346055484449334,0.018283471874245987,0.01347183955128702,0.009087435414855884,0.03149600293972102
2023-11-10,0.007936492918616755,-0.009188675745491641,-0.00783486184603638,-0.014692303279838016,-0.011799968943266915
2023-11-13,0.0032421915187124117,0.009852436923855748,0.008828923426884943,0.01583909859172224,0.009066883645404504
2023-11-14,0.030701747820043535,0.016405092000536626,0.014363611971935667,0.017985811520520346,0.018183253298093206
2023-11-15,0.0020157112001919497,0.006204237497572631,0.004453689089871668,0.0012728217419240423,0.007249683248148092
2023-11-16,0.00044699446502360907,-0.004344815675334187,-0.0031253074418926357,-0.008660937467580905,-0.004480198894439722
2023-11-17,0.012957953299715719,0.009067490050476261,0.009079475957888779,0.0074756913925414755,0.008574682930619028
2023-11-20,0.005293487563871269,-0.0004014822422149481,0.00026436033090506935,0.000928481001743068,-0.0035026406070284032
2023-11-21,-0.00658197316381115,-0.0020403028626261063,-0.0015458080676305857,-0.0030018889674847953,-0.0006691071512341409
2023-11-22,0.001104338357027057,0.004336133588371246,0.004456119305549184,0.00914893044617393,0.004143957700120786
2023-11-23,0.0,0.0016855080591595933,0.002070577950352759,-0.000957300294797238,0.0005013724504424383
2023-11-24,0.01058895188117881,0.003631057173972982,0.003324741157111048,0.006583958579364684,0.003134153013630198
2023-11-27,-0.003929073355561585,-0.003481752453473326,-0.0032951393870145032,-0.0011673796661244842,-0.0034681630748402267
2023-11-28,0.00021896029126233785,-0.0007949675274452749,0.00028314445833030224,0.001892367471482563,-0.005418753553719004
2023-11-29,0.005696783382625137,0.006716889272888286,0.005793289761022133,0.010018957094608894,0.005314985810419383
2023-11-30,-0.003703873445927819,0.0017740825796445242,0.001807134321004934,-0.0038016280438690903,0.003511007329605752
2023-12-01,0.0069977027085597054,0.006957717186918162,0.007293542153765659,0.009945071850017376,0.005173385877638073
2023-12-04,-0.0023887968420703842,0.0005508777265565905,-0.0001818118675733118,0.0029317457180350103,0.0001327892060112047
2023-12-05,0.002829835432991201,0.006679026265449258,0.007094631003436593,0.006507500442343094,0.009611248653944922
2023-12-06,0.0004341781522256838,0.007881235485285768,0.006493478012775392,0.012336211008495758,0.009086765432688871
2023-12-07,0.005641074933184553,-0.0029249737898496375,-0.0019762020801512583,-0.005022579873596479,-0.0033342813017481873
2023-12-08,0.007982767170981564,0.010505035407440343,0.009648562272635828,0.011780750201085672,0.009005056307462404
2023-12-11,0.003424753499905231,0.002623983299098569,0.0026248799863698297,0.004179494100140704,0.0009819223740908936
2023-12-12,0.0031995967541476045,-0.0012385953677633101,-0.0002981410698920135,0.00035534093864359915,-0.0014210334231355747
2023-12-13,0.013183141960046774,-0.00273464104403603,-0.0030823000070911515,-0.005394205694558513,-0.006268212063023875
2023-12-14,0.00398737066096122,0.002543005248902159,-0.0018179632391294683,0.004430435198098841,0.00971371908914857
2023-12-15,-0.01003347116841713,0.0008560007801573575,0.00047964828154890496,0.0037412335320322183,-0.0021243526934828726
2023-12-18,0.0006139721542148813,-0.0061123806721157855,-0.005543382411289745,-0.01623277421556413,-0.005491347301679568
2023-12-19,0.009096590645209846,0.003072983787919248,0.003482370508617824,0.004160881665284098,0.003841830373075885
2023-12-20,-0.015304076979187675,-0.0005204721211963658,-0.0007555674300353987,-0.0013877591010654727,0.00033739710397326193
2023-12-21,0.01618053530958674,-0.0023168196859987902,-0.002007839544312396,-0.0011386826892514554,-0.002300355247315358
2023-12-22,-0.002514078798920849,-0.002087963614149668,-0.0005270559686107863,0.0012354481902079138,-0.00043389895291180193
2023-12-27,0.011552214929605453,0.002069634651136552,0.001336675098442341,0.0028558702060188005,0.0012379862864067704
2023-12-28,-0.008305662064592045,-0.0032035534155313294,-0.0029238751559902904,-0.004080829108457411,-0.003473306270710211
2023-12-29,0.0010470722863356041,0.0019514136625070442,0.0018633648858841375,0.002319293148965156,0.0014631494638054268
2024-01-02,-0.0144322680163822,0.0014658057246010347,0.0018244620237617768,-0.003037444795022984,0.00453267898926273
2024-01-03,-0.013794418892868476,-0.012401194432715293,-0.011607629090462165,-0.024595084326688676,-0.015573961520575708
2024-01-04,0.004518929739255828,0.0058648488363991,0.005945763810690638,0.006447071162133469,0.0017810989587093726
2024-01-05,-0.0014995047554905439,-0.0018219414725380361,-0.0014166486487288549,-0.0018424664539773523,-0.0031887422468167316
2024-01-08,0.012872707886776746,0.005877163194844795,0.005260832261964315,0.003794526528948153,0.0070048254045938394
2024-01-09,-0.011014736614214815,-0.004071990557908499,-0.0037440655907353135,-0.0021736341494385664,-0.004595447278409732
2024-01-10,0.00556870613850502,-0.00038895279161465135,6.440703371721787e-05,-0.006255366080741655,0.0002713494969282043
2024-01-11,-0.0012779230271826592,-0.006175047431557375,-0.005781694266010187,-0.009734081948924254,-0.0051830619918297426
2024-01-12,0.0012795582040763254,0.007620326220963718,0.00814426551415133,0.009741021701074935,0.007737521219558874
2024-01-15,0.0,-0.00524310585777524,-0.005748772654689554,-0.0031966375105956088,-0.00618820842779611
2024-01-16,-0.01831744210789099,-0.002541640280856331,-0.0024302526094751027,-0.00048160851638886246,-0.0023225372995115184
2024-01-17,-0.00629199605609887,-0.011080302171986987,-0.009813681190414982,-0.004220458278514017,-0.013231330137338557
2024-01-18,0.014192253070050675,0.007431891731276286,0.006536779548371192,0.005710561316174591,0.011715295465276325
2024-01-19,0.0034446219680799306,-0.0032306999858437184,-0.002145144579890517,-0.0043165885395543575,-0.005908277179228759
2024-01-22,-0.0006436223831046695,0.005716242633874421,0.005476666561104325,0.005502001766089485,0.005372993323732089
2024-01-23,-0.0019322842938582774,-0.0016846151032436194,-0.003104515490520286,-0.007567421812499155,0.0018759485903946927
2024-01-24,0.020004318705132862,0.013541050098857114,0.01226070304417189,0.014571088877125365,0.01160856599441473
2024-01-25,0.005272131275011471,0.0016443313553562836,0.000333800055147235,0.00409711409866484,0.00307103574186588
2024-01-26,0.00902026083485108,0.010452619195892658,0.009239414965561903,-0.0005442154944297509,0.0302218498525189
2024-01-29,0.0033263752965655424,-0.0005303016973946332,-0.0005601936700984656,0.0034655346445179604,-0.008003833886956477
2024-01-30,0.0020721129486702683,0.005258229239324815,0.0056054280206852755,-0.0019170740414787633,0.0018390583655546675
2024-01-31,-0.010546057457432423,-0.002361023516708921,-0.0011109075284995017,-0.01004456823401028,-0.005917764104283742
2024-02-01,0.012121302247862786,-0.0035740295682040084,-0.005833237085294604,-0.0005248976154151541,-0.006286300755917522
2024-02-02,-0.006400885575216897,0.003446796248537289,0.002293833400109919,0.0045999500511917325,0.003982570604384767
2024-02-05,-0.0037408058372803143,0.0007449542894676816,0.0004066593174727522,0.0018150985754550836,-0.0007625153561640925
2024-02-06,0.008135301849688137,0.007005717072997821,0.007033049114229252,0.007061460709838204,0.006626445759805159
2024-02-07,0.00020696136381004315,-0.005268052709697585,-0.005745964002295609,0.0043728277031622196,-0.006680676924988554
2024-02-08,0.003516778801906595,0.009052527314837308,0.006531521120636523,0.00810485102211067,0.0015170027336791631
2024-02-09,0.00721493553664132,0.0009063222602235522,-0.0006047161949646434,0.0155949322366477,0.0007924801392661031
2024-02-12,-0.0002046336404134541,0.007536317534221359,0.006589739621716094,0.007105797245653929,0.008321374929536104
2024-02-13,-0.019652078093850944,-0.010111477606146203,-0.007543322058458301,-0.020964013610746207,-0.00891191840315977
2024-02-14,0.013572794538024624,0.003999631105340535,0.003666374957692064,0.005629970557104787,0.0045145951740857065
2024-02-15,0.01194891196076453,0.007716840077295476,0.00655126956596913,0.01304568107823229,0.006154271293354646
2024-02-16,-0.00223930228193836,0.0037961148758581986,0.0022363344624314295,0.006964151292308594,0.004852664461047111
2024-02-19,0.0,0.0006947633318528866,0.0010593926172147064,-0.0015933132769977705,0.0018970099920703808
2024-02-20,0.006529059205349741,0.0012794464608136878,0.0029265857165155693,-0.006681952972804698,0.0019105529839982295
2024-02-21,0.006487034945571457,0.0046209785923280455,0.004276096858839423,0.0014489714454758342,0.005028855623905443
2024-02-22,0.015911439438911046,0.012428812799655608,0.011213941752168333,0.01967652282812274,0.009685873571157898
2024-02-23,0.0005947510097341624,0.0038010988714583136,0.003114732914061266,0.007890496057802579,0.002445645479892554
2024-02-26,0.0011888750899304856,-0.002806026349147185,-0.0027753120016807487,-0.003104636974514531,-0.003254004673376143
2024-02-27,0.004749613340299996,0.0042949591943250475,0.004118766525802721,-0.00029610388695819735,0.0029926693655280613
2024-02-28,-0.0021666055740222623,0.00019569745709217655,0.0005834138572928384,0.005821120707514653,0.0009441134775216894
2024-02-29,0.0009868139627831063,-0.0026736192714303755,-0.0019519647100427948,-0.0006746975257738029,-0.002806881032203517
2024-03-01,0.003944002310846573,0.0010000141013078439,-0.00034403669765796534,0.002144278082122747,0.00018344056218489206
2024-03-04,0.0031429336763646454,0.001377401522455877,0.0019827122121677653,-0.005399028724954301,0.0014728661637295986
2024-03-05,-0.00665757151114188,-0.003028007362631111,-0.0009271877070828741,-0.006786327062011925,-0.002096329987390985
2024-03-06,0.012221601737456345,0.002620250362535019,0.0017678442843761862,0.0024755330285548055,0.0019319356626801348
2024-03-07,0.017137148205700337,0.008763488731059076,0.007711408529177162,0.008182435511487148,0.007985694167265732
2024-03-08,-0.009189966826759655,-0.0011798106850705206,-0.0008258694385454286,-0.000960872879761071,-0.0011013891724830564
2024-03-11,-0.0021257323538198536,-0.0016492166802008648,-0.0012692524976412438,-0.00020031250765411722,-0.005560984302604138
2024-03-12,0.011619077221070251,0.011503098146048987,0.010754203950290149,0.01576442891738164,0.010249901727763659
2024-03-13,0.00401980617475961,0.0036261707888073508,0.004775863337469422,0.00683527767797019,0.008675232537751373
2024-03-14,-0.007816950964394276,-0.0035225982634865434,-0.003203924063672784,0.002281306947950084,-0.002272907653357771
2024-03-15,0.0015372660577372965,0.0024615926300876785,0.003455560025967655,0.008086153466222734,0.0005213910576311406
2024-03-18,-0.005209311460973809,-0.0022664921612050386,-0.003147542974550777,-0.002369842501042418,0.00020264984234310158
2024-03-19,0.00251205066926663,0.006629703168488145,0.006765284370680028,0.013347541013262718,0.003656009504420854
2024-03-20,0.013878147372370808,-0.002224270351698731,-0.0029077171325253832,0.001105001854676308,-0.0017707704909936265
2024-03-21,-0.004562778072458529,0.006303226228436155,0.005089822714528736,0.008727099728142226,0.00459688610548381
2024-03-22,-0.005156625098350132,-0.0009169208480204001,-0.0006625260725179719,0.0041048461050537405,-0.004762759694978689
2024-03-25,0.003071634228711817,0.00247907200725406,0.002636564017816049,0.002181808731502755,0.0027292704729208455
2024-03-26,0.0021052529145615395,0.0066786102826866455,0.006521336098262059,0.004818334044069461,0.006675370784559056
2024-03-27,0.008212342991674948,0.005532246533013338,0.004921068328005258,0.005215806761911274,0.009101603120352839
2024-03-28,-0.004546279765829109,0.0012841399321107132,0.0010723484980982494,0.005516448293292124,-0.00144827388083805
2024-04-02,-0.009134162430962545,-0.008424884637889606,-0.009185684721467087,-0.003917009332578231,-0.007709974200021262
2024-04-03,0.008450122222823264,0.005631334131154116,0.004538098507736073,0.013172696932315141,0.0073831756381479005
2024-04-04,-0.01161673705273647,0.0015278839746000962,0.000462692013721554,0.005357912429202099,0.002695999484366044
2024-04-05,0.00154128394714248,-0.01276257695991338,-0.012432958850241468,-0.01365825562677092,-0.014545082910687391
2024-04-08,0.006541016667885424,0.006496260157167379,0.0060971713216199635,0.00833512963626845,0.006076728905058106
2024-04-09,-0.005925139104483557,-0.008846594338803568,-0.009128240166004793,-0.012848494654312573,-0.005638839959189059
2024-04-10,-0.012305204004899872,-0.00015700098133151686,0.00035113728864091456,0.004832614753789651,0.00040810955098107276
2024-04-11,-0.00038939467078391576,-0.006514740606102856,-0.0058896907916053814,-0.020702502995953182,-0.006266037482990499
2024-04-12,-0.02122685806225799,-0.003052676523679771,-0.002166204736932498,-0.0004600275919439719,-0.005280504185252607
2024-04-15,0.0005969516525363705,0.005371924198223213,0.005517403411154208,-0.0006233685784245839,0.005218536055409541
2024-04-16,-0.002982736844807987,-0.014860397838460857,-0.014351334368970707,-0.0224801322835728,-0.014231413913503034
2024-04-17,0.001396032967818206,0.00493808851076233,0.0054248048280609125,-0.0011003729486243428,0.004838618838843562
2024-04-18,-0.0005973853920987482,0.006761237433110793,0.006810540211672019,0.01087317808349272,0.007134409613944139
2024-04-19,-0.0011956457842268176,-0.0018223145036425448,-0.0002059461490270308,-0.0016851268532112674,0.00036429878432269136
2024-04-22,0.010973528478043004,0.009130300910446523,0.00920853702997897,0.01617222892551991,0.007316806449464521
2024-04-23,0.018156743251150242,0.012608700641240927,0.012398594703909277,0.014992202625698333,0.014343708679807825
2024-04-24,-0.004264371643453835,-0.004274808682570412,-0.005406648066493817,-0.0032828438404507165,-0.0037603291164514793
2024-04-25,-0.004866608562519414,-0.010188876326648139,-0.010185314597131774,-0.003217124997144591,-0.009176465133902733
2024-04-26,0.010758866608099549,0.014628342232174426,0.013315241479863996,0.0128067326068498,0.014933717946345857
2024-04-29,-0.003096524097227271,-0.0022622303303704975,-0.0016583656943122461,-0.002987589574296283,-0.002471594717203845
2024-04-30,-0.019607890756294655,-0.01191046934942148,-0.010219537828335618,-0.01259066816109959,-0.012766258609283843
2024-05-02,0.004752597783404866,-0.0020489664289890614,-0.001415102372805171,-0.0024570425274311933,-0.0019424891143823904
2024-05-03,0.00945983722625332,0.0051993608351484,0.004438664066812176,0.005476792499306538,0.005083501525426285
2024-05-06,0.00976195874808794,0.007949146343161602,0.007726103797757195,0.006841777707311728,0.007839916239705483
2024-05-07,0.007347104948376426,0.013069197372012138,0.011976102868723207,0.002276179548425358,0.012575605523572028
2024-05-08,0.004990506095036595,0.004532775073676508,0.006314240168848995,-0.00022543548081937375,0.003629094800483963
2024-05-09,0.0097402404729523,0.005713528180136707,0.006430640753683438,0.011827355758894017,0.005341903188329344
2024-05-10,0.0035937238822658646,0.005586697514250331,0.005374355817831964,0.015204929471150992,0.0050596284121742835
2024-05-13,0.0009422903084643774,0.001593909722511891,0.0015097154952365634,-0.0019827831172600572,0.002856749709187638
2024-05-14,0.0064019218910367215,0.002788149170822859,0.001993264167769106,0.008534042814633179,0.0029230967685485157
2024-05-15,0.008793200931247247,0.004605331328464178,0.0032096900365425215,0.0031237930902779276,0.004522145417129483
2024-05-16,-0.010200322094164438,-0.004084033757503811,-0.0039748871308985505,-0.003403168364035619,-0.004028071216778847
2024-05-17,0.0028106778993977066,-0.001675187645345662,-0.00036436480592631196,0.0023327400084812264,-0.005690008340984476
2024-05-20,-0.0013079432349468734,0.0014480324058908462,0.0014153812089228546,-0.0043112790989455,0.0002524879035839905
2024-05-21,-0.0011225732347103223,-0.003861391513792028,-0.0029996194354573163,-0.005716872879894603,-0.005978075442091382
2024-05-22,-0.009177820614527321,-0.0040827461586218005,-0.004165345124572801,0.00023024940470426795,-0.0041929871508539435
2024-05-23,-0.00378063772792836,-0.001122738229473728,-0.0023989631032468313,-0.0017364801916307094,-0.000596391879834646
2024-05-24,0.009487501266309595,-0.0001556604126286568,-0.0008733481913934033,0.0006694562054198234,-0.0004079847789508568
2024-05-27,0.0,0.005137905935435084,0.005090056779276239,0.0012106563369420694,0.004964335243281503
2024-05-28,0.0007520761169297341,-0.005781836987210272,-0.00610694357896228,-0.005467045810820084,-0.0061264454791669955
2024-05-29,-0.01803171444313023,-0.013914207180921161,-0.013113698179720898,-0.015745367246073658,-0.013343163329112418
2024-05-30,0.007268715785339497,0.007340124802140853,0.007469123505903326,0.0006773609990765529,0.005684116830305569
2024-05-31,0.005127094580247071,0.0006518936015096206,0.0017466301906190415,-0.0015088851923933857,0.0014610824224563826
2024-06-03,0.0030228874895763536,0.003593920767046052,0.0037036068680533583,0.004335665699274326,0.0038178883155050676
2024-06-04,-0.007345939359002629,-0.00888957358568563,-0.009109909006811204,-0.01908996767851064,-0.010786698981770811
2024-06-05,0.01650846507355541,0.01004286459841314,0.009055441285247443,0.005537106484267014,0.006889797137211027
2024-06-06,0.00466689872850834,0.004358175873483914,0.004319902591693546,0.0024632402459730312,0.002420420786863189
2024-06-07,-0.01412123173832236,-0.0038927986693368813,-0.004619225502851709,-0.0039726032569555175,-0.0052943670825406994
2024-06-10,-0.006407726202530495,-0.007317396581715979,-0.007921282563828928,-0.0022407206495360823,-0.010248815256466677
2024-06-11,-0.012519059195257976,-0.010426564947976566,-0.009425221905728145,-0.007819348973887922,-0.010105536019299642
2024-06-12,0.018248114642860358,0.010411175562932909,0.008873334156973538,0.017954063109121454,0.00906577710032838
2024-06-13,-0.02244857675487455,-0.018785083693091266,-0.017561853444859936,-0.014748650154462608,-0.01827445143502678
2024-06-14,-0.026244694070308938,-0.018911180511594464,-0.017848877183052256,-0.014753053129609301,-0.020448483976192356
2024-06-17,0.015259697963302399,0.006368278026868281,0.00610405564717662,0.0035303237497002816,0.006374314211845204
2024-06-18,0.0031231188937153043,0.006296955379301141,0.005904062414218225,0.00457636544915176,0.004219351293126156
2024-06-19,0.0,-0.004319483061817079,-0.003785380018471956,-0.0058539394624522985,-0.0035037237842340577
2024-06-20,0.002335066173295486,0.011179651026780287,0.009889445444492773,0.007140957101445636,0.01291318756076197
2024-06-21,-0.0085420677073067,-0.0075503998026848545,-0.006417889214797767,-0.005864176028793744,-0.007990176497443324
2024-06-24,0.009280661610119312,0.011962814742658473,0.012025220667559837,0.00439913898943979,0.015524540937675938
2024-06-25,0.0007928365840650375,-0.0036057013725204544,-0.003627755053429631,0.0016152124130142495,-0.005061803149756762
2024-06-26,-0.008118826736641438,-0.004733839608371399,-0.005182322489896325,-0.0023620973290744873,-0.005749024613348162
2024-06-27,0.00019953521701920884,-0.004225051003226832,-0.00454280619267667,-0.00044530280885794494,-0.004637444316744859
2024-06-28,-0.0013970986901429283,-0.002343711031331722,-0.0019333586304754009,-0.001253791285560065,-0.001945738680685297
2024-07-01,0.011193295030320627,0.00816227704295223,0.008097755574227658,-0.0052019434195974545,0.009603411956617966
2024-07-02,-0.004546372791636721,-0.00622558183258509,-0.00628590582494234,-0.008440256363707727,-0.004837904859091944
2024-07-03,0.017077048202468026,0.01140335888337281,0.010152536654115866,0.007612993742435273,0.013920881907704978
2024-07-04,0.0,0.005245804269560294,0.0045704863509610895,0.006478757061351578,0.004270665113892146
2024-07-05,0.006833207525166474,-0.002631723281689826,-0.002815156673417393,-0.000340385113566972,-0.003386718284373344
2024-07-08,-0.005817251480243368,-0.0018411452121808172,-0.0012941991132661705,-0.00429205205515051,-0.002331043235134818
2024-07-09,-0.012677987425648185,-0.011576902404654513,-0.010448251291129711,-0.008225853134728206,-0.011108695892491367
2024-07-10,0.014421209545119273,0.01091023375475337,0.010615519985543062,0.010448646765833935,0.01276498447963003
2024-07-11,0.002531693287220138,0.004971577611217429,0.004648515382820947,-0.0013004019265317756,0.005368452218811493
2024-07-12,0.016316915788212816,0.012983420353045826,0.012680585416009896,0.012204007812710428,0.014704286888373054
2024-07-15,-0.012805692318170192,-0.01144942681052318,-0.01098898635190744,-0.013782061782866922,-0.011806612186989498
2024-07-16,-0.0005809846389375206,-0.007164666850267488,-0.006832352854712908,-0.001079003532131154,-0.008275841490074194
2024-07-17,-0.013366817788036167,0.00021274812542705241,0.0007135455854602508,-0.00033858700384760073,0.002728720670506338
2024-07-18,-0.007657558323124869,0.0005211136760191475,0.0014640027608362974,-0.001495015896759913,0.0010363262676598617
2024-07-19,-0.009497492335291957,-0.010966172681197187,-0.01071559684223226,-0.00932095459617696,-0.009927267050357905
2024-07-22,0.01977624142668133,0.014911063035872741,0.013689781730942905,0.01760436675514388,0.014734867875697426
2024-07-23,-0.006660179776720732,-0.0006684438986082023,-0.00036722003135740243,0.0004317923247379589,-0.0007249222311107995
2024-07-24,-0.01518431012788013,-0.00790422386666895,-0.006607306888205997,-0.006351880333339111,-0.007996819189044296
2024-07-25,-0.004205040289535389,-0.009109394246537676,-0.0067425886101008066,-0.0101890718178693,-0.01235724775229894
2024-07-26,0.014478162248265036,0.009533230974425258,0.009398253221223857,0.0015512649954858213,0.013375926001770157
2024-07-29,-0.013082320211573517,-0.008189573565503028,-0.007874345135218399,-0.007517527116968172,-0.006115410652159533
2024-07-30,0.002811911746912088,0.0072082436408624105,0.006975698682051081,0.007133592690829758,0.005185785989935356
2024-07-31,0.007610670652224982,0.0005544293377395864,-0.0003237079794059235,-0.009841828237268419,0.004875062971868531
2024-08-01,-0.027430052682511308,-0.021153548696386554,-0.020720672891170532,-0.024610127927585053,-0.021494144463619545
2024-08-02,-0.009809839146831534,-0.019200872943009928,-0.014042243390174262,-0.006425818847085447,-0.02019567735718382
2024-08-05,-0.015067031399276898,-0.016194966565293817,-0.01731157942669277,-0.017832584480525555,-0.015105172447689354
2024-08-06,0.0004189729079087101,-0.005058092703209757,-0.00554264816436655,-0.012425780803581032,1.3074569538546442e-05
2024-08-07,0.0050273070662407715,0.020422614991167105,0.02041200115979299,0.017942577948116493,0.018025139990148754
2024-08-08,0.016256669011047276,-0.0006623496104453249,-6.476873385587968e-05,-0.0014836619801529044,-0.0017830488383479642
2024-08-09,0.0018457728827590003,0.000655754618492852,0.0013629405825014776,0.0030802567498914527,-0.002933664139026061
2024-08-12,-0.0036847445639223153,-0.0008309723470089547,-0.0007857400708632387,-0.0015445100901526104,-0.00047987901151246693
2024-08-13,0.01623187958780914,0.004284333436244626,0.003722195397290892,0.0035557995615577644,0.004589370201622746
2024-08-14,0.007076442221368717,0.0064966223256728425,0.006624805891674755,0.0014735986277394156,0.0069582893893547675
2024-08-15,0.01586022036248469,0.016474191401277635,0.014119173712058754,0.007739446336417763,0.015706508467391973
2024-08-16,0.007905335836241978,0.0063023870965903854,0.0056216133300792705,0.0030394040973398496,0.0051989108369906376
2024-08-19,0.013137053808651045,0.006331494893696324,0.0061326093467594855,0.0037915480021237513,0.006049674509195552
2024-08-20,-0.00019351015416069206,-0.0037841627818823794,-0.003773060469087848,-0.005815713541610032,-0.004435885312864756
2024-08-21,0.009872304461475245,0.005667203570960843,0.0056927424052667895,0.005567826881271043,0.008234081450652075
2024-08-22,-0.009200676814338338,0.0011541639894840129,0.000988626578128508,0.0029398109864406064,0.0006070946760394848
2024-08-23,0.016444137142313853,0.00542614577589361,0.006619599991401688,0.004069349382173314,0.00671444230763576
2024-08-26,-0.004758247664373605,-0.0008321235167492221,0.00010495136932776072,-0.0029453630794468127,-0.00048813116515925096
2024-08-27,0.0028685376592556544,0.0007400528319773933,0.0013658099098250403,0.0001373245994170294,0.002282221336664727
2024-08-28,-0.003623233714997398,0.0032835951733118096,0.003549232000833529,0.0051751205847172755,0.004649327589945736
2024-08-29,0.0026795231356107063,0.010116061676204621,0.009292781630217645,0.005064867868098141,0.010324919023372998
2024-08-30,0.002672211667998914,-0.0006816689859325402,-0.0005036317208055496,-9.519218148357989e-05,-0.0013963825848253876
2024-09-02,0.0,0.0020845659808020126,0.002115108288326926,0.0012788535188709889,0.0013485600436124413
2024-09-03,-0.017894562368129252,-0.009970621904779207,-0.008470957113983811,-0.010471645396776917,-0.00701215427613969
2024-09-04,-0.004458171371739983,-0.008914529149023739,-0.006986802484175151,-0.00218637279674656,-0.007663293784107001
2024-09-05,-0.004867645785160524,-0.004597313542400192,-0.0030781490317863002,-0.0045364762232512155,-0.0030324715019541585
2024-09-06,-0.018587361456807283,-0.014351105582261022,-0.01218508566001623,-0.010797776152203759,-0.013434515227031362
2024-09-09,0.008173780251292007,0.007336482232491735,0.008267785759395602,0.00996016916974947,0.007338666552212096
2024-09-10,-0.006921038555753101,-0.00999737782836862,-0.007871497424250052,-0.008026489206008736,-0.004662195108177825
2024-09-11,0.010752595129170706,0.0010297968843072083,0.00032378351887363054,-0.0032421850804304,0.0006646311368416879
2024-09-12,0.007092423230205647,0.007397419029827014,0.00747525122446847,0.004714761003119894,0.008888483649468485
2024-09-13,0.004694751508767858,0.005672235577114247,0.005002487382147998,0.003622251769544834,0.004819279406933482
2024-09-16,0.005646512184574792,-0.0036462359663546142,-0.0025623628818698253,-2.9464676813332302e-05,-0.005091778284456295
2024-09-17,-0.0005809846389375206,0.007156703981425019,0.005466941848174336,-0.004779272537342945,0.006495460300056456
2024-09-18,-0.00251837486875095,-0.003643042719894579,-0.004286814488684946,-0.005459037197262532,-0.0050757435312890845
2024-09-19,0.02388817796241849,0.02073403541834005,0.016445454668964934,0.004562280664886518,0.023364110589781547
2024-09-20,-0.012898337740408494,-0.014386557447069898,-0.011916739707133216,-0.0035547491495190515,-0.020722047282247438
2024-09-23,-0.00028869488882510286,0.0032543939525321104,0.0028723693598725905,-0.001103282411683542,0.003434058833162123
2024-09-24,0.014824735213194051,0.011551974891753612,0.01008876216257999,0.0009970947077354245,0.015175842665840676
2024-09-25,-0.009296116840840751,-0.0047892061379937205,-0.005017569231493167,-0.006020797572707845,-0.006544100383749313
2024-09-26,0.03044810199069259,0.022628812306893682,0.016940365767886767,0.016480815913693984,0.03128410033476504
2024-09-27,0.0,0.011774376162320199,0.008499383819561423,0.006128151944557161,0.01635565257227096
2024-09-30,-0.010592881192147852,-0.016413080671028934,-0.013903197535090317,-0.010017721026625452,-0.015961667658145197
2024-10-01,-0.015589732040831472,-0.007905423416676351,-0.005308795702330426,-0.005781032062079423,-0.01042767029138884
2024-10-02,-0.0022895838571281857,0.0004110522564100849,-0.0010614907982135315,0.0029002914269888862,0.002876988756214045
2024-10-03,-0.010518315862644956,-0.010636144490152512,-0.009634535960923651,-0.008478245258932779,-0.010133729018097377
2024-10-04,0.007344325186811496,0.006950780714845985,0.0056924196241708875,0.0035025815256182475,0.00500566246506127
2024-10-07,-0.004220913784436231,0.0038147801616903016,0.0025717093389510393,0.0027923857658111303,0.0019095121075553161
2024-10-08,0.00019256589264404766,-0.006975049047111665,-0.003298648433957897,-0.01463965207088286,-0.008982915943629337
2024-10-09,0.004045460506291398,0.005932553933991528,0.005859318536307396,0.009162775508559083,0.0061357348253019165
2024-10-10,-0.00249415224968208,-0.002379744915199061,-0.0013240244843923952,-0.005095318147546183,-0.0017575891139429425
2024-10-11,0.006347315355670791,0.004689145353709823,0.005518515789831104,0.0012635061979992227,0.005746173221598366
2024-10-14,0.005925090125822319,0.004889088316955909,0.005354473052391329,-0.0020530877992086215,0.007779700100034158
2024-10-15,-0.026030818884069773,-0.006954995363717645,-0.0031047398773626314,-0.030446338825105865,-0.0038143995912160037
2024-10-16,-0.005267272248835497,-0.0048841798989732515,-0.002817290547673074,-0.009721907826722484,-0.0027923950621561804
2024-10-17,0.0013730235182971562,0.007338694316527435,0.006412004536078419,0.005776112513161555,0.006763484115039381
2024-10-18,0.013513435226665482,0.007544886701298565,0.005963532430253326,0.003477648300642408,0.0028957650418180454
2024-10-21,-0.01275358011142358,-0.0084002236981111,-0.007517350683639374,-0.0034160634532460874,-0.007738889467351735
2024-10-22,-0.003719074903277275,-0.0019978615346964443,-0.003788682160436071,-0.0016485989216044117,-0.00039929910177382877
2024-10-23,-0.006286736523254843,-0.004222086514438645,-0.004767332276474105,-0.005224358598576258,-0.007094249556635795
2024-10-24,0.007908253992042757,0.004584766300072937,0.0049673128044754955,0.0005789606973961394,0.0034848470185499677
2024-10-25,-0.003923218154479047,0.0007618340167920996,0.0009463593108519148,0.003717661082944483,-0.001928200323341351
2024-10-28,0.010240341146907861,0.0065633371313177325,0.006874155584608362,0.0034973573464169697,0.007632944163917463
2024-10-29,-0.0038985921660814604,-0.004436910755790255,-0.004783362432534108,-0.0024395573022342157,-0.006036308615817772
2024-10-30,-0.009589161839026139,-0.012694045893360454,-0.011953158725092306,-0.011409188883752922,-0.01761013356128674
2024-10-31,-0.007113202609652203,-0.010545436940641162,-0.010902726068997242,-0.014388993614404166,-0.011659995793893183
2024-11-01,0.0035821206194881494,0.007536205293103495,0.007729622738831773,0.011973148377881118,0.006408285120317101
2024-11-04,-0.0017846283117959327,-0.002079337505128165,-0.0012862173589430312,-0.00365424455362727,-0.0012731547389037692
2024-11-05,0.009137784591600528,0.0008481735254049267,0.001037275666630088,-0.0020519433571843377,-0.001844512380040784
2024-11-06,-0.027952610776765807,-0.014152415626577673,-0.014793570191708016,-0.005394862154069189,-0.01732010776817201
2024-11-07,0.01822583870918293,0.009600888139036147,0.008252328816434555,-0.0007110542845240428,0.01790144570699939
2024-11-08,-0.01829753624440056,-0.012472647086695909,-0.011033069368107107,-0.00689935691367767,-0.016411698645091295
2024-11-11,-0.0036466293288942575,0.011904655851237926,0.011600599098182797,0.015518228651629195,0.010372110335620237
2024-11-12,-0.02074015750936231,-0.02469674809686766,-0.02503495658112306,-0.02256181729017784,-0.024697617734776467
2024-11-13,-0.005190952121152503,-0.0033165510265887516,-0.002866940094535714,-0.006155720198498351,-0.003442284515981944
2024-11-14,0.008557662513595465,0.0170524983374701,0.01619494380823898,0.01166362911948232,0.013063492385753083
2024-11-15,-0.002897212815157091,-0.006037272875492325,-0.005445089866264831,-0.012220265229283532,-0.0021638845901330844
2024-11-18,0.00332074458483933,0.0007413122254754639,0.0015835954815461776,0.0006204269386264862,0.0015308144653885891
2024-11-19,-0.005999020438214764,-0.008917647271447112,-0.008347626191657428,-0.004284503236837769,-0.0070106784287560404
2024-11-20,-0.004786762247050658,-0.004844228743335406,-0.003937074899308555,-0.0017776897650499265,-0.006784412958206071
2024-11-21,-0.0020911931776710357,0.0016972054779948857,0.0027155964183341887,0.0017944647878417647,0.0026999938776482474
2024-11-22,-0.00041911508614278503,0.008008600749135408,0.007544162364503725,0.0043167137185245955,0.008865642055152488
2024-11-25,0.005241093873599834,0.004374191700787879,0.002574670261667344,-0.0022285006917946437,0.008493504013273158
2024-11-26,-0.006673593462140359,-0.008395211046742155,-0.00838719541365277,-0.007448425916355099,-0.007443725236899505
2024-11-27,0.004618811619243823,-0.003974109237866257,-0.003918142062849389,-0.004592778054038072,-0.00320931869340275
2024-11-28,0.0,0.0027553036573428743,0.002849823076952868,-0.00012140236180855862,-0.0003268428908979197
2024-11-29,0.015047070364949233,0.009182880469527413,0.008418636077506465,0.011248579175429351,0.007167344725761499
2024-12-02,0.0028824626464203362,0.006722678458795668,0.005815148578864213,0.012554029519513373,0.006416929821080407
2024-12-03,0.006774807506918279,0.00414949978920112,0.0033856454974184715,0.01101756229022586,0.0021020890419134186
2024-12-04,0.007136971775339784,0.006704311118741356,0.005815787079903273,0.008893891400799225,0.0059384981540371124
2024-12-05,0.012755689136694448,0.009662148012680602,0.00954460852225343,0.004915175788210849,0.008407969497911607
2024-12-06,0.0033984726309450597,0.007793452709514601,0.005029828325092112,0.006706054732628359,0.007172871176663614
2024-12-09,-0.0003983320816532965,0.00490856872775614,0.003455852681600586,0.006522644319196023,0.007794176889144972
2024-12-10,-0.008770178265089412,-0.004998048168410307,-0.0046996829679409186,-0.009553229258197246,-0.005034333035096522
2024-12-11,0.003217401504155726,0.0020539797163917355,0.002327260851111017,0.0026609594266782215,0.0015309556135579068
2024-12-12,-0.006213683844129458,0.0015948258431290967,0.001146395329385914,0.008296088267274807,0.002607370882233559
2024-12-13,0.006252535120593095,0.0009249508949027234,0.001290461865008743,-0.004085471743557254,-0.00023471305520182998
2024-12-16,-0.005211430869881739,-0.00734067578273994,-0.005807816916829876,-0.006542297069165168,-0.00922967369774746
2024-12-17,0.00020137355199190132,-0.002473437614259904,-0.003205740123477206,0.004165320780527384,-0.004097348606249398
2024-12-18,-0.025382657854732593,9.757174583279214e-05,-5.4684279747046905e-05,0.0034450606173990713,0.003514910759111823
2024-12-19,-0.002480385018102771,-0.01379186683543577,-0.012543239346500453,-0.022784033944419333,-0.015677933363007237
2024-12-20,0.00041434371306547924,-0.002665551850595935,-0.0028589192234320074,-0.00330825980989528,-0.0034771821666955737
2024-12-23,0.005756093639819548,-0.002708729109870204,-0.002683975215323637,-0.0057299188702413266,-0.0020523701119138688
2024-12-24,0.0035124982232419555,0.0004970113660504953,0.00038373214897261736,0.00045985613461110885,0.00010039191685342094
2024-12-27,0.0002058276834591144,0.009506663156954757,0.009762903050526692,0.00477804143531321,0.009911680895442533
2024-12-30,-0.00823384075371647,-0.007479001476947449,-0.004025070649409106,-0.005661821514664766,-0.002566033309017396
2024-12-31,-0.0006227261763992464,0.008361579538447869,0.004679602555643563,0.0023636419742575376,0.0038135441587489587
2025-01-02,-0.01017647064586702,0.0030418033267405786,0.0031632312380853638,0.0037387707488414803,0.0031487402204151194
2025-01-03,0.005874864818472991,-0.011632679123038562,-0.010364647272441338,-0.019068969408131853,-0.00967770709052146
2025-01-06,0.025657051890499938,0.018954543577068595,0.015821276345717,0.020116363244286273,0.015141438980394833
2025-01-07,0.0030507007809159603,0.004783866074658508,0.005557365503725236,0.0002911519329596788,0.004744970392478287
2025-01-08,-0.0044606251905520145,-0.0038796239356902154,-0.0019361994869753223,-0.012344734066797734,-0.003196748996583297
2025-01-09,0.0,0.0030860666286756776,0.0029246265979065147,0.0017665743306061043,0.0025249741634476054
2025-01-10,-0.008350325181009643,-0.007131205272995659,-0.007233314368424006,-0.004384179119864553,-0.00880151435130624
2025-01-13,-0.0039022991285224684,-0.004312106284477556,-0.004072041287053133,-0.008679314865392695,-0.005739387752604699
2025-01-14,0.009484576994739813,0.0038692619341608465,0.004254745495928937,0.0015347236061044683,0.0026181281370124825
2025-01-15,0.010212458447752315,0.013321311125023988,0.01347242692759911,0.008676731151004032,0.013441460689933165
2025-01-16,0.015365951674012335,0.011091789737139882,0.010070018515555,0.004350835789136059,0.007512199812169414
2025-01-17,0.00418154208239363,0.010558062403681493,0.010394216588440445,0.0021727681921711013,0.010309175933689163
2025-01-20,0.0,0.005306382443794546,0.004363547579228743,0.0019510720886623447,0.005674298139226311
2025-01-21,0.02240739512248524,-0.00021070907999017397,-0.0003544989138754368,-4.227065433056462e-05,-0.00046588487261545327
2025-01-22,0.0021333413035002913,0.004463196517006545,0.004548841065878993,-0.0012971184416471682,0.00584101676134241
2025-01-23,0.007741436183632544,0.0035402749444799144,0.004240928832125284,0.008226299297352224,0.003237716599180574
2025-01-24,0.0017283858900654092,0.002843093061621924,0.0007244032574438439,0.0028675991427006605,0.0007931119961463251
2025-01-27,0.001533817815062788,0.0021779291321473997,0.0031339524171594656,-0.008556797404190913,0.0009294275986499003
2025-01-28,-0.006125574272587864,0.0026085824808371053,0.004686531310141967,0.0024470757454648504,0.0036045398660429937
2025-01-29,0.0023112480739599928,0.0003398400700342871,0.0012126151981121035,-0.006593505922488969,-0.00152247028754206
2025-01-30,0.010568774350480759,0.008208962318704265,0.008517613083770342,0.005516184378676425,0.009023885113872157
2025-01-31,-0.008937041756652442,-0.0007573796966458442,-0.0009378111215284526,-0.0019032402923550538,-0.0016253920153112774
2025-02-03,-0.018419033000767415,-0.013706793849122875,-0.011497402981020957,-0.01809358131828037,-0.014081506041101978
2025-02-04,0.021501134370563557,0.010262667348623054,0.010482595130629624,0.002117051536621481,0.009669391054245127
2025-02-05,0.005931935707286229,-0.001588443072031732,-0.00021649584096628284,0.003734669315564372,0.0003572728298120632
2025-02-06,0.00836979250093517,0.016917158054088527,0.01461169301809152,0.012840249489709556,0.016456642790155518
2025-02-07,-0.01056404432404523,-0.006082276311776755,-0.003224790089106961,-0.007790922231154244,-0.007034420283205636
2025-02-10,0.008770294699380399,0.0036478284153193185,0.0031199839546749496,0.006542019089578645,0.003710024272014379
2025-02-11,0.010394916940969168,0.00477734838306102,0.004953309392658053,-5.417089549226333e-05,0.004114423207856235
2025-02-12,0.012719864500675637,0.004714593012732095,0.0038595615660164534,0.010319318992995914,0.005296403976567012
2025-02-13,0.009604655521188388,0.021739139371008655,0.01834806575177158,0.0158947962249421,0.02196305408782256
2025-02-14,0.006769136408825593,0.0010960101514401505,-0.0009379562338504662,0.01216739264893998,0.0026887705205609837
2025-02-17,0.0,0.0054606573849685655,0.005751502912747971,0.005160808822275351,0.005712174191210279
2025-02-18,0.005451679123456454,0.0019026803864115487,0.002988634176114628,-0.0025250381989776562,0.003422263714398895
2025-02-19,-0.016266145253460706,-0.01351290784665611,-0.012572590703790696,-0.013288873487691345,-0.01575757587090213
2025-02-20,0.006797740023549714,3.9483636564861466e-05,-0.0009746779507748155,0.0023916554600586955,0.0029926117949714906
2025-02-21,-0.006386843379543983,0.004146365776997878,0.00265257853319553,0.004292886712960786,0.005975488032892015
2025-02-24,-0.002571202260330474,-0.003093076036344636,-0.0008323130241205062,-0.014371813464402111,-0.004378048192476054
2025-02-25,0.010311176765491314,0.001660410722124465,0.0034285614313946484,-0.009355530527437731,0.002711490026747271
2025-02-26,0.0029159832853258294,0.010498849405635616,0.00758113168928379,0.00829203662883545,0.010353565683543408
2025-02-27,-0.021442885456588345,-0.00952799085843204,-0.007224690194039075,-0.014085835082356857,-0.009031479606047036
2025-02-28,0.0038998129155642935,-6.837248459520198e-05,-0.00034004884591232773,-0.002727618245781838,-0.0010399106651776792
2025-03-03,0.019607806064685374,0.014672224889890124,0.015976180788866055,0.014468230382998654,0.012952743195411256
2025-03-04,0.002902757619738683,-0.026040729341128627,-0.022632375354800827,-0.029901008848834985,-0.02461211295447947
2025-03-05,0.03201883109263726,0.01928935169231511,0.015855152628675078,0.025603491208430088,0.026317183485826796
2025-03-06,-0.008764207288072923,0.011011538528470088,0.008425889613707958,0.027273691420743894,0.0026921800691184833
2025-03-07,0.012378460284797166,-0.010670841370842362,-0.007299224051309308,-0.01881332477177303,-0.00835931808091253
2025-03-10,-0.027074284984450303,-0.0076033499135691835,-0.005615247763864321,-0.018478592042309897,-0.007166758613627023
2025-03-11,0.0016158165103219435,-0.015185118091011697,-0.014518286196984797,-0.01825591830449659,-0.010714373893709762
2025-03-12,0.00017912027003053055,0.0074271101070988825,0.0072582180370051935,0.00418891048920802,0.004396319929297561
2025-03-13,-0.011469464406538954,-0.006844270393084053,-0.005356895377022199,-0.009006900619282452,-0.009608490799408884
2025-03-14,0.023930313067368925,0.010618200855626815,0.009198607846689591,0.015595525410150116,0.0133307940949052
2025-03-17,0.011508655992417127,0.004947393465697999,0.005079312236129685,0.0032141700874784044,0.004782125354049007
2025-03-18,0.003850762896401738,0.00885235978657726,0.007331353108083188,0.0173640439310799,0.007953650614790711
2025-03-19,0.0017437134667077636,0.002125380049401907,0.003078286960773858,-0.0029519260180554934,0.006939485959838911
2025-03-20,-0.01549174878286641,-0.012740706950546578,-0.01002933242206916,-0.013954123907236368,-0.010267061729082379
2025-03-21,-0.009724238833149768,-0.005056196236932401,-0.003969947871706562,-0.0023731385549717755,-0.0066345593052023226
2025-03-24,0.00010738693682132983,-0.0020500849019251216,-0.003108339629484784,-0.0019334101587742524,0.0006815298272519494
2025-03-25,0.009665330509570635,0.008533103182132023,0.008371815564175765,0.014046509324410938,0.007159102337474634
2025-03-26,-0.019322788710063654,-0.009907112249293427,-0.008210324973925091,-0.0066608774657963546,-0.01532095970474247
2025-03-27,-0.0007230947035756774,-0.005964980575704924,-0.0035361460774676404,-0.0009462496434734418,-0.00640614022915936
2025-03-28,-0.004884243825628243,-0.007232069395228828,-0.004039315017882863,-0.006831975931251384,-0.012679825378082533
