date,RL Agent,QQQ
2009-03-31,0.0265110150228724,0.041427028470891
2009-04-01,0.0118471097066371,0.0195215691743293
2009-04-02,0.0390473558166256,0.0527454461473384
2009-04-03,-0.0132356753431255,0.0178448380416766
2009-04-06,-0.0149398470516254,-0.0320295412539564
2009-04-07,-0.010692006551411,-0.0247303227874294
2009-04-08,0.0048216018322096,0.0178570614643487
2009-04-09,0.0279761125759172,0.0308775231844364
2009-04-14,0.014348763410195,0.0027227361331756
2009-04-15,-0.0064343416128133,0.0115414017323542
2009-04-16,0.0128964888805132,0.0104028486189127
2009-04-17,0.0202259287780936,-0.0009969372409911
2009-04-20,-0.0480431241766552,-0.0581779302193818
2009-04-21,0.0043775492463355,0.0268265760573005
2009-04-22,0.0307993761338823,-0.0044685403420672
2009-04-23,-0.0071714517365448,0.0227897782956074
2009-04-24,0.0286590338560572,0.0286969776414607
2009-04-27,-0.0038984926810994,-0.0226451184005481
2009-04-28,-0.0240532410507285,-0.0050376156399483
2009-04-29,0.023188171835686,0.0307125976020965
2009-04-30,0.0145193297468451,0.0124426471565202
2009-05-04,0.0262468033718064,0.0491591331804093
2009-05-05,-0.0057682394657297,-0.0141797919378541
2009-05-06,0.0073559822544161,0.0247027794476923
2009-05-07,-0.0059933364588595,-0.0158685269355933
2009-05-08,0.0287955642148565,0.0483726847586352
2009-05-11,-0.021466916070277,-0.0254366910388817
2009-05-12,-0.011939858601465,0.0042487669379369
2009-05-13,-0.0539874308650892,-0.0368687338184421
2009-05-14,0.0057579191281309,0.011295809327642
2009-05-15,0.0136677116597912,-0.0167548649510306
2009-05-18,0.0337644085014859,0.0498581113322891
2009-05-19,0.0319578990979186,0.0105199980288834
2009-05-20,0.011166500872628,0.0098156647668794
2009-05-21,-0.0306016357513707,-0.0011780665635561
2009-05-22,0.0149699214506289,0.0094365168545831
2009-05-25,0.0024492680714051,0.0
2009-05-26,0.0085565354803,0.0224948134302354
2009-05-27,0.0096488584675515,-0.0240000246833034
2009-05-28,-0.0154296074772521,0.0187355880184278
2009-05-29,-2.815123295673706e-05,0.013792819398678
2009-06-01,0.0440931690925159,0.0269277988827063
2009-06-02,-0.0002311210020643,0.0110401050927608
2009-06-03,-0.0193814666118898,-0.0324870722898487
2009-06-04,-0.0020773338341842,0.0110046737083775
2009-06-05,0.0095557735440776,-0.0178618855718503
2009-06-08,-0.0193734971942681,-0.007104350264917
2009-06-09,-0.0015777769263847,0.016027677784953
2009-06-10,0.0131009075998681,-0.0067606077827048
2009-06-11,0.0104358237275193,0.0133292572100607
2009-06-12,-0.0085546035822167,-0.0008396707040098
2009-06-15,-0.0379889233049506,-0.0484590442112389
2009-06-16,-0.0074520909888664,-0.0111863904872283
2009-06-17,-0.0290234267632581,-0.0005951513432163
2009-06-18,0.0138318661102685,0.0056591080943846
2009-06-19,0.0103889379197676,0.0113868371446645
2009-06-22,-0.0331885797213267,-0.0313064918132335
2009-06-23,-0.0099643297372031,0.0133624130721894
2009-06-24,0.0314787465840031,0.0079728072607698
2009-06-25,-0.008584731774603,0.0185579354560749
2009-06-26,-0.0074095163640599,-0.0110511953798582
2009-06-29,0.0204648029805518,0.0160071403542714
2009-06-30,-0.0164675906871822,-0.0101069946384376
2009-07-01,0.0184241483371791,0.0168169336734498
2009-07-02,-0.0301764419568092,-0.0327820712848485
2009-07-03,0.0063004364713539,0.0
2009-07-06,-0.0167597919615173,-0.0054960855155324
2009-07-07,-0.003160996258886,-0.0294751344517631
2009-07-08,-0.0198986939947296,-0.0082250323568366
2009-07-09,0.0145251733849937,0.0200956890179022
2009-07-10,-0.0099953824761374,-0.0131329729062433
2009-07-13,0.0307070561678157,0.0294674986002734
2009-07-14,0.0198671488540428,0.005232268773633
2009-07-15,0.0412154282777988,0.0459274069532065
2009-07-16,0.0115523790472298,0.012295425366579
2009-07-17,0.0040860624709384,-0.0043381962723076
2009-07-20,0.0182524480890223,0.0203315529997103
2009-07-21,0.0067083451778255,0.0008535478471207
2009-07-22,-0.0002618450941721,0.0062574235764956
2009-07-23,0.0247665371573831,0.0206329540175871
2009-07-24,0.0043388360738181,0.0091388021371308
2009-07-27,0.0040846568992088,0.0021952052523463
2009-07-28,-0.0203531641369835,-0.0054760357940054
2009-07-29,0.0130592365574103,-0.006332734060321
2009-07-30,0.0146883807234893,0.0163476253166054
2009-07-31,0.0007904693622223,0.0133590815966668
2009-08-03,0.0275494022453737,0.0209846365006538
2009-08-04,0.0005583768801415,0.0057972227929408
2009-08-05,-0.0066443575857944,-0.0099555634295883
2009-08-06,0.0111796726694191,-0.007144747354525
2009-08-07,0.0151036792916898,0.0109276374323641
2009-08-10,0.0011908770527709,-0.0102822932140325
2009-08-11,-0.0219871663219025,-0.0101223011380982
2009-08-12,0.0095383753564486,0.0174918573333693
2009-08-13,0.0175201189766939,0.0105789956669508
2009-08-14,-0.014729359188777,-0.0117771064635725
2009-08-17,-0.0305650268789017,-0.0405184859284076
2009-08-18,0.0164485464300763,0.0118682413773254
2009-08-19,-0.0049125622748452,0.0130929708708995
2009-08-20,0.0183158126279212,0.0091550482638271
2009-08-21,0.0325656712783418,0.0325504792961364
2009-08-24,0.0200764336498606,0.0072354803360528
2009-08-25,0.0058464491471867,0.0118006836290773
2009-08-26,-0.0061447579970274,-0.0045642977002853
2009-08-27,-0.0088427835509469,0.0132451813402929
2009-08-28,0.0115557337121702,-0.0070388029761044
2009-08-31,-0.0169544115105752,-0.00506331032068
2009-09-01,-0.0263213569163901,-0.0351142162513802
2009-09-02,-0.0137315034004793,0.001318444086527
2009-09-03,0.0042854590239898,0.007110709969198
2009-09-04,0.0201617561214929,0.0227517734936917
2009-09-07,0.0192990692338787,0.0
2009-09-08,-0.004510731407328,0.0166193938760446
2009-09-09,0.0161986065719666,0.0203719118285901
2009-09-10,-0.002608303424706,0.0073952039394209
2009-09-11,0.0071978262328416,-0.0019578841078748
2009-09-14,-0.0107985659659916,0.0073550830632413
2009-09-15,0.0055124114956107,0.0051105249027287
2009-09-16,0.0246843503102665,0.0208229791986058
2009-09-17,0.0093236619580871,-0.0059293229775839
2009-09-18,-0.0063110798338399,0.0035633466803735
2009-09-21,-0.0135184455386394,-0.0081023444150787
2009-09-22,0.0064286659636053,0.0134548148376532
2009-09-23,0.0081955124786616,-0.0132761862104414
2009-09-24,-0.0166330243807203,-0.0141766155939336
2009-09-25,-0.0037786101927824,-0.0021933678279317
2009-09-28,0.0239754550280978,0.0224720687674102
2009-09-29,0.004065089512894,-0.0062112197132186
2009-09-30,-0.0059200005918122,-0.0064907815783662
2009-10-01,-0.0253485809081267,-0.0302442525091788
2009-10-02,-0.0214095428003818,-0.0097308021159747
2009-10-05,0.009507459140086,0.0199044487227164
2009-10-06,0.0331025355125245,0.0234687042226091
2009-10-07,-0.006047194834552,-0.0038619194183407
2009-10-08,0.0172223453709713,0.0138112870475275
2009-10-09,-0.0013241464713103,-0.0007167153801836
2009-10-12,0.0138346643250132,0.0121982941471767
2009-10-13,-0.0142487010408901,-0.0054350436664833
2009-10-14,0.0325137480629579,0.0334998703901239
2009-10-15,-0.000144639654056,0.0011494519767552
2009-10-16,-0.0191872036649766,-0.0234215478940794
2009-10-19,0.0188413844975913,0.0199857623306998
2009-10-20,-0.0132767991654933,-0.0092208362944792
2009-10-21,0.0008435182509198,-0.0006982963092427
2009-10-22,-0.0159251045774423,0.0107101316545352
2009-10-23,-0.0036847252956795,-0.0154341748397713
2009-10-26,-0.0277711907952208,-0.0266726773941207
2009-10-27,-0.0044748448760235,-0.009855741405918
2009-10-28,-0.0282330824993476,-0.0274336238828711
2009-10-29,0.0292173549535031,0.0376933535053407
2009-10-30,-0.0302710048943082,-0.0459467222124038
2009-11-02,0.0060744338741013,0.0052950999502572
2009-11-03,-0.0189891344323999,-0.0072740007729215
2009-11-04,0.0202885884886161,0.017433172477711
2009-11-05,0.0137751506267714,0.0203624979265764
2009-11-06,0.0026803002258749,-0.0051102816386758
2009-11-09,0.0225428874189974,0.0376706634468655
2009-11-10,0.0003873231025496,-0.0028286370959017
2009-11-11,0.0109920380886059,0.0066194513080539
2009-11-12,-0.0007637122063474,-0.0162047542618845
2009-11-13,0.0023995726939792,0.0176655314718199
2009-11-16,0.018006493066059,0.0117285062263263
2009-11-17,-0.0091967810945751,-0.0062600115224333
2009-11-18,-0.0015358915425999,0.0041998036717212
2009-11-19,-0.0178144167037668,-0.0155668501815851
2009-11-20,-0.0096033049908861,-0.0165216582980121
2009-11-23,0.0221879411161702,0.0239988047933277
2009-11-24,-0.0050214082521696,0.0023431744974955
2009-11-25,0.0082001923475642,0.0154314134235993
2009-11-26,-0.0357864165781619,0.0
2009-11-27,0.0100661144854958,-0.0409855644407518
2009-11-30,-0.0105680286113214,0.0012003559581619
2009-12-01,0.0285906724624963,0.0266193051355307
2009-12-02,0.0059414906246159,0.0039706220267725
2009-12-03,-0.0006821340165117,-0.0097717881344314
2009-12-04,0.0115796392011222,0.000234340984641
2009-12-07,-0.0051123005457152,-0.0061068831012431
2009-12-08,-0.0171040995566742,-0.0238718745615336
2009-12-09,-0.0119677002534776,-0.0053265566290515
2009-12-10,0.0114129068157561,0.0065721691830986
2009-12-11,0.00416100780803,0.0045952916369809
2009-12-14,0.006727410348035,0.0060181303958328
2009-12-15,-0.0003672880019019,-0.0098109320054778
2009-12-16,0.0121886811012918,0.0171581129023357
2009-12-17,-0.0125094273119289,-0.0277974131604398
2009-12-18,-0.0129154163984684,-0.0024572006123129
2009-12-21,0.0178893992596365,0.0155174999068188
2009-12-22,0.0055899542085615,0.0055781609546816
2009-12-23,0.0055068809930568,0.0118188601286424
2009-12-24,-5.262071940113768e-05,0.002860161458031
2009-12-28,0.0103462696927403,0.0076067464668159
2009-12-29,0.0045335079957272,0.0
2009-12-30,-0.0085270686799827,-0.0099081853071449
2009-12-31,-0.0005248083938806,-0.0116753176846972
2010-01-04,0.0225785170591717,0.0342336157408735
2010-01-05,-0.0045763811935889,-0.0046617928358
2010-01-06,0.0001544899346651,-0.0014055172006613
2010-01-07,-0.0040197366647668,-0.0030483757011916
2010-01-08,0.0036110667608522,0.0077628516306624
2010-01-11,-0.0031592626845277,0.0060685811914984
2010-01-12,-0.0142248258109475,-0.0174008995920726
2010-01-13,0.0011937708389722,0.0094449675402905
2010-01-14,0.0067583971372332,0.0044443308030552
2010-01-15,-0.0155636924408355,-0.0305072415465995
2010-01-18,0.0041201968599532,0.0
2010-01-19,0.0074337341546725,0.0120103219680585
2010-01-20,-0.0236220853132439,-0.0334680954641997
2010-01-21,-0.0178165432259103,-0.0343812093756369
2010-01-22,-0.007792693262299,-0.0157677928801964
2010-01-25,-0.0083767213539842,0.0069767202655504
2010-01-26,0.0097742320133671,-0.0025659596415049
2010-01-27,-0.0055740611228319,-0.0020584061989837
2010-01-28,-0.0206777846311168,-0.0234596324202043
2010-01-29,0.0147117692713723,-0.0116156179959137
2010-02-01,0.0037538084360393,0.0259080906522435
2010-02-02,0.0112576904497698,0.018745139551171
2010-02-03,-0.0024252238657997,-0.0132887237919615
2010-02-04,-0.028132630042078,-0.0593113912682317
2010-02-05,-0.0272257245094053,-0.0173457586499158
2010-02-08,0.0150099280346355,-0.0089660968219132
2010-02-09,0.0021530485285141,0.0412780804551982
2010-02-10,0.0010703461124581,-0.0081455053511491
2010-02-11,0.0005618544918216,-0.0041060267821432
2010-02-12,-1.021512944282898e-05,-0.0093461652855599
2010-02-15,0.0013609312644811,0.0
2010-02-16,0.0102585159158547,0.0310768003819106
2010-02-17,0.0142586321649907,-0.0024222056345547
2010-02-18,0.0083614515113222,0.0086322322216199
2010-02-19,0.0031482005052852,-0.0029418129060391
2010-02-22,-0.0072504028480285,-0.0029508316750564
2010-02-23,-0.0109932999568755,-0.0244816639314284
2010-02-24,0.001458349404375,0.0079977939523625
2010-02-25,-0.0168028487285604,-0.0106707083855727
2010-02-26,0.0173316869464504,0.0124451746051548
2010-03-01,0.0198619741179468,0.0169351437066678
2010-03-02,0.0097407083382012,0.0021489102112948
2010-03-03,0.0073148905695009,0.0131327084678602
2010-03-04,-0.0064898837883651,-0.0031742587838291
2010-03-05,0.0172885767817353,0.0268042690972711
2010-03-08,-0.0018942799161718,0.0025847751964138
2010-03-09,0.0027855330910461,-0.0064446675649402
2010-03-10,0.008317553421729,0.0116758931992309
2010-03-11,-0.002944593881779,0.0012825649678831
2010-03-12,-0.0011771554547231,0.0033296367939674
2010-03-15,-0.0079749093369392,-0.0074030640432627
2010-03-16,0.0118593679436791,0.0146600327524595
2010-03-17,0.0080521463767176,0.0045625624985936
2010-03-18,-0.0027934189746733,-0.0098407597740958
2010-03-19,-0.0037739592940384,-0.0150799344004135
2010-03-22,0.0001720721443025,0.0012950499468467
2010-03-23,0.0045717817753286,0.0041395672651312
2010-03-24,-0.0008241290924955,-0.0170056150155426
2010-03-25,0.0131975558951221,0.0036699546807368
2010-03-26,-0.0041526937641885,0.011490649807363
2010-03-30,-0.0019910469907968,-0.0051160738205654
2010-03-31,-0.0013796320285392,0.0002568676186562
2010-04-01,0.0151657598150075,0.024164419246627
2010-04-06,0.0044521452410149,-0.0090358416200094
2010-04-07,-0.0057354401346113,-0.0144377542826906
2010-04-08,-0.0093436162209937,-0.0035979478017396
2010-04-09,0.0137483845426659,0.0232136493181664
2010-04-12,0.0008875387031947,0.0126042960980758
2010-04-13,-0.0054766063987886,-0.0014941379318198
2010-04-14,0.0052678987801811,0.0109698935617461
2010-04-15,0.0001782049941326,-0.0051785334258256
2010-04-16,-0.019844927257287,-0.0267727798664728
2010-04-19,-0.000701754235371,-0.0015280477492217
2010-04-20,0.0159686311236889,0.0061227523835365
2010-04-21,-0.0088453252999864,-0.0147062400077825
2010-04-22,-0.0163522369544315,-0.0151824827475109
2010-04-23,0.0105741394316988,0.00783870416141
2010-04-26,0.0122306300905435,0.0012964667110002
2010-04-27,-0.0325965363269048,-0.058518570625223
2010-04-28,-0.0130997247661086,-0.0035754504480073
2010-04-29,0.0107932370654457,0.0179407912000133
2010-04-30,-0.0030079251648074,-0.0059649819855336
2010-05-03,0.0008071490920805,0.0049096010444575
2010-05-04,-0.0244403321618982,-0.0551032203106174
2010-05-05,-0.0056164804443353,-0.0249930726372845
2010-05-06,-0.0079979825109257,-0.04832045055108
2010-05-07,-0.0259577240954776,-0.0195040638024953
2010-05-10,0.0519534798843497,0.1083040148424143
2010-05-11,-0.002328418799065,-0.0162393898445989
2010-05-12,0.0151065817786542,0.0133222193763165
2010-05-13,0.0065507191851418,-0.0214351736209115
2010-05-14,-0.0353264739324052,-0.0432242470686815
2010-05-17,-0.0018329253378316,0.0027470879009379
2010-05-18,0.0177953873893939,-0.0152205043956228
2010-05-19,-0.0275310799482711,0.0129829342348202
2010-05-20,-0.0174643376783822,-0.0332620501068765
2010-05-21,-0.004822181281044,0.0306188620771772
2010-05-24,-0.0016317546074824,-0.0373661148859981
2010-05-25,-0.0270005637407389,0.0003181370760199
2010-05-26,0.0220912684742424,-0.0276721337930553
2010-05-27,0.0339288515847485,0.0765460180784514
2010-05-28,-0.0036053325769166,-0.0209665785920478
2010-05-31,0.0032489889218559,0.0
2010-06-01,0.0021537684962014,-0.0176905692276324
2010-06-02,-0.0008499105919764,0.028119980791238
2010-06-03,0.0141230096775004,-0.0076830914584113
2010-06-04,-0.0233970643501534,-0.0610090943904685
2010-06-07,-0.0082119831453178,-0.0102244445082712
2010-06-08,-0.0027489468549047,0.015661322790675
2010-06-09,0.0178881314203523,-0.0036086844450792
2010-06-10,0.0149076973198244,0.0536714676208316
2010-06-11,0.0007065010345979,0.0112498147512163
2010-06-14,0.0163212174538113,0.0111247618434731
2010-06-15,0.0076051040410402,0.0464546901558096
2010-06-16,0.0049659502264291,-0.009637672004362
2010-06-17,0.0041448982775879,0.0064875163555722
2010-06-18,-0.0017783185101478,0.0018944562655358
2010-06-21,0.0139468302443481,-0.0066013577531558
2010-06-22,-0.0052765503903643,-0.0129868030866334
2010-06-23,-0.0141703883249536,0.0058139677141704
2010-06-24,-0.0164355523684923,-0.0258595338341376
2010-06-25,-0.0057327243495628,0.0068709556800496
2010-06-28,0.0155029222583619,-0.0055834756365533
2010-06-29,-0.03182942144454,-0.0452272109402145
2010-06-30,0.0024281058246897,-0.0013069556303232
2010-07-01,-0.0226476271514952,0.0199537359204973
2010-07-02,-0.0013546734140606,-0.0099420697752892
2010-07-05,-0.0035419098065553,0.0
2010-07-06,0.0247192518025531,0.0285064831297554
2010-07-07,0.0100995586850121,0.0472443248303302
2010-07-08,0.0083267353414,0.0078197826014969
2010-07-09,0.0071020419185679,0.0038791869190444
2010-07-12,0.0025464317674548,-0.0050537081050681
2010-07-13,0.0162870317785003,0.0236035133879251
2010-07-14,0.0021086041584594,0.0023349816718618
2010-07-15,-0.009613617915003,0.0072803232538753
2010-07-16,-0.0164170418720651,-0.0315121281642766
2010-07-19,-0.0067892746242995,0.0095522771176654
2010-07-20,-0.0068466134374929,-0.0038437212838292
2010-07-21,0.0076250529339153,-0.024339699409377
2010-07-22,0.0250854619023206,0.0447215178586384
2010-07-23,0.004690886013025,0.0125218156690933
2010-07-26,0.005978443125036,0.0120797542582704
2010-07-27,0.000371183723191,0.0088092251629423
2010-07-28,-0.0002634379975803,-0.0053522115601531
2010-07-29,-0.0061735671295593,0.0025487949250908
2010-07-30,-0.0016242520089271,-0.0056497724878642
2010-08-02,0.0266570031339086,0.0434658844679547
2010-08-03,-0.0045053793046536,-0.0024503413178753
2010-08-04,0.0005794737229241,0.0032751749644646
2010-08-05,-0.0020641761292951,-0.0005441502550788
2010-08-06,-0.0132831826309055,-0.0019053116767956
2010-08-09,0.0178595838071903,0.0043632157362933
2010-08-10,-0.0126805879452949,-0.0057013830087496
2010-08-11,-0.0274085627167052,-0.0592575970029221
2010-08-12,-0.0002844914913148,-0.0031930602027585
2010-08-13,-0.0012515244421641,-0.0128127061836536
2010-08-16,-0.0017675357422806,0.0047197361795938
2010-08-17,0.0144700429665236,0.0176154169413926
2010-08-18,-0.0041006661583276,-0.0014425330657028
2010-08-19,-0.0184680642176816,-0.0257144842556564
2010-08-20,-0.0123919566907944,-0.0163111070250573
2010-08-23,0.0058135171414632,-0.0027133260338829
2010-08-24,-0.0161398037341356,-0.0181378377491383
2010-08-25,-0.0082759214518291,0.0
2010-08-26,0.0070046219694399,-0.0030788949308641
2010-08-27,0.0114164938298979,0.0250155388996786
2010-08-30,-0.0041971070124664,-0.021994590332095
2010-08-31,0.0031030033496625,0.003696647161111
2010-09-01,0.0335318133525068,0.045427054183035
2010-09-02,-1.770240315491052e-05,0.0129180326210955
2010-09-03,0.00631314530114,0.0147827498540926
2010-09-06,0.0006524666259675,0.0
2010-09-07,-0.0085992587020878,-0.029705542182476
2010-09-08,0.0096278742522365,0.0094199301411237
2010-09-09,0.0087611500438211,0.0099154595676311
2010-09-10,0.00089345629797,0.0057753057057674
2010-09-13,0.0046005335400092,0.0223944462889316
2010-09-14,0.0046016639457607,0.0098286001711076
2010-09-15,-0.0024897897329951,-0.0011123407734556
2010-09-16,-0.00060762264188,0.002505082857469
2010-09-17,-0.002829652020737,-0.0135785217024725
2010-09-20,0.0167735876966275,0.0183353283303282
2010-09-21,-0.0027094013266883,0.0060947194374048
2010-09-22,-0.0153861759599539,-0.0005509932413749
2010-09-23,-0.0017820889244037,-0.0190079934683142
2010-09-24,0.021159812898414,0.0435268325625515
2010-09-27,-0.0064552961012705,-0.0126480494880295
2010-09-28,0.0009855204991671,0.0125374370938449
2010-09-29,-0.0068429177574095,-0.0091515011912169
2010-09-30,-0.0016501113734388,-0.0027167917609385
2010-10-01,-0.0014418112468311,0.0089891172752387
2010-10-04,-0.0124591533879243,-0.0207887102751198
2010-10-05,0.0191712842717355,0.0408053598585547
2010-10-06,0.0081945751065159,0.0060927365977478
2010-10-07,0.0004258095853489,0.001842895502071
2010-10-08,-0.0001540168898412,0.00367973696459
2010-10-11,0.0009546258449489,-0.0026187816894566
2010-10-12,-0.0025839574451792,-0.0005248253342124
2010-10-13,0.0175939918386554,0.0215392156783702
2010-10-14,-6.0543475389207945e-05,0.0072001173119773
2010-10-15,0.0012231493815592,-0.0020426718442353
2010-10-18,-2.9827068573389423e-05,0.004860215604246
2010-10-19,-0.0050816915637577,-0.0282586186243346
2010-10-20,0.0063266028832465,0.0248887374993023
2010-10-21,0.0107651249280572,0.0033233898922124
2010-10-22,-0.0028532271969632,0.0025477451985793
2010-10-25,-0.0013876115082941,-0.0015249184149149
2010-10-26,-0.0052866229478519,-0.0063626452330195
2010-10-27,-0.0089932220325157,-0.0122948786499573
2010-10-28,0.0058445702293153,0.0108916850765796
2010-10-29,-0.0008667636328548,0.0
2010-11-01,-0.0019424580501388,-0.0110311886555785
2010-11-02,0.0080278494320351,0.0249030312468849
2010-11-03,-0.0081998002714107,0.001265178588977
2010-11-04,0.0169575148714078,0.0230031134839248
2010-11-05,-0.0038724535353531,-0.0163081362300125
2010-11-08,-0.0021418703642909,-0.0092946679750987
2010-11-09,0.0081342027423771,-0.0116631716374525
2010-11-10,-0.0160568085562773,-0.0023088534395397
2010-11-11,-0.0047790470430262,-0.0151709231720198
2010-11-12,-0.0034861311760396,-0.0057441479244109
2010-11-15,0.0103722699791851,0.0013130926891424
2010-11-16,-0.0263694006682646,-0.0262258048235036
2010-11-17,0.006316842149037,0.0064633784734313
2010-11-18,0.0215159817878219,0.0286330476366556
2010-11-19,0.0001029242363341,0.0046822542722773
2010-11-22,-0.012556931201315,-0.0199380537542473
2010-11-23,-0.0278395398013728,-0.0414796039881439
2010-11-24,0.011020717161853,0.0052372480560507
2010-11-25,0.002367337815734,0.0
2010-11-26,-0.0097213386225974,-0.0194682834030912
2010-11-29,-0.025229750618635,-0.023769258572066
2010-11-30,-0.006618296794452,-0.0249210641446582
2010-12-01,0.0187078498917667,0.0423033728887605
2010-12-02,0.0219260234084516,0.0276205622663394
2010-12-03,-0.0001644904304108,0.012616358711464
2010-12-06,-1.3080978619202886e-05,-0.012729856407007
2010-12-07,0.0139424750552919,0.0068589792386495
2010-12-08,0.0006749565466537,0.0079020776312952
2010-12-09,0.0043524174018473,0.0075691200083773
2010-12-10,0.0030960831042862,-0.0002679802475333
2010-12-13,0.0076884975373052,0.0131504505317876
2010-12-14,-0.0014274398566616,-0.0002650606700295
2010-12-15,-0.0046485033694647,-0.0198721336884569
2010-12-16,0.0018989507338341,0.007028604899304
2010-12-17,-0.0055029515634876,-0.0093525371921227
2010-12-20,0.0067252343606409,-0.0005455527841242
2010-12-21,0.0129016828458999,0.0079167058155014
2010-12-22,-0.0022858933038333,-0.0005414806101143
2010-12-23,-0.004555190081904,-0.005691105067718
2010-12-24,0.0001141300300982,0.0
2010-12-27,-0.0035723047163103,-0.0027258700924492
2010-12-28,-0.0026496244712826,-0.0068323021729099
2010-12-29,0.007622785902543,0.0112823834696729
2010-12-30,-0.011941820174917,-0.0048977762876292
2010-12-31,-1.7588773157219522e-06,0.0073831989627579
2011-01-03,0.0200569388417334,0.0086858930386248
2011-01-04,-0.0021993377627609,-0.0016144424345033
2011-01-05,-0.0053176062559702,-0.0094341242733223
2011-01-06,-0.0005233196045206,-0.0160542877171702
2011-01-07,-0.0096252331687141,-0.0168695159109449
2011-01-10,-0.0149708475017655,-0.0075946095567899
2011-01-11,0.0136020336040058,0.0076527290459376
2011-01-12,0.0175250401776269,0.043881900464284
2011-01-13,0.0043541360611873,0.0247910904010304
2011-01-14,0.0007784813176846,0.0128847553373798
2011-01-17,-0.0025233644849008,0.0
2011-01-18,0.0087775331007252,0.0046730380920385
2011-01-19,-0.0124189639002233,-0.005168192524486
2011-01-20,-0.0055088137643789,0.0111685751416339
2011-01-21,0.0073776423433488,0.0205500181393243
2011-01-24,0.0030042197652702,0.008054456702442
2011-01-25,-0.0011030167742651,-0.0039950503908239
2011-01-26,0.0091630368291401,0.000501470327507
2011-01-27,0.0030772945040696,0.0157852662395485
2011-01-28,-0.0124821019093614,-0.0320672388309754
2011-01-31,-0.0024412426939728,0.0180938279047475
2011-02-01,0.015733729021535,0.0257823631674725
2011-02-02,-0.0003735087663912,-0.005368411797235
2011-02-03,-0.0025365477227311,-0.0103042320068771
2011-02-04,0.0031900120020525,-0.0012393130971136
2011-02-07,0.0103418276964623,0.0049637819077432
2011-02-08,0.0056227886814351,0.0098789053918353
2011-02-09,-0.0047359227210495,0.0022011312882928
2011-02-10,-0.0012270115211658,-0.0104926831510808
2011-02-11,0.0040278489510568,-0.0019731577771451
2011-02-14,0.0002839994199282,-0.008400937014553
2011-02-15,-0.0029780014704621,0.0002489317281377
2011-02-16,0.0039238605058101,0.0189336207271693
2011-02-17,0.0002877708439813,0.005868223198342
2011-02-18,0.0017647063354424,0.0048617431600339
2011-02-21,-0.0181448841325685,0.0
2011-02-22,-0.0070652508965454,-0.0382197482328792
2011-02-23,-0.0133745659326906,0.0050297181342953
2011-02-24,-0.0004239752950873,0.0007508116883117
2011-02-25,0.0150515149989726,0.0110026267078977
2011-02-28,0.0112682135761663,0.0131093631457583
2011-03-01,-0.0077993142978507,-0.0192869092696079
2011-03-02,-0.0102247626006464,0.0064720026918869
2011-03-03,0.0050996960928897,0.0168197053712761
2011-03-04,-0.0054252571494193,-0.0148383491530159
2011-03-07,-0.0029949868667259,-0.006172987257055
2011-03-08,0.0021855526709567,0.0022359787252186
2011-03-09,-0.0037206478923603,-0.0044619805568399
2011-03-10,-0.0130617766653946,-0.0214143806961711
2011-03-11,-0.0130436736982432,0.0061065890907647
2011-03-14,-0.0157760681623496,-0.0053111234842956
2011-03-15,-0.0215676778482997,-0.0238999743679436
2011-03-16,-0.0209901586252683,-0.0395937256321931
2011-03-17,0.0262544509382353,0.038513703118636
2011-03-18,0.0055438681714284,0.0149969089987744
2011-03-21,0.0227488253378952,0.0317176386651028
2011-03-22,-0.0005838858866162,-0.0047486599467285
2011-03-23,0.0027695937286828,-0.0037671108875806
2011-03-24,0.0167129540797591,0.0254598758022297
2011-03-25,0.0011032870063257,-0.0110615966896712
2011-03-28,0.0001912925986494,-0.0017400182961645
2011-03-30,0.0089384295328512,0.0113890905333589
2011-03-31,-0.0064249375479036,-0.003427218590885
2011-04-01,0.0176141174188443,0.0147382718287256
2011-04-04,-0.001869822664013,-0.0009683543050164
2011-04-05,0.001464689857873,0.0
2011-04-06,0.0031567859380715,0.0162346061822769
2011-04-07,-0.00595164725685,-0.0028611345596316
2011-04-08,0.0090563801367804,0.0083691689194072
2011-04-11,-0.0075247223892455,-0.0021341651001431
2011-04-12,-0.0157159179135517,-0.0047529571168362
2011-04-13,0.0071590661312816,-0.0016712470408177
2011-04-14,-0.0104815487280331,-0.0007177803490278
2011-04-15,0.0017032829361659,-0.0088557311438581
2011-04-18,-0.022589746577447,-0.0318763153158778
2011-04-19,0.0057255945293029,0.0084806957246437
2011-04-20,0.0266259622385075,0.0324017584210023
2011-04-21,0.0071845891024805,0.0083851370963574
2011-04-26,0.0063530897553092,0.0140180827059004
2011-04-27,0.0064540704527474,0.0253041620905454
2011-04-28,0.0072418952751338,0.0050275899494633
2011-04-29,0.0028439775388903,0.0011367672196616
2011-05-02,0.001053526207258,-0.0006815207564003
2011-05-03,-0.0056978508470849,-0.0025000145176852
2011-05-04,-0.0156590715516723,-0.0109359979202927
2011-05-05,-0.0064162685261183,-0.0297167896256209
2011-05-06,0.0117061139636472,-0.0102087337641588
2011-05-09,-0.0148380371763203,-0.0026385364808695
2011-05-10,0.014451617306349,0.0173157972166002
2011-05-11,0.0013163873594983,-0.0205674574867109
2011-05-12,-0.0084752878414217,0.0021723578114427
2011-05-13,-0.0064658837730665,-0.0192676646388976
2011-05-16,-0.0012564040580237,-0.0007369192904179
2011-05-17,-0.0133784959510161,0.0014738789052537
2011-05-18,0.0069774744834818,0.0071171455160139
2011-05-19,0.0083134642558384,0.007553656390238
2011-05-20,-0.0095990016230141,-0.0229746041668768
2011-05-23,-0.0152623295973997,-0.0227720167618258
2011-05-24,0.0002992981175247,0.0022791923575329
2011-05-25,0.0046981271655218,0.0078343476897571
2011-05-26,-0.0031405792523254,0.0040123850400772
2011-05-27,0.0097085563657988,0.0099900017176592
2011-05-30,-0.0029723556254225,0.0
2011-05-31,0.0195464619021935,0.0301681218512976
2011-06-01,-0.0087298149822088,-0.0319253145480671
2011-06-02,-0.0158079549916806,0.0099183201599928
2011-06-03,0.0030388660865205,0.0078566260040346
2011-06-06,-0.0107244698470244,-0.0209501826561838
2011-06-07,0.0028561920434675,0.0144308779873345
2011-06-08,-0.0083887420381179,-0.0149613078628749
2011-06-09,0.0088373587128766,0.0144421107484753
2011-06-10,-0.0139363358441456,-0.0326462653018635
2011-06-13,0.0016806563677787,0.0030452740518955
2011-06-14,0.0179975374823415,0.0250444073515365
2011-06-15,-0.0143053410445944,-0.0444224308525528
2011-06-16,-0.0002541397129474,0.0007745903567899
2011-06-17,0.0122384805322457,0.0302080928512684
2011-06-20,-0.0075049903654107,-0.0066990272398
2011-06-21,0.018448575616986,0.0287934782833823
2011-06-22,-0.0013898880090733,-0.0131115762367192
2011-06-23,-0.0253152431069931,-0.0168624947924481
2011-06-24,-0.0040264072651553,-0.0226090480918931
2011-06-27,0.003564186763186,0.0167507941176907
2011-06-28,0.0085538606953507,0.0167362101230328
2011-06-29,0.0174054756382399,0.0221195204045008
2011-06-30,0.0165482750245545,0.0216403890230765
2011-07-01,0.0082546699990898,0.0142860919972813
2011-07-04,-0.0022310384519475,0.0
2011-07-05,-0.0060140499880589,-0.019669906182464
2011-07-06,-0.0028103699804111,-0.0123852847773834
2011-07-07,0.0077658684392548,0.0082766145161357
2011-07-08,-0.0135449503341049,-0.0281090955046897
2011-07-11,-0.0261925635768662,-0.0496543348210305
2011-07-12,-0.0095361570893249,-0.0102349582733648
2011-07-13,0.0083954204744919,0.0201365855071624
2011-07-14,-0.0082743244082477,-0.0090693643328306
2011-07-15,-0.0048080403180303,-0.000269051578063
2011-07-18,-0.0153763153502093,-0.0193864020885931
2011-07-19,0.0084703656552284,0.0181221047325594
2011-07-20,0.009056868316134,0.0194174548224672
2011-07-21,0.0081454539592845,0.0367727597782305
2011-07-22,0.0064684395685756,-0.002551971903861
2011-07-25,0.0013423405683444,-0.0117672895706582
2011-07-26,-0.0034519006718547,0.008024340875758
2011-07-27,-0.0125698210181964,-0.0331276268321757
2011-07-28,-0.0042096636653905,-0.0061089895959927
2011-07-29,-0.0046475564190044,0.0013359463775384
2011-08-01,-0.0236483180070825,-0.0280224161650956
2011-08-02,-0.0164981429023608,-0.0337725040411545
2011-08-03,-0.0145936977453735,0.0090936417449862
2011-08-04,-0.0329269242523796,-0.0802589692628272
2011-08-05,-0.0151988093237462,0.0413344933875912
2011-08-08,-0.0412753540327895,-0.0846809906283219
2011-08-09,0.0048837790173338,0.0497915772332668
2011-08-10,-0.0459038435776923,-0.0856792820027521
2011-08-11,0.0299463732563486,0.0495313594065849
2011-08-12,0.0355363301332084,0.0344385947326568
2011-08-15,0.0025020820905994,0.0268189024670386
2011-08-16,0.0014854471203845,-0.019813810461596
2011-08-17,0.0050217348203043,0.0070440636874002
2011-08-18,-0.0451831701212534,-0.0553524193158893
2011-08-19,-0.0202342073120571,-0.025434879514482
2011-08-22,0.0104566130866251,0.0148662992417523
2011-08-23,0.0112715330575204,0.038737026483119
2011-08-24,0.0145070889951903,0.0053277413518266
2011-08-25,-0.014320688761568,-0.028366972926977
2011-08-26,-0.008418181619118,0.0083416750083415
2011-08-29,0.0191175354622904,0.0286350480327473
2011-08-30,0.0006218747685043,-0.0095888323470888
2011-08-31,0.0184383519301834,0.0199877427597592
2011-09-01,0.0054302982431317,-0.0189834386228346
2011-09-02,-0.0301926775523461,-0.0393258592892508
2011-09-05,-0.0403042530202867,0.0
2011-09-06,-0.0054106193196214,-0.0519820686222987
2011-09-07,0.0282167163148192,0.0294724779126167
2011-09-08,0.004698953582535,-0.0229696197141046
2011-09-09,-0.0300315306034177,-0.0548551244040554
2011-09-12,-0.0249354590860752,-0.0187452541484459
2011-09-13,0.0056144019861541,0.0183682936580362
2011-09-14,0.0215312625791717,0.0321069534804205
2011-09-15,0.0247620659522043,0.0401956265783984
2011-09-16,0.0009648646703626,-0.0100682238100282
2011-09-19,-0.0194309128324937,-0.0310575278707698
2011-09-20,0.0241333372510369,0.003522252451436
2011-09-21,-0.0173350856556816,-0.0354510218631031
2011-09-22,-0.0413147567203981,-0.0360264239225909
2011-09-23,0.0056847063720437,0.0177425282200627
2011-09-26,0.0196144405633876,0.0385761716736512
2011-09-27,0.0414612299926658,0.0371426941829948
2011-09-28,-0.0047792787632982,-0.0165292997584244
2011-09-29,0.0073330122555345,0.0322129829409008
2011-09-30,-0.0085856567309858,-0.0407058476346091
2011-10-03,-0.0082211084436814,-0.0367749719281572
2011-10-04,-0.0138134151836976,0.0308372032208952
2011-10-05,0.0330721624106465,0.028846165931466
2011-10-06,0.0211913694974913,0.0346140560894487
2011-10-07,0.0075085972165933,-0.0070259279609183
2011-10-10,0.0160635151049759,0.0528976594615442
2011-10-11,-0.0026238896657277,-0.0009599691002887
2011-10-12,0.0155287130193993,0.0259450132650134
2011-10-13,-0.003235682502786,-0.0049953390792315
2011-10-14,0.0129264535792617,0.0122370952783046
2011-10-17,-0.0098276857805875,-0.0378176078903408
2011-10-18,-0.004407239400092,0.0212628628490532
2011-10-19,0.0035942318884646,-0.0167192597604013
2011-10-20,-0.0126229107098583,-0.0067375017243584
2011-10-21,0.0221795689427098,0.0316537783740582
2011-10-24,0.0095847380660196,0.0147152638299925
2011-10-25,-0.0074024656413252,-0.0197468999991377
2011-10-26,-0.0010197431523576,0.012590365120866
2011-10-27,0.0392994205068775,0.0854835442038106
2011-10-28,-0.0069202789610307,-0.0189004903823607
2011-10-31,-0.0185647190379932,-0.0575012394007093
2011-11-01,-0.0380392370652636,-0.0585322502431016
2011-11-02,0.0124184795480114,0.0174342293345231
2011-11-03,0.0166321674814815,0.0387975549750729
2011-11-04,-0.0192348630770295,-0.03143496462785
2011-11-07,-0.0015564489430336,0.0025706109983216
2011-11-08,0.0103452656238605,0.0217947347474278
2011-11-09,-0.0167871364148977,-0.0724590176638362
2011-11-10,0.0029537563426673,0.0243491104397446
2011-11-11,0.0253043532128895,0.0389567502811458
2011-11-14,-0.0113734083881895,-0.0311408805879024
2011-11-15,-0.0076800837527097,-0.0075433095702825
2011-11-16,0.0038538587569577,-0.0181762887445628
2011-11-17,-0.006927351281377,-0.0097609091043179
2011-11-18,-0.0037638653214053,0.0112169991745574
2011-11-21,-0.030805702299099,-0.0285715952209546
2011-11-22,-0.0078895543087294,-0.0131482656519763
2011-11-23,-0.018735089627784,-0.037517752700906
2011-11-24,-0.0048343636546037,0.0
2011-11-25,0.0059373830442167,-0.0036431908021405
2011-11-28,0.0401066094111672,0.0632539076332527
2011-11-29,0.0032157238901117,0.005846159945531
2011-11-30,0.0364260172459492,0.0608547537937445
2011-12-01,-0.0048151302843822,-0.0093458723439749
2011-12-02,0.0006733089129803,-0.0006505014956083
2011-12-05,0.0033920225300959,0.0159502934236288
2011-12-06,-0.0042373123427001,0.0035247753902754
2011-12-07,-0.0032925178451052,-0.0003193683924269
2011-12-08,-0.0179196515018984,-0.0437558937877795
2011-12-09,0.0202027572372048,0.0374081194475917
2011-12-12,-0.0226603739186483,-0.0470059818719161
2011-12-13,-0.0001945374807623,-0.0263509030860794
2011-12-14,-0.0181724263382844,-0.0145736570808049
2011-12-15,0.007405663612507,0.0038734257702996
2011-12-16,-0.0152583582751626,-0.0110277661407968
2011-12-19,-0.0007155011450922,-0.0032168145973012
2011-12-20,0.0153271814173215,0.0458951646373253
2011-12-21,-0.0075800054255643,-0.0082279867211592
2011-12-22,0.0110634190323753,0.0103699318584804
2011-12-23,0.008394709525453,0.009237050206778
2011-12-27,0.0015061271106043,-0.00339001932405
2011-12-28,-0.0113623162932429,-0.024149470875966
2011-12-29,0.0168712677649071,0.0233530120453739
2011-12-30,0.0095429195843133,0.0051089288158634
2012-01-02,0.0192071558450573,0.0
2012-01-03,0.0037831354490484,0.0352421813904944
2012-01-04,-0.0146054693192653,-0.0193128705084713
2012-01-05,-0.0109905202732549,-0.0250329827416215
2012-01-06,-0.0025087641859165,-0.0212258928835498
2012-01-09,-0.0002091676669834,0.0069957432838148
2012-01-10,0.0178801996354721,0.0222297622862466
2012-01-11,-0.0092062381648403,-0.003058126417831
2012-01-12,-0.0024150140401029,0.0098838252632009
2012-01-13,-0.0067820872921045,-0.0192366186938962
2012-01-16,0.0099685315351136,0.0
2012-01-17,0.0092350193742658,0.0264966196655471
2012-01-18,-0.0033025812515989,0.0164264053715414
2012-01-19,0.0078408402014726,0.0220978504542543
2012-01-20,-0.0068137713287948,-0.0009683435843516
2012-01-23,0.004842709961727,0.0087210886277613
2012-01-24,-0.0044822608882425,-0.0022412325863367
2012-01-25,-0.0043620809442044,0.0115532605621004
2012-01-26,0.0160389489274857,0.0041242709190705
2012-01-27,-0.011616233339677,0.0025275103861321
2012-01-30,-0.0116682361140635,-0.019539671754413
2012-01-31,0.0040481798615467,0.0054645505949391
2012-02-01,0.0220121847552685,0.0217389397672738
2012-02-02,0.0032071067531906,0.0043804460497314
2012-02-03,0.0137902704257892,0.0158876918213299
2012-02-06,-0.0039701994248059,-0.0058264465361773
2012-02-07,-0.0010662548742561,0.0104872205314123
2012-02-08,0.0017680908688615,0.0070210174381517
2012-02-09,0.0031457169007366,0.0033342203826958
2012-02-10,-0.0207907470078566,-0.0283985299460015
2012-02-13,0.0076698935929369,0.0077734751125555
2012-02-14,-0.0028763324914224,-0.0101817560294024
2012-02-15,0.0003590010077347,-0.0052994099767633
2012-02-16,-0.000955773889235,0.0159821983230763
2012-02-17,0.0101808788649886,0.0107960044619725
2012-02-20,0.0127518452934226,0.0
2012-02-21,-0.0068531240743074,0.0061026820949814
2012-02-22,-0.0130743054122231,-0.0075819709317945
2012-02-23,-0.0055290455931664,0.0103912402990486
2012-02-24,0.0104286229285339,0.0102842846271602
2012-02-27,-0.0040808515090113,-0.0083836120530513
2012-02-28,0.0060443995094306,0.0084544912276096
2012-02-29,-0.0020128242644147,-0.0140722451155963
2012-03-01,0.0177500449749445,0.0157912467551366
2012-03-02,-0.0003177613826359,-0.0122572169294432
2012-03-05,-0.0076636780863568,-0.0024210895556681
2012-03-06,-0.0384359453421101,-0.0476337131074995
2012-03-07,0.0091146650263805,0.0159290656355233
2012-03-08,0.0268204076369715,0.0310437869319935
2012-03-09,0.0010576167001206,-0.0109487185086202
2012-03-12,9.746194361448632e-05,0.002767278054365
2012-03-13,0.0166225865488299,0.015946116020034
2012-03-14,0.011485330368176,-0.0039238470104022
2012-03-15,0.010442698512439,0.0139393758757435
2012-03-16,0.0024918546254242,0.0095015634882469
2012-03-19,-0.0005797963287786,0.0071259346573453
2012-03-20,-0.0193853334846362,-0.012676660520958
2012-03-21,-0.002360628632687,-0.0095554659759283
2012-03-22,-0.0186319693208646,-0.0138679156224876
2012-03-23,0.0013827290227885,0.0048914416674674
2012-03-26,0.0093187203807955,0.015515598909962
2012-03-27,-0.0035063012376865,-0.0140802277610054
2012-03-28,-0.009526156879947,-0.0112427838053049
2012-03-30,0.0120319212855587,0.011533117389765
2012-04-02,0.012193891822852,0.009553036828646
2012-04-03,-0.0098639888122846,-0.0280823379275412
2012-04-04,-0.024395624010794,-0.0288948385302415
2012-04-05,-0.0007667775119447,-0.0119659879747174
2012-04-10,-0.0244752014747272,-0.0333881066622466
2012-04-11,0.0098784354780061,0.018963650260739
2012-04-12,0.0118197651914631,0.0142904974961648
2012-04-13,-0.0221291934964283,-0.0347315441681133
2012-04-16,0.0109985861083001,0.0115412529038352
2012-04-17,0.0252169089746661,0.0244966692662538
2012-04-18,-0.0090268485531171,-0.0170325158846674
2012-04-19,-0.0112818569091319,-0.0183273344790907
2012-04-20,0.0095874760584766,0.0179905644935605
2012-04-23,-0.0289725235210622,-0.0256750507065537
2012-04-24,0.0133885966312251,0.0123203539006866
2012-04-25,0.012871524115447,0.0233265046575388
2012-04-26,0.0030205412503256,0.0062769243666664
2012-04-27,0.0105233438045123,0.0049242940662075
2012-04-30,-0.0106814412807298,-0.0111073684714904
2012-05-02,8.166759652367441e-05,-0.0105713635539026
2012-05-03,0.0020229525418939,-0.0103509336517277
2012-05-04,-0.0193985857481633,-0.0161942381737093
2012-05-07,0.0094368504949721,0.017832841857678
2012-05-08,-0.0239466491162284,-0.0171831104128191
2012-05-09,0.0038718519151982,-0.0195410752459891
2012-05-10,0.0013759697725381,0.0122377166980134
2012-05-11,0.0095677982087022,-0.0034544628614331
2012-05-14,-0.0198759069322951,-0.0270358927844435
2012-05-15,-0.0062165575992626,-0.0178131776397389
2012-05-16,-0.0011028367634364,-0.0047145847497408
2012-05-17,-0.0107868429910136,-0.0131194528274513
2012-05-18,-0.0072124676747295,0.0051695661766262
2012-05-21,0.0078646462496049,0.0249816967458698
2012-05-22,0.0186376019293484,-0.0057345240187565
2012-05-23,-0.025265728403005,-0.0133386598311808
2012-05-24,0.0067499566399628,-0.0084028082725593
2012-05-25,0.0037236325631182,0.0025791222663507
2012-05-28,-0.0017082373557339,0.0
2012-05-29,0.0154022005611365,0.0033072394780202
2012-05-30,-0.0225003427162861,-0.0347983592823677
2012-05-31,0.0003980416977905,0.0034156221392218
2012-06-01,-0.0313426693583012,-0.0230712674041054
2012-06-04,-0.0059320166430351,0.0201317367077495
2012-06-05,0.0032302021386394,-0.001517796587426
2012-06-06,0.0218959532404818,0.0361076361351777
2012-06-07,0.004970513080863,-0.0062365002066235
2012-06-08,-0.0039371244377984,0.0047990869767642
2012-06-11,0.003599130885759,-0.0161645958615829
2012-06-12,0.0025651646854024,0.0149365399987742
2012-06-13,0.0014711351440166,-0.0044151989398468
2012-06-14,-0.0012388326604987,0.0133041230317083
2012-06-15,0.0103769562312106,0.0180655267767642
2012-06-18,-0.0019945670488941,-0.0170058336364355
2012-06-19,0.0153456021661946,0.0278303530096735
2012-06-20,0.0006815886284131,0.0043906338235326
2012-06-21,-0.0047609179131125,-0.0255012163150583
2012-06-22,-0.0111507392709188,0.012710409554713
2012-06-25,-0.019000373034895,-0.0350680856135668
2012-06-26,0.0008860724469844,0.0034429124871302
2012-06-27,0.0151661286768542,0.0121999427415446
2012-06-28,-0.0066189490874061,-0.0011301981707592
2012-06-29,0.0532039211631318,0.0641023541653684
2012-07-02,0.0136161238580125,0.0085048285394351
2012-07-03,0.0059465700324967,0.0087842587826487
2012-07-04,-0.0010887394325861,0.0
2012-07-05,-0.0069256216322831,-0.0341344878864251
2012-07-06,-0.0168146310912247,-0.0238008170344733
2012-07-09,-0.0037168652264596,-0.0007386793816885
2012-07-10,0.0124274411627436,-0.0092424549957034
2012-07-11,-0.0015202415417832,0.0089552458670545
2012-07-12,-0.0029324524571374,-0.0085056467232402
2012-07-13,0.0173041871635381,0.0138006707221896
2012-07-16,-0.0005301880758223,-0.0018398991053861
2012-07-17,0.0006990679142873,0.0092148937545772
2012-07-18,0.0173205745411032,0.0087658542006263
2012-07-19,0.0071051703538543,0.0065167508031205
2012-07-20,-0.02056136483317,-0.0381295852870749
2012-07-23,-0.0229928662779424,-0.0258038566898137
2012-07-24,-0.0066167449961948,-0.0222649209502211
2012-07-25,0.002639473300247,0.0133489515808493
2012-07-26,0.0340307040463307,0.0526929640741458
2012-07-27,0.0136486054264091,0.0375411584297915
2012-07-30,0.0081344831719282,-0.0024826105723518
2012-07-31,-0.0097384818988556,-0.0035565879659849
2012-08-01,0.0034023332461133,0.0003570691386693
2012-08-02,-0.0218524921498086,-0.0349623777628146
2012-08-03,0.0359450736336222,0.0658034690324382
2012-08-06,0.0021137592513569,0.0128343080791466
2012-08-07,0.0125071320098674,0.0191780610251857
2012-08-08,-0.0062388194553768,-0.0063845218246244
2012-08-09,0.0020987481599544,-0.0050725182915728
2012-08-10,-0.0064513142661,-0.0010199443645799
2012-08-13,-0.0037327921339637,-0.0006802733489914
2012-08-14,0.0084694987357757,0.0023833456342761
2012-08-15,-0.000936311588119,-0.0027174293061292
2012-08-16,0.0048802648888111,0.0197546132003747
2012-08-17,0.0006995442814164,0.0020039893298893
2012-08-20,0.000393902033006,0.0010000376929328
2012-08-21,0.0056498800406279,0.0113220307406036
2012-08-22,-0.0155381240492213,-0.0009877612499907
2012-08-23,-0.0070876769208431,-0.0135135876174846
2012-08-24,0.0036172192747826,0.0
2012-08-27,0.0092036406550489,0.0060140707699123
2012-08-28,-0.0090818853572967,0.0026570557750389
2012-08-29,-0.0038109660406923,-0.00529993567146
2012-08-30,-0.0098373797687157,-0.0156509789714529
2012-08-31,0.0101524034167999,0.0175913018252114
2012-09-03,0.0105839362948655,0.0
2012-09-04,-0.0103449258543249,0.0036570838445297
2012-09-05,0.0051630732134617,0.0009937437762581
2012-09-06,0.0242987456461273,0.0383848710479368
2012-09-07,-0.0031473158021503,0.0207139233071536
2012-09-10,-0.005525705212347,-0.0128004825998694
2012-09-11,0.0103677833034673,0.0218216504932986
2012-09-12,0.0009161273411472,0.005880288069967
2012-09-13,-0.0054633038718287,0.0138461574503125
2012-09-14,0.0137838552604968,0.0139606183320002
2012-09-17,-0.0019348375353999,-0.0050881796970456
2012-09-18,-0.0089874582950521,-0.0144402984568148
2012-09-19,0.0066068328385508,0.0061051778408713
2012-09-20,-0.0024041161239009,-0.0100123388577855
2012-09-21,0.012195324221139,0.006277886461887
2012-09-24,-0.0077901283123734,-0.0070338153198579
2012-09-25,0.0072573604075534,-0.0101633861912905
2012-09-26,-0.0279103366068484,-0.0171122612430582
2012-09-27,0.0016126955966239,0.0123455780399466
2012-09-28,-0.0198287438749517,-0.0297064837856622
2012-10-01,0.0167761299553264,0.0112797895165734
2012-10-02,-0.0031142819537233,0.0082852270262105
2012-10-03,-0.0012371143286248,-0.0034765190288114
2012-10-04,-0.00138654808761,0.0123693427273618
2012-10-05,0.0196648215470967,0.0084586264405495
2012-10-08,-0.014049074622355,-0.0093199526447158
2012-10-09,-0.0084376191723239,-0.0247726600643813
2012-10-10,-0.0079693631591283,-0.0025720242181866
2012-10-11,0.0162398481114481,0.0116054484316665
2012-10-12,-0.0059187109735707,0.0019119616991938
2012-10-15,0.0066885992937161,0.0111324217782791
2012-10-16,0.028789903727172,0.0295690104946548
2012-10-17,0.016005585262367,0.0137489355038684
2012-10-18,0.0007724241976138,-0.0045210195032286
2012-10-19,-0.0156115826484131,-0.020890203698574
2012-10-22,0.0029575512157469,0.0068028864940909
2012-10-23,-0.0214710214534264,-0.0267199354150927
2012-10-24,0.0024104547968232,-0.0031552833649172
2012-10-25,-0.004859324757921,0.0012659304771251
2012-10-26,0.0028225157456929,0.0041102264846397
2012-10-29,-0.0094250836171945,0.0
2012-10-30,0.0150887807263644,0.0
2012-10-31,-0.0045402576185616,0.0050376791377195
2012-11-01,0.0143699447749773,0.0119048247480149
2012-11-02,0.004573326694041,-0.0117647672556353
2012-11-05,-0.0140365056476348,-0.006892132673268
2012-11-06,0.0062020652663443,0.0107254630680828
2012-11-07,-0.0243210012696151,-0.02340843683314
2012-11-08,0.0006633841734469,-0.0115049488350817
2012-11-09,-0.0033412888033407,-0.000323417496941
2012-11-12,-0.0022174465586136,0.0029107000811803
2012-11-13,0.0162006136918979,-0.0038697303677296
2012-11-14,-0.0045845161321566,-0.007769526708907
2012-11-15,-0.0015461514046493,0.0045674685445371
2012-11-16,-0.018932799013299,-0.0081191947442905
2012-11-19,0.0292986946658435,0.0297968092154718
2012-11-20,0.0076392906418147,0.0047697125796113
2012-11-21,0.0072034958689556,0.0041139499527336
2012-11-22,0.0070668685395776,0.0
2012-11-23,0.0068087517096648,0.0274184329345132
2012-11-26,-0.0056697709359769,-0.0009199467173475
2012-11-27,0.0016123478093932,-0.0104391407809995
2012-11-28,-2.317760061769804e-08,0.0111694882069348
2012-11-29,0.0173060240515169,0.0101259659862538
2012-11-30,-0.0039800490036037,0.0030378181487495
2012-12-03,0.001411718208216,0.0030284476594721
2012-12-04,0.0064220974300493,0.0072463122952941
2012-12-05,0.0029815280092153,0.0023980322767096
2012-12-06,0.0057117727267682,-0.0017941796154858
2012-12-07,-0.0019017468550593,-0.0068905272644484
2012-12-10,-0.010038695839378,-0.0012065271747755
2012-12-11,0.0122023192777032,0.0144970031514302
2012-12-12,0.0029709350179285,0.0053589211359805
2012-12-13,-0.0015811502674608,-0.0023692504719373
2012-12-14,0.0037732265302634,0.0092016694994587
2012-12-17,0.0026198786372354,0.0044118192450073
2012-12-18,0.0083765989827539,0.0111276861172628
2012-12-19,0.0046737155138289,-0.0005794791194358
2012-12-20,0.0013256051762717,0.0081138309299828
2012-12-21,-0.0079865206370121,-0.006905656118861
2012-12-24,0.0003254337555313,-0.0066921854788247
2012-12-27,0.0029837434274987,0.0123023082959097
2012-12-28,-0.015976675714106,-0.0199650557565523
2012-12-31,0.0020179076319987,0.0233244539465842
2013-01-02,0.0368107890817444,0.0103865267180278
2013-01-03,-0.0014725665702613,-0.0154198330783184
2013-01-04,0.0031049887065664,0.0087003417375031
2013-01-07,0.0030215135711559,-0.0040251233241237
2013-01-08,-0.0023140750362789,-0.0028864770124648
2013-01-09,0.0073296000069728,0.0017366570770775
2013-01-10,0.0106275237913397,0.0202314451356371
2013-01-11,0.0061394592140413,0.0082151452861605
2013-01-14,-0.0015348387888237,0.0022480139129121
2013-01-15,-0.0042657780428848,-0.0075695399151135
2013-01-16,-0.0036910922917223,-0.0067796069775671
2013-01-17,0.0099450660312411,0.0127986314224575
2013-01-18,-0.0048123451942973,-0.0022464373287995
2013-01-21,0.0088166170718315,0.0
2013-01-22,-0.0016278030793968,0.0025330696707781
2013-01-23,-0.008369651326334,-0.0050534173135564
2013-01-24,0.0095421571146349,0.0070544016402909
2013-01-25,0.0040149517689986,0.0184924607696068
2013-01-28,0.0050143735331884,-0.0008255909523472
2013-01-29,-0.0012411126779502,0.0008262731159558
2013-01-30,-0.0101026073312123,-0.0005504452058007
2013-01-31,-0.0077520870818895,-0.0107350560483734
2013-02-01,-0.0029007665305617,0.012799229882116
2013-02-04,-0.0378446502262964,-0.0445056404163577
2013-02-05,0.0110038162614233,0.0135136828488777
2013-02-06,-0.0114470000349017,-0.0116309481464852
2013-02-07,-0.005927633398744,-0.0160736408840179
2013-02-08,0.0149963837269865,0.0081680709880957
2013-02-11,-0.0058988425155194,-0.0026040849875559
2013-02-12,0.011557255661158,0.0136345621578251
2013-02-13,-0.0031622949556929,0.0042935805461734
2013-02-14,-0.0115416308071529,-0.0131091068380981
2013-02-15,-0.011068971647638,-0.0098183052048539
2013-02-18,-0.0010471661003016,0.0
2013-02-19,0.016470096007933,0.0215806395317292
2013-02-20,-0.0117677765415509,-0.0225520039920897
2013-02-21,-0.0237262282655777,-0.0233646773806377
2013-02-22,0.014978102352905,0.0251197527349138
2013-02-25,0.0085118516332802,-0.0390901180480832
2013-02-26,-0.0348741549004816,0.0054645656869956
2013-02-27,0.0182596725725284,0.0220414452117356
2013-02-28,0.0069829345461286,-0.005022273484134
2013-03-01,-0.0098879684725296,-0.0062352075674876
2013-03-04,0.0003756508119735,0.0077683523861131
2013-03-05,0.024574797129188,0.014230289348416
2013-03-06,0.0006246088685715,0.0040924336485215
2013-03-07,0.0066154660986853,0.0096068495243015
2013-03-08,0.0112114693862685,0.0028834703855813
2013-03-11,-0.0057256419238326,0.000862537901705
2013-03-12,-0.0022372252251309,-0.0045962109610189
2013-03-13,-0.0050007193484823,-0.0051945624758068
2013-03-14,0.0103895520766798,0.0139247144067076
2013-03-15,-0.0074794923819836,-0.0011462684963691
2013-03-18,-0.0065618721568833,-0.0212401461032802
2013-03-19,-0.0121213941800905,-0.0085044608089428
2013-03-20,0.0108369134018173,0.016267245855156
2013-03-21,-0.0113046269337715,-0.0142604608778807
2013-03-22,-0.0015421979246594,0.0124001536395466
2013-03-25,-0.0130911009081704,-0.027413394261925
2013-03-26,0.0018502455052772,-0.0005993443077966
2013-03-27,-0.0105327777755412,-0.0165016819142603
2013-03-28,0.0041593741090965,0.0079318048840981
2013-04-03,-0.0143339396125641,-0.0071805727589242
2013-04-04,-0.010949910596724,0.0054245057682325
2013-04-05,-0.018410516202907,-0.0083929844338395
2013-04-08,0.0040336176458518,0.0042318428538206
2013-04-09,-0.0027142878009747,0.0045155680591668
2013-04-10,0.0234460248859262,0.0212769566185868
2013-04-11,0.0077488237510399,0.0073353727821852
2013-04-12,-0.0141471409120548,-0.0055346023710581
2013-04-15,-0.0038759774609099,-0.024312048132947
2013-04-16,-0.0030685693609841,0.0195140945590197
2013-04-17,-0.0197374710364944,-0.0344522455432356
2013-04-18,0.0002143089564743,-0.000915177664189
2013-04-19,0.009266430132244,0.0082418459215671
2013-04-22,0.0020689678276317,0.0084768375154633
2013-04-23,0.0330229750599814,0.0237169706313447
2013-04-24,0.0102079712670674,0.0146626379093741
2013-04-25,0.0004677496950534,-0.0037571309943362
2013-04-26,-0.0080032267618184,0.0029008073211351
2013-04-29,0.0150200518860466,0.0219844821018644
2013-04-30,-0.0044843077725878,-0.0011319839281009
2013-05-02,0.004496088190499,-0.0005667123902621
2013-05-03,0.0132052407114344,0.0175785991523662
2013-05-06,-0.0039899966781335,-0.0041790927899983
2013-05-07,0.0113241928328774,0.0058755953060765
2013-05-08,0.0109674045943993,0.0141862843555957
2013-05-09,-0.0010411923739841,-0.0134392456899024
2013-05-10,0.0028889346599948,0.0041697972119756
2013-05-13,-0.0031904745458182,-0.0049835189799194
2013-05-14,0.0081764637025905,0.0041738228647323
2013-05-15,0.0042515619170381,0.0008311867382799
2013-05-16,0.003970410375889,-0.0063675510629104
2013-05-17,-0.0004173873099197,0.0117022366672414
2013-05-20,0.0072321170195002,0.0019284273488378
2013-05-21,-0.0019287222042878,0.0005493494447226
2013-05-22,0.0082715120737874,-0.0087911227668027
2013-05-23,-0.0249340401929358,-0.0002774223491753
2013-05-24,-0.0035603120048029,-0.0019404855913688
2013-05-27,0.0105599631155913,0.0
2013-05-28,0.0170875070430158,0.0105559507132355
2013-05-29,-0.0176559602593759,-0.0041234163189741
2013-05-30,0.0074596603611473,0.0096608081753635
2013-05-31,-0.0077499681609022,-0.021596439727333
2013-06-03,-0.0121271594188589,0.0097787170401146
2013-06-04,0.0030307265415259,-0.0071942179632337
2013-06-05,-0.0171756027150928,-0.0147718237501733
2013-06-06,-0.0129749820713357,0.0067895612241228
2013-06-07,0.0193609620795115,0.0106774788909917
2013-06-10,-0.0017626101282285,-0.0002785807450477
2013-06-11,-0.015482584134841,-0.0125136528259363
2013-06-12,-0.0049697245424755,-0.0036605345522081
2013-06-13,-0.0008192487143441,0.013001539777345
2013-06-14,0.0014057938227971,-0.0108818092991705
2013-06-17,0.0148811985674025,0.0157970364777502
2013-06-18,-0.0012069366528214,0.0055538121659381
2013-06-19,-0.0054751186268096,-0.0243028068519556
2013-06-20,-0.0363815762447358,-0.0376450946284586
2013-06-21,-0.0133264577508329,-0.0063849907860369
2013-06-24,-0.0151966782389424,-0.0166719018767034
2013-06-25,0.0155162381445582,0.0095562897021201
2013-06-26,0.0203333701959246,0.0143509686889315
2013-06-27,0.0121514277815348,0.0057192983577689
2013-06-28,-0.0044837370861017,-0.008380539077359
2013-07-01,0.0075366758645405,0.0096589506390978
2013-07-02,-0.0072971190327127,-0.0167410313665005
2013-07-03,-0.0113321692797586,-0.0027363526120847
2013-07-04,0.0307341875873435,0.0
2013-07-05,-0.0185153222448954,0.0036582043471122
2013-07-08,0.0183160058630289,0.0160995434276371
2013-07-09,0.0034350614358124,-0.0008970648049351
2013-07-10,-0.0003701001930277,0.0059848783691724
2013-07-11,0.0085805174067155,0.0273647755631976
2013-07-12,0.0006182292419378,-0.0072382347548464
2013-07-15,0.0045648958615638,0.0043740176980695
2013-07-16,-0.0049635308830857,0.0002910058786982
2013-07-17,0.0047479671029439,0.0014509705672449
2013-07-18,0.0099281015667954,0.0127538133710207
2013-07-19,0.0014616809674002,0.0031483979117385
2013-07-22,0.0023309320474308,0.0051356767766783
2013-07-23,-0.0026013496530654,0.0036895087497155
2013-07-24,0.0085251404564822,0.007919146428942
2013-07-25,-0.0003432026747347,0.0072952752636197
2013-07-26,-0.0022373798101828,0.001949417973142
2013-07-29,0.000427154270731,-0.0050038686936169
2013-07-30,0.0050678974857003,0.0016764458708515
2013-07-31,0.0017448604001112,0.0061361993841015
2013-08-01,0.0121606293671875,0.0141394442471807
2013-08-02,0.0027330227830126,0.0038270301748641
2013-08-05,0.0013600707722927,-0.0040846351711498
2013-08-06,-0.0076627720749755,-0.0043754440570563
2013-08-07,0.0030809406446401,0.0046691855142784
2013-08-08,0.0116930096420909,0.0142153959197695
2013-08-09,0.0030588493664168,-0.0008088089651345
2013-08-12,-0.0011345304168503,-0.0035068190024259
2013-08-13,0.000898502678138,0.0046019728700517
2013-08-14,0.0056219799729541,0.0005393298062292
2013-08-15,-0.0053336422156513,-0.0005390390863834
2013-08-16,0.0046805831242932,0.0048502998449215
2013-08-19,-0.0145408842764154,-0.012871725646956
2013-08-20,-0.0150152416956883,-0.0019015958715641
2013-08-21,-0.0038718330777686,-0.0103428282283933
2013-08-22,0.0179114978492996,0.0156762306897297
2013-08-23,0.0023361846165959,0.0064987836345486
2013-08-26,-0.0074706347557127,-0.0069946953237409
2013-08-27,-0.0311568016688796,-0.0270929078209847
2013-08-28,0.000171526269746,-0.0022278930480926
2013-08-29,0.0083908831897953,-0.0039073663887005
2013-08-30,-0.0132130389202116,-0.0117677762224489
2013-09-02,0.0203051760336866,0.0
2013-09-03,-0.0076870434927062,0.0096398178087944
2013-09-04,0.0023858331756769,0.00533544033095
2013-09-05,0.0060142318936221,-0.0022346627889821
2013-09-06,0.0073959722796081,0.0114784588909349
2013-09-09,0.004088327622851,0.0116243870454042
2013-09-10,0.0192555370974533,0.0155949679541473
2013-09-11,0.0046051326659886,0.0096984997013251
2013-09-12,0.0037982733266997,-0.00533620441476
2013-09-13,0.0002930472095459,0.0056330117905512
2013-09-16,0.0078346017625139,0.0082687404557728
2013-09-17,-0.003127211915725,0.004497488170144
2013-09-18,0.0065021228771722,0.0305508239251468
2013-09-19,0.0058773235600251,-0.0046003287410294
2013-09-20,-0.0033318882615319,-0.0068715344194658
2013-09-23,-0.0071420380944195,-0.0031094398672463
2013-09-24,0.008152829449915,0.0023393010268508
2013-09-25,0.0015333444299697,0.0038902993074905
2013-09-26,-0.0015475009121879,-0.000516785349539
2013-09-27,-0.001969881266518,0.0002584911753558
2013-09-30,-0.0098195749258761,-0.0074938857578973
2013-10-01,0.0219818848143315,0.0122370167546961
2013-10-02,-0.0011841239505251,0.0023142127495476
2013-10-03,-0.0046767801572007,-0.0071847062868569
2013-10-04,0.013943410180811,0.0059448758091011
2013-10-07,0.0015370753664405,-0.0035973502464948
2013-10-08,-0.0072578890934609,-0.0077359680735913
2013-10-09,0.002294193792287,0.0031181872373495
2013-10-10,0.0267840774574854,0.0246118867980291
2013-10-11,-0.0020151061006318,0.0010113440718761
2013-10-14,0.0021504065150872,0.0042939040298111
2013-10-15,0.0121017784209196,-0.00326981589797
2013-10-16,0.0094911728006562,0.0098412853114633
2013-10-17,-0.0019454547413756,0.0117440403924131
2013-10-18,0.0041146904695305,0.0056805942969597
2013-10-21,-0.0036690690317297,-0.0014736280807394
2013-10-22,0.0040774183817543,0.0115593201339871
2013-10-23,-0.0140224002857289,-0.0077800148931657
2013-10-24,0.0105661768264092,0.0080859480321313
2013-10-25,-0.0050919231398343,-0.0007288958891066
2013-10-28,-0.0112819235479771,-0.006324612709641
2013-10-29,0.0128438374920967,0.006609292159438
2013-10-30,-0.0068003300851024,-0.0060797292684138
2013-10-31,0.0103423410864336,-0.000978480994487
2013-11-01,-0.0031054113111729,-0.0068576720875882
2013-11-04,0.0041662726629885,0.0034523447811318
2013-11-05,-0.0120188122732175,-0.014008254984939
2013-11-06,0.0073404882022722,0.0117145643939176
2013-11-07,-0.0091650643085142,-0.0206944663321445
2013-11-08,-0.0041394285554741,0.0030189717374473
2013-11-11,0.0066246325100432,0.0090293143081296
2013-11-12,-0.0070697551421817,-0.0054685071512233
2013-11-13,-0.0084473621593064,0.0044988597217807
2013-11-14,0.0116020512781625,0.0034832013038805
2013-11-15,-0.0022097478681731,0.0034716495201201
2013-11-18,0.0073897646406981,0.0054358754355505
2013-11-19,-0.0132157178825084,-0.0058982582985748
2013-11-20,-0.0035979560257503,-0.0113721544181117
2013-11-21,0.0010524543391513,0.0102524592963204
2013-11-22,0.0057115944514175,0.0089112674581011
2013-11-25,0.0050780618405542,-0.0012269515106259
2013-11-26,-0.000231494382345,0.0054042978442723
2013-11-27,0.0087116163067231,0.0041530610924431
2013-11-28,0.0051413309431812,0.0
2013-11-29,-0.002495804713228,0.0017034699940199
2013-12-02,-0.0049899511036352,-0.0075297334746168
2013-12-03,-0.0248967156691851,-0.0134606447481979
2013-12-04,-0.0049216231529894,-0.0086830586559609
2013-12-05,-0.0157169558386904,-0.0085079549620197
2013-12-06,0.0092163440935719,0.0169106646829271
2013-12-09,0.0047520624166784,0.0017372441923264
2013-12-10,-0.0091177622044319,-0.0069374640286123
2013-12-11,-0.0045433385487299,-0.0074855915729711
2013-12-12,-0.0070210408962533,-0.0072893425013884
2013-12-13,-0.0019396449510782,0.0015191142833266
2013-12-16,0.0223535671913547,0.01719346731891
2013-12-17,-0.0122489432470425,-0.0096945062821497
2013-12-18,0.0144280126520125,0.0188251849230802
2013-12-19,0.0201405722400147,0.0039419943046252
2013-12-20,0.0047455842765468,0.0068537394119276
2013-12-23,0.0075592791477038,0.0105291227258106
2013-12-24,0.0006746903114019,0.0026649443243544
2013-12-27,0.0107183240145559,0.0120833734341803
2013-12-30,-0.0041759468807728,0.0052529031282624
2013-12-31,0.0019418635608042,0.0023751773194937
2014-01-02,-0.0148207244124299,-0.0293836276161625
2014-01-03,0.0048199623937453,-0.003173766871569
2014-01-06,0.0015647490513247,0.0024493205716242
2014-01-07,0.0200190110098017,0.0129487100897776
2014-01-08,0.0056268923206372,-0.0024119068090752
2014-01-09,-0.0050229708377015,-0.0014506036795299
2014-01-10,0.0051645608551731,0.0104116518536974
2014-01-13,0.0065869888333813,-0.0091061510933017
2014-01-14,0.0017318589807238,0.0130587851292973
2014-01-15,0.0186491852300948,0.0116976513305908
2014-01-16,-0.0117335693924431,-0.0044833073737954
2014-01-17,0.0016740775450388,-0.0111396786070199
2014-01-20,-0.0013523332464545,0.0
2014-01-21,-0.001939914233811,0.0079098942014308
2014-01-22,-0.0001491051831519,-0.0030920111536153
2014-01-23,-0.0079050482381638,-0.0011924621993545
2014-01-24,-0.0279542731316558,-0.0365421154877454
2014-01-27,-0.0042894171800173,-0.0012388325618333
2014-01-28,0.0121816002671383,0.0136506371789317
2014-01-29,-0.0061800477364992,-0.017629678638228
2014-01-30,0.0058380570407572,0.0057329494923996
2014-01-31,-0.0047877178102661,-0.0146222864132462
2014-02-03,-0.0228127720982339,-0.0206237884604623
2014-02-04,0.0023679897682839,0.0089883928594989
2014-02-05,0.0025208941505249,0.0017815679353001
2014-02-06,0.0220849924082159,0.022357553386505
2014-02-07,0.0095755930568229,0.0154077178677214
2014-02-10,-0.0068462568388866,-0.0061186398105557
2014-02-11,0.0152397025522208,0.0160061346041766
2014-02-12,0.0081808781136263,-0.0002425170292691
2014-02-13,0.001238051613807,0.009697332052267
2014-02-14,0.0077443098436056,0.0045617550001182
2014-02-17,3.968841298248998e-05,0.0
2014-02-18,0.00192237388713,0.0035849362629891
2014-02-19,-0.0006038640844559,-0.0069061531198546
2014-02-20,-0.0008107338925015,0.0047961134707814
2014-02-21,0.0019681066981007,0.002624680892141
2014-02-24,0.0120505092118314,0.0073795005193337
2014-02-25,-0.0011670166689182,0.0011811911740251
2014-02-26,-0.0077748801283455,-0.005428319685908
2014-02-27,-0.0031423307634562,0.0018985949358099
2014-02-28,0.0042515264843783,0.0033163089693137
2014-03-03,-0.0334388355988197,-0.0292732626900716
2014-03-04,0.0296132471596059,0.0243192862331045
2014-03-05,0.0047094752495556,0.0016617378756136
2014-03-06,0.0004529689572642,0.0104293824723598
2014-03-07,-0.0168126343066249,-0.007976023096105
2014-03-10,0.0036067721616766,-0.0035470467009917
2014-03-11,0.0015645003100502,-0.0061696636326487
2014-03-12,-0.0054130810414142,-0.0014328505669524
2014-03-13,-0.0153073052019822,-0.0263029139173718
2014-03-14,-0.0083501593146582,0.0039289412328686
2014-03-17,0.0165327267255573,0.0168788448905103
2014-03-18,0.0080036714404757,0.0096224882265167
2014-03-19,-0.0006863210040809,-0.013819725342227
2014-03-20,0.0072500100250804,0.0062822435789153
2014-03-21,-0.0049727299020645,-0.002960265720898
2014-03-24,-0.0159792613448683,0.0
2014-03-25,0.0120562919156796,0.014240760059307
2014-03-26,0.0094591186799766,0.0002379613051934
2014-03-27,0.0020210606050241,0.0019036226075561
2014-03-28,0.0131323062458267,0.0113985610124616
2014-04-01,0.0104136763298191,0.0100797758847039
2014-04-02,-0.001430188952778,-0.0020885333048885
2014-04-03,0.0076354041438808,0.0011621252552225
2014-04-04,0.0073692854243317,-0.0020899111021805
2014-04-07,-0.0153622405880873,-0.0046558429661368
2014-04-08,-0.0099397536671363,0.0009353728515537
2014-04-09,0.0024346961901101,0.0128506812425277
2014-04-10,-0.0098173938054746,-0.0221452786829835
2014-04-11,-0.0104034996047996,-0.0047180670802161
2014-04-14,-0.0010247752858359,0.0054516958686259
2014-04-15,-0.0152207841196734,-0.0061290974656151
2014-04-16,0.0199187913082161,0.0130453670393031
2014-04-17,0.0079042498824066,0.0046826538132886
2014-04-22,0.0136746599970981,0.0107199375916002
2014-04-23,-0.0103939625101281,-0.0039192969508818
2014-04-24,0.0021960024085579,-0.0006941967697557
2014-04-25,-0.0159763878066499,-0.0088026415547515
2014-04-28,0.0046654498541643,0.0063095260908725
2014-04-29,0.0153816984426171,0.0081282412549854
2014-04-30,-0.0009462974135766,0.0062197855143955
2014-05-01,-2.2180811857151948e-05,0.0020606315626705
2014-05-02,-0.0052059158606642,-0.0073109250119
2014-05-05,0.0004029760971998,0.0011506480442335
2014-05-06,-0.0062477561165168,-0.0057476820177333
2014-05-07,-0.0014845380013394,0.00786165434204
2014-05-08,0.0173333518299838,0.0022940293110014
2014-05-09,-0.0054437417445016,-0.0066377177803389
2014-05-12,0.007436402057103,0.0101383667921688
2014-05-13,-0.0002798458933694,-0.0038777706986972
2014-05-14,0.000709325488573,-0.0009157578164618
2014-05-15,-0.0199056860819724,-0.0116894890672322
2014-05-16,0.0071233559986866,0.0037103794665895
2014-05-19,0.0013347847278611,0.0002316569109421
2014-05-20,0.0001299957571734,-0.0060062320405446
2014-05-21,0.0060622957834811,0.0095282255817439
2014-05-22,-0.001078677440855,-0.0027627505005868
2014-05-23,0.0056038914840586,0.0050790436678205
2014-05-26,0.0143287945930647,0.0
2014-05-27,-0.000660796627894,0.0124023026103849
2014-05-28,0.0006905490242742,-0.0029492945545901
2014-05-29,-0.0005682040186842,0.0031856529376392
2014-05-30,0.0017305990685743,0.0038554758187581
2014-06-02,0.0036048900888343,-0.0013555084488302
2014-06-03,-0.0010869982700556,-0.0040725942752024
2014-06-04,-0.00296882879654,-0.0002272110892737
2014-06-05,0.0148346804787765,0.0145426080224233
2014-06-06,0.0120463116944728,0.0089578482557504
2014-06-09,0.0033334005163259,-0.0022195045647164
2014-06-10,0.0004260442156623,-0.0017799614339689
2014-06-11,-0.0106488057268039,-0.0093599877461294
2014-06-12,-0.0007678944645811,-0.0017996797508204
2014-06-13,0.0018576414962714,-0.0015779312370686
2014-06-16,-0.0065254705554214,-0.000676837907794
2014-06-17,0.0025127040840456,0.001129578680983
2014-06-18,0.0042412166196434,0.0119581740521932
2014-06-19,0.0114958668386809,0.0057975613170984
2014-06-20,-0.0052659727104094,-0.0050011558423495
2014-06-23,-0.0047405721761765,-0.0034116389713135
2014-06-24,0.0011010366651903,-0.0061614901618649
2014-06-25,-0.0103949748651571,-0.0011485243625019
2014-06-26,-0.0034067402080448,-0.0057471596022382
2014-06-27,-0.0021309106405304,0.0013875576687809
2014-06-30,-0.0005037840908171,-0.0009234109476454
2014-07-01,0.0087954641852651,0.0080882144591474
2014-07-02,-0.0013937849866467,-0.0022924550647184
2014-07-03,0.0091467720149121,0.0066638384576556
2014-07-04,-0.0061949194777518,0.0
2014-07-07,-0.0131865180239551,-0.0150648338292156
2014-07-08,-0.0133403171311536,-0.0143684194959009
2014-07-09,0.0058762744409116,0.0079942775265424
2014-07-10,-0.0149694280518822,-0.0158618750827101
2014-07-11,0.0029165881175246,-0.0007111779957331
2014-07-14,0.00696389876586,0.0061668009600934
2014-07-15,-0.0069582957539592,-0.0080155086391109
2014-07-16,0.0175825376244913,0.008555634544727
2014-07-17,-0.0155846569503364,-0.0204999366792034
2014-07-18,0.0023766370021921,0.0117878900620738
2014-07-21,-0.0067960686147412,-0.0083215913685691
2014-07-22,0.0186228126331381,0.0069531399520714
2014-07-23,-0.0013114478704691,0.002142933763837
2014-07-24,0.0114487482783278,0.0083150925886514
2014-07-25,-0.0120006729139422,-0.0122526052740931
2014-07-28,-0.0009131453875426,-0.0016699146333991
2014-07-29,0.0060100146165015,-0.0014334700190531
2014-07-30,-0.0106769078454463,-0.0014360336511543
2014-07-31,-0.015644095240015,-0.0232445677275455
2014-08-01,-0.0149515551322451,-0.009568441853058
2014-08-04,0.0012905310802033,0.005201766365934
2014-08-05,-0.0020843168297723,-0.0179889961468151
2014-08-06,-0.0079299750414573,0.0
2014-08-07,-0.0138413158255078,-0.0148056091590252
2014-08-08,-0.0024732858492383,0.0147731561924031
2014-08-11,0.0107095888004787,-0.0007523984358283
2014-08-12,-0.0058730450417502,-0.0050240366011066
2014-08-13,0.0067931233783116,0.0080786077035064
2014-08-14,0.0020694964852198,0.0055096947412849
2014-08-15,-0.0056963628159893,-0.0047323231392534
2014-08-18,0.0116932811250549,0.0075076698450358
2014-08-19,0.0038028072372428,0.0024843020542699
2014-08-20,-0.0022197975668316,-0.0066899652027792
2014-08-21,0.0098926333211292,0.0122218685676043
2014-08-22,-0.0087837382804265,-0.0091172420744817
2014-08-25,0.0194793842800214,0.0146723916980253
2014-08-26,0.0069839270431451,0.0078436970282484
2014-08-27,-0.0004166492126978,0.0019453738908625
2014-08-28,-0.0083297406823371,-0.007767028399404
2014-08-29,0.0024610055588348,-0.0004889887363884
2014-09-01,0.0024511502097062,0.0
2014-09-02,0.000498136461597,0.0002444523068698
2014-09-03,0.0060998979680191,0.0114998339358989
2014-09-04,0.0162806446569549,0.0031452012191153
2014-09-05,-0.0019688439255515,0.0053044502635148
2014-09-08,-0.0019635890744595,-0.0124725870938136
2014-09-09,-0.007284331152181,-0.0024289403064364
2014-09-10,-9.329938740113876e-05,0.0021912660374419
2014-09-11,-0.0002149848465799,-0.0036448096002028
2014-09-12,-0.0013294714692155,-0.0014629607400101
2014-09-15,0.0005332889775336,0.0009770802349227
2014-09-16,-0.0032012396375553,0.0026837998717665
2014-09-17,0.0038599809568542,-0.0041366941396168
2014-09-18,0.0128885655933935,0.0085515310119859
2014-09-19,0.0053436910191686,-0.0047577519106926
2014-09-22,-0.0033178886258694,-0.0029270458158662
2014-09-23,-0.0124787747683885,-0.0149218993966617
2014-09-24,0.0114380202964361,0.0094367558326193
2014-09-25,-0.0109979608676139,-0.0194342094866608
2014-09-26,0.000998054884354,0.0067736631150037
2014-09-29,-0.009036011232045,-0.0122102726523247
2014-09-30,0.0130409883600326,0.0015136347537405
2014-10-01,-0.0096762037877858,-0.0105797620038443
2014-10-02,-0.0246117740296058,-0.0147653268553165
2014-10-03,0.0093840404570692,-0.0036181223104957
2014-10-06,0.0036324076234768,0.003890450792513
2014-10-07,-0.0178292038841525,-0.0229912643318596
2014-10-08,-0.0075898829774455,0.0200949514153008
2014-10-09,-0.0019697585678446,-0.0313633710319711
2014-10-10,-0.0138397030356047,-0.0155204085578567
2014-10-13,-0.0007489342540538,0.0019023359093714
2014-10-14,-0.0010443605517263,0.0040698080793637
2014-10-15,-0.0352816050796253,-0.0140502508925024
2014-10-16,-0.0064912911294177,-0.0150728762157626
2014-10-17,0.0262086482808222,0.0228159443724651
2014-10-20,-0.0099707932884826,0.0032646596734506
2014-10-21,0.0193095823492463,0.0151842635891714
2014-10-22,0.0064194745957597,-0.0149571502768253
2014-10-23,0.0122189957045056,0.018980293734895
2014-10-24,-0.0028280457698609,0.0047896802204105
2014-10-27,-0.0083533158978203,-0.0095336272437157
2014-10-28,0.0123149104189253,0.0171121764704347
2014-10-29,-0.0055211543594084,-0.0168242764822825
2014-10-30,0.0037753105387185,0.0050798898452335
2014-10-31,0.0239685167555282,0.0180898328031782
2014-11-03,-0.0121499969010408,-0.012019706320778
2014-11-04,-0.0138876726366563,-0.0079342644910592
2014-11-05,0.0190863278027691,0.0058648919388173
2014-11-06,0.001989789415655,-0.0007950249539985
2014-11-07,-0.0123115187524498,-0.0071617570692158
2014-11-10,0.0117449952611056,0.0064116686211357
2014-11-11,0.0075099146307094,0.0066369048535761
2014-11-12,-0.0134520788526649,-0.0171415696206757
2014-11-13,0.0064772111771334,0.0048298032276707
2014-11-14,-0.0030832415226513,0.0016022195888631
2014-11-17,0.0066668579383902,0.005065204249375
2014-11-18,0.0093445788114856,0.019363401236903
2014-11-19,0.0013339513929979,0.0002598609582618
2014-11-20,-0.0019180730167263,-0.007543682789936
2014-11-21,0.0240015114822369,0.0159890083646223
2014-11-24,0.0029777578246938,0.0131581077938598
2014-11-25,0.0002366287807242,0.0066209965325689
2014-11-26,-0.0016987153600287,0.0043005770259381
2014-11-27,0.01073125244556,0.0
2014-11-28,0.0071496176676575,-0.0020155723288169
2014-12-01,-0.004135247610294,-0.0015141332750105
2014-12-02,0.0004329164006627,-0.0027806870800137
2014-12-03,0.0023427215334595,-0.0035486026612481
2014-12-04,-0.0095976975135029,-0.0076317750065306
2014-12-05,0.0248392683930771,0.0123046389132244
2014-12-08,-0.0044206598988127,-0.0101293182890261
2014-12-09,-0.0262145542819707,-0.0086977692651429
2014-12-10,-0.0013123517310677,-0.0126449817193818
2014-12-11,0.0027030018816069,-0.0020908126034336
2014-12-12,-0.0245486877842268,-0.025406298965257
2014-12-15,-0.0247415056089847,-0.0201558608404385
2014-12-16,0.0184755629890824,0.0101483235434134
2014-12-17,-0.0023276704897574,0.0154766018364882
2014-12-18,0.034045932144163,0.0224597889059903
2014-12-19,-0.002891141802396,-0.010937148410996
2014-12-22,0.0061703822594522,0.0063949674701697
2014-12-23,0.0111729181994794,0.002912378947625
2014-12-24,-0.0028605927777134,0.0039594409781626
2014-12-29,0.0025932988964435,-0.0068362947001997
2014-12-30,-0.0144361244718108,-0.0156206267205606
2014-12-31,0.0037879353833445,-0.0086073564675802
2015-01-02,-0.0044358082705812,-0.0008131203290304
2015-01-05,-0.0310666445495884,-0.0426283525524862
2015-01-06,-0.0065315224919875,-0.0113445412762437
2015-01-07,0.0066806578842721,0.0117613819201525
2015-01-08,0.0347247120593252,0.015026508945944
2015-01-09,-0.0194950915052071,-0.0150831940565087
2015-01-12,0.013616875059297,0.0051046279907267
2015-01-13,0.0148905246508985,0.0047968769796864
2015-01-14,-0.0094478398983331,0.003089108648975
2015-01-15,0.0177815125066953,-0.0025198488090716
2015-01-16,0.0121873965839585,0.0216114792572881
2015-01-19,0.0056523300941332,0.0
2015-01-20,0.0070563522214633,0.0085163987528442
2015-01-21,0.0065800970293631,0.0098062884872445
2015-01-22,0.0133951522477805,0.0040470157732179
2015-01-23,0.0153978061093776,-0.0075235860795941
2015-01-26,0.010525777023252,0.0186793956698607
2015-01-27,-0.0121436815154509,-0.0031891243502598
2015-01-28,0.0042975541100453,-0.0242601128100896
2015-01-29,0.0047068326398093,0.0273224184360443
2015-01-30,-0.0079350005456395,-0.0188832651647778
2015-02-02,-0.0003889967004218,0.0178911891059299
2015-02-03,0.009541024358354,0.0245006785283579
2015-02-04,0.0006928008230266,-0.021315538823473
2015-02-05,-0.0046642413160404,0.016733216864406
2015-02-06,-0.0027106158624575,-0.0242950530758756
2015-02-09,-0.0197027964500095,-0.0085672040289385
2015-02-10,0.0162766329191169,0.0143129512744595
2015-02-11,-0.0027037622229787,-0.0063899270433227
2015-02-12,0.0154042622704952,0.027063350403305
2015-02-13,0.0045579786210476,0.0044349971348136
2015-02-16,-0.0052394327884844,0.0
2015-02-17,-0.0009685626098526,0.002078130107012
2015-02-18,0.005381331618626,0.0010366389187375
2015-02-19,0.0106668997965566,0.0
2015-02-20,0.0001381603970198,0.0152770289923758
2015-02-23,0.0090657988705913,-0.0068860204255553
2015-02-24,0.0074898800522235,0.0115563894687709
2015-02-25,-0.0012448991229383,-0.0012692853213498
2015-02-26,0.0120708777366787,-0.0058467182191911
2015-02-27,0.0051808559583374,0.0038353189358335
2015-03-02,0.0015188241792041,0.00203796817965
2015-03-03,-0.0144966208353778,-0.0096594800963082
2015-03-04,0.0110760589182108,-0.002053526279058
2015-03-05,0.012425918440329,0.0028295014391812
2015-03-06,0.0030855107784688,-0.0207746859331471
2015-03-09,-0.0031469485918891,0.0041908206443492
2015-03-10,-0.0060994478673023,-0.0250393715297175
2015-03-11,0.0234014746949467,0.0072229269917425
2015-03-12,-0.0030324931744658,0.0077028787173989
2015-03-13,0.0078448947970382,-0.0071170729954488
2015-03-16,0.0144536395526418,0.0175211535793866
2015-03-17,-0.0139842532924645,-0.0044356115421747
2015-03-18,-0.006689491035697,0.0159856954069617
2015-03-19,0.0008241067266413,-0.0149602346371037
2015-03-20,0.0123838858658573,0.0299903629762883
2015-03-23,-0.0122028077369203,0.004581087442991
2015-03-24,0.0083774116073235,0.0050672384841539
2015-03-25,-0.0140941343307749,-0.0070583806237565
2015-03-26,-0.0052933287347519,-0.008631376630953
2015-03-27,0.0041249420657552,0.0048656576241219
2015-03-31,-0.0089263262931943,-0.0142209165779456
2015-04-01,0.0033977812831553,0.0087587878399415
2015-04-02,0.0012756909303147,0.0104697298894451
2015-04-07,0.0105901228440647,0.0042964858607061
2015-04-08,-0.0068777583978628,-0.0027683674491498
2015-04-09,0.0113863851200899,-0.0025229287156891
2015-04-10,0.0106583188539001,0.0025293099844798
2015-04-13,0.0002682970780846,-0.0058035142799651
2015-04-14,-0.0107946711812798,0.0038072137652482
2015-04-15,0.0026372541074231,0.0032870883052416
2015-04-16,-0.0127809706910786,-0.0035284648799904
2015-04-17,-0.0214667084646149,-0.0174508307550746
2015-04-20,0.0097013159496779,0.003346652442693
2015-04-21,0.0022246388316104,0.0046175193370565
2015-04-22,-0.0015208940391463,0.0022982480413933
2015-04-23,-0.0075429693516468,0.0028025955122912
2015-04-24,0.0039146005697849,0.0045730733520514
2015-04-27,0.0155389438119772,0.0136568988647287
2015-04-28,-0.0197866463396418,-0.0002495645825142
2015-04-29,-0.0273891205727639,-0.013725890899551
2015-04-30,0.0021910017326024,0.0025302155339148
2015-05-04,0.009015563946945,0.0050482531197084
2015-05-05,-0.021557820233409,-0.019085889983705
2015-05-06,0.0004018793680823,0.0135687776122463
2015-05-07,0.003808630436624,-0.0047990940128078
2015-05-08,0.0269703492706697,0.0236037700915736
2015-05-11,-0.0050875707986117,-0.012645397640508
2015-05-12,-0.0141581465643417,-0.0040184482890123
2015-05-13,-0.0051461969708723,0.0025217457321109
2015-05-14,0.0158221560662073,0.0213781276793736
2015-05-15,-0.0077972230943721,-0.0002458570037741
2015-05-18,0.0066326854964703,-0.0059114824593575
2015-05-19,0.0257821800908262,0.0019818881687676
2015-05-20,0.0047647200227177,0.0029676630272501
2015-05-21,0.0009710517726543,0.0036983287088114
2015-05-22,-0.0003741484046895,-0.0108083378055621
2015-05-25,-0.0042017135063358,0.0
2015-05-26,-0.0030674049596422,-0.0258256987468038
2015-05-27,0.019033236297865,0.0158042594096083
2015-05-28,-0.0057507587768064,-0.002007711564303
2015-05-29,-0.0232001564340448,-0.0186069348514446
2015-06-01,0.0037217371744074,-0.0010246450540066
2015-06-02,-0.0074041139902275,0.0102588372517835
2015-06-03,0.0043381517370784,0.0152322587524558
2015-06-04,-0.0057095184569592,-0.0147535266361896
2015-06-05,-0.0129908321160606,-0.0152282580278896
2015-06-08,-0.0091908996994511,-0.0020619762287349
2015-06-09,-0.0023536392264449,-0.0038738057880549
2015-06-10,0.0183188708560342,0.028519377672294
2015-06-11,0.0065672575628366,0.0030245402443191
2015-06-12,-0.0133969027108875,-0.0140735364151406
2015-06-15,-0.0187392092259707,-0.0130001682934367
2015-06-16,0.0052236375311612,-0.0020660342537638
2015-06-17,-0.0094220839022105,-0.0046586238349973
2015-06-18,0.0049843172537234,0.018461024487232
2015-06-19,0.0021406855548322,-0.0056534044371133
2015-06-22,0.0409313531123758,0.038512141469968
2015-06-23,0.0096226852646478,-0.0022703304098076
2015-06-24,-0.0041566561877648,-0.0083438543070839
2015-06-25,0.0048857760019174,0.0017849688265587
2015-06-26,0.0036247994928659,0.0040720165605725
2015-06-29,-0.0427283670300705,-0.0451206710184378
2015-06-30,-0.0115806001171213,-0.0063707381766139
2015-07-01,0.0210034346989878,0.0061446976662575
2015-07-02,-0.0128268482604713,-0.0039829375742549
2015-07-03,-0.0058142492084733,0.0
2015-07-06,-0.0277926923237932,-0.0365231700618321
2015-07-07,-0.0262222266350208,0.0024898462397688
2015-07-08,0.0109029337457735,-0.0126967248956921
2015-07-09,0.0289835684932789,0.0237628811830159
2015-07-10,0.0342477140460663,0.0548885714261733
2015-07-13,0.0202191956959624,-0.0015533023190061
2015-07-14,0.0057894308517554,0.0067410054900418
2015-07-15,0.0050274861784479,-0.0033481981625116
2015-07-16,0.0152969644305686,0.0100772135863085
2015-07-17,-0.0002994643923809,-0.0043487337718631
2015-07-20,0.0051897632603718,0.0028261303929257
2015-07-21,-0.0088840743422115,-0.0017927399185041
2015-07-22,-0.0005185855798829,-0.0041072952566929
2015-07-23,0.0005384095968901,-0.0005153890537095
2015-07-24,-0.006701253651839,-0.0103148136393638
2015-07-27,-0.0249007041721381,-0.0096399399698621
2015-07-28,0.0131258835893589,0.0110493279900674
2015-07-29,0.0019270408459789,0.0007804934491537
2015-07-30,0.0045456959929561,-0.0041599625548757
2015-07-31,0.0092875849827206,0.0073107130630392
2015-08-03,0.0094713407368343,0.0046651512748299
2015-08-04,-0.0062843045246632,-0.0059335889787556
2015-08-05,0.0148142811222338,0.0119387444889831
2015-08-06,-8.159412138819476e-05,0.0020521672773197
2015-08-07,-0.0095071294520474,-0.001024310055979
2015-08-10,0.0097126387292962,0.014348285192455
2015-08-11,-0.0137003740690348,-0.0159127050802839
2015-08-12,-0.0328823933034833,-0.0105241510446931
2015-08-13,0.011355760935876,-0.0085600980931921
2015-08-14,-0.0061028361061318,-0.0026167208630696
2015-08-17,0.0047792930350104,-0.0041969985557339
2015-08-18,0.0013167076408109,-0.0089571811195546
2015-08-19,-0.0157830189164851,-0.008240089923829
2015-08-20,-0.0222764052501083,-0.0254623174370801
2015-08-21,-0.0320722465672034,-0.0192519465046888
2015-08-24,-0.050044882033927,-0.0277623684061006
2015-08-25,0.0480779937215233,0.0095184493281987
2015-08-26,-0.0099067748157882,0.0225716275057934
2015-08-27,0.0302779058584261,0.0117352045688083
2015-08-28,-0.0011078129697108,-0.0093897201808349
2015-08-31,-0.003361373755198,-0.0027880822551389
2015-09-01,-0.0263685894068367,-0.0257197232450883
2015-09-02,0.0019415265988164,0.0140600888967288
2015-09-03,0.0206872724573464,-0.0005658487963881
2015-09-04,-0.0260288850308217,-0.0220835706875651
2015-09-07,0.0057798573515042,0.0
2015-09-08,0.012563753931655,0.0292411720555467
2015-09-09,0.0130226464187569,-0.0078760235458597
2015-09-10,-0.0127708748309739,0.0093561585129959
2015-09-11,-0.0113524395748719,-0.0019661865133721
2015-09-14,-0.0068586935259225,-0.0092879098497307
2015-09-15,0.0121839964792437,0.0076703950287277
2015-09-16,0.0131106887372969,0.0126865595116483
2015-09-17,0.002935700016477,0.0089089626300487
2015-09-18,-0.0270277307447221,-0.0371007482149849
2015-09-21,0.0144718638232524,-0.001722621020586
2015-09-22,-0.0312303103442541,-0.0316366418190411
2015-09-23,-0.0007564706369064,-0.002375604427162
2015-09-24,-0.0198387764940936,-0.0044656071527652
2015-09-25,0.0362625904161698,0.0098684653155292
2015-09-28,-0.0226638395841334,-0.0174714306447184
2015-09-29,-0.0076802161334626,0.0042197422046033
2015-09-30,0.0260585418451146,0.0159062421544156
2015-10-01,-0.0102432950212304,-0.0032495951129112
2015-10-02,0.0037262875574198,0.0165972245691208
2015-10-05,0.0304067767251122,0.0233237312036764
2015-10-06,0.0060679615523686,0.0082620519213476
2015-10-07,-0.0063427160146416,0.0093247842779444
2015-10-08,-0.0011354874174266,0.0050393861293633
2015-10-09,0.001138678960711,0.005570451000719
2015-10-12,-0.0048154892281058,-0.0024928876569554
2015-10-13,-0.0055253023640135,-0.0099970386875486
2015-10-14,-0.0064750696867402,0.0042072801357815
2015-10-15,0.0155534231845929,0.0122908012166111
2015-10-16,0.0068762327388336,0.0016555983039359
2015-10-19,0.0025931274566039,-0.0016528618286957
2015-10-20,-0.0023827446078634,-0.0035874588781213
2015-10-21,0.0019374898385742,-0.0008302839320408
2015-10-22,0.0222129293613237,0.013303234888403
2015-10-23,0.0191757977741894,0.0109413243840232
2015-10-26,6.387409879763619e-06,-0.0029761577426549
2015-10-27,-0.0064396414444712,-0.0075984141016353
2015-10-28,0.0090245138464426,0.0054688145579275
2015-10-29,0.0028011296759965,-0.0054390692965768
2015-10-30,-0.0003695393085078,0.0013670288633667
2015-11-02,0.0017214497780554,0.0117424652851858
2015-11-03,0.0001930034517553,-0.0032394266480499
2015-11-04,-0.0018708691166407,-0.0108308744929066
2015-11-05,0.0047816770724829,0.0027373317048757
2015-11-06,0.0019777546671587,-0.0024566778286675
2015-11-09,-0.0101168069159236,-0.0131363915948754
2015-11-10,0.0028283073122867,-0.0041598686152792
2015-11-11,0.0076021610435484,0.0027845929536953
2015-11-12,-0.0144784570242784,-0.0124961563641131
2015-11-13,-0.0089990790312533,-0.010405304838326
2015-11-16,0.0008258623678049,0.0090937847912515
2015-11-17,0.023853546440173,0.0033791224318104
2015-11-18,-0.0076669329046125,0.0098231680500882
2015-11-19,0.0012442340652316,0.0030577184866766
2015-11-20,0.0021576111463653,-0.0055421864274344
2015-11-23,0.0005408089487579,-0.0061298465205422
2015-11-24,-0.0111641437473618,-0.0025232253706712
2015-11-25,0.0188452221712623,0.0064644263974855
2015-11-26,0.0075350331590048,0.0
2015-11-27,-0.0011035700951206,0.0078195189403047
2015-11-30,0.0033339855004184,0.0008306726918654
2015-12-01,-0.006841150336204,0.0027687578620492
2015-12-02,0.0018927977042234,-0.0138045062533207
2015-12-03,-0.0340547787915042,-0.0095182758268
2015-12-04,-0.0027117621269008,0.0118706009686846
2015-12-07,0.0137162348969508,-0.0027927925997816
2015-12-08,-0.0149175324621983,-0.0156869339215622
2015-12-09,-0.008583611833301,-0.0045525994612458
2015-12-10,-0.0027590774232674,-0.0028591369117945
2015-12-11,-0.0169157004586211,-0.0183484812924329
2015-12-14,-0.0174004274208419,-0.0017523785800782
2015-12-15,0.0249672594812826,0.0114102692123716
2015-12-16,0.0033353995189264,0.0182240720511301
2015-12-17,0.0175838010307583,-0.0093751143944371
2015-12-18,-0.0139217681240396,-0.0150621662438374
2015-12-21,-0.0108630151202699,0.0038011291057375
2015-12-22,-0.0016090974348598,0.0061175244274938
2015-12-23,0.0151963036122192,0.0167919001096468
2015-12-24,-0.0008501958884162,-0.0025625923567319
2015-12-25,-0.0001570469405773,0.0
2015-12-28,-0.0071686449530838,-0.0019985226383433
2015-12-29,0.0188601236914742,0.009439662281949
2015-12-30,-0.0064885637658946,-0.0110513128461312
2015-12-31,-0.0007269454158135,-0.0134670926668593
2016-01-04,-0.0298469693805258,-0.0212025507864321
2016-01-05,0.0044343317619873,-0.0089020802896797
2016-01-06,-0.0058168505492306,-0.0170657904886533
2016-01-07,-0.0138362474784127,-0.0140116200125766
2016-01-08,-0.0117840413953701,-0.0101946358046323
2016-01-11,-0.0012366246654649,0.0056177092443736
2016-01-12,0.0157443147642827,0.0124146830794582
2016-01-13,0.0026392792930807,-0.0208459832264368
2016-01-14,-0.017900578161727,0.0122105832015508
2016-01-15,-0.0212079752180716,-0.0330960910419491
2016-01-18,-0.0037219485399011,0.0
2016-01-19,0.0169818214701372,0.0083170844890494
2016-01-20,-0.0320864646448044,-0.0212564532629413
2016-01-21,0.0169083859813719,0.010372947301942
2016-01-22,0.0235021559653037,0.0253446164109709
2016-01-25,0.0012766113452932,-0.0137670154011056
2016-01-26,0.0035001318747857,0.0218907343590708
2016-01-27,0.0096474806172817,-0.0080716258190224
2016-01-28,-0.0190603181455179,-0.0006261428421627
2016-01-29,0.0246079117289441,0.0125274338354812
2016-02-01,-0.0064494121878455,-0.0043303811848905
2016-02-02,-0.014349881350276,-0.0298231881836625
2016-02-03,-0.0167745610942278,0.0137688551094627
2016-02-04,-0.0065693022281332,0.0044221842248142
2016-02-05,-0.0176039981389396,-0.0166666533236516
2016-02-08,-0.026573861907206,-0.0227053424852484
2016-02-09,-0.0094338313348866,-0.0098167556713405
2016-02-10,0.0079095775181371,0.0039653290313625
2016-02-11,-0.031737403408019,-0.0151414248551328
2016-02-12,0.0149580695935886,0.0133690171735783
2016-02-15,0.025163602912976,0.0
2016-02-16,-0.0011576097924191,0.0184696518965261
2016-02-17,0.022225979118545,0.022020424983369
2016-02-18,0.0056475161362066,-0.0085550497291404
2016-02-19,-0.0037573502631819,-0.0035154505463158
2016-02-22,0.0172051280792954,0.0125081303010257
2016-02-23,-0.0111884586938123,-0.0180549532094694
2016-02-24,-0.0178618934379566,-0.0077421671268078
2016-02-25,0.0194098652454685,0.0130041001719853
2016-02-26,0.0087496016015691,-0.00064201753971
2016-02-29,0.0063230484616607,-0.0064225830574582
2016-03-01,0.0145084679999097,0.0307046155375358
2016-03-02,-0.0046874920324451,0.0056445324833445
2016-03-03,-0.0071543384290066,0.0090424804790605
2016-03-04,0.0081066908402078,0.0058714988890631
2016-03-07,-0.002832128486962,-0.0021504003824324
2016-03-08,-0.0063873665834597,-0.0076971119056606
2016-03-09,0.0060809447875123,0.0043438175166936
2016-03-10,-0.0175090521311639,0.002162200593575
2016-03-11,0.0241638612715167,0.0345255917370124
2016-03-14,0.0073433837292485,-0.0023841146414134
2016-03-15,-0.0060981980078519,-0.0059736180789886
2016-03-16,-0.0006695958900652,0.0120194922594139
2016-03-17,-0.0066553528468543,-0.0005939806134644
2016-03-18,0.0042327519828153,0.0007145920328432
2016-03-21,-0.0058768276639392,-0.0032719425578365
2016-03-22,0.0046852268377862,-0.0032826074807508
2016-03-23,0.0015739117099257,-0.0107781285060089
2016-03-24,-0.0168738062035438,-0.0102909197879674
2016-03-30,0.0161864333376632,0.0105421161135945
2016-03-31,-0.0125450745025263,-0.0095379775615848
2016-04-01,-0.0167588229339411,-0.0105328283843983
2016-04-04,0.0013666465484516,-0.0024331225539038
2016-04-05,-0.0224367909661517,-0.0240852625685539
2016-04-06,0.0057293329488387,0.0134333616355417
2016-04-07,-0.0076743593566804,-0.021886575376845
2016-04-08,0.0106597216811552,0.0189095596954826
2016-04-11,0.0025090401886333,0.0021652396394238
2016-04-12,0.007902790392388,0.0129627416269908
2016-04-13,0.0243302331160971,0.0188912506199609
2016-04-14,0.0047568748723813,0.0038874966375737
2016-04-15,-0.0041827389583093,0.0002980024675844
2016-04-18,0.0021173899413136,0.0098272168709498
2016-04-19,0.0161723786485787,0.0197581795153969
2016-04-20,0.005636557166664,0.0037591904814986
2016-04-21,0.002264214302541,-0.0008639862886651
2016-04-22,-0.0019457774361456,-0.0040369612350753
2016-04-25,-0.0046828271410356,-0.0040531036471606
2016-04-26,0.0041463217838835,0.0031973092520831
2016-04-27,0.0065658705277997,0.0069545978564091
2016-04-28,0.0008822776684063,-0.0106475120840401
2016-04-29,-0.0246706079402147,-0.0081444509788601
2016-05-02,0.005249755444782,0.0082113277350699
2016-05-03,-0.0161763849754341,-0.0209426099833472
2016-05-04,-0.0119542484102684,-0.0136658776409187
2016-05-05,0.0051719564649301,-0.00572300517202
2016-05-06,-0.0008389416123602,0.0066647355732425
2016-05-09,0.0085741219144301,-0.0009027723507271
2016-05-10,0.008489680286125,0.0117469512512466
2016-05-11,-0.0063513211702139,-0.0089313474295285
2016-05-12,-0.0038739483740073,-0.0045059557953317
2016-05-13,0.0079402101572624,-0.0105608986056816
2016-05-16,0.0011291156529399,0.0112838816348239
2016-05-17,-0.0021383908129308,-0.0129674856150755
2016-05-18,0.0057968930063631,0.001221748283986
2016-05-19,-0.0114400838649853,-0.0070183606213147
2016-05-20,0.0146672257504498,0.0107560182780701
2016-05-23,-0.0033849613444571,-0.0054727060788237
2016-05-24,0.0222009982287434,0.0210944723899935
2016-05-25,0.0118887125465037,0.0149701808306612
2016-05-26,0.0060879322597745,0.0064895352889187
2016-05-27,0.003163012443053,-0.0011724973411403
2016-05-30,0.0026616838464346,0.0
2016-05-31,-0.0072129307729885,-0.0055750799377123
2016-06-01,-0.0065358911413849,-0.0011799299884713
2016-06-02,-0.0009247326202601,0.0005905493339899
2016-06-03,-0.009864508037979,0.0014761396682001
2016-06-06,0.0029821930562828,0.002063819130637
2016-06-07,0.0100540838635247,0.0085319215931596
2016-06-08,-0.0051361272741351,0.0005833641446459
2016-06-09,-0.0086490028113957,-0.0145773046154613
2016-06-10,-0.0216449464654626,-0.035502979932134
2016-06-13,-0.0172018856189313,-0.0177914922874588
2016-06-14,-0.0191650280747213,-0.0181134457375914
2016-06-15,0.0127596920114718,0.0079514758245924
2016-06-16,-0.0050610929031591,0.0094668351263245
2016-06-17,0.0056758250354937,0.0105871576452054
2016-06-20,0.0326848145713859,0.0222221785560314
2016-06-21,0.0065965269928372,0.0124224242442416
2016-06-22,0.0021771124290642,0.001840652056839
2016-06-23,0.0167958810600237,0.0355174001306464
2016-06-24,-0.0761911917866607,-0.1221173323533308
2016-06-27,-0.0243647134913311,-0.0171775076953043
2016-06-28,0.0223090205658237,0.0263880757593497
2016-06-29,0.0285839574447512,0.0186979255490504
2016-06-30,0.0142823042308311,0.021632198259391
2016-07-01,0.0058933399138258,-0.0009626276629435
2016-07-04,-0.0047923717950299,0.0
2016-07-05,-0.0158158071752317,-0.0301862550070044
2016-07-06,-0.0167247879256096,-0.0029799841216178
2016-07-07,0.0077458119820637,-0.0076386971958002
2016-07-08,0.0148661393879073,0.0204151810461474
2016-07-11,0.0184025603892102,0.0137749140265615
2016-07-12,0.0106295614148988,0.0200581746016612
2016-07-13,-0.0021686665453164,0.0028542818782588
2016-07-14,0.0109479599227462,0.01233395224947
2016-07-15,-0.0014637204131906,-0.0046857508729948
2016-07-18,-0.0022004476884555,-0.0034528554520876
2016-07-19,-0.005099378413833,-0.0094484003831014
2016-07-20,0.0130293968150543,0.0089025123529886
2016-07-21,-0.0003525560773586,-0.0006300875669562
2016-07-22,0.0012466188638231,0.00126128196968
2016-07-25,0.0019207592450717,-0.0003148842952276
2016-07-26,0.0044354161918325,0.005041061739258
2016-07-27,0.0044498736608243,0.0087771632939044
2016-07-28,-0.0071423029154735,0.0006216612157186
2016-07-29,0.0032887883344228,0.0114908962068625
2016-08-01,-0.0050805647530474,-0.0132023226527974
2016-08-02,-0.017622789324921,-0.0105789243312025
2016-08-03,0.0011206411390929,-0.002201424888317
2016-08-04,0.0068609083860572,0.0022062818520969
2016-08-05,0.0125064501942007,0.0084905318097525
2016-08-08,0.002344524971469,0.004053653646111
2016-08-09,0.0137862224716285,0.0142859416618168
2016-08-10,-0.0055014217072414,0.0048987556883095
2016-08-11,0.0094033810533865,0.0070078070720047
2016-08-12,-0.0020081763368296,0.0003028730993177
2016-08-15,0.0006736448606337,0.0027225611756216
2016-08-16,-0.010037519260791,-0.0021121466206176
2016-08-17,-0.0118812770397479,-0.0030227659097689
2016-08-18,0.0056119912447099,0.0036384369870474
2016-08-19,-0.0062633123684954,-0.0093652332508117
2016-08-22,-0.0038736882417939,-0.0024401575467254
2016-08-23,0.0081917699719178,0.0055030844340158
2016-08-24,0.0024332365726665,0.0003040453157752
2016-08-25,-0.0067008447579985,-0.0048630958961242
2016-08-26,0.0065586804905194,-0.0021382947983764
2016-08-29,-0.0038595780197813,0.0030609279257194
2016-08-30,0.0094287800263331,0.0033567459608401
2016-08-31,-0.0072144471489214,-0.0009124887313138
2016-09-01,-0.0025598846328355,0.0054797066576344
2016-09-02,0.0205460560323335,0.0142291839492394
2016-09-05,-0.0001258946859654,0.0
2016-09-06,-0.0007485210834026,0.0062689113304019
2016-09-07,0.0051386739916656,0.0023731948842344
2016-09-08,-0.0069671227969856,0.0005917474964487
2016-09-09,-0.011948757641799,-0.0215913558711253
2016-09-12,-0.012143126883527,0.0072554764476937
2016-09-13,-0.0122874020873745,-0.0225090396839563
2016-09-14,-0.0024124931812268,-0.0046056399419899
2016-09-15,0.0035322948806296,0.0061691393958518
2016-09-16,-0.0114313906967123,-0.0205012435530155
2016-09-19,0.0128792822112746,0.0078566173151661
2016-09-20,-0.0013373531176433,0.0012473825456398
2016-09-21,0.0057517414100266,0.0149481760982914
2016-09-22,0.0240105469381708,0.016876941202319
2016-09-23,-0.0065186988083334,-0.0057334637263556
2016-09-26,-0.017229928070081,-0.0136572974464751
2016-09-27,-0.0015859070399757,-0.0006151360024884
2016-09-28,0.0070495696279781,0.010467848052911
2016-09-29,-9.904452867570544e-05,-0.0176719213481397
2016-09-30,0.0018716138097255,0.0161285524102809
2016-10-03,-0.0016812616322554,-0.0036625779846413
2016-10-04,0.0093055454158114,0.001838398598901
2016-10-05,-0.0033234853238858,0.007951021358558
2016-10-06,-0.003001180084739,-0.0030339505318539
2016-10-07,-0.0086605740734663,-0.0066952135818606
2016-10-10,0.0110143684962032,0.0049019430096435
2016-10-11,-0.0071116865888492,-0.0121950779470141
2016-10-12,-0.0056891243403607,-0.0049382535659647
2016-10-13,-0.0098744589377667,-0.0062034894121265
2016-10-14,0.0161832107008081,0.0053056462579277
2016-10-17,-0.0052192826362983,-0.0015521449432082
2016-10-18,0.0125234043992951,0.0105718520299531
2016-10-19,0.0053095436704494,0.0018464701564584
2016-10-20,0.0062760504813153,0.0036853766969782
2016-10-21,0.0002244700178942,-0.0030599459220426
2016-10-24,0.0055599091987691,0.0033765290401552
2016-10-25,-0.0048677336185357,-0.0006121638680308
2016-10-26,-0.0013393745034104,-0.0033667749150702
2016-10-27,4.128456174969467e-06,0.0015351571199839
2016-10-28,-0.0008915366807308,0.0012269539716465
2016-10-31,-0.0070811698939478,-0.0024503721662734
2016-11-01,-0.0124208022074195,-0.0055265206902906
2016-11-02,-0.0143379982473206,-0.0074094408023499
2016-11-03,-0.0013802431951038,-0.0031105427597246
2016-11-04,-0.0058401023793696,-0.0084242399250855
2016-11-07,0.0178687528587539,0.0176210038728905
2016-11-08,0.0047436315739007,0.0049472637753598
2016-11-09,0.0082302751653183,-0.0009229316070883
2016-11-10,0.001348790423618,-0.0036955164762396
2016-11-11,-0.0050429516463519,-0.009892000721037
2016-11-14,0.007827803975282,-0.0074930262877926
2016-11-15,0.0033720695312606,0.0044038273539588
2016-11-16,-0.008884230569965,-0.0150326024154775
2016-11-17,0.0049433720222163,0.0031794622762062
2016-11-18,-0.0058590133000101,-0.0126780884059533
2016-11-21,0.0043405830421996,0.0099515424213971
2016-11-22,0.0046162110038406,0.0031790011771262
2016-11-23,-0.0044669554686687,-0.0107733054157942
2016-11-24,0.0017474276265272,0.0
2016-11-25,-0.0001935818003023,0.0070466807553419
2016-11-28,-0.010843985567083,-0.0114502245287381
2016-11-29,0.0082064869427469,0.0112613891963524
2016-11-30,0.0047993920786416,-0.0015910563818887
2016-12-01,-0.0015561734944766,-0.0022306828943102
2016-12-02,-0.0082931917738122,-0.0006385940944262
2016-12-05,0.0144433371767517,0.02269060491101
2016-12-06,0.016948900897382,0.0162500604867728
2016-12-07,0.0153525541558382,0.0169128856318834
2016-12-08,0.0152539818157794,-0.0036287650142584
2016-12-09,0.0003905565671071,0.0003036667801115
2016-12-12,-0.001826179900294,0.0012134754802546
2016-12-13,0.0104427379855524,0.0124239265471777
2016-12-14,-0.0080663960769991,-0.0158634521554716
2016-12-15,0.0161027042495918,0.0012168033751931
2016-12-16,0.0021757057759906,0.0028641693167474
2016-12-19,-0.0023493229391791,-0.0030382229054821
2016-12-20,0.0072232665083447,0.0060952633232564
2016-12-21,-0.0010125327270954,0.0024237365497923
2016-12-22,-0.0005585801442059,-0.0006041905150705
2016-12-23,0.0003239234059226,0.0033260230196467
2016-12-27,0.0003293498836481,0.0012057700657155
2016-12-28,0.0001092463185959,-0.0069238847684449
2016-12-29,-0.0047195840475321,0.0066687011444084
2016-12-30,0.0055207463353933,0.0075279793946785
2017-01-02,0.0060951528810766,0.0
2017-01-03,0.0050203422265799,0.0020920909339665
2017-01-04,0.0001973885117855,0.0068593583403187
2017-01-05,-0.0013957993223043,0.0100711833833408
2017-01-06,0.0034137789771451,-0.0038121439359679
2017-01-09,-0.0050545288287948,-0.0005890452488915
2017-01-10,-0.0007995133640502,-0.0029452245855919
2017-01-11,0.002387645060445,0.0053172239484493
2017-01-12,-0.0083246861445544,0.0008820464401928
2017-01-13,0.0132616553224417,0.0049910198878742
2017-01-16,-0.0116971537689665,0.0
2017-01-17,-0.0022988366367556,-0.002336632810228
2017-01-18,0.0025937642848898,-0.001464742571727
2017-01-19,-0.0006358287489075,-0.0038121439359679
2017-01-20,0.0026356120252838,0.009125606790409
2017-01-23,-0.0087440971029626,-0.0005835750615625
2017-01-24,0.0040830460919159,0.0026271548620944
2017-01-25,0.0161581243357005,0.012517967449936
2017-01-26,-0.0030418324807079,-0.0112131166355505
2017-01-27,-0.0054034925082162,-0.0017445534610686
2017-01-30,-0.0142437975113188,-0.0096127073143192
2017-01-31,-0.0108580558644504,0.0005882363572287
2017-02-01,0.0107547260994037,0.0029393804441466
2017-02-02,-0.003525274445863,0.0008797916335294
2017-02-03,0.0070067529971235,0.0055630852339683
2017-02-06,-0.0121151031425375,-0.0142689226023646
2017-02-07,-0.0040827509158216,-0.0041359736180649
2017-02-08,-0.0042954765565719,-0.0005932239475815
2017-02-09,0.0126106852533476,0.0086075096419633
2017-02-10,-0.0019745847365247,-0.0023539695124672
2017-02-13,0.0112565885651555,0.0041298735008725
2017-02-14,0.0038710887791377,0.0029372921803862
2017-02-15,0.005141739982944,0.0041010584075587
2017-02-16,-0.0054776515283813,0.0040838782137138
2017-02-17,-0.0077833796875602,-0.0049390345399648
2017-02-20,0.0039582971809143,0.0
2017-02-21,0.0076812968662806,0.0017519719282612
2017-02-22,-0.001546484132051,0.0008743464877885
2017-02-23,-0.0021158444771587,0.0002913135176199
2017-02-24,-0.0102441911593728,-0.007860025908619
2017-02-27,8.857850743238774e-05,0.0032273079817382
2017-02-28,0.0033538921213054,0.0
2017-03-01,0.0236221504213949,0.0166713227311177
2017-03-02,-0.0013075414617501,-0.0046025070578399
2017-03-03,0.0062275788713376,0.0156068209487456
2017-03-06,-0.0066801520010637,-0.0051225168803141
2017-03-07,-0.0012351659449601,-0.0037183670232421
2017-03-08,-0.0007462190432393,-0.0040198129078878
2017-03-09,0.0050821082133006,0.0135484242606616
2017-03-10,0.0023821340339991,0.0105235202638775
2017-03-13,0.0008097409437177,0.0002817641716206
2017-03-14,-0.0069421987176135,-0.0106926804276574
2017-03-15,0.0033570596424827,0.0142210167849787
2017-03-16,0.0092402113633117,0.0120586620998834
2017-03-17,0.0006271081853765,-0.0008053425436824
2017-03-20,-0.0038004996149808,-0.0027782685295604
2017-03-21,-0.0013512041272146,0.0002783889964375
2017-03-22,-0.0028273878497224,0.0025069219142475
2017-03-23,0.0087919129678094,0.0022229010955214
2017-03-24,-0.0018129337867084,0.0022179027570832
2017-03-27,-0.002706002741037,0.0060853278637742
2017-03-28,0.0099708336874142,0.0046746754240953
2017-03-30,0.0035490578856605,-0.0071329703227435
2017-03-31,0.0054077733070789,0.0044208938189027
2017-04-03,-0.0091131779379701,-0.0035762296431665
2017-04-04,0.0004318893896156,0.0008281676141357
2017-04-05,-0.0023276360876299,-0.0074481529339992
2017-04-06,0.0053317467247449,0.0038910389110025
2017-04-07,0.0016579236794537,-0.0005536402867574
2017-04-10,-0.0065523610299801,-0.0063712735819888
2017-04-11,-0.0039983038681711,0.0022299958098672
2017-04-12,-0.0022348848795658,-0.0005560537908517
2017-04-13,-0.0070781912261162,-0.0086277595243992
2017-04-18,-0.0115055157817564,-0.0008421864258749
2017-04-19,0.0049156313258294,-0.0011239766122984
2017-04-20,0.0075409720477719,0.0101267581939334
2017-04-21,-0.0002049783332357,0.0013919895805374
2017-04-24,0.0444652259788272,0.0556177389990788
2017-04-25,0.0034793123194764,0.0076395636573436
2017-04-26,-0.0012458986029312,-0.0088891172014119
2017-04-27,-0.0027111897412524,-0.0018463760034015
2017-04-28,-0.0012549796435974,-0.0002643022217138
2017-05-02,0.0069733193140668,0.0124236080066679
2017-05-03,0.0020008954530824,-0.0015663833734835
2017-05-04,0.0122062369472169,0.0214439031650093
2017-05-05,0.0094915606473798,0.0161290748018885
2017-05-08,-0.0055339532378147,-0.0153694006698894
2017-05-09,0.0009823472416613,-0.0053736081625465
2017-05-10,-0.0017061841768975,0.0018010272001933
2017-05-11,-0.0069486834202512,-0.004879443918775
2017-05-12,0.0032061317232413,0.0090321998237075
2017-05-15,0.0030902449802233,0.0069055705002289
2017-05-16,0.0023681182990625,0.0106681130496604
2017-05-17,-0.0175759491816258,-0.0180954344964023
2017-05-18,-0.0030336463832076,0.0005122142504683
2017-05-19,0.009054047636935,0.0143258081992272
2017-05-22,-0.0023408145787128,0.001261185012779
2017-05-23,0.0082594178299219,0.0005036532003852
2017-05-24,-0.002275118137248,0.0002515454326377
2017-05-25,0.0017028228432733,-0.0022652536163451
2017-05-26,-0.0009373097578205,-0.0045404838615753
2017-05-29,-0.0011220197614106,0.0
2017-05-30,-0.0038045377331362,-0.0027878417895899
2017-05-31,0.0007800570295917,0.0048283547081475
2017-06-01,0.0044255972842122,0.0048051537215527
2017-06-02,0.0068548115939236,0.0113268237752099
2017-06-05,-0.0024074632086361,-0.0074662558423896
2017-06-06,-0.0043967638888229,-0.006519783467382
2017-06-07,0.0019517566415095,0.0005045463658235
2017-06-08,0.005943576679672,0.0002524244411463
2017-06-09,0.0047462423638759,-0.0007565254028087
2017-06-12,-0.0128837709383642,-0.0083291323920005
2017-06-13,0.0042451365850847,0.0076355075481919
2017-06-14,0.0001256255445916,-0.001010353114262
2017-06-15,-0.0060503363009997,-0.0141592494414364
2017-06-16,0.0085795755022166,0.0106174393597915
2017-06-19,0.0094441240323108,0.0056787369345565
2017-06-20,-0.0044450471328938,-0.0100100920516691
2017-06-21,-0.0014849089498196,0.000518490093319
2017-06-22,3.726899957295252e-06,-0.0012956784947431
2017-06-23,-0.0022075273555319,0.0025947189109789
2017-06-26,0.0060812206891467,0.0038820680686686
2017-06-27,-0.0101693694204553,0.0025781201620611
2017-06-28,-0.0017449980374504,0.0100280441676725
2017-06-29,-0.0197436326142086,-0.0168026208414412
2017-06-30,-0.006502402762845,-0.0038838294547184
2017-07-03,0.0139137423521458,0.0020795397139989
2017-07-04,-0.0041276999212234,0.0
2017-07-05,0.0035014584757336,-0.0002593795648316
2017-07-06,-0.0053368258971739,-0.003892015788837
2017-07-07,0.0015216577455815,0.0044286464920495
2017-07-10,0.0044311892212022,0.0023337470277764
2017-07-11,-0.0052128480242301,0.0046571258630789
2017-07-12,0.0135289156010896,0.0072110018646744
2017-07-13,0.003646546896177,0.0033238989083832
2017-07-14,-0.0003697747142424,0.005606377224899
2017-07-17,-0.002387075170439,-0.0043082536213715
2017-07-18,-0.0103517786748403,-0.0017814604366254
2017-07-19,0.009093795069671,0.0030595668236326
2017-07-20,-0.0022746284628897,0.0068632267035624
2017-07-21,-0.0118297350005882,-0.0070688822382476
2017-07-24,0.0030049722946517,-0.00101712594315
2017-07-25,0.0066063157290973,0.0033085492913687
2017-07-26,0.0051858941297255,0.007103322184581
2017-07-27,0.0010518223758854,-0.0022670980343271
2017-07-28,-0.0080592772889637,0.0027772478899996
2017-07-31,-0.0043855829045774,0.0
2017-08-01,0.009511304414787,0.0062940262763255
2017-08-02,-0.0055957249806373,0.0002501043106941
2017-08-03,0.0044777836041756,0.0027516056663265
2017-08-04,0.0150626131550381,0.005237972515413
2017-08-07,-0.0001905844225398,-0.0002478169546533
2017-08-08,0.0029536254985239,-0.0047163336889588
2017-08-09,-0.0133018352724414,-0.0062347450526654
2017-08-10,-0.0109845712207769,-0.0160596073984654
2017-08-11,-0.0096171573703112,0.0
2017-08-14,0.01436632270829,0.0104566009511648
2017-08-15,0.0046541400474107,0.0010094373842941
2017-08-16,0.0058763445830407,0.0042864059609795
2017-08-17,-0.0063854696080037,-0.0135577074803479
2017-08-18,-0.0042484592395286,0.0040725234004665
2017-08-21,-0.0073932149434833,-0.0020280637462728
2017-08-22,0.007894496684518,0.0078739057723762
2017-08-23,-0.0049768695521763,-0.0005038645009285
2017-08-24,0.001513398749329,-0.0010084194480042
2017-08-25,-0.0001681822795539,0.0083290910747728
2017-08-28,-0.0057322616526365,-0.0012517512292486
2017-08-29,-0.0094839770011337,-0.00476158872267
2017-08-30,0.004688885942477,-0.0042811292269394
2017-08-31,0.0050364883954276,0.0058167252137142
2017-09-01,0.0079354245200899,0.0027661351414747
2017-09-04,-0.0046995773230207,0.0
2017-09-05,-0.0039858659857115,-0.0082750304340228
2017-09-06,0.0029523577411768,0.0126418567643655
2017-09-07,0.0051317069871922,0.0087394811435141
2017-09-08,-0.0006188853721544,-0.0007427448211875
2017-09-11,0.01525858815019,0.0104039462004068
2017-09-12,0.0045887070732583,0.0041676599802471
2017-09-13,0.0025290522284885,-0.0043947164013043
2017-09-14,-0.0005712290325648,0.0036785278886231
2017-09-15,-0.003099690626887,0.0012256102095216
2017-09-18,0.0036372365588264,0.0031833920297967
2017-09-19,0.0011555514738152,0.0039051908274243
2017-09-20,-0.0014288405078502,-0.0034040418643621
2017-09-21,0.0046276625615116,0.0017080690165429
2017-09-22,0.0001905922296525,0.0009735723572881
2017-09-25,-0.0025688417115612,-0.0092448538921509
2017-09-26,0.0001303484182955,-0.0044211965279228
2017-09-27,0.0045613664084267,0.0029601978192359
2017-09-28,0.0017418562102727,0.0034432725429722
2017-09-29,0.0096397945245265,0.0110292038501125
2017-10-02,0.0039406077798796,-0.0029087802956675
2017-10-03,0.0009341293107731,0.002674053349468
2017-10-04,-0.003525699597282,-0.0046068510751436
2017-10-05,0.0033278228529552,0.0024360466042192
2017-10-06,-0.0025985758726794,0.0002430944415481
2017-10-09,0.0030563509903268,-0.0014582121660161
2017-10-10,-0.0029479165047198,0.0092457895587561
2017-10-11,0.0020386902245584,0.0028934631235264
2017-10-12,0.0007675977937426,-0.0028851151492349
2017-10-13,-0.0002755874238083,-0.0007231340071613
2017-10-16,-0.0008258439531472,-0.0016881858073638
2017-10-17,0.0016680586413134,-0.0021755724614439
2017-10-18,0.0027174746363791,0.0050862783644509
2017-10-19,-0.0017733239382324,0.0002410442393205
2017-10-20,0.0008646099568503,-0.0053003056853161
2017-10-23,0.0020539310867873,-0.0043588854916205
2017-10-24,0.000298333054183,0.0043779685552387
2017-10-25,-0.0034258156694193,-0.0012110020267577
2017-10-26,0.0158475867693852,0.0009701394504066
2017-10-27,0.0037275697731357,-0.0019375832459777
2017-10-30,0.0006350753108143,0.0058248510097524
2017-10-31,0.0035265842843715,0.0050672867801977
2017-11-01,0.0082317268573256,0.0028817685465158
2017-11-02,-0.0016806722194046,0.0028726822441953
2017-11-03,0.000311068077778,-0.0054909103344096
2017-11-06,-0.0019140217143493,-0.0004796601924271
2017-11-07,-0.0045920881902236,-0.0093663472977161
2017-11-08,-0.0031484351218343,0.0007273990066727
2017-11-09,-0.0113416154689324,-0.0087206966589352
2017-11-10,-0.0046024524928661,-0.0024440204200519
2017-11-13,-0.0048893391212946,-0.0041643664105452
2017-11-14,-0.0015731863795446,0.0041817808783715
2017-11-15,-0.0036790766342018,-0.0031847163760649
2017-11-16,0.0055404121783935,0.0058984515102842
2017-11-17,-0.0028545802273603,-0.004397692318443
2017-11-20,0.003169145272305,-0.0019633730191684
2017-11-21,0.0071686183749787,0.0066388877200729
2017-11-22,-0.0050560347359379,0.0009773654880786
2017-11-23,0.0025319404128088,0.0
2017-11-24,0.0015453442080242,0.0143967863356861
2017-11-27,-0.0064702428607917,-0.0062544006699483
2017-11-28,0.0044340926499424,0.0055677711600439
2017-11-29,0.0038453587639725,-0.0031294002308833
2017-11-30,-0.0061069540121616,-0.0004830200629191
2017-12-01,-0.0128793087188189,-0.0077315911896188
2017-12-04,0.0135118076188592,0.0019479586170862
2017-12-05,0.0005238017411184,-0.0046171589630883
2017-12-06,-0.0028178678303206,-0.0031740651905061
2017-12-07,0.0041180703850186,0.003674289088813
2017-12-08,0.0058438811181923,0.0053683846647141
2017-12-11,-0.0042514461041467,-0.000728398062132
2017-12-12,0.0052756086233086,-0.0017007176033495
2017-12-13,-0.0074124101964933,-0.0004864296763505
2017-12-14,-0.0061535628485134,-0.0094935638689687
2017-12-15,0.0035219261117136,0.0033283857648009
2017-12-18,0.0145016760890091,0.0135131093621547
2017-12-19,-0.0071967479575567,-0.0014543948072563
2017-12-20,-0.0085201651031435,-0.0060695610391167
2017-12-21,0.0030362217194381,0.0024426970521886
2017-12-22,-0.0029405491817269,-0.0021930469866242
2017-12-27,-0.0008715601505957,-0.0002442334516038
2017-12-28,-0.0068400413111397,-0.001954110819879
2017-12-29,-0.0061758672837787,-0.0036712195481239
2018-01-02,-0.0042217172122481,0.0044217671059043
2018-01-03,0.0066287737076787,0.0039128831210901
2018-01-04,0.0153280765666825,0.0177830415002619
2018-01-05,0.011116389535112,0.0100526490316517
2018-01-08,0.0036054554024855,-0.0040285302842706
2018-01-09,0.0027674491287654,0.0007142151853731
2018-01-10,-0.0047735953349871,-0.0035661345398571
2018-01-11,-0.0023142824021376,0.006203353499673
2018-01-12,0.0048284313004463,0.0139909601278773
2018-01-15,0.0005546563310939,0.0
2018-01-16,0.0047515977019473,0.0025725114476422
2018-01-17,-0.0009052242043429,0.0037324978380799
2018-01-18,0.0031671230424342,0.001394119839067
2018-01-19,0.0068209276366911,0.0076582077169287
2018-01-22,0.0056141163533611,0.0085218066954213
2018-01-23,-0.0019206819236381,0.002512220756748
2018-01-24,-0.0104122769694241,0.0015944217290229
2018-01-25,-0.0039130818423613,-0.0038663611215074
2018-01-26,0.0049290544279097,0.0093606886525872
2018-01-29,-0.0010776770505447,-0.0083693083879309
2018-01-30,-0.0108029328298074,-0.0084396169548337
2018-01-31,0.0027686017856579,0.0016099734570453
2018-02-01,-0.00778023547716,0.0004596303959656
2018-02-02,-0.0156627873734241,-0.025482145413008
2018-02-05,-0.0122776721650172,-0.0421670037776676
2018-02-06,-0.0215504797747786,0.0282832725820254
2018-02-07,0.0198329516349463,-0.0193735777940967
2018-02-08,-0.0231844043677888,-0.0295118821881082
2018-02-09,-0.0141304540940331,0.0030154592645326
2018-02-12,0.011987526338716,0.0137815004158521
2018-02-13,-0.0070487171006644,-0.0029664125584016
2018-02-14,0.0091197858289364,0.0180961492016988
2018-02-15,0.0095386852104169,0.0065743360408339
2018-02-16,0.0085421871673041,0.0019350868940144
2018-02-19,-0.0057438821626785,0.0
2018-02-20,0.0061872509409284,-0.0089329400675376
2018-02-21,2.050866536454496e-05,-0.0073078705622363
2018-02-22,-0.0001791647232559,0.0073616686841018
2018-02-23,0.0018120615158699,0.007064699035836
2018-02-26,0.0051616719101716,0.0082244380852181
2018-02-27,-0.0010574700432224,-0.0177544319393513
2018-02-28,-0.0039166803734751,-0.0095257927645224
2018-03-01,-0.0113976525548319,-0.009124830100842
2018-03-02,-0.0215565112267045,-0.0004976488551513
2018-03-05,0.0050842863940557,0.0069719251332909
2018-03-06,0.0009131325742743,0.0046986021510473
2018-03-07,0.0053471951552721,0.0059069415792969
2018-03-08,0.0091814762470875,0.0007338999023382
2018-03-09,0.0023827889478142,0.0034229794473599
2018-03-12,0.0018016671549795,0.0012186059502907
2018-03-13,-0.0093004630746732,-0.0082745920376192
2018-03-14,-0.0031028155829248,0.0029447145138086
2018-03-15,0.0096717151058342,0.0007338999023382
2018-03-16,0.0049498464515129,0.0043359614372904
2018-03-19,-0.0116259152221814,-0.0070736458074243
2018-03-20,0.0072003055159416,-0.0014733799371005
2018-03-21,-0.0013098512506437,-0.0024600803223814
2018-03-22,-0.0134164443007745,-0.02145507995427
2018-03-23,-0.0125928692313423,-0.0118451606634926
2018-03-26,-0.0039950067765169,0.0211683043416763
2018-03-27,0.0103771562138194,-0.0127371730673282
2018-03-28,0.0038793533148311,0.0063241528551314
2018-04-03,-0.0018679195111647,-0.0044697998837637
2018-04-04,-0.0022358906021338,0.0039906696062621
2018-04-05,0.024232911765826,0.0111804420577708
2018-04-06,-0.0038046445247625,-0.0061425874270106
2018-04-09,0.0018925357718167,0.0098886230637809
2018-04-10,0.007323358552389,0.01077138507687
2018-04-11,-0.0058213493082847,-0.0053283572960358
2018-04-12,0.0069896955705206,0.0060875990006414
2018-04-13,0.00223116730511,0.000967751868421
2018-04-16,-0.0013042467326993,0.0038681901038264
2018-04-17,0.0095267437810822,0.0098749064845733
2018-04-18,0.0050830796632577,0.003339225726731
2018-04-19,0.0006807482985701,-0.0038033621302829
2018-04-20,0.0046923016645646,-0.0028632980610194
2018-04-23,0.005918238540061,-0.0004784340692671
2018-04-24,-0.0006797509215467,-0.0052672405737727
2018-04-25,-0.0062617901366557,-0.0012035697498888
2018-04-26,0.008856271702886,0.0019281473787384
2018-04-27,0.0040306328455882,0.0026453672195563
2018-04-30,0.0050751222110997,-0.0021590354854886
2018-05-02,0.0055972524313947,-0.0038457598161044
2018-05-03,-0.0055126407124798,0.0021715985292134
2018-05-04,0.002879402747976,0.0016853483533156
2018-05-07,0.0049991266494268,0.000962043602755
2018-05-08,-0.001118092149677,-0.0050431463958671
2018-05-09,0.0009447669256401,0.0036203577293967
2018-05-10,0.0014482932270579,0.006974515966015
2018-05-11,-0.0005759337973987,-0.0007168510373263
2018-05-14,-0.0008594578553367,0.0002392741886712
2018-05-15,0.0011007487867199,-0.0078855873216159
2018-05-16,-0.0016303718767581,-0.001685754527506
2018-05-17,0.0076696220736096,0.0033775483792348
2018-05-18,-0.0025122075769981,-0.0036064313580804
2018-05-21,0.0022499410660188,0.0045846653332817
2018-05-22,0.004524084852275,0.0009607757166638
2018-05-23,-0.0131716041401305,-0.0153584597163416
2018-05-24,-0.0060022370689951,-0.0031683571838343
2018-05-25,0.0002182293400394,-0.0110026361371707
2018-05-28,-0.0076854538890007,0.0
2018-05-29,-0.011691728264756,-0.0358467759482199
2018-05-30,0.0035162003315808,0.0212822205021792
2018-05-31,-0.0077776062022734,-0.005523432406014
2018-06-01,0.0117401319811245,0.0095932599084815
2018-06-04,0.0028788992978632,0.0052515891062718
2018-06-05,-0.0027348042417379,-0.0027363567968913
2018-06-06,0.0019570016701588,0.0117236023872073
2018-06-07,-0.0018309152151443,-0.0086290931055701
2018-06-08,-0.0032790636878948,0.0017409118690576
2018-06-11,0.0079107671058499,0.012412676702431
2018-06-12,-0.0001128370469675,-0.0073564823818117
2018-06-13,0.0025374743756665,0.0032114063178139
2018-06-14,0.0161366594988333,0.0009853786811684
2018-06-15,-0.005297661906564,-0.0025409180887504
2018-06-18,-0.0138068440079947,-0.0128625894179116
2018-06-19,-0.0098083281714549,-0.0091979157429953
2018-06-20,0.0008974247151856,-0.002320433699232
2018-06-21,-0.0092002491197512,-0.0100806143282942
2018-06-22,0.0101434594109781,0.0135774463150708
2018-06-25,-0.0197503891826869,-0.0131375398956631
2018-06-26,0.0018091266722924,-0.0028712790475562
2018-06-27,0.0098859570779005,-0.00994776543073
2018-06-28,-0.0100455070863006,0.0015865110447905
2018-06-29,0.0094495962980426,0.0118797381488784
2018-07-02,-0.0081776511741845,-0.0046962653802096
2018-07-03,0.0106931078231624,0.005767133384178
2018-07-04,0.0015635981250485,0.0
2018-07-05,0.0045685749225703,0.0187641334877191
2018-07-06,0.0036923819922708,0.0058837406166802
2018-07-09,0.0030932451521302,0.0050867468718607
2018-07-10,0.0061201544878678,0.0017711912110096
2018-07-11,-0.0109849906254166,-0.0207123490429737
2018-07-12,0.0085357652126945,0.0077381806950851
2018-07-13,0.0007649668297396,0.0028155457199945
2018-07-16,-0.0020109248314494,0.0022968024078999
2018-07-17,0.001979283574371,-0.001018442013005
2018-07-18,0.0078562316554348,0.0035685089148338
2018-07-19,-0.0048068905308561,-0.005588005578204
2018-07-20,-0.0017191076397011,0.0045977834080634
2018-07-23,-0.0027645384488606,-0.0007626810743183
2018-07-24,0.0023507956678712,0.0048345160163874
2018-07-25,-0.0032908041528339,0.0091162758083844
2018-07-26,0.0076887307665876,-0.0062736012717866
2018-07-27,0.0050283989196785,0.0042931797535594
2018-07-30,-0.0059041882291178,0.0017600569051743
2018-07-31,-0.0003955495695493,0.0040160699150963
2018-08-01,-0.0031982930197269,-0.0070000975240355
2018-08-02,-0.00657719902524,-0.0108257599175682
2018-08-03,0.0038917350198823,-0.0015270935139567
2018-08-06,0.000482768142739,-0.0033142498974467
2018-08-07,0.0038351857667641,0.0097191523783723
2018-08-08,-0.005593586098499,-0.0030396069457435
2018-08-09,0.0031063296077524,-0.0060976298139409
2018-08-10,-0.0154113128707468,-0.0306748363563146
2018-08-13,0.0020679123888893,-0.0050107030353596
2018-08-14,0.0013948738182234,0.0005300985913956
2018-08-15,-0.0130085215148008,-0.0198673597085754
2018-08-16,0.0079023657307287,0.0070269905028932
2018-08-17,-0.0006883743990733,0.0077828831930433
2018-08-20,0.0058345812412672,0.0069245032396541
2018-08-21,0.0030636589975917,0.0142818174733068
2018-08-22,0.0032351762383942,0.0059971502544067
2018-08-23,0.0012252176609332,-0.0067389673415172
2018-08-24,0.0023622692819562,0.0106987873393484
2018-08-27,0.0074413869403409,0.0139431774382172
2018-08-28,-0.0008877907949444,-0.0020371222441289
2018-08-29,0.0009163208290443,0.0038276248770074
2018-08-30,-0.0048385016316769,-0.0129639454053047
2018-08-31,-0.0101750728643269,-0.0141643194281005
2018-09-03,0.0012358812486918,0.0
2018-09-04,-0.0126121590420703,-0.0107103941984448
2018-09-05,-0.0152720487815352,-0.0092422414348377
2018-09-06,-0.0025779138399857,-0.0050640588516154
2018-09-07,0.0020084198506634,-0.0107151334963933
2018-09-10,0.0038272180615257,0.0113727728781547
2018-09-11,0.0022447785507821,0.0010706076985447
2018-09-12,0.0060885799213879,0.0024073231863435
2018-09-13,-0.0007318624707852,0.0117395819306607
2018-09-14,0.0008284120687274,-0.0039553864625906
2018-09-17,-0.0012983793224124,0.0029121436159682
2018-09-18,0.0031694700818096,0.0060717454292433
2018-09-19,-0.0001818195009625,0.0036733828223465
2018-09-20,0.0051377809863224,0.0209153141757485
2018-09-21,0.0098794570785417,0.0019738559609783
2018-09-24,-0.0051003648011101,-0.0048612018069092
2018-09-25,0.0041142011757404,0.0038565920527102
2018-09-26,0.0065746683524416,0.0007685586112549
2018-09-27,0.0054327388198804,-0.0046067939104681
2018-09-28,-0.0103079764580844,-0.015942918977931
2018-10-01,0.0061383831655571,0.0005226001045934
2018-10-02,-0.008562424828321,-0.0080958265927593
2018-10-03,0.0030415560757762,0.0047395588954248
2018-10-04,-0.0119672255333638,-0.011530583181183
2018-10-05,-0.0076559547413996,-0.0084836443963726
2018-10-08,-0.0110172459382704,-0.0085559826017319
2018-10-09,0.0028650179374299,0.0005390565936349
2018-10-10,-0.0197338704485823,-0.0202154737270116
2018-10-11,-0.0175709227465595,-0.0093537825887354
2018-10-12,-0.0050854998742426,0.0002780236810528
2018-10-15,0.0034704054248597,0.0030540382675001
2018-10-16,0.0165613590128661,0.017159907270374
2018-10-17,-0.004965699549883,-0.0108842376009127
2018-10-18,-0.0055081943096601,-0.0198073940372889
2018-10-19,0.0017319059784116,0.0078586381328238
2018-10-22,-0.0078622145163198,-0.0091897242393214
2018-10-23,-0.0113479319697576,-0.0059024910526439
2018-10-24,0.0016563312686779,-0.0279895585567212
2018-10-25,0.0079701038827053,0.0154159309820913
2018-10-26,-0.0096917149970611,-0.0051563578430177
2018-10-29,0.0019588932684486,-0.0011520056217442
2018-10-30,-0.0008434798286598,0.0054774624087299
2018-10-31,0.0172172370416033,0.0074540255287232
2018-11-01,0.0008632185397232,0.0136598485525814
2018-11-02,0.002379377205345,0.0019649161187451
2018-11-05,0.0008641218436567,0.0002803855759816
2018-11-06,-0.0021231271145731,0.0033613282625075
2018-11-07,0.0123792590722104,0.0131211632557346
2018-11-08,-0.000298412319419,-0.0154312381499688
2018-11-09,0.0006759917822664,-0.0016791876249133
2018-11-12,-0.0078033147851801,-0.0224276348455003
2018-11-13,0.0075965813279744,0.0080297171950844
2018-11-14,-0.0063673865452981,0.0031295625470584
2018-11-15,-0.0060682997601341,0.0053882497797432
2018-11-16,-0.0001238267877284,-0.0008462582706707
2018-11-19,-0.0058450286146279,-0.009598786549828
2018-11-20,-0.0124754811662695,-0.0193846978507207
2018-11-21,0.0106670112164794,0.0130814019615652
2018-11-22,-0.0077617650697992,0.0
2018-11-23,0.0034728236888104,-0.0094689750327678
2018-11-26,0.0105753175570615,0.0150635901108695
2018-11-27,0.0001540247784493,-0.0048512418924588
2018-11-28,-0.0020255140790802,0.0154859453656077
2018-11-29,0.0038908143818875,-0.0042359386074209
2018-11-30,0.0012926312213376,-0.0051049087296668
2018-12-03,0.0083147361769698,0.0131128176017498
2018-12-04,-0.0047788424954918,-0.0256050197600998
2018-12-05,-0.0112471997308292,0.0
2018-12-06,-0.0266999865887033,-0.013283348994754
2018-12-07,0.0043231445761269,-0.0119989070462226
2018-12-10,-0.0101722864909852,-0.0038506922500294
2018-12-11,0.0115738606839564,0.0020815342118496
2018-12-12,0.0134296522026006,0.0195846119796845
2018-12-13,0.0007146212985276,-0.0005823412197307
2018-12-14,-0.0047743839390356,-0.0145604152853853
2018-12-17,-0.0080467869781313,-0.0067963832326566
2018-12-18,-0.007406782211287,0.0020828423455352
2018-12-19,0.0045907224993165,-0.0083135670334181
2018-12-20,-0.0132101101801677,-0.0047905352484937
2018-12-21,0.0002145338567975,-0.013770024173385
2018-12-24,-0.0062014855986993,-0.0177585212770776
2018-12-27,-0.0064904085295101,0.0280549684010185
2018-12-28,0.0144297493059443,0.0045482276829116
2018-12-31,0.0053811334661169,0.004225867563727
2019-01-02,-0.0042581283499092,-0.0045087921411778
2019-01-03,-0.0101185802366134,-0.0132849385296944
2019-01-04,0.0223494785785499,0.0336595464624409
2019-01-07,-0.001454655281944,0.000888433588108
2019-01-08,0.0049309069693278,0.0065068726751891
2019-01-09,0.0027876046441041,0.0129297507704542
2019-01-10,0.0010460448996454,-0.0008705142170823
2019-01-11,-0.0024777177620919,-0.0084202077688684
2019-01-14,-0.0043120997873861,-0.003513935464614
2019-01-15,0.0040011451226752,0.0011753510683436
2019-01-16,0.0007568682009639,-0.0008804613535523
2019-01-17,0.0003019128898536,0.0017625428637486
2019-01-18,0.0168062571256123,0.0146626517280523
2019-01-21,-0.0025896186968311,0.0
2019-01-22,-0.0026662111325446,-0.01213858626236
2019-01-23,0.0001544505857064,0.0064363001555083
2019-01-24,0.0019195289834294,0.0008723534777645
2019-01-25,0.0073735015273847,0.0156840127107276
2019-01-28,-0.006594233730639,-0.0020016919118043
2019-01-29,0.0064317359938106,0.0045842724560434
2019-01-30,0.0012856939167306,0.0077011930204844
2019-01-31,0.0004814612136651,-0.0022642719945618
2019-02-01,0.0012747282093555,0.0022694105573308
2019-02-04,-0.0032363652876634,-0.0005660844660733
2019-02-05,0.0131667033023256,0.0093456841368215
2019-02-06,-0.0037429472060431,-0.0042086397195058
2019-02-07,-0.0162949105813077,-0.0177514664857907
2019-02-08,-0.0033664363099613,-0.0040160835604935
2019-02-11,0.0087601236777301,-0.0005759630439909
2019-02-12,0.007104259426895,0.0126798976873556
2019-02-13,0.0023150207049947,0.0
2019-02-14,-0.0026777952337873,-0.0031303655391179
2019-02-15,0.0165452937854539,0.0176994407465147
2019-02-18,0.001493024414704,0.0
2019-02-19,-0.0009382957103453,0.0042072622551827
2019-02-20,0.0050700233628012,0.0041901554002328
2019-02-21,0.0030952278242972,-0.0008346766660423
2019-02-22,0.0032565202696121,0.0038976990223003
2019-02-25,0.002608365156985,0.0022184984800097
2019-02-26,0.0018764692320834,0.0077474923437852
2019-02-27,-0.0037607738541412,-0.0046678384772357
2019-02-28,0.0045733938358379,0.0049657808517216
2019-03-01,0.0025603288491296,0.0071366351529904
2019-03-04,-2.5701664761358106e-05,-0.0043608112052652
2019-03-05,0.0022760037513912,0.0008214244623949
2019-03-06,-0.0005756772063937,-0.0021880308715153
2019-03-07,-0.0029366704282837,-0.0167215479914633
2019-03-08,-0.0058766409070777,0.0039026773960342
2019-03-11,0.0047900836188075,0.0069426946087467
2019-03-12,1.8619745125354005e-05,-0.0002759111292752
2019-03-13,0.0035133352092201,0.0113105993173823
2019-03-14,0.0060820987879934,0.0021823161421821
2019-03-15,0.0137014415233912,0.0145162277228514
2019-03-18,0.0004846919184831,0.0043036139080983
2019-03-19,0.0050325001193839,0.0032133973347869
2019-03-20,-0.0068030244506904,0.0002672713663256
2019-03-21,0.0013159489884009,-0.0040033528544798
2019-03-22,-0.0166006445518378,-0.0302785682518652
2019-03-25,-0.0009177424834479,0.0019341162506947
2019-03-26,0.0049204872934709,0.0019305747249764
2019-03-27,0.0003098536246425,0.0027525858006596
2019-03-28,-0.0015760855932322,-0.0030194755087057
2019-04-01,0.0046191647939126,0.0117548651735353
2019-04-02,0.0019427610510899,0.0032425522813495
2019-04-03,0.0114726594039358,0.0105039686772154
2019-04-04,0.0009472789021927,0.0015986499546833
2019-04-05,0.0024779542866416,0.0007988213123453
2019-04-08,-0.003872392507138,0.0005313612377499
2019-04-09,-0.004529574325434,-0.0055807407013512
2019-04-10,0.0031222277784196,0.0045431967526901
2019-04-11,1.1021764908506289e-05,0.0013300057561329
2019-04-12,8.608658983409892e-05,0.0079706685908467
2019-04-15,0.000585233323898,0.0002633391626083
2019-04-16,0.0057591942464848,0.0007906046923931
2019-04-17,0.004884544428097,0.0081618852342537
2019-04-18,0.0032530167080375,0.0005228343222059
2019-04-23,0.000263066314163,-0.0007833569134186
2019-04-24,-0.002489102109374,-0.0075759206641679
2019-04-25,-0.0001793239546071,-0.0010527650434831
2019-04-26,0.0036585013282356,0.001053874525744
2019-04-29,0.0002667445812887,0.0057913381676975
2019-04-30,0.0054362467679983,0.008897979879167
2019-05-02,-0.0083350420320014,-0.0116734097217053
2019-05-03,0.0067797635739723,0.0089238565931748
2019-05-06,-0.0084104856589748,-0.0085843474900094
2019-05-07,-0.0139031829288498,-0.0241407565029156
2019-05-08,0.0045023900594197,0.0067222396613013
2019-05-09,-0.0178818935517529,-0.004273602575607
2019-05-10,0.0076363994309174,0.0064380726318555
2019-05-13,-0.0124247117249591,-0.0221221748692522
2019-05-14,0.0168309990862568,0.0098122470651265
2019-05-15,0.0078280534665253,0.0070174948352308
2019-05-16,0.0149967985223165,0.0115255570649621
2019-05-17,-0.0024628145896936,-0.0047702064247736
2019-05-20,-0.0155949466099329,-0.0109155405292653
2019-05-21,0.0065554139696637,0.005922285823118
2019-05-22,0.0039201040214558,-0.0026766641844317
2019-05-23,-0.0167299310583923,-0.0120737032355534
2019-05-24,0.0089031353188739,0.0124932391150145
2019-05-27,0.0036395491138524,0.0
2019-05-28,-0.003749026514809,-0.0115341458888815
2019-05-29,-0.0150834482185567,-0.0094981941348786
2019-05-30,0.0078518406405383,0.0049315017265756
2019-05-31,-0.0084537013937984,-0.0106325179263861
2019-06-03,0.0074411439039233,0.0082668597095285
2019-06-04,0.005998086335372,0.018037694815123
2019-06-05,0.0041806714934602,-0.0016106741468353
2019-06-06,0.0006835645164861,0.003495382361399
2019-06-07,0.0151926134278451,0.0160770922164477
2019-06-10,0.0016542628996256,0.0002636618238065
2019-06-11,0.0032964358564634,0.006064337090702
2019-06-12,0.0002717499623148,-0.007861806716644
2019-06-13,0.0024708679140892,0.0010561957320887
2019-06-14,-0.001460224121971,-0.0076512079628079
2019-06-17,0.0059232079028447,0.0002655880364779
2019-06-18,0.0199648124727079,0.0191387964287739
2019-06-19,-0.0035684563381167,0.0044338751915387
2019-06-20,0.0067935346673617,0.0098679386211131
2019-06-21,0.0003344276321323,-7.920880964318311e-05
2019-06-24,-0.0003557234578371,0.0015760637923192
2019-06-25,-0.0028444730118375,-0.0070808287532999
2019-06-26,-0.0032752606183606,0.0018485595389718
2019-06-27,-0.0059439035393586,0.0018456279934386
2019-06-28,0.0088033325946015,0.0078949549723468
2019-07-01,0.006032387425115,0.0010442014422298
2019-07-02,0.0071916573412496,0.0033907371065566
2019-07-03,0.0104909547530662,0.008318233975304
2019-07-04,-0.0014747417935749,0.0
2019-07-05,-0.0067378077540495,-0.0072182491887774
2019-07-08,0.001069027214874,-0.00519371660023
2019-07-09,-0.0025912137699332,-0.002087858281903
2019-07-10,-0.0019865707544033,0.0018309062926704
2019-07-11,-0.0014953600761381,-0.0007834774317082
2019-07-12,0.0008789382410697,0.0002617598026017
2019-07-15,0.0010470459784676,0.0010443905151389
2019-07-16,0.0054602261541214,-0.0018263696319256
2019-07-17,-0.0001989663492607,-0.0036602545173894
2019-07-18,-0.0027103177258881,0.001836552438408
2019-07-19,-0.0015277612821456,-0.0078572584165651
2019-07-22,0.0060114912475277,0.0034319123210118
2019-07-23,0.0078109057316528,0.0089445660753644
2019-07-24,-0.0010343545304383,0.0002610953060682
2019-07-25,-0.0039861397811427,-0.0104276970781665
2019-07-26,0.0033299741762135,0.003424919968658
2019-07-29,-0.0017009624573834,0.0018377553538451
2019-07-30,-0.0146162559114971,-0.0183441398148321
2019-07-31,0.0032982717705011,-0.0082754565627407
2019-08-01,0.0110693515261599,-0.0043067142520603
2019-08-02,-0.0332636160698964,-0.0118949676993967
2019-08-05,-0.0168070763667001,-0.0188785427812349
2019-08-06,-0.0019334127604271,0.0047407388254445
2019-08-07,0.0075297045936796,0.0069384124827971
2019-08-08,0.0181067293186666,0.0090965375916598
2019-08-09,-0.0113909381649229,-0.0051903156071677
2019-08-12,0.0020491916902297,-0.0079622798520287
2019-08-13,0.0068436685149708,0.0119013398363714
2019-08-14,-0.0203055904869987,-0.0300879817894977
2019-08-15,0.0006040064846524,0.0
2019-08-16,0.0113268716513757,0.0118446757247885
2019-08-19,0.0098883782301246,0.008361245003309
2019-08-20,-0.003006564331353,-0.0041459885448731
2019-08-21,0.0125084004806062,0.013322397852481
2019-08-22,-0.010060090194021,-0.0035607536908935
2019-08-23,-0.0091712040924549,-0.0151181762062899
2019-08-26,0.004144880784659,0.0100476341824684
2019-08-27,0.0080357019099774,0.000276176273557
2019-08-28,-0.0020235103412625,-0.0002761000212819
2019-08-29,0.0142008553430148,0.0132629919020947
2019-08-30,0.0048462591013119,-0.0002724373474668
2019-09-02,0.0018265168663559,0.0
2019-09-03,-0.0030925207343053,-0.0043645247933473
2019-09-04,0.0067040219672005,0.0145205615235595
2019-09-05,0.0066463675703554,0.0083718576995921
2019-09-06,0.0034406991246643,0.0005354628174694
2019-09-09,-0.0065480039698489,0.0034793755798554
2019-09-10,-0.0064473847715869,0.0010672474393729
2019-09-11,0.0017124074346167,0.003996669784984
2019-09-12,0.0100189372453181,0.0095539566922115
2019-09-13,0.0015146416349649,0.0026288845856101
2019-09-16,-0.0106130172156948,-0.0123230152642054
2019-09-17,0.0027118319272587,0.0066363418247836
2019-09-18,0.0032993596494759,-0.0002636964537381
2019-09-19,0.0058565643223634,0.0034293177836077
2019-09-20,0.0024847306187902,-0.0007104512201635
2019-09-23,-0.0069466414919823,-0.0050052711922914
2019-09-24,0.0025499951765823,-0.0039716893135653
2019-09-25,-0.0074921052259885,-0.0063795839799897
2019-09-26,0.0073845434752457,0.005082996740551
2019-09-27,-0.0013799712897268,-0.0018628912071535
2019-09-30,0.0081501867138108,0.006399875284978
2019-10-01,-0.0143008706950466,-0.0108637950708319
2019-10-02,-0.02767496457442,-0.0254489575486553
2019-10-03,0.0005742090324621,0.0074218303342985
2019-10-04,0.0113337421940925,0.0079129272115343
2019-10-07,0.0072836384004378,0.0002704377559121
2019-10-08,-0.0119524454168177,-0.0108253952363126
2019-10-09,0.0087546011792516,0.0117644582498392
2019-10-10,-0.0003609117801844,0.0100056882720154
2019-10-11,0.0130878109556549,0.0203482530928931
2019-10-14,-0.0010083438174706,-0.0002627306455884
2019-10-15,0.0083562149140508,0.0133861061162756
2019-10-16,-0.0043299260903788,0.0018128293916059
2019-10-17,-0.0035767945147405,0.0023271497004286
2019-10-18,-0.0049206039756177,0.0015469725802796
2019-10-21,-0.0012648043249148,0.0043781112438849
2019-10-22,-0.000312823374891,-0.0056408403873418
2019-10-23,-0.0025864396171537,0.0064467123007896
2019-10-24,0.0084891938123076,0.0002561888266319
2019-10-25,0.0009982087936994,-0.0010248416262184
2019-10-28,0.0019185411402565,0.0025640924181211
2019-10-29,-0.0016619876700371,-0.0007673068319561
2019-10-30,-0.0015939832734602,0.0051193456828675
2019-10-31,-0.0009736144770515,-0.0025464623625304
2019-11-01,0.0051859076368122,0.0063822925940306
2019-11-04,0.0104555981635625,0.0058346238651476
2019-11-05,0.00122764658079,-0.0010089604479261
2019-11-06,0.0069643799419812,0.0015149692159079
2019-11-07,0.0018400383757333,0.0025210148452008
2019-11-08,-0.0033579091294588,0.0
2019-11-11,0.0003191935111941,-0.0002518783885032
2019-11-12,0.0064283315565903,-0.0002515993798143
2019-11-13,-0.0045962367851121,-0.0027668052790703
2019-11-14,0.0003076345919652,-0.0002524754328808
2019-11-15,0.006741633501329,0.0073174519585703
2019-11-18,-0.004757378831964,-0.0002504772768902
2019-11-19,-0.0016293719005186,-0.0010020463991494
2019-11-20,-0.0030016554760487,-0.006019561268847
2019-11-21,-0.0031112562314604,0.0015138607939833
2019-11-22,0.0008623925537101,-0.001259415022135
2019-11-25,0.0050144420406153,0.0032795470968589
2019-11-26,6.826469572017947e-05,0.0007542656409689
2019-11-27,0.002421139466183,0.0
2019-11-28,-0.0025618162138489,0.0
2019-11-29,-0.0009245256808406,-0.0020104292800795
2019-12-02,-0.0177654835749463,-0.0120843615321193
2019-12-03,-0.0033524984022258,-0.0010193868572546
2019-12-04,0.0134018408437099,0.0096937676719257
2019-12-05,0.0001093925740574,-0.0010107449272679
2019-12-06,0.0122466542029463,0.006069801860463
2019-12-09,-0.004350050123734,-0.0070386168351748
2019-12-10,-0.0025676255279492,0.0025317502951678
2019-12-11,0.0073753880207623,0.0083334594120514
2019-12-12,0.0057193572885207,0.0090154892090461
2019-12-13,0.0064167420231398,0.0052120556132846
2019-12-16,0.0080912440453691,0.0101236199419163
2019-12-17,-0.0048593268952652,-0.0058665351872843
2019-12-18,-0.0006714985763553,-0.0036880960219631
2019-12-19,-0.0007907868215917,-0.0002468803077445
2019-12-20,0.0060202627421022,0.0050240896589532
2019-12-23,-0.0006019288197186,0.0002461527484827
2019-12-24,0.0002062762648552,-0.0017232024794677
2019-12-25,-0.0001500021470453,0.0
2019-12-27,0.0021391498953646,0.0093711059557406
2019-12-30,-0.0089296781506875,-0.0083068586778799
2019-12-31,-0.0006490810688801,0.0049272655037206
2020-01-02,0.0122656979402883,0.0115221229155193
2020-01-03,-0.0079555938854101,-0.0128450745643055
2020-01-06,-0.0055654335110656,0.0017186597743912
2020-01-07,0.0044878048619561,-0.0056373680135844
2020-01-08,0.0049743811905871,0.0049298068574052
2020-01-09,0.0059540792943817,0.0041697296504978
2020-01-10,-0.0027095104730439,-0.0031751876880612
2020-01-13,-0.0034259963170162,0.002450129611923
2020-01-14,0.0022338469851589,-0.0034220853373332
2020-01-15,-0.0009381186742345,-0.001716862586587
2020-01-16,0.0002575133218743,0.0049140598485926
2020-01-17,0.007934479920616,0.0044009937463582
2020-01-20,-0.0033995922046008,0.0
2020-01-21,-0.0034915884460749,-0.0099808736198672
2020-01-22,-0.0058933680676747,-0.0036880697383697
2020-01-23,-0.0104202870813066,-0.0029615116334804
2020-01-24,0.0116546595562423,-0.0017324743577545
2020-01-27,-0.0231561215993457,-0.0242996531395311
2020-01-28,0.0094911965741612,0.0111817824006668
2020-01-29,0.0058417278147501,0.0015076944642546
2020-01-30,-0.0130028995707057,-0.0010036164958014
2020-01-31,-0.0128962401705226,-0.0178348755813069
2020-02-03,0.0070178542746283,0.0043480551449921
2020-02-04,0.0181834131437589,0.0173158880556123
2020-02-05,0.0117186875031329,0.0107637403085314
2020-02-06,0.0103821025019748,0.0054478869159002
2020-02-07,0.0008326262451896,-0.006896652467392
2020-02-10,-0.0024884789776213,0.0014885502225976
2020-02-11,0.008347819814741,0.0047049983417866
2020-02-12,0.0095314219466718,0.0054228210207938
2020-02-13,0.0006244786944517,-0.0073546598935958
2020-02-14,-0.0027260625859455,0.0
2020-02-17,0.006212509754108,0.0
2020-02-18,-0.0033831829926128,-0.004445669910798
2020-02-19,0.0036633661085872,0.0052095886530811
2020-02-20,-0.0127538954828592,-0.0059229115371023
2020-02-21,-0.0058291886914326,-0.0064548774506167
2020-02-24,-0.0379674014118591,-0.0432284152051004
2020-02-25,-0.023954977948068,-0.0255942265356647
2020-02-26,0.0036365832324077,0.0002681672545818
2020-02-27,-0.0304721640947565,-0.028403126380092
2020-02-28,-0.033493096134605,-0.0079977410974556
2020-03-02,0.0051100991192664,0.0216848820918087
2020-03-03,0.0086430603303521,-0.0136055326850249
2020-03-04,0.018434619410987,0.0364138663325586
2020-03-05,-0.0100415814982567,-0.0338035898170965
2020-03-06,-0.0345208840881671,-0.0181818850764629
2020-03-09,-0.0680946392616919,-0.0934342489649563
2020-03-10,-0.028140059090017,0.0315690084001538
2020-03-11,-0.0041010309004054,-0.0540052663581777
2020-03-12,-0.1133993245670274,-0.1246432225713934
2020-03-13,0.0152428860268682,0.0619564223390771
2020-03-16,-0.0374872615622682,-0.1146365359883571
2020-03-17,0.0372614583716875,0.0516378378100179
2020-03-18,-0.0297992261964633,-0.0769516237412976
2020-03-19,0.0234339425128878,0.0146886365976883
2020-03-20,0.0175641164546514,0.0027386052924347
2020-03-23,-0.0254719794374093,0.0116717805539565
2020-03-24,0.0778226708927728,0.0940765230357438
2020-03-25,0.0180095074404999,0.0371549348326607
2020-03-26,0.0149568067958131,0.0419652325068697
2020-03-27,-0.0328848456463156,-0.0396201424646659
2020-03-31,0.009233560029314225,-0.010063947646079652
2020-04-01,-0.03157780348556392,-0.05083007915853566
2020-04-02,0.0028056205697547174,0.014637558252599714
2020-04-03,-0.0018447377549330932,-0.01688942575635044
2020-04-06,0.04209717458904484,0.06084457089469719
2020-04-07,0.018157255067066863,0.005397980884915166
2020-04-08,-0.002869348552889151,0.011409501506077335
2020-04-09,0.011877378736975844,0.02521572801959371
2020-04-14,0.016905708258082082,0.007443222929978344
2020-04-15,-0.03065999489612124,-0.04400891884340741
2020-04-16,0.0031987034221078437,-0.004368288303087664
2020-04-17,0.026878865575015242,0.03611198061087806
2020-04-20,0.010450974241022476,-0.013029224324734634
2020-04-21,-0.03290307660065858,-0.025412562966729224
2020-04-22,0.009427892931740445,0.011175075081748309
2020-04-23,0.0008652271965378978,-0.010716722544288793
2020-04-24,-0.012112352498773765,0.011171368904337342
2020-04-27,0.02474081576233687,0.019752275563426958
2020-04-28,0.008769081313835086,0.005581066719021477
2020-04-29,0.016893377226705347,0.03460672006596366
2020-04-30,-0.015004823769815032,-0.019564556861143223
2020-05-04,-0.031457458167104574,-0.026714061884449802
2020-05-05,0.01695935832629908,-0.0019840049204158383
2020-05-06,-0.007844584305788677,-0.013585314551501249
2020-05-07,0.014944163790909662,0.01813931440675387
2020-05-08,0.007526746810174813,0.0168260585625164
2020-05-11,-0.0031194787144656127,-0.0061648625516170785
2020-05-12,0.004431440031925472,-0.014691457094057503
2020-05-13,-0.023752074936079833,-0.01855533654028263
2020-05-14,-0.020862626225972528,-0.006414773010600228
2020-05-15,0.005935312505673523,0.002378736721849073
2020-05-18,0.04617198360634245,0.05661014409777021
2020-05-19,-0.0006365043235243914,-0.01379530971912879
2020-05-20,0.013375840878517842,0.025699419622137176
2020-05-21,-0.011714193025559849,-0.009514947989656908
2020-05-22,0.0017362827412503853,-0.0016009503458448426
2020-05-25,0.0200923530205624,0.0
2020-05-26,0.003573706988615575,0.029185580608286354
2020-05-27,0.011919089255621487,0.02711119250035887
2020-05-28,0.014462453360107692,0.009405352758369068
2020-05-29,-0.008605939754661802,0.0027051084737583775
2020-06-01,0.005774122449248655,0.020083753733308507
2020-06-02,0.02236974015797803,0.019101165439132872
2020-06-03,0.029580391928990767,0.03979239778040755
2020-06-04,-0.004531115247687138,0.0016635404671132559
2020-06-05,0.025789302594514885,0.029623986369661237
2020-06-08,-0.007390385043767466,0.01129302217736905
2020-06-09,-0.008006955799987902,-0.01940983380095962
2020-06-10,-0.005332167715849585,-0.005965211006804916
2020-06-11,-0.037136671260758314,-0.06355698878803007
2020-06-12,0.0003577327162109806,0.01747733267297269
2020-06-15,-0.00480378418703587,0.009447401175461945
2020-06-16,0.03002545124150692,0.01361366517312379
2020-06-17,0.008155167689962235,0.0039168947000149945
2020-06-18,-0.006826934798870487,-0.005016915576722791
2020-06-19,0.008738844677197695,-0.006442454380949814
2020-06-22,-0.005864258052702926,0.015491479412951925
2020-06-23,0.017466007232050513,0.010936677529846284
2020-06-24,-0.027401864450106936,-0.028016862607303294
2020-06-25,0.0070312336377062684,0.015411292303834312
2020-06-26,-0.0029953618707458446,-0.01798813758235973
2020-06-29,0.008522844369527272,0.015455275250167544
2020-06-30,0.0024275297173750304,0.0014095244615195401
2020-07-01,-0.002017538803515418,0.00028149553298639773
2020-07-02,0.025087713914484906,0.018289170968263768
2020-07-03,-0.005857815530964323,0.0
2020-07-06,0.013425486408671205,0.02044751008736312
2020-07-07,-0.006113367769532517,-0.017600973903186157
2020-07-08,-0.009632302017185066,0.009096028235660691
2020-07-09,-0.005347752975119955,-0.01393075012144207
2020-07-10,0.008185351897275917,0.011911521058562302
2020-07-13,0.015506070484212835,-0.0016424326116775134
2020-07-14,-0.006180886207940485,0.01727449519770663
2020-07-15,0.015765393204837733,0.01347711425140763
2020-07-16,-0.0037787188756823373,-0.002925506459602767
2020-07-17,0.004127751256288161,0.0045346437252797855
2020-07-20,0.008074554411491616,0.007168614311738208
2020-07-21,0.0038587012318880586,0.003955145898020929
2020-07-22,-0.007180381926617119,0.00341392170914645
2020-07-23,0.001584830812185597,-0.009944817103239134
2020-07-24,-0.018391211801808128,-0.007401607460455817
2020-07-27,-0.0019731815451742027,0.01038608270149921
2020-07-28,-0.002040518543378297,-0.007116769723489513
2020-07-29,0.002528115201214446,0.011680521279383793
2020-07-30,-0.030386480526180145,-0.0191551536338328
2020-07-31,-0.0047068992850042655,-0.022204281106231072
2020-08-03,0.023015616521434603,0.021067156482071026
2020-08-04,-0.00167686974857409,0.005359102712954922
2020-08-05,0.0011463863533682477,0.005596684782408268
2020-08-06,-0.008667579585383875,0.0010603275489073916
2020-08-07,0.005014840737457133,-0.005295431152361196
2020-08-10,-0.0015626221280455389,-0.0005319462482339388
2020-08-11,0.019727194594722525,0.00719020945294524
2020-08-12,0.01116827050097767,0.02406114863600517
2020-08-13,-0.004345037254749637,-0.007487736022201097
2020-08-14,-0.00999121487214306,-0.00832443397403304
2020-08-17,0.0024862199132018687,0.005246459559263172
2020-08-18,-0.0026101773384065857,-0.0015657699707039008
2020-08-19,0.006912287651068726,-0.001306698941441975
2020-08-20,-0.01164129270411553,-0.005757605643743613
2020-08-21,-0.004631168563323979,-0.010265792179352973
2020-08-24,0.019024625189651253,0.019946548588748225
2020-08-25,-0.00043507855726727436,0.004954664516959806
2020-08-26,0.00842885163980924,0.008043552356367334
2020-08-27,-0.007367787290078925,-0.013385031231241462
2020-08-28,-0.004722172765892906,0.0075659911429759585
2020-08-31,-0.011616486939391862,-0.013464515495025697
2020-09-01,0.0012271974382400306,0.001049678615760108
2020-09-02,0.017752166575248193,0.0201889594353577
2020-09-03,-0.010845459209079119,-0.023130300074588384
2020-09-04,-0.011608052404435354,0.0010525164599595183
2020-09-07,0.014440860216901186,0.0
2020-09-08,-0.013178788998729027,-0.017608709146831436
2020-09-09,0.015090752927688014,0.026217620361804972
2020-09-10,-0.0024380352549016,-0.012252481312245211
2020-09-11,0.0022244755796558295,0.008973426524642392
2020-09-14,0.0001300940821404585,0.0015692219469167767
2020-09-15,0.0026405179565131237,0.005745459727150459
2020-09-16,0.0013032476145565586,-0.006751373231402291
2020-09-17,-0.006603776986527584,0.0031372706492431846
2020-09-18,-0.009858954408982922,-0.010945990007864004
2020-09-21,-0.040689436727301805,-0.03590525929017174
2020-09-22,0.0009460698067682254,-0.003295637897315795
2020-09-23,0.0029412145554877445,-0.015706944427609004
2020-09-24,-0.006946515169046341,0.003639432754770411
2020-09-25,-0.007870986737280353,-0.0025105087388459513
2020-09-28,0.028028175405645495,0.02181198515736038
2020-09-29,-0.0013525536034180905,0.001915712306560735
2020-09-30,-0.006860836044704545,-0.007102036367776288
2020-10-01,0.0031403855406296264,0.003851940840584156
2020-10-02,-0.001017665893575825,-0.0030147377301159572
2020-10-05,0.01000863722512892,0.018691332526825644
2020-10-06,0.0054131527882046405,-0.012411994506631219
2020-10-07,0.00391985655180592,0.010382140365794656
2020-10-08,0.004905343652394626,0.008112912839160158
2020-10-09,0.0021894523427195595,0.00885160481075542
2020-10-12,0.008489480310222541,0.007445078985674369
2020-10-13,-0.007013436447488034,-0.014252056400303026
2020-10-14,-0.0027004428399148342,-0.005086803647166516
2020-10-15,-0.024915651337668817,-0.016684704217056257
2020-10-16,0.016647004355921282,0.010399555035262686
2020-10-19,-0.000997060208309176,-0.005145987929250251
2020-10-20,-0.0009046895982790842,0.007895396461019777
2020-10-21,-0.013685329808208588,-0.012966173852279717
2020-10-22,-0.0030916868039701523,-0.0005473898024617174
2020-10-23,0.010052014289313974,0.010679125981566173
2020-10-26,-0.025070735677233974,-0.033053347336244765
2020-10-27,-0.013981851784154412,-0.017371728433102862
2020-10-28,-0.037302860409234286,-0.04163110392391578
2020-10-29,-0.005897078961821539,0.0026778264914384398
2020-10-30,-0.0011473716499698938,-0.003264260745311498
2020-11-02,0.01968358129889634,0.01845798518583197
2020-11-03,0.025628605283321743,0.032739154022805694
2020-11-04,0.017319359826737747,0.012453818616832368
2020-11-05,0.015558978442555535,0.029913371330771765
2020-11-06,-0.0036505592284077153,0.0029859763320638777
2020-11-09,0.061674181766971724,0.050067476586120874
2020-11-10,0.01437656759099174,0.01829893746147171
2020-11-11,0.004389633816598057,0.005315345011033035
2020-11-12,-0.011683594512988988,-0.016616373512110316
2020-11-13,-0.0011761982513830611,0.014849073175714711
2020-11-16,0.013981825220920738,0.00807241047247742
2020-11-17,0.0035059856048268384,0.0017518661460846907
2020-11-18,0.004674372008454121,-0.006245627993804459
2020-11-19,-0.006573908024350106,0.005530588070376208
2020-11-20,0.003336941050726725,-0.001249796023646721
2020-11-23,-0.001736570191570956,0.001000998996998792
2020-11-24,0.011815053640498872,0.015754190713840766
2020-11-25,-0.002012400592952725,0.0017231824871366541
2020-11-26,-0.0034398261202371804,0.0
2020-11-27,0.004860540066519255,0.007372925470641167
2020-11-30,-0.011941504320558363,-0.01610143741889636
2020-12-01,0.011117781582062653,0.025291135168246992
2020-12-02,0.0015623015763108327,0.0004836614623360269
2020-12-03,0.0010439772795770045,-0.00072508776827096
2020-12-04,0.004193971339172196,0.009192112595156843
2020-12-07,-0.0051492308771109024,-0.005512937611988344
2020-12-08,-0.0014150651652701162,0.0021690786877364143
2020-12-09,0.0021622627001217734,-0.0038481024345419224
2020-12-10,-0.006382901046078069,0.0016902226157062827
2020-12-11,-0.007119915492260357,-0.007712898543041802
2020-12-14,0.005547082576500773,0.001214494281796652
2020-12-15,0.005513677041145078,0.014313497767235006
2020-12-16,0.0005198955392830703,0.004305380173613482
2020-12-17,0.005194830271521168,0.009764094350408481
2020-12-18,-0.0073182638429900885,-0.007075678817271225
2020-12-21,-0.026810886469594713,-0.01720411019149881
2020-12-22,0.012503733713253421,-0.0007293908426655449
2020-12-23,0.013938512801557548,0.014355264560636183
2020-12-24,0.0022033239376069856,0.0031181316425574757
2020-12-28,0.0059345475696187455,0.006934657189787696
2020-12-29,0.000512431263165123,0.001661989600318936
2020-12-30,-0.003756267144254381,0.00047447018455959444
2020-12-31,-0.006462042579777953,-0.011374348056808925
2021-01-04,0.00565808350773378,0.007430343769460501
2021-01-05,-0.006271678826364894,0.006423844699479542
2021-01-06,0.016364092439316674,0.016075778383688455
2021-01-07,0.003532530320461934,0.00046522755454336817
2021-01-08,0.005422762219974184,0.0046513448192231355
2021-01-11,-0.007780153748592049,-0.015277595868772309
2021-01-12,0.0004743844242180441,0.001645189733102459
2021-01-13,-0.0014279189686748062,-0.0021121695109324046
2021-01-14,0.005004145532749438,0.006349816762489802
2021-01-15,-0.01252119164615861,-0.019396856055882594
2021-01-18,0.002634368345320777,0.0
2021-01-19,-0.005592651342086421,0.007864802948864158
2021-01-20,0.011398811959711047,0.006147679457542798
2021-01-21,-0.003450915835208361,0.002350475970605448
2021-01-22,-0.005230558590229708,-0.00609651335318484
2021-01-25,-0.02179288866831049,-0.009671836712238258
2021-01-26,0.010500729070123737,0.00857536272186099
2021-01-27,-0.017709750866197794,-0.027869591596924814
2021-01-28,0.008250510854364686,0.012147762272109341
2021-01-29,-0.020858675994202026,-0.02160334661030172
2021-02-01,0.00918070596040962,0.013738779936784518
2021-02-02,0.02003062300206566,0.01500487178103005
2021-02-03,0.007165275011340404,0.002622886525324608
2021-02-04,0.012239480586140881,0.003329142581397493
2021-02-05,0.005424675431372661,0.009955126031435002
2021-02-08,0.0026040766618998954,0.005867552169063206
2021-02-09,-0.0013505897321501403,0.001866325925637291
2021-02-10,0.0004913817750901472,-0.005123606887584176
2021-02-11,0.004707100041913808,0.008661004810141426
2021-02-12,0.008053792898097687,0.006498097251585566
2021-02-15,0.017794925548574432,0.0
2021-02-16,-0.0006458018724263442,0.006225469797488836
2021-02-17,-0.006135052232831992,-0.008936710044567975
2021-02-18,-0.00565234004260812,-0.0013871740273800892
2021-02-19,0.012311441399635598,0.00555671061139984
2021-02-22,-0.0009752864610329284,-0.0018420353025575542
2021-02-23,-0.0013175530150607406,0.0011534985516310492
2021-02-24,0.005071598265439135,0.007603545396914546
2021-02-25,-0.0035414549302246303,-0.018980009336881598
2021-02-26,-0.01365151763844216,-0.009790262349667067
2021-03-01,0.019187014346689506,0.01883260769589179
2021-03-02,0.0030875991846539873,0.0011553639462766885
2021-03-03,0.008898311395580383,-0.006000633029781488
2021-03-04,-0.0036142062639949804,-0.01044815563866186
2021-03-05,-0.009127749236656124,0.004458081473545317
2021-03-08,0.023622514411822535,0.005138752826360449
2021-03-09,0.0014441732776604688,0.014176187515531957
2021-03-10,0.005611566921824162,0.011228579010877038
2021-03-11,0.00454871980284236,0.009743685521273582
2021-03-12,-0.0015278374455920613,0.0
2021-03-15,-0.004103541764222881,-0.004488307206389597
2021-03-16,0.006218731640737416,-0.0015778904559483609
2021-03-17,0.003230846379766479,0.010160353091741792
2021-03-18,0.006648706307955594,-0.012069671908612856
2021-03-19,-0.01581089278462923,0.00045268610745319293
2021-03-22,-0.0023420685029271904,0.00045198184800954166
2021-03-23,-0.004879736415378093,-0.011985636166333635
2021-03-24,0.001608933043514879,-0.0025176989232251756
2021-03-25,0.001133012526858628,0.006425066654671907
2021-03-26,0.006320137645464275,0.012767896112597432
2021-03-30,0.01640725782034966,0.0036083225108882733
2021-03-31,-0.004201937266364397,0.00022451710963244942
2021-04-01,0.007583927927516362,0.017299807283969626
2021-04-06,0.004045951006373539,0.00728786932712322
2021-04-07,-0.0035905083596870463,0.001534629989519809
2021-04-08,-0.00038755865614584754,0.004816422809126308
2021-04-09,-0.0027105909883738404,0.0017427952072794906
2021-04-12,-0.0029576028633903333,-0.0036971047283841374
2021-04-13,-0.000532277442382672,0.006112007827194121
2021-04-14,0.002984322669393398,-0.0004340224977108509
2021-04-15,0.0021733145477603544,0.007597397992529009
2021-04-16,0.010743861792269672,0.01400255024134256
2021-04-19,-0.0021078008268803853,-0.0023370950837617865
2021-04-20,-0.024051874255802973,-0.018952374765303537
2021-04-21,0.004782485787191328,0.014325990750376993
2021-04-22,0.008817661880072764,-0.0027817059492208918
2021-04-23,-0.0005888336432208461,0.010729536680432972
2021-04-26,0.005517327435089462,0.0014860821572655336
2021-04-27,-0.0007564349097627851,-0.0010598853968495359
2021-04-28,0.0032664731943340066,0.0038200668050238917
2021-04-29,-0.003968231069441971,-0.00021150645519385503
2021-04-30,-0.004596801642938309,-0.017339729660719838
2021-05-03,0.007364858971166013,0.012481066441387911
2021-05-04,-0.018259743796189616,-0.020191153340238355
2021-05-05,0.020382727790305272,0.01648582808911514
2021-05-06,0.00040899812879194276,0.009389710286237252
2021-05-07,0.005354114487880149,0.015010331240950192
2021-05-10,0.002116135134183924,-0.011247479869300858
2021-05-11,-0.017101680127624464,-0.012639825835374374
2021-05-12,0.001195411647846096,-0.010240743857913404
2021-05-13,0.00014906802957952994,0.01099376321853085
2021-05-14,0.015663305354455096,0.02345425312199345
2021-05-17,0.0007145263896953211,-0.00395845357529645
2021-05-18,0.0015662630970354442,-0.0014638284229088194
2021-05-19,-0.017420931049299718,-0.013615657627107813
2021-05-20,0.015560131373941332,0.018050345882302032
2021-05-21,0.007621150544439639,0.0031291378561213445
2021-05-24,0.002446331608149155,0.007901723745382228
2021-05-25,-0.001550087906652339,0.0012379504546560227
2021-05-26,-0.0011715895410994112,-0.005975680438011555
2021-05-27,0.0021415752101029465,0.0022802288191086095
2021-05-28,0.007702593481521362,0.005377278807829011
2021-05-31,-0.005995221897797849,0.0
2021-06-01,0.009851924759166094,0.004320212120625833
2021-06-02,0.004540482635473771,0.0018436582839462812
2021-06-03,0.001119512135508769,-0.007360610520050326
2021-06-04,0.0006331193286900535,0.0067970991429286975
2021-06-07,0.003599278833064788,0.004296348027402974
2021-06-08,-0.0026338922403910175,-0.0012224051612983455
2021-06-09,-0.0024397796477601684,-0.0020395352885076434
2021-06-10,-0.0009378487060233306,0.0006130208184360608
2021-06-11,0.0070758456071433095,0.00449393418978028
2021-06-14,0.0018232591219017576,0.0024396175359091554
2021-06-15,0.0026119708048666914,0.0010141827070968557
2021-06-16,-0.0011938802060554258,-0.009929099713435918
2021-06-17,0.002151786980804656,-0.006344557880141433
2021-06-18,-0.019235412448914677,-0.0214210562211562
2021-06-21,0.0070044204826037485,0.014122046747998551
2021-06-22,0.0007907943808402619,0.0004201350333237208
2021-06-23,-0.009409840273552761,-0.009867607251791699
2021-06-24,0.011523271633131823,0.012086481688131423
2021-06-25,-0.0012382272731810433,-0.00041926149651239086
2021-06-28,-0.008907587111321103,-0.007335810211319682
2021-06-29,0.004240499759343265,-0.0002112224427484044
2021-06-30,-0.009353043611160542,-0.010982017791211551
2021-07-01,0.004910150677475089,0.002562517193608116
2021-07-02,-0.0001813816740523885,0.001065056141709153
2021-07-05,0.0015090944567072403,0.0
2021-07-06,-0.011181886248691705,-0.012765962186643054
2021-07-07,0.005726308030834098,0.006680830146926331
2021-07-08,-0.021136472658855196,-0.01776907515368631
2021-07-09,0.0198602017755894,0.022013844957057715
2021-07-12,0.006753812830316394,0.005331444010673758
2021-07-13,-0.0017271211719457357,-0.008697392041015162
2021-07-14,0.000979963733996565,0.005563955709426249
2021-07-15,-0.010055782371033037,-0.011491738682292807
2021-07-16,-0.006296854410264295,-0.008611414162361108
2021-07-19,-0.0274856517176908,-0.024321552892992426
2021-07-20,0.007281190407594283,0.00890274329711449
2021-07-21,0.016492067175358536,0.019192657626132315
2021-07-22,0.004289499990662314,0.002813892179742261
2021-07-23,0.014494542247830464,0.010360689044014881
2021-07-26,0.0006035810160100685,0.002136016704901378
2021-07-27,-0.009156059890088256,-0.004050237038051074
2021-07-28,0.006124364393049449,0.005993284436220048
2021-07-29,0.006998454339300547,0.007659465925874853
2021-07-30,-0.003476684370932296,-0.006968037705739172
2021-08-02,0.005181379275169129,0.0025518055770712422
2021-08-03,0.0029912649258884124,0.006362489624313961
2021-08-04,0.00452505544443162,0.00042164365080155086
2021-08-05,0.0027504481486081227,0.004634287311292562
2021-08-06,0.004466745356870523,-0.00167744668044012
2021-08-09,-0.0004244343571518259,-0.001890195303687725
2021-08-10,0.0007414824746589463,0.0014729360396528168
2021-08-11,0.0065168013206024274,0.006303848697364112
2021-08-12,0.00568550698042123,0.002923294714384239
2021-08-13,0.0017391310657448862,0.006038096431877138
2021-08-16,-0.007122523828332324,-0.005794740403177845
2021-08-17,-0.0008948859474671932,-0.010199946892966105
2021-08-18,-0.0015258367884831037,-0.00567829161316602
2021-08-19,-0.015356048298201908,-0.010575118004450323
2021-08-20,0.004501184185981733,0.005557914472260395
2021-08-23,0.004712901573383225,0.011054296849785317
2021-08-24,-0.0018447403196889583,-0.00042039326537857136
2021-08-25,-0.0013493101695261154,0.001051654594051099
2021-08-26,-0.0024170065073525395,-0.004832895665372927
2021-08-27,0.0038847806649675116,0.010768567816037411
2021-08-30,0.0017908334946634514,0.001671230090234399
2021-08-31,-0.002733934355256988,-0.00020853247183583168
2021-09-01,0.005067945658202446,0.00959531348367193
2021-09-02,-0.0006179252394177009,0.0037190459952967103
2021-09-03,-0.007541790192866628,-0.006381211517791141
2021-09-06,0.009282891095928456,0.0
2021-09-07,-0.004737324382716588,0.0012428097387622294
2021-09-08,-0.009036638496671036,-0.011173028532804441
2021-09-09,0.0012314666343909997,-0.0025110414345115295
2021-09-10,-0.002196471833004072,-0.0033563004808677688
2021-09-13,0.00272759196637098,0.009261138278153336
2021-09-14,0.0005638293654231261,-0.0031282600257990234
2021-09-15,-0.009508084082385081,-0.0016734949018916145
2021-09-16,0.006976972231722976,0.0006283383043641511
2021-09-17,-0.007998881398321809,-0.01675375468879281
2021-09-20,-0.018147912489560183,-0.022501936001109057
2021-09-21,0.007543396506632447,0.013091994637495219
2021-09-22,0.010946741896115062,0.012491842549356313
2021-09-23,0.01067984598806614,0.014252264431726669
2021-09-24,-0.008288083245401664,-0.01027689523257469
2021-09-27,0.004158261922370642,0.0004238413970905075
2021-09-28,-0.022493679981075973,-0.025630018180269554
2021-09-29,0.008193416556696734,-0.005434931877249638
2021-09-30,-0.007485764118475647,-0.010054423489251119
2021-10-01,-0.0029087798839410877,0.0052989857502523385
2021-10-04,-0.0052058052765384805,-0.008785409799202948
2021-10-05,0.020039169335111066,0.009528011055083718
2021-10-06,-0.014196330590781545,-0.0070236999671822176
2021-10-07,0.01683655338487547,0.01127318936962829
2021-10-08,-0.00481005286142368,-0.002622901364662922
2021-10-11,0.0005861140466374964,-0.006355475049943604
2021-10-12,-0.0039087505705706245,-0.0006619431591744496
2021-10-13,0.0013422720329144232,0.01500805405664729
2021-10-14,0.012257551801623088,0.01565537542114126
2021-10-15,0.010653156166525497,0.0077073576837560775
2021-10-18,-0.003688034991941873,-0.006373643033599774
2021-10-19,0.0016833830532379365,0.004062511992947604
2021-10-20,-0.0002837945030416081,0.0038330697519981527
2021-10-21,-0.0037950554731512828,-0.002969851593368711
2021-10-22,0.005092620369411788,0.0076596147797916014
2021-10-25,0.00292819578130599,-0.004434221437865538
2021-10-26,0.00740070137562782,0.006150682717743106
2021-10-27,-0.0025051492500367907,-0.0023186131519584707
2021-10-28,-0.0004187296636386734,0.012254119561635468
2021-10-29,0.006632064635624962,-0.003339592834470051
2021-11-01,0.010816851993401802,0.009843050765467654
2021-11-02,0.003754038390675862,0.0008294854849979494
2021-11-03,0.004110821038375625,0.00994629829434257
2021-11-04,0.004271007806053775,-0.0018467655636545954
2021-11-05,0.0027607505194319182,0.007194407597308716
2021-11-08,-0.0017518340558338025,-0.000816548115746718
2021-11-09,-0.0035330270693553797,-0.00020412588783413899
2021-11-10,0.003608529141086722,-0.014300362526476373
2021-11-11,0.001503884177581014,0.0031090205930512926
2021-11-12,0.0020152951240716833,0.002685869235010241
2021-11-15,0.0058494995158722245,-0.005151414825704359
2021-11-16,0.0002623411308867068,0.0
2021-11-17,-0.0006421091139938048,0.00020709108759375816
2021-11-18,-0.0027045968940031225,0.0026921680293205963
2021-11-19,-0.005853273129025878,-0.016109278423237283
2021-11-22,-0.0011000986859251982,-0.011124925858518542
2021-11-23,-0.011183809135299738,-0.002547366394350381
2021-11-24,-0.002278270303646186,-0.008725126842960451
2021-11-25,0.0024756850834123574,0.0
2021-11-26,-0.045037460999012485,-0.03434957003763417
2021-11-29,0.0035670703261478135,0.0033347522738158553
2021-11-30,-0.012575079935207243,-0.007976901323337504
2021-12-01,0.026851760768233715,0.0006699815752633231
2021-12-02,-0.013604401978039433,0.010491100754068228
2021-12-03,-0.0034982169488872,-0.01016112718779505
2021-12-06,0.014601021854290722,0.013166583443390278
2021-12-07,0.021092743069638178,0.02907510884261688
2021-12-08,-0.005223886353452898,-0.0008563034583544127
2021-12-09,-0.004694046121396026,-0.014781490942590958
2021-12-10,-0.0014801301517705994,0.004566312993075972
2021-12-13,-0.0028871171291132416,-0.009740451398547956
2021-12-14,-0.0090993244413519,-0.005901623296361569
2021-12-15,0.0008507116671416664,0.014731631870994466
2021-12-16,0.01001413041221111,-0.0028166283117354585
2021-12-17,-0.01315444770014929,-0.017818442583182992
2021-12-20,-0.0120309681360694,0.0011652896361609155
2021-12-21,0.01654258427248369,0.014771555703258832
2021-12-22,0.008566077095400627,0.013454037083938442
2021-12-23,0.009408782515212943,0.007616891343758203
2021-12-24,-0.0019885275987354145,0.0
2021-12-27,0.008730267459079354,0.009287325704125715
2021-12-28,0.00619097317813379,-0.001069977878777939
2021-12-29,-0.005600320855015949,-0.000642637515582356
2021-12-30,0.002633390967618686,-0.001715232336435557
2021-12-31,-0.0018895472043546225,0.001932836383358838
2022-01-03,0.010630584017841888,0.008786907806055178
2022-01-04,0.011649547254022499,0.0036116839373550036
2022-01-05,0.008663812974802886,-0.004868816663843978
2022-01-06,-0.013585889957265533,-0.004254328604359703
2022-01-07,-0.003891650819391701,0.0023497630204585285
2022-01-10,-0.009830073911432823,-0.010017102213111584
2022-01-11,0.007431094404431431,0.009472362313946103
2022-01-12,0.00910484415195272,0.010450356335327315
2022-01-13,0.0017925326214028655,-0.008231405369841793
2022-01-14,-0.006107924213708947,0.0002129213996902024
2022-01-17,0.0032029874936988414,0.0
2022-01-18,-0.006895868334966762,-0.015319115054209687
2022-01-19,-0.0018485463277643562,0.0012964766766176972
2022-01-20,0.00030148844195570856,-0.004531746592371766
2022-01-21,-0.014559751562643834,-0.012573328877404255
2022-01-24,-0.03545103399288974,-0.012952610938738451
2022-01-25,0.007438129780617648,-0.011121298142693359
2022-01-26,0.018026557692462735,0.004498819857964964
2022-01-27,0.00903502652457576,-0.0035829368987022603
2022-01-28,-0.012091070082565204,0.00426965019239578
2022-01-31,0.0023174966341585885,0.01432088023358169
2022-02-01,0.01146674866821763,0.011692111309772768
2022-02-02,-0.0001154109815964143,0.0030529426534704474
2022-02-03,-0.013538454201876715,-0.01608714589941751
2022-02-04,-0.011788990677454267,-0.0015465648307945168
2022-02-07,0.006603607365108166,0.0006639217587005586
2022-02-08,0.0069899874935071896,0.0055286300010910505
2022-02-09,0.013978249121032595,0.017154151812928564
2022-02-10,0.0004102586436420316,-0.011243388088710504
2022-02-11,-0.004974203593104483,-0.02711569945147796
2022-02-14,-0.022902195943462652,-0.010788918517028678
2022-02-15,0.018994967893269,0.027721051700495325
2022-02-16,-0.004385275427818036,0.003979626927331559
2022-02-17,-0.006456692082278706,-0.01915884034918558
2022-02-18,-0.006183101542669222,-0.004490352348183069
2022-02-21,-0.0183543990374011,0.0
2022-02-22,-0.0023215670271354498,-0.02413149287340466
2022-02-23,-0.0006888032653532587,-0.009706943666702883
2022-02-24,-0.04376281373184177,-0.018436116301240424
2022-02-25,0.0328275615584823,0.02686617383038281
2022-02-28,-0.019388182329610835,-0.03357234163231115
2022-03-01,-0.04079640539164606,-0.041207469066960045
2022-03-02,0.013197535700000861,0.020239714001868192
2022-03-03,-0.01998051183715188,-0.028410546658373503
2022-03-04,-0.04392145241533704,-0.052180289720743955
2022-03-07,-0.013925487432484474,-0.03723397926792049
2022-03-08,0.0012962843413926422,0.0292818299940647
2022-03-09,0.06651066125154104,0.07004807327104423
2022-03-10,-0.027732537542624124,-0.029846917088036995
2022-03-11,0.009408088741787635,-0.008531396924084333
2022-03-14,0.01962687727119505,0.021381630416897446
2022-03-15,-0.00035368242739488654,0.009701493274876682
2022-03-16,0.03179930845106753,0.04778743891368076
2022-03-17,-0.0007082942428056731,0.0012067732092611028
2022-03-18,-0.002850621754288431,0.0033742909448077896
2022-03-21,-0.0028716341031774254,-0.013772600055237949
2022-03-22,0.01066183461686516,0.014648339688602352
2022-03-23,-0.010450240822665043,-0.02309891981663359
2022-03-24,-0.0007350226756664787,0.008866871360763362
2022-03-25,0.0019136390089042048,0.0009764442259667661
2022-03-28,0.005476389543681938,0.007805085033152137
2022-03-30,-0.007259530793171453,-0.010309335361423533
2022-03-31,-0.010783511149186683,-0.025804742869456
2022-04-01,0.005408278001071555,0.01166437274601173
2022-04-04,0.005486141759951298,0.0016814822030590815
2022-04-05,-0.0041934825754775485,-0.021102928320351655
2022-04-06,-0.014202684088605918,-0.02008827808121183
2022-04-07,-0.0040095026076954225,0.0007499090775473505
2022-04-08,0.017154504564352607,0.00024967517570551045
2022-04-11,0.00023820057163694225,-0.006743083853735454
2022-04-12,-0.003886548721933818,-0.006537770084012684
2022-04-13,-0.002433574075242555,0.011642951233330034
2022-04-14,0.008116033100872614,-0.005754369163443962
2022-04-19,-0.0054849655590202395,0.005787673573784957
2022-04-20,0.013785245957400048,0.014510840507014011
2022-04-21,0.006597842772800993,-0.009371174318171471
2022-04-22,-0.015932062247510474,-0.015683473911531576
2022-04-25,-0.01762026311006962,-0.009863537146340029
2022-04-26,-0.004422010507183135,-0.034482531836378505
2022-04-27,0.0023607095808431565,0.0002645181886340442
2022-04-28,0.009824639927562148,0.019307218256507497
2022-04-29,0.007175562635265633,-0.015049588516085732
2022-05-02,-0.014192874259517941,-0.0002634032995050273
2022-05-03,0.010890607209320119,0.00790519867820394
2022-05-04,-0.01098671371819977,0.021699409760437494
2022-05-05,-0.007374113671041262,-0.034288764458515586
2022-05-06,-0.009093820454178133,-0.01457322401482275
2022-05-09,-0.017483436599285924,-0.027695604628538706
2022-05-10,0.0034505153887125096,0.01078515818682968
2022-05-11,0.01771931842799486,-0.001367940871516038
2022-05-12,-0.004838787395638609,-0.0019178111181784585
2022-05-13,0.016746052643968636,0.030743938958806227
2022-05-16,0.0030541590788027793,-0.0010651172943277887
2022-05-17,0.011081781109289451,0.028792262572804317
2022-05-18,-0.0075375696995377255,-0.034465046660795196
2022-05-19,-0.01212852031992376,0.010467218980053428
2022-05-20,0.004516876002980225,0.001593432232512626
2022-05-23,0.014048123873015095,0.02572269181634712
2022-05-24,-0.011460275252060673,-0.005170891943358069
2022-05-25,0.011159444488192439,0.0025992190856083397
2022-05-26,0.014820163213084983,0.018921649510452054
2022-05-27,0.005757789472847298,0.019079311567113066
2022-05-30,0.001497806243275208,0.0
2022-05-31,-0.007787791664281166,-0.005242464098456634
2022-06-01,-0.005067163057931792,-0.016562039806486517
2022-06-02,0.0034973344121042365,0.02730274932802268
2022-06-03,-0.0018553528693847296,-0.014157751097986782
2022-06-06,0.014877129614534697,0.00806226302566837
2022-06-07,-0.00728347871795686,0.0009998435130138539
2022-06-08,-0.0068023762768611665,-0.014481857015609778
2022-06-09,-0.01594540317168437,-0.029389434772563616
2022-06-10,-0.03443686036975138,-0.032367525633695826
2022-06-13,-0.02141311629891764,-0.03668747425002228
2022-06-14,-0.002997175122732544,-0.00924101154397905
2022-06-15,0.014826044315617529,0.024590459211849103
2022-06-16,-0.02420977151235186,-0.028414070997561658
2022-06-17,0.0003320650101041337,0.0051105397060611235
2022-06-20,0.012565437580037772,0.0
2022-06-21,0.0020410594405686883,0.015036492032316495
2022-06-22,-0.009161155283325341,-0.005686391057604379
2022-06-23,-0.01650139992754038,-0.004003303776587863
2022-06-24,0.019835483932272448,0.0335914907015773
2022-06-27,-0.002946964064947231,-0.00861117061516925
2022-06-28,0.007398164613008683,-0.00924627979228998
2022-06-29,-0.009055719559901308,-0.008484080188889243
2022-06-30,-0.012700335531525594,-0.007701044081441899
2022-07-01,0.005467708467262887,-0.0014370194315453944
2022-07-04,0.0017270046415939393,0.0
2022-07-05,-0.023758886667043164,-0.03483038929476123
2022-07-06,0.01655618772364389,0.0005964080974707464
2022-07-07,0.013573418385700269,0.015201532384773841
2022-07-08,0.003165700452166306,0.0
2022-07-11,-0.007040304274452746,-0.01996498200203667
2022-07-12,0.005497544809238286,-0.0023965413700822724
2022-07-13,-0.008972291644092635,0.0024022985780076667
2022-07-14,-0.016346089819145863,-0.015877975268266842
2022-07-15,0.019993851290949154,0.0225267085834433
2022-07-18,0.006914621927963551,0.00595424100792874
2022-07-19,0.016990573957008686,0.04113651620736891
2022-07-20,-0.002358400619984231,-0.011654361109983635
2022-07-21,0.0015383388514938132,0.0123669252534504
2022-07-22,-0.0018086661436338117,-0.005965778882845552
2022-07-25,0.002892037104128795,0.00914537508498281
2022-07-26,-0.006554457508202744,-0.02350601969649946
2022-07-27,0.009097050546726408,0.030162267715844848
2022-07-28,0.008721981285004265,0.009009094235177706
2022-07-29,0.0124123263732539,0.018136118335561502
2022-08-01,-0.00023908301581508575,-0.0013702441311387314
2022-08-02,-0.0038499414851259116,-0.018111948235505104
2022-08-03,0.007668048842970498,0.018166648999168533
2022-08-04,0.003466768421882633,0.010156436727817075
2022-08-05,-0.008718079047245334,-0.008695619421209666
2022-08-08,0.009233798875595424,0.0027413543826610987
2022-08-09,-0.006191419518627371,-0.007928067414006645
2022-08-10,0.007868893590077648,0.02232008358442661
2022-08-11,0.0006822993325402867,-0.0016172802746149406
2022-08-12,0.0017193812995626593,0.009989402893594068
2022-08-15,0.0052822274645893345,-0.009088718666830697
2022-08-16,0.0038502721664143724,0.005665232238943441
2022-08-17,-0.008550141785198855,-0.011802600977558031
2022-08-18,0.0012663748335657807,-0.005157436051384412
2022-08-19,-0.011542536349619525,-0.019372430261497375
2022-08-22,-0.017814463751342165,-0.03060680927849513
2022-08-23,-0.003095665475929966,0.0028704574298366037
2022-08-24,0.0035696629345028283,0.0025758911137676588
2022-08-25,0.0022798130711516773,0.011989820511209448
2022-08-26,-0.018691461232352585,-0.03582529749753016
2022-08-29,-0.0073250133716103154,0.0035108890401767123
2022-08-30,-0.0014591694901407487,-0.004956337840171132
2022-08-31,-0.010589180050841323,-0.008496688751502002
2022-09-01,-0.01286909377228307,-0.01507100704453912
2022-09-02,0.023354832882984802,-0.008100956576377771
2022-09-05,-0.0161643017806061,0.0
2022-09-06,0.0032877402097927894,0.0
2022-09-07,0.0014233979793026681,0.02329094486946004
2022-09-08,0.0025644059736491627,-0.005911813595172344
2022-09-09,0.012658328593611257,0.028545897838994527
2022-09-12,0.02262940336588814,0.02399536620602949
2022-09-13,-0.010104942804370574,-0.0381140428789728
2022-09-14,-0.004124110729921694,0.007044263831989195
2022-09-15,-0.005447889409036125,-0.01078412289174635
2022-09-16,-0.010748218093444811,-0.004419397554576543
2022-09-19,-0.0007103291131838399,0.0034797489698019657
2022-09-20,-0.010056467556007656,-0.020746757924224313
2022-09-21,0.004713519323457385,-0.014830552695624055
2022-09-22,-0.011726375104555228,-0.003686651033566246
2022-09-23,-0.027143112831015424,-0.03854463530049479
2022-09-26,-0.0020951514365050057,-0.013470129079437787
2022-09-27,-0.005777225456067251,-0.00747715526916648
2022-09-28,-0.0008822285197302782,0.025548504723940102
2022-09-29,-0.01554211300463157,-0.013414334204012612
2022-09-30,0.009800017884396326,-0.004208347500746612
2022-10-03,0.003163625868475836,0.023732065126709445
2022-10-04,0.03835687166156342,0.05811381467890131
2022-10-05,-0.012236150068110158,-0.013805547130438578
2022-10-06,-0.0060129565482847525,-0.022519714273485647
2022-10-07,-0.010914973635958768,-0.023350048187523842
2022-10-10,-0.004901982573321722,-0.004462847806251169
2022-10-11,-0.0023198619941497264,-0.01056685657663925
2022-10-12,-0.004240605031582457,-0.00032367668581045894
2022-10-13,0.011789301703334665,0.030430724089328898
2022-10-14,0.00846651454769721,-0.016651010400365207
2022-10-17,0.01720114748827166,0.0341851957934991
2022-10-18,0.009036666199931619,0.013901804208036994
2022-10-19,-0.0031985099195745675,-0.010664162855383852
2022-10-20,0.0009350257778663858,0.001231975868667634
2022-10-21,-0.005689637737004667,0.020301368200522862
2022-10-24,0.010399220878929765,0.0078383464141496
2022-10-25,0.013066902988081512,0.025725661580907833
2022-10-26,0.005561320577371865,0.00962357628400845
2022-10-27,-0.001959364266558426,-0.009531845838454789
2022-10-28,0.001287286225326345,0.014872849574767644
2022-10-31,0.0003989295781446447,-0.015229694776172864
2022-11-01,0.01165402462624885,0.008753895439260528
2022-11-02,-0.005915751611649944,-0.023719997050029806
2022-11-03,-0.006624094360056182,-0.008888833299453336
2022-11-04,0.02505319395046538,0.05381150706942983
2022-11-07,0.006011452085013692,0.009645638879070884
2022-11-08,0.0044864681942594666,0.009272231524412922
2022-11-09,-0.0028860292041688737,-0.011692785219554303
2022-11-10,0.023899131812210067,0.06225353296640623
2022-11-11,0.006685220881547651,0.024661983068868132
2022-11-14,0.004195517441741288,-0.008540448336490924
2022-11-15,0.006088885804154137,0.006525888632339827
2022-11-16,-0.005097288865764435,0.0031118830903134054
2022-11-17,-0.0029026412668265874,0.0012926495750507083
2022-11-18,0.010333452413858185,0.004905575919015748
2022-11-21,-0.0014240735388326706,-0.009249407434835044
2022-11-22,0.002625095367757665,0.01244818270254755
2022-11-23,0.0036162313384698968,0.009477162003008077
2022-11-24,0.0033602897620565943,0.0
2022-11-25,0.0004805194326165559,0.00329876199652257
2022-11-28,-0.0066189778863703615,-0.015427466069087958
2022-11-29,0.00020875864759580635,0.005651219341990199
2022-11-30,0.00858356370693336,0.022988574464123834
2022-12-01,0.0054851360909869305,0.004993621655647873
2022-12-02,-0.0014359749921933282,0.000993948770933395
2022-12-05,-0.00624300005721237,-0.01340290981796699
2022-12-06,-0.0037208134993212284,-0.003773666244508145
2022-12-07,-0.006398567148105653,0.002272776446462288
2022-12-08,0.0004952141998187667,0.003779581687120004
2022-12-09,0.005451185125546276,-0.0037653502383138138
2022-12-12,-0.004053980181918424,0.0045350346856545265
2022-12-13,0.012943432562005874,0.01805887295315034
2022-12-14,-0.003747712987567202,-0.0024635424040775344
2022-12-15,-0.03093746664099764,-0.03383568855352659
2022-12-16,-0.005563451139314409,-0.00920243891233996
2022-12-19,0.0038232437023022333,-0.0019174498068532664
2022-12-20,0.0004882110846958461,0.0025962635671543666
2022-12-21,0.015919407823225755,0.01657150708106947
2022-12-22,-0.012376386452011199,-0.011207244072887423
2022-12-23,-0.001159749257971053,0.0010304369108247169
2022-12-27,0.004322685300409133,0.002315989365254456
2022-12-28,-0.0061514311043564885,-0.01206690229632068
2022-12-29,0.008876438462913566,0.020270306807570915
2022-12-30,-0.012518380313313149,-0.014264015733199797
2023-01-02,0.01906089687683878,0.0
2023-01-03,0.006908434972737337,0.014728937671821818
2023-01-04,0.023923097142160295,0.027501710696865356
2023-01-05,-0.0018339434637912248,-0.011152234618865497
2023-01-06,0.014681609981424515,0.030075213849227733
2023-01-09,0.005054185088671659,0.010948623144418024
2023-01-10,-0.0030804069358135425,0.008423716453195063
2023-01-11,0.008137714224803097,0.011455997590824829
2023-01-12,0.00868831027490498,0.013921516505545295
2023-01-13,0.0016403137016050176,0.006516138486029721
2023-01-16,-0.0009027368467476028,0.0
2023-01-17,0.004034039730603674,-0.002080813904705936
2023-01-18,0.002127190436294771,-0.006255843851422194
2023-01-19,-0.01818944780353448,-0.007227686534840072
2023-01-20,0.007187856934116844,0.0098636817889719
2023-01-23,0.005965555317321873,0.0067440626156545225
2023-01-24,0.0021548839367542764,0.00046221085024589215
2023-01-25,-1.1960914083750809e-05,0.005772179786522225
2023-01-26,0.00917768768037056,0.0029844107102494632
2023-01-27,-1.2878113457746813e-05,-0.005493272432021579
2023-01-30,-0.004400932107916754,-0.009436024238393403
2023-01-31,0.0012086447567198528,0.011849421800661952
2023-02-01,0.003070001932622195,0.01423658837901609
2023-02-02,0.012052907810878187,0.00452794833665382
2023-02-03,0.002564546576607598,-0.012170485087033334
2023-02-06,-0.011546752054628665,-0.01232043070519695
2023-02-07,0.00013780827366288611,0.007392297325396813
2023-02-08,0.0025598534977461598,-0.007338052261292138
2023-02-09,0.008646490067002504,0.003696052528994187
2023-02-10,-0.011011362685022062,-0.00897570701220407
2023-02-13,0.007945118009426771,0.015095128847113282
2023-02-14,-0.0010691810377507324,0.004118021514025072
2023-02-15,0.00758391156702836,0.0036456200882315493
2023-02-16,0.006802693979757205,-0.005221448639284865
2023-02-17,-0.0033281930135296823,0.0025102725343779664
2023-02-20,-0.0013209936997834748,0.0
2023-02-21,-0.007481258942607535,-0.015706568209863492
2023-02-22,-0.005006326467563434,-0.004162974073181447
2023-02-23,0.002947993506045812,0.010450555595610478
2023-02-24,-0.018673210183364305,-0.02482208350131443
2023-02-27,0.015315103195632349,0.01720499250210561
2023-02-28,0.00245446066862023,-0.007182664102965419
2023-03-01,-0.0028469283586666535,0.00583443694973762
2023-03-02,0.001854564939911137,0.004408138404712103
2023-03-03,0.013472128486491609,0.015939160439365718
2023-03-06,0.004560825469806011,0.0004546753064753606
2023-03-07,-0.008760545200451561,-0.019545368647393424
2023-03-08,0.002474040751996833,0.005563210287496734
2023-03-09,-0.0024230813401243285,-0.011295490342011383
2023-03-10,-0.015662521019029044,-0.00652838949961887
2023-03-13,-0.03818696479268486,-0.012438295883240746
2023-03-14,0.02171247618223026,0.020675020316119452
2023-03-15,-0.04367954033290073,-0.036321458985979604
2023-03-16,0.018945858216528236,0.019086778632782186
2023-03-17,-0.014995941110650078,-0.01469889175210437
2023-03-20,0.013933585097573729,0.01989089647020692
2023-03-21,0.02008382999507911,0.0208285264834438
2023-03-22,0.0034117997391892745,-0.0016232162726733668
2023-03-23,0.00018385795463826037,0.0025546266023734887
2023-03-24,-0.01796777396047569,-0.009497256627814088
2023-03-27,0.007542618539950484,0.00818514593866948
2023-03-28,0.003333088566339426,0.002319764105355171
2023-03-30,0.015015624823834799,0.017512008532272638
2023-03-31,0.005818819758875937,0.0035762307079083566
2023-04-03,-0.0025627205084345996,0.0053450917035917644
2023-04-04,0.0007500262689421567,0.002879853377252495
2023-04-05,-0.004684655090058561,-0.00684752383868914
2023-04-06,0.004174040070870712,0.005337865853804802
2023-04-11,0.0017908467633153933,0.002433769066619851
2023-04-12,0.0008188543342626161,0.00882787515677097
2023-04-13,0.004197344521943806,0.014001364162882224
2023-04-14,0.007716096478137864,-0.0017260488570454147
2023-04-17,-0.004655507346833132,-0.007996442598803388
2023-04-18,0.007042756433031477,0.00827870470318337
2023-04-19,0.0013267609177746143,-0.0012962707343263657
2023-04-20,-0.00532132641719512,-0.0021635844690049977
2023-04-21,0.003056702980328225,0.008456068424222973
2023-04-24,0.00014658232820986255,0.003010239147718252
2023-04-25,-0.006914708591394927,-0.01779203769721671
2023-04-26,-0.006016368703485127,0.0024006559638289904
2023-04-27,0.0023951734250494262,0.012410036335891217
2023-04-28,-0.0018175008883373604,-0.0038709487490917738
2023-05-02,-0.010720644059512369,-0.012953214517694822
2023-05-03,0.003764889643674816,0.0024058160575970433
2023-05-04,-0.004358343833324034,-0.0037092216427379032
2023-05-05,0.014830792881297607,0.016206632773576368
2023-05-08,0.0032881155470297382,-0.000646369704339067
2023-05-09,-0.0033665924073874687,-0.009488993828141612
2023-05-10,-0.008118108448033852,-0.001306509753033147
2023-05-11,0.001167605552786025,-0.004360187241889912
2023-05-12,0.00273418645957184,-0.0032843250525361745
2023-05-15,-0.0003180939806727278,0.004613333923851659
2023-05-16,-0.0011091488750439975,-0.006341508593089351
2023-05-17,0.0032256631748953405,0.0074824787449916386
2023-05-18,0.006423359694806617,0.0015289838210783557
2023-05-19,0.005863884820035287,0.00785165098731011
2023-05-22,0.0008962415496968645,0.00021652199251231963
2023-05-23,-0.01009592800664941,-0.0194722602210452
2023-05-24,-0.019419093711469906,-0.01654890370377826
2023-05-25,0.0019232764659918994,0.00246807754182532
2023-05-26,0.01108151168500168,0.015219322633095222
2023-05-29,-0.003321706517286101,0.0
2023-05-30,-0.004624284449791555,-0.011904793477069187
2023-05-31,-0.016302924078460627,-0.017402858136608024
2023-06-01,0.011479702156204148,0.014305198542287068
2023-06-02,0.014709698771960919,0.010521518172024402
2023-06-05,-0.007604578748303269,-0.009969210987442856
2023-06-06,0.002543066959492386,0.002685244410706833
2023-06-07,0.00017409575754112066,-0.0035704598578999436
2023-06-08,0.0033052636791110965,0.012766078816345505
2023-06-09,-0.0031846731755853716,-0.007518880449672416
2023-06-12,0.01054224642161149,0.011140732519361318
2023-06-13,0.007173642726169799,0.008153269845680766
2023-06-14,0.009500869797058805,0.0072132607794066494
2023-06-15,-0.003218187671266499,0.012152866549373753
2023-06-16,0.006038787086827047,0.0015007017001167355
2023-06-19,-0.005844162757190982,0.0
2023-06-20,-0.004300335761143064,-0.010619185313331614
2023-06-21,-0.002955079102094422,-0.0004417135181299381
2023-06-22,-0.0048585527746162075,-0.004860816265832901
2023-06-23,-0.0079710022118477,-0.014875756373935123
2023-06-26,0.0015137316033023197,0.0040568638797040535
2023-06-27,0.005375552360981346,0.015039464579040818
2023-06-28,0.009159663268208865,0.0008844193355637131
2023-06-29,0.005199580718005269,0.0004419087151832368
2023-06-30,0.0108572075778716,0.015459344808070874
2023-07-03,-0.0009408826095979669,0.0
2023-07-04,-0.003387351860123667,0.0
2023-07-05,-0.007404624973525108,-0.01957361543642111
2023-07-06,-0.027585124316779685,-0.023735657708273683
2023-07-07,0.00338357412778385,0.00977047596126912
2023-07-10,0.0033930787172905185,0.007875777926731775
2023-07-11,0.005720354370569517,0.010046873248945376
2023-07-12,0.014965191856796033,0.026083152761830153
2023-07-13,0.006003821830995188,0.017449318551804316
2023-07-14,0.0007604857719759791,-0.0038110291973233457
2023-07-17,-0.006789013508550471,-0.0027631699771522023
2023-07-18,0.001896631266837997,0.0027708262410333084
2023-07-19,-0.003306485227554214,-0.007651562944203549
2023-07-20,0.003719054727647519,-0.005782746488589785
2023-07-21,0.0035039404858682346,0.007109065945924531
2023-07-24,-2.351142749723462e-05,-0.007272665625433383
2023-07-25,0.0013628022347885224,-0.0036631037491728913
2023-07-26,-0.006709757964273163,-0.0010814014076236944
2023-07-27,0.01828851570595203,0.0012988577425638859
2023-07-28,0.004925982548669404,0.01751372352861269
2023-07-31,-0.0005760071853443917,-0.0006376387175127674
2023-08-01,-0.01605922918605727,-0.015096695489191458
2023-08-02,-0.012638385454459757,-0.022236483803132034
2023-08-03,-0.010133429799008638,-0.004195396532726825
2023-08-04,0.004894561191484906,0.003769415277870003
2023-08-07,0.0012067457008204847,0.011265959990278462
2023-08-08,-0.011754135680432416,-0.012014141679227652
2023-08-09,0.005690328777660386,0.003537435114223886
2023-08-10,0.015779934932147625,0.009693790200512753
2023-08-11,-0.013161642337109767,-0.010909783287126329
2023-08-14,0.003169618707889049,-0.001544247215122918
2023-08-15,-0.008080553844785262,-0.014140450281722727
2023-08-16,0.0008467935448594076,-0.006723524794642777
2023-08-17,-0.018892718362841877,-0.011281483085982869
2023-08-18,-0.003008226341338687,0.0013691061353593437
2023-08-21,0.004070226283986008,0.007520483041886683
2023-08-22,0.005355625526099294,-0.0018095248689468102
2023-08-23,-0.0008846696537503157,0.0056651658657340676
2023-08-24,-0.004515899145935258,-0.01757544392394761
2023-08-25,0.0016271198552723944,0.008715379872658247
2023-08-28,0.011056022031411155,0.01182374657963603
2023-08-29,0.007921362891819664,0.014606631561430161
2023-08-30,-0.0006782634080936198,-0.00022144767546983246
2023-08-31,-0.0012771953866874152,-0.012405887527024206
2023-09-01,-0.004790728756323448,-0.007178207802068348
2023-09-04,-0.0007157323661340156,0.0
2023-09-05,-0.003264336318087064,-0.011296778197316337
2023-09-06,-0.0064392884498120015,-0.004798860340328059
2023-09-07,-0.0028105516901813974,-0.007347885755136341
2023-09-08,0.0031620671517704757,0.0025444885929555294
2023-09-11,0.009467632831218206,0.011536767026908645
2023-09-12,-0.0010972163984761594,-0.007071122014958298
2023-09-13,-0.0020267216103468117,-0.005972940583848896
2023-09-14,0.013296298653605721,0.01086212836849021
2023-09-15,0.005025326728649436,-0.0013719818721842358
2023-09-18,-0.010809515240444437,-0.006427723952616149
2023-09-19,0.004101114761715925,0.0004619796290676881
2023-09-20,0.01195353860558369,-0.0004617663024426566
2023-09-21,-0.014555668102502958,-0.015711802628966542
2023-09-22,-0.005284251174410865,-0.000704078613231407
2023-09-25,-0.007352119804185972,-0.009396455608462362
2023-09-26,-0.008015439585426512,-0.014702375534416667
2023-09-27,-0.0015099502511583152,-0.002406660100890301
2023-09-28,0.006672939324573265,0.012545390807087387
2023-09-29,0.0022008093191879766,0.0009527019457720165
2023-10-02,-0.009878368457639614,-0.017614723156892054
2023-10-03,-0.009432038702236436,-0.007996126518664437
2023-10-04,-0.0016224056815614576,0.008549162934064158
2023-10-05,-0.0006470335760194147,0.0031484275531830086
2023-10-06,0.010646615847082628,0.01569282819765383
2023-10-09,-0.0048428550035408266,-0.00855711812277915
2023-10-10,0.020528757959231488,0.015104350946702816
2023-10-11,0.004495367696799217,0.006849387193850642
2023-10-12,0.0005124110673766158,-0.013370834942938004
2023-10-13,-0.013738612800609618,-0.014741113103986847
2023-10-16,0.004611680855253635,0.011100747691998425
2023-10-17,0.0011834937318021233,0.0014316821588218342
2023-10-18,-0.009486794665706219,-0.01906554008823169
2023-10-19,-0.009224666931811521,-0.0019437872368835984
2023-10-20,-0.01593802743448088,-0.009736976525032248
2023-10-23,0.003970640431170526,0.006882882297631232
2023-10-24,0.001674833697731527,0.005126874052564956
2023-10-25,0.0029974816947053087,-0.007286817874249563
2023-10-26,-0.002019736572289367,-0.004404183205452772
2023-10-27,-0.00788622168738685,-0.008601589069145654
2023-10-30,0.00464422969892889,0.015865087824216584
2023-10-31,0.007295021433988108,0.004148456650096666
2023-11-01,0.008177896779324378,0.008505237651995401
2023-11-02,0.013729251819273048,0.024096576170701045
2023-11-03,4.518022454123288e-05,0.007294154919751827
2023-11-06,-0.0027028241969789227,-0.005606134140099361
2023-11-07,-0.0017172121974952659,-0.003993510295835723
2023-11-08,0.005498254069341195,0.009434035312819278
2023-11-09,0.007335869162240962,0.0009346055484449334
2023-11-10,-0.003830211173057347,0.007936492918616755
2023-11-13,0.009177298304837505,0.0032421915187124117
2023-11-14,0.011794595997040648,0.030701747820043535
2023-11-15,0.0032858637527823976,0.0020157112001919497
2023-11-16,-0.003804821858713827,0.00044699446502360907
2023-11-17,0.009317197994699752,0.012957953299715719
2023-11-20,0.00422294248169586,0.005293487563871269
2023-11-21,0.0005205194992409343,-0.00658197316381115
2023-11-22,0.0038117906121158895,0.001104338357027057
2023-11-23,0.0023139893695068277,0.0
2023-11-24,0.0031039552912069824,0.01058895188117881
2023-11-27,-0.00253856555336276,-0.003929073355561585
2023-11-28,0.003429267018445144,0.00021896029126233785
2023-11-29,0.005796225710665439,0.005696783382625137
2023-11-30,0.0017001083013835035,-0.003703873445927819
2023-12-01,0.007056734045682236,0.0069977027085597054
2023-12-04,-4.9620771884458304e-05,-0.0023887968420703842
2023-12-05,0.0071012030227762,0.002829835432991201
2023-12-06,0.005459766215713535,0.0004341781522256838
2023-12-07,-0.0032719048634108072,0.005641074933184553
2023-12-08,0.008690321392815009,0.007982767170981564
2023-12-11,0.0022476519412495803,0.003424753499905231
2023-12-12,-0.00042202165403266637,0.0031995967541476045
2023-12-13,-0.0032820553926067885,0.013183141960046774
2023-12-14,-0.004110489361427882,0.00398737066096122
2023-12-15,-0.0011754746903888033,-0.01003347116841713
2023-12-18,-0.0033471348777484615,0.0006139721542148813
2023-12-19,0.003541770594478488,0.009096590645209846
2023-12-20,0.0002378892919960665,-0.015304076979187675
2023-12-21,-0.0018814263791567792,0.01618053530958674
2023-12-22,0.00047501555312942683,-0.002514078798920849
2023-12-27,0.0013779283971232504,0.011552214929605453
2023-12-28,-0.0033218044806271677,-0.008305662064592045
2023-12-29,0.0017054711753181594,0.0010470722863356041
2024-01-02,0.002174619298712515,-0.0144322680163822
2024-01-03,-0.011056792408494262,-0.013794418892868476
2024-01-04,0.007969991229801823,0.004518929739255828
2024-01-05,-0.0018867592135611729,-0.0014995047554905439
2024-01-08,0.0035194414975931753,0.012872707886776746
2024-01-09,-0.004059900999737816,-0.011014736614214815
2024-01-10,0.0017632236453153914,0.00556870613850502
2024-01-11,-0.005989082356338861,-0.0012779230271826592
2024-01-12,0.01163805234191924,0.0012795582040763254
2024-01-15,-0.0047910575482364645,0.0
2024-01-16,-0.0014851827520093136,-0.01831744210789099
2024-01-17,-0.005742409627754692,-0.00629199605609887
2024-01-18,0.006870918879208693,0.014192253070050675
2024-01-19,9.340433868195674e-06,0.0034446219680799306
2024-01-22,0.00520704493082477,-0.0006436223831046695
2024-01-23,-0.007484566828909008,-0.0019322842938582774
2024-01-24,0.015020856143999946,0.020004318705132862
2024-01-25,-0.001845318162183073,0.005272131275011471
2024-01-26,0.0030368202272958874,0.00902026083485108
2024-01-29,-0.00013217534800968113,0.0033263752965655424
2024-01-30,0.008965754958690031,0.0020721129486702683
2024-01-31,-0.0017055794308417785,-0.010546057457432423
2024-02-01,-0.0013179743762830375,0.012121302247862786
2024-02-02,0.002650444949991268,-0.006400885575216897
2024-02-05,0.00026651719075926637,-0.0037408058372803143
2024-02-06,0.00648620829985756,0.008135301849688137
2024-02-07,-0.002747798991759357,0.00020696136381004315
2024-02-08,0.008926240552585389,0.003516778801906595
2024-02-09,0.0020487178437811403,0.00721493553664132
2024-02-12,0.006436263853048338,-0.0002046336404134541
2024-02-13,-0.009096775772624953,-0.019652078093850944
2024-02-14,0.002935371102334471,0.013572794538024624
2024-02-15,0.0071339287687628115,0.01194891196076453
2024-02-16,0.0028729231432713842,-0.00223930228193836
2024-02-19,0.00036454125932815077,0.0
2024-02-20,-4.590085703158097e-06,0.006529059205349741
2024-02-21,0.0032184873039547627,0.006487034945571457
2024-02-22,0.013545270562446641,0.015911439438911046
2024-02-23,0.006259205682243844,0.0005947510097341624
2024-02-26,-0.0006313361761235967,0.0011888750899304856
2024-02-27,0.0012007036312225718,0.004749613340299996
2024-02-28,0.003077372204992024,-0.0021666055740222623
2024-02-29,-0.00032562346776404764,0.0009868139627831063
2024-03-01,-0.0010317377249569669,0.003944002310846573
2024-03-04,0.0037573556796191405,0.0031429336763646454
2024-03-05,-0.0021681818732629133,-0.00665757151114188
2024-03-06,0.0019305679228237664,0.012221601737456345
2024-03-07,0.008787093396908908,0.017137148205700337
2024-03-08,-0.0012660774581592662,-0.009189966826759655
2024-03-11,-0.005272267436764822,-0.0021257323538198536
2024-03-12,0.012608108199627455,0.011619077221070251
2024-03-13,0.005630824784319741,0.00401980617475961
2024-03-14,-0.0003774686198547784,-0.007816950964394276
2024-03-15,0.004000733079941578,0.0015372660577372965
2024-03-18,-0.0009230793465039088,-0.005209311460973809
2024-03-19,0.0078046291241005965,0.00251205066926663
2024-03-20,0.0009491154848307286,0.013878147372370808
2024-03-21,0.007665458154987538,-0.004562778072458529
2024-03-22,-0.0016582293534344117,-0.005156625098350132
2024-03-25,0.002695047793564147,0.003071634228711817
2024-03-26,0.004189494502215667,0.0021052529145615395
2024-03-27,0.004120889572267986,0.008212342991674948
2024-03-28,0.000584307227633533,-0.004546279765829109
2024-04-03,0.005150197238177257,0.008450122222823264
2024-04-04,0.001707740810829056,-0.01161673705273647
2024-04-05,-0.011649540902742846,0.00154128394714248
2024-04-08,0.007633970068071503,0.006541016667885424
2024-04-09,-0.013021708145588765,-0.005925139104483557
2024-04-10,0.0004874244368269737,-0.012305204004899872
2024-04-11,-0.0070836710950719925,-0.00038939467078391576
2024-04-12,-0.004902912503558172,-0.02122685806225799
2024-04-15,0.009324591893055838,0.0005969516525363705
2024-04-16,-0.015934026808692058,-0.002982736844807987
2024-04-17,0.006647651985116992,0.001396032967818206
2024-04-18,0.007988082797937822,-0.0005973853920987482
2024-04-19,-0.007198775783148398,-0.0011956457842268176
2024-04-22,0.005646662253593521,0.010973528478043004
2024-04-23,0.015526955129037146,0.018156743251150242
2024-04-24,-0.004271724863315589,-0.004264371643453835
2024-04-25,-0.01473301311132211,-0.004866608562519414
2024-04-26,0.01691385058525295,0.010758866608099549
2024-04-29,-0.004838023513455686,-0.003096524097227271
2024-04-30,-0.017070577095868747,-0.019607890756294655
2024-05-02,-0.0039482652396299125,0.004752597783404866
2024-05-03,0.005958232035080134,0.00945983722625332
2024-05-06,0.008677274657373401,0.00976195874808794
2024-05-07,0.010588579429853208,0.007347104948376426
2024-05-08,0.0026390715680952915,0.004990506095036595
2024-05-09,0.003759298882909397,0.0097402404729523
2024-05-10,0.004251982938476723,0.0035937238822658646
2024-05-13,0.0003449286484728218,0.0009422903084643774
2024-05-14,0.002877373699186827,0.0064019218910367215
2024-05-15,0.003815804516148594,0.008793200931247247
2024-05-16,-0.004297696743299607,-0.010200322094164438
2024-05-17,-0.001068799634089001,0.0028106778993977066
2024-05-20,0.000818835929209188,-0.0013079432349468734
2024-05-21,-0.0033546001475145163,-0.0011225732347103223
2024-05-22,-0.005285167815986754,-0.009177820614527321
2024-05-23,0.001966232503442945,-0.00378063772792836
2024-05-24,-0.0005462845389508321,0.009487501266309595
2024-05-27,0.004350824779571533,0.0
2024-05-28,-0.004232341522777224,0.0007520761169297341
2024-05-29,-0.011702993871729277,-0.01803171444313023
2024-05-30,0.0069496728464122325,0.007268715785339497
2024-05-31,-0.0001288612571946349,0.005127094580247071
2024-06-03,0.0025136214079298914,0.0030228874895763536
2024-06-04,-0.011272183590788321,-0.007345939359002629
2024-06-05,0.009996813806527014,0.01650846507355541
2024-06-06,0.00522140616492014,0.00466689872850834
2024-06-07,-0.004371226287038713,-0.01412123173832236
2024-06-10,-0.006205006932073414,-0.006407726202530495
2024-06-11,-0.01032361458093643,-0.012519059195257976
2024-06-12,0.011735442547326544,0.018248114642860358
2024-06-13,-0.019285793605504885,-0.02244857675487455
2024-06-14,-0.01747850963534144,-0.026244694070308938
2024-06-17,0.00795525668489639,0.015259697963302399
2024-06-18,0.006978778492639246,0.0031231188937153043
2024-06-19,-0.00281307048969517,0.0
2024-06-20,0.009783787995098235,0.002335066173295486
2024-06-21,-0.008017689861667779,-0.0085420677073067
2024-06-24,0.00910610549803902,0.009280661610119312
2024-06-25,-0.005882184459421546,0.0007928365840650375
2024-06-26,-0.003903124089003853,-0.008118826736641438
2024-06-27,-0.0019120271277666184,0.00019953521701920884
2024-06-28,-0.0003458892828856279,-0.0013970986901429283
2024-07-01,0.007637503702511453,0.011193295030320627
2024-07-02,-0.006811469847495749,-0.004546372791636721
2024-07-03,0.011309947943319906,0.017077048202468026
2024-07-04,0.005743598345063587,0.0
2024-07-05,-0.004065996739415127,0.006833207525166474
2024-07-08,0.0007524573282793959,-0.005817251480243368
2024-07-09,-0.012274324347872932,-0.012677987425648185
2024-07-10,0.009281476193090395,0.014421209545119273
2024-07-11,0.00321331043513726,0.002531693287220138
2024-07-12,0.012876206340399547,0.016316915788212816
2024-07-15,-0.009968250249904288,-0.012805692318170192
2024-07-16,-0.005273208394427549,-0.0005809846389375206
2024-07-17,-0.004371057455124361,-0.013366817788036167
2024-07-18,-0.0006139915130165693,-0.007657558323124869
2024-07-19,-0.008669194932011657,-0.009497492335291957
2024-07-22,0.013581496473343637,0.01977624142668133
2024-07-23,0.005182497264889975,-0.006660179776720732
2024-07-24,-0.005856567891019399,-0.01518431012788013
2024-07-25,-0.004000264075527202,-0.004205040289535389
2024-07-26,0.00751810592739579,0.014478162248265036
2024-07-29,-0.0071707815379570715,-0.013082320211573517
2024-07-30,0.007530549034166584,0.002811911746912088
2024-07-31,-0.0027910850981840017,0.007610670652224982
2024-08-01,-0.019341446268928253,-0.027430052682511308
2024-08-02,-0.014784816382715341,-0.009809839146831534
2024-08-05,-0.01782165248430101,-0.015067031399276898
2024-08-06,-0.006608353499079834,0.0004189729079087101
2024-08-07,0.020996440133560973,0.0050273070662407715
2024-08-08,-0.0008449226200878434,0.016256669011047276
2024-08-09,0.0023244560297693163,0.0018457728827590003
2024-08-12,0.0008636871888475473,-0.0036847445639223153
2024-08-13,0.00418754119377965,0.01623187958780914
2024-08-14,0.005802168628575852,0.007076442221368717
2024-08-15,0.012326755741624848,0.01586022036248469
2024-08-16,0.006718942478163605,0.007905335836241978
2024-08-19,0.003952200330008252,0.013137053808651045
2024-08-20,-0.004443396994666028,-0.00019351015416069206
2024-08-21,0.004196700125719531,0.009872304461475245
2024-08-22,0.0011928413599149716,-0.009200676814338338
2024-08-23,0.00631305172996549,0.016444137142313853
2024-08-26,-0.0004161413634597224,-0.004758247664373605
2024-08-27,0.003909905135201099,0.0028685376592556544
2024-08-28,0.004812414947558291,-0.003623233714997398
2024-08-29,0.009226376177992393,0.0026795231356107063
2024-08-30,0.0013552147102790099,0.002672211667998914
2024-09-02,0.00367196941706919,0.0
2024-09-03,-0.0066371014014727754,-0.017894562368129252
2024-09-04,-0.0031705669887699987,-0.004458171371739983
2024-09-05,0.00024684744759236943,-0.004867645785160524
2024-09-06,-0.010151602172091961,-0.018587361456807283
2024-09-09,0.008936692851451124,0.008173780251292007
2024-09-10,-0.004525997866988268,-0.006921038555753101
2024-09-11,-0.0005813811233937474,0.010752595129170706
2024-09-12,0.00865857101386652,0.007092423230205647
2024-09-13,0.003937599793469448,0.004694751508767858
2024-09-16,-0.0009397136920363731,0.005646512184574792
2024-09-17,0.003954196792748231,-0.0005809846389375206
2024-09-18,-0.0038936981828835973,-0.00251837486875095
2024-09-19,0.01455474026897942,0.02388817796241849
2024-09-20,-0.00917903643431128,-0.012898337740408494
2024-09-23,0.002326017798092335,-0.00028869488882510286
2024-09-24,0.008023086474508265,0.014824735213194051
2024-09-25,-0.0026474176752062026,-0.009296116840840751
2024-09-26,0.014038546056022713,0.03044810199069259
2024-09-27,0.004857467645424918,0.0
2024-09-30,-0.010849229935158678,-0.010592881192147852
2024-10-01,-0.0054931860796247015,-0.015589732040831472
2024-10-02,-0.0006813215058398756,-0.0022895838571281857
2024-10-03,-0.009153593046813506,-0.010518315862644956
2024-10-04,0.004790137011833644,0.007344325186811496
2024-10-07,0.0014897418772828088,-0.004220913784436231
2024-10-08,-0.002021780854793729,0.00019256589264404766
2024-10-09,0.0044445630540905865,0.004045460506291398
2024-10-10,-0.0032465523982444706,-0.00249415224968208
2024-10-11,0.005247042701952591,0.006347315355670791
2024-10-14,0.006342529997035566,0.005925090125822319
2024-10-15,0.0007912703254140048,-0.026030818884069773
2024-10-16,-0.0025110592449099586,-0.005267272248835497
2024-10-17,0.006832527245568098,0.0013730235182971562
2024-10-18,0.005712778939548608,0.013513435226665482
2024-10-21,-0.006609535095360237,-0.01275358011142358
2024-10-22,-0.005000164393263137,-0.003719074903277275
2024-10-23,-0.0050325242707695,-0.006286736523254843
2024-10-24,0.002471320117042709,0.007908253992042757
2024-10-25,0.002909620620490646,-0.003923218154479047
2024-10-28,0.0071458039189809175,0.010240341146907861
2024-10-29,-0.0018781370216698458,-0.0038985921660814604
2024-10-30,-0.010070993926194679,-0.009589161839026139
2024-10-31,-0.010932147648428016,-0.007113202609652203
2024-11-01,0.00845799045877914,0.0035821206194881494
2024-11-04,-0.0014487885761612076,-0.0017846283117959327
2024-11-05,0.0014546091037455368,0.009137784591600528
2024-11-06,-0.009968989894909632,-0.027952610776765807
2024-11-07,0.00370120152052198,0.01822583870918293
2024-11-08,-0.00817114610879051,-0.01829753624440056
2024-11-11,0.011893970482372517,-0.0036466293288942575
2024-11-12,-0.022662479662903065,-0.02074015750936231
2024-11-13,0.0006324554938927818,-0.005190952121152503
2024-11-14,0.013293689433692411,0.008557662513595465
2024-11-15,-0.0067412818818325705,-0.002897212815157091
2024-11-18,0.0011501659126365912,0.00332074458483933
2024-11-19,-0.007522630068535817,-0.005999020438214764
2024-11-20,-0.0027358637200330972,-0.004786762247050658
2024-11-21,0.003423830998332063,-0.0020911931776710357
2024-11-22,0.007038967762424567,-0.00041911508614278503
2024-11-25,0.00043832333606436954,0.005241093873599834
2024-11-26,-0.005014697203442576,-0.006673593462140359
2024-11-27,-0.003539259303984275,0.004618811619243823
2024-11-28,0.003088429604969282,0.0
2024-11-29,0.008289897889891958,0.015047070364949233
2024-12-02,0.007740185957167052,0.0028824626464203362
2024-12-03,0.005389307154816431,0.006774807506918279
2024-12-04,0.00672937040655678,0.007136971775339784
2024-12-05,0.008420889859682546,0.012755689136694448
2024-12-06,0.00303790986627914,0.0033984726309450597
2024-12-09,-0.0015387886614777577,-0.0003983320816532965
2024-12-10,-0.004904344928773209,-0.008770178265089412
2024-12-11,0.003686023944834804,0.003217401504155726
2024-12-12,-0.0005137946384464268,-0.006213683844129458
2024-12-13,0.0004948170792011338,0.006252535120593095
2024-12-16,-0.001411298430930103,-0.005211430869881739
2024-12-17,-0.0019557049606796885,0.00020137355199190132
2024-12-18,0.0013083789324177216,-0.025382657854732593
2024-12-19,-0.01436235288401679,-0.002480385018102771
2024-12-20,-0.003824542958817175,0.00041434371306547924
2024-12-23,-0.0023549674159310074,0.005756093639819548
2024-12-24,-3.7502174265671576e-07,0.0035124982232419555
2024-12-27,0.008949174979700738,0.0002058276834591144
2024-12-30,-0.0034475087729905767,-0.00823384075371647
2024-12-31,0.004190606316476249,-0.0006227261763992464
2025-01-02,0.002938817494956307,-0.01017647064586702
2025-01-03,-0.007927864151787044,0.005874864818472991
2025-01-06,0.011312752588324641,0.025657051890499938
2025-01-07,0.005795451226240717,0.0030507007809159603
2025-01-08,4.460951200180868e-06,-0.0044606251905520145
2025-01-09,0.0029360711190878396,0.0
2025-01-10,-0.007311258545694377,-0.008350325181009643
2025-01-13,-0.007271944233356009,-0.0039022991285224684
2025-01-14,0.006666041911745595,0.009484576994739813
2025-01-15,0.011684101766316433,0.010212458447752315
2025-01-16,0.0090202897702517,0.015365951674012335
2025-01-17,0.009102370905775618,0.00418154208239363
2025-01-20,0.002608365002861476,0.0
2025-01-21,0.0025366149024327283,0.02240739512248524
2025-01-22,0.007815368458007645,0.0021333413035002913
2025-01-23,0.005610840491825694,0.007741436183632544
2025-01-24,3.21306057316214e-05,0.0017283858900654092
2025-01-27,-0.001359677195110654,0.001533817815062788
2025-01-28,0.003185361445019657,-0.006125574272587864
2025-01-29,0.0033719847523743895,0.0023112480739599928
2025-01-30,0.00782175996741118,0.010568774350480759
2025-01-31,-0.0005473715284600273,-0.008937041756652442
2025-02-03,-0.010043828451404802,-0.018419033000767415
2025-02-04,0.009940856559274082,0.021501134370563557
2025-02-05,0.0014364008636001452,0.005931935707286229
2025-02-06,0.015130327227426367,0.00836979250093517
2025-02-07,-0.002735151499748959,-0.01056404432404523
2025-02-10,0.004154297978752139,0.008770294699380399
2025-02-11,0.005924396984914264,0.010394916940969168
2025-02-12,0.00340260000192598,0.012719864500675637
2025-02-13,0.018568652539802836,0.009604655521188388
2025-02-14,-0.00017288672419881753,0.006769136408825593
2025-02-17,0.006470192938002239,0.0
2025-02-18,0.001782035028445351,0.005451679123456454
2025-02-19,-0.014330459239271003,-0.016266145253460706
2025-02-20,-0.00019915068481106914,0.006797740023549714
2025-02-21,0.002637720335503262,-0.006386843379543983
2025-02-24,-0.007152964136580004,-0.002571202260330474
2025-02-25,0.0007624473339935389,0.010311176765491314
2025-02-26,0.007325415111062577,0.0029159832853258294
2025-02-27,-0.008360855894257516,-0.021442885456588345
2025-02-28,-2.1970392710893706e-05,0.0038998129155642935
2025-03-03,0.015034481331307529,0.019607806064685374
2025-03-04,-0.027970753177815284,0.002902757619738683
2025-03-05,0.021701065808292227,0.03201883109263726
2025-03-06,0.009227307078888592,-0.008764207288072923
2025-03-07,-0.012968768304185132,0.012378460284797166
2025-03-10,-0.012132562860097819,-0.027074284984450303
2025-03-11,-0.015705247847864062,0.0016158165103219435
2025-03-12,0.010220113199947495,0.00017912027003053055
2025-03-13,-0.006892923536967739,-0.011469464406538954
2025-03-14,0.009598554283892648,0.023930313067368925
2025-03-17,0.005113791983444926,0.011508655992417127
2025-03-18,0.009290277115837445,0.003850762896401738
2025-03-19,0.0006065093964945572,0.0017437134667077636
2025-03-20,-0.01209846464725278,-0.01549174878286641
2025-03-21,-0.0027594034001617233,-0.009724238833149768
2025-03-24,-0.001926744761693006,0.00010738693682132983
2025-03-25,0.011431100699021588,0.009665330509570635
2025-03-26,-0.00987728949201293,-0.019322788710063654
2025-03-27,-0.005865409990090585,-0.0007230947035756774
2025-03-28,-0.007058700933641135,-0.004884243825628243
