date,QQQ Buy-and-Hold,Equal-Weight Monthly,Inverse Volatility,Momentum Top-20%,Supervised + MVO
2009-04-01,0.0,0.04000000000000007,0.0399999999999999,0.0399999999999999,0.0399999999999999
2009-04-02,0.0,0.01839132578021405,0.018391325780214022,0.018391325780214022,0.018391325780214022
2009-04-03,0.0,2.6511737104273347e-08,0.032585109231350176,0.032585109231350176,0.032585109231350176
2009-04-06,0.0,2.3032358392044427e-08,0.02369858822336192,0.02369858822336192,0.02369858822336192
2009-04-07,0.0,2.568622119170083e-08,0.016407056277833433,0.016407056277833433,0.016407056277833433
2009-04-08,0.0,2.4332990882641736e-08,0.38253467119309614,0.019206562790228157,0.019206562790228157
2009-04-09,0.0,2.2520700464212506e-08,0.044402218028134655,0.01653358982581157,0.01653358982581157
2009-04-14,0.0,1.971132906550266e-08,0.059035195956670034,0.02408814466707325,0.02408814466707325
2009-04-15,0.0,2.159477576618718e-08,0.04319151307517572,0.025262717200547295,0.025262717200547295
2009-04-16,0.0,2.175260769080034e-08,0.07590820055405269,0.016552590012949037,0.016552590012949037
2009-04-17,0.0,2.119487121227115e-08,0.027728633766724818,0.013236287211005452,0.013236287211005452
2009-04-20,0.0,2.1405535448326685e-08,0.04941764126447976,0.018129707518942332,0.018129707518942332
2009-04-21,0.0,2.208512340715063e-08,0.06607133383260758,0.024468250894447784,0.024468250894447784
2009-04-22,0.0,8.381903172580141e-08,0.048054734644062395,0.01516292702559378,0.01516292702559378
2009-04-23,0.0,2.1900070586861053e-08,0.030168905948192444,0.018430497668466904,0.018430497668466904
2009-04-24,0.0,2.1803536923853395e-08,0.023095063446279873,0.01434218058792116,0.01434218058792116
2009-04-27,0.0,1.923129256883871e-08,0.04667075740887845,0.01552322367622607,0.01552322367622607
2009-04-28,0.0,9.49949025136343e-08,0.017618204583039702,0.01602305869789948,0.01602305869789948
2009-04-29,0.0,8.381903162865689e-08,0.026622206308864575,0.015878910494598334,0.015878910494598334
2009-04-30,0.0,2.338974297924623e-08,0.048087911135743094,0.019364552744232634,0.019364552744232634
2009-05-04,0.0,2.4552663551585807e-08,0.04103096426179244,1.6223860990809251,0.02749516751678484
2009-05-05,0.0,0.10080751266434312,0.03828390334334085,0.6789089771558531,0.019611523745206458
2009-05-06,0.0,2.3687079249434806e-08,0.04888755795602247,0.4479582262808511,0.016117612400427014
2009-05-07,0.0,2.1702885020374874e-08,0.04596011067801529,0.4575220446593531,0.013120580949692668
2009-05-08,0.0,1.9232257696122357e-08,0.02713169584274656,0.46279940483964976,0.017503065750022515
2009-05-11,0.0,2.1759915480590308e-08,0.038381317867714884,0.4545039431832497,0.019815610869335337
2009-05-12,0.0,8.754432206589668e-08,0.019755148189773405,0.23829999211350106,0.015596821774504593
2009-05-13,0.0,2.247605040278655e-08,0.06133035567140466,0.4598835009705533,0.01864536802377538
2009-05-14,0.0,2.1494088717211035e-08,0.029125621121582207,1.5659073128343182,0.02959171298751777
2009-05-15,0.0,2.38761257223552e-08,0.018791924727333993,0.8952869510120804,0.013328528057777077
2009-05-18,0.0,2.3401202045580938e-08,0.022311601586462778,0.46220419363869375,0.017433989223663845
2009-05-19,0.0,8.568167691666573e-08,0.04951312532201803,0.46067396159332336,0.018248073600383094
2009-05-20,0.0,2.224845776013784e-08,0.05537895154909224,0.6668946138336108,0.019353279861731378
2009-05-21,0.0,2.0505578374185873e-08,0.049170806361153285,0.23673080352343162,0.01284464040127943
2009-05-22,0.0,1.8982445396803493e-08,0.03568195896607337,0.4570037196105017,0.011909845326205589
2009-05-25,0.0,2.21287658717928e-08,0.04359265998629552,0.23124777324818277,0.04087498542881289
2009-05-26,0.0,2.164691883729808e-08,0.05482900735935517,0.22925050080276427,0.006104866298695603
2009-05-27,0.0,2.1776001671997003e-08,0.03626139702373911,0.23462257428360098,0.01012886719693799
2009-05-28,0.0,2.0685336984960223e-08,0.03327367839300102,0.45777832342652064,0.011957566511882886
2009-05-29,0.0,2.5309056760070003e-08,0.03502075497598298,0.01775033829740741,0.013045209371190584
2009-06-01,0.0,9.313225739562836e-08,0.04799691105108786,0.6767670238761241,0.7555954203464302
2009-06-02,0.0,0.07807506414088158,0.06960160032225515,0.6834745990361033,0.6914844334833732
2009-06-03,0.0,2.2907688652235025e-08,0.029183574194200354,0.4596836103266118,0.5459843878292479
2009-06-04,0.0,8.568167690972683e-08,0.029235958683722432,0.4549130078687188,0.6485759319141712
2009-06-05,0.0,1.8969207583180436e-08,0.02625607009484071,0.45286252310792474,0.5822187140964206
2009-06-08,0.0,2.2546402071721428e-08,0.03482662515280705,0.23566817290434455,0.6438282321980547
2009-06-09,0.0,2.2600906372099994e-08,0.020463173199954048,0.23390917711237738,0.803205166709353
2009-06-10,0.0,2.2716568359032463e-08,0.060921229026639157,0.45103407451811406,0.73999566566735
2009-06-11,0.0,2.425559933807997e-08,0.06966154848012164,0.6719475370342357,0.8159060644300989
2009-06-12,0.0,2.1979207499162046e-08,0.02179804875916598,0.01109916053158283,0.6946262919671301
2009-06-15,0.0,2.1972990912888513e-08,0.028699140924761765,0.23124834036022215,0.6528323407745681
2009-06-16,0.0,2.182428281496951e-08,0.06154271138787103,0.6701851403504884,0.6291249294186965
2009-06-17,0.0,2.00924490795229e-08,0.03240010207602448,0.6791151939600282,0.5979807404445996
2009-06-18,0.0,2.320255743093469e-08,0.0500139537000067,0.8904129382948667,0.5924822033008357
2009-06-19,0.0,2.3029050316009103e-08,0.06143130654662261,0.4505146387050934,0.689499314367253
2009-06-22,0.0,1.8313613563136766e-08,0.02760497021243325,0.45121941270251675,0.5730107361922887
2009-06-23,0.0,2.331473121855443e-08,0.04185152217362903,0.23829278697778744,0.5140597406429397
2009-06-24,0.0,9.126961226027519e-08,0.035178581945279036,0.8888888888888891,0.6072032704872621
2009-06-25,0.0,8.381903197213214e-08,0.059887900365901615,0.4615514808390785,0.4058683634004303
2009-06-26,0.0,2.2755518101769123e-08,0.023715113896964162,0.6724992038397736,0.4964761666155787
2009-06-29,0.0,8.754432192017991e-08,0.0219150075223672,0.44710745475711056,1.0867361012806969
2009-06-30,0.0,2.0610996274289528e-08,0.06105654473053533,0.4539575857111825,0.5015460884763825
2009-07-01,0.0,2.1143679886787003e-08,0.02377302138516229,0.4456018973954734,0.49757588307029826
2009-07-02,0.0,0.06809462063171227,0.049220070600920166,0.2266416097468248,0.5482513983506475
2009-07-03,0.0,1.857584310677174e-08,0.0371542522198845,0.44628458573942215,0.5764386573155287
2009-07-06,0.0,2.2906097615904564e-08,0.013888890781715155,0.011259117075520658,0.5698799649500355
2009-07-07,0.0,2.229069766962466e-08,0.019028735785834187,0.009209339221044291,0.3665075323754413
2009-07-08,0.0,2.211517457703649e-08,0.021500442011329477,0.2264475283993117,0.5362443492587784
2009-07-09,0.0,2.4390102722204876e-08,0.0212681853664864,0.22948768162247518,0.6902853471940283
2009-07-10,0.0,2.2550021617356864e-08,0.03318481031185013,0.2278349003524987,0.5702964359590695
2009-07-13,0.0,2.214557796517691e-08,0.01093586976491464,0.44668612128281027,0.5086383303560424
2009-07-14,0.0,2.2191981422642337e-08,0.04812726352449571,0.44888040538599083,0.4950221989537657
2009-07-15,0.0,2.432016708506235e-08,0.019207779486846165,0.4500973209601825,0.40169119220919713
2009-07-16,0.0,2.376438573356565e-08,0.05224777983628859,0.4460687544320972,0.6091084553796329
2009-07-17,0.0,2.1762524095303437e-08,0.024644828564130646,0.6745450912396243,0.4918639361150365
2009-07-20,0.0,2.1005055743372747e-08,0.021647443182985966,0.4484421399526519,0.6174881953514573
2009-07-21,0.0,2.0649601095018566e-08,0.036953834692641664,0.4445964003035208,0.5880405332822395
2009-07-22,0.0,2.150552744564771e-08,0.024999087792026354,0.22963931961793133,0.5514549438208133
2009-07-23,0.0,8.568167685768513e-08,0.034367518613628315,0.448087769749721,0.4711157247464502
2009-07-24,0.0,2.159990156874736e-08,0.032502985365868334,0.22406659092598707,0.5878962517654841
2009-07-27,0.0,2.1742222987286564e-08,0.030613517257877358,0.6682183569655032,0.6044006787360976
2009-07-28,0.0,9.685754782592926e-08,0.026084098239829743,0.6762594197944756,0.4581389242823926
2009-07-29,0.0,8.754432196528272e-08,0.032846174186276215,0.6710234018579954,0.6314883864137256
2009-07-30,0.0,2.1461130476907453e-08,0.03075356325966158,0.23238152572687798,0.6794171051510819
2009-07-31,0.0,8.94069671526776e-08,0.06787036090164639,0.23416288746991032,0.6137438061109728
2009-08-03,0.0,8.940696724635266e-08,0.04425025276722237,0.44828517907680504,0.6683783689951976
2009-08-04,0.0,0.0597130613955808,0.04261232185387627,0.24160793074921785,0.630976876680268
2009-08-05,0.0,2.806047484649188e-08,0.0424043493111735,0.013376553288630924,0.627746589440617
2009-08-06,0.0,8.940696719778041e-08,0.045515883281506436,0.45839320384022736,0.7026932605878181
2009-08-07,0.0,9.126961232619468e-08,0.017827850611413315,0.22990834159193563,0.6203744956517945
2009-08-10,0.0,2.4239763436045836e-08,0.05211514096463427,0.235978006119376,0.6952693028153532
2009-08-11,0.0,2.0358985802770846e-08,0.053957841392147585,0.22543936617705781,0.516021215959777
2009-08-12,0.0,2.3676631363822587e-08,0.03032499049125264,0.23569187471316871,0.7090778554377216
2009-08-13,0.0,8.754432209365226e-08,0.044885728433569236,0.22779819207802016,0.7533420621639348
2009-08-14,0.0,2.2493624064062745e-08,0.037951850543620276,0.2282983888012538,0.5336597676161826
2009-08-17,0.0,2.179791944341425e-08,0.03377669707805227,0.01651702061291535,0.46161221968437904
2009-08-18,0.0,2.269792873446641e-08,0.09543812679936985,0.009493423003694768,0.5767936261784534
2009-08-19,0.0,9.499490257261489e-08,0.026085840842837035,0.2295975939457034,0.4160460809773133
2009-08-20,0.0,2.345021140118253e-08,0.018383168425877647,0.4483519261133472,0.4702898255178199
2009-08-21,0.0,9.313225744246589e-08,0.04356550883639654,0.4499723889768735,0.41029853000586514
2009-08-24,0.0,2.4063909191684996e-08,0.04547062603397118,0.23478573116745052,0.6965505579719827
2009-08-25,0.0,2.547820356253727e-08,0.03198438214147383,0.45286946805139533,0.4535932645109555
2009-08-26,0.0,2.2219628852127027e-08,0.04776931277052203,0.23397672543807493,0.504080745225417
2009-08-27,0.0,2.5224572040502546e-08,0.027382271170494136,0.4595447451141114,0.43781022979202994
2009-08-28,0.0,2.299999963054078e-08,0.04699493050495997,0.23154849833582594,0.49427733177145095
2009-08-31,0.0,2.3005372880996466e-08,0.053585943116811745,0.23262690377859052,0.5078177384211234
2009-09-01,0.0,2.258840907203019e-08,0.03064431001792418,0.4459379830124047,0.6661908723744081
2009-09-02,0.0,0.056364550265052174,0.028220831138644712,0.44975156814030365,0.7229470743119051
2009-09-03,0.0,2.253589589593097e-08,0.030477778295422905,0.6760686357971173,0.6013821711794906
2009-09-04,0.0,2.2743137408076652e-08,0.021814544698279842,0.6727438322434443,0.7278924298014537
2009-09-07,0.0,2.4400901636051353e-08,0.03487420985548637,0.4521636441236912,0.5572523627640142
2009-09-08,0.0,2.3641597037687978e-08,0.03023253593531141,0.4498833430975883,0.5637388726531708
2009-09-09,0.0,8.568167673972393e-08,0.03368906753542936,0.22853910120595572,0.5385730947975017
2009-09-10,0.0,2.2397424831455126e-08,0.03181250380216628,0.6717375434695574,0.5919026441826547
2009-09-11,0.0,2.089640319460906e-08,0.03349994901528485,0.23095924675454876,0.5942627091195316
2009-09-14,0.0,2.3360407164219055e-08,0.03110530460625201,0.45553504971888903,0.5464109904970122
2009-09-15,0.0,2.25165443130948e-08,0.04590203851809412,0.01450587693472194,0.7956294460960401
2009-09-16,0.0,9.126961204516948e-08,0.017777810610383058,0.23321059548042875,0.7064947375664072
2009-09-17,0.0,2.3137814351981145e-08,0.04051929003822222,0.23372575481979663,0.7559494427942097
2009-09-18,0.0,2.3357475321950094e-08,0.03272171772044962,0.45025996259519885,0.7735305185486752
2009-09-21,0.0,2.0086618715553506e-08,0.06155943408903098,0.6709960215956174,0.8216754277961984
2009-09-22,0.0,8.754432210753005e-08,0.05392589287097441,0.6678999266449237,0.7031237240593512
2009-09-23,0.0,2.0416533175887652e-08,0.04665837147686908,0.4512674838342139,0.5788182781384451
2009-09-24,0.0,1.9460078593686037e-08,0.03793823915147337,0.23011240498370644,0.7628516478749016
2009-09-25,0.0,9.313225746154785e-08,0.03580193315769803,0.45211832384623224,0.6544983597913199
2009-09-28,0.0,2.3005217657939836e-08,0.030689423741862197,0.450459188429871,0.6867612823009166
2009-09-29,0.0,2.1253850610025715e-08,0.06865470055148068,0.6700914468405235,0.6962103941275043
2009-09-30,0.0,2.4425217022561174e-08,0.047483634803823074,0.6666666666666669,0.5807046896936823
2009-10-01,0.0,2.0814309015931842e-08,0.026397472849972223,0.23585142476558252,0.591859518638102
2009-10-02,0.0,0.06448624892575969,0.06724098608313082,0.4444444444444444,0.655771865745392
2009-10-05,0.0,9.313225732276997e-08,0.038377875456869326,0.8923855134265781,0.8596584677608853
2009-10-06,0.0,2.4503200992537222e-08,0.04033233585448388,0.4488968418993592,0.524019402540133
2009-10-07,0.0,2.3021149393037676e-08,0.06227996177416677,0.671132294843046,0.6173579176965907
2009-10-08,0.0,2.534660926631349e-08,0.025319247682632766,0.4499320551459267,0.5679336646282819
2009-10-09,0.0,2.3448323407948557e-08,0.03632518496888603,0.6721954864432147,0.6671051089360244
2009-10-12,0.0,2.1459363220427408e-08,0.014247664706013203,0.22331495749476737,0.5893053763686578
2009-10-13,0.0,8.754432209365226e-08,0.031325309772552344,0.23325670197276308,0.49119122640101
2009-10-14,0.0,2.0209347636329644e-08,0.01615272798967156,0.22941430449609576,0.48854006688677315
2009-10-15,0.0,2.1587462494671028e-08,0.053124682551618556,0.22566131385361443,0.5590201488610802
2009-10-16,0.0,2.5000041273259832e-08,0.020876391122929668,0.22748888390164362,0.46833006035460345
2009-10-19,0.0,2.5333991866133276e-08,0.029683284100956095,0.673096875948459,0.8299683153558308
2009-10-20,0.0,2.0359841507167076e-08,0.045697220816086744,0.6707006261987363,0.6066233698304803
2009-10-21,0.0,2.1639529248357325e-08,0.020175100274594796,0.6695191900251511,0.6422590000933671
2009-10-22,0.0,2.0553463445094344e-08,0.020806018810683977,0.6707231028692157,0.6367999897074875
2009-10-23,0.0,2.169119150269294e-08,0.024419896776644114,0.008924209660114882,0.627046950886421
2009-10-26,0.0,2.173774994382316e-08,0.0109854009135338,0.22805284525938369,0.5743199008065143
2009-10-27,0.0,1.978477645603327e-08,0.06378629154521731,0.669136591131063,0.7967392554754327
2009-10-28,0.0,2.3659379642937406e-08,0.02171039775384671,0.4494843596885553,0.7586887512644636
2009-10-29,0.0,2.3334438685115866e-08,0.04170213698715608,0.667772396121838,0.5791174862222858
2009-10-30,0.0,2.3459260173330776e-08,0.05111611623066768,0.667563478799855,0.7110070195771806
2009-11-02,0.0,1.975508226795264e-08,0.05266908536972684,0.4463041543599003,0.671033599407996
2009-11-03,0.0,0.04604898092184212,0.03752167537359701,0.4496397671121648,0.6722422055782808
2009-11-04,0.0,2.4388544420106406e-08,0.04525024322977253,0.4457376907653234,0.6060918094315111
2009-11-05,0.0,2.0164823092555517e-08,0.04317178993341427,0.22524190420637008,0.4828432837288002
2009-11-06,0.0,2.2439159346604454e-08,0.03792376536780294,0.4505867703856016,0.5126388535859346
2009-11-09,0.0,2.0502241199898963e-08,0.015416115809458668,0.23031312014135707,0.7676655754845692
2009-11-10,0.0,2.489999896201911e-08,0.04455284085518011,0.891058027630329,0.7504613963686573
2009-11-11,0.0,2.393721203544641e-08,0.02017243370800568,0.22331994062243843,0.5810743391823283
2009-11-12,0.0,2.403860091190757e-08,0.04729557648693446,0.44705345617021436,0.6675538455215312
2009-11-13,0.0,2.0346308433200067e-08,0.03295366334140591,0.22788888360572018,0.7613252537790843
2009-11-16,0.0,1.9139347495755743e-08,0.03217896801650253,0.44654611829342455,0.808750219650824
2009-11-17,0.0,2.438551854194726e-08,0.033825689823921534,0.22647111336168613,0.3980092573130602
2009-11-18,0.0,2.2364617126985342e-08,0.013605839741730661,0.44612906186251045,0.5739510590361362
2009-11-19,0.0,2.1749576337853904e-08,0.024746815591919616,0.893775716461841,0.5436856323939444
2009-11-20,0.0,2.425352655516244e-08,0.0315678685507723,0.4489077704493303,0.580324129227914
2009-11-23,0.0,2.400060726895359e-08,0.014179966346570263,0.6684336652329773,0.7053274254871132
2009-11-24,0.0,2.1226618698855226e-08,0.03675364741939332,0.8892807168965722,0.6590009022795154
2009-11-25,0.0,2.1747646919423325e-08,0.015020393085501776,0.6739515636682123,0.5181012286685798
2009-11-26,0.0,2.4875889452491418e-08,0.058642231155392924,0.4492368986601424,0.7837486856389865
2009-11-27,0.0,2.138583266898808e-08,0.03933853166978791,0.6696014917321784,0.8359595062024875
2009-11-30,0.0,2.207391181299756e-08,0.0520113020977427,0.6713763814137508,0.7285827203193315
2009-12-01,0.0,2.049933924518077e-08,0.019267122306534244,0.44630770584131074,0.27122210912902467
2009-12-02,0.0,0.036620789943880475,0.05307538710731346,0.2288014284439864,0.5272892596740396
2009-12-03,0.0,1.8507611349721786e-08,0.03232276212262483,0.45036991300074974,0.4152875049954836
2009-12-04,0.0,2.3126398792511216e-08,0.01884666987776354,0.222505186423635,0.5583146903383811
2009-12-07,0.0,2.1222900981748838e-08,0.02191617819086343,0.44886757807178274,0.48921176668026056
2009-12-08,0.0,2.044855058544459e-08,0.024533389834654248,0.2274850910518049,0.34670676759504904
2009-12-09,0.0,2.0438797678629106e-08,0.02490015388209904,0.009017278538681797,0.45437720517844404
2009-12-10,0.0,2.1690752180503203e-08,0.027365248549227037,0.22687844188055423,0.49761079118063556
2009-12-11,0.0,2.076844154291768e-08,0.023634116920930395,0.006713361372823107,0.41176597332966297
2009-12-14,0.0,2.1291550370006185e-08,0.016345156908611394,0.22780989188680542,0.7208603821789124
2009-12-15,0.0,2.338151556396939e-08,0.024431237197199147,0.22683066048412903,0.6032530300479277
2009-12-16,0.0,2.1657748726366943e-08,0.010904168096081811,0.22771778050337593,0.6544810103919693
2009-12-17,0.0,2.392128049116815e-08,0.028253477871112705,0.6719026486858493,0.5249890618941587
2009-12-18,0.0,2.0836333266410767e-08,0.028938128434758858,0.22559515022014293,0.3517762075402794
2009-12-21,0.0,1.9776872847709903e-08,0.02036996359239483,0.6681761235584213,0.33962736308133357
2009-12-22,0.0,2.368065298713473e-08,0.039774041868521515,0.4487969443836033,0.3952799662393423
2009-12-23,0.0,2.193822679075197e-08,0.019085699707270816,0.22489738877336035,0.4097639765799232
2009-12-24,0.0,2.4043861658606946e-08,0.015598999070088474,0.4478225769141141,0.42554356727876563
2009-12-28,0.0,9.313225750318121e-08,0.07221848671361158,0.9981598574705965,0.76203930260682
2009-12-29,0.0,2.0742931899908612e-08,1.1075254924024565,1.3333333333333333,1.19638940887921
2009-12-30,0.0,2.0917292856137415e-08,0.029979335104286277,0.6705046426686616,0.40934980238470864
2009-12-31,0.0,1.7963615296656688e-08,0.06327422056171905,0.6674862215656056,0.6167615642538948
2010-01-04,0.0,8.940696722553598e-08,0.034379665967431285,0.8013730976052513,0.5290669789622363
2010-01-05,0.0,1.0416666666666665,1.1165456885780127,1.1111111111111112,1.0500849926382008
2010-01-06,0.0,2.213555595764749e-08,0.03851292877332338,0.6696584137983237,0.5023738354779221
2010-01-07,0.0,8.75443219860994e-08,0.019405960312719638,0.4444444444444444,0.37414841470003585
2010-01-08,0.0,2.097125482644624e-08,0.07535240677225687,0.6693381415789814,0.3070804405933961
2010-01-11,0.0,2.3249263202129722e-08,0.0532113342261449,0.6682493255605979,0.4377546123905439
2010-01-12,0.0,2.2225665505942738e-08,0.03156591553595506,0.23180381044624332,0.46591476464529225
2010-01-13,0.0,8.940696713533036e-08,0.04700532921364893,0.8926366934573257,0.6797741863430037
2010-01-14,0.0,2.44983008948485e-08,0.031091225565533065,0.6687423843558887,0.553098169102197
2010-01-15,0.0,8.75443219409966e-08,0.02272907949571558,0.4486663792546788,0.5554997165713959
2010-01-18,0.0,2.2100018860077286e-08,0.04464392703685174,0.449607469990844,0.4587671418262414
2010-01-19,0.0,2.3077080163469432e-08,0.04829262551822116,0.22796992129535965,0.4685180612088947
2010-01-20,0.0,2.3340592427562035e-08,0.047408230059777894,0.673368590459271,0.5308078959919281
2010-01-21,0.0,2.328644825577708e-08,0.07960721959437245,0.8926248807812731,0.478969180661032
2010-01-22,0.0,2.11232069370626e-08,0.04275376936490896,0.8897844901999162,0.5204558061534781
2010-01-25,0.0,8.9406967093697e-08,0.021515896571585504,0.6670921840262098,0.5871506878428459
2010-01-26,0.0,2.4760192084138932e-08,0.023689047739078962,0.22846909333509036,0.6542119423129608
2010-01-27,0.0,2.429054886399218e-08,0.037144930037090046,0.23193901715575838,0.4758445451768573
2010-01-28,0.0,2.3049814317638306e-08,0.027976983637522223,0.22683843692418781,0.45387601830197205
2010-01-29,0.0,2.1758269786592566e-08,0.052714335847956345,0.4592136841327669,0.601381835812204
2010-02-01,0.0,2.1003010681336365e-08,0.042285177283175115,0.4539621311486994,0.4699560205792126
2010-02-02,0.0,0.06499507136666138,0.04780551177433587,0.23089219809769518,0.4164083491823849
2010-02-03,0.0,2.2950495351392597e-08,0.033340834500551836,0.0122172378980233,0.4491688520911206
2010-02-04,0.0,2.2807833333776673e-08,0.01919591055321761,0.00892779316801065,0.6693704588256043
2010-02-05,0.0,2.332489287826256e-08,0.04682579700793668,0.010043233374625801,0.8080925375289163
2010-02-08,0.0,1.9561740553786233e-08,0.04020752365266353,0.22794530133483648,0.5853534004793763
2010-02-09,0.0,1.8419515742523762e-08,0.034218147508238914,0.2264213318168522,0.32809074253926085
2010-02-10,0.0,2.473463710586654e-08,0.02237946098029444,0.22986871460987043,0.7849416307896142
2010-02-11,0.0,2.2384761415999987e-08,0.03551289182081288,0.0088846548581369,0.2782676315511255
2010-02-12,0.0,1.8167803206292632e-08,0.015347957508214641,0.006052928115475878,0.4497993210136756
2010-02-15,0.0,1.8862877836089975e-08,0.0224418187451118,0.4486639460193854,0.20928196635153754
2010-02-16,0.0,2.3270445365791703e-08,0.024560261500721308,0.006213413904314777,0.5070996145807836
2010-02-17,0.0,2.4113067351866357e-08,0.04150760958192805,0.22328399677556543,0.4748150381374498
2010-02-18,0.0,2.0757200781124086e-08,0.03768323374223985,0.2282455137321766,0.42592673845946843
2010-02-19,0.0,8.568167676401006e-08,0.02593692614777754,0.4480233528245661,0.3103096326784031
2010-02-22,0.0,2.4274442810001684e-08,0.02227895682686861,0.22581461331667874,0.2808767170251643
2010-02-23,0.0,2.093194270691434e-08,0.01726061595017363,0.2304669163029816,0.24420228767084837
2010-02-24,0.0,2.3378826732173286e-08,0.022919052636983905,0.4520691268463717,0.3448088581514983
2010-02-25,0.0,2.0012650096129514e-08,0.01646488926536,0.2231728585629688,0.3970657907478053
2010-02-26,0.0,2.133058018410905e-08,0.04483712150103139,0.6682712195398237,0.42203997830329293
2010-03-01,0.0,2.1383718386280837e-08,0.04668927978274976,0.23333691285251296,0.3963665261958147
2010-03-02,0.0,0.03594763378684972,0.035696793989171284,0.22619038300892416,0.2602356690065171
2010-03-03,0.0,2.2381654318087696e-08,0.017360887359334547,0.22492349095457198,0.375361342540328
2010-03-04,0.0,2.0380461616953394e-08,0.02643760967550793,0.6678886231731547,0.47283702785180226
2010-03-05,0.0,8.754432203814111e-08,0.06516243453950957,0.44818846456740347,0.27970743432628437
2010-03-08,0.0,9.126961221864183e-08,0.07130841940750655,0.8909262835729889,0.44832914864584394
2010-03-09,0.0,1.899925572076966e-08,0.029727231431441112,0.2298940634909091,0.5336977854756393
2010-03-10,0.0,2.2553135796410384e-08,0.01984989221758641,0.22566588080413263,0.4788050347067639
2010-03-11,0.0,2.13934795156856e-08,0.02983052707827486,0.4506053509386798,0.36021302927682713
2010-03-12,0.0,8.195638664942884e-08,0.03166092210062245,0.2256042093571237,0.27924835770364753
2010-03-15,0.0,8.568167672931559e-08,0.01707405524874483,0.6693291419370107,0.4781972277394876
2010-03-16,0.0,1.977191702376424e-08,0.01602958630608851,0.4471589803559147,0.5080352446488713
2010-03-17,0.0,2.0862500022672537e-08,0.032931926134694825,0.22837265136060136,0.3583620653965551
2010-03-18,0.0,2.3760574938136436e-08,0.03411414977574884,0.448059779912729,0.6250332634501229
2010-03-19,0.0,8.940696718043317e-08,0.030487789251577163,0.6704172998595963,0.5745612226941079
2010-03-22,0.0,1.8878993732901472e-08,0.017982311647849643,0.44740923498931234,0.5548089211336685
2010-03-23,0.0,8.381903177090422e-08,0.018775299704534308,0.44659415880315345,0.4771125035379536
2010-03-24,0.0,8.568167684380734e-08,0.04640043606918907,0.22519290867433178,0.557463353814531
2010-03-25,0.0,2.276366897410731e-08,0.02738977073067497,0.22821865843059091,0.25924501847326237
2010-03-26,0.0,2.2592589327130597e-08,0.07351576966810147,0.4489762907221615,0.4203120025902813
2010-03-29,0.0,9.685754774960142e-08,0.05585326804409939,0.23159419510520832,0.4274436514897397
2010-03-30,0.0,8.568167685074624e-08,0.04305776690429042,0.22767580798023956,0.5684999587643171
2010-03-31,0.0,2.3082819700787072e-08,0.03041409486495618,0.4504433194226008,0.5304953612967817
2010-04-01,0.0,8.940696703818585e-08,0.02411018912352294,0.45061646936169086,0.4569525720192597
2010-04-06,0.0,0.042818850611534565,0.043406802987273514,0.4464285859551368,0.2430238675522646
2010-04-07,0.0,2.090814867419799e-08,0.06083131936967549,0.2301470265521855,0.5067769018134732
2010-04-08,0.0,9.126961228109187e-08,0.029978816063578526,0.2273433973644093,0.38888591793860505
2010-04-09,0.0,8.754432209712171e-08,0.03708611067106529,0.45008052354672057,0.5498880219295514
2010-04-12,0.0,9.126961250660592e-08,0.09107755981357434,0.226391432715291,0.43392580806506453
2010-04-13,0.0,8.195638648289538e-08,0.022192123885627846,0.6693450254385009,0.5592660397401179
2010-04-14,0.0,2.0703909156538636e-08,0.02652870954723959,0.44974931055679457,0.4458150282733817
2010-04-15,0.0,8.754432203467166e-08,0.030023462693794058,0.4477993186405598,0.09793079853890849
2010-04-16,0.0,2.2953860874530552e-08,0.03665458422907231,0.22762017843684706,0.10690463677114333
2010-04-19,0.0,8.940696717349428e-08,0.06090962261104082,0.667959597301683,0.5123635861317662
2010-04-20,0.0,2.3250694133891692e-08,0.020138339549515778,0.44899306223023894,0.338392421549805
2010-04-21,0.0,2.3644402456779456e-08,0.061637227884499726,0.4521337775637694,0.3246274035124297
2010-04-22,0.0,8.381903160784021e-08,0.017645014817815684,0.22783386882416118,0.4002147586546091
2010-04-23,0.0,2.3476572835051668e-08,0.03420963806200098,0.45050316450948014,0.7339008487660081
2010-04-26,0.0,2.0809081402450857e-08,0.05257702107882463,0.45020256115914636,0.23218948286337857
2010-04-27,0.0,2.1448762221182305e-08,0.04011452786520271,0.22718406662942883,0.4744325393618601
2010-04-28,0.0,2.196731531400875e-08,0.07206368179458786,0.008869282291921174,0.4798937190231659
2010-04-29,0.0,2.1025368630162022e-08,0.03571547100657152,0.007945068671062178,0.4588286098214591
2010-04-30,0.0,2.2924134989582567e-08,0.04741199597984562,0.22800089582769836,0.41485971113243875
2010-05-03,0.0,8.381903182641537e-08,0.013774323567810878,0.23126234994640033,0.30801430691898013
2010-05-04,0.0,0.04588605905075137,0.025826235282265575,0.22797797792565744,0.4661732765915209
2010-05-05,0.0,2.099412301642678e-08,0.04648762701128425,0.44964782474835213,0.4778546790783163
2010-05-06,0.0,2.2328529605125658e-08,0.011252651057370788,0.22389125809259133,0.21768751096877115
2010-05-07,0.0,2.1904834945907226e-08,0.04547571366934707,0.45309540355642364,0.9004083883397485
2010-05-10,0.0,2.2358518651094395e-08,0.05071392033369916,0.6707348493418139,0.33053243127566667
2010-05-11,0.0,1.8313872217345928e-08,0.18884425126308219,0.6752992966607968,0.7058319680684225
2010-05-12,0.0,1.925235857541674e-08,0.00962879026245808,0.23140244123753229,0.7085519262462873
2010-05-13,0.0,8.940696720818875e-08,0.03495103726211301,0.6694483975013642,0.657509497060684
2010-05-14,0.0,2.157940367369937e-08,0.015018848023100904,0.45174428768546115,0.544836904646548
2010-05-17,0.0,2.2235835669265347e-08,0.04295584257759579,0.22849401360892774,0.7341430134776772
2010-05-18,0.0,2.0561264333501805e-08,0.008849651425460247,0.22899147512504622,0.7648277784568959
2010-05-19,0.0,8.381903164253468e-08,0.022024461719063946,0.22584230548371478,0.23636756803671322
2010-05-20,0.0,2.461074351603476e-08,0.010451643568960462,0.44856936402098513,0.33235844678407556
2010-05-21,0.0,2.2002020771266784e-08,0.026123932278542063,0.45121866861609683,0.3478602535489625
2010-05-24,0.0,2.275178444255399e-08,0.021531186755713687,0.4472771601627082,0.6774651604026241
2010-05-25,0.0,2.0798323778492556e-08,0.011355132713729702,0.22669037667625738,0.4595934643043068
2010-05-26,0.0,2.2086101721802143e-08,0.024127644275855165,0.00786128293061747,0.5648903750188836
2010-05-27,0.0,2.1603448561308136e-08,0.03052880236092368,0.23124825611213914,0.5631769431917669
2010-05-28,0.0,1.943831837505905e-08,0.043958676785370174,0.2257344359542186,0.44387212333110954
2010-05-31,0.0,2.2728676146027693e-08,0.008174650603447351,0.006354495581339478,0.45812237052787524
2010-06-01,0.0,2.2280995728984898e-08,0.012530484040067513,0.005150244687107883,0.2580900467358847
2010-06-02,0.0,0.07813352975331969,0.025825359491809263,0.22718701722324133,0.39614446298084804
2010-06-03,0.0,8.56816769444213e-08,0.009499757549205078,0.22788092935295862,0.34957369961830426
2010-06-04,0.0,1.8933645689472867e-08,0.028659233006800417,0.6694786745844729,0.29136500306215013
2010-06-07,0.0,8.568167687850181e-08,0.041899812107509496,0.670209342439348,0.07816808452769149
2010-06-08,0.0,2.443331118678893e-08,0.12646329520755184,0.6691401002935747,0.11360381252043295
2010-06-09,0.0,2.2998893414727384e-08,0.012293761523812471,0.4470971391035866,0.580999414561807
2010-06-10,0.0,2.029263163061401e-08,0.03579096172412412,0.22870180914883964,0.5720740937272588
2010-06-11,0.0,8.754432195487438e-08,0.03436804501979392,0.008017253450565448,0.17830083988271908
2010-06-14,0.0,2.3368233514897696e-08,0.046827272950326335,0.6722376435580306,0.06609815050300728
2010-06-15,0.0,8.195638656616211e-08,0.02962560580881622,0.6694444156594812,0.18973853061282198
2010-06-16,0.0,8.754432206242724e-08,0.020642602611503188,0.8932918358376318,0.03671975923532641
2010-06-17,0.0,8.195638665636773e-08,0.036079605706171,0.668929926762692,0.11245284271311959
2010-06-18,0.0,2.0622456475133388e-08,0.03267503921884621,0.45012515631358274,0.0551372640793071
2010-06-21,0.0,2.1085181826224764e-08,0.026109661326305166,0.45096169889171317,0.07237510082695672
2010-06-22,0.0,2.318564193762307e-08,0.01856746984421054,0.4506855857397134,0.04568373023780548
2010-06-23,0.0,2.2141209428394593e-08,0.048912580268899136,0.44973453132485636,0.11172363686764039
2010-06-24,0.0,9.126961237476694e-08,0.024823710552537757,0.6697567752758412,0.07770768529161656
2010-06-25,0.0,2.1468621817788414e-08,0.06899245278412741,0.6701057153318644,0.11826078859561592
2010-06-28,0.0,8.381903166335136e-08,0.01906639157782257,0.6687189109825511,0.09244818418472739
2010-06-29,0.0,2.284030172286511e-08,0.04511579417898536,0.448192007002314,0.0733722842554635
2010-06-30,0.0,1.9436059209981815e-08,0.05183717426927395,0.23551288346791874,0.07229149736545556
2010-07-01,0.0,8.381903171886251e-08,0.013658791740350064,0.671816511205422,0.11695296259765067
2010-07-02,0.0,0.06283068672591058,0.024299314214026514,0.22965951335866525,0.7071103168584283
2010-07-05,0.0,1.9477091453556916e-08,0.043082842559776964,0.22619382653642622,0.5418831729640851
2010-07-06,0.0,1.840550624410131e-08,0.01582247678548666,0.22819415541684385,0.37022348255138143
2010-07-07,0.0,8.381903168763749e-08,0.04131522508967757,0.45228307221874825,0.4687423978937401
2010-07-08,0.0,8.940696707288032e-08,0.04298701964265046,0.45094149732246264,0.40282276191060096
2010-07-09,0.0,2.439550673277724e-08,0.027799660997404642,0.4463013818125253,0.32127500444772106
2010-07-12,0.0,1.817759452682477e-08,0.01859791258975391,0.22904742588975702,0.3416066240222749
2010-07-13,0.0,8.94069670416553e-08,0.025489399525024683,0.4491189170063664,0.6469988558538148
2010-07-14,0.0,8.381903153498182e-08,0.021674660016982095,0.2260146182753533,0.27890146486947104
2010-07-15,0.0,2.145307178777478e-08,0.023314230187269393,0.44911194097871265,0.4424282268043516
2010-07-16,0.0,2.483097859620753e-08,0.011284533778184625,0.23117881673923796,0.6057964293731463
2010-07-19,0.0,8.19563865800399e-08,0.03418853913397768,0.44864261380872117,0.4776759122250023
2010-07-20,0.0,8.754432190977157e-08,0.021205428328003303,0.22575050848541509,0.29490598975854004
2010-07-21,0.0,2.078791101409183e-08,0.013352354244392567,0.671192728536526,0.39952363542039887
2010-07-22,0.0,2.3904631215460048e-08,0.018575202243143782,0.6701930634288605,0.5041015893809523
2010-07-23,0.0,2.182801385822164e-08,0.036687380726341874,0.8908548599064553,0.9056864293874355
2010-07-26,0.0,2.1445572904316146e-08,0.017483785442716566,0.8890832867407114,0.8262400972936553
2010-07-27,0.0,8.568167675707117e-08,0.020237262470821773,0.23023523937359985,0.6632279864150566
2010-07-28,0.0,2.362358407156928e-08,0.08449652291133428,0.4534293842437373,0.9074136739644888
2010-07-29,0.0,7.823109635443637e-08,0.015727184266250457,0.00941736356322452,0.45319879071828806
2010-07-30,0.0,9.87201929300574e-08,0.06991348723228549,0.2317642648694579,0.8680731660107704
2010-08-02,0.0,2.124148702764561e-08,0.025373338674046366,0.22788019911447605,0.12452086785799833
2010-08-03,0.0,0.0611981321199155,0.0452986927084595,0.22879892043243183,0.5764681769915276
2010-08-04,0.0,8.754432202426332e-08,0.032165393697175734,0.23218169452777818,0.28426306410558166
2010-08-05,0.0,8.195638645513981e-08,0.04057659612689913,0.44498112270709517,0.5321857125921312
2010-08-06,0.0,2.1281936907202592e-08,0.030195412938705743,0.22368444149670214,0.27400365042818947
2010-08-09,0.0,2.3781884180701374e-08,0.025556745475033293,0.4485612808642651,0.45838434559366203
2010-08-10,0.0,9.313225752746734e-08,0.02408307327338191,0.004401999862673325,0.2923091909678147
2010-08-11,0.0,8.754432203120222e-08,0.015241592131328616,0.22797703148098877,0.5819411941626367
2010-08-12,0.0,8.754432201038553e-08,0.028460485250586292,0.229826459124707,0.6513575730283059
2010-08-13,0.0,7.823109619831126e-08,0.029106605403618473,0.012227575997005052,0.31692660951619855
2010-08-16,0.0,2.2701876718767e-08,0.043395108729966866,0.00884859929256386,0.375311634040939
2010-08-17,0.0,2.365061595871465e-08,0.007742567910580343,0.005187141933547301,0.08475201262589939
2010-08-18,0.0,1.9812229509752477e-08,0.03369850171276023,0.008293627595506212,0.4669534929202754
2010-08-19,0.0,1.9857464787081947e-08,0.011693525200891914,0.0043497948930651675,0.33379545449067816
2010-08-20,0.0,2.3480727459612716e-08,0.02864363396221017,0.44908921628530013,1.0737061604518414
2010-08-23,0.0,2.338287038300413e-08,0.022872917111181643,0.4474044327210699,0.5155465774984854
2010-08-24,0.0,2.203159660957299e-08,0.018574174539217312,0.4488906041236697,0.4570437254025097
2010-08-25,0.0,8.568167686462402e-08,0.07144582494282031,0.6710339720920521,0.7016624504884565
2010-08-26,0.0,9.126961227762243e-08,0.017114272045157954,0.6672605372882965,0.1915990852643883
2010-08-27,0.0,2.1589901831597924e-08,0.04404856284942908,0.44798882609974955,0.6902519076258642
2010-08-30,0.0,2.288703141936632e-08,0.0370647519195883,0.6709146621450205,0.5568189355281985
2010-08-31,0.0,2.2008410750090635e-08,0.054018843381847745,0.22675741839957222,0.6943698829917443
2010-09-01,0.0,2.326053082438162e-08,0.015983798450406598,0.22766280926709778,0.6055339557075633
2010-09-02,0.0,0.04155033176734821,0.07567239943111773,0.22907787977616578,0.6563003041661064
2010-09-03,0.0,8.195638668759275e-08,0.026472649605106865,0.44895878496629005,0.7286892774601601
2010-09-06,0.0,8.940696740941667e-08,0.034278190086200346,0.44747840796857213,0.819402928948421
2010-09-07,0.0,2.2167235172454447e-08,0.026837716139955226,0.2255644367728688,0.7301205723491878
2010-09-08,0.0,8.568167681952121e-08,0.019307148203312783,0.6690965651608689,0.5292453654406065
2010-09-09,0.0,2.1043941995230186e-08,0.03725738002469215,0.6703085463411688,0.8242468482749059
2010-09-10,0.0,1.92958579149638e-08,0.0392926555071102,0.6684492455562773,0.6510779995731474
2010-09-13,0.0,2.0012214326653455e-08,0.0179747701232438,0.6691537258164734,0.6972568472570163
2010-09-14,0.0,8.568167702421858e-08,0.021237786133961233,0.6702175273797191,0.7596352825592013
2010-09-15,0.0,8.009374128509217e-08,0.03097529749447168,0.4514960434629593,0.7883068921320527
2010-09-16,0.0,8.754432198262996e-08,0.016203116559902184,0.2274603535686484,0.7010267400235222
2010-09-17,0.0,2.1261897645286076e-08,0.03360739527378399,0.01039619724665658,0.6302782718308771
2010-09-20,0.0,8.568167681605177e-08,0.039591231951110056,0.6675569076444381,0.7772193575828985
2010-09-21,0.0,2.364515276631618e-08,0.03352147430819859,0.22873857235453474,0.6308519419746005
2010-09-22,0.0,8.381903165641247e-08,0.042569670011744026,0.6671730508413968,0.5505522173416565
2010-09-23,0.0,2.238892261516301e-08,0.037221220153624196,0.44744790209340246,0.6562591563613047
2010-09-24,0.0,1.9804294242725673e-08,0.015805248590536836,0.6685493800381493,0.6803320962168471
2010-09-27,0.0,8.381903171192362e-08,0.05859231120943765,0.6714651455036938,0.4448973674738574
2010-09-28,0.0,2.2578450702831487e-08,0.012796882405178147,0.6691561350135617,0.39768748742426646
2010-09-29,0.0,1.7773930497538837e-08,0.012321708875110002,0.4472520796537068,0.3377645794123987
2010-09-30,0.0,2.2983393362097093e-08,0.06606000120636941,0.44589292796364516,0.4201245520534175
2010-10-01,0.0,2.29611721580536e-08,0.016474298986937183,0.008977056275493375,0.43257421951130487
2010-10-04,0.0,0.062415735121331105,0.0470496480689377,0.8952591175652409,0.683286657281625
2010-10-05,0.0,2.357322381393856e-08,0.029563468268973825,0.23108797675050408,0.7074585904851461
2010-10-06,0.0,2.1495784097158577e-08,0.04286379025820605,0.22671720279023855,0.8784106269151758
2010-10-07,0.0,8.568167675707117e-08,0.03573557884964715,0.01124317397107008,0.5359108790789749
2010-10-08,0.0,8.940696725329156e-08,0.02793819953715434,0.22816364016581242,0.6758377131981526
2010-10-11,0.0,8.754432196528272e-08,0.024142880950059568,0.23055448171780268,0.7041179114652362
2010-10-12,0.0,2.4149201575951462e-08,0.02050144061286814,0.2284164105727263,0.27192625440984075
2010-10-13,0.0,8.940696710063589e-08,0.028177444578256872,0.2299699548105617,0.6563983173521551
2010-10-14,0.0,2.0944051343924075e-08,0.042533665074145965,0.45089998089915473,0.6509647693197824
2010-10-15,0.0,1.9605500480024407e-08,0.015191814561334583,0.2272998622753648,0.28507422263692583
2010-10-18,0.0,8.568167691319628e-08,0.04251581915652347,0.22684901137724423,0.2523963342982472
2010-10-19,0.0,2.125575063183227e-08,0.03876508600482592,0.22605134542129046,0.5794121941496287
2010-10-20,0.0,2.2956058703255122e-08,0.017609816316245964,0.4479687429928649,0.56276272274662
2010-10-21,0.0,9.126961232272524e-08,0.0346760154955319,0.45156568708105843,0.6601565067111647
2010-10-22,0.0,8.38190316806986e-08,0.06105723115871463,0.6677728469733317,0.7667755372185481
2010-10-25,0.0,2.3804764073126483e-08,0.04049465070266814,0.44817432453294215,0.5850341132025159
2010-10-26,0.0,2.26832555863532e-08,0.01714339763068817,0.2264781747432686,0.6130330209802015
2010-10-27,0.0,2.335220983945563e-08,0.017456849159324543,0.4458401298223166,0.5861678962769182
2010-10-28,0.0,2.389597458449244e-08,0.029175422953786764,0.6669118519675504,0.5880672703396068
2010-10-29,0.0,2.0935846476582975e-08,0.045774360270927614,0.6680691360515989,0.8729666997501818
2010-11-01,0.0,8.195638644473147e-08,0.03218606227252313,0.44472211399096573,0.5076536307106467
2010-11-02,0.0,0.028715101490433707,0.029152700853459272,0.44695270391528974,0.667093049550538
2010-11-03,0.0,2.2896796198629277e-08,0.052284399893704266,0.2253736143965659,0.6826681197305785
2010-11-04,0.0,9.499490259343157e-08,0.03615713243014486,0.4472379179643445,0.7698912292577729
2010-11-05,0.0,1.8907933781175945e-08,0.06294216914084785,0.8888888888888888,0.7632138119338728
2010-11-08,0.0,2.0136602746356758e-08,0.023013820982935536,0.22784508828695416,0.6161228495415216
2010-11-09,0.0,2.2581953550149247e-08,0.012452400024055928,0.22759806449449665,0.4266712790048707
2010-11-10,0.0,1.8510600312965364e-08,0.0361917091062173,0.2316718750069045,0.3513116813450178
2010-11-11,0.0,2.2743137834818627e-08,0.0555092083824659,0.8907519167303732,0.4063961631068024
2010-11-12,0.0,8.940696704512474e-08,0.028435409898125635,0.6681753348452901,0.5255661993194193
2010-11-15,0.0,8.940696727757769e-08,0.044770430715369555,0.22977111581464899,0.5939400029502627
2010-11-16,0.0,1.943800997591949e-08,0.04087109265696443,0.22711717335406953,0.7003030988534056
2010-11-17,0.0,2.039727895267185e-08,0.04344625962049667,0.009703226551225172,0.7833385725320422
2010-11-18,0.0,2.5753690225532866e-08,0.023112845192692955,0.4500881883542226,0.5974008180338066
2010-11-19,0.0,2.1045850645551312e-08,0.07283407288563637,0.4518416299061683,0.7854694270841766
2010-11-22,0.0,1.993510472322879e-08,0.017404642952629987,0.22678468242381772,0.6368239495299968
2010-11-23,0.0,2.29012563565667e-08,0.014407903853865606,0.4498470166333029,0.41596545977431165
2010-11-24,0.0,2.0932314284682896e-08,0.048151981018161365,0.44837301167655175,0.5020687045697848
2010-11-25,0.0,2.20645167449407e-08,0.032045194565903615,0.012616994767445142,0.5747012821920822
2010-11-26,0.0,2.180169348525718e-08,0.05049844719776087,0.2266642979038826,0.48070920952605684
2010-11-29,0.0,7.823109617055568e-08,0.012151372329290071,0.00394200095888822,0.6483854020285841
2010-11-30,0.0,2.22811072196627e-08,0.028789969412286783,0.007473019560421998,0.6693314222809356
2010-12-01,0.0,2.2095927483534172e-08,0.025802027659113377,0.008256170191368137,0.4544516281945188
2010-12-02,0.0,0.06076107452404486,0.07072410072030512,0.010291041240880275,0.38503376719352117
2010-12-03,0.0,2.3179216542684733e-08,0.050588677849634736,0.011511534414237912,0.539789935962307
2010-12-06,0.0,2.3572918072395366e-08,0.017673798763120942,0.007884518283161362,0.5449706703413305
2010-12-07,0.0,2.1667895949706306e-08,0.010700972776604143,0.010974053393254926,0.5371349895011499
2010-12-08,0.0,8.381903182641537e-08,0.05479448855550215,0.006279623923541186,0.563171748274101
2010-12-09,0.0,8.195638655228432e-08,0.027529093870744734,0.2326317850248838,0.5452153789325105
2010-12-10,0.0,1.9390390484236297e-08,0.02820584409135494,0.22915852612963722,0.646309696988012
2010-12-13,0.0,2.0909220195541867e-08,0.012571942752112878,0.23294433822972427,0.5790962319251312
2010-12-14,0.0,8.754432205895779e-08,0.01672275286677221,0.22706784265470753,0.45188625325403997
2010-12-15,0.0,2.082881166501349e-08,0.03777031977323918,0.22871583953791835,0.45959677436379515
2010-12-16,0.0,8.568167691319628e-08,0.015562934918067218,0.012242417737990244,0.735605427646571
2010-12-17,0.0,8.754432200691609e-08,0.024246798765201756,0.44896698255945955,0.7300207373595292
2010-12-20,0.0,2.038041072016661e-08,0.021726999830409686,0.4531221193171506,0.5136982954827726
2010-12-21,0.0,1.9378642763384635e-08,0.021072883469208308,0.22656602553661132,0.7266248206350444
2010-12-22,0.0,1.9420705339029398e-08,0.04318107431951247,0.23003796514001376,0.652954852846444
2010-12-23,0.0,9.126961233313358e-08,0.022328873188418724,0.44871488256792547,0.7871464246547252
2010-12-24,0.0,8.754432200344664e-08,0.008450346670157807,0.0063509913833257325,0.2554161689622757
2010-12-27,0.0,1.7736125373923883e-08,0.009777238943200234,0.0,0.887772908172549
2010-12-28,0.0,1.1454914516928483e-08,1.8394422588502592,1.7777777777777777,1.65741490972325
2010-12-29,0.0,1.3604567583591631e-08,0.038966889494517,0.0025438376080744313,0.4235518561917829
2010-12-30,0.0,2.219342618015041e-08,0.08733056910778716,0.22635056822589508,0.568937234914344
2010-12-31,0.0,2.6257622631753463e-08,0.08481624352920865,0.22375392055923948,0.6251632824863568
2011-01-03,0.0,0.0,0.0,1.0,0.0
2011-01-04,0.0,1.0,1.9648684675301613,2.0,1.7904424678092512
2011-01-05,0.0,2.3089382853586082e-08,0.05179993057756442,0.6708471806483463,0.6226557839033098
2011-01-06,0.0,2.2940511192059976e-08,0.0525732101915961,0.4504296808125402,0.59106445918852
2011-01-07,0.0,2.1861066071965363e-08,0.09633427502666222,0.6666666666666667,0.4856509609680305
2011-01-10,0.0,8.195638652799819e-08,0.049311141178346486,0.4476548249416423,0.5356975224022044
2011-01-11,0.0,1.9866301739085435e-08,0.046016074438699886,0.22482472443916696,0.5456272966243133
2011-01-12,0.0,8.754432217691899e-08,0.06330236201825085,0.22759135329150157,0.8291074843202685
2011-01-13,0.0,8.19563865210593e-08,0.12863982890822487,0.8918008865280728,0.6222406875699794
2011-01-14,0.0,2.529667985848305e-08,0.0560747674640188,0.6701978010980568,0.5206893381291898
2011-01-17,0.0,8.754432212140784e-08,0.03615604528755964,0.8917923384846462,0.8376759820322938
2011-01-18,0.0,8.009374156958682e-08,0.02383150233254319,0.6677788700300243,0.8015040327197631
2011-01-19,0.0,2.3113567521743095e-08,0.0409354183984284,0.8888888888888888,0.6435493595253722
2011-01-20,0.0,2.1740769132888582e-08,0.026524005355176156,0.45332349766865476,0.9949814756592847
2011-01-21,0.0,1.0058283799602163e-07,0.03771932756480497,0.44867298057731714,0.4165862752165959
2011-01-24,0.0,1.8670858369790322e-08,0.05417043647220723,0.22827258451772636,0.818811456960091
2011-01-25,0.0,8.568167691319628e-08,0.037402339578655824,0.23092773146743534,0.7767121665315626
2011-01-26,0.0,1.7954431389549663e-08,0.017036019869423866,0.008637861591093116,0.5019173490548172
2011-01-27,0.0,8.195638655922322e-08,0.025070072872053775,0.23264425727716903,0.43165610417747957
2011-01-28,0.0,2.2454200776511613e-08,0.03216857798602123,0.23010481869711327,0.910142760624401
2011-01-31,0.0,1.6904443934928626e-08,0.03086971771712969,0.22983331687755332,0.5725837964160803
2011-02-01,0.0,1.0058283806541057e-07,0.023889426567996353,0.22931019999074628,0.8888165675419137
2011-02-02,0.0,0.08986116813047036,0.05630217763018562,0.4498004485008761,0.6411462106242768
2011-02-03,0.0,8.754432207630503e-08,0.023151070645765222,0.23100463584809214,0.5810945575238143
2011-02-04,0.0,2.0045156198106318e-08,0.0209782351909933,0.008546935556572793,0.7764279374665646
2011-02-07,0.0,8.754432214916341e-08,0.025195919954027587,0.009352713647971383,0.8096659862509854
2011-02-08,0.0,8.568167701727969e-08,0.04898421669286284,0.4471950179777918,0.8239372533837389
2011-02-09,0.0,8.195638652452875e-08,0.031268764894863396,0.23264316524319717,0.5360127497584828
2011-02-10,0.0,2.238800232701177e-08,0.08031155993109684,0.44794995738700544,0.6275297789151284
2011-02-11,0.0,9.126961227762243e-08,0.04887173665613423,0.4461377599217145,0.8611397354143562
2011-02-14,0.0,2.3714502833671602e-08,0.026008897048150133,0.4487672765922145,0.7764466206319317
2011-02-15,0.0,2.1860416525576465e-08,0.019413485513789974,0.22907748068451494,0.9574504506811541
2011-02-16,0.0,2.1110857548189976e-08,0.0551694383475979,0.23203389729169255,0.827731425595956
2011-02-17,0.0,8.568167672584615e-08,0.062149290789729444,0.6742230763155226,0.7444757770921037
2011-02-18,0.0,8.195638662514271e-08,0.0529131088653543,1.1138660707903993,0.5583337914355673
2011-02-21,0.0,2.184386341252953e-08,0.04907308481662988,0.4489171999917572,0.9399815170137324
2011-02-22,0.0,2.3248260788699682e-08,0.07272623399613837,0.2255075285698807,0.8105530512989239
2011-02-23,0.0,8.381903160090132e-08,0.0349541773995944,0.4502078849133815,0.5797908687669431
2011-02-24,0.0,2.1407807773016208e-08,0.026640710787563526,0.4459054082029289,0.884851342135009
2011-02-25,0.0,9.313225744073117e-08,0.052369715017097584,0.45444307461307554,0.894637578805519
2011-02-28,0.0,2.431915060302492e-08,0.05364215785878082,0.449180043851054,0.7787510403007549
2011-03-01,0.0,2.029160685312892e-08,0.036080341715917376,0.4472502580266273,0.8677927218467545
2011-03-02,0.0,0.033872869642759124,0.053328283686231576,0.6699167530556895,0.8696210654446158
2011-03-03,0.0,2.4772719771359863e-08,0.030674482499897408,0.6722618786001722,0.601587334431277
2011-03-04,0.0,2.1121769694376624e-08,0.02738832924984203,0.452566649651722,0.2505692543834705
2011-03-07,0.0,8.754432195487438e-08,0.024139685884526398,0.4473172102349682,0.14485726064782328
2011-03-08,0.0,2.2043421293166388e-08,0.027395120428093618,0.2271968322483453,0.17418754348921922
2011-03-09,0.0,1.7753965048106224e-08,0.06085404746559643,0.2343625417069461,0.13777302971176533
2011-03-10,0.0,8.568167686115458e-08,0.016363393106485564,0.446820986143732,0.12924848204601483
2011-03-11,0.0,2.0207664569449335e-08,0.030761560815385197,0.6714550801334072,0.21286314126234496
2011-03-14,0.0,2.228338492893389e-08,0.04902305067835157,0.44571941198058607,0.7133220541053947
2011-03-15,0.0,2.7116467158500024e-08,0.05592245868678197,0.6740600647223005,0.5327108182265061
2011-03-16,0.0,8.195638654187598e-08,0.0523738272076911,0.6730025611118382,0.7071850928136497
2011-03-17,0.0,8.568167679870453e-08,0.04957962891575743,0.4466481937464973,0.6363736300865451
2011-03-18,0.0,2.4487138733375602e-08,0.06689497392297189,0.448486951549116,0.5680804944919589
2011-03-21,0.0,8.9406967256761e-08,0.028197814173968886,0.45093325807993134,0.2972383350098261
2011-03-22,0.0,2.085554496461528e-08,0.07681883628615253,0.4567707528273178,0.3090710996236812
2011-03-23,0.0,2.4272430454441718e-08,0.0143577665994854,0.22772244495978242,0.1162212296098242
2011-03-24,0.0,2.1716066778143528e-08,0.017533471016184955,0.44645340313952736,0.1182473212101344
2011-03-25,0.0,2.078091470084087e-08,0.03424271064310164,0.6701069635398771,0.5576889708993285
2011-03-28,0.0,2.212841873627802e-08,0.03051492655084512,0.6693173423850697,0.64713183238643
2011-03-29,0.0,2.2281036359678152e-08,0.019969044987331253,0.6707364189766183,0.6281884292506378
2011-03-30,0.0,1.9564864815052596e-08,0.018190004137714277,0.44774817494313707,0.5860572849074137
2011-03-31,0.0,2.0041260363062863e-08,0.029448992170601908,0.8952180829388487,0.8449692533006882
2011-04-01,0.0,2.287968362338355e-08,0.016910014660785976,1.114461875142995,0.5893864923974053
2011-04-04,0.0,0.03249520538652395,0.036612910619588906,0.6737231667560737,0.5595092593168872
2011-04-05,0.0,1.9770875218233508e-08,0.011624365710781577,0.4480645374490424,0.6682844792994193
2011-04-06,0.0,2.392421592084526e-08,0.01961674167232592,0.4463340936196377,0.7050415700173897
2011-04-07,0.0,2.035632796701381e-08,0.022865992610818696,0.4486283053745919,0.6545951954375229
2011-04-08,0.0,8.195638656963156e-08,0.015908967695919693,0.22378037185694097,0.5531977714372204
2011-04-11,0.0,8.195638657657045e-08,0.020041587085570228,0.4481750342903581,0.40722111233567215
2011-04-12,0.0,2.7555939585699463e-08,0.04932449554199664,0.4502670604823341,0.52038915688463
2011-04-13,0.0,2.0931849135930047e-08,0.06591514729094311,0.22670862583536927,0.6034486801313605
2011-04-14,0.0,8.754432184385208e-08,0.044427163034952796,0.22534952964283939,0.5910916494350382
2011-04-15,0.0,2.0982967235266825e-08,0.05689891494952901,0.45128003403357325,0.6526953884685732
2011-04-18,0.0,8.009374144121728e-08,0.023248754212243507,0.6709930993592941,0.46228891999739347
2011-04-19,0.0,2.1006280586516324e-08,0.10472434345327117,0.22512771448705485,0.6015832598108534
2011-04-20,0.0,2.0722123454663954e-08,0.03226842268141814,0.44667168556618736,0.5402289108258881
2011-04-21,0.0,1.9611270000302605e-08,0.06661661426432233,0.22743309780887996,0.5550567189796801
2011-04-26,0.0,2.5825337493512457e-08,0.024500084478858104,0.006235825231282022,0.7568581358616493
2011-04-27,0.0,2.136384098447297e-08,0.015882048098661943,0.22418520639513634,0.7446329259085729
2011-04-28,0.0,1.7588934187601213e-08,0.0194369183523327,0.2262413074337049,0.6338711151180388
2011-04-29,0.0,2.4340553898827277e-08,0.03775080406845019,0.6701676520268085,0.7138402329028691
2011-05-02,0.0,8.381903162518745e-08,0.01871419874451716,0.22841249115698178,0.662418682562005
2011-05-03,0.0,0.03149879753456228,0.02247714180734294,0.22675436619333922,0.58186491922722
2011-05-04,0.0,2.476936237366667e-08,0.03936108848861126,0.8888888888888888,0.5709850600945002
2011-05-05,0.0,2.0224206958435742e-08,0.02970490482219911,0.22844902560276253,0.4494611238489677
2011-05-06,0.0,8.195638667718441e-08,0.037432530118091646,0.8917406513306037,0.42710914242705406
2011-05-09,0.0,9.126961223598906e-08,0.03746082438784684,0.44886785738987633,0.7997680681364583
2011-05-10,0.0,8.754432198262996e-08,0.030347172046416425,0.22586078941516513,0.9519116849330654
2011-05-11,0.0,8.381903160090132e-08,0.024202088340505197,0.006002308231845971,0.4132616314015771
2011-05-12,0.0,2.0669448024673853e-08,0.01796078459207976,0.22930483063046098,0.5180026736513349
2011-05-13,0.0,8.195638654881487e-08,0.02464866837837627,0.2297044414424707,0.7631543014489325
2011-05-16,0.0,9.313225743032283e-08,0.011678247990923476,0.006295683284329209,0.6146607200594246
2011-05-17,0.0,8.940696717349428e-08,0.023438905475297752,0.22614935092808036,0.4844881773347033
2011-05-18,0.0,2.0874421937516763e-08,0.021891796886573743,0.23064151271675104,0.4378026067666475
2011-05-19,0.0,8.940696729839437e-08,0.05050575722736755,0.22588110897661245,0.8894973641579413
2011-05-20,0.0,2.1604372641564895e-08,0.029017848684091872,0.2293193384079531,0.652884508138335
2011-05-23,0.0,8.381903167722915e-08,0.07006300511818504,0.22815487420382008,1.0706082381766127
2011-05-24,0.0,2.0789231735401925e-08,0.0338709726043218,0.44689042192500983,0.7220591197040138
2011-05-25,0.0,2.1894608553257866e-08,0.01964902784938761,0.004635263157750605,0.3290944676844342
2011-05-26,0.0,2.4356563502192508e-08,0.03654712342619043,0.22536688112963082,0.3328759697871658
2011-05-27,0.0,9.126961224292796e-08,0.04299479869786605,0.2235854942121383,0.476371869333991
2011-05-30,0.0,2.2626063425623677e-08,0.02791795625084209,0.2273538817516269,0.4590447076872934
2011-05-31,0.0,8.381903169804583e-08,0.009914766545128373,0.22531165396978717,0.29974314807318914
2011-06-01,0.0,1.8161035428981842e-08,0.06055911943798615,0.005158546231354769,0.6851819759551898
2011-06-02,0.0,0.03495895748178271,0.03768332248542635,0.2245431954367707,0.3627240830156835
2011-06-03,0.0,8.568167677788785e-08,0.04818896062415012,0.669548097722125,0.5770877958074617
2011-06-06,0.0,2.067766509752933e-08,0.03582640588103139,0.4508958073204599,0.5655844538803989
2011-06-07,0.0,8.195638665983718e-08,0.03670718312368595,0.4514151590550313,0.748699109992097
2011-06-08,0.0,8.381903170151528e-08,0.03612389904773859,0.22511596047566412,0.6978815194568887
2011-06-09,0.0,2.5307524718215513e-08,0.02219390293887809,0.6677156784957762,0.561174568189106
2011-06-10,0.0,8.940696712839147e-08,0.03244645978376723,0.6701304479394945,0.5522612768105476
2011-06-13,0.0,2.3070243243550337e-08,0.02909655702922443,0.005063943037933477,0.7344569646021886
2011-06-14,0.0,2.1994383456874766e-08,0.014970642748768115,0.4463697148852812,0.4876369594221457
2011-06-15,0.0,1.9931720236093797e-08,0.055754465021415595,0.22699573253581556,0.8124096098059448
2011-06-16,0.0,8.00937415834646e-08,0.036968903758855656,0.4503835460896695,0.7531540875871656
2011-06-17,0.0,1.9083926133811602e-08,0.02451425191679659,0.45170624268166626,0.48506543390659285
2011-06-20,0.0,2.4934570103107845e-08,0.048136669791915304,0.8929812376629813,0.5939274396806354
2011-06-21,0.0,2.0792035898553607e-08,0.030304257764605307,0.22473282365394986,0.6965250387302923
2011-06-22,0.0,2.3438792465940717e-08,0.03948941293001532,0.672603290439202,0.8861059243049505
2011-06-23,0.0,8.75443218750771e-08,0.03127910015832941,0.8899625904802018,0.8464346898374949
2011-06-24,0.0,2.428618377584013e-08,0.03817763376054856,0.22759953152009413,0.5685801526830406
2011-06-27,0.0,1.9910351319041286e-08,0.020408212162785586,0.4480556449458047,0.52206262565128
2011-06-28,0.0,8.754432194793549e-08,0.019159066778916243,0.2266964358775349,0.819753741900463
2011-06-29,0.0,1.9707999201340476e-08,0.053855684342871066,0.44749422974410624,0.6965384669809745
2011-06-30,0.0,2.1977472314249624e-08,0.04394807520049655,0.4481994856008299,0.9146998958681978
2011-07-01,0.0,8.754432183344374e-08,0.042480201799308476,0.4478576495915834,0.5753148673960448
2011-07-04,0.0,0.05627081495887272,0.02472707687020504,0.22974468942460963,0.5373984761579603
2011-07-05,0.0,2.4208901803352e-08,0.021219246218578878,0.6706198145979961,0.6497407729024501
2011-07-06,0.0,2.268816671688323e-08,0.0168120745546947,0.6682094439701491,0.47265347153191534
2011-07-07,0.0,2.274476267744019e-08,0.01462357972302404,0.2273829550092928,0.31854078597185215
2011-07-08,0.0,9.126961218394736e-08,0.031670100671352494,0.23285300881033547,0.4849441482323181
2011-07-11,0.0,8.754432189936323e-08,0.03881088511947637,0.2253746009029678,0.2785349144758593
2011-07-12,0.0,2.0881533259464735e-08,0.044500085014969076,0.4444444444444444,0.5490146913227303
2011-07-13,0.0,2.3992022105123745e-08,0.02475741395437399,0.007165327929197135,0.533995252726959
2011-07-14,0.0,2.1264321622971316e-08,0.044030647925114685,0.4460853727162222,0.7217968265639221
2011-07-15,0.0,2.3104924598560395e-08,0.01473025421988302,0.22746196893968695,0.29406494687511636
2011-07-18,0.0,2.201984844116267e-08,0.027607567410262206,0.22881850207087667,0.7376769937806487
2011-07-19,0.0,1.9679349323731277e-08,0.029130349827065992,0.227786186653799,0.4697543261984626
2011-07-20,0.0,8.754432195140494e-08,0.039143340521541975,0.2285465369623485,0.23710617863425792
2011-07-21,0.0,2.36490597937955e-08,0.05707074081270981,0.6728771982567883,0.2833847573214875
2011-07-22,0.0,2.157590541645993e-08,0.058207206019288894,0.678440736112666,1.1051813840739095
2011-07-25,0.0,2.134472851592073e-08,0.019897424384687338,0.4468347547226098,0.6188887476886713
2011-07-26,0.0,8.381903163212634e-08,0.008963194421879898,0.44589884171517014,0.47641348216805124
2011-07-27,0.0,2.083806955460732e-08,0.02361383015013898,0.669683209962681,0.6255302522666017
2011-07-28,0.0,1.8623757688795983e-08,0.03183085568003034,0.008021880237060408,0.608777005035704
2011-07-29,0.0,2.0462173247470794e-08,0.030633171805024197,0.2261736647774748,0.7137064258813685
2011-08-01,0.0,2.2189936423056e-08,0.024221645922201333,0.670837872831108,0.313777699318664
2011-08-02,0.0,0.06019240275208185,0.035134134770316176,0.2295919403280054,1.1755991375554997
2011-08-03,0.0,8.940696736084441e-08,0.022336698885610427,0.22884514172326104,0.4113927313908126
2011-08-04,0.0,2.2724325615675056e-08,0.025234219850385854,0.2267858680964089,0.5933915638878386
2011-08-05,0.0,1.9069484297196126e-08,0.046084282391406176,0.44596996257240384,0.6830285147756151
2011-08-08,0.0,8.568167686462402e-08,0.032983647082430734,0.66922117683815,0.42824004629859397
2011-08-09,0.0,2.537217748399545e-08,0.06786529319306583,0.4474484674486082,0.5109353190761547
2011-08-10,0.0,2.1422299836815206e-08,0.054514398103157606,0.2363308404553809,0.6267540226272794
2011-08-11,0.0,2.199462557223031e-08,0.06275731690776959,0.4459081562441569,0.5155201588832704
2011-08-12,0.0,2.0799386744180248e-08,0.03760559964203637,0.23136283123917534,0.38420577123848315
2011-08-15,0.0,2.2662571808745868e-08,0.04970112790375137,0.23127776686204965,0.7331530113615099
2011-08-16,0.0,2.097511004120478e-08,0.024204739316104347,0.2660389445726991,0.7691728180919409
2011-08-17,0.0,1.9452277771198068e-08,0.21037209465272386,0.6666666666666667,0.4852718713404451
2011-08-18,0.0,1.916024115061754e-08,0.025672730982621655,0.2325272521459203,0.6290219948109743
2011-08-19,0.0,6.705522535149777e-08,0.032018789191462435,0.22815852679830084,0.5557548549483055
2011-08-22,0.0,2.3389959368652624e-08,0.012348976815387066,0.01658821557189713,0.4447998869355938
2011-08-23,0.0,8.009374132325608e-08,0.04223428409508437,0.230735040067379,0.32681435077707083
2011-08-24,0.0,1.8429888365423253e-08,0.027313657734682195,0.23030086816120565,0.2258676537066342
2011-08-25,0.0,7.264316080612954e-08,0.02876211374786376,0.013519294844755655,0.5040975662606456
2011-08-26,0.0,1.6363839592387075e-08,0.012719578952578478,0.22772646843731084,0.8555059894046534
2011-08-29,0.0,1.853586775041327e-08,0.0077707336391448535,0.2249507642556255,0.5857543955086992
2011-08-30,0.0,1.8456896393181932e-08,0.027123796045201345,0.22842053827061298,1.0021096833515128
2011-08-31,0.0,1.285225150575442e-07,0.01479716579280351,0.44959710554136945,0.6639901615965502
2011-09-01,0.0,1.2852251519285263e-07,0.02516729309931663,0.6671129910665816,0.40585786943113134
2011-09-02,0.0,0.2724156080326749,0.023058215938451847,0.23201497400611742,0.4939713966782978
2011-09-05,0.0,2.1245063711733403e-08,0.0170099472596218,0.6723098706470774,0.456286349736238
2011-09-06,0.0,8.940696715961649e-08,0.03380899068761098,0.6691968930871139,0.47309549159291286
2011-09-07,0.0,9.685754793001267e-08,0.02199834333557287,0.4564341542149102,0.6603767262350957
2011-09-08,0.0,1.9975105340630517e-08,0.05106477095055207,0.4498701912152659,0.9779195663772611
2011-09-09,0.0,2.3557000589785604e-08,0.02388153590252759,0.45579209074115884,0.5091491334018983
2011-09-12,0.0,8.754432194793549e-08,0.03616306167999054,0.45090138720744494,0.8369587775722864
2011-09-13,0.0,8.381903167029026e-08,0.015381568875347277,0.006413730419267974,1.009144230793198
2011-09-14,0.0,1.9780900667454304e-08,0.046617574818440276,0.2307380559097268,0.8836394503171259
2011-09-15,0.0,2.1206792488737136e-08,0.0390731544330714,0.22772800583857028,0.6296063130312979
2011-09-16,0.0,2.260820109595274e-08,0.06005973424958409,0.4450461503880956,0.9501457957439003
2011-09-19,0.0,2.1822467839716087e-08,0.022620475862633344,0.23084201574710217,0.649854583126659
2011-09-20,0.0,2.1319606594016882e-08,0.020689423112551016,0.22835430512151805,0.34210320620130286
2011-09-21,0.0,9.12696122463974e-08,0.02152904343516094,0.005440844175860049,0.36122422408214155
2011-09-22,0.0,2.506037138916284e-08,0.013078380068533044,0.45174114229957796,0.36642554528666593
2011-09-23,0.0,2.0413871263530448e-08,0.027796004714608805,0.2294270129860213,0.5154767060565804
2011-09-26,0.0,8.754432177446314e-08,0.035030057102448955,0.44918498002825075,0.5125306134627383
2011-09-27,0.0,9.126961228456132e-08,0.04638330806668062,0.2346086571607215,0.4957926655656371
2011-09-28,0.0,2.242119276005261e-08,0.04199916681621178,0.8932590825836864,0.5755893901905488
2011-09-29,0.0,8.754432218385788e-08,0.018868848983124197,0.6667226305817502,0.49774582166632875
2011-09-30,0.0,8.568167696176854e-08,0.025740327693756764,0.45124047530654576,0.22993514081175762
2011-10-03,0.0,8.381903160090132e-08,0.014844820865718913,0.22487307319690045,0.3391723890241936
2011-10-04,0.0,0.1032039601370547,0.10202782208998068,0.6666666666666665,0.291442805182282
2011-10-05,0.0,5.9604644751104496e-08,0.5187272768875753,0.6666666666666667,0.48937029899092915
2011-10-06,0.0,1.2852251525877212e-07,0.043230156654506094,0.8894634674043246,0.49488173928706164
2011-10-07,0.0,2.0857878105240424e-08,0.024602734827660018,0.01057800390501469,0.45600299348663553
2011-10-10,0.0,1.5118774378264366e-08,0.036524686484430816,0.4492343056081398,0.6032850013214699
2011-10-11,0.0,2.0004076357188483e-08,0.044367640057353164,0.4518246163656307,0.5666979368787946
2011-10-12,0.0,8.195638652799819e-08,0.013334827652255469,0.2406151731351738,0.49187675475073983
2011-10-13,0.0,2.2023286059408287e-08,0.023305211708534918,0.017695075152917336,0.30876617465532163
2011-10-14,0.0,2.3360927341870008e-08,0.026272416134753833,0.46621054574038145,0.46876919194207906
2011-10-17,0.0,1.9976219928219408e-08,0.015910032045618874,0.6710935108667558,0.2794241129744177
2011-10-18,0.0,1.8107588192761703e-08,0.017067959361723013,0.23923448888923415,0.33164532791503776
2011-10-19,0.0,7.264316070898502e-08,0.02139958521007012,0.6752645139492882,0.36727199274622124
2011-10-20,0.0,1.1734664445706144e-07,0.018160179423939778,0.44861584559597556,0.38307592870953017
2011-10-21,0.0,1.808177493498042e-08,0.053292762140789575,0.2527852349314589,0.4174363513626203
2011-10-24,0.0,1.1920928955078125e-07,0.029428587620075802,0.018669757572439175,0.45864980123742344
2011-10-25,0.0,1.9326119728851898e-08,0.03933283440655318,0.6760895332379491,1.0372500225357693
2011-10-26,0.0,1.9623258837309088e-08,0.04157462603252062,0.669641428521359,0.7241093614623514
2011-10-27,0.0,1.857354913967213e-08,0.010085130759801114,0.2342372401622467,0.24842284988750507
2011-10-28,0.0,1.9813312920891057e-08,0.09057634060763603,0.6800526710184869,0.9074570473829414
2011-10-31,0.0,1.2107193471389e-07,0.019650156702956768,0.4570756274990929,0.4348359535025926
2011-11-01,0.0,1.9141438930420085e-08,0.01960425210440702,0.2292251273329075,0.5757927930014818
2011-11-02,0.0,0.5652173913043479,0.07420776522770772,0.6673393078766316,1.0297434576046207
2011-11-03,0.0,7.636845103867196e-08,0.04045135739950201,0.22875412327658273,0.5891579578995773
2011-11-04,0.0,8.009374148285064e-08,0.03198299644949035,0.23149830568761326,0.41734070829613457
2011-11-07,0.0,2.5482089299755373e-08,0.02103365241452193,0.23324134112388176,0.5358276048702303
2011-11-08,0.0,2.4311426000817038e-08,0.020676381982484428,0.4508094294529527,0.3101602612682964
2011-11-09,0.0,2.4208373361478408e-08,0.032068544072300996,0.0052824271572576575,0.4235290045483061
2011-11-10,0.0,1.782899443358854e-08,0.024099490926346633,0.22368262764146435,0.5469661506511299
2011-11-11,0.0,1.7133858352946785e-08,0.01987909268654788,0.008942716698508574,0.6018659585425159
2011-11-14,0.0,2.3470541007236667e-08,0.03988437842671497,0.22923780796942633,0.5330062866727249
2011-11-15,0.0,2.268302859778637e-08,0.012074443501236121,0.006374809605876747,0.39747658606095465
2011-11-16,0.0,2.0572176229888273e-08,0.00914717071946476,0.010442201017507702,0.27578196483701384
2011-11-17,0.0,2.1321258650980335e-08,0.01476555466848351,0.22581391947996676,0.17072441860274884
2011-11-18,0.0,2.1963655477685862e-08,0.020339896064470876,0.4505863737249788,0.314420776209137
2011-11-21,0.0,8.754432212140784e-08,0.02144593742803848,0.45061758478229585,0.5211272557478126
2011-11-22,0.0,2.1543058181111574e-08,0.024970439708559517,0.4466691354747474,0.5743199962223213
2011-11-23,0.0,2.2935016531777652e-08,0.013073600054903763,0.44813733964527713,0.34743381182928895
2011-11-24,0.0,2.166521100022134e-08,0.014104049111333734,0.2292571629661041,0.4361137199730859
2011-11-25,0.0,8.381903177090422e-08,0.06842599401957056,0.6685189511238422,0.7757942297956326
2011-11-28,0.0,2.2180817054601176e-08,0.02014012093372925,0.6683142647254094,0.6229094913272162
2011-11-29,0.0,8.754432197569106e-08,0.0517374287362705,0.4507564584936039,0.7429710115623143
2011-11-30,0.0,2.2345586766364667e-08,0.04346462612405164,0.6668412420810935,0.38189651984652034
2011-12-01,0.0,2.237975655142166e-08,0.04835730954688081,0.012279479146462213,0.16197319678401764
2011-12-02,0.0,0.03540452232948475,0.01883181180838081,0.44605639933419705,0.2907576231621872
2011-12-05,0.0,9.313225754828403e-08,0.03532295613392959,0.6706566764714137,0.3989635200374348
2011-12-06,0.0,2.1886114649760646e-08,0.021120913744281853,0.45356764585308845,0.3728471162111694
2011-12-07,0.0,2.461488155316993e-08,0.013786576399692083,0.45543527987681276,0.33746461851739507
2011-12-08,0.0,2.261011532861401e-08,0.05045372058321522,0.6761534111290806,0.4202423196337793
2011-12-09,0.0,2.3215060682840738e-08,0.015757878543114872,0.888888888888889,0.5101711042570658
2011-12-12,0.0,1.900509731186939e-08,0.03746289326380064,0.4470445293382679,0.3779038952559098
2011-12-13,0.0,2.1333835031889237e-08,0.022218785411535377,0.8888888888888891,0.3940963919972742
2011-12-14,0.0,2.1345963767405163e-08,0.01694280441659604,0.4524724078375423,0.7161199503323109
2011-12-15,0.0,8.19563866980011e-08,0.016662694238489133,0.6682197773689115,0.5493189179633449
2011-12-16,0.0,2.1092695465241285e-08,0.01908823186746947,0.6716892941820578,0.3979992031922276
2011-12-19,0.0,2.1591432690371004e-08,0.012718295131867445,0.8897242665265536,0.7793583999361124
2011-12-20,0.0,2.4249176514001825e-08,0.032220733363109884,0.22901326102739228,0.7451128249526103
2011-12-21,0.0,2.210440397387714e-08,0.03660700639245654,0.6705103157668527,0.8479856132423403
2011-12-22,0.0,1.9041529939617385e-08,0.026946628376299415,0.6754440089493338,1.1705907705053147
2011-12-23,0.0,2.1096378293589124e-08,0.016866906043155872,0.4475755698853981,0.6244852667910782
2011-12-27,0.0,9.685754777388755e-08,0.009554971648429009,0.2293741503076167,0.7486000173057596
2011-12-28,0.0,8.75443219930383e-08,0.038121690568387226,0.6714834706911805,0.4243436550260651
2011-12-29,0.0,8.940696714920815e-08,0.011813108994605326,0.45533698077155543,0.5204320040205338
2011-12-30,0.0,1.9200620329784535e-08,0.06642019700662086,0.4480244464878609,0.5034167211997442
2012-01-02,0.0,8.009374146550341e-08,0.020681637531645054,0.22617805328917412,0.5371428734098563
2012-01-03,0.0,0.07111736679717112,0.03790761337110014,0.4486018943949599,0.36870316979420203
2012-01-04,0.0,8.754432212834673e-08,0.029932705391787443,0.23032132860409432,0.49057815100561347
2012-01-05,0.0,8.940696716308594e-08,0.02460808425852709,0.228919150726214,0.5934535474935645
2012-01-06,0.0,8.568167679003091e-08,0.021044720481751072,0.6690570164817262,0.11225545617440619
2012-01-09,0.0,2.1982547906973515e-08,0.026475411392510473,0.4444444444444445,0.07368128634282811
2012-01-10,0.0,1.8238030493819557e-08,0.046520433401035455,0.6704831210713941,0.1269322472329638
2012-01-11,0.0,9.499490264373855e-08,0.06300521624119705,0.4505330509455877,0.1777774873144375
2012-01-12,0.0,8.38190315922277e-08,0.018268192982908785,0.2299339036523106,0.0669176030363686
2012-01-13,0.0,1.915324142863495e-08,0.045775800853867676,0.22947896506159632,0.1446607660689098
2012-01-16,0.0,1.9170764824563702e-08,0.023257869527066235,0.23197621592804707,0.1594401766329446
2012-01-17,0.0,8.195638664595939e-08,0.03771309751663704,0.2306519751417272,0.22209756774504003
2012-01-18,0.0,2.1730345547282814e-08,0.027583308519434583,0.23262373472742526,0.2698361691197013
2012-01-19,0.0,2.132212659558541e-08,0.043619607388290856,0.2301145257472056,0.12609127209441856
2012-01-20,0.0,2.1177203244487908e-08,0.06309389991886016,0.4567200555700195,0.13097654223990013
2012-01-23,0.0,1.7256489771855232e-08,0.01883101546394102,0.2374489096175011,0.15027230877860667
2012-01-24,0.0,2.1065410190507228e-08,0.01594858727845536,0.014667354647462758,0.2503092774135105
2012-01-25,0.0,8.195638662167326e-08,0.016691651531692924,0.010646303610435753,0.049377216739841835
2012-01-26,0.0,2.1705528499560423e-08,0.033259880237067996,0.2318035192705256,0.1044320332360198
2012-01-27,0.0,1.919189250923492e-08,0.04291159021782473,0.2279761307841638,0.10019664311937877
2012-01-30,0.0,2.05713118102413e-08,0.022121552047664084,0.22833369211761823,0.18570867459222493
2012-01-31,0.0,8.381903177437366e-08,0.04366057857507946,0.23777839942352685,0.569761774287876
2012-02-01,0.0,1.8803482743079414e-08,0.02948835307303426,0.23178191274084792,0.2614471792249983
2012-02-02,0.0,0.09825627360479841,0.047929445289911214,0.6706791722105396,0.5443317838531452
2012-02-03,0.0,2.585661811743689e-08,0.03773597287268006,0.23136723622536198,0.29505999332531213
2012-02-06,0.0,2.0861942961331037e-08,0.036248872172101515,0.015326578895981005,0.11927631702518918
2012-02-07,0.0,2.1737724904824507e-08,0.021836347296960025,0.233238837431246,0.14637556704918547
2012-02-08,0.0,2.2278628771660314e-08,0.060850877271556456,0.2309613507664152,0.08838970125897036
2012-02-09,0.0,8.754432189589378e-08,0.03163185958576149,0.23208486667548978,0.12006953430587539
2012-02-10,0.0,8.195638644820091e-08,0.028109523163766494,0.2330960344380693,0.11245050437895873
2012-02-13,0.0,2.017405289697627e-08,0.037494637802385405,0.23568370987764303,0.11304537929535488
2012-02-14,0.0,8.19563864690176e-08,0.01839001398362983,0.01588899010317421,0.6041253229093991
2012-02-15,0.0,2.0994747933211766e-08,0.03767296277523024,0.23127810871726373,0.7158646624647728
2012-02-16,0.0,1.9928751877895667e-08,0.0381841912988916,0.008701150128293034,0.7757955190728005
2012-02-17,0.0,7.636845112193869e-08,0.051369127559899565,0.23031922722965514,0.6124780735202822
2012-02-20,0.0,1.773204534594175e-08,0.03952561970818146,0.011217712571529453,0.27102468183538525
2012-02-21,0.0,2.243413874461475e-08,0.03517541453699066,0.44697465324382846,0.14171556676151206
2012-02-22,0.0,8.940696732614994e-08,0.03795253218409134,0.22569789042386823,0.039231866426072876
2012-02-23,0.0,8.009374140999226e-08,0.04728159931003047,0.23259084649125011,0.40213191219695754
2012-02-24,0.0,8.009374150366733e-08,0.0431355780066673,0.44676563008761194,0.29337833715968403
2012-02-27,0.0,9.313225761420352e-08,0.04443100577348745,0.45259954074646047,0.48669125375079597
2012-02-28,0.0,2.0497185417717168e-08,0.03850368756568098,0.674538222763865,0.44511019033858884
2012-02-29,0.0,1.789578718200402e-08,0.023809412894469403,0.228941675218378,0.403730482431183
2012-03-01,0.0,2.1903474135137602e-08,0.055012671812139466,0.2278671430372387,0.5103813792575148
2012-03-02,0.0,0.0644252218959139,0.08931140628312866,0.22680912050271473,0.5769180683020985
2012-03-05,0.0,2.2521559173149797e-08,0.05673168714140589,0.6705415520250421,0.0894948115636516
2012-03-06,0.0,1.8293946746350542e-08,0.01865180642294074,0.44809825936143594,0.06694170679773603
2012-03-07,0.0,8.38190319096821e-08,0.06939810958046888,0.44962798867500664,0.09245785445348663
2012-03-08,0.0,8.56816768854407e-08,0.02424263024124703,0.44873975910811315,0.09001846765759274
2012-03-09,0.0,9.126961224292796e-08,0.05508141471799233,0.008658821398096483,0.555086972463274
2012-03-12,0.0,8.940696717002483e-08,0.03708786063087996,0.22638152516202986,0.40301248066853457
2012-03-13,0.0,1.8804222665091963e-08,0.014365776982239491,0.6667269018513309,0.3437366013516254
2012-03-14,0.0,8.009374135448111e-08,0.0410001383733663,0.4490250303378673,0.6227486911245609
2012-03-15,0.0,2.1014362975441125e-08,0.03788966811505466,0.44869842614797617,0.31277206799311785
2012-03-16,0.0,2.2198930114264437e-08,0.023977141942839605,0.23022370651564933,0.5255586039630769
2012-03-19,0.0,8.754432209018281e-08,0.028364910620835918,0.45255543813451987,0.39129792663083324
2012-03-20,0.0,8.940696736084441e-08,0.01610877988656628,0.44769512536497447,0.25894470715307705
2012-03-21,0.0,2.3971765576030757e-08,0.024682362215675678,0.011211267128356434,0.2794114826738136
2012-03-22,0.0,8.195638647595649e-08,0.027534359982576535,0.6666666666666667,0.3082837813835927
2012-03-23,0.0,2.282046073637245e-08,0.032732935562755104,0.22628658855871336,0.14568253090523492
2012-03-26,0.0,2.2560458105835846e-08,0.02704001476890018,0.22594134157105167,0.8820321594221112
2012-03-27,0.0,2.2610353676150163e-08,0.019631998414373544,0.22777364959732888,0.7343802763299596
2012-03-28,0.0,8.568167675707117e-08,0.02894136571706973,0.22449407565554133,0.4440350395068429
2012-03-29,0.0,8.754432205548834e-08,0.014300307011306659,0.6682988386859414,0.3268697798721118
2012-03-30,0.0,2.246753728896156e-08,0.051963060003865344,0.8888888888888888,0.4808898474403241
2012-04-02,0.0,2.454136253243755e-08,0.06640990764759419,0.45139452089095167,0.28388702136275834
2012-04-03,0.0,0.07346341600253752,0.02680561556807388,0.22839881541465143,0.39416309601943894
2012-04-04,0.0,1.958596507894983e-08,0.07950863248559013,0.22712503512595963,0.35022158370432516
2012-04-05,0.0,1.977936318897644e-08,0.05049667117973782,0.22450017259988492,0.20770945207349079
2012-04-10,0.0,1.9901015203827033e-08,0.0493367011336157,0.22680133142324632,0.5136676006272864
2012-04-11,0.0,8.940696717002483e-08,0.04494942646355015,0.005746496415506119,0.554637661285501
2012-04-12,0.0,2.3796790215441233e-08,0.031766711822599145,0.22222222222222227,0.6468749382592747
2012-04-13,0.0,2.4263695778264927e-08,0.038006921098373295,0.22609781739747697,0.579957984861821
2012-04-16,0.0,2.419836261924324e-08,0.04435711112691113,0.4540178790035725,0.6650309758893482
2012-04-17,0.0,9.499490261424826e-08,0.05046046441750157,0.22819853615037952,0.4624384302515232
2012-04-18,0.0,2.4006095868112087e-08,0.06597040048186628,0.45058984222383974,0.3996165562870265
2012-04-19,0.0,8.754432206242724e-08,0.026004980371485426,0.45044546506965827,0.8085902227080253
2012-04-20,0.0,9.126961228803077e-08,0.021121820575798457,0.23044924544809833,0.5625872550599036
2012-04-23,0.0,2.509911443612789e-08,0.04480940495947558,0.013407115542714856,0.5875575784423147
2012-04-24,0.0,2.365316070437884e-08,0.029339476642068398,0.234201385729904,0.7480087681261788
2012-04-25,0.0,9.313225765583688e-08,0.031162403503553027,0.22592478022713997,0.5652418831607261
2012-04-26,0.0,8.75443219340577e-08,0.033800996635104476,0.22991571988239762,0.7586980507941572
2012-04-27,0.0,9.126961227415298e-08,0.0321084461082306,0.4491250260983125,0.37127115345021866
2012-04-30,0.0,8.661299936291167e-08,0.02766107334840597,0.23277918812535486,0.6741058940152159
2012-05-02,0.0,2.2642014058799065e-08,0.015553925096611916,0.22787274464049356,0.3468690505704948
2012-05-03,0.0,0.07176479768377281,0.015840302483940284,0.012613476866068882,0.171270272696026
2012-05-04,0.0,8.754432198262996e-08,0.022943152900894756,0.4455162682504572,0.21669319865426498
2012-05-07,0.0,2.181293066658152e-08,0.030643944687549038,0.4516772729031245,0.3413080747510777
2012-05-08,0.0,9.499490264894273e-08,0.040674471102346496,0.45090609999209763,0.7068128848970487
2012-05-09,0.0,2.229595249397809e-08,0.02022046628832566,0.4463388983616251,0.6516753545431117
2012-05-10,0.0,8.5681676833399e-08,0.03566465551698618,0.22703762662287535,0.5034147638294755
2012-05-11,0.0,2.5029180630853354e-08,0.04792745964828324,0.4480413643828727,0.6358711019708638
2012-05-14,0.0,8.75443219930383e-08,0.023395979812201824,0.4503394426778302,0.7943397521917892
2012-05-15,0.0,1.6819251245220324e-08,0.02500725469037712,0.2285999143768614,0.3060930244689757
2012-05-16,0.0,8.381903174314864e-08,0.019295961617634562,0.2275800790826195,0.25521415903072314
2012-05-17,0.0,8.568167695482964e-08,0.046620301547531086,0.008776678193067558,0.5336031578845036
2012-05-18,0.0,1.87988631016045e-08,0.02544387104324914,0.004717193870246036,0.3930879562169216
2012-05-21,0.0,9.126961214578344e-08,0.04555154271219418,0.6712519285240287,0.31229867979438525
2012-05-22,0.0,2.135205696279785e-08,0.02906264504317814,0.44484146332126173,0.4064265600464761
2012-05-23,0.0,1.9957713863483217e-08,0.04572358450147297,0.2316575051870105,0.26771471182538736
2012-05-24,0.0,2.0334217996909043e-08,0.039369631672912686,0.23042776352971728,0.29633735885397455
2012-05-25,0.0,7.823109627810854e-08,0.04853858075201535,0.6684589146715497,0.26670710450417
2012-05-28,0.0,9.313225758644794e-08,0.02920182386863787,0.22479789841474507,0.26092539393713354
2012-05-29,0.0,8.940696718737207e-08,0.02712910391010991,0.44617535503027544,0.21804344572939777
2012-05-30,0.0,2.0117096443533766e-08,0.035234573195924074,0.22839598567408276,0.28953575873198106
2012-05-31,0.0,2.1514273411404883e-08,0.020606246342446226,0.2275140861038318,0.5395320160209842
2012-06-01,0.0,8.56816767813573e-08,0.017344392282976392,0.22572012597561134,0.37814653119117875
2012-06-04,0.0,0.06663255365158759,0.044880411830471645,0.22682158491600496,0.4481199977003941
2012-06-05,0.0,2.1547487939754806e-08,0.025764104337457787,0.22660829116928694,0.6018562292219221
2012-06-06,0.0,2.1321431859649964e-08,0.031228373822064278,1.113703865683058,0.5086746034126929
2012-06-07,0.0,1.9936471098991326e-08,0.0448704580764117,0.8905394119327579,0.5071120115045661
2012-06-08,0.0,2.4874649989098385e-08,0.039872124200561826,0.8922111818166196,0.6820074458252292
2012-06-11,0.0,2.0557728866443803e-08,0.03419539006900494,0.673978955796504,0.6359978731043665
2012-06-12,0.0,2.2438602451796408e-08,0.029219373148942678,0.6708869837661704,0.407889425597411
2012-06-13,0.0,2.3856781317804776e-08,0.0244230758361857,0.22553027220662997,0.28222224312224614
2012-06-14,0.0,2.200262787244167e-08,0.03855361595928293,0.6674419095366722,0.6109066880314643
2012-06-15,0.0,8.940696703124695e-08,0.022122191584387503,0.22407275926851272,0.548984514285117
2012-06-18,0.0,2.3284199596185218e-08,0.051152920233188966,0.45958307916392976,0.5399769230941814
2012-06-19,0.0,2.1382097550870505e-08,0.021578405991423473,0.9003135929573003,0.6880533858098747
2012-06-20,0.0,2.0894989079256465e-08,0.050860066573806324,0.4490327359636038,0.6511338759033733
2012-06-21,0.0,8.568167688891015e-08,0.04158643485537645,0.6693881713441048,0.5040540172985624
2012-06-22,0.0,8.94069670867581e-08,0.01925429694522748,0.44718310976008624,0.3363912972446568
2012-06-25,0.0,2.154145288535414e-08,0.019770670874657142,0.44712307086888436,0.4918938729591484
2012-06-26,0.0,2.5240877252891147e-08,0.034177846608306126,0.45681666264936394,0.5224295636634815
2012-06-27,0.0,2.1621101624347272e-08,0.03288153230361457,0.23319390423860942,0.44156894641424166
2012-06-28,0.0,2.2959442624870263e-08,0.030778602487269255,0.22566109195725761,0.8084140110223544
2012-06-29,0.0,2.432322017409394e-08,0.021774534810845222,0.22478881693273212,0.6497258378301706
2012-07-02,0.0,2.2984237749157366e-08,0.0895433472051373,0.6703552083670414,0.7484572247499084
2012-07-03,0.0,0.14003843881228606,0.1081777759441035,1.3338195769216001,0.38085224393321065
2012-07-04,0.0,2.4270838415441087e-08,0.02968250419451406,0.669369778133648,0.28104842671708613
2012-07-05,0.0,2.321248505562923e-08,0.02324598654451859,0.6690613516732908,0.27040023012230013
2012-07-06,0.0,8.754432192364936e-08,0.022040323238369124,0.44845919663807543,0.37232099892483667
2012-07-09,0.0,9.126961224292796e-08,0.025075755894342296,0.22729335402837314,0.29458699192586124
2012-07-10,0.0,8.381903160090132e-08,0.010235941099784159,0.6701788082090354,0.26980685393628834
2012-07-11,0.0,9.126961213190565e-08,0.02314717847779507,0.4470682088110843,0.20031268775420447
2012-07-12,0.0,2.5292399022380785e-08,0.035645810687824464,0.6718229922523128,0.4558428694083056
2012-07-13,0.0,1.957326783638691e-08,0.021864191872634577,0.6683573855183098,0.4467462682074313
2012-07-16,0.0,2.0153564230657173e-08,0.05230279810376787,0.6699665238027337,0.48009877806623136
2012-07-17,0.0,8.38190317327403e-08,0.01913211728667245,0.44641795759042335,0.3266797067184729
2012-07-18,0.0,8.381903158355408e-08,0.037393233099885,0.22695735349684776,0.49638122440300836
2012-07-19,0.0,8.568167676054061e-08,0.040252624801378305,0.6708935388814935,0.35183112404055333
2012-07-20,0.0,8.940696683348848e-08,0.021711382124229482,0.4524890900592668,0.31721120947777154
2012-07-23,0.0,8.940696728451658e-08,0.04854635464405503,0.6693761413629462,0.323408884412341
2012-07-24,0.0,2.218735727782528e-08,0.055805100090586854,0.6741132166476925,0.38135520955546875
2012-07-25,0.0,2.5158102084227307e-08,0.018034016297671315,0.6684783468177212,0.41211084803782
2012-07-26,0.0,8.38190315557985e-08,0.0249529849094235,0.23248795957994675,0.5204496581784801
2012-07-27,0.0,2.2801722156240434e-08,0.07093774304241947,0.23132999021903944,0.47539079751910523
2012-07-30,0.0,2.1721070071062387e-08,0.06712089305683971,0.45073433503354715,0.5753092442022778
2012-07-31,0.0,2.3090241864365257e-08,0.03959423277954389,0.22889657145782094,0.35099708287852355
2012-08-01,0.0,2.3677605869021345e-08,0.0234008452589939,0.4560067848747615,0.40099407346880866
2012-08-02,0.0,0.06338087101989875,0.015136201088328366,0.23639903563646333,0.40937882225575195
2012-08-03,0.0,2.166779454818024e-08,0.025245295002897832,0.23829967529047094,0.40718107873694354
2012-08-06,0.0,8.568167692707407e-08,0.07322579582511535,0.23048319824266353,0.5788623438140962
2012-08-07,0.0,2.5005938753680512e-08,0.02511071821927882,0.4555814417002866,0.5641678437253587
2012-08-08,0.0,2.2547380972709474e-08,0.02166664828058493,0.24181281327507023,0.4510975143121625
2012-08-09,0.0,1.8637574331070716e-08,0.01373870893318251,0.012712810928295848,0.41345991926693393
2012-08-10,0.0,2.0287793129486476e-08,0.014607297251767444,0.456066031221884,0.4435639305517389
2012-08-13,0.0,2.0465830988247724e-08,0.020730456351641096,0.006602803465380419,0.3261869850521611
2012-08-14,0.0,8.568167694095186e-08,0.006587335094647923,0.23611874737166266,0.4110588282346653
2012-08-15,0.0,2.006034086066144e-08,0.010413981685200753,0.4622029062832494,0.4789292910972876
2012-08-16,0.0,1.8818440382373236e-08,0.02246329804580851,0.25,0.39620136779353693
2012-08-17,0.0,1.9052891694903984e-08,0.13735503876828115,0.666666666666667,0.7306995328200357
2012-08-20,0.0,1.1734664431828357e-07,0.03991512155466549,0.22481849070174342,0.5736863789395017
2012-08-21,0.0,1.2479722511990476e-07,0.056426715773690295,0.2355951586657693,0.6528120264928043
2012-08-22,0.0,2.0391243464590314e-08,0.03605209875336497,0.23524542636312398,0.5804508946686222
2012-08-23,0.0,7.823109629892522e-08,0.022663796941282493,0.23461073568433194,0.38453037762106657
2012-08-24,0.0,8.38190316737597e-08,0.06023357094996863,0.015183128083116365,0.3532055033014053
2012-08-27,0.0,1.910186809422898e-08,0.041457726167294845,0.45483163295003165,0.22756857382557688
2012-08-28,0.0,2.2809573594489985e-08,0.023957082407699472,0.4520021667378082,0.38127076418463274
2012-08-29,0.0,1.899195176818802e-08,0.02253657241487385,0.45847543927102435,0.5405668461365402
2012-08-30,0.0,2.0854760463678845e-08,0.023528763004497383,0.6666666666666667,0.4943990963601296
2012-08-31,0.0,8.009374128856162e-08,0.08219205819354346,0.8916846103439781,0.46908822789283877
2012-09-03,0.0,1.9960444287009382e-08,0.13071344533608736,0.44848051205995043,0.7858781421343747
2012-09-04,0.0,0.21392957701962656,0.056310894434192245,0.2293009844473421,0.4086486217849829
2012-09-05,0.0,2.089959395476515e-08,0.04503910382371965,0.4486039368474078,0.4949366162710279
2012-09-06,0.0,2.241951095952044e-08,0.017470951949677585,0.2272234307473011,0.1034046674647024
2012-09-07,0.0,2.2928991323667436e-08,0.08682366135709058,0.23121245347956426,0.27189669953775947
2012-09-10,0.0,2.4715581716655555e-08,0.04181809971116756,0.01542746033800585,0.17198806789550153
2012-09-11,0.0,2.0826819061015023e-08,0.010659152878575445,0.2286971435666844,0.1326141497589065
2012-09-12,0.0,1.9663951536519342e-08,0.025169106085850834,0.2263285137468805,0.39431678498924116
2012-09-13,0.0,2.1200864494530514e-08,0.018158004201137203,0.4518569755114986,0.16632634840971858
2012-09-14,0.0,9.499490252751208e-08,0.0203766821732543,0.23023440898330538,0.2119949209113152
2012-09-17,0.0,9.313225765236743e-08,0.05012315423850609,0.010863546281162997,0.18783972402593976
2012-09-18,0.0,8.940696724982211e-08,0.014703276603380335,0.22884080076741403,0.19573706827982096
2012-09-19,0.0,2.1832660249132552e-08,0.02651576843844394,0.6714156833757434,0.1513255284659446
2012-09-20,0.0,2.4423314200910928e-08,0.0360114266726872,0.2258134376924847,0.13529589666232356
2012-09-21,0.0,8.754432202426332e-08,0.027028151264094233,0.2283934663213822,0.373729447802145
2012-09-24,0.0,2.2381153035044843e-08,0.024126211941916137,0.007968097759419784,0.22986495102764898
2012-09-25,0.0,2.1039396183586412e-08,0.012034589990293398,0.0057008777658249105,0.33067184454153553
2012-09-26,0.0,8.195638646554815e-08,0.02382731853067328,0.008115872980475183,0.275393895278227
2012-09-27,0.0,7.636845117398039e-08,0.05122884532602806,0.6749446744505374,0.19932126802590258
2012-09-28,0.0,2.4411414924208064e-08,0.03207041279855122,0.45323683862708186,0.2388681903085466
2012-10-01,0.0,8.940696720818875e-08,0.03717951146425042,0.6712028160439466,0.7889536298818381
2012-10-02,0.0,0.042324949185710954,0.04313795328073333,0.22709504724469576,0.7002752397023253
2012-10-03,0.0,9.499490257955379e-08,0.022476778263410914,0.2329588309232319,0.7375423608660773
2012-10-04,0.0,1.38588488844682e-08,0.014571641113570176,0.3333333333333334,0.7865224531915733
2012-10-05,0.0,6.519258020920571e-08,0.7357419280268013,1.3333333333333335,1.1307374101786976
2012-10-08,0.0,1.803916096360103e-08,0.05168762341162031,0.8914948419261163,0.923785897842271
2012-10-09,0.0,1.795365167991947e-08,0.02598543978612418,0.44833557681740643,0.788928708150063
2012-10-10,0.0,1.7147354383628688e-08,0.030309101492608494,0.4495064829982979,0.7546019082791761
2012-10-11,0.0,1.500487289973762e-08,0.022023372992124486,0.2276560435670169,0.7052380634973899
2012-10-12,0.0,5.774199945615677e-08,0.028266156253457127,0.6703057003262727,0.5720590236287892
2012-10-15,0.0,1.5049080624024436e-08,0.051401979993519024,0.8890504466132421,0.7097648320650185
2012-10-16,0.0,1.3180811372914825e-08,0.01862250863983778,0.22669405031241857,0.8367529299392081
2012-10-17,0.0,1.9432770354682605e-08,0.05754652513882025,0.8913654342214632,0.5997625498066866
2012-10-18,0.0,1.4837538826056873e-08,0.035258354336261365,0.6718373187335147,0.7360829976711812
2012-10-19,0.0,1.3742004718181322e-08,0.021045204656590114,0.22954471028242557,0.655241826490468
2012-10-22,0.0,1.714493500296066e-08,0.020582126457916513,0.6710160125825315,0.48106786450734784
2012-10-23,0.0,1.6672362660591356e-08,0.020815838004329918,0.4455234687878462,0.7709390207522597
2012-10-24,0.0,1.5146528791615266e-08,0.026117945157393962,0.44668765206129823,0.6920838871811174
2012-10-25,0.0,6.891787059787324e-08,0.05493339927567441,0.44851240155995475,0.35370754887470685
2012-10-26,0.0,1.8215338504906642e-08,0.017559258944848086,0.4465367977542208,0.43158462787874813
2012-10-29,0.0,1.602041045309366e-08,0.036714470692629925,0.44998296059463055,0.7016430432423254
2012-10-30,0.0,7.078051566730692e-08,0.03365529063013046,0.4456316235090872,0.3131622884010052
2012-10-31,0.0,1.568205208399287e-08,0.03740831444168237,0.2278507173244247,0.6695034032041851
2012-11-01,0.0,2.018391710711942e-08,0.020782762040770827,0.22471109546755813,0.5333931422120717
2012-11-02,0.0,0.553191489361702,0.03577069167771618,0.4493375916706861,0.5687840659292948
2012-11-05,0.0,8.754432208671337e-08,0.03779095322748016,0.45133199733469753,0.5228718845368258
2012-11-06,0.0,8.381903154885961e-08,0.025228348778494915,0.22531606648016556,0.5928206076699487
2012-11-07,0.0,2.4735291866834208e-08,0.03017005779513812,0.6675459276523379,0.4330170062073362
2012-11-08,0.0,2.4454210927060682e-08,0.04198369788596129,0.44961072465125496,0.5103830963453935
2012-11-09,0.0,2.1270510203869053e-08,0.025951284246228817,0.6713233537698302,0.6140031713736586
2012-11-12,0.0,9.313225738175057e-08,0.019922879569078674,0.6673775901338328,0.46018756376477427
2012-11-13,0.0,8.754432198956885e-08,0.0112967738403859,0.010393459974210886,0.6414436846790139
2012-11-14,0.0,2.2238840012567263e-08,0.07148649532352312,0.44827960611946666,0.662520666855929
2012-11-15,0.0,8.568167680564343e-08,0.058261054964492145,0.4466481194851425,0.16480179447352108
2012-11-16,0.0,7.636845120173597e-08,0.024106506401509145,0.22830510838373425,0.1866327565660164
2012-11-19,0.0,2.1044398900577077e-08,0.03216203883900637,0.44959038842035026,0.13338369200793282
2012-11-20,0.0,9.31322574060367e-08,0.07161614896152846,0.4530838104137505,0.1904611340061037
2012-11-21,0.0,2.5468258186417403e-08,0.03669011029315373,0.2264791687081948,0.2803439787891585
2012-11-22,0.0,8.381903167029026e-08,0.02283921684925078,0.4516232025109075,0.1198326893858101
2012-11-23,0.0,2.198086824015122e-08,0.021262880503596166,0.44820493293427155,0.08800855943626923
2012-11-26,0.0,2.0399325225545217e-08,0.018212305483688965,0.45399167684764014,0.15591146944233605
2012-11-27,0.0,8.38190317396792e-08,0.0278034977608428,0.01151911970356656,0.214573078606483
2012-11-28,0.0,1.969415338795577e-08,0.021871369667127428,0.45203949687335754,0.40577005534138155
2012-11-29,0.0,2.1401199180870467e-08,0.02392448357401392,0.22638929954376594,0.3125832874480031
2012-11-30,0.0,7.823109621912794e-08,0.049284890989967106,0.6675188326487247,0.6977421013970061
2012-12-03,0.0,9.126961221170293e-08,0.024332970008396876,0.670036112773216,0.5186979120656972
2012-12-04,0.0,0.043545589225167054,0.02578202343691985,0.450230097803946,0.618076889642037
2012-12-05,0.0,8.568167688197126e-08,0.028576711769847142,0.22643035410942042,0.46254314655138795
2012-12-06,0.0,8.381903178131256e-08,0.07005269881930365,0.4556707996067117,0.5995615150697161
2012-12-07,0.0,8.568167680911287e-08,0.041829204612693155,0.6666666666666667,0.559463010022217
2012-12-10,0.0,8.754432203467166e-08,0.03611258520373667,0.8913832197600281,0.8321175326527808
2012-12-11,0.0,9.313225752746734e-08,0.019722228655876486,0.4531836045828668,0.5523976562232163
2012-12-12,0.0,8.754432204854945e-08,0.04597822392844524,0.44875030261508464,0.4303111297910681
2012-12-13,0.0,2.0580390589636233e-08,0.04195965698044629,0.4495300167237587,0.6115757940626153
2012-12-14,0.0,1.9208140945858876e-08,0.03825919220959934,0.226568852163951,0.6245252855264418
2012-12-17,0.0,8.754432197569106e-08,0.0643485473058037,0.2290330963248855,0.4849913016996852
2012-12-18,0.0,8.568167681952121e-08,0.11374169798831454,0.4477777713738811,0.4933336603604548
2012-12-19,0.0,2.0759725737062862e-08,0.04833045220118707,0.23369613770300462,0.587363595199727
2012-12-20,0.0,2.0909115248241017e-08,0.05392283129127436,0.45029758672444664,0.6523011951196928
2012-12-21,0.0,8.940696719778041e-08,0.023664713785939567,0.44632624156928485,0.5718012366577421
2012-12-24,0.0,9.313225735746444e-08,0.0390626785180624,0.45489991527171,0.5912805408137244
2012-12-27,0.0,1.9127429876086843e-08,0.10343997995203032,0.0021199709423673774,0.5311345300946005
2012-12-28,0.0,1.906691690645168e-08,1.5842879512293937,1.5555555555555554,1.0707494853453057
2012-12-31,0.0,1.4868048348049001e-08,0.05802479418059674,0.22788158872156686,0.5697334263513135
2013-01-02,0.0,1.3787020469724354e-08,0.042836852494605,0.6680214697103923,0.9189953896002214
2013-01-03,0.0,1.5744680851063826,1.6074759140262571,1.5555555555555556,1.5898700242295396
2013-01-04,0.0,8.754432204854945e-08,0.014160370214197908,0.007250029517567758,0.36769938087354204
2013-01-07,0.0,2.2570953960021622e-08,0.018526121677637078,0.44769289018109293,0.526085671964112
2013-01-08,0.0,2.5532773784142648e-08,0.029321166293952036,0.4469945253010418,0.589742844573496
2013-01-09,0.0,2.5523487535289435e-08,0.055378417211882205,0.6767431260514016,0.6285537926933435
2013-01-10,0.0,8.754432221855235e-08,0.046599028539525425,0.44848204317676527,0.6950738072046326
2013-01-11,0.0,8.75443219409966e-08,0.032759325470966286,0.2285890767704219,0.5864360997670155
2013-01-14,0.0,2.0415236830911843e-08,0.03187458437637148,0.22682663892053812,0.3325506893152189
2013-01-15,0.0,9.126961231578634e-08,0.016550836423845604,0.4477965337404775,0.4213664801028618
2013-01-16,0.0,2.3766234709399203e-08,0.026317517745066757,0.22730787638850342,0.5043586843157479
2013-01-17,0.0,2.2395675224051725e-08,0.02334460989893937,0.23290687503758584,0.5081711452531581
2013-01-18,0.0,2.491037366658677e-08,0.03845425120732237,0.22980069529582842,0.7908954291475249
2013-01-21,0.0,9.126961255170873e-08,0.019451052931132144,0.44618279356016205,0.3721569123592706
2013-01-22,0.0,2.2860204271224482e-08,0.025080998879163995,0.2279352032023515,0.7007526408482762
2013-01-23,0.0,2.328953162614167e-08,0.022932127423951176,0.8894348920540126,0.5581615445061343
2013-01-24,0.0,2.240729610886172e-08,0.025759765648472658,0.013050825295367649,0.6566900836769368
2013-01-25,0.0,8.381903186110984e-08,0.023584317998335595,0.22377596292612012,0.5291229152164298
2013-01-28,0.0,2.3959239321691417e-08,0.04348141619114729,0.008479760654434648,0.24016955634901013
2013-01-29,0.0,2.2765462740631515e-08,0.030368848732425572,0.44871439866359164,0.5562973303183453
2013-01-30,0.0,8.754432207283558e-08,0.021016763979638347,0.22758595602533982,0.6777598613805828
2013-01-31,0.0,2.1479703772586678e-08,0.0890820178666426,0.4538752103341121,0.7388008232279966
2013-02-01,0.0,2.0842175239149663e-08,0.0668570391078683,0.23364382096810912,0.612153217122743
2013-02-04,0.0,0.04647966679314864,0.04589325494966469,0.23643450014084974,0.5938735542105156
2013-02-05,0.0,2.401288187736661e-08,0.10518301439893844,0.45711569803588736,0.6605710310828327
2013-02-06,0.0,1.9619661003472677e-08,0.045055515131108635,0.011274103211557682,0.6178173959363757
2013-02-07,0.0,9.313225750665066e-08,0.04975134728083282,0.2254867347701345,0.6767546329807883
2013-02-08,0.0,2.422694001316672e-08,0.027795010051697377,0.44770765860500006,0.47188792066309115
2013-02-11,0.0,1.780992790398339e-08,0.044977205948034414,0.2295446022130214,0.38776832421291013
2013-02-12,0.0,2.4678701977809414e-08,0.019260133298587286,0.0034603128450837323,0.8841270848530594
2013-02-13,0.0,2.319269459469253e-08,0.032139856587064086,0.4497578805277268,0.7579371443417061
2013-02-14,0.0,2.3329776738939545e-08,0.019363223058257224,0.23035942426513367,0.3767050622539366
2013-02-15,0.0,2.027343951743754e-08,0.03836063660525543,0.6714144821358871,0.6986344821905035
2013-02-18,0.0,8.754432198956885e-08,0.030111117344563294,0.2295029510899187,0.8700147360550982
2013-02-19,0.0,8.381903170498473e-08,0.028732381970139265,0.22729654611339103,0.8118509999590231
2013-02-20,0.0,2.2995293166155895e-08,0.06795129760953407,0.4493018074375069,0.6986603277106509
2013-02-21,0.0,8.381903155926795e-08,0.021333605753536978,0.44852006161373226,0.8726049809805204
2013-02-22,0.0,2.274675267241455e-08,0.030115055581444464,0.6678402711388207,0.5091072910527412
2013-02-25,0.0,2.376662565709009e-08,0.06835891517126252,0.6690661309284713,0.6701615137143276
2013-02-26,0.0,8.754432199650775e-08,0.03292438381015411,0.6716622697406364,0.7114373115277797
2013-02-27,0.0,7.82310963717836e-08,0.038029544888759564,0.44739102048159296,0.6769615506827282
2013-02-28,0.0,8.754432181262706e-08,0.03375712730839499,0.4468146668779151,0.5426135480572991
2013-03-01,0.0,9.685754771143751e-08,0.03429875886451686,0.22638160290341827,0.36385067771267754
2013-03-04,0.0,0.05577443318761666,0.019785160302314957,0.4468030382795872,0.2145097510639233
2013-03-05,0.0,2.0708749187692277e-08,0.050439286972575534,0.4492034921743202,0.544214590207678
2013-03-06,0.0,2.3872215614006986e-08,0.04258197535942256,0.45132465533838473,0.4792526063137492
2013-03-07,0.0,1.957878582176109e-08,0.019534750473145356,0.2249268716181944,0.35807742087457584
2013-03-08,0.0,2.3206655010848953e-08,0.02318579663619223,0.6679555280193836,0.3220849189629855
2013-03-11,0.0,8.754432199650775e-08,0.029412088041038786,0.44529261839043255,0.6976924648251728
2013-03-12,0.0,1.7972949770822533e-08,0.014452150121325894,0.44871602213110084,0.4317298187387784
2013-03-13,0.0,8.568167687503236e-08,0.01885998301276313,0.6700553928624652,0.5639696865688578
2013-03-14,0.0,8.56816767744184e-08,0.013929691050176284,0.2246488830290695,0.4891797378532995
2013-03-15,0.0,2.263548382758218e-08,0.05095049136482449,0.4511507231005496,0.4498497641478301
2013-03-18,0.0,1.8982687297053324e-08,0.022530506556365418,0.2275085638968415,0.41118708854519254
2013-03-19,0.0,2.191255305677986e-08,0.01342513754616647,0.22557555533514573,0.4953837840995452
2013-03-20,0.0,1.996833909681528e-08,0.03610700166571583,0.6674478328891289,0.5679889107489378
2013-03-21,0.0,2.101269182264165e-08,0.030203506728488986,0.22782995140026152,0.5843464228858588
2013-03-22,0.0,8.940696710063589e-08,0.0425137525440805,0.22761803582483958,0.6213415389397591
2013-03-25,0.0,2.0454038983375167e-08,0.041269251785051544,0.4492923277153855,0.5027417591697299
2013-03-26,0.0,8.568167672584615e-08,0.024354835945763504,0.6689247996060077,0.5460364004649473
2013-03-27,0.0,2.317374100252456e-08,0.05791156135858064,0.23427742797403306,0.8344794153133298
2013-03-28,0.0,2.334327421291138e-08,0.042261274049357415,0.22489659386122546,0.7900237088559018
2013-04-02,0.0,8.381903172927085e-08,0.028372786726909873,0.44871462322898126,0.6344389338872078
2013-04-03,0.0,0.0774318015698642,0.06167756913131764,0.2272057384447609,0.5018514596418149
2013-04-04,0.0,2.5563282830820544e-08,0.026118248199335458,0.4457093896268234,0.5064853314989355
2013-04-05,0.0,2.2859251831708338e-08,0.055033269959069216,0.2283930021335457,0.807309483473249
2013-04-08,0.0,2.134287845761973e-08,0.03896926491900608,0.4516877379385423,0.7076316538410413
2013-04-09,0.0,9.499490270792332e-08,0.026781147653326946,0.23024345970407661,0.6544973113993724
2013-04-10,0.0,2.353413158448503e-08,0.03692746875319781,0.008642796041168535,0.6175877154018723
2013-04-11,0.0,2.2109669307185387e-08,0.06652809033939536,0.44888467432775475,0.4317336546673591
2013-04-12,0.0,2.2848760966587278e-08,0.02287400704109362,0.2233913936860533,0.22146525275051177
2013-04-15,0.0,2.3033424504520505e-08,0.02498916637815863,0.22695461015687257,0.16277870088073956
2013-04-16,0.0,2.0572822480302566e-08,0.03855703006766875,0.22937433776254423,0.47331106933383255
2013-04-17,0.0,2.11225089016831e-08,0.030007332240138723,0.23472311921893652,0.7673555474117316
2013-04-18,0.0,2.076792961561158e-08,0.04026535186905988,0.448539481591343,0.6147764815199662
2013-04-19,0.0,2.3829443418499352e-08,0.03911725332542804,0.4499231416181292,0.7544161192103167
2013-04-22,0.0,2.3755241079781442e-08,0.050431932011031834,0.6721635287316513,0.8690863997951944
2013-04-23,0.0,9.126961215966123e-08,0.03661249551530021,0.23083012195853472,0.7935361595446756
2013-04-24,0.0,8.568167688197126e-08,0.06455090983738199,0.6712978643117389,0.46001182256399575
2013-04-25,0.0,2.4056039767822446e-08,0.05636512525829016,0.4495216029649206,0.733181013148717
2013-04-26,0.0,2.1038172749038297e-08,0.0333840748990647,0.8894672647164952,0.5131557357556619
2013-04-29,0.0,8.568167695829909e-08,0.023316435322000298,0.2267397022132734,0.556192098023126
2013-04-30,0.0,8.75443219930383e-08,0.0211710265304098,0.4467385978746322,0.4797910713459907
2013-05-02,0.0,2.1977380876975205e-08,0.031102677786954996,0.44899402805140365,0.48921935493725893
2013-05-03,0.0,0.04760896537379872,0.0473695996866912,0.228322717255952,0.5235479520976865
2013-05-06,0.0,2.1313615441997946e-08,0.026896192303111383,0.449007381643861,0.3288063224543273
2013-05-07,0.0,9.126961232272524e-08,0.02829079653588058,0.4467468048274066,0.591877463619775
2013-05-08,0.0,2.2473160544295157e-08,0.01783420930543503,0.2275237362333022,0.5449039671991581
2013-05-09,0.0,8.940696723941377e-08,0.035981824256411665,0.6729498608958135,0.6733030385796487
2013-05-10,0.0,2.21523527993428e-08,0.0485863932041012,0.448849277183069,0.5276982354618173
2013-05-13,0.0,2.1977368629827465e-08,0.01672961838641138,0.6734962534461886,0.6314351893917666
2013-05-14,0.0,2.3483097726789692e-08,0.02400453115141377,0.6717927056131847,0.4113869811178342
2013-05-15,0.0,2.1430103934461098e-08,0.051337180067702104,0.6712889417577075,0.5584856061835352
2013-05-16,0.0,2.256470346337358e-08,0.035770603039555066,0.6734677316607094,0.5235732487813651
2013-05-17,0.0,9.126961231578634e-08,0.07265996144349754,0.6686922946272217,0.43963050991500674
2013-05-20,0.0,8.754432205895779e-08,0.041796315633995496,0.45072326977175814,0.514698584713256
2013-05-21,0.0,2.2168041419884377e-08,0.042959625258361195,0.012318785816598274,0.35663095987626664
2013-05-22,0.0,9.49949024997565e-08,0.042294923172595186,0.45077854321957606,0.26324956085731926
2013-05-23,0.0,1.9726744369952254e-08,0.08974426070864698,0.4482499597190491,0.4243300131588026
2013-05-24,0.0,2.5008594965736375e-08,0.07141313116418396,0.4506127248986616,0.5357804129263881
2013-05-27,0.0,2.1430637455605028e-08,0.03748692597206529,0.006402336798455713,0.38741637888085934
2013-05-28,0.0,8.940696723247488e-08,0.05181464239835734,0.22642085279553564,0.6724649146984918
2013-05-29,0.0,2.1036442664212895e-08,0.05746027997763056,0.4462569196967766,0.3050568193916839
2013-05-30,0.0,8.568167676401006e-08,0.058759447301608196,0.44729122211972755,0.4473960748623186
2013-05-31,0.0,8.56816768854407e-08,0.019807286433988134,0.6709949592927489,0.35730253463245315
2013-06-03,0.0,2.097457841090944e-08,0.05027977842561345,0.4489021171904939,0.8425100448185002
2013-06-04,0.0,0.04729976091777254,0.01816743243221644,0.008011637178946249,0.6716132801602713
2013-06-05,0.0,8.754432193058825e-08,0.022951745965274863,0.4514170137104353,0.5927488121113866
2013-06-06,0.0,1.7527635294556365e-08,0.0343797892778911,0.44783561164917535,0.9803764299108373
2013-06-07,0.0,2.275184655606277e-08,0.022815865257617318,0.011433545899430464,1.0540174680892926
2013-06-10,0.0,8.568167702421858e-08,0.048327916375655436,0.4461532690288271,0.7925806512676752
2013-06-11,0.0,2.1730593911112317e-08,0.012264891672510957,0.447593287232845,0.6528274179970831
2013-06-12,0.0,8.940696719084151e-08,0.031120857860472896,0.45021767461200213,0.6582865022164314
2013-06-13,0.0,8.381903170151528e-08,0.020696900051231416,0.44894118249242576,0.5477164527279239
2013-06-14,0.0,2.13653811205472e-08,0.02250240713760003,0.2267231965669349,0.5376588823009893
2013-06-17,0.0,8.195638668065386e-08,0.022461336759904412,0.6709194864847984,0.4414288870445353
2013-06-18,0.0,9.126961224292796e-08,0.0560760287317639,0.4473792673985482,0.6477973595729698
2013-06-19,0.0,8.754432202773277e-08,0.01735619761628607,0.0030757234459987404,0.45477435697032254
2013-06-20,0.0,2.2658417225818184e-08,0.02167940169704701,0.44936414341907105,0.6539560874592618
2013-06-21,0.0,8.940696718043317e-08,0.077990319805817,0.4470510086577514,0.6941212208911428
2013-06-24,0.0,8.568167675707117e-08,0.02465937601611514,0.22898244383098199,0.8884728985667196
2013-06-25,0.0,2.010690719825292e-08,0.026018538162770336,0.22609878652583948,0.7255514353807153
2013-06-26,0.0,9.126961240252252e-08,0.06398509298364065,0.22663610140539064,0.6016124478158245
2013-06-27,0.0,2.213081504512382e-08,0.06511416963248409,0.6670709834098212,0.875099685693637
2013-06-28,0.0,2.006801317483431e-08,0.024219886140932352,0.22520840468642822,0.5631959737340251
2013-07-01,0.0,2.2397291171011302e-08,0.01937028877960312,0.45172029752512877,0.4022401991850157
2013-07-02,0.0,0.034893453027325855,0.04100396091067274,0.670325584586273,0.5935310262787119
2013-07-03,0.0,8.94069670867581e-08,0.011051464340428644,0.4503902947950512,0.5282751553628044
2013-07-04,0.0,8.195638661126492e-08,0.020941350271155193,0.4511490281226324,0.6123056217574776
2013-07-05,0.0,2.4729195170769547e-08,0.05807562870007524,0.44929567015301225,0.7436245531882996
2013-07-08,0.0,2.6017593406091333e-08,0.025575204060228732,0.6682589581950986,0.6378051315074842
2013-07-09,0.0,8.195638644126202e-08,0.032956056661502406,0.6672968817947689,0.642944776239101
2013-07-10,0.0,2.312672981591435e-08,0.02078495585508553,0.2284865677183333,0.5805673522788811
2013-07-11,0.0,2.2406491183291077e-08,0.011940068384485962,0.44615374770259536,0.43101822257228056
2013-07-12,0.0,2.008138644607471e-08,0.016613154335140972,0.23134102432348114,0.37863119853629523
2013-07-15,0.0,2.2430952324736797e-08,0.016632654995287197,0.23172232228602963,0.42081060960172
2013-07-16,0.0,2.0687113775480492e-08,0.020070701262580634,0.2279651872372797,0.5875356258989208
2013-07-17,0.0,2.299413780909587e-08,0.00815674265449587,0.22666670178075,0.6913192165753382
2013-07-18,0.0,9.126961232619468e-08,0.011661984641167772,0.2245520877879322,0.647796612790135
2013-07-19,0.0,8.568167694095186e-08,0.06968400877486561,0.22858674174783034,0.5632516507446405
2013-07-22,0.0,8.940696720124985e-08,0.029430498161173768,0.8924063034668612,0.23791359889144548
2013-07-23,0.0,9.685754782592926e-08,0.031697735205792235,0.45292499134799213,0.6534673949152501
2013-07-24,0.0,2.15126473405991e-08,0.033639383463854575,0.6725277050521355,0.4442373847948934
2013-07-25,0.0,2.159157680772794e-08,0.04057574597123211,0.23200475274960997,0.5552823453041622
2013-07-26,0.0,2.110783313760689e-08,0.03222329417959326,0.888888888888889,0.24172701825811513
2013-07-29,0.0,2.4927037798466722e-08,0.025303459263883506,0.45129058644850484,0.5253556394837432
2013-07-30,0.0,8.940696722206654e-08,0.0330964236815926,0.2236350152413754,0.5542575379513318
2013-07-31,0.0,1.9860416224787292e-08,0.03695168222732645,0.4487735506432732,0.44876004203365166
2013-08-01,0.0,2.0830015080852693e-08,0.041172180364608194,0.44789965896181116,0.5198371124737085
2013-08-02,0.0,0.03973025993476571,0.0744391273584421,0.22858015002014054,0.5015379936620902
2013-08-05,0.0,2.206245668795459e-08,0.05234086890383928,0.6699027417906236,0.4752171870610329
2013-08-06,0.0,2.4205603847693435e-08,0.05755900553713182,0.22821303308524188,0.2305757639183638
2013-08-07,0.0,2.2922552390947093e-08,0.0668370616426108,0.2298167786097463,0.3291801096382231
2013-08-08,0.0,2.3696398510075767e-08,0.021637575721494384,0.44800910572445823,0.2328376703864553
2013-08-09,0.0,8.381903181600703e-08,0.04854721370555129,0.2299773564686816,0.3164265484131815
2013-08-12,0.0,2.339637249562654e-08,0.0743940330324988,0.22529590689016762,0.5066338129333968
2013-08-13,0.0,2.377576768103351e-08,0.02173299621506484,0.2268744200999073,0.5681246602526193
2013-08-14,0.0,9.313225744420062e-08,0.03810117855498029,0.22827579680658205,0.19523293398756308
2013-08-15,0.0,1.9916045302520446e-08,0.02434422806187089,0.2265408111288913,0.29305541688429027
2013-08-16,0.0,7.636845111153034e-08,0.04311126017182389,0.75,0.32480030429082124
2013-08-19,0.0,7.636845103867196e-08,0.20619219205132308,0.6666666666666667,0.4659156103331356
2013-08-20,0.0,1.7716857817623444e-08,0.062424140993539726,0.23136780968415288,0.3337986838643035
2013-08-21,0.0,2.2706409461004107e-08,0.03294497172318784,0.22646489141562115,0.30787438227269215
2013-08-22,0.0,1.3411045072034278e-07,0.031893796464215654,0.2255295552018039,0.30915224773303723
2013-08-23,0.0,2.149281611019127e-08,0.0574783441013659,0.2342989540281852,0.3235145889038094
2013-08-26,0.0,2.0406765232489077e-08,0.033015642290823245,0.4500554287317585,0.2634919346894309
2013-08-27,0.0,7.450580598658552e-08,0.04593121374687914,0.23247620754747078,0.3476877894148536
2013-08-28,0.0,2.2126486139834034e-08,0.0737828278066345,1.1172536073735522,0.5331569675547779
2013-08-29,0.0,1.3038516058147542e-07,0.05777737581410085,0.44723720819547946,0.44787788384329164
2013-08-30,0.0,2.120618579695699e-08,0.07666290684355201,0.4510781593388359,0.4499227845568926
2013-09-02,0.0,1.2107193459245935e-07,0.03504937687219208,0.22835424328634768,0.7647185977133044
2013-09-03,0.0,0.2127659574468085,0.055181405568983835,0.45128033503782694,0.7242890029043373
2013-09-04,0.0,2.5920328577955232e-08,0.04744653677048909,0.007492014621956505,0.34358951567257107
2013-09-05,0.0,2.273010883332982e-08,0.01985315917356422,0.4489875334344518,0.1661756851029918
2013-09-06,0.0,2.0475443042455854e-08,0.054390002993582154,0.4520256805936997,0.2110563256315434
2013-09-09,0.0,2.340445231369115e-08,0.050698970239291305,0.45187024664834385,0.39139783641418613
2013-09-10,0.0,2.6199993556630385e-08,0.030772026793692137,0.671577441299855,0.7315370608847344
2013-09-11,0.0,9.49949026177177e-08,0.03891605388573505,0.4496996666352763,0.5998343905057162
2013-09-12,0.0,2.2142082521658946e-08,0.027557453484219844,0.668549714581059,0.47879574165726846
2013-09-13,0.0,9.313225753093679e-08,0.030562310889635895,0.45180539032162353,0.35240104229712627
2013-09-16,0.0,2.529545598678462e-08,0.019562393709204682,0.44895392938924117,0.49619747785501533
2013-09-17,0.0,8.754432193752715e-08,0.040030760122915045,0.2308678094473688,0.47860362701827736
2013-09-18,0.0,2.190621223654987e-08,0.0232965644864513,0.4489542687355045,0.6730087500411686
2013-09-19,0.0,2.1629090081465296e-08,0.01869076863154702,0.44718061220642596,0.40162330637893506
2013-09-20,0.0,2.6054456592206066e-08,0.028288223505911814,0.2277384402394298,0.6275803096784659
2013-09-23,0.0,1.8306914525978435e-08,0.023563229878737147,0.23095493459248487,0.5815079650148239
2013-09-24,0.0,2.0348107972884e-08,0.01763996775301879,0.6684873483641527,0.586978924654991
2013-09-25,0.0,2.286506107368469e-08,0.07120497832365554,0.44688468727155056,0.6692289901618662
2013-09-26,0.0,2.2075660553039222e-08,0.04220676834842329,0.4505394109149301,0.41216525974812834
2013-09-27,0.0,2.1881926347278036e-08,0.0248796116107376,0.6719637569436856,0.5243086512282855
2013-09-30,0.0,8.568167692360462e-08,0.06254976285942031,0.446988560222108,0.4641643683080846
2013-10-01,0.0,2.2113123401834578e-08,0.04626727081675057,0.0052385949527354175,0.36757427402366577
2013-10-02,0.0,0.06810079161942482,0.07352030294417897,0.44828718476208523,0.5230138995645464
2013-10-03,0.0,2.1900890254111793e-08,0.02596580417061366,0.44950562051253173,0.5142112380920622
2013-10-04,0.0,1.511948928903384e-08,0.03011626677819765,0.5035739302344879,0.36779835632821584
2013-10-07,0.0,1.2479722480071564e-07,0.5948223354343116,0.6666666666666667,0.7188897650828825
2013-10-08,0.0,1.8077574701069743e-08,0.029985316128120734,0.22731870702776877,0.48890378425100844
2013-10-09,0.0,1.5011617122973053e-08,0.051775778421259425,0.2276708948211439,0.23454977615269504
2013-10-10,0.0,7.078051555281517e-08,0.03558951587518634,0.005881203925189038,0.24903115685106497
2013-10-11,0.0,1.1920928963751742e-07,0.06717166387675406,0.4449438510124397,0.318123544454383
2013-10-14,0.0,1.8484498504750535e-08,0.030183244908996026,0.007117770363229969,0.47356849420992236
2013-10-15,0.0,2.1453890015205035e-08,0.03690027540172322,0.22441009863401762,0.38003984094992427
2013-10-16,0.0,2.0600394556868906e-08,0.02485509163027353,0.00578625018464228,0.326624783323014
2013-10-17,0.0,2.2117865226822797e-08,0.03625460383370237,0.22360615245140708,0.6763644711170097
2013-10-18,0.0,1.7712172770134593e-08,0.0391963003310877,0.22803370118982252,0.7188752521927441
2013-10-21,0.0,2.1427889664027422e-08,0.045953141539915754,0.2260928343746572,0.455918521312923
2013-10-22,0.0,1.873609550145927e-08,0.03845625051377999,0.224612011396628,0.4832773438789486
2013-10-23,0.0,2.076320188351688e-08,0.03467970956618048,0.22741661373120686,0.4079678341561232
2013-10-24,0.0,1.9769818459386412e-08,0.04493434130298919,0.45186559009320904,0.4736615775087304
2013-10-25,0.0,8.568167697217688e-08,0.03880964756300785,0.6696150702546029,0.5913450896350999
2013-10-28,0.0,1.816781271257728e-08,0.01837625173967934,0.22551981759160322,0.6625990117737125
2013-10-29,0.0,1.9999406294241018e-08,0.030443478319657706,0.44982319654401187,0.5623597165069043
2013-10-30,0.0,2.2620116491706144e-08,0.035776173109338505,0.44977162412130733,0.7926565538113906
2013-10-31,0.0,7.82310961428001e-08,0.04277794969729051,0.4506527571394103,0.8199898375239569
2013-11-01,0.0,2.1314788819365438e-08,0.030854968711710777,0.8893244594677232,0.37746426776264996
2013-11-04,0.0,0.5957446808510639,0.030071217394639985,0.8894070369743979,0.35781043862812284
2013-11-05,0.0,9.313225757257015e-08,0.03496226717545846,0.4452874877768852,0.5008927265410187
2013-11-06,0.0,8.754432207977447e-08,0.031068257045193812,0.2295920579293245,0.588136785635928
2013-11-07,0.0,1.7695128920122705e-07,0.03175119437254634,0.6697833139369339,0.6371069591462823
2013-11-08,0.0,2.1487009203152718e-08,0.08191460263778294,0.4457748224349965,0.5849269317662142
2013-11-11,0.0,8.75443220520189e-08,0.02859307712712153,0.22528883322626567,0.605713741589144
2013-11-12,0.0,1.967573616534768e-08,0.02357142375287852,0.22723183377441963,0.3906176740292647
2013-11-13,0.0,2.32422764610829e-08,0.032623629618359296,0.22683895897743242,0.5130432032383413
2013-11-14,0.0,2.4265388677557898e-08,0.054965273582938165,0.2258657872716239,0.4584271530635839
2013-11-15,0.0,7.6368451101122e-08,0.061531635452941644,0.22505377722419884,0.4068897450286517
2013-11-18,0.0,2.0413425710213984e-08,0.04706468222808495,0.4500395972392033,0.5705092655240072
2013-11-19,0.0,8.754432191324102e-08,0.05412094319128355,0.44848064624647344,0.6343281429975076
2013-11-20,0.0,2.1848169221710956e-08,0.0421835382881768,0.004854399230415349,0.3628788092437036
2013-11-21,0.0,2.2090870573782118e-08,0.03764860612496445,0.6688401330608107,0.49103253967523214
2013-11-22,0.0,8.940696713879981e-08,0.03944165903857423,0.6721672727003111,0.5735830737107456
2013-11-25,0.0,1.881189828217833e-08,0.030011535395508254,0.22729582949283755,0.5251871602382628
2013-11-26,0.0,1.9451949228449505e-08,0.03697398197560328,0.4489015221135136,0.4596671916056222
2013-11-27,0.0,8.940696722206654e-08,0.03927933090266071,0.4469921484802562,0.49448520705855775
2013-11-28,0.0,2.234205133747058e-08,0.05790193011539553,0.44552033708673433,0.40392010045813215
2013-11-29,0.0,2.3169920829180235e-08,0.03788106520870581,0.6699792854751192,0.43494291551181474
2013-12-02,0.0,2.2022325830983736e-08,0.02189936156656409,0.4469373179406342,0.37731454423495814
2013-12-03,0.0,0.025597143871539073,0.03114323101147837,0.44496953989291116,0.6971053357292644
2013-12-04,0.0,9.4994902565676e-08,0.08772953213961607,0.4519906965966284,0.7323056661194661
2013-12-05,0.0,2.4094574439803562e-08,0.04259945206219655,0.224617235776544,0.6866396821153544
2013-12-06,0.0,8.754432204508e-08,0.0493441212386651,0.4500312609584734,0.6310029005698539
2013-12-09,0.0,8.19563864620787e-08,0.04699112034536573,0.22817573534599722,0.6664018137414766
2013-12-10,0.0,2.1489180233869032e-08,0.03137086842739973,0.4451971252180562,0.6678141302708176
2013-12-11,0.0,2.3985998770514882e-08,0.02430945329121909,0.44594466052058424,0.7226909282917058
2013-12-12,0.0,9.126961234701136e-08,0.024207946246408416,0.44740444625352044,0.8210807779112607
2013-12-13,0.0,8.009374138223668e-08,0.040546447959860364,0.22394366075785205,0.5359431327424222
2013-12-16,0.0,8.381903167722915e-08,0.021545234123682935,0.44695569135064334,0.2168171375402973
2013-12-17,0.0,2.236062184024501e-08,0.092947241337829,0.44724326993830427,0.42457481922742213
2013-12-18,0.0,2.1581132866876906e-08,0.02245843104867892,0.22660160117562592,0.32399177535196727
2013-12-19,0.0,8.754432205548834e-08,0.03454393725344514,0.6678581931742832,0.5938734264419556
2013-12-20,0.0,2.110512813818799e-08,0.050125663795712413,0.22871422186594714,0.7994786212757269
2013-12-23,0.0,2.0980898827321903e-08,0.01799778057509349,0.6685990974911902,0.461555581294477
2013-12-24,0.0,2.0277137014607094e-08,0.019919612621784516,0.22670484179393174,0.6872082225002092
2013-12-27,0.0,2.5122813794575816e-08,0.035212510699872426,0.39999999999999997,0.6500690918167671
2013-12-30,0.0,2.3594070162891168e-08,0.8389347041800579,1.3333333333333333,1.0558080492117634
2013-12-31,0.0,1.117587090926353e-07,0.008730496411311102,0.448110782619775,0.4548856732125725
2014-01-02,0.0,1.0058283819724956e-07,0.006198875839469303,0.40136595201031167,0.9042377379362792
2014-01-03,0.0,0.8085106382978723,0.832556116550643,1.3333333333333335,1.2343802824012977
2014-01-06,0.0,8.94069673226805e-08,0.04415137075735906,0.8908587345313516,0.43492665896072447
2014-01-07,0.0,8.568167693401296e-08,0.025473847879451353,0.23126655871704524,0.41169306122122384
2014-01-08,0.0,2.1168723905728992e-08,0.05267558813340929,0.6688379967132868,0.33482160728010024
2014-01-09,0.0,8.381903154885961e-08,0.03327519794392061,0.009000105388107096,0.2304646714312578
2014-01-10,0.0,1.961039424597244e-08,0.015934247262367272,0.447118919682146,0.37554349775723433
2014-01-13,0.0,2.3934699448086016e-08,0.02873352767213143,0.22646584929761893,0.19096324616883015
2014-01-14,0.0,2.287405901843509e-08,0.035341909375740624,0.45126309369371015,0.4829440068609333
2014-01-15,0.0,2.2816463548375188e-08,0.038738798307805244,0.4486881967056672,0.4225847789456273
2014-01-16,0.0,8.940696712145257e-08,0.049598994135011884,0.22755618539268174,0.26870477205073623
2014-01-17,0.0,9.126961221170293e-08,0.05693539476085929,0.23099103059686665,0.28526439290205224
2014-01-20,0.0,8.568167700687135e-08,0.03460830864427038,0.44719762014095177,0.2834949634016337
2014-01-21,0.0,8.568167677788785e-08,0.029697579832833214,0.23204379459687657,0.544287183762297
2014-01-22,0.0,2.1852210829037544e-08,0.06348262724257646,0.4501198852976133,0.5517800701706543
2014-01-23,0.0,2.3480705210049413e-08,0.034644192733922004,0.4503254248716707,0.4335024984689103
2014-01-24,0.0,9.126961230884745e-08,0.03863201607919341,0.44960235107969393,0.3452997817219237
2014-01-27,0.0,1.8667962283641648e-08,0.07838875304135476,0.22495889413950726,0.5329798455941406
2014-01-28,0.0,2.3008515311756517e-08,0.02249024753900414,0.44636134379501535,0.5141854603383365
2014-01-29,0.0,9.12696121874168e-08,0.03719217616969925,0.4452400177233016,0.6584934380908141
2014-01-30,0.0,9.12696123574197e-08,0.015765004066551198,0.2249171796223286,0.4424086156666502
2014-01-31,0.0,8.940696717002483e-08,0.030003286367302803,0.44926583663562303,0.5705348404879612
2014-02-03,0.0,9.313225750665066e-08,0.0271523231618358,0.00978529625071542,0.4734246021139626
2014-02-04,0.0,0.033382601295487306,0.034294103137581355,0.44691075346660164,0.3843860327171526
2014-02-05,0.0,9.126961223251961e-08,0.040225351032697615,0.6713383057431543,0.9236638100527084
2014-02-06,0.0,2.1850662869360438e-08,0.028258162143225723,0.22668525429034148,0.9317756057132877
2014-02-07,0.0,1.804625432769158e-08,0.042933293084618296,0.2284780961680067,0.7676162056024793
2014-02-10,0.0,9.313225740950615e-08,0.032127669940006015,0.22669042527755476,0.5804829394857086
2014-02-11,0.0,2.2931337832071685e-08,0.024426542558226277,0.2244734873878102,0.7332833159026035
2014-02-12,0.0,2.2533318586037687e-08,0.04359782900989373,0.4476111981013211,0.7024475784346738
2014-02-13,0.0,9.313225735746444e-08,0.0455958941221923,0.004670638077632502,0.5795413796146252
2014-02-14,0.0,2.522678290567404e-08,0.023799592310449758,0.44769289588376737,0.338947669404926
2014-02-17,0.0,2.251615178680555e-08,0.02235436975335234,0.0038990143791252374,0.39965041498595416
2014-02-18,0.0,8.568167686462402e-08,0.018195710459848333,0.005797897232856938,0.41922529182162294
2014-02-19,0.0,8.19563866390205e-08,0.019837345242265148,0.22693601840299077,0.10810665961578025
2014-02-20,0.0,8.568167671196836e-08,0.030678354694862058,0.44856537693802623,0.1519406823630111
2014-02-21,0.0,2.061503223335648e-08,0.03947225225543685,0.22703102837142397,0.34337344886619586
2014-02-24,0.0,2.0970493525701572e-08,0.08459749540148628,0.23043019993557057,0.49606690920047636
2014-02-25,0.0,2.07426647663711e-08,0.03504453949520624,0.2264938028746954,0.3943858321479675
2014-02-26,0.0,2.3888755504991588e-08,0.031499415850680716,0.22559814312411328,0.41367938501968027
2014-02-27,0.0,2.3858348009025976e-08,0.040080807996787426,0.22452400608981016,0.573702612695834
2014-02-28,0.0,8.940696724288322e-08,0.04409364754165739,0.4454436919164419,0.5704043965572921
2014-03-03,0.0,8.195638677432893e-08,0.03791853890457458,0.2256110162535585,0.3364068207898454
2014-03-04,0.0,0.032545355863115535,0.09886566614674266,0.010964539027455103,0.40712958476564665
2014-03-05,0.0,8.56816769513602e-08,0.04988917250738349,0.00702225844418157,0.3534219257056891
2014-03-06,0.0,8.568167692360462e-08,0.021660167905617624,0.0080772301532554,0.27824865150331907
2014-03-07,0.0,8.568167683686845e-08,0.04575018204742941,0.44661976127751135,0.3638272333644165
2014-03-10,0.0,2.2061717876165066e-08,0.028118374262418602,0.22779130684453008,0.43584225036893365
2014-03-11,0.0,1.9359860482098812e-08,0.018293999751060143,0.4474072848335713,0.4607824304395498
2014-03-12,0.0,2.1713788055793826e-08,0.03811671373365184,0.23650045071662562,0.5127114388737763
2014-03-13,0.0,2.3663035794707632e-08,0.020382196262104087,0.44661082421754184,0.39272744363329026
2014-03-14,0.0,2.1522830670472892e-08,0.01977276922174491,0.008563790970779347,0.5381354438392806
2014-03-17,0.0,2.2845065322102398e-08,0.01876705478222119,0.4509355104434649,0.7067053115511395
2014-03-18,0.0,1.7837330078263047e-08,0.03465684479147052,0.4517682018580287,0.590204879736891
2014-03-19,0.0,8.7544321882016e-08,0.02444830989973762,0.0062601761890608565,0.28429073994632487
2014-03-20,0.0,1.8998424663324576e-08,0.051872905747855046,0.22430927556401756,0.4754744679000181
2014-03-21,0.0,2.4920506106612672e-08,0.025305028445961993,0.4469857795105756,0.597533382975859
2014-03-24,0.0,8.568167687156292e-08,0.028162339338013126,0.4529941975482747,0.5823824844431539
2014-03-25,0.0,2.2285277671840742e-08,0.032449004421787386,0.22538371107641209,0.7039444348786341
2014-03-26,0.0,9.12696123123169e-08,0.03922912160005385,0.22712862131659683,0.39832749318049
2014-03-27,0.0,2.4533845118662745e-08,0.03680613201864813,0.4486976914980583,0.23516908047984386
2014-03-28,0.0,9.126961254823929e-08,0.02727400659487549,0.22681876806443846,0.7778431297875019
2014-03-31,0.0,8.568167679176564e-08,0.03574970610343479,0.4479045408034637,0.44328267480369715
2014-04-01,0.0,8.381903161130966e-08,0.04811943387777326,0.22852664348432922,0.4655542987693983
2014-04-02,0.0,0.037914124095920515,0.05344875025366569,0.22930604191113058,0.43568931469597105
2014-04-03,0.0,9.126961225680574e-08,0.02082717780970704,0.4518524412891181,0.20466868801818208
2014-04-04,0.0,1.87641848690967e-08,0.036591435447795875,0.44878019554055976,0.41127573588821176
2014-04-07,0.0,8.568167685768513e-08,0.030541630846216635,0.4459458951005999,0.23914651208438698
2014-04-08,0.0,8.009374139611447e-08,0.027073666854327737,0.22615931966908648,0.4159482168064375
2014-04-09,0.0,8.75443219930383e-08,0.029848652644484885,0.6686666895873186,0.4920530821887823
2014-04-10,0.0,2.1572011045523087e-08,0.03695075973096663,0.22993361990987288,0.46594634514412236
2014-04-11,0.0,2.1522565032267016e-08,0.06727829827461464,0.667905409693564,0.6100260971872882
2014-04-14,0.0,2.1058768628207103e-08,0.035921376179863206,0.4499222052949643,0.22860391841853822
2014-04-15,0.0,2.382416987301017e-08,0.05171356875033775,0.4507902536191314,0.28869847630286133
2014-04-16,0.0,2.047189063061894e-08,0.03235972467625399,0.22536639358061947,0.37290320460612947
2014-04-17,0.0,8.940696706594142e-08,0.0607891171625501,0.4494018068174545,0.5192904502848212
2014-04-22,0.0,8.754432206936613e-08,0.02878998701141121,0.23095144960711514,0.23528343925191975
2014-04-23,0.0,2.186647921759155e-08,0.048250959397460054,0.4463244730769125,0.36402895407493213
2014-04-24,0.0,2.289566026353329e-08,0.032238610298613135,0.22609655706874732,0.36340655796816834
2014-04-25,0.0,9.685754781899036e-08,0.04071934421550569,0.2254338741917606,0.35290873003127254
2014-04-28,0.0,9.313225756910071e-08,0.03291160392779351,0.22676474195407764,0.2948153364143176
2014-04-29,0.0,9.313225734011721e-08,0.020150378686950517,0.4470111079303921,0.8070950699996354
2014-04-30,0.0,2.1773859930351858e-08,0.05002552175791016,0.6720847772626886,0.16534362555848672
2014-05-01,0.0,8.195638664595939e-08,0.029945785771309134,0.23086091514645293,0.40030737045133813
2014-05-02,0.0,0.04384249371208747,0.025966316425366863,1.0,0.5130628108286993
2014-05-05,0.0,1.8701120541031457e-08,1.1990393772676557,1.3333333333333335,1.3410856373482922
2014-05-06,0.0,1.814485191264925e-08,0.02552774516353615,0.22657270672614485,0.13766905796939985
2014-05-07,0.0,1.1368903728159463e-08,0.012806994439756669,0.445219230939479,0.3967003297417038
2014-05-08,0.0,1.7254640098662843e-08,0.03265556619468091,0.4503713785295689,0.3429496389964319
2014-05-09,0.0,7.078051558750964e-08,0.056245603147485085,0.22594015416075847,0.5514415069380096
2014-05-12,0.0,2.083904639127443e-08,0.01893857346383579,0.2261013229023592,0.38505073477317037
2014-05-13,0.0,7.078051548342623e-08,0.051978196106896274,0.22648551729604716,0.6498713649141121
2014-05-14,0.0,1.0874196439136785e-08,0.06217234292806292,0.2255539718496628,0.449126303041229
2014-05-15,0.0,1.8923025611738975e-08,0.04058862997590537,0.4469208063546643,0.484733529807081
2014-05-16,0.0,1.9228218822719967e-08,0.06718042063825697,0.4521095977989586,0.5928690546348253
2014-05-19,0.0,1.6192714835661093e-08,0.06017703814590114,0.4494411172415216,0.7402321515714111
2014-05-20,0.0,1.3038516041841142e-07,0.033818380726525196,0.2243896681455727,0.6140825629531161
2014-05-21,0.0,6.332993515711927e-08,0.05876981255550462,0.22519064989236165,0.42134478075777093
2014-05-22,0.0,2.004218412759995e-08,0.03585464921925484,0.4512782487728093,0.4380046696669069
2014-05-23,0.0,2.2050826095632026e-08,0.03242648062948272,0.22684357815555234,0.3473082764254967
2014-05-26,0.0,5.960464465742943e-08,0.047065360834050426,0.2273477557124973,0.4829935234867901
2014-05-27,0.0,2.1579922904191307e-08,0.038647988251465606,0.4471388200286842,0.6099224690457081
2014-05-28,0.0,6.705522537231445e-08,0.03693326950026195,0.4474199428083185,0.6538880289602998
2014-05-29,0.0,1.5269653916294423e-08,0.041560828138285606,0.6677224671832468,0.8288720064346662
2014-05-30,0.0,1.3519139641093858e-08,0.012691900204985146,0.44569706380732077,0.7113793798568393
2014-06-02,0.0,1.6947622506757742e-08,0.03931101175933736,0.44633875573227044,0.7124134251654111
2014-06-03,0.0,1.2340425531914891,0.015421733332950861,0.22520367781297398,0.7012437444416547
2014-06-04,0.0,2.4245548457813015e-08,0.029767776910591563,0.44640740445384886,0.6946143226351524
2014-06-05,0.0,2.0712028210578826e-08,0.04907860838933578,0.6672963593420925,0.5580134987798021
2014-06-06,0.0,2.1418806905176835e-08,0.06380957509441526,0.22841553046714114,0.6826130814329823
2014-06-09,0.0,1.9335941407044865e-08,0.0532068767540352,0.45011698561620794,0.5170130357476836
2014-06-10,0.0,9.126961234007247e-08,0.04885434386599258,0.22656369460455122,0.6043446645008687
2014-06-11,0.0,2.1629956176855147e-08,0.046970914731340144,0.45005563046925534,0.7356479468662418
2014-06-12,0.0,8.381903176396532e-08,0.02625188846494391,0.22547677806139202,0.5894280308294811
2014-06-13,0.0,2.2862144864743694e-08,0.09826278305797095,0.44798038311555466,0.531314777906812
2014-06-16,0.0,2.2442591597615635e-08,0.04872348421037465,0.22675469415595273,0.5883922421399608
2014-06-17,0.0,8.754432197569106e-08,0.045762110851524374,0.008963672141328954,0.6327229744659246
2014-06-18,0.0,9.126961223945851e-08,0.044478079397404766,0.003938789739791657,0.5160199377619159
2014-06-19,0.0,2.29911017168849e-08,0.039193380495994024,0.4509228315020649,0.6871427969810385
2014-06-20,0.0,2.351537797123937e-08,0.04738515831491032,0.44756820560274424,0.8520477767999245
2014-06-23,0.0,2.1075706790885107e-08,0.04011256417290762,0.448796428647703,0.7087781287785785
2014-06-24,0.0,8.940696706941087e-08,0.06362197652583387,0.22702990833037834,0.5909266834547561
2014-06-25,0.0,8.940696715961649e-08,0.034771959496431123,0.22378000958991717,0.5542214304864282
2014-06-26,0.0,8.754432201385498e-08,0.08221638282707938,0.4473751235251642,0.6295321638497827
2014-06-27,0.0,2.2569065723926363e-08,0.03217763475830265,0.2267372264028673,0.39897456070097465
2014-06-30,0.0,8.940696713186091e-08,0.01806350762532233,0.22763649852796447,0.5284103819599021
2014-07-01,0.0,2.158606845006905e-08,0.03138579208651868,0.005923659622462357,0.4386955640306829
2014-07-02,0.0,0.03141394044796074,0.04218518439848952,0.22637411410536523,0.544125318990453
2014-07-03,0.0,9.126961251007537e-08,0.045673771304059266,0.2248135748839728,0.6139086287673108
2014-07-04,0.0,2.3651420436726633e-08,0.06814228284129345,0.23003141536451946,0.5198679689115371
2014-07-07,0.0,2.2233286222500537e-08,0.04613718087604282,0.22733430062572124,0.51355786994566
2014-07-08,0.0,2.415122651866497e-08,0.036984835759746655,0.22816968212054223,0.5675128529540935
2014-07-09,0.0,2.212226926992522e-08,0.049766708347524585,0.22720397743366266,0.6132045373060816
2014-07-10,0.0,8.381903172580141e-08,0.03633491909575533,0.4488713719188796,0.4658009009736475
2014-07-11,0.0,2.1636512130551733e-08,0.039110528548952736,0.22454112714344587,0.7170049838006332
2014-07-14,0.0,9.126961223945851e-08,0.017772748789005595,0.4493902061902795,0.43084288967017736
2014-07-15,0.0,8.381903176396532e-08,0.032046919146031444,0.44664866273792775,0.6615711538527284
2014-07-16,0.0,2.0244124189494617e-08,0.019301922364581243,0.22682529621061487,0.7291584640898353
2014-07-17,0.0,2.335572505882122e-08,0.04407749588371289,0.2270755530839101,0.6896334164015206
2014-07-18,0.0,2.206547621008692e-08,0.03613597007929284,0.6666666666666666,0.8032683232070232
2014-07-21,0.0,2.0945499418223434e-08,0.017970905440170007,0.0059264111649952045,0.6375077997599237
2014-07-22,0.0,8.568167676401006e-08,0.01709100665710438,0.22760589486613875,0.8697523546682766
2014-07-23,0.0,8.940696706594142e-08,0.05184578913183741,0.22499798163409612,0.7832302296308887
2014-07-24,0.0,1.961425574736886e-08,0.038089017990172586,0.4470897889236822,0.6111332243604648
2014-07-25,0.0,8.195638666330662e-08,0.037585147219374,0.4476325280156063,0.44731105038791164
2014-07-28,0.0,2.347771119876052e-08,0.05181559561017626,0.4455227348074681,0.5806257609169269
2014-07-29,0.0,8.568167693401296e-08,0.022171540059907437,0.6675860563260789,0.5418289598176647
2014-07-30,0.0,8.754432201732443e-08,0.02389851788230032,0.44689884874016633,0.7002753380898417
2014-07-31,0.0,2.031088269446868e-08,0.051110958117985245,0.44780060050798365,0.8053369919571582
2014-08-01,0.0,9.126961231925579e-08,0.04566241073080249,0.44590215496990004,0.6216219534179995
2014-08-04,0.0,0.03561545501904502,0.035854372357904854,0.4513006921401631,0.6961727879030737
2014-08-05,0.0,8.568167669462112e-08,0.017253037010758105,0.44633901075310445,0.6074129519089687
2014-08-06,0.0,1.833215403437838e-08,0.043009666099327826,0.2350253588557631,0.7908114214828663
2014-08-07,0.0,2.104616019654726e-08,0.021240119437722416,0.2230837882344797,0.7550942241879983
2014-08-08,0.0,9.126961244762533e-08,0.030326778339362464,0.22442778425695833,0.5012795194020637
2014-08-11,0.0,2.415708027711516e-08,0.014981161519037629,0.22658453170869808,0.8125188022916884
2014-08-12,0.0,9.313225750318121e-08,0.044428181754824284,0.22855864685011246,0.7883858081338776
2014-08-13,0.0,2.1937277754763285e-08,0.015174986458201988,0.22493035956994029,0.4627220004274074
2014-08-14,0.0,2.1888836371913856e-08,0.04344914994373547,0.22605011400843622,0.5061992782794055
2014-08-15,0.0,8.568167685768513e-08,0.022816824486909724,0.22624255097973558,0.6541997743391967
2014-08-18,0.0,2.1610677226890918e-08,0.009381243252261487,0.2517182808753726,0.6936362037941042
2014-08-19,0.0,1.7200765131675233e-08,0.19168159906595802,0.44444444444444436,0.8510939332804497
2014-08-20,0.0,1.7981108834524973e-08,0.040399668179461404,0.4454472238466417,0.6843425721073589
2014-08-21,0.0,7.82310962677002e-08,0.009951208801725453,0.4466121315252908,0.524688834270038
2014-08-22,0.0,1.3224780567866468e-07,0.031134123449027978,0.44824276169407995,0.8313516654071863
2014-08-25,0.0,1.943406725130048e-08,0.039299460309881774,0.004089289949485861,0.6892756164215202
2014-08-26,0.0,1.3597309601875995e-07,0.043570054032439395,0.2266014791649116,0.7759230785369067
2014-08-27,0.0,2.0893175436270672e-08,0.021472628147420052,0.22624913315562067,0.5205188158170403
2014-08-28,0.0,1.3597309594590157e-07,0.04457426139041959,0.447164653177484,0.6422812733927563
2014-08-29,0.0,2.0346875788390673e-08,0.05660137287284085,0.22532844600950744,0.6362023630651409
2014-09-01,0.0,1.977483049531159e-08,0.049185167751453936,0.22768244327882786,0.5539179832397736
2014-09-02,0.0,0.2127659574468087,0.018385140705697498,0.8919900114346568,0.33374807151133945
2014-09-03,0.0,2.0529327359603e-08,0.04028914395853859,0.2275580685146603,0.6175444221936358
2014-09-04,0.0,2.220248576309536e-08,0.02932514762053823,0.6725685503036185,0.6530564377137047
2014-09-05,0.0,8.940696712839147e-08,0.055702542737114634,0.8892462319186474,0.8220388389549972
2014-09-08,0.0,2.2452380038506803e-08,0.027104573169403717,0.22531498893749663,0.7086570068726696
2014-09-09,0.0,8.754432184038263e-08,0.03920211488013864,0.22507410710137718,0.847592394458575
2014-09-10,0.0,2.3126884903662548e-08,0.03987830755424658,0.44592621031350727,0.9030448904701182
2014-09-11,0.0,8.568167678482674e-08,0.03422478296801057,0.00550794620887618,0.7273657891784489
2014-09-12,0.0,1.9124824959804165e-08,0.02083752488873658,0.4469608126100499,0.5788015658270388
2014-09-15,0.0,8.754432202426332e-08,0.02651615158742532,0.4469895692608891,0.4941896440738876
2014-09-16,0.0,2.175162809939235e-08,0.032736236784973546,0.007183563147280039,0.6073768667639532
2014-09-17,0.0,2.2721426920502275e-08,0.019497996571058156,0.22605504545786048,0.8943569564520127
2014-09-18,0.0,8.381903159743187e-08,0.02411994673704434,0.22861834755203508,0.7801063400927843
2014-09-19,0.0,2.1371469705044888e-08,0.05278026575345964,0.44829787174542773,0.8339456994328628
2014-09-22,0.0,9.126961239211417e-08,0.05725624485880197,0.4458208541008377,0.5930720316177802
2014-09-23,0.0,1.882269249145474e-08,0.05272403758951613,0.23074987390538249,0.8839214405700633
2014-09-24,0.0,2.0598347794803518e-08,0.06076277556985917,0.44491036076311374,0.7000829052755828
2014-09-25,0.0,8.381903159396242e-08,0.04218386501925222,0.22606264686517813,0.727322189143475
2014-09-26,0.0,8.381903164947357e-08,0.05152040402446925,0.4477760393503286,0.7549670856547197
2014-09-29,0.0,8.195638642738423e-08,0.04113598711982293,0.22817436041827055,0.6084440199641429
2014-09-30,0.0,8.195638656963156e-08,0.03251324855102855,0.22631018334410652,0.6690701004510352
2014-10-01,0.0,8.754432204854945e-08,0.03400463274960404,0.4464300015576468,0.7510310559133372
2014-10-02,0.0,0.06514695888531186,0.06750429171116087,0.6698705504212259,0.7741442578884683
2014-10-03,0.0,2.2259078004405186e-08,0.057753766144257326,0.44807334594246084,0.8444073930663093
2014-10-06,0.0,1.3547787690304514e-08,0.035111384471433624,0.28440425823328236,0.7989836453383362
2014-10-07,0.0,5.7741999640037456e-08,0.6399622255564088,0.6666666666666667,1.2071849982112643
2014-10-08,0.0,1.688547294695364e-08,0.022321766660199225,0.22624043579358127,0.818351903236651
2014-10-09,0.0,1.2577557797349703e-08,0.017388576778886118,0.2297460910690098,0.6547952546577008
2014-10-10,0.0,1.7013687760719653e-08,0.01692719852196665,0.22445351466751023,0.785007362146974
2014-10-13,0.0,1.8110567497064967e-08,0.03590961460484413,0.6675876221374624,0.8968768741809677
2014-10-14,0.0,1.619152266776891e-08,0.02381211223267787,0.22901243283277667,0.8928955925776851
2014-10-15,0.0,1.7730184743991462e-08,0.03168292636917433,0.4474942608129823,0.30818679846350955
2014-10-16,0.0,1.476774702524608e-08,0.045631010037066086,0.6680767461631318,0.5818176141913309
2014-10-17,0.0,1.6441852677961943e-08,0.03465990149783159,0.4514812565363443,0.5883525398925948
2014-10-20,0.0,1.5097744422709614e-08,0.0631941268470324,0.45273722362198304,0.5960711858251272
2014-10-21,0.0,1.702332743172552e-08,0.015572056081827454,0.889475475082879,0.5458923361119932
2014-10-22,0.0,1.7057871174591677e-08,0.030554419807553176,0.2248529822915753,0.5612379345564223
2014-10-23,0.0,1.748368496160002e-08,0.02371464177443542,0.2245846922617245,0.4154644110698927
2014-10-24,0.0,1.4150273761753818e-08,0.029727648270843475,0.6684561758370302,0.2921490790744373
2014-10-27,0.0,1.8969933471280065e-08,0.030909772066289466,0.44965087123716246,0.309848910347592
2014-10-28,0.0,2.0321209305562693e-08,0.010705799461357962,0.2278516891018254,0.326659301430096
2014-10-29,0.0,1.6835480835808436e-08,0.030225347035792823,0.4474244565149912,0.33427579852255046
2014-10-30,0.0,1.711804503354286e-08,0.015070499260295259,0.6666666666666667,0.40253469737297326
2014-10-31,0.0,1.8487920402932012e-08,0.027598870602885555,0.004407711587132601,0.3910509017928717
2014-11-03,0.0,1.633649916732427e-08,0.030659923114594548,0.22491547401239442,0.38193504770134235
2014-11-04,0.0,0.5833333333333335,0.010300473599756943,0.44852088243029153,0.2991113900719314
2014-11-05,0.0,2.43493072059342e-08,0.018752471236312327,0.22431447077573974,0.369032188913531
2014-11-06,0.0,2.5995985350468764e-08,0.02235665443515517,0.22476265696238146,0.47593773106303944
2014-11-07,0.0,2.0922576719761832e-08,0.013755049975527544,0.22821049903259316,0.38467438785599684
2014-11-10,0.0,2.5349605949076537e-08,0.038765325587502036,0.2292823698898781,0.6366040629137348
2014-11-11,0.0,2.1149715347112963e-08,0.012907350116920454,0.2267081778885905,0.5951267295151551
2014-11-12,0.0,9.499490248934817e-08,0.011783083025254423,0.4498417573009448,0.614800864593479
2014-11-13,0.0,8.381903175702643e-08,0.053876985798751054,0.22946621495516994,0.45965036662838304
2014-11-14,0.0,2.219785774984495e-08,0.029448472123299162,0.8892876039257003,0.5956724060015774
2014-11-17,0.0,2.180524370440362e-08,0.043654526041835055,0.22502471770184249,0.7903247817612241
2014-11-18,0.0,2.4373871698735172e-08,0.04343257058727969,0.44462778426248406,0.5233740413660511
2014-11-19,0.0,2.3482923123402388e-08,0.027883933412043857,0.44502835569093263,0.6038517043775333
2014-11-20,0.0,2.118771790654561e-08,0.014317939785327468,0.22714951519979337,0.835588648501594
2014-11-21,0.0,2.1242209290173175e-08,0.020876547591379906,0.2257402212670123,0.6452578782379628
2014-11-24,0.0,2.1874512201591756e-08,0.05699549518798214,0.6734279792494862,0.7715053429137743
2014-11-25,0.0,2.557749649231833e-08,0.019547548157039723,0.22606880145353864,0.487838042714798
2014-11-26,0.0,2.132704520277362e-08,0.033351451344495485,0.2282392832112915,0.6385250265028823
2014-11-27,0.0,2.3292612449932193e-08,0.027511866008511625,0.6699237017330599,0.7957134917362034
2014-11-28,0.0,2.234940869524915e-08,0.015620999086024502,0.2285302791749549,0.6980115882448739
2014-12-01,0.0,9.313225753093679e-08,0.0334239669085796,0.22500393402947977,0.872882055326983
2014-12-02,0.0,0.03135214302723774,0.02385230476308116,0.22560538557546353,0.8935653598533331
2014-12-03,0.0,2.1879689792586587e-08,0.025777595250137748,0.22514103113358458,0.7807302667981765
2014-12-04,0.0,2.13776776072927e-08,0.030299764248329673,0.22750070190052013,0.5884314276319429
2014-12-05,0.0,2.2986122227841577e-08,0.03373806153580808,0.22678731534696606,0.8826614322926154
2014-12-08,0.0,2.2926382532012513e-08,0.07369249316576439,0.6668988640642342,0.7688401519291822
2014-12-09,0.0,2.2155424064806972e-08,0.016521111348370088,0.22805396268315856,0.6516095036574895
2014-12-10,0.0,2.348101819926729e-08,0.045993749253183655,0.23036201306783066,0.560140489922291
2014-12-11,0.0,8.754432201732443e-08,0.03772704052428681,0.6686938292224165,0.6649533664115737
2014-12-12,0.0,2.6590914702778745e-08,0.02139394379212214,0.008292243566559401,0.5692745231952572
2014-12-15,0.0,2.0282518168462937e-08,0.04677105915721478,0.22529160307838247,0.3961126747235108
2014-12-16,0.0,2.3557796303974587e-08,0.0329654483122411,0.2288725981798408,0.18629734859552055
2014-12-17,0.0,2.1241909335667497e-08,0.04385401882760357,0.00939769963519732,0.3536048391080179
2014-12-18,0.0,2.2161535304793256e-08,0.02527092720125219,0.22742729206618784,0.2774452928623008
2014-12-19,0.0,2.2192867817766304e-08,0.04862132310779786,0.4467046718533406,0.3046240171550629
2014-12-22,0.0,2.070820990379696e-08,0.028353896346332785,0.4507884378276027,0.25877226617633564
2014-12-23,0.0,2.1804227479105265e-08,0.012673237570870577,0.44734300392858356,0.06465583465316478
2014-12-24,0.0,2.5859241692405277e-08,0.017512786723821314,0.4465507092990391,0.24917000571397227
2014-12-29,0.0,2.7177850116244517e-08,0.004539293939564704,0.40040413887821535,0.6376968839255002
2014-12-30,0.0,2.938990174491951e-08,0.8415095250280396,0.8888888888888888,0.8862384498720463
2014-12-31,0.0,2.786187523751149e-08,0.007796674256256924,0.4480954965820196,0.3294852812538145
2015-01-02,0.0,2.4108686991208828e-08,0.010892591483409843,0.9999322102550193,0.2978781259413251
2015-01-05,0.0,0.8333333333333335,0.849027631804347,1.1111111111111112,0.8611111848776796
2015-01-06,0.0,2.4527248773664745e-08,0.021573025242714535,0.6671653183075854,0.7604853086680688
2015-01-07,0.0,2.402584606264746e-08,0.01596969620773591,0.6688509229573711,0.364038177811472
2015-01-08,0.0,8.381903174314864e-08,0.06011716384462132,0.6701661654146938,0.4066593001118112
2015-01-09,0.0,2.0561730446760906e-08,0.03743024598514848,0.44764237326714185,0.7221401158526886
2015-01-12,0.0,2.168769496282974e-08,0.03312510760657647,0.44966490899322376,0.19121471617458055
2015-01-13,0.0,1.9688947323209804e-08,0.032280402206860945,0.4482113696574219,0.18969899088171946
2015-01-14,0.0,2.238173591601056e-08,0.028394000895735117,0.45076742275566484,0.40928948092705103
2015-01-15,0.0,2.3269086924654347e-08,0.0201252021082514,0.22602817703298667,0.23219210958386766
2015-01-16,0.0,2.1794317565937416e-08,0.03204410676627713,0.009852042544413561,0.5927784633339167
2015-01-19,0.0,1.827102706283834e-08,0.027967163414838823,0.2306506790282945,0.4070020260891636
2015-01-20,0.0,2.1876140607335337e-08,0.022216607987980776,0.2266584603901684,0.40108071116161104
2015-01-21,0.0,1.9653511311445993e-08,0.03938342343231194,0.22755427539691125,0.4352044249098708
2015-01-22,0.0,2.017461603331938e-08,0.01615693485831477,0.010238634995621013,0.5926202589067268
2015-01-23,0.0,2.4505732755530918e-08,0.03753736852666288,0.6686455157114644,0.4991962258360749
2015-01-26,0.0,1.9324653290769822e-08,0.04398196607270329,0.6697164351923393,0.4051890268163854
2015-01-27,0.0,2.051050007959021e-08,0.017341541595951356,0.006836561375378886,0.20723476298926816
2015-01-28,0.0,8.568167676401006e-08,0.022754239793320318,0.2282523834725988,0.3875500091462743
2015-01-29,0.0,2.3318763187757385e-08,0.01384275403571065,0.4465198083985388,0.27279564891744207
2015-01-30,0.0,2.1691938998508187e-08,0.01363898867202992,0.22979487610737162,0.2745169329096472
2015-02-02,0.0,1.8356998553181736e-08,0.012233528785716178,0.22674359353334753,0.14692922620593743
2015-02-03,0.0,0.07363805720036855,0.04985483017201499,0.44737839988889594,0.3793294218984972
2015-02-04,0.0,2.4970715040845137e-08,0.03980460764861692,0.4474615334393617,0.41700878656535234
2015-02-05,0.0,2.1578735347194122e-08,0.027522813711279136,0.2253835240721151,0.27650253124672297
2015-02-06,0.0,2.177787988139057e-08,0.049928795236853556,0.4478530466040024,0.7063664528221096
2015-02-09,0.0,2.393492995120261e-08,0.053775412846072006,0.4476295046864472,0.7239970294940531
2015-02-10,0.0,1.936620002904177e-08,0.042095039655939914,0.23419532515018623,0.7998833451075384
2015-02-11,0.0,1.855564352518102e-08,0.03137674380625934,0.45089220019292336,0.43912199722073436
2015-02-12,0.0,2.3005096539546743e-08,0.028899088586693263,0.2264470934984657,0.5433725688946832
2015-02-13,0.0,2.336001007907651e-08,0.04809062625915671,0.22604463372729494,0.3946294499282501
2015-02-16,0.0,2.431544313119538e-08,0.0333066868200047,0.8905565473819689,0.5416428344284802
2015-02-17,0.0,2.4795496732232802e-08,0.014903744891949016,0.4495429848785675,0.5650095340858865
2015-02-18,0.0,2.0118223375414912e-08,0.03151093023141992,0.6697763765826157,0.6100984144543045
2015-02-19,0.0,2.2679431020689034e-08,0.026430992393956933,0.6684454505733799,0.512811011413376
2015-02-20,0.0,2.36997821576046e-08,0.04972608964895381,0.2286903763673262,0.43494417551069825
2015-02-23,0.0,2.48332769348103e-08,0.06693924566861437,0.44813590742945186,0.4294776364323601
2015-02-24,0.0,2.3113593438511826e-08,0.03217689500551264,0.22841613352811047,0.4193098815503984
2015-02-25,0.0,2.627905704849498e-08,0.07223400018841725,0.4514773811000403,0.4014922777873057
2015-02-26,0.0,2.175617152752607e-08,0.029445744994026954,0.2266048764431054,0.4414895577123216
2015-02-27,0.0,2.308462337952122e-08,0.04820476266118462,0.22405635429534382,0.41426946512312757
2015-03-02,0.0,8.568167688891015e-08,0.036875870298338595,0.4452586438528785,0.39304379831137354
2015-03-03,0.0,0.03868316477485367,0.04909720882795493,0.2274562256531327,0.5506615983680458
2015-03-04,0.0,2.403725145663782e-08,0.05845778372051039,0.22829377648785437,0.3519889047045098
2015-03-05,0.0,2.215462055130124e-08,0.03257290756472065,0.44853607697956954,0.3199282397261674
2015-03-06,0.0,1.8998934706720982e-08,0.03685592222997207,0.2291980709536352,0.6422134442703815
2015-03-09,0.0,2.0714941605798343e-08,0.024711707948548205,0.4460893528646817,0.44035278160188485
2015-03-10,0.0,2.3038428477450967e-08,0.05917989357981519,0.4476751203170499,0.39130326237962826
2015-03-11,0.0,2.4368119067724736e-08,0.051829148593254014,0.22717331882090946,0.2796416960094332
2015-03-12,0.0,2.261117588650552e-08,0.10767311388888055,0.23221381165961819,0.48262127380519104
2015-03-13,0.0,2.5718373753563784e-08,0.05101260674832542,0.22695821947230205,0.4162093046047047
2015-03-16,0.0,2.52490727839505e-08,0.04325002886480707,0.44973685535349806,0.5207640181014742
2015-03-17,0.0,2.3215832648665335e-08,0.03681259615608313,0.22796833276474898,0.22272748494538785
2015-03-18,0.0,2.1854914520474944e-08,0.0275481217294195,0.23295216220400536,0.5859851965600933
2015-03-19,0.0,2.2793190664754936e-08,0.034928062075880964,0.6704991651840394,0.5558237122100023
2015-03-20,0.0,2.3275649602139126e-08,0.031166546498223528,0.2264733532480742,0.5875588195557856
2015-03-23,0.0,2.569068389621232e-08,0.07114757151644793,0.44932272239359655,0.6990961806849211
2015-03-24,0.0,2.4194247265352242e-08,0.02754473311026356,0.669913552661158,0.38360690632548694
2015-03-25,0.0,2.23662588762219e-08,0.03324430685238176,0.4449855537883784,0.33699649468387816
2015-03-26,0.0,8.754432209018281e-08,0.04278500120262278,0.6704287298116895,0.6013804907004875
2015-03-27,0.0,2.1488587163137618e-08,0.025034035897637648,0.669607666050398,0.7065143527699232
2015-03-30,0.0,2.219699346550641e-08,0.02163110170297381,0.4464646189476094,0.2703757496740554
2015-03-31,0.0,2.136962838628076e-08,0.03716875404121679,0.4459434844447908,0.29545866921256136
2015-04-01,0.0,2.383350716436694e-08,0.03128155235138473,0.2251839210880699,0.2050488791000508
2015-04-02,0.0,0.03903565702099522,0.019374825273760547,0.4489929541945632,0.2334918161325167
2015-04-07,0.0,2.4112190140368472e-08,0.021001842530611218,0.6681445821142645,0.43212971764911534
2015-04-08,0.0,2.2138915770075762e-08,0.04796855924638807,0.44726660856499617,0.6630518295128198
2015-04-09,0.0,2.3658294680956038e-08,0.020099724230469927,0.22685166582910526,0.3234485480314024
2015-04-10,0.0,1.84427116946273e-08,0.04458495975393247,0.0038722693553767257,0.6132344689328563
2015-04-13,0.0,2.3946179022321656e-08,0.06214799031145028,0.22922138767034206,0.4809747683205947
2015-04-14,0.0,2.604217117646579e-08,0.04318857838591284,0.004185687239137453,0.6907968545501552
2015-04-15,0.0,2.3748960367719896e-08,0.03349789549835002,0.4469119019673774,0.583935728777705
2015-04-16,0.0,2.3176868129554107e-08,0.038285975557113515,0.44827044965479335,0.5842468613496563
2015-04-17,0.0,2.4706485132058864e-08,0.0332228092635685,0.22527566790209236,0.4721647907393746
2015-04-20,0.0,2.3672338561597783e-08,0.03650472448745918,0.22661749649111632,0.4801296962636727
2015-04-21,0.0,2.3957717854711236e-08,0.03529782452063654,0.2259081663577743,0.31381263492376005
2015-04-22,0.0,2.4278473557959313e-08,0.06826864019017564,0.6775432411340313,0.37763003699916214
2015-04-23,0.0,1.9873510382489856e-08,0.03344768224591725,0.44827253348969137,0.6111324120817156
2015-04-24,0.0,2.6723125119004765e-08,0.02194523096662599,0.44541911492836084,0.6050397012181032
2015-04-27,0.0,2.2673871533790413e-08,0.0442972095627243,0.4480194385706383,0.7321079209553321
2015-04-28,0.0,2.180474808696764e-08,0.04607274078043597,0.450372747146095,0.7213263525838542
2015-04-29,0.0,2.1679045565659028e-08,0.050778701971355214,0.8906655289445008,0.45912187038427443
2015-04-30,0.0,2.271729493061314e-08,0.04880613875206874,0.2264350051878995,0.4294583126656751
2015-05-04,0.0,2.3928132326239693e-08,0.02481731571032573,0.4447550422470768,0.45261561435661063
2015-05-05,0.0,0.03525075384021526,0.022108324154064603,0.22579471763576076,0.43345581270992467
2015-05-06,0.0,2.272725994553748e-08,0.02999468464545396,0.2234747769176988,0.5590607548439894
2015-05-07,0.0,2.322580903990623e-08,0.053151710797813105,0.22693114609724585,0.25349477980386215
2015-05-08,0.0,2.0834687221998882e-08,0.03276437641480334,0.672981579203158,0.3726599666297969
2015-05-11,0.0,2.054283137348234e-08,0.05737726551619044,0.44901770921425616,0.4811325584346148
2015-05-12,0.0,2.136306524389009e-08,0.024445005212620757,0.2290371653915796,0.5956025622411601
2015-05-13,0.0,2.233139878571322e-08,0.020290505759874074,0.44479874036728817,0.6599339016067999
2015-05-14,0.0,2.094287259932215e-08,0.011147044467625124,0.2287736860084465,0.6535616687389948
2015-05-15,0.0,8.568167694789075e-08,0.03366924422652545,0.44575781123468927,0.7056559443805862
2015-05-18,0.0,2.2334952769209604e-08,0.032054779990201926,0.44503296852639534,0.6816586455338604
2015-05-19,0.0,8.754432213875507e-08,0.030681136760869025,0.22678079135558163,0.598983487337174
2015-05-20,0.0,2.290842414029437e-08,0.039132576597336724,0.6694989479623619,0.4854481289916026
2015-05-21,0.0,1.9136412749559684e-08,0.02734206529448077,0.22783335853908535,0.38631208160337843
2015-05-22,0.0,9.126961240946141e-08,0.030853620231761685,0.6679295902030997,0.478802048964517
2015-05-25,0.0,2.0156062246340367e-08,0.01457978825483229,0.22388071598696932,0.38593798605315927
2015-05-26,0.0,1.5214566915361383e-08,0.018585722648576396,0.6624424540487367,0.5058748821589758
2015-05-27,0.0,1.758743980312394e-08,0.5508102144557696,0.6666666666666665,0.7589814150473917
2015-05-28,0.0,6.705522523700602e-08,0.05235396057270513,0.44782444914426184,0.5042448393554748
2015-05-29,0.0,1.651013530057366e-08,0.04362754987670546,0.22590316333740912,0.7354937176834164
2015-06-01,0.0,2.0446505662186087e-08,0.03785928595529514,0.669924142225609,0.5736862525508987
2015-06-02,0.0,0.625,0.01359726867029301,0.22631619406732217,0.28886640385987494
2015-06-03,0.0,2.0163166379594255e-08,0.042940288026421414,0.22407060740413837,0.781677573749565
2015-06-04,0.0,2.155746519835744e-08,0.014834953231882365,0.44718231220714416,0.535000725966313
2015-06-05,0.0,8.754432194446604e-08,0.02302660065306498,0.667418362542117,0.44214086362911126
2015-06-08,0.0,1.981704627479486e-08,0.06284143276984808,0.4518792879487538,0.8709639195369668
2015-06-09,0.0,8.940696716308594e-08,0.02113982207197359,0.6697073277719832,0.6443790193118615
2015-06-10,0.0,1.9900507481490637e-08,0.02108504393727669,0.44632872768517384,0.7620654661772039
2015-06-11,0.0,2.149575067250664e-08,0.043983831675679444,0.453720459055911,0.79785314361985
2015-06-12,0.0,2.4094201987734376e-08,0.02420722349886068,0.4507475619193688,0.7337312103824082
2015-06-15,0.0,2.227473672525293e-08,0.022782382778291872,0.4481544274898941,0.7805550814266482
2015-06-16,0.0,2.2185160333809684e-08,0.025586157989605646,0.44597106651384355,0.6497230137124753
2015-06-17,0.0,8.568167686115458e-08,0.036419677160425136,0.22626813198656223,0.7438971124950424
2015-06-18,0.0,9.126961222558072e-08,0.021661439377008793,0.6679638524954961,0.9393754340972142
2015-06-19,0.0,2.3131908926526945e-08,0.028075260619275764,0.6696748875855034,0.6713513291176495
2015-06-22,0.0,2.324404497697219e-08,0.019701654650013417,0.4482298221895479,0.573237146253556
2015-06-23,0.0,8.754432215957175e-08,0.0942718877374451,0.6679678484869986,1.1204204942636284
2015-06-24,0.0,1.8820327980090257e-08,0.020767099088103223,0.4465071789033156,0.6660330339283538
2015-06-25,0.0,2.3225896136902513e-08,0.028368757747674545,0.45081189252702886,0.6820444580837541
2015-06-26,0.0,2.025025644045164e-08,0.033594016128284755,0.23572331888814546,0.7726408165378335
2015-06-29,0.0,2.978829663491389e-08,0.033831368420409264,0.6696741261984378,0.644017690688159
2015-06-30,0.0,8.940696716655538e-08,0.05577801743032805,0.4503871622833667,0.8611711646247986
2015-07-01,0.0,2.236641417907581e-08,0.011906738229078465,0.8895347931933765,0.509049969612738
2015-07-02,0.0,0.05473464231676472,0.037384279335721235,0.44929954324107024,0.27147869656641205
2015-07-03,0.0,2.291025933548463e-08,0.014603619629458593,0.6688962748265428,0.4185043949351826
2015-07-06,0.0,2.5489491784630447e-08,0.011064385447989745,0.22542585187826036,0.41315448526026854
2015-07-07,0.0,8.754432188895489e-08,0.01811564759722853,0.8900342660595246,0.7336066433691607
2015-07-08,0.0,2.2669900637262153e-08,0.013252623616923581,1.334210430728623,0.6948650032096576
2015-07-09,0.0,1.8619311332318533e-08,0.026093292858568276,0.22442907723847055,0.4800895350011238
2015-07-10,0.0,9.1269612305378e-08,0.025417618896085438,0.22634471113784432,0.656547042889421
2015-07-13,0.0,2.0789341022980912e-08,0.024315220652945106,0.4478865827519296,0.8150646237617272
2015-07-14,0.0,2.0792541785552565e-08,0.017968354732241752,0.671092529442266,0.8195788873575718
2015-07-15,0.0,2.1972403868586454e-08,0.006818040364391931,0.2253712759978584,0.5671603653243603
2015-07-16,0.0,2.295811962760297e-08,0.014041174133745185,0.4445908808925655,0.8195196137466212
2015-07-17,0.0,9.126961220129459e-08,0.013953445860195101,0.44827804329820764,0.6869300566346499
2015-07-20,0.0,2.330662519922644e-08,0.00720947385734629,0.2266914408845792,0.599445671097952
2015-07-21,0.0,2.3344075925774144e-08,0.03572419356544483,0.4477680993479146,0.9343114915364304
2015-07-22,0.0,2.3135990040445975e-08,0.00789810335788499,0.8896786012057596,0.5597096471660181
2015-07-23,0.0,2.487549427207525e-08,0.007019761864839278,0.6690274323374004,0.6453003751931797
2015-07-24,0.0,2.856345876489641e-08,0.013962408699123734,0.22683576006288192,0.8505568104680767
2015-07-27,0.0,2.3053912487358552e-08,0.006610324595019172,0.4449305637279499,0.43009563229723335
2015-07-28,0.0,2.3080512598361302e-08,0.04444941981899756,0.6715746775956146,0.7764422393136496
2015-07-29,0.0,2.3523474359382623e-08,0.025261220020077527,0.22724131724573393,0.8975201646031462
2015-07-30,0.0,2.6017119500454378e-08,0.03391151953328724,0.44928213649325355,0.5243369217769184
2015-07-31,0.0,8.754432210059115e-08,0.04376203302485612,0.6712048159992474,0.4793696022503992
2015-08-03,0.0,2.2495995861265827e-08,0.023696970451949333,0.6670144343634661,0.3010110617605716
2015-08-04,0.0,0.040051315290446594,0.04329330442579108,0.6727107531437321,0.5245489144293535
2015-08-05,0.0,2.247896535578775e-08,0.038830029624347215,0.45395467081840457,0.31654693888558694
2015-08-06,0.0,2.2458888828541523e-08,0.03518083267503058,0.8895450915194766,0.34210043185293415
2015-08-07,0.0,8.940696726023045e-08,0.03240763749739685,0.6681290127426682,0.3671452511733227
2015-08-10,0.0,2.5994150668756655e-08,0.04757984713761632,0.44647243221110144,0.5181426689550572
2015-08-11,0.0,2.348383347505756e-08,0.03334927787193456,0.6684337121028351,0.3434961882596205
2015-08-12,0.0,2.713511777427402e-08,0.044542122174680614,0.6685947878181495,0.600501891845864
2015-08-13,0.0,2.3385616457205494e-08,0.06382720517142036,0.0050328625198886034,0.946995308358215
2015-08-14,0.0,2.5577304600676865e-08,0.040408871252090445,0.6681103246077658,0.4407360328163492
2015-08-17,0.0,2.1886190255948623e-08,0.006612391574641201,0.44665596507625693,0.45194399618866055
2015-08-18,0.0,2.327696985507388e-08,0.014273306925941944,0.4484701668443394,0.49603545833147444
2015-08-19,0.0,2.261860439570218e-08,0.012987750576810985,0.22503448978436513,0.5035181920905478
2015-08-20,0.0,2.428386893654766e-08,0.017253671547682547,0.22727360693128856,0.5434337862077762
2015-08-21,0.0,2.012406456058935e-08,0.019030235213164496,0.22810433145092446,0.8236381082329464
2015-08-24,0.0,2.378865215577064e-08,0.04564099883261358,0.449469386974049,0.6916644370777003
2015-08-25,0.0,2.1682065833722453e-08,0.08773365656069579,0.23037530375811577,0.5211847456344237
2015-08-26,0.0,2.549789190550711e-08,0.05765817814952,0.4541043518536478,1.1674667313940494
2015-08-27,0.0,2.22307751096551e-08,0.012904640947098154,0.44836352289861536,0.7765261939687932
2015-08-28,0.0,2.317413412208924e-08,0.04049412858958436,0.4499122684877222,0.8329958602817987
2015-08-31,0.0,1.9914334722925808e-08,0.013241861174532797,0.6677047122871504,0.429717436822859
2015-09-01,0.0,1.980621690267359e-08,0.010707919603501532,0.22488156357384637,0.7305936722802543
2015-09-02,0.0,0.0329205488028909,0.006332926784625903,0.45075084755615547,0.718300466173786
2015-09-03,0.0,2.079509963878734e-08,0.021248981864839023,0.6701763960045559,0.6118410667933497
2015-09-04,0.0,2.4910679730788532e-08,0.024331575189415238,0.671233284763058,0.7192888582574757
2015-09-07,0.0,2.092759531294175e-08,0.006638922848707847,0.8936530559408933,0.7274484144505157
2015-09-08,0.0,1.8708410987056112e-08,0.012068633315874149,0.2282907388103399,0.4486036743897285
2015-09-09,0.0,2.0228519633652686e-08,0.017521937573082343,0.6673192740340093,0.8953495499325876
2015-09-10,0.0,2.25419597293941e-08,0.025223061648001456,0.22893585632393043,0.6939725835456396
2015-09-11,0.0,8.195638639268976e-08,0.009655725804239932,0.006160259829206191,0.7697454624338864
2015-09-14,0.0,2.5509196234507758e-08,0.004200619078269388,0.44596851445405206,0.2916814088893255
2015-09-15,0.0,2.115883861522616e-08,0.0065895380342000185,0.22778633874903298,0.488981291398392
2015-09-16,0.0,2.4155856731544745e-08,0.015876045420531518,0.22749196010967346,0.3019645771722198
2015-09-17,0.0,2.5376805087851118e-08,0.032794781354288274,0.2272729560352671,0.7797648384289464
2015-09-18,0.0,2.381547921023741e-08,0.01992455956636065,0.22647483780026745,0.4058079008788173
2015-09-21,0.0,2.1875051291198044e-08,0.023479361726246414,0.0059459334686763204,0.22705916099789367
2015-09-22,0.0,2.1787816058271847e-08,0.05919627981713478,0.6718471265537547,0.7034083781199901
2015-09-23,0.0,1.9989754533947246e-08,0.05943587897036148,0.6691583500105613,0.680444268858248
2015-09-24,0.0,8.195638667718441e-08,0.016429740351346044,0.22700945964833105,0.2216380752225905
2015-09-25,0.0,2.1956287361152294e-08,0.0416321753183589,0.22622552444525715,0.4081139200273308
2015-09-28,0.0,2.5415863226518898e-08,0.041975230894399744,0.44883183837795726,0.6524878966924145
2015-09-29,0.0,2.2254522339532068e-08,0.011902690294145417,0.44723865973216054,0.5218042255142901
2015-09-30,0.0,2.3513366479571696e-08,0.022370205577467685,0.22586610273702545,0.4014848409793622
2015-10-01,0.0,2.078098004787421e-08,0.03120854527953262,0.44808334732756805,0.40397449051408413
2015-10-02,0.0,0.11238352774384758,0.09801983336850215,0.6670121244940934,0.5275747190527509
2015-10-05,0.0,2.1467413333087215e-08,0.026005335056849214,0.4480581738547587,0.379164580150712
2015-10-06,0.0,2.1646773103178862e-08,0.03610978266272917,0.22673628649055944,0.39835904456490406
2015-10-07,0.0,2.3396136354658648e-08,0.01593075407767434,0.006754172668300848,0.1439667488858665
2015-10-08,0.0,2.2474155664947704e-08,0.019596201317970276,0.010422531232567006,0.27975657086406375
2015-10-09,0.0,2.3143272322861952e-08,0.014847353813709694,0.005380735190202129,0.14462750451284376
2015-10-12,0.0,2.008553075943942e-08,0.020034812758771406,0.4477136184801005,0.337062378907839
2015-10-13,0.0,1.9908605090879217e-08,0.013218364938524175,0.2256818405881334,0.3418073826204632
2015-10-14,0.0,8.940696717002483e-08,0.02003266755925869,0.4555392313453494,0.667128201580737
2015-10-15,0.0,2.226710660649389e-08,0.023867827554431578,0.45098587269162316,0.5599148207759079
2015-10-16,0.0,9.313225745113951e-08,0.024570269785177134,0.44898438702584925,0.44153350042748885
2015-10-19,0.0,2.0933252548038794e-08,0.036229887195986944,0.4470996251021111,0.6022060870630102
2015-10-20,0.0,2.077654817980723e-08,0.01610898908253097,0.45049222093429886,0.7023844302073882
2015-10-21,0.0,2.4970006170382808e-08,0.03516384683232066,0.4480556505630915,1.0058666046216385
2015-10-22,0.0,2.486638177312539e-08,0.01603287731035315,0.23245151833649896,0.4685941641531884
2015-10-23,0.0,2.249525088426907e-08,0.05076441270934649,0.22818075268164895,0.7337308892139648
2015-10-26,0.0,2.377808310319307e-08,0.05282678238864827,0.4476098747322328,0.6184499097035626
2015-10-27,0.0,2.075650984423305e-08,0.04635303832724561,0.4462503721916613,0.39875841559935915
2015-10-28,0.0,8.754432200344664e-08,0.03483892254518197,0.45273673290367256,0.39234550563671994
2015-10-29,0.0,2.2279866798702308e-08,0.039294573431410754,0.6687726493865388,0.3382988558717081
2015-10-30,0.0,2.0024790780420743e-08,0.053605675603469044,0.22609625223434698,0.3797847692396468
2015-11-02,0.0,2.051963188254291e-08,0.023393035376044057,0.4454861965742995,0.3598073192810591
2015-11-03,0.0,0.040966534811661105,0.048393920652282874,0.4489056389372025,0.490092690683196
2015-11-04,0.0,2.4130413691508812e-08,0.014019360769436552,0.2288247656536331,0.4857802075815755
2015-11-05,0.0,2.4985891879797384e-08,0.03857664851999665,0.6682131668468951,0.49006288954818034
2015-11-06,0.0,8.754432194446604e-08,0.019327231334405573,0.4478809170773057,0.5326125501036425
2015-11-09,0.0,2.2954125992319385e-08,0.04820315603696884,0.2281161664577051,0.43169778193746544
2015-11-10,0.0,1.992719191046266e-08,0.026853406349484445,0.005172185263945792,0.3793964419500949
2015-11-11,0.0,2.2408322596784158e-08,0.03748261815886467,0.23197563301826563,0.6402382147274246
2015-11-12,0.0,2.3941473411420722e-08,0.035338442557734134,0.4473443371581953,0.4226254942187296
2015-11-13,0.0,2.0021891557892024e-08,0.03478487038623926,0.4496338464819054,0.5724290984946983
2015-11-16,0.0,2.0131210701906932e-08,0.024444750813256422,0.22646202537400992,0.4580005419487781
2015-11-17,0.0,2.0793130616619804e-08,0.012387194257468382,0.45053296765012946,0.26558676734057113
2015-11-18,0.0,2.5007059853421332e-08,0.0367081371533905,0.2255334473568426,0.8577857738077984
2015-11-19,0.0,2.1990340097477468e-08,0.026786877379684354,0.4444444444444445,0.5248682348425985
2015-11-20,0.0,2.345971388678647e-08,0.05072851804842092,0.22861734932210526,0.5708914483338936
2015-11-23,0.0,2.0233712729605946e-08,0.043416955718926106,0.4458618315472742,0.6701423029569129
2015-11-24,0.0,2.3676917759729577e-08,0.012220319261561197,0.22731029874365027,0.5144116342222346
2015-11-25,0.0,2.4675912698585156e-08,0.038448302912752925,0.6707449359659956,0.2888446350843979
2015-11-26,0.0,2.317293901557549e-08,0.06469904413351356,0.8920374606843602,0.5557323310654622
2015-11-27,0.0,2.0388165117984913e-08,0.04999834864693234,0.4459578234670241,0.5480300659774154
2015-11-30,0.0,2.0028112543424292e-08,0.021596530450311735,0.446487795150351,0.546108069229408
2015-12-01,0.0,2.4345226324468117e-08,0.01608662024239856,0.23162707297004367,0.5659385683714176
2015-12-02,0.0,0.035497035503282245,0.02331108881034861,0.22476841409883255,0.6333083599635445
2015-12-03,0.0,2.6181152006782282e-08,0.026246636976613495,0.44928885097716864,0.5142667639785299
2015-12-04,0.0,1.962188348261784e-08,0.0691470911746981,0.6707523203616257,0.7481945681822112
2015-12-07,0.0,2.2077596924241494e-08,0.05142605552554433,0.6690490239095686,0.6474896536132367
2015-12-08,0.0,2.5259953986139783e-08,0.028265272370724678,0.22747558646100888,0.6521219459086507
2015-12-09,0.0,2.405500254196169e-08,0.0185004453947314,0.44773613483513647,0.4482553692628512
2015-12-10,0.0,2.360350757207863e-08,0.029705333858437474,0.45232256237487817,0.5402366490510542
2015-12-11,0.0,2.4280418786659652e-08,0.026950762642962617,0.22690478549019438,0.6529850674288856
2015-12-14,0.0,2.023758744959525e-08,0.021187998477778625,0.4494411792080566,0.5973746313276665
2015-12-15,0.0,2.1952249976142646e-08,0.019349306515909957,0.22785409159222414,0.6602455866184935
2015-12-16,0.0,2.1022438696088885e-08,0.08158877060960645,0.4492624493308859,0.8683912720792504
2015-12-17,0.0,2.130532921959527e-08,0.0212271976143582,0.22683046994911082,0.6785701462430856
2015-12-18,0.0,2.1552602424979028e-08,0.030202433773412876,0.4467456878939249,0.5980592168984317
2015-12-21,0.0,2.6766445532233618e-08,0.011276189367825653,0.4499112708316661,0.8611218345388315
2015-12-22,0.0,2.0980365521283684e-08,0.01627250456209539,0.22656707027065098,0.6939418246289455
2015-12-23,0.0,2.6285737537989906e-08,0.011493330828936011,0.2276842893992032,0.666770950121628
2015-12-24,0.0,2.0146891144962042e-08,0.0537275032027976,0.8893154859408754,0.6803103026888624
2015-12-25,0.0,2.5201525102880318e-08,0.012909198482647592,0.4010611650437147,0.6487060745667219
2015-12-28,0.0,0.0,1.0,1.0,1.0
2015-12-29,0.0,0.0,1.4799724523349829,1.5555555555555556,1.639750002952416
2015-12-30,0.0,0.0,0.027290519063585067,0.22557017316667527,0.9288667409510488
2015-12-31,0.0,0.0,0.009611255642442543,0.44816485820677465,0.7471283668658182
2016-01-04,0.0,0.0,0.024656204106137197,0.9999999999999999,0.5476145751286265
2016-01-05,0.0,1.0000000000000002,1.5837078198487085,2.0000000000000004,1.7297236319141251
2016-01-06,0.0,2.0422171051470706e-08,0.02120662352742523,0.666766459659834,0.6732064710575747
2016-01-07,0.0,2.538436812485334e-08,0.012990087143620592,0.4444444444444444,0.6758666011755715
2016-01-08,0.0,2.0359639481271063e-08,0.05937474996507484,0.2268725310067825,0.5461953103366367
2016-01-11,0.0,2.0221212322646398e-08,0.010175280571789451,0.22628078755810008,0.8552464518585163
2016-01-12,0.0,2.35298863900113e-08,0.02566075462777984,0.4505559108378574,0.6673704682618515
2016-01-13,0.0,2.492715965238257e-08,0.042365800098242035,0.44755579373204146,1.1483542578878623
2016-01-14,0.0,9.499490258996213e-08,0.0611366949481634,0.45103738822223405,0.9623028268729755
2016-01-15,0.0,2.1091728214656102e-08,0.020916521477150472,0.2246569390667711,0.646809131279387
2016-01-18,0.0,1.8081654791501922e-08,0.0465323729557102,0.23232913948755007,0.615715027907544
2016-01-19,0.0,1.7495210391516025e-08,0.021606083321782002,0.4495568569102122,0.44259062138595473
2016-01-20,0.0,2.419247981111372e-08,0.043676648970449566,0.01264922742243528,0.5509430071729203
2016-01-21,0.0,2.4699135684619344e-08,0.03313768519516139,0.009239792797655716,0.5668879171775123
2016-01-22,0.0,8.940696703124695e-08,0.05156799305447902,0.23071734002994432,0.42165071934335163
2016-01-25,0.0,9.313225737828112e-08,0.05481400239391847,0.2286825595815644,0.5401592940851185
2016-01-26,0.0,2.1379729497200683e-08,0.011444466797958078,0.22655634027911908,0.33489850001906746
2016-01-27,0.0,1.8912317729241623e-08,0.048321053989493316,0.6692459117268753,0.5226374005826118
2016-01-28,0.0,2.244517119040501e-08,0.0237153166388858,0.2294689105265762,0.3902380180375509
2016-01-29,0.0,2.3145598555818214e-08,0.011328068349833418,0.2279509255309273,0.33834062414557137
2016-02-01,0.0,8.38190315557985e-08,0.04009753000340739,0.23546200249599122,0.6294882585491511
2016-02-02,0.0,0.10400996443010208,0.05800673762794771,0.45896416509820237,0.9626995312450275
2016-02-03,0.0,2.0922365229214535e-08,0.014078720656585301,0.227538387042683,0.8013948034005193
2016-02-04,0.0,2.3431112050609215e-08,0.01894728920975594,0.2336426383604495,0.6319453905757867
2016-02-05,0.0,2.2363292172949967e-08,0.047717981742141036,0.23101619870094936,0.7170527135285382
2016-02-08,0.0,2.026114562930781e-08,0.020028094841235987,0.4532110748824275,0.6367140165451798
2016-02-09,0.0,2.5338538257174692e-08,0.025215427234672554,0.4532638826489391,0.6886522397159971
2016-02-10,0.0,2.443608891275484e-08,0.027950097966243658,0.234178209667208,0.663478089583276
2016-02-11,0.0,2.4549259621670094e-08,0.057208059276818476,0.44980217900345676,1.0243438189665601
2016-02-12,0.0,2.1481552044122498e-08,0.03143524986049399,0.007312967671503565,0.6067467375565806
2016-02-15,0.0,8.754432185426042e-08,0.04959307301716043,0.44844814001571887,0.5318499639395434
2016-02-16,0.0,2.3928949904883368e-08,0.033447067628933035,0.23155051728640683,0.6371636779014379
2016-02-17,0.0,2.0749720858193044e-08,0.019858170417021252,0.44604674898049024,0.3225632108922212
2016-02-18,0.0,2.1922604540730584e-08,0.04402037039599323,0.45650128484792885,0.8386536020921406
2016-02-19,0.0,2.2292467677376138e-08,0.019549863938886174,0.008293089112333896,0.3366862968665692
2016-02-22,0.0,2.1633022404682345e-08,0.024800600387991267,0.44816083490264597,0.5436136723053981
2016-02-23,0.0,2.1783848190570776e-08,0.023392913296437914,0.22743393001121726,0.4933458982599094
2016-02-24,0.0,2.1210483345385223e-08,0.03301546806024097,0.22950986274224483,0.5453983286117513
2016-02-25,0.0,8.754432209712171e-08,0.015591678665012576,0.4483128514930498,0.6379125809749104
2016-02-26,0.0,2.3741401643240234e-08,0.030776644596549177,0.2294796180795436,0.6440694589269504
2016-02-29,0.0,2.1979094391721965e-08,0.043843285093639134,0.4515588631897964,0.765636500940971
2016-03-01,0.0,8.940696706247198e-08,0.02818966102711837,0.6695212368792312,0.28265350589549
2016-03-02,0.0,0.034716512269696645,0.026637473489230276,0.45190793882510494,0.7478326883760422
2016-03-03,0.0,2.3697273109080097e-08,0.024796581009547892,0.8949473262475701,0.7184308110466848
2016-03-04,0.0,2.021248174041701e-08,0.01510430753407241,0.4473177597565739,0.38099087725495195
2016-03-07,0.0,2.500316362633037e-08,0.03180039926491602,0.23246923512475814,0.7930485750827725
2016-03-08,0.0,2.4892861823916368e-08,0.05129221472313754,0.2308726733795105,0.683284004553448
2016-03-09,0.0,2.3112780123818455e-08,0.02411772695086825,0.4577288794578388,0.6214358349650322
2016-03-10,0.0,2.3040977532168272e-08,0.030772109929147883,0.8922783539113732,0.8244785899951174
2016-03-11,0.0,2.12491457173003e-08,0.06554814045571433,0.8929256307889826,0.7068950263602823
2016-03-14,0.0,8.381903180559869e-08,0.05532652900777732,0.2325401872803437,0.4677873048064811
2016-03-15,0.0,2.2045109838303434e-08,0.0420575436993502,0.23100252078426425,0.529006662944506
2016-03-16,0.0,2.060436708750668e-08,0.01804885088478436,0.22931155227536495,0.41235364936100194
2016-03-17,0.0,2.430038555101266e-08,0.04350073849053501,0.6710221949593698,0.996979652168373
2016-03-18,0.0,9.126961229496966e-08,0.015256182037748176,0.4531529136502973,0.7766747536443986
2016-03-21,0.0,2.1428034673032226e-08,0.022706265381686134,0.45469708194081654,0.7045302054435885
2016-03-22,0.0,2.109253896195873e-08,0.026693789452185302,0.22893240085151256,0.859389317952402
2016-03-23,0.0,2.2064949468242334e-08,0.03524736430769465,0.4491898003137615,0.7726325359408089
2016-03-24,0.0,2.2316375337949612e-08,0.03873846509231744,0.010769357190398801,0.8582638854280993
2016-03-29,0.0,2.123401099743405e-08,0.0484010199149586,0.22332282144685697,1.013993389963693
2016-03-30,0.0,2.1635550736393006e-08,0.04021738056396836,0.6721438184446672,0.8069816970390032
2016-03-31,0.0,2.4157645120426174e-08,0.04082730738263708,0.6704018240731251,0.6710230800717542
2016-04-01,0.0,2.1013392258878438e-08,0.042158254621765104,0.44933164790784497,0.9616893654448808
2016-04-04,0.0,0.03250000358092052,0.03367434769460995,0.6686942811892992,0.6169564266035287
2016-04-05,0.0,2.314588693624886e-08,0.03161502520214348,0.6696025479026577,0.2793197503420097
2016-04-06,0.0,2.3178353597552714e-08,0.03708626053351396,0.22699840571654903,0.8296525344413771
2016-04-07,0.0,2.37756094742525e-08,0.01491113435800827,0.2274166099913521,0.2721758085650362
2016-04-08,0.0,2.445537270953646e-08,0.017307219779839445,0.22449409725399527,0.38880405240117444
2016-04-11,0.0,2.3535138407582146e-08,0.04732658280426187,0.22940750619631256,0.7222368452276329
2016-04-12,0.0,2.1088695664750468e-08,0.037182852490745745,0.6686044046951825,0.8926746111224935
2016-04-13,0.0,2.1887751347482443e-08,0.08600272271589562,0.6689004412935521,0.9434656560338299
2016-04-14,0.0,2.2418541606450404e-08,0.09381322733101365,0.6707475284023909,0.8531027962926546
2016-04-15,0.0,2.094123073559384e-08,0.022510616392208815,0.44576776875678525,0.7187841786467554
2016-04-18,0.0,2.185205546026414e-08,0.016206181016288727,0.4500742213350791,0.48980439627032074
2016-04-19,0.0,2.517261052381592e-08,0.01695732334817245,0.22546211000503613,0.37620201241772794
2016-04-20,0.0,9.126961222558072e-08,0.048914263028286366,0.23040094608213615,0.44672783481985406
2016-04-21,0.0,2.2762696099548618e-08,0.043610338474594564,0.445414206623045,0.616201785075681
2016-04-22,0.0,2.279550446668277e-08,0.027921370141629924,0.44909742864435964,0.485409865734263
2016-04-25,0.0,8.754432204508e-08,0.01450409927037806,0.888888888888889,0.556126355775828
2016-04-26,0.0,1.871517605819828e-08,0.03343326248946012,0.2287359139659414,0.7621122909409319
2016-04-27,0.0,2.3449436337141805e-08,0.057505939498518344,0.6750393352909485,0.509133068672525
2016-04-28,0.0,2.379472247016068e-08,0.03550408656521581,0.45528916820739984,0.6008486162617422
2016-04-29,0.0,1.952246397526891e-08,0.02903036267869545,0.46035194976892735,0.7508012232048314
2016-05-02,0.0,2.50893833868282e-08,0.03728630947588027,0.45296581954501625,0.7891241649848688
2016-05-03,0.0,0.037981403556096645,0.027147748342147157,0.23548157309563916,0.4325849668421765
2016-05-04,0.0,2.6067192147871676e-08,0.035374042322057875,0.2292403352989062,0.6755142958520228
2016-05-05,0.0,2.5454635909499812e-08,0.027517728274549805,0.22703470363292183,0.8111940163036242
2016-05-06,0.0,2.2407696961823653e-08,0.023150278478754765,0.23137685736199862,0.9322209857608633
2016-05-09,0.0,2.2861676187563296e-08,0.054894747779977736,0.4498318685664455,1.0031577432541818
2016-05-10,0.0,2.0019271938093164e-08,0.032563000536878495,0.8948461729852092,0.8003500136790092
2016-05-11,0.0,2.1100825739472917e-08,0.029178756752346886,0.6710289491703364,0.9422392824343169
2016-05-12,0.0,2.144653258456808e-08,0.07672540488071886,0.8893181194357379,0.9971579533255513
2016-05-13,0.0,2.355216241825553e-08,0.022618739711035125,0.45213267331963375,0.6428857928970538
2016-05-16,0.0,2.2223652407921124e-08,0.024773318868262853,0.22561824106632988,0.4968614244140074
2016-05-17,0.0,1.4488366895104576e-08,0.01708305289626082,0.6666666666666665,0.610243817498484
2016-05-18,0.0,1.522930383190957e-08,0.5715815048865176,0.6666666666666665,0.9680614854730322
2016-05-19,0.0,1.6812998663434664e-08,0.034409900697210186,0.6673809057330794,0.6458219487897123
2016-05-20,0.0,1.5207379688852996e-08,0.04563732802238009,0.44528943585966546,0.7701667264934124
2016-05-23,0.0,7.264316078531285e-08,0.032869320107514255,0.22524601511175335,0.7505879479854783
2016-05-24,0.0,1.625394122420354e-08,0.022867240076039887,0.22742420677226632,0.5327644388886108
2016-05-25,0.0,1.765693672869939e-08,0.06885777055639601,0.8907778837673299,0.4334918101684432
2016-05-26,0.0,1.508185168766496e-08,0.047825854057892025,0.8905109299797143,0.4386951570411099
2016-05-27,0.0,1.772316214967984e-08,0.024749198521089665,0.6679441360346507,0.49789255214086203
2016-05-30,0.0,1.436818589453659e-08,0.06020021522738437,0.44780470796380106,0.647485180692481
2016-05-31,0.0,1.67962616419437e-08,0.014727337477175249,0.4484961119631513,0.3243704186478041
2016-06-01,0.0,1.7673483284491587e-08,0.05100946744232042,0.6709444133906186,0.31023384759010325
2016-06-02,0.0,0.6250000000000003,0.05307601058546083,0.4489103041722033,0.46250722599636707
2016-06-03,0.0,2.397768442824466e-08,0.018486974919881573,0.8900411508857593,0.44728095631302184
2016-06-06,0.0,2.178985872985928e-08,0.032827543671484535,0.6684916716828195,0.5215275644843186
2016-06-07,0.0,8.754432209018281e-08,0.038714882768605394,0.8907012193843103,0.3029527422394977
2016-06-08,0.0,2.1270933434763828e-08,0.037401879620010535,0.668718770144761,0.27956417010692863
2016-06-09,0.0,2.576392715489262e-08,0.028148863003911492,0.45286626198539204,0.16937930986607136
2016-06-10,0.0,2.329112788745924e-08,0.03436701012697414,0.4500985860200543,0.14718545390008983
2016-06-13,0.0,2.2238666914919936e-08,0.049883279390430746,0.011164017791850542,0.5441751108124255
2016-06-14,0.0,2.0567080566413765e-08,0.03389982799573009,0.44888120879246285,0.8821721365410905
2016-06-15,0.0,2.3487106561720372e-08,0.03299732618770855,0.22443501649960473,0.32845410679445153
2016-06-16,0.0,9.126961231578634e-08,0.03489885314817406,0.44975393001368846,0.4755256711006906
2016-06-17,0.0,2.3517890225532856e-08,0.02921101447504153,0.004834812591758386,0.19384231068637242
2016-06-20,0.0,2.3409773002025513e-08,0.04986222709530835,0.23433125338480842,0.41720691993334447
2016-06-21,0.0,2.1788053635590776e-08,0.06567607278516453,0.44892288703239,0.5540741311470183
2016-06-22,0.0,2.3404027660323123e-08,0.03214544883947298,0.44764839463270256,0.4345148270049856
2016-06-23,0.0,2.2147014812345933e-08,0.03680210878018794,0.22642101585650537,0.4134065267427608
2016-06-24,0.0,2.233956636343848e-08,0.032576082617735244,0.005285906862596432,0.43085238091549866
2016-06-27,0.0,2.078768822355581e-08,0.12259450126540322,0.6666666666666665,1.0495473477854889
2016-06-28,0.0,2.4790992370071763e-08,0.044956188379838474,0.4488959700614558,0.47339546652939973
2016-06-29,0.0,2.043152298736306e-08,0.033491940665496975,0.22760127388007942,0.28930058112733437
2016-06-30,0.0,2.1561232695088695e-08,0.03670282384265261,0.23315983759623166,0.7703114082456054
2016-07-01,0.0,2.0154780507736225e-08,0.02436440456551779,0.4480416883003682,0.39414982152496353
2016-07-04,0.0,0.10152174009671347,0.01374230763392554,0.22884846572901596,0.7317014230821695
2016-07-05,0.0,2.071275230497438e-08,0.0062447879381569505,0.23156580726309456,0.23636359952875638
2016-07-06,0.0,2.2603357994338547e-08,0.013020798097591732,0.44935786176634007,0.6029293256943218
2016-07-07,0.0,1.974784296851495e-08,0.009044673073430027,0.22740723378826652,0.41616105755594207
2016-07-08,0.0,2.4044662861461008e-08,0.011203151665024016,0.007329423655984782,0.5315275019039133
2016-07-11,0.0,2.0428795634297447e-08,0.03254009279711636,0.2317538994906507,0.6992376298801508
2016-07-12,0.0,2.1945009611584743e-08,0.025026119207199375,0.4471694737181873,0.6858324214641902
2016-07-13,0.0,2.2024061505088177e-08,0.03451007098657244,0.44996424865533274,0.24041119437278288
2016-07-14,0.0,2.2250202846851863e-08,0.01409764694190162,0.4505898050359186,0.13326060225836883
2016-07-15,0.0,8.940696713879981e-08,0.014392826814844795,0.22937626764592056,0.09337478558036891
2016-07-18,0.0,2.456073253109814e-08,0.006819444031409753,0.44636501398185635,0.09930842362625804
2016-07-19,0.0,2.1300063022394733e-08,0.022767170301744744,0.22575218556119953,0.3630229054737772
2016-07-20,0.0,2.4598859491020697e-08,0.0051372813355655056,0.007915457932661657,0.18559764112017552
2016-07-21,0.0,2.0717968490097105e-08,0.021946221470323338,0.22713361279938507,0.11522203017954115
2016-07-22,0.0,2.6287708312228153e-08,0.011271377850445272,0.6696959882484882,0.4661105024094136
2016-07-25,0.0,2.1565998639672124e-08,0.1262815463361998,1.1128068498714914,0.6269664018471867
2016-07-26,0.0,2.3319665070492546e-08,0.08034654916222198,1.1145027083113985,0.32281660897541226
2016-07-27,0.0,2.2046934798625184e-08,0.04696183429646272,0.6715739330940111,0.21583909967927392
2016-07-28,0.0,2.3240303407418006e-08,0.10821744961723528,0.6770328805007949,0.29568880125011743
2016-07-29,0.0,2.1255202157371977e-08,0.03997619867857191,0.2321242451904107,0.23967652915394708
2016-08-01,0.0,2.3651792840223562e-08,0.09445936767681158,0.4516460370836301,0.43001508511934855
2016-08-02,0.0,0.04463241472659431,0.016577051944917695,0.22612303344355722,0.06985363463110703
2016-08-03,0.0,1.9278661576860312e-08,0.06923688396841908,0.4483006263270455,0.08416313455133966
2016-08-04,0.0,2.1070428068981073e-08,0.06416423611571359,0.22588071866100717,0.13253115509442706
2016-08-05,0.0,1.8457288735590494e-08,0.02532801343775459,0.22677665915714934,0.12725378751403416
2016-08-08,0.0,2.1600899971496723e-08,0.04856319554161856,0.6763644179920907,0.034222895269133635
2016-08-09,0.0,2.162844888950466e-08,0.06323513477527846,0.6700307717286327,0.6119915673151864
2016-08-10,0.0,2.365746139612601e-08,0.08061439191615732,0.8924956922867422,0.3817884030851424
2016-08-11,0.0,2.146155797522198e-08,0.0315925018948772,0.4461538833956016,0.40002593201012343
2016-08-12,0.0,2.1576592467570377e-08,0.05025440604508263,0.4479072249635274,0.25258076530925716
2016-08-15,0.0,1.9855399928381257e-08,0.009408810050122333,0.44596867762451037,0.3255622092714273
2016-08-16,0.0,1.8285249665100922e-08,0.009924766050957904,0.6666271449073133,0.23381053821466544
2016-08-17,0.0,1.902555342089829e-08,0.1699920069861313,0.22222222222222232,0.5912518184340919
2016-08-18,0.0,2.110673504376881e-08,0.061525728704904206,0.22618268312254214,0.3184194774204516
2016-08-19,0.0,8.381903150028736e-08,0.017427894091084424,0.22353913623568378,0.18093359698459321
2016-08-22,0.0,1.9133243513852483e-08,0.012672682960716183,0.22478161014092315,0.16656367990521767
2016-08-23,0.0,1.6368040676312257e-08,0.016427841292756973,0.003944633078221127,0.17095456654921484
2016-08-24,0.0,1.8023908508052466e-08,0.03130261769396015,0.2253453859073029,0.11953350355524828
2016-08-25,0.0,8.009374163550631e-08,0.05053960192576905,0.44669101397504724,0.12392173847983899
2016-08-26,0.0,1.752860532069911e-08,0.044416647247988335,0.4501298435366152,0.10967534128876041
2016-08-29,0.0,8.009374123651991e-08,0.10466885673524057,0.22632391436472815,0.45988422580788885
2016-08-30,0.0,2.1459081803176794e-08,0.03227706722452002,0.44544107950232564,0.4915456685873703
2016-08-31,0.0,1.8398838216859836e-08,0.06711573664798293,0.6686246566693176,0.40708559819847806
2016-09-01,0.0,1.905019769363192e-08,0.03595783051256676,0.013105448302712153,0.4981426524599124
2016-09-02,0.0,0.2119405201499898,0.025799513494063314,0.44733571726544463,0.6171288828964783
2016-09-05,0.0,2.0009713788682326e-08,0.09933723153100468,0.22597478031277907,0.47210949659312196
2016-09-06,0.0,2.4802148803487745e-08,0.018219107739523246,0.22531299136700972,0.2857766184709048
2016-09-07,0.0,2.6581392136015847e-08,0.07540829875346432,0.44843152811917114,0.42741810318903617
2016-09-08,0.0,2.1130763069865388e-08,0.03792017163840762,0.4467676012343787,0.4286078362899214
2016-09-09,0.0,2.3027098304539972e-08,0.031489914540749855,0.22347360370981612,0.43661819536754126
2016-09-12,0.0,2.1003499779681523e-08,0.0352698985714513,0.22857820040931817,0.33076831691197506
2016-09-13,0.0,2.1542994266959825e-08,0.030571310934022777,0.2253054963494635,0.5178840975410591
2016-09-14,0.0,2.1046710249605916e-08,0.038375218889511564,0.22495727563263807,0.32690392218966
2016-09-15,0.0,2.2493767883047244e-08,0.02617746226270216,0.44736151771159566,0.27352546376813236
2016-09-16,0.0,8.754432192017991e-08,0.02661434355799961,0.668124402841404,0.19934630386711083
2016-09-19,0.0,2.2155041936450237e-08,0.024286451606699122,0.4454656528932807,0.37699797029045856
2016-09-20,0.0,2.1305710768554365e-08,0.027028373479857842,0.446760323730609,0.4335959637597601
2016-09-21,0.0,2.02455424126724e-08,0.024542740589058237,0.4493127670098781,0.434923824403464
2016-09-22,0.0,2.435239872256023e-08,0.034644248245809264,0.4521298667067978,0.3561279535954429
2016-09-23,0.0,1.926325885609481e-08,0.05743915945524414,0.22413460239161365,0.45295080520281283
2016-09-26,0.0,2.1617306833476846e-08,0.016431242115584603,0.6670332774815334,0.6902524496719671
2016-09-27,0.0,2.1825966884519987e-08,0.03513525407576112,0.8932155959617951,0.5959930799733509
2016-09-28,0.0,2.3634950864492854e-08,0.022281074541979015,0.4500376599880096,0.5282981201181892
2016-09-29,0.0,2.4166274075615446e-08,0.021992758388538248,0.6702825967945933,0.38440046755112434
2016-09-30,0.0,2.2339337095445e-08,0.025008349166747393,0.6728574280037347,0.3596717033673655
2016-10-03,0.0,2.032177627217524e-08,0.05983985044213233,0.44572205722943903,0.7047099666204476
2016-10-04,0.0,0.06916406661855093,0.0727730467915535,0.6666666666666667,0.5038816160600006
2016-10-05,0.0,8.009374132672553e-08,0.6249499208642401,0.8888888888888888,0.9576216721861134
2016-10-06,0.0,2.4536112027545576e-08,0.03208129409001827,0.44741213128873125,0.6048356714458873
2016-10-07,0.0,9.499490256220655e-08,0.028769749876053543,0.4524266788973462,0.365733573731527
2016-10-10,0.0,2.0313762318091566e-08,0.029364193781862488,0.4524279715503081,0.5835579368746667
2016-10-11,0.0,2.376398151870962e-08,0.03386907149233954,0.4485551882937932,0.4048037784064111
2016-10-12,0.0,8.009374135795055e-08,0.0457257417691814,0.890218376553733,0.47633418697425167
2016-10-13,0.0,8.940696723594432e-08,0.01459934045422365,0.4471067359181969,0.38179830326794334
2016-10-14,0.0,8.381903170498473e-08,0.025055993650636193,0.44958375701465964,0.48468104281042396
2016-10-17,0.0,1.93798784901833e-08,0.043466831938921036,0.4480344924284796,0.5383405966449468
2016-10-18,0.0,2.226850430442351e-08,0.019166656556601755,0.668786586715179,0.5713737942462721
2016-10-19,0.0,1.8644527303990355e-08,0.025122181693285763,0.45020345188753114,0.3826067118997695
2016-10-20,0.0,7.823109627116964e-08,0.018290844944421538,0.22438559621618442,0.2927049831836945
2016-10-21,0.0,8.195638673616501e-08,0.06620229373201701,0.44986557429695867,0.48392190826073417
2016-10-24,0.0,2.134630302727536e-08,0.04116850278443166,0.00572344273634201,0.5128903274331705
2016-10-25,0.0,1.1920928962363964e-07,0.07028889438046264,0.010825639202078227,0.41059510662053916
2016-10-26,0.0,1.1734664433910025e-07,0.03590727772619423,0.44993785475492104,0.35266824056824897
2016-10-27,0.0,2.0322762164098895e-08,0.02003942799973616,0.4469870149310389,0.2842008609536832
2016-10-28,0.0,9.126961246844201e-08,0.03599110055072852,0.2268745142624034,0.3625853277910393
2016-10-31,0.0,2.6019354063683275e-08,0.05911286064853201,0.004671801818388707,0.30733759704023156
2016-11-01,0.0,1.1734664446053089e-07,0.019607444792065578,0.005669618600454673,0.3411447512894656
2016-11-02,0.0,0.6382978723404257,0.04273229965347572,0.23130782562353297,0.45130739560662836
2016-11-03,0.0,2.3162857333558495e-08,0.043012790183000554,0.6711725891235072,0.4684956042212099
2016-11-04,0.0,2.2775324570734057e-08,0.025928124973035597,0.010435624159332302,0.38816271595961865
2016-11-07,0.0,2.4600368915550508e-08,0.03835134739792362,0.446937106010499,0.3547983969817114
2016-11-08,0.0,8.94069670416553e-08,0.05677168988166856,0.4480864246956771,0.39579669346434376
2016-11-09,0.0,9.126961238170583e-08,0.030023415432059816,0.4459788123484766,0.4270626221218048
2016-11-10,0.0,8.75443220520189e-08,0.07281729933635463,0.24483412106265393,0.5188504454041988
2016-11-11,0.0,8.568167698605467e-08,0.1246652920060188,0.2339370905530213,0.4944457472603552
2016-11-14,0.0,8.940696711104423e-08,0.04904967096873983,0.4485652617955043,0.5186572017021484
2016-11-15,0.0,2.0643320983171343e-08,0.018874743809184608,0.009782859352362144,0.7765448394872687
2016-11-16,0.0,8.754432186813821e-08,0.03318499253658527,0.4446843740991495,0.7318969198434797
2016-11-17,0.0,8.195638655228432e-08,0.021048747950779583,0.22823289867530017,0.28857057371472944
2016-11-18,0.0,8.940696704859419e-08,0.029159362471276897,0.00523587366915107,0.36943477480517667
2016-11-21,0.0,2.4116592833856032e-08,0.03243423520859967,0.0040293046450327885,0.7218107804555497
2016-11-22,0.0,1.957073612196547e-08,0.03415092409777627,0.2246148592441733,0.7154954384745099
2016-11-23,0.0,8.754432219079678e-08,0.04296310273819432,0.2314706005598141,0.6452228558216948
2016-11-24,0.0,1.988020828860848e-08,0.018285340920002596,0.008306624783393932,0.4281206562138733
2016-11-25,0.0,2.457381429940564e-08,0.025394411927741216,0.2233968511134483,0.28102379892857643
2016-11-28,0.0,2.3247670372095186e-08,0.03064832267195528,0.4460827166122327,0.5907148223675137
2016-11-29,0.0,2.3661815062858693e-08,0.015981751007259824,0.22865419304679485,0.6217997575402502
2016-11-30,0.0,1.9700840903080774e-08,0.03434621463738592,0.22395170851420837,0.7327185505711564
2016-12-01,0.0,2.0618335219713124e-08,0.0434771360692339,0.4492616519584317,0.4573510866682993
2016-12-02,0.0,0.05305013311893767,0.035913769627598735,0.4488661822137155,0.6530074932847274
2016-12-05,0.0,2.4752344986167518e-08,0.01641716057420391,0.22727982182807188,0.5559059895220706
2016-12-06,0.0,2.0476670487684645e-08,0.03665606661570751,0.44705570570118136,0.6719734053179646
2016-12-07,0.0,2.2205137319153412e-08,0.07247360729303515,0.4567231439879959,0.9376988068024178
2016-12-08,0.0,8.195638639268976e-08,0.10042340937056649,0.6693188932139502,0.8873790884994384
2016-12-09,0.0,2.044797538236498e-08,0.12374018823487537,0.6758765356166284,0.8464617355815669
2016-12-12,0.0,1.984001072458108e-08,0.0605389473858704,0.6722566944811387,0.7125979476755349
2016-12-13,0.0,2.2881774260075094e-08,0.017246617316758552,0.6705862560515982,0.3299901401780482
2016-12-14,0.0,2.171225312735947e-08,0.04412544211373956,0.668297059960572,0.34377148686581965
2016-12-15,0.0,2.3757023497744667e-08,0.04705083549680561,0.006993027002453342,0.34723204641990624
2016-12-16,0.0,8.381903194784601e-08,0.03178188564770535,0.45089913003022236,0.6008838286939445
2016-12-19,0.0,2.359623981623704e-08,0.031132025884728555,0.2317376182083254,0.6974465364801463
2016-12-20,0.0,2.6330247728661993e-08,0.024711793560377324,0.4542648062046161,0.35245578818609025
2016-12-21,0.0,2.1779655360459893e-08,0.044289950798656066,0.22947571499686403,0.3967235138582994
2016-12-22,0.0,2.2853868904965102e-08,0.01779246416871413,0.22559649226436956,0.2616217298385093
2016-12-23,0.0,2.2640591432893098e-08,0.015495462580532944,0.23253451481327309,0.4034097606786302
2016-12-27,0.0,2.138124214831616e-08,0.012011618345561376,0.4491585584957313,0.12817673165351975
2016-12-28,0.0,2.2189848552373048e-08,0.03198265808051647,0.0039081372087379496,0.25557379201358804
2016-12-29,0.0,1.8735257466956368e-08,0.02885775585248522,0.669530408338465,0.29880430230273536
2016-12-30,0.0,8.195638648289538e-08,0.031371833099679135,0.44975976570222226,0.11439837921468367
2017-01-02,0.0,1.9591650270850414e-08,0.07582424443653017,0.00290960756006918,0.2858368106375942
2017-01-03,0.0,0.05483830679066481,0.029455890945429802,0.2250055351945832,0.22958225122072937
2017-01-04,0.0,2.4454558794628767e-08,0.04725424723142232,0.2281262596776833,0.4783838570117365
2017-01-05,0.0,8.940696722553598e-08,0.07854287941965422,0.2315958799785175,0.43506978814626823
2017-01-06,0.0,8.754432205895779e-08,0.08433055996700169,0.889886190747046,0.418729772131047
2017-01-09,0.0,2.2006398214119427e-08,0.08585621705462076,0.4465993684962534,0.3863625183362789
2017-01-10,0.0,8.381903171192362e-08,0.07894094740195379,0.449846526825202,0.6046268707444099
2017-01-11,0.0,2.164984206146081e-08,0.038355693652489156,0.6703026175784272,0.37798651202129396
2017-01-12,0.0,2.369942405169856e-08,0.06107745885501599,0.22815320628318414,0.45815634493883056
2017-01-13,0.0,8.3819031621718e-08,0.07372666628068829,0.6712938248422179,0.6091100676217857
2017-01-16,0.0,8.940696709716645e-08,0.06375554361711218,0.22610247424165864,0.3835587242330077
2017-01-17,0.0,8.38190316806986e-08,0.056295881492595554,0.4484367773476282,0.7296031565948683
2017-01-18,0.0,9.313225755869237e-08,0.03172530541227147,0.44551938595319096,0.48702469330590514
2017-01-19,0.0,8.754432198956885e-08,0.04934014371691882,0.6706429988441747,0.6478493234822865
2017-01-20,0.0,8.568167686809347e-08,0.07627727556530357,0.23032543734191818,0.4386026050677256
2017-01-23,0.0,2.225859048812784e-08,0.039677998462259514,0.22392504546082978,0.7372425363402729
2017-01-24,0.0,2.2582154680927946e-08,0.03324758204398681,0.2270793620601623,0.7737396055384841
2017-01-25,0.0,8.754432223243014e-08,0.029263666266071794,0.4476109091839683,0.48258018987890017
2017-01-26,0.0,8.568167701381024e-08,0.07507784996021696,0.45295471657118785,0.5644396401634297
2017-01-27,0.0,2.3253002516543386e-08,0.026262082463336476,0.22758653625871245,0.4064177642238873
2017-01-30,0.0,2.157609243005898e-08,0.020570837605530856,0.447286670507743,0.46882093393431773
2017-01-31,0.0,2.0803716492545643e-08,0.03565546614942744,0.2295784048938994,0.5165314261673486
2017-02-01,0.0,1.9341147891593913e-08,0.03773155161853049,0.446232135945152,0.3012770405224759
2017-02-02,0.0,0.061435013345158995,0.04528844987068971,0.6699920108589453,0.1950604568591714
2017-02-03,0.0,2.3856332197896846e-08,0.05099862609693047,0.22316282865941797,0.28646097720578023
2017-02-06,0.0,2.0707905459826925e-08,0.0462173047194356,0.44850578210103764,0.2792428705782482
2017-02-07,0.0,2.3253968191999652e-08,0.03325327273660898,0.2261244360255516,0.3602509444900938
2017-02-08,0.0,2.25790620991817e-08,0.027789678518761633,0.4517391290666356,0.327335955268728
2017-02-09,0.0,2.0125608193866107e-08,0.0731491512194943,0.8888888888888888,0.321570409702274
2017-02-10,0.0,2.108140203377351e-08,0.050457812067218985,0.44801037791590614,0.37396358910940447
2017-02-13,0.0,1.8250292298238602e-08,0.03847835198977688,0.2247891177956372,0.34804077984575704
2017-02-14,0.0,9.126961228803077e-08,0.04689838770819793,0.447658387857345,0.45561511671760374
2017-02-15,0.0,2.3467827757472914e-08,0.01483474401419432,0.004660095922142948,0.20884801043730827
2017-02-16,0.0,2.231123706272764e-08,0.04742492774345806,0.4484396707930212,0.1865722537602364
2017-02-17,0.0,2.2430699426340128e-08,0.04406048817303483,0.4491122656171874,0.33729589130259485
2017-02-20,0.0,9.313225737481168e-08,0.03939269478813586,0.44595403707768283,0.2764332642036005
2017-02-21,0.0,8.381903167029026e-08,0.03795067765768654,0.4473258825399622,0.15986584109089566
2017-02-22,0.0,2.11557396774531e-08,0.040403946434954735,0.22567348273416435,0.5555239870319587
2017-02-23,0.0,1.9130264899969163e-08,0.05716287157956411,0.23107342698323163,0.5904444074055679
2017-02-24,0.0,8.754432171895199e-08,0.02553039589889565,0.6666666666666669,0.6610783290125481
2017-02-27,0.0,9.499490257261489e-08,0.041549877413491,0.007073415886286544,0.8324270799168146
2017-02-28,0.0,2.3638359755717708e-08,0.04033796385642257,0.2237347310153227,0.6631109681833283
2017-03-01,0.0,2.445630175110236e-08,0.05322671250384241,0.2255723776449634,0.5286840441325179
2017-03-02,0.0,0.03237051522711991,0.07778329911348658,0.2302045503271557,0.7264843102715209
2017-03-03,0.0,2.099769008320762e-08,0.07408279898505422,0.2239263828232007,0.38991178346775063
2017-03-06,0.0,2.2603437763862866e-08,0.023627259408088984,0.2286899064047146,0.4206418507851998
2017-03-07,0.0,2.3173847663732206e-08,0.02958117327251756,0.0069838964017210625,0.5049201511794746
2017-03-08,0.0,8.38190316806986e-08,0.024164162600770808,0.44641063420101,0.21405809060424813
2017-03-09,0.0,2.266434550105001e-08,0.05280126109470838,0.23711530737302405,0.20524772833367413
2017-03-10,0.0,2.180130152795723e-08,0.054187196011600235,0.009203945832850141,0.27124619272110834
2017-03-13,0.0,8.381903153498182e-08,0.022712109312855666,0.670044832070948,0.5554704865757497
2017-03-14,0.0,8.568167687503236e-08,0.03130374007557435,0.2258303674340928,0.6925366215268611
2017-03-15,0.0,2.3142272889686843e-08,0.017447295567396152,0.4464964885786441,0.3817350767733165
2017-03-16,0.0,1.912823732394542e-08,0.034245349999843924,0.22505145067834986,0.36536900508865733
2017-03-17,0.0,2.2170029860546503e-08,0.04630909437156248,0.2279714793873972,0.44345449876467447
2017-03-20,0.0,8.940696711798313e-08,0.05506999204485302,0.22422536995288495,0.5577422470410243
2017-03-21,0.0,2.0086088761001042e-08,0.038740629184245326,0.006133507212504802,0.23948329837019613
2017-03-22,0.0,2.1763255208390175e-08,0.037913337312424196,0.22587787762346884,0.5652693301520675
2017-03-23,0.0,2.128830950756666e-08,0.05840209959962688,0.2253312443791894,0.3356908946208726
2017-03-24,0.0,2.487186158417476e-08,0.044899132438118244,0.0037749778935854406,0.44605936206515745
2017-03-27,0.0,2.221677365688013e-08,0.04552265133681917,0.22464408326504332,0.44298907094803824
2017-03-28,0.0,2.13472616736321e-08,0.03444522626359694,0.003828023638382,0.3988398945750038
2017-03-29,0.0,2.263739097216333e-08,0.04084512008853112,0.005663056928488799,0.3579332429633226
2017-03-30,0.0,2.071623792995747e-08,0.07477000938178155,0.4506393609667912,0.5444146422960064
2017-03-31,0.0,2.2080261563584003e-08,0.05172268071498916,0.4462791363302633,0.3974570092353681
2017-04-03,0.0,2.394244162304271e-08,0.03677429801265906,0.4485933105093049,0.47160719161772363
2017-04-04,0.0,0.031007561269735934,0.035604445086251366,0.007251562900748312,0.3325478353519019
2017-04-05,0.0,9.313225754828403e-08,0.023887161182363493,0.22391276337636457,0.28165288780909864
2017-04-06,0.0,1.906667258105843e-08,0.03679702895073026,0.446697270451359,0.32984605232587
2017-04-07,0.0,8.754432206936613e-08,0.04723935757087932,0.6694801154684314,0.31872981985656335
2017-04-10,0.0,2.361526572208783e-08,0.035583258029634385,0.4465655223134324,0.3058798235538138
2017-04-11,0.0,2.4711034336821758e-08,0.02384595462835655,0.4468580196303893,0.639739840770044
2017-04-12,0.0,2.111491946565902e-08,0.036470356601125506,0.6686338933471971,0.4505316711525827
2017-04-13,0.0,2.0747520753511273e-08,0.027306004954371157,0.8919968305264658,0.3643016714010929
2017-04-18,0.0,8.568167674319338e-08,0.051719979383477374,0.2264999112675389,0.5419380010917881
2017-04-19,0.0,2.4086619806323872e-08,0.07686742064924361,0.4497138020094284,0.5826408956510776
2017-04-20,0.0,8.568167674319338e-08,0.04887734260638685,0.668642895378111,0.3847417285817137
2017-04-21,0.0,2.0157882814342276e-08,0.06531047027983354,0.8900824733211763,0.7271647975192573
2017-04-24,0.0,2.0589804972104275e-08,0.040575805406431055,0.22757716734000766,0.6471846490371647
2017-04-25,0.0,8.940696705553308e-08,0.15214635669520307,0.4542084678337431,0.5015355303266513
2017-04-26,0.0,8.568167670849891e-08,0.0249795151855428,0.23007948971276543,0.3635637855047608
2017-04-27,0.0,1.900347948100012e-08,0.019780874868080063,0.4504247054678349,0.4762364428597972
2017-04-28,0.0,1.978520957485186e-08,0.0350058601757713,0.8888888888888888,0.3092772245382822
2017-05-02,0.0,8.754432196181328e-08,0.013437056699452948,0.4481957744134495,0.35876309200793277
2017-05-03,0.0,0.03171507909602997,0.031040665113338264,0.44620852447720044,0.5104531161015723
2017-05-04,0.0,1.7504467222928533e-08,0.017541112987742195,0.4467019374968271,0.2835645608337263
2017-05-05,0.0,8.754432203120222e-08,0.05223686887195385,0.44686866752247967,0.5380410263164302
2017-05-08,0.0,2.0853951017418826e-08,0.030043811290763524,0.44690461923231906,0.46290831710812325
2017-05-09,0.0,1.934054036367705e-08,0.015175480892038946,0.23051964036151612,0.2624387619713961
2017-05-10,0.0,8.568167684727679e-08,0.03288904755964535,0.668299211726908,0.30587886954280047
2017-05-11,0.0,2.3900703985391125e-08,0.009805524049320353,0.0067656106626514945,0.3674654717586019
2017-05-12,0.0,1.6019547421225466e-08,0.02888009077899384,0.2240492862575889,0.6161602661531775
2017-05-15,0.0,2.2035000307035757e-08,0.036627163878732064,0.22872546469973765,0.2509690612226432
2017-05-16,0.0,8.009374123651991e-08,0.010811683007024352,0.22588893996017165,0.2941172974712882
2017-05-17,0.0,2.2931136656190176e-08,0.01255407728544232,0.22487552034356229,0.3783371714585646
2017-05-18,0.0,8.568167683686845e-08,0.047228999129459014,0.22755541148770686,0.24638994813984927
2017-05-19,0.0,8.009374140652281e-08,0.022424537600696414,0.2257313090479645,0.6766592320075882
2017-05-22,0.0,2.235002085834714e-08,0.023134153631703257,0.45112075712348965,0.8162509623107932
2017-05-23,0.0,8.754432192017991e-08,0.021847078453787958,0.2290835109236965,0.08342541337407507
2017-05-24,0.0,2.1434471995929183e-08,0.142310037030745,0.8921887847279523,0.6063375676174942
2017-05-25,0.0,2.015626610410437e-08,0.024304057085629698,0.22614416116671904,0.16139339488455975
2017-05-26,0.0,2.1731076032399654e-08,0.025349224124480024,0.4444444444444445,0.3262951222142216
2017-05-29,0.0,2.2694565473407868e-08,0.048779674162837634,0.2290764666947374,0.3877881968692355
2017-05-30,0.0,8.195638641697589e-08,0.01851497060254184,0.22773737942428243,0.18590412444680993
2017-05-31,0.0,2.2823261534160588e-08,0.024370152066699426,0.005802073362358162,0.7083960214910119
2017-06-01,0.0,2.0637902397452335e-08,0.02946645976649216,0.008410348131178455,0.4362997951629577
2017-06-02,0.0,0.05796203881919325,0.09107201469464897,0.23256309649172546,0.5492582212087105
2017-06-05,0.0,2.282911228806972e-08,0.07511870856672889,0.22730728075504292,0.44556017426355043
2017-06-06,0.0,2.1053397851467093e-08,0.028294650005130376,0.22344109098632575,0.12803830667991525
2017-06-07,0.0,8.195638653146764e-08,0.06117271852117355,0.45337033523961606,0.36208752777168346
2017-06-08,0.0,2.3639282711873655e-08,0.030618648443809605,0.23256333604570636,0.26646439942656597
2017-06-09,0.0,8.568167699646301e-08,0.060745224754013186,0.4567367931965054,0.5926434532357917
2017-06-12,0.0,9.126961218394736e-08,0.051546492183070856,0.22607461923894193,0.4195440606123912
2017-06-13,0.0,8.754432203467166e-08,0.08657188308094614,0.2269813056626182,0.6479322191223407
2017-06-14,0.0,2.0700967419406968e-08,0.0479915461388052,0.2247509789995772,0.18722019052721184
2017-06-15,0.0,9.313225751012011e-08,0.061745629272282616,0.22784871787641472,0.2896509422839611
2017-06-16,0.0,2.158545126668132e-08,0.05902430364689,0.44725809883129686,0.1933851150258016
2017-06-19,0.0,1.838863491684939e-08,0.06039798007933262,0.44699126032692393,0.3024637301880059
2017-06-20,0.0,2.2081706425175485e-08,0.05699048130077802,0.4479106547496835,0.48271448912972664
2017-06-21,0.0,2.032507296148567e-08,0.03172146953990205,0.2291161435208473,0.31969919947389625
2017-06-22,0.0,2.3928284510060793e-08,0.025813551266245755,0.4467509225388381,0.5299602433599776
2017-06-23,0.0,2.2748499847735637e-08,0.022273467232697797,0.4483353982092444,0.08244145489445748
2017-06-26,0.0,2.0317113050977165e-08,0.020198523687324714,0.44761087551436474,0.10888276892155986
2017-06-27,0.0,7.823109642382531e-08,0.06354880728923422,0.6710228522952002,0.14747048973764135
2017-06-28,0.0,1.980772115078855e-08,0.03977836872987937,0.23099251084031108,0.4318690377697161
2017-06-29,0.0,2.1294643604008456e-08,0.03454151503133075,0.6699399815505556,0.1767392556033251
2017-06-30,0.0,2.368508567399119e-08,0.04906050276659345,0.6685404973617708,0.25151665942105106
2017-07-03,0.0,8.381903163559579e-08,0.03517137766074521,0.45023816065376626,0.2335781384494225
2017-07-04,0.0,0.09126033157098074,0.06769392965551434,0.44793909457325,0.23944366492294383
2017-07-05,0.0,2.2184369927874537e-08,0.022006912540772375,0.4475105375923023,0.22024244006598245
2017-07-06,0.0,2.1690411342034643e-08,0.026415219450318567,0.6683141657025011,0.24782720545421094
2017-07-07,0.0,8.940696713186091e-08,0.03197626229542619,0.2289010481147239,0.9743079711814973
2017-07-10,0.0,2.352265231556072e-08,0.025985311874690997,0.006689410627560843,0.5945522368447086
2017-07-11,0.0,8.94069671526776e-08,0.03978405107565955,0.22598087652731508,0.5559280536971787
2017-07-12,0.0,2.2147976928149626e-08,0.025748932061824333,0.0045367891273885436,0.4376146210449622
2017-07-13,0.0,2.358178321365534e-08,0.06218819923312102,0.23020445011716578,0.6514166341254597
2017-07-14,0.0,2.335671265077388e-08,0.028438200822322634,0.2257839845345433,0.7180961627949526
2017-07-17,0.0,8.568167689584905e-08,0.038903759746679575,0.44991371172471273,0.7298747073438767
2017-07-18,0.0,8.940696707288032e-08,0.045395855500954006,0.6682627166601992,0.5051220885903106
2017-07-19,0.0,2.4097185091082052e-08,0.03268030316253212,0.22794470314904577,1.0421647099965894
2017-07-20,0.0,8.940696713186091e-08,0.0410938997151181,0.2328953132511918,0.5972916824273787
2017-07-21,0.0,2.2728619410161688e-08,0.019812912169622665,0.4495363041432316,0.5828476118899637
2017-07-24,0.0,2.497961476208288e-08,0.040188188094211874,0.2277049235039043,0.6849748934123577
2017-07-25,0.0,2.1581183659580283e-08,0.035656434113867694,0.22545616241126415,0.5572636988617543
2017-07-26,0.0,2.2780211696160624e-08,0.0366247702157366,0.007665647369858947,0.4936951336418747
2017-07-27,0.0,9.126961243721698e-08,0.025985976585612334,0.44616462378662386,0.34437886923579464
2017-07-28,0.0,2.198537841710535e-08,0.07762614027445021,0.8888888888888888,0.6926141667773331
2017-07-31,0.0,2.245965447650322e-08,0.05676909499917067,0.9017882122254023,0.6204719057619071
2017-08-01,0.0,1.9982259385348256e-08,0.08028511213091627,0.6696877869005797,0.8051894194747213
2017-08-02,0.0,0.03253313152379758,0.034951798497555385,0.22942102278397594,0.6348357833323108
2017-08-03,0.0,8.940696715614704e-08,0.02702240339996699,0.4473239661928854,0.33216553294549755
2017-08-04,0.0,1.9492027936163225e-08,0.023820034394404208,0.4493610651109938,0.5756366091630507
2017-08-07,0.0,2.547584124212854e-08,0.04877475360060944,0.22947154929537655,0.761065723564561
2017-08-08,0.0,2.0011008440568023e-08,0.012978822465830273,0.447667412074072,0.7494787250360571
2017-08-09,0.0,2.540006027035302e-08,0.02559976336474879,0.44548669933110413,0.6470982617392328
2017-08-10,0.0,1.9232519313239216e-08,0.09733014771116334,0.23397307005298562,0.7362253550222185
2017-08-11,0.0,2.263425833912147e-08,0.022157486591850177,0.44769782612369013,0.49625563001035394
2017-08-14,0.0,2.4956377259882645e-08,0.039136946455168777,0.447581605298908,0.7261319660880512
2017-08-15,0.0,8.009374148285064e-08,0.0340749198706793,0.22598737211382444,0.5479488737247125
2017-08-16,0.0,2.1143944928248004e-08,0.028223452122918102,0.4999999999999999,0.6644017527239217
2017-08-17,0.0,1.610690785608382e-08,0.20198684227876365,0.888888888888889,0.7292577518610572
2017-08-18,0.0,2.0647485599739612e-08,0.021523353429576824,0.4484587427727885,0.9364789048725219
2017-08-21,0.0,2.10194331801139e-08,0.040288023687112165,0.44648927864000426,0.8327341598844141
2017-08-22,0.0,2.105193686041673e-08,0.046043605353283105,0.2252559420719296,0.5453861344173578
2017-08-23,0.0,2.0345469597254917e-08,0.04702436673028003,0.22689099298595816,0.7361889535255536
2017-08-24,0.0,2.0306893080274113e-08,0.02041033606724648,0.0038133398016899217,0.5519589553405925
2017-08-25,0.0,2.1558628930662405e-08,0.05838060649084345,0.22699020882120124,0.5028196720431829
2017-08-28,0.0,2.144962565897579e-08,0.056902543466973966,0.22625818887433616,0.7718298462720238
2017-08-29,0.0,2.0164255581239798e-08,0.037492171406824565,0.22489996547154162,0.41335455579086977
2017-08-30,0.0,1.0058283793704104e-07,0.03329262725910466,0.44606261378201656,0.4320966439161677
2017-08-31,0.0,1.978417990891601e-08,0.027656834344150623,0.6681990429441437,0.39962731536740503
2017-09-01,0.0,1.832718171321246e-08,0.032407664156535454,0.22658879445514585,0.4105291770782059
2017-09-04,0.0,0.13250909471457972,0.05781289549691967,0.44583086311969927,0.3442267714088415
2017-09-05,0.0,2.176491853064788e-08,0.012778862365703338,0.44652567839152896,0.5141832497011554
2017-09-06,0.0,8.940696720124985e-08,0.03758877999287273,0.6687536166861066,0.40982288391419236
2017-09-07,0.0,8.9406967093697e-08,0.06093712636195896,0.44808912622365155,0.48509174397493554
2017-09-08,0.0,2.344238384313635e-08,0.04454352128228036,0.6699124450014116,0.7547515630323094
2017-09-11,0.0,2.2529917192287696e-08,0.04038251902212357,0.8898329324101413,0.3253841927741835
2017-09-12,0.0,8.754432201038553e-08,0.08310270985591507,0.2272175144895464,0.4917151322410974
2017-09-13,0.0,1.9325253747953797e-08,0.039351896143931975,0.44683737089630793,0.32377950912577497
2017-09-14,0.0,2.1134782861309542e-08,0.022929376029826885,0.22567924445582183,0.5086712499971425
2017-09-15,0.0,2.2602540169364138e-08,0.036990448029287595,0.44785845185076417,0.38468197469578336
2017-09-18,0.0,9.31322574650173e-08,0.02927644117349222,0.22579127795442977,0.4019280414640576
2017-09-19,0.0,9.126961226721408e-08,0.0263015877932683,0.22540334540421547,0.3449683638544107
2017-09-20,0.0,2.2947515932597584e-08,0.051380820330485376,0.004159048233506213,0.39283629108533014
2017-09-21,0.0,2.365752484537187e-08,0.027192955999328142,0.22414263543072172,0.6616468677524259
2017-09-22,0.0,2.2396821671571976e-08,0.044515665238503116,0.22488924602404614,0.3044321301135861
2017-09-25,0.0,2.4274803986368276e-08,0.026617387484586325,0.6673289345012365,0.464481336732441
2017-09-26,0.0,9.499490251710374e-08,0.02874233630540961,0.6679004638427609,0.6071173289741735
2017-09-27,0.0,8.940696711798313e-08,0.06037268111227506,0.22838632046821905,0.4077579409019921
2017-09-28,0.0,1.9567568940170865e-08,0.05287987966034386,0.6694550447883382,0.5573473780799432
2017-09-29,0.0,2.1839484640878704e-08,0.02833409218058854,0.23055961490564125,0.7050960253691116
2017-10-02,0.0,2.3389131513507078e-08,0.03396020658124667,0.22623913322922712,0.5423726072308904
2017-10-03,0.0,0.03201026116784838,0.021691692870594474,0.22632373270896147,0.5011517011992087
2017-10-04,0.0,8.75443220520189e-08,0.03833339062707277,0.6666666666666667,0.5158790087491446
2017-10-05,0.0,2.3306184072924285e-08,0.10860665557187754,1.1111111111111112,0.7773136621695973
2017-10-06,0.0,1.9813704957988287e-08,0.04211109449134174,1.334333636609078,0.6052418881838963
2017-10-09,0.0,1.9207743923166376e-08,0.035010888509798194,0.4470185911855908,0.32522301368330386
2017-10-10,0.0,1.8163900616235962e-08,0.08113910155185819,0.8925526706221455,0.4665892837378972
2017-10-11,0.0,1.9217775482083255e-08,0.047579968371204914,0.8897245047782971,0.6565443557382772
2017-10-12,0.0,2.090567225929152e-08,0.04660925865070519,0.6699391345504992,0.7355444378797708
2017-10-13,0.0,2.155181565155484e-08,0.022251114529847415,0.6670601225032804,0.4840895064342243
2017-10-16,0.0,2.1623427968325837e-08,0.026484728198459994,0.4487373143475499,0.6049798905253598
2017-10-17,0.0,8.195638668759275e-08,0.026487235305552786,0.4461713276638702,0.8718438605308462
2017-10-18,0.0,2.0300735065204023e-08,0.023715876580223165,0.4481100708786983,0.5890952928204558
2017-10-19,0.0,2.2988214203739643e-08,0.02972193751810132,0.44444444444444453,0.6601994011512098
2017-10-20,0.0,8.940696722553598e-08,0.05105803582682393,0.6698766343390428,0.7480364591037737
2017-10-23,0.0,8.00937414793812e-08,0.037047629025869194,0.22485716673001377,0.8206564968579948
2017-10-24,0.0,7.636845109071366e-08,0.032499753608068754,0.22567185128573458,0.7139189445363084
2017-10-25,0.0,7.823109623994462e-08,0.04551196464987195,0.6683497790535267,0.8026903784302089
2017-10-26,0.0,8.19563864620787e-08,0.056332031123904405,0.6711090715270116,0.5972784532197764
2017-10-27,0.0,8.195638652452875e-08,0.12877968201729448,0.22767021117261937,0.9670465780317701
2017-10-30,0.0,8.754432196528272e-08,0.0666152555689914,0.6711491535491614,0.4095078873174327
2017-10-31,0.0,2.0244543288278072e-08,0.039406499505105545,0.44992207130848283,0.38571973318814634
2017-11-01,0.0,9.12696122533363e-08,0.023960324350698132,0.450098381340991,0.6732427573317099
2017-11-02,0.0,0.06349518103778959,0.09774339937737196,0.6740092699587925,0.6647839708432652
2017-11-03,0.0,8.195638649330372e-08,0.0291352882060616,0.44526699470404707,0.5201955876544355
2017-11-06,0.0,1.8071376603479017e-08,0.04141151453306445,0.6689505641276519,0.5044725762356403
2017-11-07,0.0,2.0226375942178354e-08,0.027015559250203627,0.2265732459892989,0.45713987047353527
2017-11-08,0.0,8.940696711451368e-08,0.029837755706315135,0.22620167391305185,0.41367527897772854
2017-11-09,0.0,2.220588930790246e-08,0.031435295711608385,0.22973822508047714,0.46861680534124284
2017-11-10,0.0,2.0542600873835193e-08,0.05404058982179256,0.22792482351165316,0.6076752117533657
2017-11-13,0.0,2.4776530892917092e-08,0.02241469270371809,0.22996925820658337,0.33465574351335803
2017-11-14,0.0,2.0329547413544535e-08,0.017651392417095277,0.22539101561119462,0.8249103973253514
2017-11-15,0.0,9.68575477183764e-08,0.027856911697030282,0.2270787820898773,0.6817119077640323
2017-11-16,0.0,2.1239399582845264e-08,0.022504440041986918,0.23003663674028763,0.5855065971397768
2017-11-17,0.0,8.754432214222452e-08,0.029808617750433912,0.22844776449971338,0.6006127470791257
2017-11-20,0.0,2.510462032354055e-08,0.024773958380079158,0.447575331826774,0.46188458388571
2017-11-21,0.0,2.4962317365928577e-08,0.020715551033385987,0.0073780518690616664,0.25767372292857643
2017-11-22,0.0,2.1985304073796064e-08,0.059079252789771254,0.6737884902234897,0.32423879229553587
2017-11-23,0.0,8.940696729145547e-08,0.046772495702704815,0.6716596312442139,0.4000957656669751
2017-11-24,0.0,8.381903173620975e-08,0.09106791539717322,0.22540338144945102,1.134759182945138
2017-11-27,0.0,8.940696718043317e-08,0.048434914816694485,0.22555926455603809,0.9129162146064503
2017-11-28,0.0,1.9333943144378418e-08,0.061375392009783196,0.44878101103129325,0.7030303542875809
2017-11-29,0.0,8.38190317327403e-08,0.030697744130446854,0.44869353869791934,0.6250013643296307
2017-11-30,0.0,9.499490257261489e-08,0.0827570699682173,0.23147035257811954,0.717099128781982
2017-12-01,0.0,9.126961234007247e-08,0.030904087843702598,0.2314414836012783,0.5184630131188053
2017-12-04,0.0,0.036452059781905244,0.05320373901862191,0.4486385430127605,0.5784987876995707
2017-12-05,0.0,2.1177878287842455e-08,0.09026678039428258,0.23100580908695922,0.6981125550685482
2017-12-06,0.0,2.154048378902318e-08,0.03388613845343724,0.22884843368040633,0.4268639463173385
2017-12-07,0.0,8.568167686809347e-08,0.024627607058544478,0.22917545588666594,0.3757522423257438
2017-12-08,0.0,2.2542739293307523e-08,0.08791331352286968,0.4514610185093319,0.7495121784905349
2017-12-11,0.0,2.0175200215327704e-08,0.03976128887173665,0.007959839549329065,0.42421543116400756
2017-12-12,0.0,1.8052016353964362e-08,0.027750093523396843,0.22932417251674037,0.4768715736432606
2017-12-13,0.0,8.568167676747951e-08,0.03249791449644546,0.22896567773290538,0.375553439046562
2017-12-14,0.0,2.1400924008624367e-08,0.04201222172220373,0.4490323366165848,0.5495030255204532
2017-12-15,0.0,1.8134835157862517e-08,0.031777512662274195,0.22720025595963783,0.7242556071549126
2017-12-18,0.0,8.754432194793549e-08,0.03039421107126556,0.4470269279391618,0.5001230603860746
2017-12-19,0.0,8.568167697564633e-08,0.04731803396871607,0.4469705805448475,0.6254358454439929
2017-12-20,0.0,8.38190316806986e-08,0.026355913174947482,0.8912609840763908,0.8002368959982773
2017-12-21,0.0,8.381903180906813e-08,0.01907267747328316,0.22562427620073955,0.7813364597296192
2017-12-22,0.0,2.2405888137899677e-08,0.022064078532615317,0.22929717677186257,0.7681533945892299
2017-12-27,0.0,2.0475043466250398e-08,0.01683388789025011,0.22585046526736208,0.9185585135655173
2017-12-28,0.0,1.7850153272158664e-08,0.01812116951618873,0.4488766699490354,0.3872949172140316
2017-12-29,0.0,2.077141713144326e-08,0.01935936945688518,0.446604271233205,0.6304431002843479
2018-01-02,0.0,2.3579900813169852e-08,0.041099324174715485,0.6670786451621438,0.8057401206643329
2018-01-03,0.0,0.04737023816791815,0.030768477519590665,0.22668771967388496,0.7450361819849953
2018-01-04,0.0,2.4379278169145424e-08,0.04167791249118122,0.44696809954178746,0.7738300877729128
2018-01-05,0.0,8.754432181956595e-08,0.10372225599225775,0.22650534955197776,0.4945612124024037
2018-01-08,0.0,2.284610900807338e-08,0.040553563065874716,0.22561150312244607,0.5907745954319402
2018-01-09,0.0,9.313225757257015e-08,0.029145037271500317,0.22474698260603954,0.44396335191491426
2018-01-10,0.0,2.1824130665842878e-08,0.039423976276395496,0.22949460539169161,0.4579470803631348
2018-01-11,0.0,1.905740926524957e-08,0.054891432508228186,0.6686251828707497,0.7159218500836338
2018-01-12,0.0,1.99162768742267e-08,0.030861945462777297,0.6731252994450434,0.752228333781123
2018-01-15,0.0,2.4571656199318115e-08,0.028606354478363252,0.6672150550707028,0.483630690952257
2018-01-16,0.0,2.0869691638031318e-08,0.0350854097898643,0.889611472361622,0.6947930868959264
2018-01-17,0.0,9.12696124823198e-08,0.03954908622203258,0.2270070992222943,0.5410527002363842
2018-01-18,0.0,2.3183224284739623e-08,0.027017751032756075,0.6696275737056319,0.7113846521786872
2018-01-19,0.0,2.138441156790405e-08,0.05188927200148028,0.2273897440737011,0.4603112536379665
2018-01-22,0.0,8.754432201385498e-08,0.05386447211016599,0.4506486911668118,0.6911270794591945
2018-01-23,0.0,9.685754767674304e-08,0.0588033125163808,0.006447530188058159,0.6547264362614545
2018-01-24,0.0,2.21989361337549e-08,0.025927685642670686,0.006377524711451282,0.7826389922524352
2018-01-25,0.0,2.0399694863892925e-08,0.04243336789903167,0.22833306804842063,0.6803728263516367
2018-01-26,0.0,2.4067766231372634e-08,0.02394804904483249,0.22876753840445385,0.5736498291562924
2018-01-29,0.0,8.754432195834383e-08,0.027163109171616965,0.004085298221726763,0.5353131186829037
2018-01-30,0.0,2.1778580400894088e-08,0.02471775457080965,0.22632625015350288,0.4119772562189504
2018-01-31,0.0,2.2197258260636676e-08,0.042990681805091926,0.22578304274684305,0.5288695205279037
2018-02-01,0.0,1.9664676192965302e-08,0.01712071120872917,0.446227282757548,0.6729405090474709
2018-02-02,0.0,0.039307795305112955,0.08234319396403227,0.22477330970495915,0.9928159211996856
2018-02-05,0.0,8.381903182641537e-08,0.06820396202462951,0.45237053362980595,0.637605423451269
2018-02-06,0.0,8.754432202773277e-08,0.028543342951690934,0.22554142536614666,0.47137269039763496
2018-02-07,0.0,2.3801646875654114e-08,0.10894755754210476,0.6699855505870429,0.9491453435096876
2018-02-08,0.0,8.38190315627374e-08,0.061623544751668896,0.4514595790041457,0.4914008413268521
2018-02-09,0.0,2.116227536611004e-08,0.04063365193441887,0.4507950886119605,0.7878277082632227
2018-02-12,0.0,2.2606101802991052e-08,0.02053870828820431,0.2259877769442824,0.3703730772467927
2018-02-13,0.0,1.9417440013519416e-08,0.031158853534243476,0.22780852259750622,0.5480237630914342
2018-02-14,0.0,2.5387134301030345e-08,0.02723564313353887,0.22667402540382126,0.6065963196086208
2018-02-15,0.0,8.568167689931849e-08,0.0314873788656241,0.6684624660005898,0.551009884088712
2018-02-16,0.0,2.3482516632589157e-08,0.03262898162010504,0.2282477936346435,0.6000032810452792
2018-02-19,0.0,2.108826000629671e-08,0.03428391774214163,0.44717615127947496,0.4877040713184385
2018-02-20,0.0,8.195638664595939e-08,0.02632032195148853,0.005005392492024779,0.40640055488600196
2018-02-21,0.0,9.313225733664776e-08,0.028821599473127957,0.22851669977182593,1.1944110076540657
2018-02-22,0.0,8.754432188895489e-08,0.015204619096487001,0.2251864078860842,0.40217638392488797
2018-02-23,0.0,1.83491357733101e-08,0.02309858846649304,0.22511076188621865,0.4762507529427503
2018-02-26,0.0,1.9594511905390855e-08,0.041287225262824113,0.44675127114713875,0.5340364684845721
2018-02-27,0.0,8.754432207977447e-08,0.018183884756593247,0.227667213569814,0.6740967976790274
2018-02-28,0.0,2.5018493561568267e-08,0.020610486421230492,0.6695677575864986,0.4891699271986137
2018-03-01,0.0,2.0187585794001484e-08,0.014202359463195221,0.2263721454199974,0.3321007881147756
2018-03-02,0.0,0.034523112052290805,0.032985006420036274,0.446112302310698,0.37574400042687073
2018-03-05,0.0,2.177162274769051e-08,0.03978977186889429,0.23229519351041872,0.4871639935857171
2018-03-06,0.0,2.177466337446865e-08,0.04811348222140149,0.6678803957836088,0.5614860862376163
2018-03-07,0.0,1.8224331873456512e-08,0.058015578697889605,0.229816273691296,0.3979788931486402
2018-03-08,0.0,8.1956386410037e-08,0.09549846707442314,0.22755638690620647,0.32913166750942163
2018-03-09,0.0,8.754432206242724e-08,0.052507209795865664,0.6671991168486595,0.4632101668873704
2018-03-12,0.0,8.009374150366733e-08,0.04563524932592703,0.44779209978739815,0.2854358552259032
2018-03-13,0.0,2.100425163312214e-08,0.04092482238490013,0.4502762549218624,0.35488646385329287
2018-03-14,0.0,2.260518131361189e-08,0.03003689937971331,0.23137784634457248,0.5081261187319632
2018-03-15,0.0,8.940696700349138e-08,0.047113715925618145,0.4469830883268567,0.2715914699486708
2018-03-16,0.0,2.0439879316880294e-08,0.05132521250364425,0.23073121162728752,0.48411827348073755
2018-03-19,0.0,9.313225744767006e-08,0.057446214324108985,0.4493020988581252,0.2418664491514857
2018-03-20,0.0,2.0605640433518646e-08,0.02810916303931135,0.0041444442241565654,0.3139612426315045
2018-03-21,0.0,8.381903157314574e-08,0.03417769217841353,0.22798201377330551,0.48271374987836513
2018-03-22,0.0,8.381903176049588e-08,0.020522452132640992,0.226769419096016,0.33160831674078584
2018-03-23,0.0,2.1755167299575273e-08,0.03692727612588901,0.22725582772353836,0.6945102184906993
2018-03-26,0.0,8.940696719431096e-08,0.0533517243308778,0.231816104603043,0.7214195881757876
2018-03-27,0.0,1.8787207883147472e-08,0.024760580583385525,0.22527759920240198,0.9145873263705935
2018-03-28,0.0,8.568167694095186e-08,0.04593356374754416,0.44830510341641205,0.758499795463258
2018-03-29,0.0,1.9160226460979146e-08,0.05914274586569884,0.6711130982576106,0.6110979696523375
2018-04-03,0.0,9.126961235048081e-08,0.05280293686416705,0.005063497555856028,0.7464765097333979
2018-04-04,0.0,0.06671100565313334,0.04086192819660134,0.22608700682613128,0.6696584785922225
2018-04-05,0.0,8.381903182294592e-08,0.011719154970509616,0.2285839674021386,0.6114281912772112
2018-04-06,0.0,8.1956386573101e-08,0.06889474746282112,0.22976306965421592,0.37567637441430163
2018-04-09,0.0,2.1606295821929855e-08,0.0035323015690129148,0.22488165590794082,0.5675951757078955
2018-04-10,0.0,2.112319755914749e-08,0.03367005696420969,0.0034903350549649464,0.826045007663155
2018-04-11,0.0,2.3923179482548962e-08,0.028482194261850377,0.4501783259209671,0.8212734912168318
2018-04-12,0.0,2.5620593622349697e-08,0.019653614939841794,0.2249098262835775,0.5467579633111646
2018-04-13,0.0,2.178602929309159e-08,0.036232330717679825,0.4496424824761209,0.4541438601861989
2018-04-16,0.0,8.94069672047193e-08,0.033627693520219056,0.22642814244653026,0.6368189389993284
2018-04-17,0.0,2.0307964424676195e-08,0.01980492198981773,0.22901609699902198,0.3656955410203255
2018-04-18,0.0,2.3964201931875317e-08,0.043384725318977656,0.22728726266226834,0.6029107850073668
2018-04-19,0.0,2.2352710314643698e-08,0.03316278760057234,0.4482779219558274,0.48354340907749715
2018-04-20,0.0,9.126961222905017e-08,0.020352354594548643,0.23138339315298678,0.631673844976818
2018-04-23,0.0,2.386053124178722e-08,0.021693605117813035,0.4480861732255092,0.4517261366514885
2018-04-24,0.0,2.0028721084419665e-08,0.04768149330597892,0.6666666666666666,0.47072131162565556
2018-04-25,0.0,9.126961223251961e-08,0.0684270575913968,0.6683862949261434,0.49235234637843983
2018-04-26,0.0,2.1393000201180845e-08,0.041827326904098766,0.4466295154057067,0.49158697272234053
2018-04-27,0.0,2.140445628726062e-08,0.030057694939889516,0.44874817516947557,0.43990295901754767
2018-04-30,0.0,8.9406967093697e-08,0.06979847479993195,0.4477596037459859,0.4852004511539124
2018-05-02,0.0,2.2402905770074755e-08,0.03720280076354805,0.4473657696131541,0.1546668625590187
2018-05-03,0.0,0.029873487748867607,0.0426756024387073,0.44854820142374285,0.3869948554199389
2018-05-04,0.0,8.940696709022755e-08,0.03818341111678122,0.44813527188418306,0.5279040061234412
2018-05-07,0.0,2.36198916710173e-08,0.08331227067881722,0.23022083659299541,0.33376098088435974
2018-05-08,0.0,2.0963731948292486e-08,0.019863373194301127,0.2288106684164969,0.30259970741396885
2018-05-09,0.0,2.3866727757310136e-08,0.04089564988793102,0.22755950599167968,0.37401679488483697
2018-05-10,0.0,2.038793655081972e-08,0.04718590015234953,0.4506053227572471,0.3430188528548702
2018-05-11,0.0,2.1974499130050784e-08,0.04675203096023313,0.888888888888889,0.4104134829899331
2018-05-14,0.0,2.2825541727555798e-08,0.0406089786876697,0.6679154121094049,0.5726313412812288
2018-05-15,0.0,2.292551463944914e-08,0.03967994446408344,0.44738932514579466,0.4102035746459505
2018-05-16,0.0,2.2096574056607032e-08,0.04361915880664384,0.006728271336796085,0.2108100613867267
2018-05-17,0.0,8.754432193752715e-08,0.08274308095322319,0.22543480144585643,0.38927150347254724
2018-05-18,0.0,2.2657708809853405e-08,0.039950849860821716,0.008759552731933823,0.415785825002713
2018-05-21,0.0,2.1417508887927594e-08,0.03342189087161,0.22655653012804322,0.43344152941181124
2018-05-22,0.0,8.381903164947357e-08,0.029366649649315617,0.44718817094575164,0.5414134169154753
2018-05-23,0.0,2.528230193948877e-08,0.059328042914510416,0.44787887528289366,0.6588518294864393
2018-05-24,0.0,2.2782459651454756e-08,0.06935450804041583,0.2282460888055321,0.5093828874418797
2018-05-25,0.0,2.162187524162862e-08,0.039862453115262736,0.22851740136071785,0.7424677789006536
2018-05-28,0.0,2.2898155732642422e-08,0.03714458159955244,0.22463028177081512,0.6078393262802395
2018-05-29,0.0,8.568167687850181e-08,0.04045472236425886,0.22648414757407292,0.7500380170207541
2018-05-30,0.0,8.381903175702643e-08,0.06575050699116,0.4478725961697334,0.7298644073033475
2018-05-31,0.0,1.0244548297178024e-07,0.06331079617496237,0.44465326163540586,0.5113133611245619
2018-06-01,0.0,1.8603751112539202e-08,0.04269425660075207,0.009428200120930097,0.5708491872215272
2018-06-04,0.0,0.10775061979534058,0.07424550763107807,0.2258581186687564,0.6383079870283924
2018-06-05,0.0,8.940696724982211e-08,0.0391629881341843,0.44951269767933155,0.5732131989475286
2018-06-06,0.0,2.014749783674219e-08,0.03913711378741891,0.44934789017937066,0.6495885568696147
2018-06-07,0.0,2.26024396490776e-08,0.05661027596111315,0.44901646486622576,0.6655503390813028
2018-06-08,0.0,2.1350715983387003e-08,0.03444766419857051,0.2278034150476752,0.4308464286504328
2018-06-11,0.0,2.2070355584768997e-08,0.027489188626690794,0.22881678264566968,0.7657127222938158
2018-06-12,0.0,8.754432211446894e-08,0.05015527873675385,0.4487592966135546,0.6738896547106917
2018-06-13,0.0,2.3280232130939993e-08,0.03332569038209582,0.4473831220899316,0.6074590983825007
2018-06-14,0.0,2.0782617314585305e-08,0.041226349900527134,0.669930201772652,0.43323091986191964
2018-06-15,0.0,2.1569687612410515e-08,0.05539296053918233,0.23075419533278368,0.50476048580914
2018-06-18,0.0,2.268413302336514e-08,0.024232807802022062,0.22650407525423433,0.7032906067830281
2018-06-19,0.0,2.621846266828709e-08,0.03512343869519528,0.44629418296225826,0.17497570654944752
2018-06-20,0.0,2.052142496211662e-08,0.046323316682222504,0.4491347885925472,0.4109554825608158
2018-06-21,0.0,8.940696710063589e-08,0.031714711523576494,0.447290728831722,0.41417710119670403
2018-06-22,0.0,1.960172653012182e-08,0.026325921795289843,0.22696019390919103,0.3385098851295666
2018-06-25,0.0,8.568167680911287e-08,0.037040439734365445,0.4444444444444445,0.2900895162553325
2018-06-26,0.0,1.839214354426577e-08,0.05408048783235537,0.22428131473673996,0.5140013546725752
2018-06-27,0.0,8.754432195834383e-08,0.054060751354657016,0.44732857905805334,0.5050129675139345
2018-06-28,0.0,9.49949025587371e-08,0.03796045164392799,0.6715264551887368,0.3160316385476916
2018-06-29,0.0,9.12696122533363e-08,0.0380860338515458,0.4461955899847044,0.14082140846567653
2018-07-02,0.0,1.9515552684284954e-08,0.044835127470916725,0.45040219963231615,0.29190425204520315
2018-07-03,0.0,0.06336228454917808,0.029291265153876495,0.6709577668184952,0.28533621832342276
2018-07-04,0.0,8.381903161824855e-08,0.04332759455912023,0.44875605309795175,0.3158602150640266
2018-07-05,0.0,2.297590985522735e-08,0.031716002164645,0.44809974596543833,0.4891746687085712
2018-07-06,0.0,2.5374172388237248e-08,0.047394976163866065,0.6686470699523193,0.4593901311721963
2018-07-09,0.0,8.568167698258522e-08,0.026434491913060618,0.005377015930239537,0.2806427683551871
2018-07-10,0.0,8.009374146203396e-08,0.05074771921578544,0.45058656801758584,0.3767753998455744
2018-07-11,0.0,8.195638646554815e-08,0.01664182166468288,0.4460222685508008,0.10928444921686953
2018-07-12,0.0,8.195638645860925e-08,0.03136437374632183,0.22718527213548612,0.1711898579313199
2018-07-13,0.0,9.499490255526766e-08,0.04117803641202149,0.44887039415028496,0.1460258097469721
2018-07-16,0.0,9.126961235048081e-08,0.028515511989400517,0.44590207328133014,0.5568125261147993
2018-07-17,0.0,2.0638051267951596e-08,0.044309923228817195,0.444878186850729,0.6452558655745217
2018-07-18,0.0,8.754432208671337e-08,0.025446594019172066,0.22745186813540041,0.4922378074364582
2018-07-19,0.0,8.940696713186091e-08,0.02882784087628247,0.22777371796287138,0.5152809394411098
2018-07-20,0.0,9.126961229150021e-08,0.03859269015742226,0.4476189309663312,0.4242319937079233
2018-07-23,0.0,2.3767600963731095e-08,0.03227537653529209,0.4489715976151223,0.41512174150804204
2018-07-24,0.0,1.9176427851902433e-08,0.0509765139177895,0.22643468474818101,0.36472477046042046
2018-07-25,0.0,8.568167695829909e-08,0.05010079948625615,0.4465798666870315,0.9015490736114815
2018-07-26,0.0,2.1721158524612427e-08,0.03821109156813677,0.22915745860635894,0.6299836812460045
2018-07-27,0.0,2.3523288580906687e-08,0.0837158156893948,0.6693133318495281,0.8677821812146225
2018-07-30,0.0,2.292711833579153e-08,0.05870137237356371,0.6690571863040269,0.9226389510530559
2018-07-31,0.0,2.245301712264225e-08,0.040012292109246166,1.1152849825732192,0.7888764027116377
2018-08-01,0.0,1.916739396715106e-08,0.04941001151538375,0.6721857182842279,0.8527160540785022
2018-08-02,0.0,0.02846855222366733,0.045448184458876564,0.44489932012789746,0.770843857617762
2018-08-03,0.0,1.9635433078091236e-08,0.04665523369037379,0.6734428642518983,0.6209565950248053
2018-08-06,0.0,2.2960195876498002e-08,0.02748084069602607,0.6709729450661299,0.48173866316729685
2018-08-07,0.0,2.0059360752305855e-08,0.021369401423389812,0.445397052211828,0.3800911019744451
2018-08-08,0.0,2.3372174844799032e-08,0.04313889047205931,0.22600846088367968,0.7516709499522495
2018-08-09,0.0,2.3663382676952782e-08,0.05962825015662458,0.226365173305273,0.6941452110091939
2018-08-10,0.0,9.126961220476404e-08,0.04864062776118407,0.22792975620015343,0.5806771841381293
2018-08-13,0.0,8.568167672584615e-08,0.07548284382451147,0.22717936682820103,0.7840552690975647
2018-08-14,0.0,2.2627979868322656e-08,0.03196469064634658,0.22511021006104762,0.7012533359961631
2018-08-15,0.0,2.188993074997425e-08,0.021912636363077564,0.44791843667977144,0.3668894893564761
2018-08-16,0.0,1.7287619245853758e-08,0.03734695146437213,0.6610853387902219,0.4949099300387337
2018-08-17,0.0,9.313225768012301e-08,0.11391626814784017,0.44444444444444453,0.3324571070093682
2018-08-20,0.0,1.7022697362811812e-08,0.01807160284610053,0.6681483832529993,0.26656793288698616
2018-08-21,0.0,8.195638653493709e-08,0.019323710059335846,0.005757123765916736,0.383888344839945
2018-08-22,0.0,2.1022489738592443e-08,0.027760171045550987,0.446414149827423,0.6136982360537045
2018-08-23,0.0,2.1393713873357756e-08,0.02981976340987177,0.4506572899973187,0.5323651162881179
2018-08-24,0.0,1.87186301771336e-08,0.09346981349512107,0.6673879382489,0.5690099170884471
2018-08-27,0.0,8.568167698258522e-08,0.05298967065799311,0.6675026654275644,0.5050628531103304
2018-08-28,0.0,8.381903171886251e-08,0.0442477681820491,0.22506128645557866,0.5571898687401731
2018-08-29,0.0,8.195638650024262e-08,0.03957832054307717,0.6687718220143679,0.6499637070922576
2018-08-30,0.0,1.9521434923425174e-08,0.04295281431781803,0.2281889714525783,0.8620059616054322
2018-08-31,0.0,7.823109612892232e-08,0.05396156497683061,0.0036441302178298884,0.2378028061950989
2018-09-03,0.0,1.0430812831530023e-07,0.040287403523093256,0.2269979970657589,0.3109591583683066
2018-09-04,0.0,0.13517271915808116,0.016623756401790035,0.22419944781620318,0.1736819342538375
2018-09-05,0.0,7.264316079225175e-08,0.05203598258026433,0.4476120880787811,0.2392513988714305
2018-09-06,0.0,2.1490639528359834e-08,0.051593421150706434,0.45223819800763293,0.28186224248282066
2018-09-07,0.0,8.009374162509797e-08,0.04770689707326431,0.23272254914263713,0.5009563030252797
2018-09-10,0.0,2.272080136533905e-08,0.06637244462433546,0.4495154866716686,0.7171448245479328
2018-09-11,0.0,8.568167693054352e-08,0.045604474030895376,0.6703703845858602,0.7081393955751591
2018-09-12,0.0,2.2504005436907448e-08,0.021154162273450933,0.22826447857308507,0.5135113114303276
2018-09-13,0.0,2.3116112548432488e-08,0.04725921884522111,0.4458532634225464,0.4302893366904189
2018-09-14,0.0,8.568167694095186e-08,0.05353070777720331,0.44923300546890094,0.7267114377748376
2018-09-17,0.0,2.2319505573603626e-08,0.02462182164894473,0.4448903669111302,0.473438842456247
2018-09-18,0.0,2.151741740688551e-08,0.02825030922754989,0.6689784303110983,0.3620064885847123
2018-09-19,0.0,8.568167686115458e-08,0.03381708159482599,0.23037002460493936,0.6213671808034302
2018-09-20,0.0,7.823109616708623e-08,0.04547649233957764,0.6674597886512148,0.48846690195914094
2018-09-21,0.0,8.381903163559579e-08,0.05365980313725121,0.25424284437153477,0.4890106960807985
2018-09-24,0.0,7.636845124336933e-08,0.1964610822366965,0.44444444444444464,0.6268873723312152
2018-09-25,0.0,8.381903177784311e-08,0.029410359301892335,0.4469741146078138,0.40507772306697637
2018-09-26,0.0,1.8951517154197628e-08,0.038940224960695366,0.2285005223165524,0.6542023876789996
2018-09-27,0.0,1.7633803778283053e-08,0.03505809532060443,0.225644776172852,0.837597173361125
2018-09-28,0.0,7.823109629545577e-08,0.03639132738555621,0.006868571319210259,0.6845932511125314
2018-10-01,0.0,2.0902739532313586e-08,0.06472333637100883,0.44511985809068483,0.7899918188932745
2018-10-02,0.0,0.3043478260869563,0.07062301341463662,0.4457708480736843,0.9402407065584327
2018-10-03,0.0,2.2071222308128746e-08,0.05315537685557861,0.0059127223395352285,0.6718445760479576
2018-10-04,0.0,1.6021284895972876e-08,0.06833327100350825,0.33429628146853396,0.45476574111759427
2018-10-05,0.0,1.2293457984577372e-07,0.6112969074835544,1.1111111111111112,0.7719301916659027
2018-10-08,0.0,1.3687196029343873e-08,0.03591850276758,0.22633588439041372,0.7056968593498948
2018-10-09,0.0,1.8109518606923558e-08,0.03300223387996117,0.22539958510394947,0.8814909050273951
2018-10-10,0.0,7.82310962677002e-08,0.027911981787358528,0.2254003757580368,0.761856924609836
2018-10-11,0.0,8.19563865800399e-08,0.08531468856517002,0.670737677544321,0.674646486272152
2018-10-12,0.0,1.706575631504892e-08,0.06407551728812536,0.23493324933744292,0.5640457922936132
2018-10-15,0.0,8.381903175702643e-08,0.03422270138646173,0.4477385679896912,0.5697224170306349
2018-10-16,0.0,2.1192668637343148e-08,0.0269649349335303,0.44605238576597533,0.41884766595149314
2018-10-17,0.0,1.9284502144473192e-08,0.048695186464816825,0.6696405392206197,0.33120749434351554
2018-10-18,0.0,2.0236169042536778e-08,0.035399246470220386,0.4615917377094735,0.40943306585847544
2018-10-19,0.0,2.1002723376434274e-08,0.04151499411886042,0.4476633762180709,0.6925060613845544
2018-10-22,0.0,1.9814868756212745e-08,0.0369020061944554,0.0058263996690089,0.4710787175012663
2018-10-23,0.0,1.2107193471042055e-07,0.022646936790279553,0.22448318612323992,0.524874671637655
2018-10-24,0.0,1.8094037382981876e-08,0.05679916341055285,0.22294253573106615,0.717609032330184
2018-10-25,0.0,2.361605990278126e-08,0.04041250149322263,0.00658072572064769,0.6509112355376441
2018-10-26,0.0,1.765334265227403e-08,0.07533627393850761,0.44972344325964597,0.5018845049225057
2018-10-29,0.0,7.636845120520541e-08,0.05117320692579183,0.2297869968107339,0.623707424235725
2018-10-30,0.0,7.450580621209957e-08,0.046367384654874964,0.2292614988588841,0.489223298468477
2018-10-31,0.0,1.5596220769714675e-08,0.02943280437310982,0.22590168070040823,0.5898620320750986
2018-11-01,0.0,1.760423336619188e-08,0.06697275365342623,0.44555297828148577,0.460957817029526
2018-11-02,0.0,0.5957446808510639,0.05055483400269713,0.4465987137891445,0.8332513733275537
2018-11-05,0.0,8.568167677094896e-08,0.032524224959691636,0.22822931905426225,0.6912085378865874
2018-11-06,0.0,8.381903169457638e-08,0.021252078767423962,0.005990797531317524,0.5813576548111621
2018-11-07,0.0,2.2622198198041232e-08,0.01971651257526564,0.006654967257633801,0.6241213745563798
2018-11-08,0.0,2.110770648544591e-08,0.09220054986762224,0.6768669885480391,0.8421927488631991
2018-11-09,0.0,9.685754787450152e-08,0.06440159645467484,0.23103434214212293,0.7527160369145093
2018-11-12,0.0,8.568167705891305e-08,0.042609196648406455,0.8888888888888888,0.4889825890145428
2018-11-13,0.0,2.3624630744734088e-08,0.021022025521990763,0.003564786374092202,0.6969815820972987
2018-11-14,0.0,2.1184382636985077e-08,0.0659079737532848,0.4512974993212281,0.5913132049400385
2018-11-15,0.0,9.126961210068063e-08,0.025982947621730715,0.23038666624249682,0.6536605138830832
2018-11-16,0.0,8.568167675707117e-08,0.024801024983687556,0.22420780504085852,0.8452129826216147
2018-11-19,0.0,8.00937415314229e-08,0.02385905665144262,0.22565680569377242,0.8026836418615059
2018-11-20,0.0,2.0724162049651218e-08,0.03030796041521705,0.44949769138320644,0.5953912441943718
2018-11-21,0.0,2.0710818837699208e-08,0.04548142353176011,0.44827615143743466,0.582467802505863
2018-11-22,0.0,2.3805648015351455e-08,0.035039245950843595,0.6680368337520413,0.559079432286067
2018-11-23,0.0,9.126961229496966e-08,0.056672156334671514,0.448019846841243,0.7392829645998947
2018-11-26,0.0,2.214488136614845e-08,0.032357960752312814,0.0038318366726833725,0.7567102833241284
2018-11-27,0.0,2.1372002726588457e-08,0.05680154764684613,0.2292051453379264,0.659380330069822
2018-11-28,0.0,2.4127418524894084e-08,0.02039690389319645,0.22319632575224752,0.6707869997820304
2018-11-29,0.0,2.1707949243721103e-08,0.08060989566412208,0.22858842192823237,0.6585138110438005
2018-11-30,0.0,2.2621585129417587e-08,0.04003442955572455,0.2256968960436312,0.6401843251874865
2018-12-03,0.0,9.872019298209911e-08,0.06110703004912929,0.0063578778264522795,0.9645049911912781
2018-12-04,0.0,0.05989674640452673,0.057070862318468016,0.45137405066593106,0.8199959585750934
2018-12-05,0.0,2.0688422728426525e-08,0.02003050473501549,0.2263833103647852,0.5782147983524555
2018-12-06,0.0,2.1056545240066837e-08,0.06268761576330514,0.0068056513386736545,0.811453104525394
2018-12-07,0.0,8.381903166335136e-08,0.05471888662016132,0.004825345334059872,0.5658976952606857
2018-12-10,0.0,8.754432199997719e-08,0.0685913942062467,0.4478833605750385,0.514429997245829
2018-12-11,0.0,7.823109629892522e-08,0.021100759744663022,0.22584404010761067,0.7179676660493833
2018-12-12,0.0,2.250587743946042e-08,0.04488961156039186,0.22772020105069463,0.7407489652332501
2018-12-13,0.0,8.754432204161056e-08,0.044603764403596556,0.447928505270076,0.5087737882050488
2018-12-14,0.0,8.19563864620787e-08,0.020199209676888295,0.44747909078600046,0.47861569616502014
2018-12-17,0.0,2.0307774153266456e-08,0.014531837385716126,0.2269943544815739,0.768299927480912
2018-12-18,0.0,2.179363733922912e-08,0.01932566630432276,0.4508059011597182,0.4035781731131295
2018-12-19,0.0,2.2533504017568928e-08,0.03147250458800771,0.00768334508863,0.7899783318002129
2018-12-20,0.0,2.2169713516373424e-08,0.03057536910593841,0.22394705853147331,0.7208611199505928
2018-12-21,0.0,2.1329014582294192e-08,0.022855843689598,0.23072149405363798,0.6972999909764638
2018-12-24,0.0,2.5390251304213685e-08,0.015628777814521565,0.22561142260104639,0.5049074230541933
2018-12-27,0.0,2.4505020415621637e-08,0.04041534907906942,0.5693676088579782,0.516579405396124
2018-12-28,0.0,3.2728419235156236e-08,0.7361380661798574,0.8888888888888888,1.0350917069749488
2018-12-31,0.0,2.4234629608654856e-08,0.02686991914338189,0.23134326191186,0.71544129366777
2019-01-02,0.0,1.0430812839162806e-07,0.0464896282654425,0.4018787330069588,0.5833500712325174
2019-01-03,0.0,0.7659574468085107,0.7182144016664415,0.8888888888888888,1.0597812902886965
2019-01-04,0.0,2.112843584117785e-08,0.04009412569670754,0.889102786336437,1.0236848434101395
2019-01-07,0.0,1.960455540961359e-08,0.06780627628895478,0.6696124653425304,0.9393165787713716
2019-01-08,0.0,2.3719690794843373e-08,0.01862261714543133,0.4476021487833233,0.4341576377076916
2019-01-09,0.0,2.2880254919865894e-08,0.07075196237787165,0.8908734056293657,0.33025608581506916
2019-01-10,0.0,2.4450159657324333e-08,0.02618303013549062,0.22981009355296755,0.6994670790454931
2019-01-11,0.0,8.940696722900543e-08,0.028107108999817533,0.6666666666666665,0.6367682372536272
2019-01-14,0.0,2.338982808824941e-08,0.02667722203140387,0.007503681042315177,0.5310546949168511
2019-01-15,0.0,1.9393215280189002e-08,0.030412563777611444,0.22666378831539635,0.3750865862223814
2019-01-16,0.0,8.195638647248704e-08,0.022348118042503657,0.44887172354170024,0.5568214212828086
2019-01-17,0.0,8.381903176743477e-08,0.02719918547192132,0.22921251083168223,0.5186227981190892
2019-01-18,0.0,9.313225752746734e-08,0.02627838815220575,0.44648021930597753,0.6567478432248518
2019-01-21,0.0,8.381903157661519e-08,0.05359541232338278,0.6679704446408457,0.7065795313160983
2019-01-22,0.0,2.1049957766444694e-08,0.02672329884689289,0.44570236987897366,0.33710151601100324
2019-01-23,0.0,2.090137959931404e-08,0.04020591578126327,0.44612085763718046,0.6882467821681636
2019-01-24,0.0,8.195638656616211e-08,0.03240580469079991,0.22722312753440005,0.744293813163134
2019-01-25,0.0,2.335812245707336e-08,0.03750323570369234,0.44988986371164513,0.7574292747631526
2019-01-28,0.0,2.2886724886789223e-08,0.07106982120603098,0.6681805980541378,0.8418634378765165
2019-01-29,0.0,2.2413160910561558e-08,0.028390279544923153,0.44632915115397387,0.950233261602285
2019-01-30,0.0,2.3377715631378582e-08,0.03377731249027791,0.006181706744261509,0.6502640944725547
2019-01-31,0.0,2.225572444738977e-08,0.02079083805852576,0.008218761914559614,0.9859577888452451
2019-02-01,0.0,8.568167690972683e-08,0.059245769825498784,0.8888888888888891,0.6216341188850796
2019-02-04,0.0,0.03612576982365366,0.08445577752026937,0.2270468488917517,0.7420348378718095
2019-02-05,0.0,2.1319534665442674e-08,0.036147462147710474,0.22789650112682036,0.6821094025678489
2019-02-06,0.0,2.3282896083332005e-08,0.04570847746022173,0.4497599488945292,0.7201072164571505
2019-02-07,0.0,1.937907801244365e-08,0.02996014478238826,0.44843145769491655,0.6666640380215593
2019-02-08,0.0,1.9952848619858576e-08,0.06635318481638927,0.44864598888536544,0.6093130801302024
2019-02-11,0.0,2.293192500474328e-08,0.03418516130171461,0.22780492144346925,0.6081931880823512
2019-02-12,0.0,2.2767729618289323e-08,0.030308834443393724,0.44788612396682576,0.5471976757595041
2019-02-13,0.0,8.009374146203396e-08,0.029631143989120243,0.2283042242452552,0.6472905210613339
2019-02-14,0.0,8.75443220520189e-08,0.03213875101812854,0.2293939187639558,0.2903524820213335
2019-02-15,0.0,1.9843582377970792e-08,0.029289750391524354,0.23261514460396227,0.6094219195562207
2019-02-18,0.0,8.56816768403379e-08,0.07509089081902115,0.4492028266667593,0.6447326846305008
2019-02-19,0.0,2.1119874172442765e-08,0.020382187757986246,0.226851324177271,0.6116708611585261
2019-02-20,0.0,1.9698023691339106e-08,0.011213298251778534,0.003298275957542132,0.44698862271820916
2019-02-21,0.0,2.0681364457791895e-08,0.04092650175973643,0.01178928188147678,0.72756541425655
2019-02-22,0.0,2.1300626842218895e-08,0.02395351438884708,0.4460398116755583,0.4354528835281598
2019-02-25,0.0,8.940696707634976e-08,0.03414497226790257,0.4480590864129016,0.6022435477601344
2019-02-26,0.0,8.381903161130966e-08,0.03490442487710483,0.44752174558909874,0.4088821681445492
2019-02-27,0.0,9.499490276690392e-08,0.036548938407987425,0.226715766582297,0.4332796528967488
2019-02-28,0.0,2.0773162238973963e-08,0.04824391811589854,0.6683024417737907,0.7538360809040469
2019-03-01,0.0,2.4432451960904045e-08,0.05793560881284689,0.6705298951121801,0.2903722858376343
2019-03-04,0.0,0.03330994194148541,0.04414244100744495,0.44754796457780155,0.23994734081051805
2019-03-05,0.0,2.2265743353233614e-08,0.03006481341843156,0.004160907371064088,0.24189211326507512
2019-03-06,0.0,2.12729053192251e-08,0.05005889541329622,0.22872748309961088,0.3400378815504284
2019-03-07,0.0,8.754432210059115e-08,0.05619800803588907,0.4463669358243577,0.27500134829705464
2019-03-08,0.0,2.126719128928145e-08,0.09163556072730653,0.22325746509147165,0.2216772895834927
2019-03-11,0.0,1.74806607036726e-08,0.050159172116442066,0.22883848843016252,0.11291377917422099
2019-03-12,0.0,1.968547527070319e-08,0.02768362066239998,0.22687512926540337,0.22543900787148405
2019-03-13,0.0,1.9299099859870772e-08,0.025729574260512755,0.4488651038351625,0.20493744230956362
2019-03-14,0.0,2.500168024693883e-08,0.034303721235164335,0.4451981363822006,0.23487311631936125
2019-03-15,0.0,1.7841710543003986e-08,0.0403095026325265,0.6685250088533796,0.3388911853429635
2019-03-18,0.0,8.195638634758695e-08,0.11524811779541576,0.44755734598168984,0.4463974599849983
2019-03-19,0.0,8.381903169804583e-08,0.025293976886380787,0.007139206773409901,0.36448232199520125
2019-03-20,0.0,2.4117663321304716e-08,0.03349953001354693,0.22436638830914474,0.34559747549028275
2019-03-21,0.0,1.9545212563004677e-08,0.06239875513926129,0.22732152806459038,0.3491143253484845
2019-03-22,0.0,2.267962691954173e-08,0.02843570063477414,0.6693715278211599,0.2542621689388848
2019-03-25,0.0,2.0424317570544304e-08,0.06004876331785712,0.2255877917554399,0.37153872323709347
2019-03-26,0.0,1.957890153822528e-08,0.019075332405444092,0.22579752929951713,0.4277607222537084
2019-03-27,0.0,2.2824761684858696e-08,0.0371372313481826,0.44914301626465947,0.4677360293203137
2019-03-28,0.0,2.3258250020363747e-08,0.026350287939559364,0.004910090615902224,0.6679470637947573
2019-03-29,0.0,1.8186987266882726e-08,0.07764594795113244,0.00560916641575504,0.5333111297657783
2019-04-01,0.0,8.940696699308304e-08,0.036101743726818236,0.229179792498463,0.481635017185127
2019-04-02,0.0,0.0663078282257988,0.047650788627356576,0.44710513615067665,0.5042434585420793
2019-04-03,0.0,2.0460947255940276e-08,0.02211573387790463,0.44818707066679886,0.5065429612093714
2019-04-04,0.0,2.2606648466400037e-08,0.05322091476879785,0.449623627771907,0.4743431916352471
2019-04-05,0.0,2.2690453006096734e-08,0.04637311283302794,0.22444671427838742,0.5017935400335366
2019-04-08,0.0,2.137396882748166e-08,0.033590497958799266,0.4476093372123372,0.5434790959722268
2019-04-09,0.0,2.2620166781339712e-08,0.021861044577188876,0.22632873166758222,0.6212193895022983
2019-04-10,0.0,2.3476449090287232e-08,0.01795054785812404,0.6698707669506503,0.6335230811629365
2019-04-11,0.0,8.754432204161056e-08,0.030414614314974085,0.45063491282982604,0.7164319972114032
2019-04-12,0.0,2.6569484772032137e-08,0.04093820687949959,0.4537385665933129,0.48594136243617286
2019-04-15,0.0,8.940696727063879e-08,0.07002439749569093,0.8925909342913554,0.2968224599512413
2019-04-16,0.0,8.940696702083861e-08,0.025102049003784967,0.003126634751997745,0.24657132963011108
2019-04-17,0.0,2.1084141210714336e-08,0.038678117183437166,0.4454738777424915,0.3589325807857004
2019-04-18,0.0,2.0720215380271023e-08,0.05192809385708796,0.4512197825000584,0.4225414721716392
2019-04-23,0.0,8.381903157314574e-08,0.04127202757343187,0.4486471316913923,0.26635078363939246
2019-04-24,0.0,8.754432190977157e-08,0.09691999383992538,0.2294466496615572,0.4699863532701416
2019-04-25,0.0,2.0427099910874658e-08,0.06526098005841463,0.6720760031077502,0.5468266081271692
2019-04-26,0.0,2.4179526766227033e-08,0.04610083025840007,0.4480901061440584,0.6156947933122038
2019-04-29,0.0,1.9952627092201247e-08,0.029213456637597716,0.44659624623723243,0.7024066877372407
2019-04-30,0.0,2.223868425868525e-08,0.0353815519833261,0.44693942920677027,0.23828478814991186
2019-05-02,0.0,2.3705725455541726e-08,0.03846570179007897,0.44835596660498594,0.45391218801882594
2019-05-03,0.0,0.038393383633701816,0.05716419131010532,0.4550887378305623,0.5129448375990363
2019-05-06,0.0,1.8427303197232625e-08,0.05496682518256468,0.44732810634932213,0.4922624144676652
2019-05-07,0.0,2.1056850967732244e-08,0.04662450307938351,0.45002764276836454,0.6494906055911771
2019-05-08,0.0,2.197166629885894e-08,0.05843654856495466,0.4458652894167103,0.4904485502334429
2019-05-09,0.0,8.754432199997719e-08,0.0328580100547855,0.449138884252296,0.3509493815151468
2019-05-10,0.0,8.940696707288032e-08,0.0423376752367654,0.0068259023479466385,0.4624333751969069
2019-05-13,0.0,2.2553783573381336e-08,0.02914201110508088,0.44923650893362826,0.48866560320780933
2019-05-14,0.0,1.8012793152888396e-08,0.028871467062583478,0.2277279001104503,0.3878327246004668
2019-05-15,0.0,2.4869095737595215e-08,0.0485523834499491,0.22927599124162065,0.5237866265021642
2019-05-16,0.0,2.2275615168404483e-08,0.039360283103542885,0.22790130071083226,0.5036788266752056
2019-05-17,0.0,2.4130549856893335e-08,0.05052323146499525,0.4529726194086322,0.6114676955073035
2019-05-20,0.0,2.119647479412179e-08,0.032450876669278074,0.44878884579981876,0.5579249441434835
2019-05-21,0.0,8.754432206589668e-08,0.03417062989277085,0.4494216246815878,0.6360404490322912
2019-05-22,0.0,2.4546770296951514e-08,0.025486662679601223,0.228509737971165,0.4071739349374882
2019-05-23,0.0,1.957468769367421e-08,0.02795831536103815,0.22801792579346564,0.582415644479609
2019-05-24,0.0,1.8728654519600818e-08,0.044917899540349394,0.22667524791234833,0.7367496098644675
2019-05-27,0.0,2.2870900451277265e-08,0.0358057733102183,0.0067375012150580615,0.6203783078833423
2019-05-28,0.0,2.2239122630246522e-08,0.027177906884248388,0.00415151624623325,0.7958517843042502
2019-05-29,0.0,2.0791595053276657e-08,0.024014999509984716,0.4485640504943699,0.7218175472673541
2019-05-30,0.0,8.195638676392059e-08,0.031146373579171736,0.22654945887372185,0.9232555248426231
2019-05-31,0.0,9.313225746848675e-08,0.04182681686131784,0.6685903544639219,0.9867000662687226
2019-06-03,0.0,9.126961234007247e-08,0.05163495618118829,0.4464763346754467,0.6492047232473848
2019-06-04,0.0,0.07863893630715818,0.031441271528009865,0.005058532913306699,0.534307326299344
2019-06-05,0.0,1.961164953351302e-08,0.060848381035302074,0.2286887877665087,0.9616914693118089
2019-06-06,0.0,1.9556628136352394e-08,0.01962439418921721,1.1140028181418895,0.42621996254392003
2019-06-07,0.0,8.754432188548544e-08,0.03655346933970498,0.4471222233434366,0.529857983560342
2019-06-10,0.0,2.2133791594686203e-08,0.03923866835066345,0.4472933330924011,0.5755504593401969
2019-06-11,0.0,1.612906171122308e-08,0.03462501360310105,0.8548315159321705,0.47970021847856026
2019-06-12,0.0,1.4416005257589237e-08,0.562506623275131,1.1111111111111112,0.8270078848353379
2019-06-13,0.0,6.33299351744665e-08,0.03289374216784466,0.4468515888681204,0.6688021469440637
2019-06-14,0.0,1.6598943601564553e-08,0.05613800173627922,0.4486396311501444,0.6784546562459702
2019-06-17,0.0,1.7630226611942135e-08,0.013106639329226476,0.005242763552228746,0.42628764940394875
2019-06-18,0.0,1.7064142519146452e-08,0.039678247977573286,0.4470085446000632,0.458302039017707
2019-06-19,0.0,7.63684510421414e-08,0.05507307711657865,0.4520773897989385,0.6002621733041368
2019-06-20,0.0,2.056751700202364e-08,0.02260451087118985,0.450157905862991,0.6749214383016375
2019-06-21,0.0,7.264316085123235e-08,0.05018741316157396,0.2252811346734439,0.36311434418478955
2019-06-24,0.0,2.8237247384071962e-08,0.020679588335730033,0.4485054529172696,0.4071482998466753
2019-06-25,0.0,9.126961238517528e-08,0.03991738282836852,0.22513836660100794,0.7715549725711032
2019-06-26,0.0,2.3839955256427237e-08,0.023287106646386602,0.22662669094265786,0.39672782548408747
2019-06-27,0.0,2.4752330445715343e-08,0.04949078486580444,0.22742374393109338,0.5733401947892284
2019-06-28,0.0,2.424399114103748e-08,0.037990201857116955,0.4502754679249824,0.460207914784935
2019-07-01,0.0,1.8286712418630335e-08,0.04707245088861421,0.44602606531573724,0.4416175858783937
2019-07-02,0.0,0.6382978723404255,0.0318185176963556,0.6681568737088905,0.5676303089244282
2019-07-03,0.0,2.0410853073665747e-08,0.06751577501835909,0.22844372007526703,0.6718307373450121
2019-07-04,0.0,8.568167677094896e-08,0.044841205449286964,0.4481296795104976,0.5120692307572491
2019-07-05,0.0,8.195638661126492e-08,0.026211497273746567,0.2252186466152428,0.6312154024153338
2019-07-08,0.0,2.2491405304164713e-08,0.038292439778440227,0.6666666666666667,0.4864305447572165
2019-07-09,0.0,9.126961236088915e-08,0.014917114989873106,0.22559898288066993,0.39053423248354
2019-07-10,0.0,2.4096418211466686e-08,0.024195363695996782,0.6675010145839041,0.23663721487518297
2019-07-11,0.0,2.3334011597930804e-08,0.03321085237631134,0.22840342879201203,0.5288243756940008
2019-07-12,0.0,2.2202727725795235e-08,0.01969268156934742,0.44778901726689574,0.4193552178538892
2019-07-15,0.0,8.754432197569106e-08,0.022019492219118166,0.6699752962736318,0.5579682898460473
2019-07-16,0.0,2.1608336370215753e-08,0.020050705187744794,0.6677808312909211,0.5610078577361189
2019-07-17,0.0,2.1656079110532467e-08,0.08833807319018004,0.22437844353580483,0.3808592456943498
2019-07-18,0.0,2.4317674044566084e-08,0.0587768851437426,0.6735731767051458,0.65873333339392
2019-07-19,0.0,8.940696708328866e-08,0.035575328405996004,0.6680796725323032,0.5494942067579898
2019-07-22,0.0,2.292069645193351e-08,0.03758788840590152,0.669396214611127,0.615261595762959
2019-07-23,0.0,8.754432183691319e-08,0.04291139650623089,0.4482325913879248,0.8519970893411579
2019-07-24,0.0,1.9779519563889458e-08,0.08139802501336357,0.2274871340697944,0.4410376063533238
2019-07-25,0.0,8.75443221630412e-08,0.03294156724480643,0.22534955661584116,0.3665573019785751
2019-07-26,0.0,1.9905406285075644e-08,0.11322029636737022,0.4550570010284301,0.33313374145709373
2019-07-29,0.0,8.940696713879981e-08,0.07579024466915156,0.2289293554313468,0.42296891440781675
2019-07-30,0.0,9.126961220823349e-08,0.036425331539274006,0.6695367532989658,0.31371406362429777
2019-07-31,0.0,8.940696719084151e-08,0.06405706797953649,0.4468834002635833,0.41258744171463424
2019-08-01,0.0,2.4596017448447194e-08,0.05571862918250216,0.449526113296774,0.36054659225093033
2019-08-02,0.0,0.0471391621512858,0.04587154118625503,0.22878064761913053,0.21051117866560942
2019-08-05,0.0,2.2002594662895447e-08,0.11224161934608504,0.45158170143334997,0.604080291641074
2019-08-06,0.0,8.940696729145547e-08,0.026430834357796452,0.22726772797286762,0.32144207083908527
2019-08-07,0.0,8.940696713533036e-08,0.020108408368726162,0.0048055855948725135,0.38916283597972656
2019-08-08,0.0,8.568167681952121e-08,0.02654899938830621,0.4485147897965646,0.16271536366125153
2019-08-09,0.0,2.3805280167238374e-08,0.06154943529443812,0.4466932974330398,0.12807593733546493
2019-08-12,0.0,1.874146789496156e-08,0.01793359525541456,0.2294617539627119,0.22983272195566112
2019-08-13,0.0,8.754432191671047e-08,0.012914895783130202,0.006797838342698398,0.1736061379149222
2019-08-14,0.0,2.290274376051671e-08,0.03625285516817489,0.22959312753463046,0.41099664417128523
2019-08-15,0.0,2.3511675367043905e-08,0.02526008203340914,0.22762616519505569,0.6464469510247809
2019-08-16,0.0,8.568167684380734e-08,0.02641827105454503,0.22260050370283915,0.4154443398945959
2019-08-19,0.0,2.0282405973487405e-08,0.1503746777793063,0.6666666666666667,0.5343120853064525
2019-08-20,0.0,2.348101019525317e-08,0.030456465081664167,0.45048042130220156,0.8115961258330855
2019-08-21,0.0,2.334211869278735e-08,0.03667542366248466,0.00352937544226517,0.334163102270084
2019-08-22,0.0,2.0158183140078778e-08,0.0267983837534896,0.2249380918492802,0.5082019504507109
2019-08-23,0.0,7.823109636137526e-08,0.03704731061108571,0.2268270623472557,0.36200071235180864
2019-08-26,0.0,2.1164656811845095e-08,0.026676490674357622,0.44858440163536567,0.4197443891713651
2019-08-27,0.0,1.75027383107762e-08,0.028604073802037784,0.2270767260584855,0.5554713394303483
2019-08-28,0.0,2.037189883105639e-08,0.03636549272179738,0.22574423411937852,0.4638615149114385
2019-08-29,0.0,8.195638651065096e-08,0.013759681676769834,0.22497541051017636,0.39384188689274613
2019-08-30,0.0,2.005888859873961e-08,0.02781168792394935,0.22514254003486717,0.5741231921594651
2019-09-02,0.0,1.951941564631854e-08,0.06214508726189725,0.22555682222667153,0.39579545817387923
2019-09-03,0.0,0.1319409968747175,0.04162143170673442,0.4487172636816907,0.471171695445229
2019-09-04,0.0,1.979551862707485e-08,0.030809498874871367,0.22474127998381377,0.4190743634033104
2019-09-05,0.0,2.4020686231751576e-08,0.019930705838631012,0.004264135969891419,0.5640211165649095
2019-09-06,0.0,2.1262297238838768e-08,0.06915420637187124,1.1124250985796775,0.6145113463748297
2019-09-09,0.0,9.499490270445388e-08,0.03622885316480602,0.4483430273678771,0.29452556124135637
2019-09-10,0.0,2.2431192962107938e-08,0.05396535158695484,0.8899979118802637,0.8469139142540202
2019-09-11,0.0,2.2309302117468066e-08,0.028629936403127908,0.23388015089287784,0.5460019534944583
2019-09-12,0.0,2.0661887759759745e-08,0.06272335592633649,0.44752182752936837,0.3471494774736082
2019-09-13,0.0,2.4492372185935807e-08,0.04582541913891541,0.22976270695122802,0.4853382834961298
2019-09-16,0.0,2.1388696092028425e-08,0.049845207405615884,0.22553362034427982,0.3340364078116711
2019-09-17,0.0,2.087520044671831e-08,0.036892652578185886,0.4476018557488787,0.7900368040225886
2019-09-18,0.0,2.1674765818963104e-08,0.031379551113911636,0.22786950283272045,0.6335801357559426
2019-09-19,0.0,8.568167679176564e-08,0.03191536585895744,0.22525967674407466,0.7999340880833322
2019-09-20,0.0,8.940696708328866e-08,0.026072795093711812,0.007836361367005162,0.5546057817637825
2019-09-23,0.0,9.126961226721408e-08,0.06291930672485416,0.229132948962758,0.34590090141016144
2019-09-24,0.0,2.195494398782305e-08,0.04891465922513552,0.448136257590836,0.482931251432413
2019-09-25,0.0,8.381903160090132e-08,0.02538966474664884,0.44872567384923323,0.7435381406465512
2019-09-26,0.0,2.1491096784120867e-08,0.029230059159477722,0.225493436904737,0.8841664215098005
2019-09-27,0.0,8.568167678829619e-08,0.046450914544565916,0.22375637621536407,0.6237309087488814
2019-09-30,0.0,2.3297371847669224e-08,0.05469470250005962,0.22673205495638,0.45673304882487464
2019-10-01,0.0,8.568167695482964e-08,0.02249794269185485,0.6693339010719488,0.4487446992767996
2019-10-02,0.0,0.06457741023012725,0.061499266310122876,0.22393367685642257,0.5210495957194913
2019-10-03,0.0,2.243328831030844e-08,0.06582273583520169,0.6681803319761261,0.5493860898485033
2019-10-04,0.0,1.7972298531343522e-08,0.04330167731432887,0.5716657961678524,0.5913082328684928
2019-10-07,0.0,1.5131945876878383e-08,0.7135765293061076,0.6666666666666667,0.7963470618552729
2019-10-08,0.0,1.7212544931033413e-08,0.03486413337650287,0.6693245755635958,0.363655428143783
2019-10-09,0.0,1.3184697209012164e-08,0.029050594386464203,0.448410852385106,0.5595806042839828
2019-10-10,0.0,1.6046571262723353e-08,0.026131844012661873,0.6714320623128396,0.4827680087530583
2019-10-11,0.0,6.70552252647616e-08,0.05588773896962532,0.4478007196199293,0.5317457492533043
2019-10-14,0.0,1.4901718629889427e-08,0.07484441810575082,0.6672702227305726,0.3859231746095819
2019-10-15,0.0,1.8288713807268486e-08,0.02610059419461615,0.6681870205109346,0.8351146339003857
2019-10-16,0.0,1.922402048659677e-08,0.036454114985536884,0.6731779505011496,0.6220044220361899
2019-10-17,0.0,1.9896048995826643e-08,0.021695003245603466,0.4451211946031448,0.5463737643592796
2019-10-18,0.0,1.745827064858485e-08,0.014314850464246532,0.4452760686877953,0.47884499005157344
2019-10-21,0.0,1.756437034705627e-08,0.030062620678040934,0.4467852280131053,0.47958845734664207
2019-10-22,0.0,2.2219762817882183e-08,0.02721180889172478,0.6690188511517828,0.3486945102979512
2019-10-23,0.0,1.81926511841346e-08,0.01748428396470065,0.4472346555944102,0.31138704425953945
2019-10-24,0.0,7.823109621912794e-08,0.01527664989545076,0.22657670640177194,0.680373230015306
2019-10-25,0.0,2.0206433779673683e-08,0.04450077092476808,0.2324661339242076,0.5603231167165532
2019-10-28,0.0,2.076087116109626e-08,0.04001034928443652,0.2279650518335552,0.5781678226965573
2019-10-29,0.0,2.328895307504575e-08,0.020495622745323187,0.2290600690071083,0.5338191938799903
2019-10-30,0.0,2.4362963504248603e-08,0.04601827038530994,0.22620383668482702,0.3531027134301216
2019-10-31,0.0,2.1083750176287275e-08,0.07802269637290336,0.6713724002801987,0.24086406628449997
2019-11-01,0.0,1.7522246421181054e-08,0.033752395432959645,0.4499074930723174,0.330958930913682
2019-11-04,0.0,0.6250000000000001,0.03524527339063329,0.002576701772652207,0.20470471593364153
2019-11-05,0.0,2.5768949883653303e-08,0.03798761427667689,0.6720641946365846,0.33362834724456675
2019-11-06,0.0,1.973667050625405e-08,0.04017764966445411,0.2280686265858723,0.32348314193843675
2019-11-07,0.0,8.754432208324392e-08,0.04347155982769345,0.009355791940768882,0.6142468204816078
2019-11-08,0.0,2.34046305044866e-08,0.07767787071266691,0.22853928627071365,0.5123990840737017
2019-11-11,0.0,2.461274949475123e-08,0.08770095924138227,0.45014782360474487,0.18614353901625724
2019-11-12,0.0,2.760206859950265e-08,0.015773875080554146,0.22560889099709946,0.6990803992323522
2019-11-13,0.0,2.344117392555356e-08,0.0550603126932214,0.22823933778489483,0.32211066511367825
2019-11-14,0.0,2.0590224740490992e-08,0.03347113365589342,0.22916613159873758,0.45533603597426375
2019-11-15,0.0,2.3150653810644073e-08,0.025296022634466224,0.44444444444444436,0.5568659734727602
2019-11-18,0.0,2.1818659521471995e-08,0.056167873685683545,0.44712605518184695,0.4016073969558298
2019-11-19,0.0,2.174868083196224e-08,0.050721899866981925,0.6688376685630244,0.4201537565366779
2019-11-20,0.0,2.3040860639561567e-08,0.023877779917501236,0.22652359399833655,0.44570930262430863
2019-11-21,0.0,8.568167679523508e-08,0.017060628958868375,0.22435821200379685,0.4547707940942589
2019-11-22,0.0,1.982407535697228e-08,0.040898581097705416,0.4482137713728475,0.4552842842627442
2019-11-25,0.0,1.9641536095488243e-08,0.07059732559339876,0.44721259336584807,0.5284943275475549
2019-11-26,0.0,2.1635917422241357e-08,0.027621361134884517,0.44786846458654184,0.3956152172598182
2019-11-27,0.0,2.5313501177126607e-08,0.054453968930128965,0.4480781057302471,0.3781483106074767
2019-11-28,0.0,2.1492201195821847e-08,0.07143778190011293,0.22295040572753383,0.4227158594448669
2019-11-29,0.0,1.885991311387225e-08,0.029244181873203906,0.2263875017364539,0.3362729902689776
2019-12-02,0.0,2.412676959953619e-08,0.02344829099905119,0.4466635995832876,0.32870834129672927
2019-12-03,0.0,0.02920964379183481,0.14129104603130213,0.4461863823919326,0.4368482510598335
2019-12-04,0.0,2.0870358052871296e-08,0.04554325781078542,0.6691376340503737,0.4973594965241256
2019-12-05,0.0,2.4374369411717112e-08,0.08902854121832915,0.4447425123846506,0.4213747717488259
2019-12-06,0.0,2.273922326823108e-08,0.08978248956290996,0.8925187553983469,0.39154642742978163
2019-12-09,0.0,2.5528920286760348e-08,0.05930358296070377,0.8897279748545956,0.5965084536307709
2019-12-10,0.0,2.4380440222238065e-08,0.030628903587634027,0.6680933421394173,0.6986219536635261
2019-12-11,0.0,2.0202785271095092e-08,0.03807059388571846,0.6685075417989546,0.5460966193219399
2019-12-12,0.0,2.560476365306985e-08,0.04876041219674178,0.6698306825993229,0.4733336657198746
2019-12-13,0.0,8.009374128856162e-08,0.049576712475471164,0.22937192980938223,0.5199218821205709
2019-12-16,0.0,2.1258312662281176e-08,0.029303847110410064,0.22473154816854726,0.40659784167918445
2019-12-17,0.0,2.0871373407338467e-08,0.04584501508811893,0.4454984211703719,0.6065122628664491
2019-12-18,0.0,8.568167691666573e-08,0.029726754156420662,0.22674970512721604,0.6240200440203288
2019-12-19,0.0,9.313225748930343e-08,0.01777226174115379,0.2253461880697803,0.3587119257447867
2019-12-20,0.0,2.2459935029861544e-08,0.01551880701619997,0.44720544656089706,0.530852834349733
2019-12-23,0.0,2.1210432920443223e-08,0.044958461138713844,0.22569966540710734,0.45935983714283707
2019-12-24,0.0,2.0522666472483353e-08,0.015149179066464746,0.2262823959696262,0.5008838480109052
2019-12-25,0.0,1.1362135401982165e-07,0.019352798409488815,0.5705868844681019,0.5119988084039336
2019-12-27,0.0,2.285796366768844e-08,0.005600875254959451,0.0,0.3508283576813577
2019-12-30,0.0,2.2540581505470225e-08,1.0491153866543002,1.111111111111111,1.2306516729687098
2019-12-31,0.0,8.940696728798603e-08,0.020844594651522386,0.0035354190796183793,0.35781102280017524
2020-01-02,0.0,1.9381880329849555e-08,0.08039793518501373,0.7495131676685686,0.6010476093869331
2020-01-03,0.0,1.0,0.8411239396397733,0.8888888888888888,0.8994552711060809
2020-01-06,0.0,2.1087040304873517e-08,0.055828099104375334,0.44819903144202533,0.6497472376716208
2020-01-07,0.0,1.836732809942787e-08,0.037056046785684874,0.44444444444444453,0.4400041526232316
2020-01-08,0.0,1.9003744775730746e-08,0.05045257695611846,0.4491818246350778,0.31293098161408506
2020-01-09,0.0,2.1905400462290947e-08,0.02829535304951897,0.4486393830324285,0.7346825995279951
2020-01-10,0.0,8.754432213875507e-08,0.0665498956841908,0.2279071511098656,0.5366347653774477
2020-01-13,0.0,2.3344547323000953e-08,0.032023275616150315,0.4482492649058284,0.5930524374475576
2020-01-14,0.0,2.1388126374144445e-08,0.03534275642666776,0.22600639525613767,0.5584053473737625
2020-01-15,0.0,2.3786780965068255e-08,0.039751972712546234,0.2278616513041441,0.601087678234052
2020-01-16,0.0,2.4943801357757422e-08,0.05478762973785012,0.22534035518820272,0.7328006152412277
2020-01-17,0.0,2.427553774664304e-08,0.04964569153571109,0.451771649021409,0.5265931608585399
2020-01-20,0.0,8.381903163212634e-08,0.054391584154649654,0.23049558207224097,0.48455302138143597
2020-01-21,0.0,2.0861094476853914e-08,0.028792598755879542,0.44871960892932794,0.343273482318417
2020-01-22,0.0,2.027929802556061e-08,0.04509505639752816,0.4469225839025766,0.5972782405226026
2020-01-23,0.0,2.4461294739763773e-08,0.03214062027135159,0.6687666993448798,0.40642178961102066
2020-01-24,0.0,2.1560818130872406e-08,0.03873091491692345,0.4520673869894626,0.6479764727860458
2020-01-27,0.0,8.381903158702353e-08,0.050239843484392865,1.113034746224928,0.6470983025801303
2020-01-28,0.0,2.2330781116602916e-08,0.06753614175814279,1.1111111111111112,0.7034277222111266
2020-01-29,0.0,1.987566222369508e-08,0.05165340195082148,0.44506146095707066,0.5162413577544925
2020-01-30,0.0,2.16204689498789e-08,0.030487343287087094,0.4505544452294953,0.40561601906843453
2020-01-31,0.0,2.085607692797753e-08,0.056930430405331314,0.22839929204538512,0.4579187966400907
2020-02-03,0.0,2.0544648510201213e-08,0.023784249034463426,0.004803089883041789,0.615605897280375
2020-02-04,0.0,0.07032823381313384,0.02492510672842911,0.22513231204872675,0.5088276361345572
2020-02-05,0.0,2.1002254348839733e-08,0.06326463188430305,0.4499447681164193,0.5396398866685799
2020-02-06,0.0,2.3222368243647207e-08,0.05516912406706618,0.4535102190911911,0.6640509259296992
2020-02-07,0.0,2.3923541900977563e-08,0.039104658969364554,0.2263043631083662,0.8335688124957243
2020-02-10,0.0,2.084583664713202e-08,0.02605746772600949,0.6704701974078577,0.5365323521981178
2020-02-11,0.0,1.980819394620248e-08,0.009993959799861942,0.2246499610631119,0.5244434796175376
2020-02-12,0.0,2.2029218792879446e-08,0.045884713108111375,0.4503148774834592,0.6413146523680225
2020-02-13,0.0,2.2704299860315524e-08,0.051694746452954986,0.4479295457239364,0.7566243005258464
2020-02-14,0.0,2.104383575729507e-08,0.026789158155506303,0.22856503978928375,0.4995045677798615
2020-02-17,0.0,2.2107170687818423e-08,0.01707453549736601,0.22687149622689806,0.5341838126866699
2020-02-18,0.0,2.2404660481034622e-08,0.015894027833445568,0.4466112895667182,0.47664725687924797
2020-02-19,0.0,1.9652021895216754e-08,0.01489921855975419,0.2306967000434719,0.642620992609373
2020-02-20,0.0,8.754432196181328e-08,0.029284524108242997,0.2275231105861404,0.6201084485896351
2020-02-21,0.0,2.4072142699310684e-08,0.046737854375030884,0.22709466959337732,0.6385492742692218
2020-02-24,0.0,9.12696123574197e-08,0.024242003686458277,0.22936604573291214,0.552069467377223
2020-02-25,0.0,2.4209778900358137e-08,0.09695586731470747,0.44980483485169065,0.7561854129994879
2020-02-26,0.0,2.1341299019650428e-08,0.04507516810698717,0.4460331378876109,0.742014161163101
2020-02-27,0.0,2.5506881780323898e-08,0.02246826992365473,0.4550973602153104,0.49260344821660584
2020-02-28,0.0,2.049176137802755e-08,0.07336287377112215,0.6716478502217735,0.7048739958632265
2020-03-02,0.0,2.5172644354393148e-08,0.0694826758980233,0.23075125521040524,0.6194170497767492
2020-03-03,0.0,0.047840872761450125,0.02472166584300899,0.44789513774076306,0.7454682787094347
2020-03-04,0.0,2.5231429508221215e-08,0.04212111283475202,0.22421746649795393,0.5055161716152516
2020-03-05,0.0,2.419565442099425e-08,0.05501286911658962,0.2324800381057792,0.8226587004279994
2020-03-06,0.0,2.249602887999247e-08,0.019028933037189943,0.23006147737844398,0.46833529785768757
2020-03-09,0.0,2.345290992661342e-08,0.03953756209236599,0.014843526116178965,0.49179835419883877
2020-03-10,0.0,2.4058270091387168e-08,0.1082964583558961,0.015309582007634326,0.7539371355199975
2020-03-11,0.0,2.221759825074554e-08,0.0330396097655033,0.4528074578148482,0.49004613211468073
2020-03-12,0.0,2.1000608124016606e-08,0.036298578183391765,0.23308878207490447,0.4785250906095799
2020-03-13,0.0,2.1042118707181867e-08,0.08478440013247161,0.2460358534213583,0.27127684894079396
2020-03-16,0.0,2.1471447297222168e-08,0.0503111570372714,0.6733447190667399,0.6040007474048524
2020-03-17,0.0,2.5669938303468642e-08,0.025245740859898228,0.45774815569359173,0.3312664725738444
2020-03-18,0.0,2.2066614244198313e-08,0.08693674675412554,0.44848651197733175,0.6444162805829943
2020-03-19,0.0,2.0753830593314704e-08,0.039848583478174604,0.4567496495462191,0.45229521333479683
2020-03-20,0.0,2.697942973542422e-08,0.07281752329521204,0.24479193216261425,0.6713375924888082
2020-03-23,0.0,2.2694085246438567e-08,0.09851202856295405,0.4548162146297774,0.6026878212860182
2020-03-24,0.0,2.169624128793568e-08,0.026245382528615403,0.4501869020641561,0.6479982656186574
2020-03-25,0.0,2.5477971250104092e-08,0.09659841976399434,0.6786033747986812,1.0087687212010163
2020-03-26,0.0,2.582825564360902e-08,0.04237947387240894,0.46032361618157447,0.493704747165282
2020-03-27,0.0,2.0415545306379235e-08,0.02919208779298669,0.4528434999941298,0.6313117395308142
2020-03-30,0.0,8.568167693401296e-08,0.017992716708806887,0.24718643523467662,0.6612264326025514
2020-03-31,0.0,2.1643396184642394e-08,0.03981749789015766,0.23500663443485623,0.457439333415253
2020-04-01,0.0,2.2818569559920898e-08,0.027909665714589645,0.4502783416737238,0.6764921104156105
2020-04-02,0.0,0.12007091980271492,0.016282969129812107,0.23479045589330966,1.115528364400221
2020-04-03,0.0,9.126961231578634e-08,0.014422976900379102,0.4469254243615595,0.42701780973054415
2020-04-06,0.0,2.066372133124883e-08,0.02067687051479292,0.4588381311120715,0.36831973179779715
2020-04-07,0.0,2.3589402722845598e-08,0.049387477400397145,0.8985597578126905,0.5598266353513363
2020-04-08,0.0,8.3819031784782e-08,0.027363578306595603,0.2356150988305757,0.33257351224599396
2020-04-09,0.0,2.1470454480282397e-08,0.011503230059436433,0.44981084321661935,0.0956998938484205
2020-04-14,0.0,2.3338469264805317e-08,0.08193107585744866,0.6742954754413473,0.7511143970219233
2020-04-15,0.0,2.4741765181773845e-08,0.025804243860568427,0.9028715720025033,0.6434942903238734
2020-04-16,0.0,2.2659387165224754e-08,0.042265545086944314,0.4586814295237641,0.20879071772050575
2020-04-17,0.0,2.4858174272474054e-08,0.06595097708145804,1.1171802017923032,0.4636500303288639
2020-04-20,0.0,2.229954292748415e-08,0.04676562474414461,1.115528256461691,0.3539976637341756
2020-04-21,0.0,9.126961226027519e-08,0.046055211217609755,0.4509951856974686,0.2615405427026542
2020-04-22,0.0,9.126961233313358e-08,0.04433499151865257,0.8931414344983993,0.19231392189143026
2020-04-23,0.0,2.2362126331221255e-08,0.03758000457075338,0.6768652238202079,0.2395310891039091
2020-04-24,0.0,2.2741339488624446e-08,0.0905904548173425,0.8946500410861115,0.3935016461075529
2020-04-27,0.0,2.2299489105953585e-08,0.040175270403116636,0.23057180712218067,0.4060760138654251
2020-04-28,0.0,2.0929809784603348e-08,0.03921966261936491,0.23415509585742056,0.26443827002343046
2020-04-29,0.0,1.96008938073422e-08,0.06693481502330405,0.8972692292303652,0.12981206784784155
2020-04-30,0.0,2.159182452624031e-08,0.051657771707106635,0.8900305128918581,0.5728570468159679
2020-05-04,0.0,2.0465882551168324e-08,0.02875334856853449,0.4558516247436136,0.5556170954008711
2020-05-05,0.0,0.06044014922371737,0.04301544043489512,0.45388146745355606,0.4949364653033157
2020-05-06,0.0,1.8237395569414838e-08,0.02335664674563607,0.22960163511990433,0.22781147550230801
2020-05-07,0.0,2.0406772084646807e-08,0.03738883361576544,0.23063928060754735,0.1498871585908772
2020-05-08,0.0,2.1024260631052893e-08,0.06581327230194463,0.4525305052046317,0.3804460436933931
2020-05-11,0.0,2.252734127711209e-08,0.027857311235952913,0.669925661759259,0.41891004122656783
2020-05-12,0.0,1.8424549049628203e-08,0.017293140847393994,0.22711998078456064,0.2745624475955197
2020-05-13,0.0,2.1234349573823197e-08,0.02677645303435002,0.6713997960485767,0.04657954373006924
2020-05-14,0.0,2.140298732689061e-08,0.026023961257347517,0.4487698876310374,0.184302350835631
2020-05-15,0.0,2.213669046680078e-08,0.038010609393439074,0.6678595308728914,0.10628982258671434
2020-05-18,0.0,2.131608772132365e-08,0.028759971439355027,0.6749213786231185,0.1761050136819501
2020-05-19,0.0,2.6228088926411042e-08,0.06882494154596112,0.6716705597238386,0.12127157755319556
2020-05-20,0.0,2.1236009797864774e-08,0.030939553113328286,0.00843724479024495,0.13238100600381286
2020-05-21,0.0,2.151606673037043e-08,0.045874856355826235,0.6709505569462519,0.21589850767912724
2020-05-22,0.0,2.0879728449690882e-08,0.018495849413285186,0.22856442766068819,0.3761321563123572
2020-05-25,0.0,2.0805190001360607e-08,0.04926945844755595,0.447246281232976,0.1497792073518474
2020-05-26,0.0,2.3830646192490867e-08,0.03912658376972346,0.44972773239208647,0.2912399641821071
2020-05-27,0.0,7.823109623300573e-08,0.03577604124073739,0.45034809999471975,0.09767499500910426
2020-05-28,0.0,2.365515230570714e-08,0.03914066159308954,0.685706770855634,0.07558491354114932
2020-05-29,0.0,2.0878094447729367e-08,0.0432218389491329,0.45256745307628793,0.13894201756544564
2020-06-01,0.0,2.2847159004968365e-08,0.02927033829131673,0.8987856483009073,0.16194293027029943
2020-06-02,0.0,0.08208189531182981,0.050687072009154996,0.3419200584872074,0.644515106311359
2020-06-03,0.0,1.3427923488407156e-08,0.6056284792721274,0.8888888888888887,0.8493224093995513
2020-06-04,0.0,1.848525310252369e-08,0.0549332549847543,0.6700293252230746,0.2832949173124478
2020-06-05,0.0,7.450580592413547e-08,0.01871654668632012,0.45691813585607693,0.18722432149696863
2020-06-08,0.0,1.9374449829190343e-08,0.05559861815352384,0.6762571384941771,0.2757719506316654
2020-06-09,0.0,2.063712768382575e-08,0.019990456163969397,0.6674564490309788,0.26671245383849584
2020-06-10,0.0,1.984158804965719e-08,0.02390408630738012,0.23730156657713547,0.2774104455395271
2020-06-11,0.0,2.300286284714903e-08,0.027890207084835555,0.008714175052942807,0.2014761093302857
2020-06-12,0.0,2.2295647210401892e-08,0.0510111635961361,0.8968944717267575,0.31384547878638147
2020-06-15,0.0,1.891300992901135e-08,0.013386323800939706,0.44976713456463846,0.07452699028119594
2020-06-16,0.0,1.9634317408034896e-08,0.06426117090682446,0.6708064957605054,0.2032517418881055
2020-06-17,0.0,1.5657553673747993e-08,0.044957160885799256,0.8939630636252207,0.18661579708389492
2020-06-18,0.0,1.6004930880608725e-08,0.021441087872950727,0.44715386626449094,0.18338954608896935
2020-06-19,0.0,6.891787052154541e-08,0.015419464111513457,0.4506537796148108,0.14563464971703927
2020-06-22,0.0,2.181059377895367e-08,0.024287126420509262,0.6723834142514069,0.23385032317178114
2020-06-23,0.0,1.9421911665734592e-08,0.06215483899350436,0.6691203360459702,0.32946740786444834
2020-06-24,0.0,2.3146616744823545e-08,0.02707906747778507,0.8918228575316898,0.2287985018364315
2020-06-25,0.0,2.2078364071004275e-08,0.041399773065663364,1.111111111111111,0.21227727774677194
2020-06-26,0.0,1.7815316433883455e-08,0.031179598686803804,0.6670174249163991,0.20183480585601754
2020-06-29,0.0,2.1552968056115507e-08,0.01826196422124699,0.4485460776343872,0.20004778517233465
2020-06-30,0.0,2.3956643755568274e-08,0.01827599881898391,0.22886705092411358,0.5345624509405568
2020-07-01,0.0,8.940696729839437e-08,0.030416903479480624,0.6696811196454802,0.3817674119332265
2020-07-02,0.0,0.6666666666666669,0.061984425051428885,0.6668532440235082,0.5017146204567345
2020-07-03,0.0,2.1911425666931716e-08,0.039251723600087406,0.6705338542789827,0.4622325017763834
2020-07-06,0.0,2.518839882850732e-08,0.05337124806590558,0.22708989124640078,0.46980283892561414
2020-07-07,0.0,2.0187312772812493e-08,0.034908120870523314,0.22879872233007956,0.4411431270670973
2020-07-08,0.0,2.428180714830752e-08,0.02406029978593994,0.2259434961377391,0.3337123078764327
2020-07-09,0.0,2.1612609070464917e-08,0.014892270919518958,0.008239988459738973,0.13690821573002482
2020-07-10,0.0,2.3323804290709127e-08,0.07602088768053591,0.012351922573943935,0.4850575118601371
2020-07-13,0.0,2.488909066691858e-08,0.021052681944873874,0.44732944672978114,0.40584636522648204
2020-07-14,0.0,2.2555890551168023e-08,0.03088390710759034,0.005569877099442247,0.439764843802122
2020-07-15,0.0,2.205556642528861e-08,0.04399392184452304,0.23019549188816413,0.4507603297377295
2020-07-16,0.0,2.052498416366122e-08,0.04214458172188908,0.44566036263080183,0.4944436888764636
2020-07-17,0.0,2.152460580259752e-08,0.011647544318734628,0.4470930305975911,0.3000060788035019
2020-07-20,0.0,2.399866093696912e-08,0.019659225767934697,0.44969744609565865,0.319250416877347
2020-07-21,0.0,1.9353865645527213e-08,0.019243590244325107,0.44649167998633765,0.38816119584865394
2020-07-22,0.0,8.754432195487438e-08,0.036621542645533675,0.22801687392537645,0.4325530600482923
2020-07-23,0.0,2.4815472402656136e-08,0.055726419739343086,0.22540703963682973,0.3358315925636835
2020-07-24,0.0,2.080602967691192e-08,0.01845764763058647,0.23355989566138277,0.3509462042410292
2020-07-27,0.0,2.2291738649427018e-08,0.03469446226855965,0.006057692720235874,0.38316653320595423
2020-07-28,0.0,2.3876964450747495e-08,0.02242847429983674,0.005303011874419117,0.2779064649391509
2020-07-29,0.0,2.000502195148579e-08,0.028781987251032568,0.22626183049703757,0.4466271262846328
2020-07-30,0.0,2.1179346294114554e-08,0.029546703404456108,0.005642345306187013,0.21999668468966938
2020-07-31,0.0,9.126961223598906e-08,0.09172832191620087,0.013732542730446606,0.6515586419103774
2020-08-03,0.0,2.536879754530541e-08,0.03176255820821587,0.23587304858135996,0.22427938636144543
2020-08-04,0.0,0.05658107851977555,0.06414362557137376,0.668929795788623,0.13433904963712637
2020-08-05,0.0,2.4851240221918092e-08,0.04162942595718498,0.4498035291670353,0.38164309088209963
2020-08-06,0.0,2.238727725770162e-08,0.05184490052738172,0.6724019110997139,0.4899897588184038
2020-08-07,0.0,2.580637699020616e-08,0.02447739896210832,0.6699343452798904,0.281300376050343
2020-08-10,0.0,2.2319870365133943e-08,0.026787343979629397,0.45166492399068264,0.2974253578524147
2020-08-11,0.0,1.9029152680677397e-08,0.03268122530495686,0.4506191385994923,0.33107924313217263
2020-08-12,0.0,1.951299726660194e-08,0.05291219449356661,0.45201543990735316,0.3302167326743519
2020-08-13,0.0,2.0071604222432482e-08,0.04122541861055526,0.23285185447524703,0.2710369599459784
2020-08-14,0.0,2.192233354916806e-08,0.011284116065734144,0.22729622442408262,0.12611229646870842
2020-08-17,0.0,2.169959154724177e-08,0.012501955356888262,0.22741659763992889,0.15757183954778609
2020-08-18,0.0,8.940696712145257e-08,0.02173134804207536,0.2278847915335488,0.13728825026296626
2020-08-19,0.0,1.8640911772505042e-08,0.01067148932348322,0.22972649996896813,0.1034594863490036
2020-08-20,0.0,2.234746795254372e-08,0.02654862444673628,0.22997076821728885,0.44971367635807485
2020-08-21,0.0,2.4551197890659848e-08,0.013083477060225609,0.22744565812530104,0.4165607298616861
2020-08-24,0.0,2.2550328923620633e-08,0.026507661551362152,0.22538947013085092,0.16620718678242286
2020-08-25,0.0,2.076192529704146e-08,0.034715009375772474,0.23395138434958695,0.30158142915549446
2020-08-26,0.0,2.5204182605570447e-08,0.016936667954661602,0.22822031796524178,0.23122160937107544
2020-08-27,0.0,2.1820555373003314e-08,0.02614738897267524,0.22846609681573415,0.25606515123993856
2020-08-28,0.0,2.5839435525282228e-08,0.07896970663902197,0.452436924538962,0.23787620614965063
2020-08-31,0.0,2.3192453849768535e-08,0.058335362305195405,0.8953237446244529,0.45579380261009295
2020-09-01,0.0,2.3212285968354784e-08,0.06589290121479591,0.4578987453755311,0.3242412587799453
2020-09-02,0.0,0.04622998894325829,0.03199735491718533,0.447797273621214,0.15768271921132715
2020-09-03,0.0,2.2930107930474453e-08,0.08949632884104591,0.8936396492576164,0.21396461417873947
2020-09-04,0.0,2.1972865089925353e-08,0.045527525631019694,0.6668049928264783,0.19574321493999952
2020-09-07,0.0,2.3116156724900527e-08,0.033388304059014454,0.4500366540062911,0.23704862513024683
2020-09-08,0.0,2.23713514206636e-08,0.04478219474104833,0.23019290478057097,0.2654192401893031
2020-09-09,0.0,2.7336611835293567e-08,0.06392484275996588,0.22974836156340078,0.18288142754241998
2020-09-10,0.0,2.1016384105232433e-08,0.050747577998232256,0.011049655703534778,0.2321398323332704
2020-09-11,0.0,2.0111367508846012e-08,0.013341874309470802,0.2274689042028326,0.1677069454330386
2020-09-14,0.0,1.9472660109376427e-08,0.021249164753526447,0.23137772014800395,0.2232312150646809
2020-09-15,0.0,2.4443614736469055e-08,0.012858325445947368,0.23135199077224733,0.1484499830991414
2020-09-16,0.0,2.1040066015831638e-08,0.02695907155240303,0.22913918839320024,0.1345830041726888
2020-09-17,0.0,2.1733665075962527e-08,0.02908888970587305,0.44485650979939506,0.17225942285881132
2020-09-18,0.0,1.9996789644288748e-08,0.02514031199146274,0.007581498902221928,0.14652213895125415
2020-09-21,0.0,1.920532635008021e-08,0.02557466309765986,0.007810180672241651,0.18480848902777314
2020-09-22,0.0,1.942913266383961e-08,0.08817317656173622,0.4529782572008988,0.39893518717060006
2020-09-23,0.0,2.1959614154853924e-08,0.01793168895435969,0.6699205890075259,0.4058400457971758
2020-09-24,0.0,2.1492240112608307e-08,0.02699682744717403,0.4481390664549909,0.404137804566854
2020-09-25,0.0,8.940696705206364e-08,0.01509847093732015,0.228287864049336,0.2555284941674726
2020-09-28,0.0,2.3655221233209733e-08,0.020659184193244046,0.22638037138184514,0.2607197700508414
2020-09-29,0.0,2.3508184485848682e-08,0.06994107344765269,0.4518585592621347,0.587958249768604
2020-09-30,0.0,2.2733678162190074e-08,0.011406590657294078,0.4504999995528439,0.3976786818844495
2020-10-01,0.0,2.2965546762898637e-08,0.04769569534949265,0.4477458472394015,0.607960805586363
2020-10-02,0.0,0.21504624198930788,0.23520102408568852,0.6666666666666666,0.4916405072785979
2020-10-05,0.0,8.754432213875507e-08,0.04800534030155369,0.44780429976696046,0.2769647214496326
2020-10-06,0.0,2.2770288238271874e-08,0.044207552819026254,0.007875445762681413,0.5805599269742555
2020-10-07,0.0,2.5317357738030566e-08,0.03956782729977562,0.22690249306058946,0.7608094772071523
2020-10-08,0.0,2.535588789279175e-08,0.05813202656503058,0.22980880016606092,0.7818890543682165
2020-10-09,0.0,9.126961221864183e-08,0.020393640769973513,0.6720184866614254,0.6296063719298282
2020-10-12,0.0,2.4583018818497004e-08,0.027572414102356356,0.22546906794555405,0.22429642117866638
2020-10-13,0.0,2.3979188752687453e-08,0.033750965035197616,0.23026578267539252,0.34535599359380253
2020-10-14,0.0,2.2065049908731593e-08,0.01467438885250245,0.232553361397992,0.5215355914942361
2020-10-15,0.0,2.1152314965550145e-08,0.02325291036530063,0.4527638793180327,0.361386187789025
2020-10-16,0.0,2.2396381894884687e-08,0.03537460521739679,0.67009195956345,0.42947084828238197
2020-10-19,0.0,2.1673116159387495e-08,0.06333145928763734,0.6718206601849959,0.37478536853306593
2020-10-20,0.0,8.009374162162852e-08,0.08853373043873308,0.6679095122478382,0.9420882728600205
2020-10-21,0.0,2.344261754855248e-08,0.03227785740561917,1.111111111111111,0.8568601933732863
2020-10-22,0.0,2.2127097518837013e-08,0.03289312750155782,0.22569549480366913,0.1716409890495787
2020-10-23,0.0,1.993350226894841e-08,0.029461614020123983,0.8916523357325998,0.1526502930864254
2020-10-26,0.0,2.0148826284510646e-08,0.034502334108534684,0.235319076367757,0.20948230211832697
2020-10-27,0.0,9.126961233833775e-08,0.0630124767804389,0.4511630183851311,0.30753149579768096
2020-10-28,0.0,2.111654526064377e-08,0.02955557428654411,0.22937457373857909,0.14844696532583482
2020-10-29,0.0,2.452074364910073e-08,0.06673140640981469,0.4453774960393665,0.30485213723949256
2020-10-30,0.0,2.3256783438299622e-08,0.0417376520558002,0.2222222222222222,0.36673375077947873
2020-11-02,0.0,2.075943582140194e-08,0.025476948636130363,0.23281444558523523,0.33365261043298405
2020-11-03,0.0,0.05148711169829498,0.05988738181423184,0.44936582521249985,0.38760414899079093
2020-11-04,0.0,2.3060942037911314e-08,0.04672208001425847,0.46173833591481594,0.49912027393381536
2020-11-05,0.0,2.1110110996064302e-08,0.07280084860875041,0.2407638607435717,0.5444240261834556
2020-11-06,0.0,1.9988741994936277e-08,0.038894117328727544,0.4482326725392855,0.6114498439731318
2020-11-09,0.0,2.2769135788608397e-08,0.011110257900718666,0.22812675847394587,0.8320653464515609
2020-11-10,0.0,2.4791403239327048e-08,0.195228575698982,0.690998984067015,0.5030163853652259
2020-11-11,0.0,2.3333059300661985e-08,0.03296943160969562,0.6712061193959661,0.15667351952567635
2020-11-12,0.0,2.5625351385977213e-08,0.03408619540205397,0.45525276138416465,0.10513610654172234
2020-11-13,0.0,2.1746552121559848e-08,0.022293904007572172,0.4552056026800261,0.05335603528429804
2020-11-16,0.0,2.4286154257785464e-08,0.023906868329389604,0.45129039218723205,0.08249800608950357
2020-11-17,0.0,8.75443219409966e-08,0.01881882515811711,0.4522476059929478,0.23023358986954734
2020-11-18,0.0,2.372356347479787e-08,0.02658503510880524,0.22547961802410083,0.03241867391278842
2020-11-19,0.0,2.1613972483319754e-08,0.019087440473374392,0.009475183779778518,0.08536745734171974
2020-11-20,0.0,2.1442082234757187e-08,0.01660898785698882,0.22562061738062072,0.05600751500935225
2020-11-23,0.0,2.194808155359107e-08,0.01190441106709333,0.22802807765414573,0.0978164288937132
2020-11-24,0.0,2.0024688410918978e-08,0.04057596365283823,0.22888972852727396,0.1542860971027636
2020-11-25,0.0,2.3241073298513326e-08,0.026822587482835145,0.015861984626840894,0.1925081078900303
2020-11-26,0.0,2.2873531659028945e-08,0.061951763073106236,0.012359675599547704,0.3598447664881828
2020-11-27,0.0,2.3526944385732218e-08,0.037590888708358694,0.004251967290563638,0.0955735617920433
2020-11-30,0.0,2.1770916593805145e-08,0.013833111510836335,0.2275301409991855,0.13003471028924432
2020-12-01,0.0,1.8546025999655047e-08,0.036839944073249635,0.23472049383069588,0.1550094182432413
2020-12-02,0.0,0.08963523072188011,0.03869298076123178,0.22904054499132376,0.2795118258931587
2020-12-03,0.0,8.568167674666283e-08,0.05081720477315909,0.22988507178576562,0.19101315444064054
2020-12-04,0.0,2.283788441345691e-08,0.037620234305175956,0.013195052673433016,0.07802613714465016
2020-12-07,0.0,2.118894437339036e-08,0.02244317677885273,0.013125774844863117,0.05639447677569577
2020-12-08,0.0,2.3953613353250303e-08,0.17226798594385864,0.23299117499948638,0.22828719432104017
2020-12-09,0.0,2.6426948792485083e-08,0.08647550276318024,0.6678800312209081,0.48471109120740197
2020-12-10,0.0,2.2575239618655152e-08,0.0769030207897742,0.22916658614842678,0.23743490909322487
2020-12-11,0.0,2.3578439842936172e-08,0.04335813218709642,0.6765769103820191,0.38475234855634965
2020-12-14,0.0,2.177978549941506e-08,0.04573253800828637,0.22597847060696907,0.23870944183616855
2020-12-15,0.0,2.3326726446282198e-08,0.04065471280905773,0.4524065558730644,0.7772056166049992
2020-12-16,0.0,2.130674126715748e-08,0.03583597997667118,0.2291957398212504,0.19251812491247974
2020-12-17,0.0,2.1230565031699067e-08,0.04794698047543494,0.4508805215532595,0.41972142288521375
2020-12-18,0.0,2.261252228866195e-08,0.03534744546421609,0.44928882859156205,0.39218423476412356
2020-12-21,0.0,2.133993094038944e-08,0.03086498401826139,0.23241297292394658,0.7599843599157455
2020-12-22,0.0,1.9957672150322514e-08,0.06253168134129058,0.892978483869115,0.7178758272329444
2020-12-23,0.0,2.117295026457522e-08,0.07183954897739442,0.44829133723236353,0.577343626483729
2020-12-24,0.0,2.5910240616239255e-08,0.048543547707860936,0.4480617293572841,0.4353766416143747
2020-12-28,0.0,2.6518528400965025e-08,0.017494794197361288,0.39999999999999986,0.45168144318162523
2020-12-29,0.0,2.821355002402548e-08,0.8266119443127999,1.1111111111111112,1.089409469894265
2020-12-30,0.0,9.313225750318121e-08,0.028205993192257056,0.44633623775510545,0.6368658570665164
2020-12-31,0.0,2.2387495253461953e-08,0.04333368892241671,1.1137827980801882,0.5473688419181816
2021-01-04,0.0,2.5159542955954795e-08,0.017551227241128016,0.3999999999999999,0.6438665869935991
2021-01-05,0.0,0.8333333333333334,0.8402776280806082,1.1111111111111112,1.110709843427293
2021-01-06,0.0,2.1666049735552528e-08,0.02702137195849426,0.22807998212418273,0.4971985140307894
2021-01-07,0.0,1.9286870898971298e-08,0.10787350713235279,0.8888888888888891,0.7457531793784956
2021-01-08,0.0,2.2954013179782295e-08,0.09657052071460788,0.449451170279871,0.5830105453165944
2021-01-11,0.0,1.9601039780853258e-08,0.029606431148473715,0.2332421914493608,0.5240423313653412
2021-01-12,0.0,1.9604875538953292e-08,0.0164188191374951,0.4462507055383961,0.5381601243600873
2021-01-13,0.0,1.8350432978708753e-08,0.03277517106452596,0.23306950197518475,0.5177411755735915
2021-01-14,0.0,2.0782774522165592e-08,0.024033346178769358,0.23094920693903004,0.7526941649731288
2021-01-15,0.0,2.049301036158302e-08,0.048843585038338605,0.2369536574559426,0.5797445954960617
2021-01-18,0.0,1.918190919297791e-08,0.033956497446546746,0.6701272329074429,0.5536894895267074
2021-01-19,0.0,2.3728605847567197e-08,0.025265133928771086,0.22552215380516683,0.3454702452305539
2021-01-20,0.0,2.1339413767279547e-08,0.023319143873518414,0.44686156284928846,0.3901760241813073
2021-01-21,0.0,2.3628847357903826e-08,0.0844135985255168,0.89293805754273,0.5268352673147877
2021-01-22,0.0,2.1626455782436382e-08,0.03735288450495175,0.8914064884086665,0.5325853036302423
2021-01-25,0.0,2.3588797356394187e-08,0.037531952501020205,0.23827362664264445,0.3854613291310526
2021-01-26,0.0,8.754432188548544e-08,0.04226231962333665,0.25479483577913387,0.5330113076874401
2021-01-27,0.0,2.3513852573375793e-08,0.058911302433745344,0.2329014120496154,0.4024394507968037
2021-01-28,0.0,2.3932386770258995e-08,0.03085482959219022,0.24843064737301315,0.3733758270501168
2021-01-29,0.0,2.2232369042973765e-08,0.029799270357117366,0.4712175036824441,0.3833656729673423
2021-02-01,0.0,2.589901144239848e-08,0.05008227783649533,0.4513097574776007,0.47249996742267264
2021-02-02,0.0,0.08997604299729563,0.04841065886651837,0.4538278185282152,0.23361890613418104
2021-02-03,0.0,9.49949025066954e-08,0.05428667685778234,0.4574640306703113,0.537828686218887
2021-02-04,0.0,2.3215706360796284e-08,0.0931778228043971,0.23641501493265815,0.5043269924880281
2021-02-05,0.0,2.1110171232602282e-08,0.04663560685282617,0.23461775286925077,0.37209729742911546
2021-02-08,0.0,2.412380848207385e-08,0.03280774716470425,0.45311771255213495,0.40930177052044237
2021-02-09,0.0,2.1091672953305052e-08,0.01363228672485295,0.009614549974158601,0.20933912405466057
2021-02-10,0.0,2.3858038083329758e-08,0.021965485283719076,0.00597415538650968,0.32047762642198413
2021-02-11,0.0,2.2233088634027176e-08,0.02474192382119507,0.2392091493842444,0.6986705425070632
2021-02-12,0.0,2.0237179737536692e-08,0.028837375461465583,0.23328431469705774,0.2861739406064556
2021-02-15,0.0,2.1858086514392472e-08,0.03364954339115342,0.6692660366939702,0.32443498095183854
2021-02-16,0.0,1.8945571871736844e-08,0.09190772359359875,0.45305989607472524,0.4257856605977107
2021-02-17,0.0,2.5494577223644788e-08,0.020703948873507932,0.23163457027097545,0.4367249146644707
2021-02-18,0.0,2.6469571628301436e-08,0.037770339329115124,0.44935829301329466,0.6957630523803505
2021-02-19,0.0,2.3772383582476575e-08,0.020047010646527984,0.23177194388320602,0.6003649722615145
2021-02-22,0.0,2.390013109643263e-08,0.027398137793330855,0.2350332084155579,0.7086234999132562
2021-02-23,0.0,2.238586748609661e-08,0.04685286594599704,0.2307180234816305,0.5317239589635787
2021-02-24,0.0,8.009374146897286e-08,0.04480760749143049,0.22651690462148372,0.4551460744854252
2021-02-25,0.0,2.0943557197533602e-08,0.046124005749810924,0.2266269507272885,0.5976412889909954
2021-02-26,0.0,2.1140887453835466e-08,0.05530654545181431,0.45247491326375944,0.6909786035840177
2021-03-01,0.0,2.360678060669974e-08,0.06161312351176395,0.00947277425476116,0.50150584558588
2021-03-02,0.0,0.07160745194970121,0.06401170271217133,0.23203772579765003,0.612653576434387
2021-03-03,0.0,2.3589589719097415e-08,0.03828571992696099,0.2317535075258495,0.5581497125325813
2021-03-04,0.0,2.389282797651826e-08,0.06380127914789903,0.44839168799568546,0.5004368871933131
2021-03-05,0.0,2.112584280081209e-08,0.04879691910248379,0.6669638450782165,0.6671427023886228
2021-03-08,0.0,2.2202156946260487e-08,0.048183772129742584,0.2290288147747927,0.8508009243105765
2021-03-09,0.0,1.986803823891825e-08,0.08171768058098802,0.23527288165997437,0.7288951768977747
2021-03-10,0.0,1.95179384078481e-08,0.04649124529527121,0.22586242160357667,0.3580424428275745
2021-03-11,0.0,2.3849595281316693e-08,0.07187480428057764,0.007358029666573118,0.5437409891450081
2021-03-12,0.0,2.1990242418667982e-08,0.030196458201981555,0.2318722620866731,0.5608346038463653
2021-03-15,0.0,2.3720896934198432e-08,0.031496688536939654,0.005263352538173255,0.29088501076183826
2021-03-16,0.0,9.313225747889509e-08,0.04642544515047027,0.22978925579757925,0.6496761865782803
2021-03-17,0.0,2.204287924412185e-08,0.024668843193480783,0.4575107166406033,0.4667225418215611
2021-03-18,0.0,2.486078779645462e-08,0.04183961185543054,0.6802271376970387,0.4550800374099433
2021-03-19,0.0,2.1490491112358123e-08,0.030028133967827428,0.23059942220500587,0.37705148043642095
2021-03-22,0.0,2.0546728062009745e-08,0.03683736195286466,0.4499030951565533,0.40578194609362506
2021-03-23,0.0,9.126961243721698e-08,0.02349774802366244,0.6830200459047144,0.5365604154338066
2021-03-24,0.0,2.3788338320007707e-08,0.0295581240918946,0.23569938224010947,0.5244223716191052
2021-03-25,0.0,2.4666877020129707e-08,0.01861171120596769,0.011036084264885074,0.42423418519836
2021-03-26,0.0,2.296035763599269e-08,0.036591368325311874,0.6698781788196082,0.4748560983095481
2021-03-29,0.0,2.517829716594533e-08,0.045733588974388215,0.44741203664351714,0.3726220079700178
2021-03-30,0.0,2.1648926970541105e-08,0.03608429032892244,0.44931874055954857,0.3287595867775362
2021-03-31,0.0,2.0145296111828692e-08,0.03389499892155874,0.45328359019721065,0.5189446392096819
2021-04-01,0.0,9.126961239558362e-08,0.030649634917658323,0.8898040818152769,0.3687095553265702
2021-04-06,0.0,0.06846622544078985,0.07696097132292122,0.44889324147502097,0.6320431476802612
2021-04-07,0.0,2.3418944679332032e-08,0.043070638872780564,0.2295188695565799,0.3820684854326962
2021-04-08,0.0,2.2634445592112362e-08,0.0771662645714609,0.44950790555900205,0.25274738212063674
2021-04-09,0.0,1.891285586475e-08,0.04411727899923057,0.6752802620583611,0.5594492649779631
2021-04-12,0.0,2.0768318630820515e-08,0.05120412440833562,1.3346293402105969,0.7421845965904595
2021-04-13,0.0,8.940696722900543e-08,0.041313293252051714,0.89271310078357,0.541513307014811
2021-04-14,0.0,1.9251381364049358e-08,0.04196409252331722,0.44937247680140147,0.5556985694712541
2021-04-15,0.0,2.276103231238502e-08,0.030305033934676227,0.4505875546090464,0.44247270254237314
2021-04-16,0.0,2.1620126685467644e-08,0.030807611228007122,0.6707501594848954,0.41223069558631553
2021-04-19,0.0,2.407060198730826e-08,0.049070113212784705,0.6722016416102609,0.40939854330247905
2021-04-20,0.0,2.1562518763562633e-08,0.040651874529900905,0.8928956507307277,0.6373975669469437
2021-04-21,0.0,1.9307290141656885e-08,0.0663173190664925,0.8921783959560231,0.6598131648662612
2021-04-22,0.0,2.2374491429749677e-08,0.0431261169973678,0.6715740890597157,0.6103950058626243
2021-04-23,0.0,2.3429500752708554e-08,0.04059972255549344,0.44941049895273477,0.4713909912573422
2021-04-26,0.0,2.5528512633682388e-08,0.04026444406839365,0.22765573668137654,0.4443892318197425
2021-04-27,0.0,2.4805718690928957e-08,0.044936973183951054,0.004414011990827957,0.48722208847431187
2021-04-28,0.0,2.3090152491411775e-08,0.023583429700636822,0.006558569424760255,0.36082141980922583
2021-04-29,0.0,2.2344382278466357e-08,0.0716221062101614,0.22737930484728713,0.4432336526808869
2021-04-30,0.0,2.5105025145549797e-08,0.047958060960524615,0.44644833235296255,0.5891555845848591
2021-05-03,0.0,2.438620049297069e-08,0.027586376838704324,0.451267311349704,0.4097295295373806
2021-05-04,0.0,0.04102189617180603,0.03710834210973102,0.6711150242442736,0.37714565064405786
2021-05-05,0.0,8.754432194446604e-08,0.060358736730376505,0.23060887145229025,0.6027112126389937
2021-05-06,0.0,2.4633068588381102e-08,0.08108551878855393,0.22708916800949253,0.5688379703280738
2021-05-07,0.0,8.56816770623825e-08,0.04336762251886178,0.4533244230838374,0.28361008262686555
2021-05-10,0.0,9.499490263506494e-08,0.0367178100582491,0.0066703888714495785,0.46151312436157654
2021-05-11,0.0,2.280284316924508e-08,0.017566135582968042,0.23164475797209313,0.5521024886396527
2021-05-12,0.0,2.5294853912838366e-08,0.039129315993898475,0.6691590333980046,0.4870269199362606
2021-05-13,0.0,2.0625620822389834e-08,0.04473004839259703,0.4516710195641028,0.3948141694559973
2021-05-14,0.0,1.9781948416147666e-08,0.017753881810493574,0.22660919425080206,0.33277781129683637
2021-05-17,0.0,2.1806694096293544e-08,0.047734607979798206,0.23052290854082955,0.20905105057264878
2021-05-18,0.0,1.8791951991031786e-08,0.017712001139375714,0.4490544111815086,0.27969420087459895
2021-05-19,0.0,2.111473154306487e-08,0.06299487896316745,0.448627347754648,0.367908605934101
2021-05-20,0.0,2.0345390625703397e-08,0.048986639108806136,0.44963228404035616,0.7395046618595531
2021-05-21,0.0,2.2013345257754224e-08,0.04689186953067906,0.4491623928271532,0.45283084219261843
2021-05-24,0.0,2.0496127184355117e-08,0.017619830245653258,0.44690863107728673,0.5585208305996908
2021-05-25,0.0,2.200764296841906e-08,0.030302503910410117,0.5719347979760268,0.8727536979958981
2021-05-26,0.0,2.2422774859087724e-08,0.5834761541336775,0.6666666666666667,0.7536556460289884
2021-05-27,0.0,2.7780433370372393e-08,0.045629025350215444,0.4464221938175374,0.26988704065334657
2021-05-28,0.0,2.998467216880352e-08,0.05216981124445286,0.6710450582730906,0.3539529447586177
2021-05-31,0.0,2.7320732027408257e-08,0.033215872832029064,0.8922602000793234,0.33198348747901624
2021-06-01,0.0,2.2960617393485983e-08,0.013236229763220655,0.22590244170824847,0.36557065819810763
2021-06-02,0.0,0.7083333333333336,0.044871461477145484,0.45215026214660975,0.44798261855018356
2021-06-03,0.0,1.955010540607982e-08,0.04442382546149946,0.6691899338631606,0.3391750414418255
2021-06-04,0.0,2.1427876525231815e-08,0.040053714012681735,0.4512405133749161,0.34621653091163435
2021-06-07,0.0,2.108748808904437e-08,0.037062739020171306,0.44735354437119274,0.8754598843996719
2021-06-08,0.0,2.322364860488091e-08,0.028764381609080708,0.4478140654945023,0.49707640477065074
2021-06-09,0.0,2.0374612781648427e-08,0.05600094724865061,0.4487527987660082,0.554284892199112
2021-06-10,0.0,2.1191229614830887e-08,0.04837855472244085,0.4483967926631332,0.5162094461622846
2021-06-11,0.0,1.8906956240211104e-08,0.02244427688732434,0.22826007552762861,0.38872740356169083
2021-06-14,0.0,2.297004048773532e-08,0.036960638317366956,0.22905911459000633,0.5004556936315446
2021-06-15,0.0,8.754432193058825e-08,0.04100495776517721,0.22590528199249105,0.467776202970804
2021-06-16,0.0,1.915352243128665e-08,0.042601000972814274,0.22745340664557578,0.5171355815274216
2021-06-17,0.0,1.9491355592038406e-08,0.07152123426629446,0.22607896841298147,0.46876673896624527
2021-06-18,0.0,2.3026942783110904e-08,0.07364276169851301,0.6684186916860663,0.6260450014220811
2021-06-21,0.0,2.1331055987533487e-08,0.0814821708748937,0.4517126374575919,1.0066532858193364
2021-06-22,0.0,1.881845981821506e-08,0.04410781285118748,0.22854932596704602,0.6988845294968088
2021-06-23,0.0,1.9042922693585096e-08,0.03355339154420656,0.669093292990621,0.5094084733285202
2021-06-24,0.0,2.1467340818176472e-08,0.0627396686655831,0.22970676120300204,0.4460806256257431
2021-06-25,0.0,2.4731098492020154e-08,0.08810111395306394,0.8909117743863619,0.7758511629848811
2021-06-28,0.0,8.75443221561023e-08,0.05055881203147329,0.44720058609419006,0.4838001148040447
2021-06-29,0.0,8.754432192711881e-08,0.06747443660792368,0.44537598609048296,0.7324533360558132
2021-06-30,0.0,8.38190317396792e-08,0.0343956169950929,0.8898570099229448,0.6525898057053403
2021-07-01,0.0,1.9315674486958256e-08,0.03888043848522841,0.44680337972406053,0.778841618833788
2021-07-02,0.0,0.061037454461475425,0.041549339967906156,0.22566149708722485,0.7051710583946755
2021-07-05,0.0,2.3466879488232006e-08,0.015910762162610587,0.22578086288327492,0.7751674021031043
2021-07-06,0.0,2.3643889814767283e-08,0.03050793874425023,0.4470087999154324,0.6575632100700769
2021-07-07,0.0,2.4827412330868937e-08,0.02406235844574657,0.4501101825682369,0.7767184545041048
2021-07-08,0.0,2.2898679789135068e-08,0.046858512835207713,0.22979467937998094,0.6606305342464871
2021-07-09,0.0,2.1531094584331667e-08,0.054220742635482225,0.0043874268958247475,0.9186737600575088
2021-07-12,0.0,2.3621347832597506e-08,0.05659749887310163,0.2263052166638242,0.7830303823451712
2021-07-13,0.0,2.3161612280886423e-08,0.026625841900173672,0.22396015746731193,0.6060601535944037
2021-07-14,0.0,2.098973345826538e-08,0.015603820665280594,0.22429939278319372,0.6404088769623466
2021-07-15,0.0,2.0670957095320075e-08,0.016612173987614602,0.44947792017768995,0.4384848886254052
2021-07-16,0.0,2.2034578533308702e-08,0.02467957030228373,0.6715315333430198,0.7106192489559411
2021-07-19,0.0,2.5322024116425368e-08,0.045720543338491564,0.891204156321413,0.69118878209167
2021-07-20,0.0,2.303410908885417e-08,0.0812525479953958,0.4444444444444445,0.9584523383358143
2021-07-21,0.0,2.2417906458266357e-08,0.024455435474448048,0.22670174014123612,0.33583715605436437
2021-07-22,0.0,2.3371115921017038e-08,0.05360321211224706,0.6666666666666666,0.8039855190181902
2021-07-23,0.0,2.2126140711287157e-08,0.041871185678737446,0.4499128155532767,0.6388626629641937
2021-07-26,0.0,2.387847802473586e-08,0.03967342906945791,0.4532431191712306,0.785229799876537
2021-07-27,0.0,2.2611596886545904e-08,0.032203514823942146,0.6667191225704181,0.860214272677657
2021-07-28,0.0,8.568167693401296e-08,0.014659646065578517,0.4511570229689281,0.7892471065062784
2021-07-29,0.0,8.754432221855235e-08,0.02831983579387832,0.4509692440797862,0.8460788966674729
2021-07-30,0.0,2.1318495496691625e-08,0.05483774411073333,0.22664847766556204,0.6039987447149401
2021-08-02,0.0,2.384214898426551e-08,0.030192898972428,0.6727928085016108,0.8181609417846207
2021-08-03,0.0,0.04092066532524888,0.05104226882472369,0.6687002484466367,0.821522921785101
2021-08-04,0.0,8.56816767813573e-08,0.021468284837105348,0.22697231204422677,0.8069996570100717
2021-08-05,0.0,2.112659804043293e-08,0.032396639970443966,0.22860923813431727,0.5827478395682684
2021-08-06,0.0,2.124143370224596e-08,0.06524331801605833,0.22234391126331043,0.6195001569426877
2021-08-09,0.0,2.2581893407286335e-08,0.03794654300166512,0.22676471172577528,0.5620294971121398
2021-08-10,0.0,2.3057151382621655e-08,0.017428844240746602,0.002384520729051598,0.6849777483019184
2021-08-11,0.0,2.0817257466443362e-08,0.00946442009791008,0.4458483489462282,0.3826368693906668
2021-08-12,0.0,2.1870417393765607e-08,0.025008905351694914,0.4508159383869343,0.5368821387605542
2021-08-13,0.0,2.2100369225647176e-08,0.0317029888871532,0.44857430064499976,0.6433666520115577
2021-08-16,0.0,2.248929576245673e-08,0.015197389076177724,0.22773174874429772,0.3836796252215473
2021-08-17,0.0,2.5539831565585258e-08,0.10122102375393052,0.0037909913709037596,0.5755302787406468
2021-08-18,0.0,2.4193698648644624e-08,0.0253206314819359,0.4476350473647083,0.5701427657360127
2021-08-19,0.0,2.2960253798914865e-08,0.0679519276727357,0.0026161857218733042,0.6672294766034266
2021-08-20,0.0,2.1124990656068432e-08,0.08532462362674258,0.45469004416354636,0.9499755995649751
2021-08-23,0.0,2.2764884657910933e-08,0.048407013757626446,0.0094066295637361,0.5305341914943518
2021-08-24,0.0,9.126961228456132e-08,0.06090731546342133,0.45038100018454885,0.6077602886214714
2021-08-25,0.0,2.1564554295028238e-08,0.03129931514800971,0.22691968786307404,0.7821090199930474
2021-08-26,0.0,2.2776525818168913e-08,0.034541847218787586,0.23050071990371196,0.49241916885712317
2021-08-27,0.0,2.446842681594341e-08,0.07610139357119194,0.22934995335166675,0.4290756526064204
2021-08-30,0.0,2.323719463029339e-08,0.07465580349593967,0.008650624678545715,0.4704356163569449
2021-08-31,0.0,2.2294432917846496e-08,0.07330711206615786,0.2270967273404961,0.42546952810604166
2021-09-01,0.0,2.144779118196105e-08,0.057950975060332754,0.22676231009551323,0.6181694088164028
2021-09-02,0.0,0.0421769118984548,0.06732421447790755,0.23280488813273711,0.6081953288529056
2021-09-03,0.0,2.1140514516043707e-08,0.05621509802477696,0.4473252312923131,0.4433960662037376
2021-09-06,0.0,2.2381675238852816e-08,0.05405317040484174,0.44640614752666496,0.42029877042129477
2021-09-07,0.0,2.283116678700181e-08,0.04244421229749985,0.4469249960668359,0.31689818097240463
2021-09-08,0.0,2.3002463645643845e-08,0.033818105283674585,0.44937158072743344,0.5328936635362698
2021-09-09,0.0,2.6207299250874394e-08,0.051371812560543566,0.6688658582480008,0.33472166247425866
2021-09-10,0.0,2.0724229696927887e-08,0.03956540748894925,0.448161070104725,0.3264581938262557
2021-09-13,0.0,2.5277714404275953e-08,0.028730698236475807,0.4461295340728898,0.304280470419601
2021-09-14,0.0,2.201363779458232e-08,0.0535033147271194,0.2292525347594942,0.3640908128575688
2021-09-15,0.0,2.3591446525472737e-08,0.03211224205188915,0.22696292404191734,0.26870595649846807
2021-09-16,0.0,2.3502648636292145e-08,0.04616487269525783,0.44583755174069895,0.7025687196423801
2021-09-17,0.0,2.0575955567841975e-08,0.08563812602762594,0.23155857849436798,0.7381799686917603
2021-09-20,0.0,1.7595062174607934e-08,0.05479831996575099,0.4492147025463249,0.4644103203174812
2021-09-21,0.0,2.5511160052504867e-08,0.10532187354343149,0.44917219821481047,0.9131420651985325
2021-09-22,0.0,2.39222682670015e-08,0.07657578135078545,0.4454652696607661,0.862040487997502
2021-09-23,0.0,2.365709963689233e-08,0.051116280230793454,0.23290824000145668,0.611727568949666
2021-09-24,0.0,2.1075344303067567e-08,0.02964587330489431,0.22789081783318735,0.3624051706438853
2021-09-27,0.0,2.3275811666945145e-08,0.02088528510016779,0.2330421161728239,0.7545504996898615
2021-09-28,0.0,2.3280325830293824e-08,0.04297703983745982,0.6679884415148707,0.7385951677917874
2021-09-29,0.0,2.2709661248732083e-08,0.04995299881016163,0.01713214101918735,0.6110587658927982
2021-09-30,0.0,2.2989390117272857e-08,0.04864952993862186,0.23054291397300786,0.602946445694397
2021-10-01,0.0,2.199382502510172e-08,0.014900082879348875,0.2281650619808222,0.4979115324594706
2021-10-04,0.0,0.13633393801156884,0.18120281889877374,0.22222222222222232,0.5504861102787704
2021-10-05,0.0,2.214027609859226e-08,0.023363536397394757,0.009623407925376304,0.5103800292104561
2021-10-06,0.0,8.940696729839437e-08,0.07608435024930864,0.44982016182571316,0.5910810978393988
2021-10-07,0.0,2.4182253810511867e-08,0.08301373728146066,0.44556867976525005,0.47026432895245784
2021-10-08,0.0,2.2340061942710543e-08,0.07438650965175335,0.2320140959607154,0.4693340051156159
2021-10-11,0.0,2.4898262222794454e-08,0.017186345512065382,0.2290876620869966,0.637167854635497
2021-10-12,0.0,2.1377875678019187e-08,0.018409563417639274,0.22770426003899347,0.550702477791254
2021-10-13,0.0,2.331656288184769e-08,0.02065550989510029,0.006845154517341717,0.6353753599012841
2021-10-14,0.0,2.44537799072575e-08,0.049886472324370074,0.44826882732903767,0.8442273613477511
2021-10-15,0.0,1.8348332214701557e-08,0.035090620824922245,0.226077630575449,0.667896824313435
2021-10-18,0.0,2.0024252558176192e-08,0.01804194660873371,0.6678840142822833,0.7268646124609947
2021-10-19,0.0,2.067580671602509e-08,0.019400323941621223,0.22770390540780386,0.47818289551019655
2021-10-20,0.0,2.4204454097259687e-08,0.0340035405354467,0.22746207096934717,0.3868837156210301
2021-10-21,0.0,2.0744811667083862e-08,0.05482955363157967,0.0076165784645529505,0.4981707388646527
2021-10-22,0.0,2.2758385020277272e-08,0.025442708649824005,0.4467366342633951,0.3755027808756916
2021-10-25,0.0,2.270529355849482e-08,0.026388134914502568,0.22673507484762728,0.8046943631543721
2021-10-26,0.0,2.0791873733133626e-08,0.03970109257438189,0.2297365992153403,0.6410124074207371
2021-10-27,0.0,2.5679840243847396e-08,0.05626595131760736,0.8888937052142469,0.375156791189055
2021-10-28,0.0,2.2247015323689778e-08,0.03152066104854022,0.44686232332741893,0.5810312396996724
2021-10-29,0.0,2.399007462822178e-08,0.04088781334814469,0.6690512426537907,0.5977543687328299
2021-11-01,0.0,8.568167692707407e-08,0.04621375322800176,0.8897193760482613,0.5947604173747354
2021-11-02,0.0,0.038565333268188715,0.04144434652780047,0.2307553442219156,0.5368628976898591
2021-11-03,0.0,2.422169948640418e-08,0.05847997997538357,0.666713468073866,0.4411768737297278
2021-11-04,0.0,2.1097658474411585e-08,0.057784326432308485,0.4523112053500313,0.4142229255132027
2021-11-05,0.0,2.5070321305054044e-08,0.055697379270971216,0.44804341331260045,0.48174730256233617
2021-11-08,0.0,1.9698055811478987e-08,0.04673303228278182,0.22686659008989724,0.2585291476424906
2021-11-09,0.0,2.2139104934731924e-08,0.03240899464183334,0.22719057875498844,0.4521301264125619
2021-11-10,0.0,1.9102055999475898e-08,0.03593522534462245,0.2279489316891242,0.46333552234585434
2021-11-11,0.0,2.053838631457805e-08,0.04939355541447257,0.44740489138917816,0.49318120787015113
2021-11-12,0.0,1.784171688862246e-08,0.034200484262631815,0.4497715155488932,0.42892144509772573
2021-11-15,0.0,2.386250483321639e-08,0.03962665799851339,0.4506156721391748,0.46858542844984963
2021-11-16,0.0,2.052403537400327e-08,0.054209934637204825,0.4444444444444444,0.44779759735771907
2021-11-17,0.0,2.0521516003874085e-08,0.04602098841702842,0.4446370670595663,0.46323349915032735
2021-11-18,0.0,2.0201898889848913e-08,0.040493948775400135,0.44880320271158136,0.6001512409843381
2021-11-19,0.0,2.007610036894314e-08,0.03989601665608228,0.45022617756982675,0.33231686250995035
2021-11-22,0.0,2.0455748764997006e-08,0.07113712940177372,0.22763925461642087,0.44490875867390345
2021-11-23,0.0,2.5971533260810142e-08,0.036742934374561866,0.008491572416359963,0.361149320058325
2021-11-24,0.0,2.0620522157843713e-08,0.06825872739610306,0.6684603540442826,0.34909910382388487
2021-11-25,0.0,2.1264364262474356e-08,0.03861212124715051,0.44973875365450877,0.11488902959534956
2021-11-26,0.0,8.754432196528272e-08,0.03580507133717009,0.44991848824228453,0.37843505155681056
2021-11-29,0.0,8.754432203467166e-08,0.16168608936424828,0.4595743996301122,0.8832862621915054
2021-11-30,0.0,2.2437946549380694e-08,0.023439950582122136,0.4480826187066943,0.3729366417446999
2021-12-01,0.0,8.568167694095186e-08,0.03599949744805816,0.451383643076235,0.6469829084818423
2021-12-02,0.0,0.05500061077642014,0.05557793946167089,0.6719787783652982,0.7011826091079134
2021-12-03,0.0,2.331067953942334e-08,0.027981894955656374,0.44517272102080746,0.5891873723862562
2021-12-06,0.0,2.323436331871931e-08,0.0179977199312491,0.4489994944717986,0.6050194449639179
2021-12-07,0.0,8.568167681952121e-08,0.04151188317063245,0.6666666666666666,0.7415460293413719
2021-12-08,0.0,2.2017654803530018e-08,0.09139030799913604,0.8924477255542257,0.6856602711808466
2021-12-09,0.0,2.2760721175851817e-08,0.0348916567552379,0.22984892968423534,0.31224031147808423
2021-12-10,0.0,2.1626867803548055e-08,0.008936949587346256,0.44766170295898644,0.3012648701136833
2021-12-13,0.0,2.177572720751808e-08,0.019693363775673732,0.6690883280858353,0.5839342378170278
2021-12-14,0.0,2.142751532804854e-08,0.030391363768783434,0.4479107338734788,0.5972591194920963
2021-12-15,0.0,2.3990395007361665e-08,0.023808406490077663,0.6703820212349483,0.6742164101512709
2021-12-16,0.0,1.8499736683524892e-08,0.012126541257448952,0.2295232475820943,0.6829471755060326
2021-12-17,0.0,9.313225728460606e-08,0.03228642156738172,0.4469145827566389,0.8003175114081622
2021-12-20,0.0,8.009374137182834e-08,0.02087817446064491,0.4520176106003774,0.9191049663342439
2021-12-21,0.0,2.456998234728891e-08,0.025112351454273728,0.45187370694517703,0.6572016119996261
2021-12-22,0.0,2.1357312918190985e-08,0.04007158929772432,0.4494858827271143,0.4886571440108693
2021-12-23,0.0,2.0242275567544654e-08,0.02195440340236466,0.4450331780323509,0.49867094287243635
2021-12-24,0.0,2.5756709067653594e-08,0.019233776027079406,0.44612625885176693,0.46216745980685314
2021-12-27,0.0,2.053819878750085e-08,0.13543083874310627,0.5017234782279381,0.4690431120323745
2021-12-28,0.0,1.939758632191202e-08,1.0584135261520995,1.1111111111111112,1.0788966702151648
2021-12-29,0.0,1.9214035550108033e-08,0.04997268259622391,0.22447882905221672,0.6872045833557623
2021-12-30,0.0,1.9067040835096805e-08,0.052568458971246956,0.6690681540004968,0.14122106115012176
2021-12-31,0.0,2.229989332774851e-08,0.04459445482689396,0.6697072972671134,0.5742968901612412
2022-01-03,0.0,2.0892422104845654e-08,0.019272386329562772,1.5002722498913104,0.44586021336540493
2022-01-04,0.0,1.083333333333333,1.1041805426940554,1.5555555555555558,1.2175532533475395
2022-01-05,0.0,2.246289044008365e-08,0.13047280032310515,0.890451433109978,0.6350298121393781
2022-01-06,0.0,2.5686074205111264e-08,0.04635142373631118,0.6713531418901493,0.34498876344144475
2022-01-07,0.0,8.754432202079387e-08,0.07529708923998939,0.008892929887191217,0.2733469494036895
2022-01-10,0.0,2.1201786874758266e-08,0.07756314784524422,0.447220470955191,0.3376004226215614
2022-01-11,0.0,2.1867155960975104e-08,0.05670273582510091,0.668895735678043,0.32600971543916685
2022-01-12,0.0,2.269882916003385e-08,0.03434541735502039,0.6672067510863446,0.3214611643634853
2022-01-13,0.0,2.4582465684569454e-08,0.05527031271976293,0.44919667974662825,0.32201325364111166
2022-01-14,0.0,2.3562572688123895e-08,0.04021605849577132,0.45088327139624496,0.520779003403599
2022-01-17,0.0,2.3910026115264715e-08,0.059357132788189465,0.67108999371904,0.746364618711257
2022-01-18,0.0,2.1559622625372254e-08,0.07526684290763976,0.4467465072789118,0.3345991692612887
2022-01-19,0.0,2.21378724622745e-08,0.05353369811521486,0.2264528641837112,0.4093290977682352
2022-01-20,0.0,2.297668898892935e-08,0.05523837419221713,0.4495779283360254,0.41129304866964944
2022-01-21,0.0,2.2355514012889488e-08,0.03839765503694512,0.44913912743514056,0.3759939040685765
2022-01-24,0.0,8.754432190630212e-08,0.036977110737927636,0.010376353987224418,0.3142178937550584
2022-01-25,0.0,2.4522511608143782e-08,0.09163896239968823,0.22222297612871314,0.6699885558222908
2022-01-26,0.0,2.2947136992662598e-08,0.03988062098908099,0.2303039670435232,0.33449444327573175
2022-01-27,0.0,2.2281823490455377e-08,0.045470531619404064,0.450454078267551,0.48900637857967183
2022-01-28,0.0,2.2198533563416722e-08,0.038117828868356,0.22349833145917664,0.2720806082457717
2022-01-31,0.0,2.3766882871478767e-08,0.01525115042486344,0.22560673949715065,0.3625022342250933
2022-02-01,0.0,2.580173492222615e-08,0.033416288134734635,0.23075000361368647,0.432487130174553
2022-02-02,0.0,0.09100532954465824,0.04096815404010329,0.4505259954782871,0.3826440265558335
2022-02-03,0.0,2.184095589455315e-08,0.021834071738694054,0.009510623953667335,0.3101336832450023
2022-02-04,0.0,2.1567978916725572e-08,0.03245614318904888,0.670593526070842,0.5985802876108699
2022-02-07,0.0,2.277798787433949e-08,0.029082162097436186,0.2368181617394799,0.6294048826397337
2022-02-08,0.0,2.435806991871181e-08,0.04430015303032684,0.22806763643778905,0.6852039580684582
2022-02-09,0.0,1.9245451586547002e-08,0.03531544788956087,0.44863436667174433,0.3423032318144817
2022-02-10,0.0,2.151616653248145e-08,0.051869979910805095,0.4459198890856332,0.5582781573254088
2022-02-11,0.0,2.2522188579399138e-08,0.032236047589862225,0.45141369527818714,0.5171901276283216
2022-02-14,0.0,2.1193034008271106e-08,0.02847630237345661,0.231365006232934,0.705890146943922
2022-02-15,0.0,2.4089125291726354e-08,0.03618105204146009,0.6719570572517819,0.697334052607638
2022-02-16,0.0,2.3090971235789626e-08,0.028589191372802282,0.8895676639169322,0.48722316445611336
2022-02-17,0.0,2.3503807549535294e-08,0.03172635770513724,0.45318840440568997,0.6525227411856784
2022-02-18,0.0,2.4690301362456646e-08,0.02555878945824599,0.23126710503398046,0.6056838538960744
2022-02-21,0.0,2.333767118792296e-08,0.019274524211775484,0.6666666666666667,0.5383658814929272
2022-02-22,0.0,1.9543653945186534e-08,0.05212771213766523,0.448129361907349,0.589306546898444
2022-02-23,0.0,2.2894381009053166e-08,0.0357807085773975,0.4538359599800926,0.43475589857275393
2022-02-24,0.0,2.2076770200135654e-08,0.0491427757152914,0.23064388384933426,0.7474850848987277
2022-02-25,0.0,1.9535019716437896e-08,0.08825147614331277,0.8931720202682845,1.0152349106923133
2022-02-28,0.0,2.3597085622301117e-08,0.07882809988736941,0.45236787262924816,0.9402664651715515
2022-03-01,0.0,1.958069422922093e-08,0.03203399289765574,0.22895465762260694,0.759392094408677
2022-03-02,0.0,0.060661576382032165,0.05470726750384102,0.6674099768998045,0.8439096697061715
2022-03-03,0.0,2.0086639337946188e-08,0.043456519879150425,0.4555333554976012,0.44280163808560347
2022-03-04,0.0,8.381903169804583e-08,0.028088121556416518,0.23456627651422426,0.8195897160629887
2022-03-07,0.0,2.2421932675126266e-08,0.04306530573535853,0.4530921588851393,0.6106830515478721
2022-03-08,0.0,2.027309868243843e-08,0.03324972461601344,0.4504830440412584,0.24801959441021762
2022-03-09,0.0,2.5816997473865344e-08,0.04087088336284683,0.24178013383615948,0.7683344346808383
2022-03-10,0.0,2.1218847186255108e-08,0.08629211621151785,0.464317433145391,0.6754377373817323
2022-03-11,0.0,2.256109720571997e-08,0.012755798232446396,0.4516406617930339,0.8003340294201228
2022-03-14,0.0,2.0349768918570543e-08,0.021374132168920208,0.6701163135697459,1.040831536535684
2022-03-15,0.0,2.3736426438963898e-08,0.029204304064454276,0.6721206987616867,0.5561243746928302
2022-03-16,0.0,8.568167688197126e-08,0.013944505527754362,0.4467602470840821,0.3123276023046912
2022-03-17,0.0,2.158487037370871e-08,0.07050886267576888,0.4536065475915933,0.7589769457366978
2022-03-18,0.0,2.0906695336747605e-08,0.013897047634476268,0.22531703856791158,0.32470923795150597
2022-03-21,0.0,1.8441761225757025e-08,0.013319770782616367,0.6751530785911806,0.36731095347674153
2022-03-22,0.0,2.1096129763226168e-08,0.016372885435615624,0.444781663858188,0.4431573605708424
2022-03-23,0.0,2.069423184203334e-08,0.012832067409830752,0.227010301065242,0.28794357515133223
2022-03-24,0.0,2.121925028394922e-08,0.010374555243031748,0.2280646387657938,0.5449661211929084
2022-03-25,0.0,2.307674601062515e-08,0.031151347156134195,0.4468726909779362,0.8199072982748976
2022-03-28,0.0,2.638186953965449e-08,0.031796385193076565,0.45163490454587574,0.7080653037635549
2022-03-29,0.0,2.4567156906019072e-08,0.02160300201541713,0.4461608611754445,0.4758780206932441
2022-03-30,0.0,2.277725036359257e-08,0.0384405251075612,0.4534897071750168,0.6542579724810226
2022-03-31,0.0,2.1490806190183065e-08,0.024707033530699543,0.2275315964556558,0.6675763258529392
2022-04-01,0.0,2.1578877341249525e-08,0.029641048945085045,0.22991079353912106,0.5468583369737076
2022-04-04,0.0,0.053812769641763424,0.04811077360050485,0.22685984823935407,0.5153747151166505
2022-04-05,0.0,2.1581946913623584e-08,0.03466905346692066,0.6742213481292572,0.45839937772764433
2022-04-06,0.0,2.3866315604359478e-08,0.032802927604890425,1.3333333333333335,0.5866569452110784
2022-04-07,0.0,9.313225738175057e-08,0.10163668740464561,0.45607417190643545,0.4999458669627141
2022-04-08,0.0,8.56816768854407e-08,0.0611940687891596,0.22455004341546958,0.6709538151857635
2022-04-11,0.0,2.011512009042482e-08,0.04308040692630502,0.4449755524213444,0.5104284320657005
2022-04-12,0.0,2.2033560420631204e-08,0.04044906105114185,0.011048970338032496,0.47409725883824233
2022-04-13,0.0,2.2646168100493025e-08,0.028321359837988693,0.4494916203656084,0.30477255774353995
2022-04-14,0.0,2.0726136536197703e-08,0.08920345282807836,0.89433465323344,0.41402070352753106
2022-04-19,0.0,8.940696714226926e-08,0.027432716827859832,0.448829586736361,0.5275051499913186
2022-04-20,0.0,2.1332662004935887e-08,0.03262671741719704,0.2230808962959131,0.3717048002061999
2022-04-21,0.0,2.4460494966321855e-08,0.04744040353123827,0.45089770181258365,0.4613298061430645
2022-04-22,0.0,1.9210042192380206e-08,0.02359077875129546,0.22900629340147546,0.3563989081079505
2022-04-25,0.0,2.1406460389006288e-08,0.037167701752942275,0.44966758681270175,0.5897732339920043
2022-04-26,0.0,1.9988124207864777e-08,0.06717520898147383,0.4527229203208708,0.7334793163210596
2022-04-27,0.0,2.332075153821389e-08,0.015956041589173284,0.22628326102694868,0.49678204687014166
2022-04-28,0.0,2.3427964734867857e-08,0.016946006433612045,0.009936229547350156,0.4877345338382014
2022-04-29,0.0,1.9050920070651234e-08,0.09057140169767224,0.6699283719863536,0.6016251710749557
2022-05-02,0.0,2.4143756150590834e-08,0.038887471982943386,0.45546825462404184,0.6024827558188456
2022-05-03,0.0,0.050679041651903345,0.04552926182370569,0.4484556093361596,0.5536612613163625
2022-05-04,0.0,2.244208046134344e-08,0.05622747414495559,0.22484198907003,0.5553056637247777
2022-05-05,0.0,1.9916807099396028e-08,0.0322509791409263,0.2265443702121535,0.6674887840632092
2022-05-06,0.0,2.193321483462407e-08,0.038606664908395066,0.6754464348440483,0.5348491799188075
2022-05-09,0.0,8.754432201732443e-08,0.04881167193725744,0.4514368440211676,0.8706085229356822
2022-05-10,0.0,2.21387137996909e-08,0.0536340047280217,0.23297106493435032,0.8115112072478118
2022-05-11,0.0,2.3629151964937867e-08,0.05004585284108595,0.44453699173460587,0.5540498080080714
2022-05-12,0.0,8.940696696532746e-08,0.07156204000272602,0.2312285436465261,0.44225239547710316
2022-05-13,0.0,2.315962364246582e-08,0.028976442310466047,0.8904603879325579,0.4280323196557485
2022-05-16,0.0,8.195638645513981e-08,0.056067534710279573,0.2323097541832953,0.5043651319755375
2022-05-17,0.0,2.2692801672496987e-08,0.019245062608419954,0.44965616267346287,0.40714246622343153
2022-05-18,0.0,8.94069672636999e-08,0.037342907070739485,0.45157674875599135,0.5340601140030321
2022-05-19,0.0,2.3376046650452897e-08,0.03548671935286951,0.002153203549540919,0.46503134972292215
2022-05-20,0.0,2.0611276400905876e-08,0.03396523537682737,0.4479828133704377,0.47667699110867806
2022-05-23,0.0,2.1345618297224922e-08,0.038841440844481524,0.23188731749361918,0.21433774062571292
2022-05-24,0.0,1.9453739619201826e-08,0.04969862107260947,0.4463594076724529,0.6548517062354223
2022-05-25,0.0,2.3671578242706603e-08,0.02287657962914288,0.22485801036593886,0.5000621280795534
2022-05-26,0.0,2.2157184212390213e-08,0.025435825149112273,0.23101805890981755,0.6326088757532226
2022-05-27,0.0,2.0173871614903582e-08,0.057889124869850705,0.4484118128439916,0.5659309211589486
2022-05-30,0.0,2.179448761741032e-08,0.0632018091974259,0.6708836992401765,0.36403950093693876
2022-05-31,0.0,2.2907233165891938e-08,0.039859077608872015,0.4478964199483156,0.4447380138997059
2022-06-01,0.0,8.940696705206364e-08,0.037243759422846835,0.6703612060596913,0.29350063007955496
2022-06-02,0.0,0.10410230284715914,0.02209913134382029,0.23200471135783884,0.61550657920642
2022-06-03,0.0,2.2618767112764226e-08,0.038308739794214834,0.8897746042967521,0.5803888224227389
2022-06-06,0.0,2.0198019833050918e-08,0.0329378370676747,0.4444444444444445,0.6274666773100863
2022-06-07,0.0,2.3605989059316546e-08,0.06907515670028148,0.6692194146472797,0.6030049353319284
2022-06-08,0.0,2.4637119844239663e-08,0.03755666512395468,0.22706874194037807,0.6766604224178163
2022-06-09,0.0,2.3485352839552887e-08,0.07375810868949104,0.24381565054754206,0.6677290633559055
2022-06-10,0.0,2.3646119135661836e-08,0.04111002007138667,0.2309058541482888,0.5026341366784767
2022-06-13,0.0,2.5628130093796608e-08,0.08531632910444267,0.22728648195369167,0.8797946228681364
2022-06-14,0.0,2.3548108504800602e-08,0.03545925175688465,0.011315629782975137,0.7811344862112275
2022-06-15,0.0,2.2631089745261956e-08,0.028204895926308718,0.011178228123336797,0.7530778020135341
2022-06-16,0.0,2.1783455234070104e-08,0.04273414384552988,0.23217427532254348,0.9397361337935937
2022-06-17,0.0,2.457053491222716e-08,0.058453437752260244,0.45200978241425405,0.8728616636590945
2022-06-20,0.0,2.0643080377025225e-08,0.039880084688562134,0.23174101114930384,0.5426533148333883
2022-06-21,0.0,8.94069672116582e-08,0.03152023855524451,0.4469876616781342,0.5173956521336197
2022-06-22,0.0,2.2149925390374525e-08,0.02683919785727157,0.44861573463974225,0.504083615938118
2022-06-23,0.0,2.501370833379868e-08,0.0358683468955803,0.4451367693307404,0.6994926152090551
2022-06-24,0.0,2.3773708369978497e-08,0.04245004549666687,0.6690029713301511,0.9393053773579784
2022-06-27,0.0,9.126961230190855e-08,0.0719935123118444,0.4521521589691986,0.7238951133556312
2022-06-28,0.0,2.3963888616529427e-08,0.04698285331236542,0.46775931149169137,0.6248064487482122
2022-06-29,0.0,2.012172316268046e-08,0.03977850705367903,0.452491122110837,0.7664060184427546
2022-06-30,0.0,2.2344779346261667e-08,0.01488562879816357,0.4487925076411341,0.5394556124163655
2022-07-01,0.0,2.279039028676988e-08,0.023952318624104966,0.23152940947665313,0.6829752222848605
2022-07-04,0.0,0.09610846007527267,0.03317527760087253,0.2338023017759297,0.5931684890607344
2022-07-05,0.0,2.115663893034747e-08,0.025272628508398627,0.22704091495461215,0.49576531272390983
2022-07-06,0.0,2.1512456406524993e-08,0.03270522692648305,0.22648298671899864,0.5139682727652275
2022-07-07,0.0,2.458635977795054e-08,0.06922257433374307,0.4534423349944978,0.29821470402631245
2022-07-08,0.0,2.1270858824307126e-08,0.05069782807427436,0.45333875759509484,0.7588599621580244
2022-07-11,0.0,2.622910361127495e-08,0.051693914247723134,0.2421643359589909,0.9314258353194287
2022-07-12,0.0,2.4916885176667902e-08,0.034323663725138384,0.22580253688214108,0.48677775441781745
2022-07-13,0.0,2.1011078283478257e-08,0.026788614227031653,0.22875513272640877,0.5852762625757416
2022-07-14,0.0,2.2322121203538492e-08,0.030695061120710694,0.2326671816850568,0.6239852356853866
2022-07-15,0.0,2.2939088802076402e-08,0.05743749587812938,0.22506714960091576,0.3818082537325567
2022-07-18,0.0,1.968167123028719e-08,0.04402450550729854,0.24255671840419196,0.7233719297833435
2022-07-19,0.0,2.0859487567803647e-08,0.023274898005869862,0.22933294243536984,0.4954872885468808
2022-07-20,0.0,2.0976201949018947e-08,0.04750259904241499,0.2282424237556706,0.5317158428059098
2022-07-21,0.0,1.98327167223733e-08,0.02432153575101076,0.22928782803007605,0.5772819462135041
2022-07-22,0.0,2.3376197623437012e-08,0.03118355275344678,0.4514687268493784,0.36232064929659763
2022-07-25,0.0,1.9109869124622758e-08,0.06096657664379254,0.00854965431794645,0.3946325986205497
2022-07-26,0.0,2.1318836002093278e-08,0.03533856009107669,0.2282411648261641,0.33355058391253695
2022-07-27,0.0,2.055807363579576e-08,0.02241766613036164,0.2332718437839638,0.40200882702542007
2022-07-28,0.0,2.4017663989572835e-08,0.03396153611499739,0.4523916753323926,0.360388655106305
2022-07-29,0.0,2.38553948990472e-08,0.05695467565854734,0.4568446030840562,0.4958144209911232
2022-08-01,0.0,2.2830628425979382e-08,0.049713637719152284,0.4552180638805309,0.4010394555420161
2022-08-02,0.0,0.06557811378481963,0.015703980782789145,0.22786809682396886,0.3540247792818253
2022-08-03,0.0,2.1642319526782305e-08,0.08493290781716134,0.2288191059626958,0.5814231779732318
2022-08-04,0.0,2.2925954242664082e-08,0.052212512270652905,0.22964954915731017,0.47685826889303967
2022-08-05,0.0,1.9257101271236143e-08,0.03569002047988072,0.23046739025037685,0.3467715415685028
2022-08-08,0.0,2.0046496983228135e-08,0.04033093793035927,0.23395177038550727,0.5105161883950338
2022-08-09,0.0,2.066613650000826e-08,0.026664887493043996,0.2353907716077469,0.2678467061811121
2022-08-10,0.0,2.327778921701329e-08,0.03189620077935198,0.456592516873903,0.35009542819950457
2022-08-11,0.0,2.5200985513673668e-08,0.06968137337084324,0.2287837390137833,0.35391656176996056
2022-08-12,0.0,2.1528317944302655e-08,0.07672952247260564,0.003368416030574861,0.27222898825521025
2022-08-15,0.0,2.3501273350989837e-08,0.04960112304631119,0.22649705192788283,0.22945489260507415
2022-08-16,0.0,2.1385073354501793e-08,0.02523249487649521,0.2532797520250898,0.21132843040601026
2022-08-17,0.0,1.96337573248051e-08,0.17186567565147323,0.22222222222222218,0.34077615680879636
2022-08-18,0.0,2.2112289499442994e-08,0.0379894288544774,0.4455650652932517,0.3540961776566332
2022-08-19,0.0,2.116882643135587e-08,0.0330849637278457,0.44788930603682314,0.3027164952093268
2022-08-22,0.0,1.7778667916329427e-08,0.050581239595519197,0.23178742405256653,0.24490664567882128
2022-08-23,0.0,1.8328120004323933e-08,0.043271849608417526,0.23378422936498777,0.42689516757496576
2022-08-24,0.0,2.0058086500768235e-08,0.035674312569418706,0.232727302868937,0.3947456704259135
2022-08-25,0.0,1.9897789822059808e-08,0.028992226638390083,0.010620590907785193,0.2640902102283131
2022-08-26,0.0,2.0321703417258696e-08,0.06463782304036572,0.4484898262256533,0.15353302798958665
2022-08-29,0.0,2.1670885985008992e-08,0.0637426517088944,0.44563258443435105,0.4249382217445263
2022-08-30,0.0,1.9065410170743258e-08,0.027826635424489043,0.23124991922016405,0.5117969380687296
2022-08-31,0.0,1.9406386910642004e-08,0.025134591498490046,0.23414349639886686,0.6448873299027247
2022-09-01,0.0,2.3178345433944036e-08,0.06043583576964416,0.45659456929626435,0.4115078318056823
2022-09-02,0.0,0.17182954671966977,0.022099867180801074,0.2258468034831889,0.3716613651619806
2022-09-05,0.0,2.019265201227971e-08,0.07310196731021198,0.012142757768627943,0.8111790077870458
2022-09-06,0.0,2.4782184662036633e-08,0.036803552565785234,0.014438870405188431,0.8415751698937339
2022-09-07,0.0,9.126961216313068e-08,0.01995047504996693,0.23493137284692697,0.499639511741017
2022-09-08,0.0,2.2489447738111012e-08,0.061190232552827926,0.23486344652531757,0.5604055324078144
2022-09-09,0.0,2.4131596380871922e-08,0.03719616339241636,0.450559748547639,0.22861592891646998
2022-09-12,0.0,2.3639806220193682e-08,0.05406261808149993,0.453430198895419,0.826384406748624
2022-09-13,0.0,2.2647028252720247e-08,0.06332408083549297,0.45017486008850804,0.7234316463052569
2022-09-14,0.0,2.3021340622014774e-08,0.0147383391951426,0.4476936147034239,0.5822722469637
2022-09-15,0.0,2.3891775061818388e-08,0.04082098545523201,0.44911696115213123,0.6728226295590934
2022-09-16,0.0,2.4613572270626438e-08,0.019675519147368717,0.44699263445390064,0.6804058838960814
2022-09-19,0.0,2.400496372512162e-08,0.030997442110840132,0.4473162582938239,0.8470130305971181
2022-09-20,0.0,2.128767255180075e-08,0.03201751137561356,0.44444444444444453,0.958967105711287
2022-09-21,0.0,1.964102613882801e-08,0.01728572536522151,0.009440277265366476,0.6698303447147574
2022-09-22,0.0,1.8906917888944497e-08,0.02472151496078847,0.22981653486329479,0.08117028809172826
2022-09-23,0.0,2.2957908418080875e-08,0.030987216306388288,0.007577470626826788,0.1295536782798153
2022-09-26,0.0,2.347194774654504e-08,0.03807794706272758,0.23174858613672028,0.5011932991283928
2022-09-27,0.0,1.9094659669399716e-08,0.027651588757968845,0.4487742015455122,0.4584614471224952
2022-09-28,0.0,2.4580117333888873e-08,0.020331361274834963,0.451621903916924,0.42400400684752115
2022-09-29,0.0,2.1259742261775516e-08,0.02649169439653154,0.4514896862408153,0.4275652722115476
2022-09-30,0.0,2.146441185901793e-08,0.023977057680022607,0.23130039320839646,0.11563336709734023
2022-10-03,0.0,2.2379597165028686e-08,0.0530951497795581,0.22875131145342753,0.7096339010350032
2022-10-04,0.0,0.06450241608258436,0.06335531501363041,0.44444444444444453,0.6143078136738114
2022-10-05,0.0,8.568167671196836e-08,0.09091591085402406,0.4480991082787051,0.7086325678031632
2022-10-06,0.0,1.8703035131045764e-08,0.017001664690453066,1.1162649578474901,0.3759423077332499
2022-10-07,0.0,8.568167681952121e-08,0.016749509984659305,0.6676495036900968,0.28308325826542885
2022-10-10,0.0,9.313225746154785e-08,0.03179328669506096,0.6686229162909509,0.6835119231139409
2022-10-11,0.0,2.018210545212673e-08,0.048784133326578494,0.4481883321926757,0.5763441198851097
2022-10-12,0.0,1.916755399192227e-08,0.024975951278685193,0.45029797752309286,0.6408836261096913
2022-10-13,0.0,8.754432208671337e-08,0.020788886379892117,0.4509188654368114,0.48805512693409175
2022-10-14,0.0,8.381903173620975e-08,0.032787437437531,0.45445424318171185,0.3931228284133842
2022-10-17,0.0,8.381903170845417e-08,0.03731724398022674,0.01016079737185728,0.630627398678088
2022-10-18,0.0,2.1372327997648544e-08,0.04006044553513817,0.2295593441474827,0.43837463757122025
2022-10-19,0.0,2.0847819897501507e-08,0.01874074840495331,0.4494365523619712,0.37600519525783827
2022-10-20,0.0,8.381903181947647e-08,0.017207899244798184,0.22607478880110332,0.44665807100926713
2022-10-21,0.0,8.195638659391768e-08,0.042205020697287945,0.22538934740193345,0.48074953678522
2022-10-24,0.0,2.3666848182613e-08,0.06791614867311917,0.455478420168414,0.6483976331906592
2022-10-25,0.0,2.0305459268871173e-08,0.03421658881673864,0.44606143959632677,0.39247640320330185
2022-10-26,0.0,1.814258433416316e-08,0.05798483058430616,0.4523932661256523,0.6701293942223618
2022-10-27,0.0,2.0161016026781775e-08,0.026977167496135865,0.22897765211325927,0.4778121439059279
2022-10-28,0.0,2.4584431698726483e-08,0.05703369966456982,0.011134197465937135,0.49359726637180873
2022-10-31,0.0,8.288770925353461e-08,0.03911109890978752,0.2345148743935649,0.521514059321109
2022-11-01,0.0,8.56816767223767e-08,0.013904920143122938,0.4495751561849557,0.3919112232323066
2022-11-02,0.0,0.04703815577532856,0.07718547630418747,0.8894338470750739,0.36318271898006776
2022-11-03,0.0,2.2592051934083868e-08,0.05009370594708665,0.4486648440123335,0.426288303038131
2022-11-04,0.0,9.126961227415298e-08,0.08782477139948183,0.4458393212810184,0.4833066630677304
2022-11-07,0.0,9.499490264200383e-08,0.08187478675366891,0.4471818465938586,0.5183739049341005
2022-11-08,0.0,2.42383562561177e-08,0.045594230004309275,0.6705631749142278,0.487592820345194
2022-11-09,0.0,2.027905176421596e-08,0.047807936212530835,0.8929809956522119,0.57430990999432
2022-11-10,0.0,2.161622832466681e-08,0.024803214324761617,0.22728306320475627,0.5790894744798117
2022-11-11,0.0,8.75443219860994e-08,0.11397133074219622,0.4615015476637619,0.45773614112686273
2022-11-14,0.0,2.0904927879039636e-08,0.05222493379434826,0.45233073367553006,0.4100163806714976
2022-11-15,0.0,2.1140098192817813e-08,0.02883893272254556,0.4515567602987222,0.476468007440716
2022-11-16,0.0,8.195638653493709e-08,0.021008577036805094,0.2280114423301433,0.2060845833497742
2022-11-17,0.0,2.2807718266099064e-08,0.026341137689987703,0.2306630322271482,0.4955279730599937
2022-11-18,0.0,2.019457859617213e-08,0.03646462321248236,0.45056655805207535,0.3394908647507254
2022-11-21,0.0,8.754432202773277e-08,0.03960462787575357,0.4512986398801682,0.5136284636380009
2022-11-22,0.0,8.568167687850181e-08,0.04522398831356381,0.23058873095491736,0.6254180072497377
2022-11-23,0.0,9.126961235048081e-08,0.05863243164544457,0.674331157769634,0.8306622828855448
2022-11-24,0.0,2.0758649802582463e-08,0.02481630199392659,0.2286798594881655,0.7962391748865492
2022-11-25,0.0,8.56816770623825e-08,0.030281437003371707,0.2281729557704975,0.7302259814222308
2022-11-28,0.0,2.3705725306355507e-08,0.03889983847343603,0.006776949459843695,0.7342082288721423
2022-11-29,0.0,2.0991742972348293e-08,0.03849285008754358,0.23333700218476916,0.7346236497946762
2022-11-30,0.0,9.685754773919308e-08,0.024815249632126706,0.22779611826930035,1.0385567382834238
2022-12-01,0.0,8.940696707634976e-08,0.02597898083859379,0.45470749742209815,0.8355473833522974
2022-12-02,0.0,0.04652935361895075,0.06678798488937707,0.23328164136515905,0.7219882168356637
2022-12-05,0.0,8.940696734002773e-08,0.07911208959538499,0.6703172171352278,0.7042925505223061
2022-12-06,0.0,8.940696710063589e-08,0.04537597694062581,0.22844256929758117,0.5460013911982731
2022-12-07,0.0,2.1544449672200594e-08,0.020024818993078865,0.22817840054687388,0.4232166561206216
2022-12-08,0.0,9.499490269751498e-08,0.04674007802472614,0.22535663668872463,0.6954220063970412
2022-12-09,0.0,8.568167681952121e-08,0.1208763663959788,0.6711326175031324,0.6896639272871073
2022-12-12,0.0,8.940696727063879e-08,0.07932063966606506,0.4474806058304179,0.7245942891956834
2022-12-13,0.0,2.2084807718703026e-08,0.03578892044953198,0.6690731318226826,0.7749041930650115
2022-12-14,0.0,8.56816768854407e-08,0.05369569195553657,0.00847302126682016,0.8454182583008415
2022-12-15,0.0,2.2221462371574408e-08,0.04633522705124564,0.2281274080484445,0.9401243392993343
2022-12-16,0.0,2.1265836307182706e-08,0.09791819410425337,0.44902583483053127,0.818322398038997
2022-12-19,0.0,2.2667460308073428e-08,0.04996721181493785,0.22824445123860504,0.5007949267044941
2022-12-20,0.0,2.1315703292723587e-08,0.02938641511468105,0.6672819605738238,0.48231912927414883
2022-12-21,0.0,2.0019525041187203e-08,0.02861118007676504,0.6688704696639824,0.5036902213371262
2022-12-22,0.0,2.0503342183786355e-08,0.03986974784590698,0.22515124998397762,0.5692877035948541
2022-12-23,0.0,2.1237807883850435e-08,0.016472894154341812,0.22570259323004893,0.6133657115758737
2022-12-27,0.0,2.3751393324333847e-08,0.009883968194622228,0.22441602481936684,0.6355110599521886
2022-12-28,0.0,2.1293274546363428e-08,0.02948781585259895,0.44812367194860747,0.3160029404561978
2022-12-29,0.0,1.7335724997874502e-08,0.020009768375850397,0.44742897866925513,0.4563835085926074
2022-12-30,0.0,2.1823619480998424e-08,0.03154062845731136,0.44809362027979827,0.7068053065081642
2023-01-02,0.0,8.568167691319628e-08,0.02879225324868915,0.6698718579727848,0.7158707714326504
2023-01-03,0.0,0.06732722662832655,0.05377985737147989,0.22947456554639883,0.5357948260142961
2023-01-04,0.0,2.0176031255425553e-08,0.029685410415505473,0.23224960481962836,0.36704910793511597
2023-01-05,0.0,2.2759838281399825e-08,0.07075259994934842,0.45007741771287635,0.4736854224692802
2023-01-06,0.0,2.2688918185215234e-08,0.027646280996523064,0.449415918561108,0.3711870392791723
2023-01-09,0.0,2.1569923444597627e-08,0.03206328768586007,0.22673304494504903,0.4702387754846979
2023-01-10,0.0,2.359180104050118e-08,0.046990515901352586,0.22541320893230804,0.38313969679702337
2023-01-11,0.0,2.2177111123206084e-08,0.015095656238482217,0.44970893964360903,0.4318658477742694
2023-01-12,0.0,2.187938413431012e-08,0.02766424501134632,0.45288899569663743,0.5601877697279711
2023-01-13,0.0,1.8280367476697368e-08,0.01857839543450903,0.22676919222361214,0.545986040089122
2023-01-16,0.0,2.135268353797848e-08,0.07270071081069822,0.22576185147655858,0.5021243380599473
2023-01-17,0.0,2.208588103028153e-08,0.04945485876226645,0.8929921059391921,0.53116055533752
2023-01-18,0.0,2.617258220566354e-08,0.02635021991803147,0.22776431762318627,0.634096227900047
2023-01-19,0.0,2.0981820728765976e-08,0.03545564519896744,0.22961580808293436,0.572006970707434
2023-01-20,0.0,8.381903186804873e-08,0.056263518036659674,0.22986329231270974,0.7879675410233907
2023-01-23,0.0,8.381903167029026e-08,0.03326585143725683,0.4482087908982788,0.6546187167983226
2023-01-24,0.0,8.94069672116582e-08,0.02372628787683425,0.45141364738040257,0.5722767561490838
2023-01-25,0.0,8.754432185772987e-08,0.014190299071503324,0.6692269590474554,0.3880408977847456
2023-01-26,0.0,8.381903182294592e-08,0.012136478206564319,0.6697760834687355,0.7124900936871776
2023-01-27,0.0,9.126961222905017e-08,0.0262333867317987,0.674274774957093,0.6205113354740389
2023-01-30,0.0,8.195638657657045e-08,0.03404356291640068,0.22684720189763624,0.7405497925187275
2023-01-31,0.0,9.31322574060367e-08,0.04881859620155389,0.4495868458459201,0.6829507674735997
2023-02-01,0.0,2.1324363622121645e-08,0.020461464784073107,0.44717508226188923,0.7955164236641057
2023-02-02,0.0,0.07487223983711529,0.0893883203990274,0.8941371708720317,0.5448531170492457
2023-02-03,0.0,8.195638665289828e-08,0.10255756436298612,1.113615093883505,0.6003506087865366
2023-02-06,0.0,8.754432212487728e-08,0.05307677339748496,0.011304797660935784,0.5836603957534544
2023-02-07,0.0,8.56816768854407e-08,0.029207542928959628,0.45699988183662804,0.5778750414295992
2023-02-08,0.0,1.9365377908892034e-08,0.0447135879546693,0.23091986134741407,0.6094305015655568
2023-02-09,0.0,8.940696718390262e-08,0.043807478563650123,0.4445043534873431,0.5376503881028007
2023-02-10,0.0,2.0025475756801914e-08,0.062272576497468035,0.011597061392216751,0.703961388280903
2023-02-13,0.0,8.195638659391768e-08,0.05568804022745766,0.44444444444444453,0.6163301473222865
2023-02-14,0.0,2.36530964953241e-08,0.05381345739956821,0.22755289001467843,0.46211510494844477
2023-02-15,0.0,8.754432211446894e-08,0.022965420385445533,0.22446593741862123,0.4304871321676184
2023-02-16,0.0,8.56816768923796e-08,0.058875996555112775,0.008767618699265053,0.54522703075393
2023-02-17,0.0,9.68575476663347e-08,0.057736008286112375,0.4500111163024742,0.6941345597547489
2023-02-20,0.0,2.510114934656249e-08,0.03625379701302202,0.23067981797945283,0.7985238394614653
2023-02-21,0.0,8.568167688197126e-08,0.027389055264261365,0.22644302061290394,0.7758890151995891
2023-02-22,0.0,1.96856832744563e-08,0.020643732860667525,0.226948656845185,0.6833547859947885
2023-02-23,0.0,8.754432207977447e-08,0.05457903786404557,0.2308963836703229,0.6432589288737335
2023-02-24,0.0,8.009374156958682e-08,0.06301422004448572,0.4547852168121281,0.6415672289478382
2023-02-27,0.0,2.3720025020546043e-08,0.04847240656995917,0.22909008258133812,0.5802738295591532
2023-02-28,0.0,2.0142453902721735e-08,0.049140974970065934,0.22723201018199646,0.5624623960789328
2023-03-01,0.0,2.4246083047546607e-08,0.025081028365154873,0.45414447766689,0.5758828704031616
2023-03-02,0.0,0.06153026562892483,0.06535411036017662,0.4444444444444443,0.5226872433158242
2023-03-03,0.0,8.568167689931849e-08,0.090598039649445,0.6676886709835156,0.3978784720485504
2023-03-06,0.0,8.568167682992955e-08,0.08715608016635043,0.4476873537086704,0.45733621929777296
2023-03-07,0.0,2.0129612986891088e-08,0.02848160409051011,0.45097667223678534,0.6753864130790097
2023-03-08,0.0,8.9406967093697e-08,0.026472756863259582,0.4523932940621031,0.4687633197394857
2023-03-09,0.0,2.1849469972884394e-08,0.02983934304579459,0.22633382296931365,0.5111528464329027
2023-03-10,0.0,8.940696724288322e-08,0.03311992631143029,0.4501696897483954,0.4024116043480103
2023-03-13,0.0,8.940696702430806e-08,0.059144311956465016,0.44747859919349436,0.11088053745588469
2023-03-14,0.0,1.993707413050494e-08,0.10351581526619376,0.008502325876935016,0.405959924796342
2023-03-15,0.0,8.940696723247488e-08,0.037239391004235525,0.2282962632897662,0.4137438246037937
2023-03-16,0.0,8.754432206242724e-08,0.07927355424933863,0.4505670697288937,0.4490131586358159
2023-03-17,0.0,2.2600066179601086e-08,0.06602238234441546,0.4488879189509106,0.37978823957951363
2023-03-20,0.0,2.041041838318769e-08,0.02206550303438362,0.224308211119418,0.11899141819919486
2023-03-21,0.0,2.2155216366365194e-08,0.03303190262720744,0.668883512542696,0.19797513574630893
2023-03-22,0.0,2.3701018744826108e-08,0.03780181761287473,0.6687146719419337,0.14808008471231543
2023-03-23,0.0,2.2078725011448475e-08,0.033559035978541124,0.44824805136906254,0.1171451723529007
2023-03-24,0.0,8.754432201385498e-08,0.06068082369106739,0.6707595553539016,0.11740892939827195
2023-03-27,0.0,2.3261958845277597e-08,0.04069619011486325,0.6712621125393038,0.15078884717649324
2023-03-28,0.0,8.568167685074624e-08,0.024819841014809503,0.6666666666666666,0.20188460424262078
2023-03-29,0.0,2.0357794453668143e-08,0.023213406279250226,0.4449649339238081,0.21809597993680488
2023-03-30,0.0,9.313225747889509e-08,0.04812140752450787,0.447649163478618,0.3381763238845264
2023-03-31,0.0,1.9954085921786158e-08,0.028711172913781936,0.4545467637545443,0.47005349795504225
2023-04-03,0.0,1.8426829079959406e-08,0.03858832370063129,0.672499065677308,0.5884119008204868
2023-04-04,0.0,0.05621943775957837,0.02121074868838196,0.44942141007470787,0.2826205755157067
2023-04-05,0.0,9.126961216660012e-08,0.012790234654872926,0.22829499847841056,0.4736489058980069
2023-04-06,0.0,8.940696694451078e-08,0.04020606463685872,0.22400728660227678,0.5549532198529362
2023-04-11,0.0,9.313225749971177e-08,0.028944093488032875,0.23297645784323448,0.6454494571115263
2023-04-12,0.0,8.940696719431096e-08,0.021094481935135204,0.22882813934906054,0.47066960865805274
2023-04-13,0.0,2.3283568316434522e-08,0.049216141870670214,0.22874245303072085,0.662947355814726
2023-04-14,0.0,2.245215485058294e-08,0.054489867427462285,0.8908557952969918,0.7106817017801557
2023-04-17,0.0,8.754432182997429e-08,0.10907265791813955,0.6705401366866133,0.9758079122328577
2023-04-18,0.0,8.940696723247488e-08,0.05760429136783271,0.6729501270697921,0.7547993455728826
2023-04-19,0.0,2.1807225566994326e-08,0.0461308533341011,0.8912950279301715,0.467294161296987
2023-04-20,0.0,8.195638684371787e-08,0.03580950317846268,0.449454717803835,0.43808506183254675
2023-04-21,0.0,2.0168774390177946e-08,0.061955988330714654,0.6691176747254396,0.6296895423393689
2023-04-24,0.0,9.49949026246566e-08,0.07961170647615597,0.22591343033564654,0.4354912573135725
2023-04-25,0.0,9.126961250313648e-08,0.03879557393542295,0.22969295113775484,0.34829326661043475
2023-04-26,0.0,1.8905970546045925e-08,0.06866236404916694,0.4526379097751815,0.4097695950822951
2023-04-27,0.0,2.0278614558388863e-08,0.046087758706887666,0.4521263525263531,0.5345320207286127
2023-04-28,0.0,2.1897562447331653e-08,0.04848918554343125,0.45123654666189256,0.7666501815497451
2023-05-02,0.0,8.568167688197126e-08,0.04726802165759922,0.2295348507697485,0.43383381253444037
2023-05-03,0.0,0.0385225735251543,0.06384849626327631,0.45464720014437443,0.4836770599117541
2023-05-04,0.0,8.940696723594432e-08,0.036240629653469636,0.23204015513372278,0.3384906233279035
2023-05-05,0.0,8.56816769444213e-08,0.03960245621998383,0.22564027429765204,0.48385003374730573
2023-05-08,0.0,2.086773132417563e-08,0.07738740008380168,0.672023948841026,0.5967964841869351
2023-05-09,0.0,2.284250301062829e-08,0.0505562453597225,0.2269174215872915,0.5215868534092217
2023-05-10,0.0,2.118848742294066e-08,0.04703805985558754,1.1118017896500656,0.9211112811617685
2023-05-11,0.0,2.2841863372979887e-08,0.03080259446167369,0.4484511435471533,0.7939101375594461
2023-05-12,0.0,2.1997090721842527e-08,0.0683922220459645,0.006092553104973322,0.5423669189911207
2023-05-15,0.0,2.345660850625042e-08,0.06380138066007544,0.668234583346189,0.342416627717894
2023-05-16,0.0,8.940696713879981e-08,0.0345873999406949,0.6704828153582565,0.6223937610089268
2023-05-17,0.0,2.3030364969256478e-08,0.03228354614440924,0.6696302361211217,0.23254624029750434
2023-05-18,0.0,8.940696706247198e-08,0.03567476705445906,0.4481006609620317,0.5728391532143167
2023-05-19,0.0,2.0419184662556766e-08,0.04136230258629768,0.4485276450321419,0.3897409387006761
2023-05-22,0.0,2.1605906258548302e-08,0.08254003647400236,0.4457093377229885,0.2711622145805192
2023-05-23,0.0,8.94069671457387e-08,0.05801969336759519,0.4473796367620149,0.5093364530956019
2023-05-24,0.0,1.8771113226290215e-08,0.06765986602227138,0.45062131811207934,0.6701461556083731
2023-05-25,0.0,8.568167680217398e-08,0.04110189855252441,0.4464175596641403,0.4034356406925329
2023-05-26,0.0,2.1954190985995492e-08,0.033486448896707856,0.013102670577011366,0.19112847324566884
2023-05-29,0.0,9.31322573990978e-08,0.045501975034615644,0.44811836604323674,0.42712081836681826
2023-05-30,0.0,2.2620411016527342e-08,0.03338966151785284,0.2262832848090845,0.5123287623518535
2023-05-31,0.0,1.9987829263240497e-08,0.06839680300046141,0.22756978235867312,0.4596109357178626
2023-06-01,0.0,1.9966034981583336e-08,0.039241243049947055,0.22588628121774681,0.3095582950944402
2023-06-02,0.0,0.06668601450356793,0.03754737735769763,0.2248995807923169,0.260381358319143
2023-06-05,0.0,2.2663915313914096e-08,0.06901135474675779,0.2283812242668783,0.47312291923532696
2023-06-06,0.0,1.912954454910687e-08,0.015216207749698304,0.0050643383612501425,0.2949723261791712
2023-06-07,0.0,2.251189210392135e-08,0.025210832427598726,0.22655342044117097,0.4789366285238249
2023-06-08,0.0,1.980592029618422e-08,0.04124292770426688,0.22687104848805065,0.45468292537370747
2023-06-09,0.0,1.973610834482553e-08,0.037879760249866265,0.22888129919069114,0.33595218412228894
2023-06-12,0.0,2.219086457644348e-08,0.016061623604685923,0.4451435957424136,0.32795686428325405
2023-06-13,0.0,8.195638660085658e-08,0.025879560195278428,0.0076822685137794555,0.4898133911067252
2023-06-14,0.0,8.568167686115458e-08,0.021163995194312522,0.22247598129746277,0.2824193612618836
2023-06-15,0.0,8.9406967093697e-08,0.03370220839050905,0.22490741899088,0.3203819282922434
2023-06-16,0.0,2.3492530448754323e-08,0.02679563115784199,0.2276896674182624,0.3668568561119022
2023-06-19,0.0,8.754432184385208e-08,0.06438523131897773,0.009147588928139896,0.319110521265064
2023-06-20,0.0,2.1728417128052957e-08,0.03687735894129169,0.4444444444444445,0.21335067864370805
2023-06-21,0.0,2.1727380117297912e-08,0.08085882345831252,0.6720295297873542,0.21990519449647433
2023-06-22,0.0,2.098227843902456e-08,0.05304484908749341,0.6732609465774643,0.18090120431106135
2023-06-23,0.0,2.4518566794917707e-08,0.03450177848466836,0.4504319319547869,0.24910721347484535
2023-06-26,0.0,8.381903179865979e-08,0.0407184193516178,0.23188532848353674,0.3610863538473488
2023-06-27,0.0,8.19563866320816e-08,0.058761021908473265,0.44621160798600246,0.448868724899407
2023-06-28,0.0,8.195638657657045e-08,0.0400221626507047,0.4518158503425394,0.3314983973858819
2023-06-29,0.0,8.940696716308594e-08,0.08062830064618265,0.22847670466699022,0.36780424139184276
2023-06-30,0.0,1.9281416782646055e-08,0.04337940540330793,0.22525257024024314,0.32650293404103226
2023-07-03,0.0,8.195638653493709e-08,0.09146123480229829,0.4482547689135402,0.4673138551107741
2023-07-04,0.0,0.0917105784894657,0.03775614838076774,0.44870834991496367,0.49450707827320656
2023-07-05,0.0,1.8540511653730718e-08,0.02321056643286239,0.22663352354040883,0.4491212012511204
2023-07-06,0.0,2.2322892624659918e-08,0.07506689218485915,0.4506440548700772,0.5545833740588604
2023-07-07,0.0,2.303823845584141e-08,0.0759040296515479,0.45314781522225556,0.49486859084823065
2023-07-10,0.0,9.126961239211417e-08,0.025681850229998915,0.44936523511451726,0.4401850437380969
2023-07-11,0.0,2.0836112345906654e-08,0.022098489255017263,0.668130815910857,0.6453701586497138
2023-07-12,0.0,8.940696729145547e-08,0.027579431586128373,0.4444444444444445,0.6303417018593513
2023-07-13,0.0,1.961955859233755e-08,0.06403828815089271,0.4498457233784915,0.4917348711237762
2023-07-14,0.0,2.131182160955425e-08,0.023045150357689264,0.4463150834402843,0.45846249970925995
2023-07-17,0.0,1.6372437964401465e-08,0.037303405890428465,0.45143811240383225,0.4345650965024942
2023-07-18,0.0,1.97759316283852e-08,0.03838624543022388,0.4478130389829258,0.5143660002396107
2023-07-19,0.0,1.8185487334759776e-08,0.029633032101288523,0.6695737850709151,0.585156570692351
2023-07-20,0.0,2.0552319578842626e-08,0.038898202667035225,0.45472133435993245,0.45471257157128087
2023-07-21,0.0,2.3165753409298828e-08,0.04585534276172905,0.2262701274642676,0.5339528707023689
2023-07-24,0.0,8.754432209018281e-08,0.03483777078369461,0.22537036129535898,0.49501590031370085
2023-07-25,0.0,2.280294795695137e-08,0.01273879601882502,0.22433957342983515,0.3061533190975838
2023-07-26,0.0,2.0530553299091814e-08,0.025560103022237407,0.22414194183065242,0.47591512272420516
2023-07-27,0.0,8.754432205895779e-08,0.029544963953262327,0.2319869576823574,0.5716937781590604
2023-07-28,0.0,2.195197373877633e-08,0.057823963927469496,0.23102526654652805,0.5778120340781295
2023-07-31,0.0,2.1164123106820476e-08,0.03192220517705616,0.4508247411168585,0.674114169868161
2023-08-01,0.0,2.144401595183254e-08,0.02965502320102864,0.4488936298977213,0.47044387827620476
2023-08-02,0.0,0.05761705820498003,0.03489453273585674,0.4467037425159759,0.683530914965208
2023-08-03,0.0,8.381903166682081e-08,0.030358840060625263,0.4456426333074119,0.4567153173749742
2023-08-04,0.0,2.334179231150424e-08,0.07230281777432022,0.6666666666666667,0.5955726957943588
2023-08-07,0.0,2.4735024816563422e-08,0.024252412523851963,0.44896914300813406,0.4513973364119151
2023-08-08,0.0,2.315036020175687e-08,0.00945407629057964,0.22531747914541342,0.6213221600812854
2023-08-09,0.0,2.0681789433818487e-08,0.05558060416228963,0.445743006264371,0.6824999237203995
2023-08-10,0.0,2.2459810948560754e-08,0.03714382312559356,0.45441284896832496,0.5218757744259024
2023-08-11,0.0,8.568167693054352e-08,0.05914201857930965,0.6695377368680737,0.49059197092884266
2023-08-14,0.0,2.0820855886616307e-08,0.042247655706698514,0.4471783485221644,0.4347005064631637
2023-08-15,0.0,8.754432203120222e-08,0.022883214224853267,0.44813305475040377,0.44891489075844476
2023-08-16,0.0,2.193108891018758e-08,0.02287205634209351,0.5020288016027986,0.4757770178244412
2023-08-17,0.0,2.0357536729270764e-08,0.2001467758569003,0.6666666666666666,0.5663227987601376
2023-08-18,0.0,2.0475826575938605e-08,0.03296229913069759,0.6685155860994036,0.6812086811522018
2023-08-21,0.0,1.3597309587651263e-07,0.02427184793593739,0.22579261980091142,0.2604868065362613
2023-08-22,0.0,7.916241886486708e-08,0.012926264801419745,0.22494288886140568,0.23418077165319162
2023-08-23,0.0,7.450580595362577e-08,0.022986441330258112,0.22737136280947245,0.2219106166669872
2023-08-24,0.0,7.171183830784189e-08,0.03170098627933911,0.6688702741073315,0.38320853516904063
2023-08-25,0.0,1.7289228515862676e-08,0.06508277215668473,0.22834085094473233,0.5097036732240573
2023-08-28,0.0,1.3969838613681063e-07,0.04708201362825157,0.22337715360918647,0.29927536945823097
2023-08-29,0.0,2.294304307821904e-08,0.047033673852348856,0.22544131568758585,0.556213744044308
2023-08-30,0.0,2.0666177297234967e-08,0.06770426640577351,0.4453229135132399,0.5276616505166001
2023-08-31,0.0,7.72997736774722e-08,0.04456724447253614,0.0023602462503713867,0.19046393462471883
2023-09-01,0.0,7.82310962607613e-08,0.05619159500205191,0.44712562309430776,0.41771016865440386
2023-09-04,0.0,0.2335559739037488,0.05036250496915138,0.447412455851953,0.3087705463144467
2023-09-05,0.0,8.38190317327403e-08,0.018870000531210723,0.4463439314741158,0.7949446569528856
2023-09-06,0.0,2.228910923884886e-08,0.07136686529458144,0.227873874769209,0.2601655402411383
2023-09-07,0.0,2.247168035679481e-08,0.039217148466923965,0.44591139346935815,0.22590159907449472
2023-09-08,0.0,2.0629506630731598e-08,0.10469735781101051,0.22838897874416447,0.28489446052445
2023-09-11,0.0,8.009374131978664e-08,0.04431055589038441,0.005365565664797553,0.1941854691351696
2023-09-12,0.0,2.404892455662444e-08,0.043602372454338054,0.4467548690018571,0.2359020064937292
2023-09-13,0.0,8.381903172927085e-08,0.03916514010441043,0.007829446382926222,0.2688372748357152
2023-09-14,0.0,8.009374129550051e-08,0.031286916160927575,0.003027358993102927,0.2456179005451401
2023-09-15,0.0,7.636845113928592e-08,0.07802513227018162,0.45254075656274406,0.3295566598638801
2023-09-18,0.0,2.0069880264650397e-08,0.05203918779780363,0.44909385001519897,0.1850641764209385
2023-09-19,0.0,2.2620015777130575e-08,0.03616424124290846,0.44790489532826433,0.276199753147076
2023-09-20,0.0,1.9064309679517333e-08,0.04770390052603246,0.44887102452193195,0.08779475273091239
2023-09-21,0.0,2.1275274514342968e-08,0.047524585772844505,0.4489934097022859,0.24728492632023857
2023-09-22,0.0,2.2646428340239444e-08,0.0625225738258153,0.22676885500683558,0.33368335113165887
2023-09-25,0.0,9.126961232619468e-08,0.032552541907681726,0.2274412575429871,0.40481717022401287
2023-09-26,0.0,8.940696717002483e-08,0.039501313530128396,0.22653748957594066,0.33052640309691894
2023-09-27,0.0,8.940696716308594e-08,0.03068840156388636,0.23170763833542857,0.21448674209569663
2023-09-28,0.0,1.7722000547615302e-08,0.0373142532605842,0.23050359162266598,0.30774082502207767
2023-09-29,0.0,8.754432204508e-08,0.05292002728787095,0.44758532067170387,0.3277615429081246
2023-10-02,0.0,8.940696717349428e-08,0.056888821266771986,0.6728072723496163,0.2765921439985342
2023-10-03,0.0,0.13107548766596133,0.07750891477019124,0.22222222222222232,0.796151420545538
2023-10-04,0.0,2.141282255674337e-08,0.05905697066306452,0.44777708885777023,0.21949618527797163
2023-10-05,0.0,2.096390896294542e-08,0.02973860132930972,0.6708955892229804,0.2584139291594462
2023-10-06,0.0,2.315410802325446e-08,0.024287637939774804,0.004848806358477106,0.3023215367643421
2023-10-09,0.0,2.3213764466234466e-08,0.03587432204448575,0.2281095620827414,0.4376151086332993
2023-10-10,0.0,2.142098185983765e-08,0.03304889535025655,0.4485897753914605,0.534561006890603
2023-10-11,0.0,2.448627845624829e-08,0.06342641808535365,0.448751084225812,0.7256302279638842
2023-10-12,0.0,2.0138908051609006e-08,0.02123661724944305,0.6686631307688324,0.3340543539792507
2023-10-13,0.0,2.3389314339483658e-08,0.034983883955583994,0.4469925124660158,0.6023436890133667
2023-10-16,0.0,2.332938722413025e-08,0.02751736084756246,0.8937391375961394,0.5021041519690058
2023-10-17,0.0,8.195638678126782e-08,0.02221051368253419,0.22923545256149325,0.40752282887380803
2023-10-18,0.0,2.1499137390496026e-08,0.04014178090160428,0.45015441947507984,0.391995476279064
2023-10-19,0.0,2.0437040993553923e-08,0.042099237569178063,0.8937621123583006,0.7190558489606684
2023-10-20,0.0,8.381903169457638e-08,0.07373864380465595,0.44524479035173214,0.577440452653597
2023-10-23,0.0,2.1773823372789325e-08,0.03856315306669777,0.44905285529216765,0.476206270417628
2023-10-24,0.0,2.0350779207645164e-08,0.03353857073835386,0.22487108470456452,0.5072726614586968
2023-10-25,0.0,1.979290813539092e-08,0.02767558762464947,0.6726570276898778,0.588210855263957
2023-10-26,0.0,8.754432185426042e-08,0.03168810779006964,0.6666666666666667,0.6563938221594532
2023-10-27,0.0,2.272446755074986e-08,0.04343497888788596,0.45184174920343984,0.7236801310312466
2023-10-30,0.0,2.1717539700621957e-08,0.049792278828088954,0.8961911363090537,0.5682530722915601
2023-10-31,0.0,2.173316488926491e-08,0.032812997377933424,0.22759817345808098,0.8809055371348631
2023-11-01,0.0,2.3620067922391907e-08,0.05046428403207236,0.6673043515976476,0.7308824218644362
2023-11-02,0.0,0.08010710928172855,0.03455468603331047,0.6681792582620583,0.4196869721425499
2023-11-03,0.0,2.4556351854720937e-08,0.06860942238805878,0.6760908557325584,0.5225983764007209
2023-11-06,0.0,2.2694840777492953e-08,0.057088219471431625,0.8888888888888891,0.6675688885126115
2023-11-07,0.0,2.4363557827450366e-08,0.02431226532081533,0.44940908417352954,0.28065697313657323
2023-11-08,0.0,2.3466005479033658e-08,0.05093332195797331,0.22730434382941905,0.5367294849046446
2023-11-09,0.0,2.1888742970932462e-08,0.03819128439489489,0.4477335675902448,0.38856178678350894
2023-11-10,0.0,2.3012271990752176e-08,0.0495107853288866,0.44541339551085346,0.4462501277104273
2023-11-13,0.0,1.9395674621947023e-08,0.043544151855859,0.6691484818042499,0.2969207625815985
2023-11-14,0.0,2.208587339055934e-08,0.01902989684794488,0.45570668306154594,0.31240450141420606
2023-11-15,0.0,2.3082300872750983e-08,0.04574216680074848,0.23111614177578893,0.4139643223418693
2023-11-16,0.0,2.24369029362681e-08,0.04088898305329472,0.6692676154717894,0.2904219645553172
2023-11-17,0.0,1.943316248892435e-08,0.049262366768410296,0.45244647030200436,0.21988073767821514
2023-11-20,0.0,2.3143734904224056e-08,0.061365269291163475,0.44627777571588023,0.5677599627024605
2023-11-21,0.0,8.568167677788785e-08,0.030710407432183413,0.23002873130785945,0.5706505222883584
2023-11-22,0.0,2.4804306199277537e-08,0.027003341608835305,0.45105741662628585,0.6790695229691457
2023-11-23,0.0,8.940696713533036e-08,0.024393284057813252,0.22594287455399084,0.5612173645249661
2023-11-24,0.0,2.3317694917285303e-08,0.04783035266157633,0.2265474978949246,0.41675891554962224
2023-11-27,0.0,2.1803380878537837e-08,0.056153543337911685,0.4471789930352429,0.6808013862004363
2023-11-28,0.0,2.3968541679186828e-08,0.027432383830794445,0.22542951635053327,0.9262830890850935
2023-11-29,0.0,2.1922792843229177e-08,0.04120992658042534,0.44794649014160065,0.40370468540727716
2023-11-30,0.0,2.1309775357497562e-08,0.04178053082738459,0.4505377204247286,0.3162340883246963
2023-12-01,0.0,2.128425835232206e-08,0.0732625938667879,0.44717071394009617,0.2948509552916699
2023-12-04,0.0,0.06409362475927141,0.0660568098642577,0.4451125083593046,0.30665987695339697
2023-12-05,0.0,2.2270789577089056e-08,0.0422211845037445,0.22980515709230892,0.2038168304724201
2023-12-06,0.0,2.228782559551834e-08,0.050557381071099715,0.44775163474518276,0.18495789186786887
2023-12-07,0.0,2.2115568248243234e-08,0.05353356686637946,0.008344706387796344,0.4526088801519013
2023-12-08,0.0,1.9855460067774722e-08,0.07937766717855738,0.45158260405470585,0.48964728635752264
2023-12-11,0.0,2.134348044482981e-08,0.04205082325220669,0.44753729005546594,0.17665430763069015
2023-12-12,0.0,2.334491778013814e-08,0.027586551827179062,0.2265325793519189,0.1707211202812668
2023-12-13,0.0,2.292099122308544e-08,0.05648692825983519,0.4472981580766183,0.37439501222190014
2023-12-14,0.0,2.2518066286614236e-08,0.05688963931773834,0.6691435057003806,0.16453631956610634
2023-12-15,0.0,1.929890713209259e-08,0.1782685695228859,0.6717307674232642,0.1597959062227309
2023-12-18,0.0,2.1749026288264695e-08,0.02302922428761403,0.4445630739731057,0.2677206335505065
2023-12-19,0.0,2.2891588218748593e-08,0.06824610977547374,0.4490753622951646,0.36237771968862875
2023-12-20,0.0,1.9732808321376583e-08,0.027985758084934625,0.007413310637621212,0.13229015709380582
2023-12-21,0.0,2.3088941706467248e-08,0.021569542958897764,0.008065650701068822,0.39125449517394884
2023-12-22,0.0,1.9089251526716033e-08,0.015280955198890733,0.0024656482920525635,0.37736945390437066
2023-12-27,0.0,1.8745950805532097e-08,0.03240338481222596,0.0030028780108212194,0.46238377520493545
2023-12-28,0.0,2.2670030529886587e-08,0.018551911441107113,0.22403726290183257,0.45280812053088837
2023-12-29,0.0,2.164716895666774e-08,0.03067077919532294,0.22437920572465092,0.34976867652314836
2024-01-02,0.0,2.1571942891707163e-08,0.036928879950947534,0.22503214304577468,0.43724196581451513
2024-01-03,0.0,0.09169795265542152,0.06619484765619987,0.23093810552253477,0.5306855533926352
2024-01-04,0.0,2.341696165100715e-08,0.06472755975695915,0.6714351139522916,0.6007880578493444
2024-01-05,0.0,2.2198359667796597e-08,0.04123936015384148,0.6684200870574983,0.3051093580334538
2024-01-08,0.0,8.754432194793549e-08,0.030933538782759118,0.45075492079626295,0.4391573913407728
2024-01-09,0.0,2.3065625295165537e-08,0.056674088250286095,0.6688416407844767,0.4182376429969132
2024-01-10,0.0,8.940696709716645e-08,0.024735187966616726,0.2254618616803689,0.33731286256098497
2024-01-11,0.0,2.2263422341795014e-08,0.04271838216342512,0.6705235641346459,0.38402890789591326
2024-01-12,0.0,1.9272096727501742e-08,0.02649708268936199,0.2263677396000891,0.33936894207192414
2024-01-15,0.0,2.5689693369107536e-08,0.04802610298096455,0.44794330374735103,0.5937133077681361
2024-01-16,0.0,9.126961229843911e-08,0.06314717389659721,0.22946972239338076,0.43931726345762445
2024-01-17,0.0,2.579727554491429e-08,0.1117491601073479,0.4449239611910888,0.43326466795799884
2024-01-18,0.0,2.326047985473645e-08,0.04691780712142311,0.4473506242123613,0.5665510557266162
2024-01-19,0.0,2.2806846147749305e-08,0.06110421566239138,0.45046006193887683,0.6783565544636802
2024-01-22,0.0,1.990155102868374e-08,0.02646369970356687,0.44689639961869904,0.32028312006085097
2024-01-23,0.0,8.568167689584905e-08,0.03074048958404193,0.2246336959160221,0.33511361180852806
2024-01-24,0.0,2.4159811599228087e-08,0.04722733002681152,0.22606353813964283,0.31830749782349815
2024-01-25,0.0,2.0230705811974392e-08,0.06702230640719889,0.452578861403435,0.716825274384098
2024-01-26,0.0,8.754432192017991e-08,0.043214874415691794,0.23032811323106656,0.7323098597298706
2024-01-29,0.0,1.828259063932358e-08,0.07287912023695259,0.23053219831380342,0.7942061483992374
2024-01-30,0.0,2.4204481231804298e-08,0.01961154926055681,0.4465563508995093,0.16942437054738768
2024-01-31,0.0,8.754432192711881e-08,0.04750000373253571,0.23096212884075465,0.2705839784663064
2024-02-01,0.0,2.1852671318323136e-08,0.05210887965042474,0.22876501043466768,0.35421126066204445
2024-02-02,0.0,0.049530832088071866,0.09124267221003565,0.6675721953622202,0.31801229478433807
2024-02-05,0.0,8.754432222896069e-08,0.02371698244021687,0.4494910080375704,0.19967221241607802
2024-02-06,0.0,9.313225731583108e-08,0.04437785516925749,0.22521493709175017,0.19248480872004364
2024-02-07,0.0,2.4991522153822165e-08,0.034717390641349766,0.22855812994742114,0.2849013483087101
2024-02-08,0.0,2.1238397120842967e-08,0.058725167148116555,0.007673144308815799,0.3327908777245693
2024-02-09,0.0,2.0885011997595626e-08,0.04238167443816673,0.4494260812924409,0.14979201749095444
2024-02-12,0.0,2.2661899128084695e-08,0.05563393975487523,0.23091670114291685,0.19013150794033584
2024-02-13,0.0,8.940696713879981e-08,0.04335227247382475,0.23121127559868726,0.20021264839124178
2024-02-14,0.0,2.0463355687033724e-08,0.01844803693785419,0.2327435612369908,0.10519505472110115
2024-02-15,0.0,2.2953469288461426e-08,0.04775635109516105,0.005395821004445925,0.12670195645018942
2024-02-16,0.0,2.529261268827132e-08,0.03899704960951301,0.45170494875207423,0.12515500583282918
2024-02-19,0.0,2.46064772446708e-08,0.037599180769260616,0.2266070472583629,0.06405934638296756
2024-02-20,0.0,2.371704977896516e-08,0.019366624799918207,0.006739650774714209,0.10240104449873327
2024-02-21,0.0,1.9971040269434193e-08,0.044239077010576874,0.4494677576252945,0.31787821269039757
2024-02-22,0.0,2.345568828748812e-08,0.050467351903062056,0.4502326555685209,0.15242383285969907
2024-02-23,0.0,9.685754761082355e-08,0.05699263593664315,0.01106345660953173,0.6886899903435526
2024-02-26,0.0,2.5764988829946045e-08,0.07227969295497882,0.44644592558038076,0.6559053711099385
2024-02-27,0.0,2.263888089840127e-08,0.0243832332233812,0.004473100756220927,0.5804235729499789
2024-02-28,0.0,2.4048816597843636e-08,0.036351897790038855,0.22777012270639801,0.36504377387811215
2024-02-29,0.0,2.4717042024224867e-08,0.0346240447563456,0.22483781572500175,0.3290916717956156
2024-03-01,0.0,2.422843965038668e-08,0.08759397488356069,0.4471048986100638,0.17677758037947072
2024-03-04,0.0,0.053981579931715214,0.04192188614625449,0.22677317275364534,0.29183182858068185
2024-03-05,0.0,2.2167605924494627e-08,0.07225879300974747,0.667659149180173,0.3686039809704054
2024-03-06,0.0,2.2329159663631026e-08,0.03821960519200586,0.2271660283274335,0.39216344007134063
2024-03-07,0.0,2.2905898133113167e-08,0.05787557091743543,0.44780777014188605,0.22743546750234028
2024-03-08,0.0,2.2764012209963713e-08,0.050908715040302636,0.4520174986241857,0.5200980716067083
2024-03-11,0.0,2.2022982208713682e-08,0.05408094771763532,0.6682767596841568,0.46837560710860726
2024-03-12,0.0,1.9455876840157593e-08,0.025503348637517846,0.22686595814482366,0.6294162642134463
2024-03-13,0.0,2.2257664659269816e-08,0.0586441485945724,0.22703881326052172,0.6121879554826065
2024-03-14,0.0,2.282807056927516e-08,0.05614638321882235,0.45170243403823285,0.6653689116961723
2024-03-15,0.0,1.9991316567435913e-08,0.05789271886230227,0.4529157742285601,0.6043317996739254
2024-03-18,0.0,2.331289732093733e-08,0.051265925294693135,0.22939361497900473,0.4802228248776453
2024-03-19,0.0,2.0714857319054092e-08,0.036971592281206354,0.4500899194001231,0.4666501116237687
2024-03-20,0.0,2.356196219382989e-08,0.056506622821628556,0.44551662940806624,0.39257480773983894
2024-03-21,0.0,2.148128928902704e-08,0.03422915976435108,0.4478217590613296,0.5246826258884165
2024-03-22,0.0,2.3779343712865275e-08,0.06032258589369609,0.44848550296198675,0.5794334239395269
2024-03-25,0.0,9.499490258996213e-08,0.03840366651176373,0.22527654181492873,0.4250078620596719
2024-03-26,0.0,1.995758469250375e-08,0.02661027873074861,0.22542628354817867,0.038907417165461464
2024-03-27,0.0,1.994025775400865e-08,0.04146783111177348,0.4462251453630734,0.1864734314617211
2024-03-28,0.0,2.4819003716786137e-08,0.04375534288172811,0.22497897223390131,0.7256466246622869
2024-04-02,0.0,2.087478805784526e-08,0.030037095977124825,0.22888339372099292,0.35065690840705344
2024-04-03,0.0,0.055607093730502495,0.08028213978210336,0.2264770598446045,0.37020203431195703
2024-04-04,0.0,8.754432188548544e-08,0.03480456411117512,0.00222585703628686,0.3389301495563459
2024-04-05,0.0,2.209615440965096e-08,0.04576967250708379,0.22811325519640693,0.3591428785747339
2024-04-08,0.0,9.31322574129756e-08,0.050592129733923505,0.005499397399954656,0.38606249103775525
2024-04-09,0.0,2.7535249223081815e-08,0.03568112291394883,0.005886737085664853,0.44404395088089155
2024-04-10,0.0,2.542369039598702e-08,0.0380050505175393,0.005865895687626188,0.4603927100086333
2024-04-11,0.0,2.315833783766985e-08,0.02507139032037575,0.225758367141229,0.24004515042065128
2024-04-12,0.0,2.598892409264031e-08,0.04263308689104944,0.45074539789082757,0.3019132305226274
2024-04-15,0.0,2.4995700655117137e-08,0.06272405980265218,0.2347112718501748,0.1062651113526877
2024-04-16,0.0,2.548407394831198e-08,0.05519810514610571,0.0071003306624889545,0.399997972248836
2024-04-17,0.0,2.0984708179461187e-08,0.04460273520244019,0.22481509834951524,0.4442216204454173
2024-04-18,0.0,2.3718847334125437e-08,0.05272553582217292,0.22276593388354288,0.47003804973493396
2024-04-19,0.0,2.233548322336243e-08,0.045050826978635744,0.23089608472650022,0.2010833258863708
2024-04-22,0.0,2.6518909120726297e-08,0.043074847082588325,0.22513171758991912,0.25906275449545085
2024-04-23,0.0,2.4439209968252218e-08,0.051968596095581646,0.2321007664934407,0.3419693175529801
2024-04-24,0.0,2.3208159314475063e-08,0.05973859774026524,0.22620580944326152,0.3146933940221488
2024-04-25,0.0,2.407777280680201e-08,0.04683357850496409,0.2258956118268138,0.43114483498965744
2024-04-26,0.0,2.769766165380827e-08,0.037887223700499496,0.22727425445073152,0.41893342644328196
2024-04-29,0.0,2.717536775470597e-08,0.053996247836697125,0.4471779423400183,0.08367115261611985
2024-04-30,0.0,7.823109625555713e-08,0.011696660297108303,0.2251496063124117,0.06290757179508105
2024-05-02,0.0,2.2256117900021355e-08,0.05972087879907659,0.8917813183633965,0.1205271434345925
2024-05-03,0.0,0.04863844210224279,0.03848121663374724,0.6696694534203991,0.04868007893392242
2024-05-06,0.0,2.2174359893406548e-08,0.03237880809344356,0.22376350620550411,0.19682691057929258
2024-05-07,0.0,2.28415338900112e-08,0.04618647505019066,0.22546210272686815,0.22667673355207119
2024-05-08,0.0,2.2734379691302653e-08,0.05069438041619123,0.4519058366560073,0.11512452803061683
2024-05-09,0.0,1.855019346810871e-08,0.045219124464759425,0.668346512816868,0.2684759656934021
2024-05-10,0.0,2.133866762801806e-08,0.029152462860042482,0.4444444444444446,0.2577855509086697
2024-05-13,0.0,2.2209000524048284e-08,0.060449830979014726,0.23107369101588143,0.3655504440011173
2024-05-14,0.0,2.0824162297317095e-08,0.02355590493975242,0.6710401217949424,0.203923513423692
2024-05-15,0.0,2.0276449203687763e-08,0.02065676898715167,0.6723177927623254,0.18380637290139937
2024-05-16,0.0,2.2704500689252338e-08,0.04713838576027447,0.44981571457200464,0.3310977399111139
2024-05-17,0.0,2.1160227257899233e-08,0.045080930176517375,0.451146989870695,0.1503783768109145
2024-05-20,0.0,2.3785056705444285e-08,0.016833073086272448,0.008986147830597424,0.32585814015505193
2024-05-21,0.0,2.313954632418569e-08,0.035138822745694444,0.4476602987229402,0.1391675041079743
2024-05-22,0.0,2.4781403529933188e-08,0.035188763660218364,0.22898761838273674,0.5471269157641756
2024-05-23,0.0,2.2820992626876313e-08,0.03723427742322654,0.2314680848381328,0.490519996404851
2024-05-24,0.0,2.3028087169779665e-08,0.04568693746867164,0.22921076440193627,0.3878514887682579
2024-05-27,0.0,2.5152246587584193e-08,0.053102134050303215,0.22696743987850215,0.43884415426716455
2024-05-28,0.0,1.8531121536574657e-08,0.06409764752422231,0.2257769521459353,0.4158687701299053
2024-05-29,0.0,2.2659433652344463e-08,0.023265785185877144,0.22595763793776014,0.37790587764950395
2024-05-30,0.0,2.2096863866449823e-08,0.07235079093131877,0.22857754914775774,0.4631657456572647
2024-05-31,0.0,2.0483567782919598e-08,0.06954494278542801,0.6701657951922149,0.4690698910329201
2024-06-03,0.0,2.3323691346333053e-08,0.04311610491397051,0.6687827684144871,0.5685023138338575
2024-06-04,0.0,0.05551160976009127,0.03216918225363862,0.2248511320124829,0.48622368294814
2024-06-05,0.0,8.940696716308594e-08,0.07191481804086865,1.1125535161259683,0.639972916884765
2024-06-06,0.0,2.3048549097071103e-08,0.06981293716381859,0.6706922135278937,0.4855278294097696
2024-06-07,0.0,2.381272041704352e-08,0.03914268098445302,0.22716425757829112,0.4205841494328903
2024-06-10,0.0,2.276985883523097e-08,0.03444394704506441,0.44591598431394386,0.3707480278534084
2024-06-11,0.0,2.388868632074992e-08,0.05316524034557399,0.22639065304686637,0.4462482702244545
2024-06-12,0.0,9.313225734011721e-08,0.03802572707587158,0.8888888888888891,0.5497761733030505
2024-06-13,0.0,2.199876759229058e-08,0.05647366184139535,0.23224919714448228,0.3296932820626048
2024-06-14,0.0,2.428086229647186e-08,0.05777101814144453,0.22838102736494992,0.5276031398914564
2024-06-17,0.0,2.324440986564702e-08,0.05414226865351389,0.4503684364761801,0.5829037342784922
2024-06-18,0.0,2.2508489072592397e-08,0.0318036775450742,0.6687624456160247,0.5586624683217686
2024-06-19,0.0,2.305221745088626e-08,0.02923430575100856,0.4474464704899283,0.9499686620404821
2024-06-20,0.0,2.1931263975011328e-08,0.024265194714114185,0.22651089634853433,0.5154005287986512
2024-06-21,0.0,2.3327273421941408e-08,0.043308062671475106,0.4462952381844522,0.5337516546437314
2024-06-24,0.0,8.94069672636999e-08,0.01757773249166394,0.23117798382888868,0.3045963229475916
2024-06-25,0.0,2.271474944595675e-08,0.059001697147934705,0.4488496375823708,0.34585472185019617
2024-06-26,0.0,8.568167692707407e-08,0.03173860252278284,0.226619002013973,0.35036955056877256
2024-06-27,0.0,2.0219616495009696e-08,0.02344419914956457,0.006776462893917409,0.35812920128927417
2024-06-28,0.0,9.685754775307087e-08,0.039627423395553585,0.4482364819119049,0.5998239872803169
2024-07-01,0.0,8.75443219340577e-08,0.025142247216237954,0.005266381797815564,0.2670948905526637
2024-07-02,0.0,0.06469543300399125,0.04144697549854105,0.22890311578794123,0.3400504032721646
2024-07-03,0.0,2.438649442104701e-08,0.046341326056241694,0.44829092564230266,0.38199185444274164
2024-07-04,0.0,2.0053581455126146e-08,0.053903511827008185,0.4501348683164504,0.6449519833476981
2024-07-05,0.0,2.3816565792450506e-08,0.02673428946321917,0.0075078581023920316,0.2628554272893618
2024-07-08,0.0,2.4271789834939828e-08,0.009604725461680997,0.44887394340590403,0.2159176635324124
2024-07-09,0.0,9.1269612305378e-08,0.022628888026012636,0.8894146129337525,0.20581395945075878
2024-07-10,0.0,2.0955883039269763e-08,0.0295647419047428,0.2269767797812372,0.26405436263198945
2024-07-11,0.0,2.2555842204424748e-08,0.047195798471681934,0.8906377254603287,0.19200694915530545
2024-07-12,0.0,2.2650387454525855e-08,0.07699165885438462,0.669854443455088,0.14588237368373863
2024-07-15,0.0,8.75443219340577e-08,0.06981254849769902,0.6704582613156136,0.2676501792399518
2024-07-16,0.0,2.0056775039412056e-08,0.035279142160111465,0.6676056109372424,0.3901523941496358
2024-07-17,0.0,2.247103437352793e-08,0.019806769295831108,0.8902568872603366,0.5268051241732277
2024-07-18,0.0,2.2887261683091076e-08,0.04650117324804037,0.6725449030724003,0.4004997427879588
2024-07-19,0.0,2.276301585418805e-08,0.038612307227256226,0.6670310147015243,0.5300602665551559
2024-07-22,0.0,9.313225748583398e-08,0.02820032978105481,0.4453264154679153,0.12356094926112011
2024-07-23,0.0,2.0670736282368818e-08,0.040270153986558976,0.2266847333220004,0.07882937998654282
2024-07-24,0.0,2.4677400428663177e-08,0.034191803855632065,0.44734999987047186,0.06913842138197877
2024-07-25,0.0,8.940696722553598e-08,0.023797902304557892,0.670424861906621,0.5722670452645616
2024-07-26,0.0,2.4376431567718626e-08,0.04580752774806563,0.44934360864321865,0.6518307154354036
2024-07-29,0.0,1.9189987442852496e-08,0.050622231179353244,0.6710587835133702,0.3698725800586188
2024-07-30,0.0,2.4343180388131103e-08,0.04520344230094539,0.4515702825966967,0.4598517154458249
2024-07-31,0.0,2.231358366133751e-08,0.03995404296537182,0.4464107771320407,0.26507614735438184
2024-08-01,0.0,2.2725893378955364e-08,0.047189185710948295,0.4479365502557096,0.37240218924943885
2024-08-02,0.0,0.04436781417667045,0.08496340837849725,0.6667931351284616,0.8679781094634104
2024-08-05,0.0,8.754432196875217e-08,0.03871334677845096,0.8902373344293956,0.4995281922428462
2024-08-06,0.0,2.404477501133373e-08,0.0491789123478088,0.4486274893986463,1.0328630934339351
2024-08-07,0.0,2.001726808267823e-08,0.02478653608415694,0.44444444444444464,0.4301294891885535
2024-08-08,0.0,8.381903166682081e-08,0.054644906751737894,0.008452081326190103,0.5526310020065017
2024-08-09,0.0,2.3751286569451135e-08,0.029247528882527827,0.44950309029260377,0.4512813061968475
2024-08-12,0.0,2.152130609833769e-08,0.029772664526983336,0.005908757297447276,0.5480631184931833
2024-08-13,0.0,8.940696719084151e-08,0.022748330199037905,0.0046603745452222095,0.5039157317989459
2024-08-14,0.0,1.913154779389914e-08,0.014843775225037912,0.44910602028446633,0.7751408823360416
2024-08-15,0.0,2.4661676964465862e-08,0.04075040284800051,0.6666666666666667,0.4876259013846948
2024-08-16,0.0,1.4901161184133205e-07,0.040212207750173284,0.7456636621911275,0.5339092161843956
2024-08-19,0.0,2.2933830355620355e-08,0.24867839435677525,0.6666666666666667,0.5477518906521426
2024-08-20,0.0,2.0346541926979933e-08,0.021210876290507143,0.22619464878543544,0.5144374829955588
2024-08-21,0.0,6.891787046256481e-08,0.018572550524021816,0.4505441400004769,0.6141875741185928
2024-08-22,0.0,6.891787038970643e-08,0.026003455317482452,0.44728966572341233,0.4970556123250478
2024-08-23,0.0,1.7084951096230094e-08,0.05277575188606359,0.44704016207827113,0.562659698513381
2024-08-26,0.0,6.89178706984872e-08,0.06217399197880526,0.22669394485849398,0.4429490215378387
2024-08-27,0.0,1.674296513237694e-08,0.024083872746962613,0.44585496554172305,0.6508682245986283
2024-08-28,0.0,1.983824143847457e-08,0.03805285351003735,0.6742860908008828,0.8304855729549864
2024-08-29,0.0,1.7744580815132194e-08,0.02329710731386382,0.66864560238556,0.5831299399158861
2024-08-30,0.0,7.636845111846924e-08,0.09518061917194114,0.6710133765795019,0.5962904325379154
2024-09-02,0.0,2.0038876440142683e-08,0.09112660297915201,0.669213548987684,0.6683586130731957
2024-09-03,0.0,0.26666666666666666,0.10158244474097415,0.6697592195491293,0.5282629322675787
2024-09-04,0.0,2.2112863620055156e-08,0.061530340287105106,0.22677694338732574,0.3794123610691663
2024-09-05,0.0,1.7734063689767154e-08,0.12527734216140587,0.4431777214169038,0.5405835700741297
2024-09-06,0.0,8.195638666677607e-08,0.10696462704408705,0.4444444444444445,0.5647054977540186
2024-09-09,0.0,8.940696719778041e-08,0.07123563333450239,0.2299331266102444,0.7093166606859955
2024-09-10,0.0,8.381903177437366e-08,0.04059266967724095,0.008294065798821137,0.6357417962718904
2024-09-11,0.0,2.1287378738216178e-08,0.05519680639530963,0.4453174294493345,0.6905156757924633
2024-09-12,0.0,1.8195178214802654e-08,0.023911107561669778,0.22541731725909478,0.28899744099414465
2024-09-13,0.0,1.0244548322504987e-07,0.07443244601059852,0.44701691786755177,0.41853008065877806
2024-09-16,0.0,1.8224794409715805e-08,0.044086826818182705,0.22721558413818993,0.3225962617414072
2024-09-17,0.0,1.0430812832917802e-07,0.019843701931416012,0.22453756929596702,0.19675377548880396
2024-09-18,0.0,2.1462341362465942e-08,0.03794369755839694,0.4479142105224281,0.17770833427830038
2024-09-19,0.0,2.116044581917942e-08,0.035420605584034606,0.225800279048344,0.07331351240496092
2024-09-20,0.0,2.371963615105388e-08,0.08606183660320257,0.6720665848840179,0.3089486442456979
2024-09-23,0.0,1.192092895473118e-07,0.042465844463587386,0.44726110520214557,0.4482705537141101
2024-09-24,0.0,2.147056108597889e-08,0.0339095881398144,0.4468027276543226,0.3535486008112435
2024-09-25,0.0,2.0127701363253925e-08,0.03308521746637725,0.44633539146128476,0.36555132226636733
2024-09-26,0.0,2.096914145446882e-08,0.03519645959961756,0.4454538517993405,0.27833571336706825
2024-09-27,0.0,8.009374127815327e-08,0.0908442945295099,0.6707525690117273,0.47040594455069484
2024-09-30,0.0,2.3378161854298307e-08,0.03630936468519043,0.4494690122815387,0.4717119158109266
2024-10-01,0.0,1.78171509039593e-08,0.06063230212403434,0.00583754141513651,0.25184808030707123
2024-10-02,0.0,0.06744946022191513,0.020088255498296983,0.4511705707550763,0.38746055383259187
2024-10-03,0.0,1.862451882994609e-08,0.024498049136328578,0.2263761582052911,0.5104172678526638
2024-10-04,0.0,2.2201093630158653e-08,0.026295563471348267,0.6697778218509828,0.35932724486341705
2024-10-07,0.0,8.381903163559579e-08,0.053373166052673705,0.6682985728180187,0.6746714172117324
2024-10-08,0.0,2.055983118823268e-08,0.02980464359375185,0.4482235066569941,0.500056775922976
2024-10-09,0.0,2.1153162305109774e-08,0.03150395108082221,0.23202595046613111,0.47579529180644187
2024-10-10,0.0,1.9785437493230473e-08,0.025922347887301286,0.009604793340187226,0.4757477145579197
2024-10-11,0.0,2.23678960839524e-08,0.027370342912430814,0.6694881494404292,0.38011492347892717
2024-10-14,0.0,2.0754985643328672e-08,0.028616929668442755,0.44615371764882034,0.41402209274669527
2024-10-15,0.0,8.009374129896996e-08,0.03450482949199413,0.4464885064337487,0.22840677685836785
2024-10-16,0.0,2.1147555848838318e-08,0.04018727423314336,0.8893190217184221,0.3185452850358679
2024-10-17,0.0,2.3254828958318985e-08,0.015259174940550058,0.6676563448172669,0.2618103625620818
2024-10-18,0.0,8.195638656269266e-08,0.05532836436734339,0.671555300439007,0.41377460390950616
2024-10-21,0.0,1.982491832502875e-08,0.05668479252176114,0.6708900546885527,0.5919030702286262
2024-10-22,0.0,9.685754780858202e-08,0.036188867191422044,0.23018468362800643,0.6492189400447403
2024-10-23,0.0,2.0488919044020504e-08,0.04063566031889208,0.45053143313932337,0.5651783761147424
2024-10-24,0.0,9.126961229150021e-08,0.024301957523386257,0.8895620836101495,0.28833454484358173
2024-10-25,0.0,1.9720207782708554e-08,0.11436674493861551,0.8905420205878392,0.5767059037535885
2024-10-28,0.0,2.2312403792634772e-08,0.059068888747482395,0.004555862500415606,0.4876973294834685
2024-10-29,0.0,2.1766581058402235e-08,0.0638810523392034,0.4505311304784002,0.6132394192040387
2024-10-30,0.0,8.568167696523799e-08,0.044806500094259114,0.6667822974955053,0.7386612758488538
2024-10-31,0.0,9.685754767674304e-08,0.034778744861970766,0.006238388081709498,0.611522298904583
2024-11-01,0.0,1.9269601424926064e-08,0.051871730574534064,0.23140564255334609,0.5634652683276462
2024-11-04,0.0,0.05047119265422416,0.03410585555244159,0.22860364417521034,0.6499396893971267
2024-11-05,0.0,1.9908228534454286e-08,0.026178678621814673,0.22638525989059127,0.36236053818560304
2024-11-06,0.0,2.3440069465280322e-08,0.05143937908305543,0.4460036484869667,0.6677351889994625
2024-11-07,0.0,1.6362756212473517e-08,0.1071390050078626,0.23869021033074633,0.6113594664054475
2024-11-08,0.0,1.9990862916430263e-08,0.072435945384797,0.4469648063848751,0.3065527466222358
2024-11-11,0.0,2.0195405067008343e-08,0.037927686929396714,0.010489479908539143,0.5493786404564904
2024-11-12,0.0,1.97725059450371e-08,0.03939855524598129,0.2278131208234056,0.44660968074997787
2024-11-13,0.0,2.333793830064379e-08,0.08567754251235901,0.22972937042267086,0.6047123540404712
2024-11-14,0.0,2.0494104999851936e-08,0.02052110203540888,0.22356529554109045,0.5793842759395751
2024-11-15,0.0,8.195638663555105e-08,0.059719875534065464,0.6691101689846097,0.42071704806089905
2024-11-18,0.0,2.16059532695545e-08,0.0367085886131843,0.6677639448290295,0.5297214097725955
2024-11-19,0.0,8.56816767744184e-08,0.024406698014725368,0.22426330187907317,0.478705072014406
2024-11-20,0.0,1.9426947602679823e-08,0.029958971474340745,0.2290064085227403,0.5868224997160264
2024-11-21,0.0,1.9805626874647153e-08,0.011509753840215308,0.22463421419158422,0.13801841425400005
2024-11-22,0.0,1.789794026527125e-08,0.037716099122152874,0.44896573635954273,0.2506711972001234
2024-11-25,0.0,2.061563390137744e-08,0.03584876935099281,0.22462528276389715,0.44076841210648543
2024-11-26,0.0,2.2447223281540918e-08,0.042656756897582554,0.4481259899265864,0.14437426128391123
2024-11-27,0.0,2.1222226306155667e-08,0.01732749282596805,0.22430055714584113,0.16779924252329068
2024-11-28,0.0,2.3066262355014855e-08,0.030131359075161936,0.6691039377091497,0.2511801061414605
2024-11-29,0.0,2.0611410758708537e-08,0.03555876877674072,0.44734505421648163,0.5340009051167945
2024-12-02,0.0,1.005828379786744e-07,0.025808933617196335,0.2277162974229474,0.1623517077286563
2024-12-03,0.0,0.05350273747324061,0.047108501105122096,0.22895801896778784,0.35959967952969174
2024-12-04,0.0,2.114374321113277e-08,0.02937246126400779,0.23012563619165577,0.7225070649015646
2024-12-05,0.0,2.0533921944732025e-08,0.07572794394627193,0.22804904031241696,0.6451269990340917
2024-12-06,0.0,2.1173537562146905e-08,0.05584874156336297,0.2281994286875222,0.6838729229199974
2024-12-09,0.0,1.9140977053355712e-08,0.03742197112106502,0.4395508767301389,0.837638423944302
2024-12-10,0.0,2.1004719116812787e-08,0.056226223478912284,0.4444444444444445,0.5652405028173639
2024-12-11,0.0,2.1836128873825578e-08,0.06341573651811898,0.4530746765267725,0.5598491538865067
2024-12-12,0.0,1.931774817540144e-08,0.027234971231754876,0.22729655552820033,0.5289150922803573
2024-12-13,0.0,8.381903172580141e-08,0.05650867701128044,0.22638880849181756,0.682295986284352
2024-12-16,0.0,2.1239981128073904e-08,0.05383698562730973,0.22807663506800968,0.5799586902020063
2024-12-17,0.0,8.381903147600123e-08,0.031196846178280346,0.45192032484710287,0.6511740827795861
2024-12-18,0.0,2.183699865376809e-08,0.04974105814460769,0.44614699801078533,0.7682699016058281
2024-12-19,0.0,2.1809429678887327e-08,0.022429706599924455,0.00765979667137455,0.6077366040364502
2024-12-20,0.0,8.009374148285064e-08,0.05048848141132574,0.01363895316273521,0.7601353986486045
2024-12-23,0.0,2.1235802945968052e-08,0.046479107707696254,0.2249312762300597,0.658586707215773
2024-12-24,0.0,9.126961229843911e-08,0.029555357304599933,0.22808859404876444,0.6008735541325613
2024-12-27,0.0,2.2674575210490655e-08,0.029766573827910488,0.8012883734806606,0.6708900030845819
2024-12-30,0.0,9.313225753093679e-08,0.9154207088627692,1.1111111111111112,1.0388401512836338
2024-12-31,0.0,2.3764119810865125e-08,0.016124652049742,0.4472136957722011,0.4779940433212887
2025-01-02,0.0,2.174952630495941e-08,0.030220698291683067,0.5,0.687820712011137
2025-01-03,0.0,0.9333333333333336,0.9294149848358565,1.3333333333333333,1.2013715736754533
2025-01-06,0.0,2.0677781521760696e-08,0.030735202488535472,0.6672801288046106,0.6197736774259938
2025-01-07,0.0,8.940696712492202e-08,0.09183187138448135,0.7532983805492618,0.6544547224269675
2025-01-08,0.0,2.28177856158307e-08,0.10010609641527937,0.8888888888888891,0.6487116008542592
2025-01-09,0.0,8.009374135101166e-08,0.03990954765516656,0.6682252752442368,0.44641782926550366
2025-01-10,0.0,7.450580590331879e-08,0.04255515037783954,0.44855734652042245,0.6275404718018863
2025-01-13,0.0,2.0626836513132352e-08,0.04216596325973525,0.4467419759138258,0.5772397522506914
2025-01-14,0.0,8.381903161824855e-08,0.03847538572216473,0.670408603800127,0.5084032191094235
2025-01-15,0.0,2.064697400203097e-08,0.03193429888004754,0.4460842070807801,0.45425342969980376
2025-01-16,0.0,2.0253359139105198e-08,0.06729024744246229,0.6694193028758206,0.34731861822061816
2025-01-17,0.0,9.6857547614293e-08,0.05748102294583844,0.6687513966964144,0.5742558016642033
2025-01-20,0.0,1.969113676975054e-08,0.04678565289184581,0.6707134359902567,0.3644723588633454
2025-01-21,0.0,2.1934061206208e-08,0.02533446397050795,0.44967423969434805,0.24482471064689587
2025-01-22,0.0,2.031044431943796e-08,0.0452046226083162,0.6706112951616447,0.2411049041686371
2025-01-23,0.0,2.1038644930360118e-08,0.06373739835089817,0.6735813556428925,0.40384854969995115
2025-01-24,0.0,1.024454833672972e-07,0.032779510075539656,0.44739109868533367,0.35493369496757554
2025-01-27,0.0,2.3411072670731503e-08,0.02464999568869378,0.22765833375326905,0.3480623825024989
2025-01-28,0.0,2.0694480611788135e-08,0.043204475130057055,0.6666666666666667,0.4437516147286934
2025-01-29,0.0,2.122525724276847e-08,0.030482549230261596,0.22712606884187603,0.27086556970893233
2025-01-30,0.0,9.872019289883238e-08,0.029979261700875545,0.23221479513071525,0.3989858788371954
2025-01-31,0.0,1.9990244386897116e-08,0.03845440569859673,0.4473747120717181,0.367514975946568
2025-02-03,0.0,7.823109630586411e-08,0.04612436846443417,0.2290637375882406,0.46241587220853175
2025-02-04,0.0,0.06405901022658077,0.05866279978500543,0.8893138482962999,0.4910042821488109
2025-02-05,0.0,2.3562736175403165e-08,0.0645446682196629,0.4484997806315517,0.5186592776467167
2025-02-06,0.0,2.2915474608142805e-08,0.021824218772508716,0.006369615450780616,0.5565210545000381
2025-02-07,0.0,2.340490517713234e-08,0.05789548756797763,0.6707153217266779,0.6058687586371573
2025-02-10,0.0,8.754432193058825e-08,0.05072755212820515,0.4498774021972696,0.6255482155089966
2025-02-11,0.0,2.140726409680105e-08,0.03413233470039625,0.4492346673237462,0.6484145710076646
2025-02-12,0.0,9.499490252057319e-08,0.026761780240764033,0.6697267575129731,0.6263076624970357
2025-02-13,0.0,2.0227201278505413e-08,0.05778140265148589,0.6751716324378267,0.6804225288851863
2025-02-14,0.0,2.4014587155646305e-08,0.12692747650653383,1.1111111111111112,0.6423277840087802
2025-02-17,0.0,1.9338343065777863e-08,0.059926346778335894,0.22970483166569866,0.4253633936709129
2025-02-18,0.0,9.87201928710768e-08,0.032362140415112775,0.23033785899127635,0.615681863969195
2025-02-19,0.0,2.1089925902884055e-08,0.029377781360050585,0.6694521424238322,0.5946131365607993
2025-02-20,0.0,2.3106259277455576e-08,0.06254712414273486,0.445058487846127,0.7293106113812092
2025-02-21,0.0,2.101068221488367e-08,0.036590038836980004,0.23035719770524474,0.5752891386012837
2025-02-24,0.0,8.19563865210593e-08,0.04829318647106086,0.22904094394010194,0.4849700375601566
2025-02-25,0.0,2.0208671031723968e-08,0.03784591231034582,0.4610504601108804,0.38925156372014547
2025-02-26,0.0,2.1866911371903885e-08,0.02733082506926208,0.45161403622484025,0.26793631507951077
2025-02-27,0.0,2.3500384683378117e-08,0.09650710628108727,0.4486704807150861,0.507768062115834
2025-02-28,0.0,1.9528725907214106e-08,0.05451608940828426,0.22459848200607468,0.6280293888231335
2025-03-03,0.0,2.212429771678015e-08,0.02116770881623608,0.23060444681847317,0.8127406364639133
2025-03-04,0.0,0.051455698952306714,0.0917294671055834,0.4475430349498335,0.8042220973889382
2025-03-05,0.0,1.9325443460782576e-08,0.09697789561897088,0.6755738431182743,0.8891983127516097
2025-03-06,0.0,1.6975217280446042e-08,0.07740130801719722,0.6760675224168922,0.7689819380644207
2025-03-07,0.0,2.1533755709124414e-08,0.04923156204238692,0.454283246197982,0.597256714414013
2025-03-10,0.0,8.381903169804583e-08,0.038948465869456945,0.2291358395471127,0.6886950174053871
2025-03-11,0.0,9.872019308965196e-08,0.03502117848230558,0.6681945357717947,0.766376338645508
2025-03-12,0.0,2.530318939097942e-08,0.027725869575075942,0.45004735405887947,0.7151152094497005
2025-03-13,0.0,2.1321523144268717e-08,0.042455698400018414,0.4541746789504725,0.6311487853572145
2025-03-14,0.0,1.9479933104082914e-08,0.06264447118924142,0.671296106602443,0.6556283662958724
2025-03-17,0.0,1.8385592551878327e-08,0.03786658425501842,0.447088936192295,0.5732763636970044
2025-03-18,0.0,2.1823600312304015e-08,0.017403364403203152,0.4497230367696439,0.6479063124362089
2025-03-19,0.0,2.0356771161106346e-08,0.01931289901133477,0.45491388251568476,0.6406779241228948
2025-03-20,0.0,2.022696841963434e-08,0.03751263226944417,0.44828613507605053,0.5388138765002239
2025-03-21,0.0,7.636845121561375e-08,0.018934225013166345,0.008185612658499528,0.7015270417145761
2025-03-24,0.0,2.2600745067102856e-08,0.017989849052426093,0.006988296093775465,0.5517940406335018
2025-03-25,0.0,8.754432198956885e-08,0.023727742851843966,0.22656082460909205,0.6213358002796372
2025-03-26,0.0,2.158612415897876e-08,0.024491018845109982,0.009836364084724256,0.26581789906279957
2025-03-27,0.0,2.0230589647951547e-08,0.08243284788146336,0.2273046455629161,0.5698738361857261
2025-03-28,0.0,8.195638652799819e-08,0.03585727202263944,0.2296004091440435,0.47494261597437665
