date,RL Agent,QQQ
2009-03-31,-0.007828961460580057,-0.015365354849434687
2009-04-01,0.008925226053717667,0.029888338475235088
2009-04-02,0.015341520003386485,0.04404622539099168
2009-04-03,-0.0002480440408039205,0.0034472852950284683
2009-04-06,0.002872196227642361,0.012353351110444333
2009-04-07,-2.4899829723259978e-05,-0.0028313701970780203
2009-04-08,-0.008818246515795965,-0.026926739870852257
2009-04-09,0.018557309030459174,0.03735304711013954
2009-04-10,-0.0011128614529617646,0.005389239593013961
2009-04-13,0.0031925416969400618,-0.004426614857054201
2009-04-14,-0.006007401531751437,-0.009160249210602545
2009-04-15,-0.01731213625734447,-0.011277093605851607
2009-04-16,0.014578468390740559,0.0014068238608495598
2009-04-17,0.010356842759033542,0.017397577750695836
2009-04-20,0.0157234316071084,0.001927563010874822
2009-04-21,-0.008685489539112188,-0.023913266127902788
2009-04-22,0.0018715430062900996,0.0018332133462146682
2009-04-23,0.0029473187313527978,0.01371672379963429
2009-04-24,-0.009237049777021335,-0.01571373095914952
2009-04-27,0.0008486595837763203,0.002107215199043777
2009-04-28,-0.035642368329395484,-0.026651530500106713
2009-04-30,0.0075852478899997,0.039380658157059045
2009-05-01,0.005489937684146385,0.0168901182703185
2009-05-07,0.020153639029658728,0.04548437602491595
2009-05-08,0.003790503093697171,0.005021456239997724
2009-05-11,-0.0011992304311510846,0.002030185052247502
2009-05-12,-0.009982101455317586,-0.016226241441629097
2009-05-13,-0.002297021427289334,0.004503886196872697
2009-05-14,-0.011968849196253706,-0.026418288487350616
2009-05-15,0.01789320179840263,0.0188359511081424
2009-05-18,-0.013220510150548452,-0.02442834586577114
2009-05-19,0.016540762095139046,0.027835847607815323
2009-05-20,0.009769420799023747,0.005850152056230629
2009-05-21,-0.0024799340902770255,-0.00861341483895084
2009-05-22,-0.0009778924358446932,-0.004138622398800806
2009-05-25,0.005618783127000291,0.013136021154986244
2009-05-26,-0.002116870706657021,-0.003871876504493388
2009-05-27,0.003104113541585648,0.01374316164144318
2009-05-28,0.009272220151997804,0.0013370511003278907
2009-05-29,0.012476100426274154,0.007523798532024006
2009-06-01,0.022152663083969515,0.016303491730112807
2009-06-02,0.0005970792355396578,0.002744395165456881
2009-06-03,0.005560850716541048,0.0038498721925352974
2009-06-04,0.004702542444183781,-0.007463808722797061
2009-06-05,0.0054674961884618525,0.010244101236085434
2009-06-08,0.004047681315109047,0.00999385949951015
2009-06-09,-0.01755319987362104,-0.00798829585628369
2009-06-10,0.028872803611604974,0.020912810835362894
2009-06-11,0.008436612704570103,-0.0010168809668696932
2009-06-12,0.01291851448837848,0.015477920594328287
2009-06-15,-0.019020421736003858,-0.009486197235207716
2009-06-16,-0.03816979598518059,-0.02856568406075044
2009-06-17,0.02649277310639538,0.009019871834731408
2009-06-18,-0.015997144273471358,-0.013934760539563773
2009-06-19,-0.009437727647129707,0.00850602051464433
2009-06-22,0.016191046465405416,0.004088361292588827
2009-06-23,-0.029770531545357595,-0.028155057095437308
2009-06-24,0.002995294948614702,0.004262997068863461
2009-06-25,0.028865362437835086,0.021454941954004658
2009-06-26,0.015363133517900439,0.008300214949658047
2009-06-29,-0.023541900981017078,-0.009508577186671752
2009-06-30,0.012997281694647613,0.017884319982096608
2009-07-01,0.0006210280049552224,-0.0018587993088071686
2009-07-02,0.0010581091689367752,-0.0064164736452014814
2009-07-03,0.0011863441427348604,-0.006083349862921472
2009-07-06,-0.010748425164080217,-0.01377335237099242
2009-07-07,-0.008288525831986342,-0.0034170562898337975
2009-07-08,-0.011425353408647186,-0.02353285448203657
2009-07-09,-0.007234907149604377,-0.013766465481782286
2009-07-10,-0.004938100460366781,-0.00040676704808517705
2009-07-13,-0.03926047804677548,-0.025513410636502476
2009-07-14,0.046131197525647816,0.023367047429425192
2009-07-15,-0.00033482985129160744,0.000803345138011613
2009-07-16,0.018942769677370252,0.008081576853574912
2009-07-17,-0.002668206417129605,0.0054750941116714635
2009-07-21,0.0515560264487931,0.027322029501056555
2009-07-22,0.0031797680732004474,0.007370543000837282
2009-07-23,0.0077091795044111665,0.00717670719356045
2009-07-24,0.00927678986550713,0.015481496705564757
2009-07-27,0.007819739883176758,0.014491390197932441
2009-07-28,-0.00016296651088740395,-0.0001388083851880939
2009-07-29,0.00475973770892262,0.002575572489818878
2009-07-30,0.008726497590532251,0.005138780979992319
2009-07-31,0.008423996338078681,0.01885058133809836
2009-08-03,0.016095650038361057,-0.0004210121755023888
2009-08-04,-0.007603977771561938,0.0021772620116595753
2009-08-05,-0.022875857193501364,-0.011805241147175072
2009-08-06,0.019888777934337118,0.013222059988811763
2009-08-07,-0.003355638819721404,0.0023103381238505083
2009-08-10,0.017953150900740907,0.01077304590704542
2009-08-11,0.013166932673262167,0.005815154383816745
2009-08-12,-0.009287005097167046,-0.014213833077894367
2009-08-13,0.009553616258670523,0.007876418752994718
2009-08-14,0.014498267552829501,0.007619872338840983
2009-08-17,-0.018927837812485988,-0.0310191080337342
2009-08-18,0.0005484224066724148,0.0015921929857345418
2009-08-19,-0.0016395259570355085,-0.007871684600133322
2009-08-20,0.011941342812990911,0.017582335971187746
2009-08-21,-0.010786721560378973,-0.013984804486423474
2009-08-24,0.026469375216298316,0.03348729296502451
2009-08-25,-0.0020442375879729953,-0.007909371439488444
2009-08-26,0.0065993912634296475,0.013560514701566051
2009-08-27,-0.010976804356399585,-0.015577514329196629
2009-08-28,0.0007010655584452649,0.0057447103100181085
2009-08-31,-0.01101290589981152,-0.003949954755552487
2009-09-02,-0.002408795465154049,-0.0202115511676787
2009-09-03,-0.005855800807923882,-0.0064024676668258396
2009-09-04,-0.00279763209208094,-0.0026950825308077464
2009-09-07,0.014994831551054535,0.013137197252847344
2009-09-08,0.011021590959194246,0.007004210474324868
2009-09-09,-0.005235018498281689,-0.007802272888715489
2009-09-10,0.016935387769946526,0.019543012440491614
2009-09-11,-0.010351700544279748,-0.006595208358760596
2009-09-14,-0.019684605201140837,-0.023196366449574457
2009-09-15,-0.003084606757944043,0.0015252358377009223
2009-09-16,0.0061252273300389055,0.005201741056422238
2009-09-17,0.01474553279813108,0.016846865554819068
2009-09-18,-0.004911869066650534,-0.007014665829971123
2009-09-21,-0.00013873368541304234,0.0
2009-09-24,0.004608078646559679,0.016747410148922226
2009-09-25,-0.007506182578179828,-0.02638784708854014
2009-09-28,-0.02081689998679595,-0.024981631153563555
2009-09-29,0.00523065562660344,0.009059442241897031
2009-09-30,-0.0042034577755778405,0.003270259281873411
2009-10-01,-0.018304337461922882,-0.01525582792074498
2009-10-02,-0.019164194739937777,-0.024729776797645986
2009-10-05,-0.012601033838200893,-0.005896079799828091
2009-10-06,0.005163354612092559,0.001789197145602106
2009-10-07,0.011511771223354452,0.011122784917138029
2009-10-08,0.002781500006049423,0.0033542306316325377
2009-10-09,0.01281806318214278,0.018705363656309038
2009-10-13,0.009958301943262249,0.0060071466852715805
2009-10-14,-0.01467210816472717,-0.0016225388497844717
2009-10-15,0.0157449833030589,0.01773724707340718
2009-10-16,-0.0006465740575003848,0.001846842988682873
2009-10-19,0.0008537177846178303,-0.0020521259996795216
2009-10-20,0.005620367908270541,0.009801199864226895
2009-10-21,-0.0023939803922393525,-0.00033377660529254616
2009-10-22,-0.00840509355486556,-0.006408325710674512
2009-10-23,0.010498052617308282,0.0015408639985876604
2009-10-26,0.006304565285045419,0.007743845029270391
2009-10-27,-0.02468397155616454,-0.014490558811563803
2009-10-28,-0.020377864682769968,-0.013455147611407203
2009-10-29,-0.013512877375760176,-0.018257993645541704
2009-10-30,0.012599932944139608,0.014522209933448993
2009-11-02,-0.012170172589998153,-0.023098758278612963
2009-11-04,0.00496875629278815,0.004219074276208934
2009-11-05,-0.010092283807699203,-0.012887561054317098
2009-11-06,0.01029990710741402,0.007400012401188816
2009-11-09,0.0009716741108850514,0.0020063258320237587
2009-11-10,0.006974496528230979,0.00629424975453996
2009-11-11,-0.0020292462782700114,9.616499538767087e-05
2009-11-12,-0.01445298959462282,-0.006806283758383991
2009-11-13,-0.007018739363985628,-0.003486225519676811
2009-11-16,-0.002919289361536363,0.002136075324666864
2009-11-17,-0.01299312541579229,-0.0062556302667180486
2009-11-18,-0.009803816801669429,-0.005460459069992596
2009-11-19,-0.009697320192813533,-0.0131582838019777
2009-11-20,-0.010967272849699007,-0.005423341876087839
2009-11-24,-0.01106300629971527,-0.010118219663848849
2009-11-25,0.004324751217169009,0.004260940180226491
2009-11-26,-0.010062407390433735,-0.006185304273094605
2009-11-27,-0.040405984999146966,-0.032155278516653785
2009-11-30,0.03204594998378628,0.029073358541922056
2009-12-01,0.023852547953258297,0.024252226499431595
2009-12-02,0.0007791647843812247,0.003838222522027035
2009-12-03,0.03292723496125135,0.03837358498428034
2009-12-04,0.0016126958603155303,0.004502045289804357
2009-12-07,0.022764161076108957,0.014468292914872283
2009-12-08,-0.0002962867885330039,-0.0026682682102749933
2009-12-09,-0.01127496381520103,-0.013386953825660464
2009-12-10,-0.017950120177216332,-0.014183247301346902
2009-12-11,0.03232869792750876,0.024845814576681224
2009-12-14,0.007117428207678596,-0.0002167053654335005
2009-12-15,0.00043548590937722575,-0.00219670714256448
2009-12-16,0.000561355054553408,0.009315204982158765
2009-12-17,-0.001183593284457635,-0.001337309920062646
2009-12-18,-0.0023693610753715718,-0.00213994769849446
2009-12-21,0.0023044211914824103,0.004083979340730126
2009-12-22,0.02278029822335458,0.01910552612215355
2009-12-24,0.018572948920088126,0.015310193191879318
2009-12-25,-0.007441377195885891,-0.0040059107642899106
2009-12-28,0.013640085438432979,0.013294365288017529
2009-12-29,-0.0021180615867528157,0.0003600732158055564
2009-12-30,-0.008225285552559965,-0.00861239213969811
2010-01-04,0.011342505303122717,0.010273571457342534
2010-01-05,0.002540918036263426,0.002537829367201594
2010-01-06,0.0006969567939556868,0.004645282393053174
2010-01-07,-0.008327356597470163,-0.004639637528602414
2010-01-08,0.011696697376586972,0.010921537901740885
2010-01-12,0.008376157582988002,0.007484435875081852
2010-01-13,-0.016292152503062558,-0.01324639444449982
2010-01-14,0.01931087503539349,0.016082806444402742
2010-01-15,0.0028537181022653367,0.006822708770984898
2010-01-18,-0.009659819373328155,-0.011566051644766429
2010-01-19,-0.008470528007309682,-0.00830760223332938
2010-01-20,0.0006887577075317997,-0.002543531141156241
2010-01-21,0.011860427400179846,0.012190024392417786
2010-01-22,-0.023170151169477602,-0.025565869116810358
2010-01-25,-0.004256835611352033,-0.007351778371840423
2010-01-26,-0.012622404159705638,-0.01782704032839777
2010-01-27,-0.010172946781860726,-0.007089414851121578
2010-01-28,0.006730098043206379,0.015822151183115363
2010-01-29,-0.010394270879438925,-0.02076473760466413
2010-02-01,-0.006519777725321869,0.0006843954486122072
2010-02-02,0.017670659280559355,0.016273394871166635
2010-02-03,0.004221597553517918,0.0032050859529513254
2010-02-04,-0.00565085463119042,-0.004647066078445006
2010-02-05,-0.024695597952196197,-0.028861644332173753
2010-02-08,-0.019955957834281054,-0.01046719606620794
2010-02-09,-4.909232864672108e-06,-0.00190115187783646
2010-02-10,0.007802815193807161,0.0031299864618941076
2010-02-12,0.013648500239788383,0.01286635095949995
2010-02-15,-0.00771120068828795,-0.00781699726631524
2010-02-16,0.002774767782891857,0.0020922368970408556
2010-02-17,0.02530804300282461,0.02716496779779254
2010-02-18,0.0015127689711053442,0.0028001190806232756
2010-02-19,-0.017459441119995818,-0.020522126993398504
2010-02-22,0.023799808173171937,0.02735096144849014
2010-02-23,-0.002784292789618849,-0.004650762750067372
2010-02-24,-0.009245266097521736,-0.014805646876812961
2010-02-25,-0.00943462607614924,-0.00949815973454371
2010-02-26,0.003385301245790303,0.0023827368741389243
2010-03-01,0.0051167534404404245,0.004545640851552957
2010-03-02,0.006307674300589203,0.004893824411212222
2010-03-03,0.0056418774611639135,0.0030620519560025095
2010-03-04,-0.0069414111048501665,-0.010476783264272593
2010-03-05,0.019507843861060154,0.02200339063088208
2010-03-08,0.02682465343384047,0.020923984831153986
2010-03-09,-0.002062271176921561,-0.0017258331240771474
2010-03-10,0.004576247667892466,-0.0003530083426406261
2010-03-11,0.010404629344003513,0.009563710647625623
2010-03-12,0.008006993813942764,0.008092824507557106
2010-03-15,0.0061273766267717165,6.703429558130303e-05
2010-03-16,-0.001790590130526811,-0.0028153425222896544
2010-03-17,0.0158397669061054,0.011683817998145773
2010-03-18,-0.0157029423905238,-0.009491138626929185
2010-03-19,0.004326800650741437,0.007510166210578317
2010-03-23,0.001248847870658542,-0.004671653143444421
2010-03-24,-0.0001765843515106771,0.003794255818822645
2010-03-25,-0.004460725004209033,0.0012777898524649611
2010-03-26,0.013855781438045958,0.015469834179566933
2010-03-30,0.009918135212596938,0.010073292388675936
2010-03-31,-0.003888374736451277,-0.0006487454405436077
2010-04-01,0.010949113472726096,0.013927934231640737
2010-04-02,0.004922413025553766,0.0037075745861698817
2010-04-05,0.014235513264041705,0.004714649774560042
2010-04-06,-0.014377458413278876,-0.005024956846448769
2010-04-07,-0.0023071893368489965,0.0009315251946317993
2010-04-08,-0.014664217572264786,-0.011036195705620089
2010-04-09,0.003731307506962677,0.0032359420323311294
2010-04-12,0.007633014485157327,0.004244832586145719
2010-04-13,-0.008799846601388103,-0.008058187392997684
2010-04-14,0.0009087043275480504,0.003912644040213076
2010-04-15,0.007443166537303741,0.006148171428202787
2010-04-16,-0.016128554002735378,-0.015222063828392085
2010-04-19,-0.019220938982318636,-0.017420917485938547
2010-04-20,-0.000866028667278182,-0.0007415908574129881
2010-04-21,0.013664523029730846,0.017372321966735216
2010-04-22,-0.0018089017404576114,-0.012710489440536099
2010-04-23,0.0008575214663881404,-0.003162809266038402
2010-04-26,0.01753562071661372,0.023027257328763984
2010-04-27,0.007563549686950047,0.004197653459677264
2010-04-28,-0.01869905578537622,-0.02567366826212414
2010-04-30,0.007420984556715697,0.012138480564692022
2010-05-06,-0.03137596611964131,-0.03271202526447137
2010-05-07,-0.015588833901014234,-0.030956448124048186
2010-05-10,0.004805030275523533,0.01602671731990113
2010-05-11,-0.004357358493055882,-0.011357325127415274
2010-05-12,0.0016791169124918696,-0.0016395324776384834
2010-05-13,0.020270407491781047,0.021793233740032836
2010-05-14,-0.009520789786839188,-0.014880589232089236
2010-05-17,-0.02523810065780155,-0.021672620153244337
2010-05-18,-0.013134952818747138,0.0006721418800395007
2010-05-19,-0.0033705929624623008,-0.005447795353809237
2010-05-20,-0.009783630066322052,-0.015365930537676764
2010-05-21,-0.005747134427698681,-0.024502686534962348
2010-05-24,0.0010195548391217367,-0.002671525522216056
2010-05-25,-0.025338892076884896,-0.03059013057860205
2010-05-26,0.001765929762496002,0.00663543763672414
2010-05-27,0.017333993537235103,0.012292738414661386
2010-05-28,0.015676551247471554,0.012786755806587502
2010-05-31,0.0032730327051291937,0.0005858586505225194
2010-06-01,-0.012438752137618206,-0.005821666757138133
2010-06-02,-0.005259882209811808,-0.0111811927182075
2010-06-03,0.020466897537401198,0.032379716400246616
2010-06-04,0.004689023017357334,-0.0013112517953127734
2010-06-07,-0.01900495727248236,-0.03841867578462543
2010-06-08,0.0015028545299156555,0.0018003345676442795
2010-06-09,-0.014001623078604048,-0.010359736213852333
2010-06-10,0.01603340778386494,0.010967166369963532
2010-06-11,0.013188727042997209,0.017039250388418692
2010-06-14,0.027552888458971032,0.017990222753148988
2010-06-15,0.0038976442794481495,0.0008137815230375711
2010-06-16,0.013359967741219255,0.018129322692818084
2010-06-17,-0.012752358823819523,-0.006729809069217052
2010-06-18,-0.0005996008885620325,-0.00043811220711864607
2010-06-21,0.03427446080390241,0.024311131520581508
2010-06-22,-0.015885099312758756,-0.012221136729875126
2010-06-23,-0.02244539543216174,-0.01870775413377823
2010-06-24,0.00248827476916052,0.0004675321045763958
2010-06-25,-0.024075595602026472,-0.019223694797287583
2010-06-28,-0.012079190801011422,-0.004471386535996769
2010-06-29,-0.01288504464005752,-0.012716243586043396
2010-06-30,-0.018089146828684066,-0.019646511160909652
2010-07-01,-0.02044058474059344,-0.020361012062774297
2010-07-02,0.0018521788790224114,0.00131754559349484
2010-07-05,0.008518891546125663,0.006852705351177324
2010-07-06,0.009771465470702248,0.007689808490362049
2010-07-07,-0.014138085222503953,-0.006252880496683155
2010-07-08,0.01739704742786955,0.02759692800590008
2010-07-09,0.0013552260537430779,0.00519939479331355
2010-07-12,-0.007836656650176204,-0.0038819736560055107
2010-07-13,-0.006930817891065166,-0.0011394802125134218
2010-07-14,0.021674745570872248,0.027052902461611072
2010-07-15,-0.006979730617068637,-0.011200333867513401
2010-07-16,-0.016126958389583706,-0.028616907288508187
2010-07-21,-0.018804384915790572,-0.013767571457441896
2010-07-22,-0.011799930422353165,-0.0062454204705308936
2010-07-23,0.0162248811397455,0.022783083696446882
2010-07-26,0.009220867574816305,0.007708673943439548
2010-07-27,0.0006661515814086213,-0.0007166235706062007
2010-07-28,0.024500713755937462,0.02700052463944158
2010-07-29,-0.0018404952232041753,-0.005869826504493525
2010-07-30,-0.024341020303630664,-0.01636957578838938
2010-08-02,-0.0021049477154015186,0.0034611227811855994
2010-08-03,0.012777915978822227,0.012925412120024182
2010-08-04,-0.0194744013027665,-0.021113030296375457
2010-08-05,0.016832902893175433,0.01734368047039636
2010-08-06,0.002686570201960925,-0.0012222811855692184
2010-08-09,-0.008781047513063175,-0.007221428686454701
2010-08-10,-0.007654329560313227,-0.0022397964544802473
2010-08-11,-0.02794359172094934,-0.027033697927716704
2010-08-12,-0.008682576523883444,-0.008636722749072678
2010-08-13,0.010928728542542425,0.004436333092070477
2010-08-16,-0.005334366560574195,-0.006137168075750377
2010-08-17,-0.006560230570583963,-0.003804663500184269
2010-08-18,0.012662934505564433,0.008607630287500223
2010-08-19,0.005502612498722979,0.013217804145772893
2010-08-20,-0.01517409393007019,-0.01957770753732191
2010-08-23,-0.008172114979543883,-0.006829377792979208
2010-08-24,-0.009510079105687042,-0.013332774891004706
2010-08-25,-0.010171305207943916,-0.01664787939406942
2010-08-26,-3.835365637796918e-05,0.006906515455007867
2010-08-27,0.010335328692054386,0.00949635513817837
2010-08-30,0.014131112904016672,0.017595278295659433
2010-08-31,-0.029595632034843663,-0.03554388044968626
2010-09-01,0.00983283398056792,0.011668094499712733
2010-09-02,0.010041717115168838,0.015214519473665922
2010-09-03,0.003333797088166925,0.005659378290555406
2010-09-06,0.011317430987383071,0.020538486075396545
2010-09-07,-0.010207386713771322,-0.008097808694834119
2010-09-08,-0.01169776781299182,-0.021829654305766333
2010-09-09,0.006317171345974071,0.008176544362793026
2010-09-10,0.007884214028636777,0.015473097864266094
2010-09-13,0.005253183414085569,0.00894565110544332
2010-09-14,0.0032294733121400626,-0.0024148440361282386
2010-09-16,0.015674078914810072,0.022602799497988713
2010-09-17,0.011612269573169161,0.012260354776802096
2010-09-21,-0.006350099190030281,-0.002491093743849593
2010-09-22,-0.0035467155882595485,-0.0037273097009009604
2010-09-24,-0.009184817935812575,-0.009894127264516106
2010-09-27,0.012493018141431016,0.01388031124890321
2010-09-28,-0.0004741024862549956,-0.011181747505876527
2010-09-29,0.010716305448804753,0.006699844852626535
2010-09-30,-0.017011448933251502,-0.019878933128200993
2010-10-01,0.0038492774640277072,0.0037228688040520375
2010-10-04,-0.0013761562002198885,-0.002463880326465495
2010-10-05,0.00531409073342471,0.014678533302172836
2010-10-06,0.008372842203385873,0.01813996005010665
2010-10-07,-0.006543428761627559,-0.0006830898433941579
2010-10-08,-0.00894651673931182,-0.00990517023629045
2010-10-12,-0.019052048446507656,-0.02088254695252978
2010-10-13,0.006969715072434479,0.0015838415089213242
2010-10-14,0.017839775452149556,0.01914178902200958
2010-10-15,-0.009680202476020167,-0.008687815597960169
2010-10-18,-0.0004805115009422658,-0.0001852336122734055
2010-10-19,0.0038942173590219,0.004312260151541292
2010-10-20,-0.017148559752731617,-0.01654713664893026
2010-10-21,-0.002127184138786443,-0.0005456575464897195
2010-10-22,0.00750117577543259,0.005356966545699615
2010-10-25,-0.00706238385401887,-0.0027103628724521878
2010-10-26,-0.003155973966951975,-0.0025295041295185783
2010-10-27,0.005233615948520847,0.001029113755185218
2010-10-28,-0.0018568106550898391,-0.002237129250496128
2010-10-29,-0.005848769653707965,-0.017465251910291246
2010-11-01,-0.004351348124638671,-0.005186713074993077
2010-11-02,-0.0011376070582804654,0.0005746480880497451
2010-11-04,0.014562706640194843,0.02170308172225055
2010-11-05,0.024912733120398104,0.028551793410077853
2010-11-08,0.013629634082277783,0.011108435069687506
2010-11-09,-0.000649241996243554,-0.0039484232695295995
2010-11-10,0.009917107476114614,0.014031609046617266
2010-11-11,-0.0007082492105085134,0.0031473849972165624
2010-11-12,-0.01575986995505911,-0.013857014191234307
2010-11-15,0.005571127067252473,0.010560638187303795
2010-11-16,-0.003055641989799388,-0.0030943908452139013
2010-11-17,-0.0014945021853155697,0.0014862099453460953
2010-11-18,0.016076818474568558,0.020584663894401833
2010-11-19,-0.0037610588010433526,0.0008747842418297402
2010-11-22,0.009209429288141632,0.009259346773099031
2010-11-24,-0.004119663356395362,-0.008411119762540054
2010-11-25,0.007266617249255837,0.00495003667180649
2010-11-26,-0.006713085462338665,-0.003988209664440134
2010-11-29,0.006431241111514751,0.008609009534449985
2010-11-30,-0.01391139600772979,-0.01865992272746475
2010-12-01,0.0075454498456534016,0.005133295772632662
2010-12-02,0.015205800973860872,0.018068564944260013
2010-12-03,0.0014546123879900525,0.0009638356124390679
2010-12-06,0.00028418971198010976,-0.001089555389250263
2010-12-07,-0.00154570965770564,-0.0025701059354674705
2010-12-08,0.006932047650526071,0.008996112084892705
2010-12-09,0.0018726085192952906,0.005233393008106768
2010-12-10,-0.012207437551797469,-0.007187492790338257
2010-12-13,0.0045943789147058585,0.008023879039540605
2010-12-14,0.0024985056169790454,0.002222666416088259
2010-12-15,0.0006351709350183057,-0.0006774657310438803
2010-12-16,0.0040017572421885556,0.00014644013596387673
2010-12-17,-0.002785164163482282,-0.0007234750365123777
2010-12-20,-0.008972223647238767,-0.008484216180990045
2010-12-21,0.009322641142691027,0.015085545199378547
2010-12-22,0.0022760013050738175,-0.002319052551160272
2010-12-24,-0.006800456832833322,-0.0065036646293142875
2010-12-27,0.004333691402850995,0.0074713865078024355
2010-12-28,-0.0023901648030974273,-0.006118232069414864
2010-12-29,0.008526838114753146,0.005043429797926047
2010-12-30,-0.010437665823147651,-0.011176922004352163
2011-01-04,0.021542011247337286,0.016539350077245274
2011-01-05,0.0031692943325510514,-0.0016666582141005026
2011-01-06,0.016465717309141138,0.014352523088628777
2011-01-07,9.80150933756393e-05,0.0010712754790782597
2011-01-11,0.0033469950007914665,-0.0028802045576140634
2011-01-12,-0.0001504992621983343,0.00020171075996366916
2011-01-13,0.011240663365219531,0.007320596070248042
2011-01-14,-0.0130262672399653,-0.008566740754306967
2011-01-17,-0.0019958042445088722,0.00036387255270819985
2011-01-18,0.011485650261278417,0.0015348311457936692
2011-01-19,0.011704392198828711,0.0036238436546436326
2011-01-20,-0.01804761337591254,-0.011346870210083404
2011-01-21,-0.025314282044786002,-0.015596935011445323
2011-01-24,0.007991847245184903,0.006870474098355395
2011-01-25,0.013636513236925397,0.011532943222251735
2011-01-26,-0.009656118338693849,-0.005974486088742292
2011-01-27,0.01001883009398952,0.007379398258243519
2011-01-28,-0.007815473060307838,-0.011291549753088215
2011-01-31,-0.016905869041686297,-0.011816207163209191
2011-02-01,0.00715612672063463,0.0035729990470858564
2011-02-02,0.019641067097032214,0.01779749394739394
2011-02-03,0.004504906132890292,-0.0024862870864075237
2011-02-04,0.008614811382769906,0.010752114384649625
2011-02-07,0.012398227210885952,0.00460192705753415
2011-02-08,-0.0025956578491048593,0.004148438782845654
2011-02-09,-0.017225772750517992,-0.0017065084576197709
2011-02-10,0.0012297038039194785,-0.0011470976094346552
2011-02-14,0.00909842588079102,0.011304318360661592
2011-02-15,0.01732720762662359,0.001970053044932474
2011-02-16,0.0012137643839239733,0.005733880135470715
2011-02-17,-0.0067065029246837216,0.0026229504641845924
2011-02-18,-0.0036845512750299193,0.000568456315781285
2011-02-21,-0.007536349945985225,0.0013585484390878921
2011-02-22,-0.022977744385901284,-0.017760031357844874
2011-02-23,-0.008810227504701623,-0.008026534677001429
2011-02-24,-0.019808395088009904,-0.011947108270489837
2011-02-25,0.011081882749682609,0.00708426857381772
2011-02-28,0.01927587620410972,0.009245967447915948
2011-03-01,0.014622162142897096,0.012230735206361532
2011-03-02,-0.023146438636258048,-0.024330449512614538
2011-03-03,0.010702842922801452,0.008924538520654446
2011-03-04,0.00936547846059072,0.010168186888588782
2011-03-07,-0.01597255581545096,-0.017640417054935797
2011-03-08,0.0008357365529135108,0.0019201200319043377
2011-03-09,-0.0015189488831933386,0.006110062401446736
2011-03-10,-0.022841315225381433,-0.014648483609943863
2011-03-11,-0.010670954293871038,-0.017245892648485417
2011-03-14,-0.08469185379686012,-0.06182103465956401
2011-03-15,-0.10362848416106785,-0.10553930402861245
2011-03-16,0.06309314024939275,0.05677638550858788
2011-03-17,-0.010930476702714539,-0.01441102306075115
2011-03-18,0.02479826251957673,0.02723296520485241
2011-03-22,0.041389330080466476,0.043616945447633615
2011-03-23,-0.009828343972891816,-0.016532607237379704
2011-03-24,0.012034937920286627,-0.0015302404638487532
2011-03-25,0.0016463093189524251,0.010717542397880253
2011-03-28,-0.006583799824623479,-0.006040145224826987
2011-03-30,0.028656688716534005,0.026398968914004284
2011-03-31,0.002135757411019407,0.004769860108847501
2011-04-01,0.006828511569390632,-0.004788260787476739
2011-04-04,0.003880867220690923,0.0010815387906983887
2011-04-05,-0.02226832857279879,-0.010632885801580616
2011-04-06,-0.018321526300060866,-0.0032426317925990933
2011-04-07,-0.0029301462023301247,0.0006844028592694062
2011-04-08,0.011361016647572109,0.018470617176547854
2011-04-11,-0.005669346003486374,-0.004952854852290134
2011-04-12,-0.022239280275263583,-0.016918261508395482
2011-04-13,0.0032189527894182623,0.008991898073152926
2011-04-14,0.004439885995397824,0.0013214393661304946
2011-04-15,-0.006360263913992324,-0.006463736091658068
2011-04-18,-0.006079645292302606,-0.003635413607968263
2011-04-19,-0.01306878869931351,-0.012098393522998685
2011-04-20,0.015309717175222183,0.017560587590631282
2011-04-21,0.003909330866134948,0.008218038454125498
2011-04-22,0.005781116023149735,-0.0003675051632207049
2011-04-25,0.0012879677238958932,-0.0010586426075610555
2011-04-26,-0.005146523216217902,-0.011711124912372028
2011-04-27,0.006466998371749155,0.013929671124086607
2011-04-28,0.007473064598566721,0.016292096564805014
2011-05-02,0.014762918815948246,0.015681627866534376
2011-05-06,-0.018042702193421255,-0.014493912273760845
2011-05-09,-0.007367542580178814,-0.006574601510862754
2011-05-10,0.006970413570697511,0.0024891706370591127
2011-05-11,-0.011315739961131787,0.004633986479564589
2011-05-12,-0.0015379243409174457,-0.014964060001176116
2011-05-13,-0.009658672812930091,-0.006986034965351218
2011-05-16,-0.01456508850661335,-0.009376296767115266
2011-05-17,0.00012265116286375584,0.0009122675309078954
2011-05-18,0.017724731203185892,0.00993627603293712
2011-05-19,-0.009435732957890217,-0.004270277755036633
2011-05-20,-0.007251551890611306,-0.0014281770086848056
2011-05-23,-0.019880677410642453,-0.015243986114570007
2011-05-24,0.000354772506328322,0.001748302096940657
2011-05-25,-0.00951254003736919,-0.005728507509102365
2011-05-26,0.013592541744734007,0.01476936176686805
2011-05-27,0.0042976450827534604,-0.004194641925033493
2011-05-30,0.0032035748781428387,-0.0017822736080230772
2011-05-31,0.01892558655847122,0.019859162902959193
2011-06-01,0.0033342160283181313,0.0026697547343543793
2011-06-02,-0.017964754156503976,-0.016931780858225887
2011-06-03,-0.012499202394514497,-0.00657559548344544
2011-06-06,-0.007212674732929244,-0.011784437135591186
2011-06-07,0.013521570174107623,0.0066735877173420555
2011-06-08,0.007290142379270064,0.0006893783712034196
2011-06-09,0.004499717681246676,0.0018721101269945084
2011-06-10,0.006579083567494383,0.004995171420254296
2011-06-13,-0.0038922355018285166,-0.006961047182905689
2011-06-14,0.005890147631432617,0.010539570832644785
2011-06-15,0.0035575536561790887,0.002778682116904241
2011-06-16,-0.017655842321999154,-0.01702888912643119
2011-06-17,-0.010488542076752472,-0.006362565036077572
2011-06-20,-0.0005340712980266242,0.0003122443434169231
2011-06-21,0.014362869330216693,0.011261090087885561
2011-06-22,0.021142221650729445,0.017946683966002075
2011-06-23,-0.009206344474539378,-0.0033947444641954094
2011-06-24,0.006653471471443946,0.008541413496729655
2011-06-27,-0.009922790204631696,-0.010373323617528407
2011-06-28,0.003715762116319339,0.007378222422100622
2011-06-29,0.007638765024323655,0.015367353820979313
2011-06-30,0.002892913391784821,0.0019219739575617734
2011-07-01,0.0055537861903092785,0.005295435308499741
2011-07-04,0.0037534391566378003,0.009831661933651148
2011-07-05,-0.0009168456040376658,0.0007395936517444746
2011-07-06,0.012186217924876145,0.011032434147989045
2011-07-07,0.0015450835613727587,-0.0011248045902643167
2011-07-08,0.0011486815073896185,0.006612044181398158
2011-07-11,-0.008220877602568448,-0.0067273632419732055
2011-07-12,-0.017078802951313445,-0.014261871970466244
2011-07-13,0.006330434933323197,0.0037497508397659196
2011-07-14,-0.004796397000804347,-0.002711949466073893
2011-07-15,0.010941834263980326,0.0038596161200450396
2011-07-19,-0.0005130395742693604,-0.00849669228774208
2011-07-20,0.008411370163704688,0.011747619475044768
2011-07-21,-0.0017099289811297119,0.00044866105370244824
2011-07-22,0.008517731535713379,0.012159437084849012
2011-07-25,-0.0029615989696235422,-0.00810300945102116
2011-07-26,0.0039513901846376705,0.004747255181849264
2011-07-27,-0.009178372659465934,-0.005004030438880203
2011-07-28,-0.01242898613933615,-0.014515582374309166
2011-07-29,-0.010011890942800446,-0.00690000238682742
2011-08-01,0.017347887054591185,0.013422056936407856
2011-08-02,-0.008592531878513079,-0.012084275350175422
2011-08-03,-0.016407843433429516,-0.021072507702715848
2011-08-04,-0.0005729903854956371,0.002286989694714414
2011-08-05,-0.01812899556508651,-0.03719775553533511
2011-08-08,-0.017305633778721487,-0.021755153297615903
2011-08-09,-0.006533832000518122,-0.016826391778959393
2011-08-10,0.008950914904394654,0.01053831644602754
2011-08-11,0.0025518979509142185,-0.006284039945244402
2011-08-12,-0.005961991059795281,-0.002028593182913596
2011-08-15,0.005444529505885205,0.013687445996769299
2011-08-16,0.002551223671068945,0.002313293246567927
2011-08-17,0.0009574776385063049,-0.005508680670228916
2011-08-18,-0.0020581709453355076,-0.012531383987767097
2011-08-19,-0.009545589660962027,-0.025103484120060138
2011-08-22,-0.0046817866445415315,-0.010449345254108677
2011-08-23,0.01124066497371934,0.012155575337527535
2011-08-24,-0.0035956407929516555,-0.010694985642881072
2011-08-25,0.0038880605074259026,0.015365276279617479
2011-08-26,0.004543659868423803,0.002897728872990557
2011-08-29,0.010262767967669542,0.006088960427806711
2011-08-30,0.01183261764462021,0.01158589207021965
2011-08-31,-0.011955498135871928,0.00014516631085825793
2011-09-01,0.003097927500547902,0.011791987568326556
2011-09-02,-0.0037193783541094104,-0.0121467831411044
2011-09-05,0.001183929280092734,-0.018577265017579947
2011-09-06,-0.012502785417089678,-0.022071891647259312
2011-09-07,0.004032417869566392,0.020119717022571093
2011-09-08,0.008498310378999667,0.003390228279605445
2011-09-09,0.0028147970228439446,-0.006307199287440057
2011-09-12,-0.02150829829224563,-0.02311719965791037
2011-09-13,-0.0002977233900406636,0.009475516690871988
2011-09-14,-0.010122047402018238,-0.011371081744829925
2011-09-15,0.015021242969836607,0.017642636445926563
2011-09-16,0.011556635670231491,0.02252889039241457
2011-09-20,-0.011328336575987034,-0.016123346076303613
2011-09-21,0.0014377239467136726,0.0022840698501211953
2011-09-22,-0.007499924627029034,-0.02069523809098206
2011-09-26,-0.010276601295347604,-0.0217434853507521
2011-09-27,0.02170925330218714,0.028160574985111042
2011-09-28,0.012583224341199677,0.0006620474199261484
2011-09-29,0.010062198607953661,0.009933095500035849
2011-09-30,0.0014092886971558832,-0.00010808008026885751
2011-10-03,-0.002656695815194281,-0.017793610283960315
2011-10-04,-0.0024669879632820513,-0.010457030694679181
2011-10-05,0.0003405645555013686,-0.008649315220681353
2011-10-06,0.0030614480144587615,0.016585874560761438
2011-10-07,-0.01271647830600121,0.009809950051268945
2011-10-11,0.010020451475932933,0.019529048229405932
2011-10-12,-0.011621339806240387,-0.003964049077897269
2011-10-13,-0.0041338162424104236,0.009652199430661756
2011-10-14,-0.007678629325463916,-0.008533141309891468
2011-10-17,0.0110665602807724,0.015048039660139567
2011-10-18,-0.01592640612859344,-0.015506268208267948
2011-10-19,0.009994417452913731,0.0035037974841918285
2011-10-20,0.0030405649200581143,-0.01030370315040019
2011-10-21,-0.00828334037726588,-0.000375568498677592
2011-10-24,0.007488517670234672,0.01902211308127666
2011-10-25,-0.015006435628774522,-0.009234631252984182
2011-10-26,-0.005311557141283493,-0.0015794744112774817
2011-10-27,0.005596110058881559,0.02035445261464819
2011-10-28,0.011750583237754735,0.013883283663959967
2011-10-31,0.000609603299145289,-0.006859321118195538
2011-11-01,-0.009059226297301123,-0.017007508927260884
2011-11-02,-0.013736118325481808,-0.02208128324372549
2011-11-04,0.015148574500283476,0.01863109318824252
2011-11-07,0.001487679936653299,-0.003898305423253645
2011-11-08,-0.003237753118637659,-0.012727151211361698
2011-11-09,0.017461014789950862,0.011545323934515128
2011-11-10,-0.020030087154580753,-0.029083702532722078
2011-11-11,0.004780327429229755,0.0016080747916757954
2011-11-14,0.007385761266954254,0.010479862118909056
2011-11-15,-0.00676190511860131,-0.007179528157681969
2011-11-16,-0.007997667289524432,-0.009221514825305643
2011-11-17,0.0032529471166276584,0.0019460492603744495
2011-11-18,-0.005302334603978233,-0.01234956336652826
2011-11-21,0.004253756337229538,-0.0031810042738331656
2011-11-22,-0.00952915013852091,-0.004016317004319259
2011-11-24,-0.01697201764563533,-0.01798733987809209
2011-11-25,-0.007358732817763248,-0.0006332267071810227
2011-11-28,0.0003679451268801197,0.015622587767851304
2011-11-29,0.006074661172828405,0.022965949007764275
2011-11-30,0.004818272704426915,-0.005096824342194384
2011-12-01,0.007833000350462763,0.019297812757864685
2011-12-02,0.005218662585550108,0.005393517306383266
2011-12-05,0.008344765500088622,0.006042570498915323
2011-12-06,-0.012871863231330294,-0.01389381139184731
2011-12-07,0.01004621592337764,0.017143675796871483
2011-12-08,-2.225740281135247e-05,-0.0066026968364335525
2011-12-09,-0.009548163308519911,-0.014786650481880548
2011-12-12,0.012633861634648176,0.013748128861323705
2011-12-13,-0.010360442205985402,-0.011672387285600938
2011-12-14,-0.004623500550287586,-0.003937850740522109
2011-12-15,-0.0005698546370164429,-0.01664016954489722
2011-12-16,-0.0007737480409553633,0.002906593481532216
2011-12-19,-0.005635558393289969,-0.012568808864349634
2011-12-20,0.004648963184551295,0.004864967116240626
2011-12-21,0.009718630905190262,0.014814405247268292
2011-12-22,-0.005126051437177365,-0.007661993161738101
2011-12-26,0.005593517565768096,0.010027168741662429
2011-12-27,-0.0052153535336005195,-0.0045735014932895
2011-12-28,-0.004420654126685629,-0.002006911151315127
2011-12-29,-0.00041340640352997127,-0.0029358480565309097
2011-12-30,0.003203646132730603,0.006722312508059103
2012-01-04,0.00851426349876703,0.012389877063314403
2012-01-05,-0.0031080930003148386,-0.008341059600004752
2012-01-06,-0.009807126040861798,-0.011587196642967479
2012-01-10,0.0010794594327879423,0.0038031974513130784
2012-01-11,0.002781142592186281,0.0030419528606879798
2012-01-12,-0.007756085274047305,-0.007373452265725389
2012-01-13,0.005246551311215423,0.013645991472536423
2012-01-16,-0.008578192711612254,-0.0143128117812229
2012-01-17,0.012253653858952438,0.010508027271240561
2012-01-18,5.347269944921467e-05,0.009942795475774258
2012-01-19,-0.008137835446583391,0.010420299975079317
2012-01-20,-0.002507042160652067,0.014662657487844566
2012-01-23,-0.0035799198026709913,-5.246886039977916e-05
2012-01-24,0.006387339315409906,0.0022165079038292124
2012-01-25,-0.00036844323710770146,0.01119597678036155
2012-01-26,1.566874084191011e-05,-0.0038520819017557884
2012-01-27,0.0010646136456996418,-0.0009322592488493209
2012-01-30,0.0008285273213731268,-0.005448334434023705
2012-01-31,0.0044813566290491085,0.0010758452582011468
2012-02-01,0.00445726474676707,0.0008270679194166686
2012-02-02,-0.0005873681479909194,0.007608611912462093
2012-02-03,-0.006233205511752155,-0.005057061359773907
2012-02-06,0.005369132530306644,0.011013505683833635
2012-02-07,-0.005416563340278228,-0.001308142253169775
2012-02-08,0.00369331929482593,0.010997487827901997
2012-02-09,-0.002106288916864013,-0.0014807250114926562
2012-02-10,-0.010251098640631836,-0.006117400898691283
2012-02-13,0.005496567686587832,0.005812985120338565
2012-02-14,0.009375062993399649,0.005877271799947126
2012-02-15,0.011003974953922292,0.023007944487837273
2012-02-16,-0.004418817048115805,-0.002401665030685729
2012-02-17,0.01334127008982708,0.015811727376457974
2012-02-20,0.0042089459253257,0.010754272643737073
2012-02-21,-0.00605460195446113,-0.0023268427462015406
2012-02-22,0.009638430964145427,0.009614316915393939
2012-02-23,0.010896046513466508,0.0043510898576513135
2012-02-24,0.004608534833712862,0.005399321627085341
2012-02-27,0.003451270154566755,-0.001394181163785424
2012-02-28,0.0020774341514452448,0.009195608295226032
2012-02-29,-0.002608411343057285,7.412719744959162e-05
2012-03-01,-0.0067090027331727035,-0.0016321840050186331
2012-03-02,0.006336334882341246,0.007176007034764398
2012-03-05,-0.015072893763165018,-0.008022930020029628
2012-03-06,-0.010191623610576,-0.006285445814247281
2012-03-07,-0.0004840671448228298,-0.0063885325799658554
2012-03-08,0.021649374178555142,0.020144025755961747
2012-03-09,0.017377476938710817,0.01645827949755163
2012-03-12,-0.003459216002502324,-0.004016206050833304
2012-03-13,-0.002004879949755645,0.000932240318342048
2012-03-14,0.02393026506253698,0.01529833599989261
2012-03-15,0.0020584430918017035,0.007239500601065041
2012-03-16,0.003124852587730188,0.0006470041834845119
2012-03-19,0.005247002693485154,0.001200430427382937
2012-03-21,-0.011236578061023903,-0.0054722987024666825
2012-03-22,0.0027173994067688652,0.004024179155170282
2012-03-23,-0.01756068579295493,-0.011415961034239697
2012-03-26,0.0017240063794358403,0.0006762751121882626
2012-03-27,0.021042013382301748,0.023647881335197463
2012-03-28,0.008215924320478954,-0.007077426986478064
2012-03-30,-0.0036945597605303722,-0.003087604253710685
2012-04-02,0.0055798512712474995,0.002609251890816733
2012-04-03,-0.004477002360344148,-0.005883405826240917
2012-04-04,-0.025265668402724956,-0.02292442602942457
2012-04-05,-0.0037880839233864114,-0.005334005590875601
2012-04-06,-0.010549987182706803,-0.008104352385160052
2012-04-09,-0.014732105425074606,-0.014676282255782769
2012-04-10,-0.0014005174195858953,-0.0008631898332237542
2012-04-11,-0.007132846397390519,-0.008311924358642031
2012-04-12,0.006270786470205557,0.006982938853470344
2012-04-13,0.008453694729792384,0.011884796919223506
2012-04-16,-0.02038324220879273,-0.01736363929282947
2012-04-17,-0.003720304093792004,-0.0006261126724400601
2012-04-18,0.028765451815209363,0.021400529495722243
2012-04-19,-0.0004585839179353625,-0.008159487251287345
2012-04-20,0.003338270686273941,-0.0028179454277185156
2012-04-23,-0.006429511974031882,-0.00200708152207274
2012-04-24,-0.0064939345119445,-0.007768660946035011
2012-04-25,0.004357253777640714,0.009819321230046807
2012-04-26,0.0012208910761940467,8.579768456562498e-05
2012-04-27,-0.0014247440015752806,-0.004281652084694665
2012-05-01,-0.016970379109522857,-0.017849114883175754
2012-05-02,0.004861409984035016,0.0031333505232642445
2012-05-07,-0.03254709792900279,-0.02783618257109355
2012-05-08,0.012643199794419847,0.006854894715666582
2012-05-09,-0.016340554216415754,-0.014876499812274235
2012-05-10,-0.0008081749587973202,-0.003914753619060685
2012-05-11,-0.0024263983923101407,-0.006253385855141014
2012-05-14,-0.007467578556033189,0.0022930373708482943
2012-05-15,-0.013929147577803412,-0.008145856249697991
2012-05-16,-0.013103274431988677,-0.01118674513333795
2012-05-17,0.020556511779498722,0.008569306415451283
2012-05-18,-0.03914114040365294,-0.029885381447953607
2012-05-21,-0.0010789228413364683,0.0026221421887844265
2012-05-22,0.018271601896314316,0.01104952628648248
2012-05-23,-0.023471046862807574,-0.019782872251320693
2012-05-24,-0.0036064572025609463,0.0007924027939874012
2012-05-25,-6.560947298450478e-05,0.00198633785465252
2012-05-28,-0.001456674207090213,0.0014871984502269342
2012-05-29,0.009547071555424716,0.007439609990969931
2012-05-30,-0.0018686825064660405,-0.0027595503590021053
2012-05-31,-0.007081759766119647,-0.010478161193621993
2012-06-01,-0.010178149646986693,-0.01199621937328843
2012-06-04,-0.01668045370058351,-0.01713457743402147
2012-06-05,0.0069601054654461906,0.010411520090409132
2012-06-06,0.01615858916435189,0.018078056959854427
2012-06-07,0.018048143073496514,0.012443789348886236
2012-06-08,-0.015160049952255443,-0.02088724711551493
2012-06-11,0.017733278203319405,0.019580983394444917
2012-06-12,-0.004350302991908456,-0.010223963184357476
2012-06-13,0.004985719225763159,0.005988262333181282
2012-06-14,-0.0014205737687563752,-0.0022066311968185204
2012-06-15,-0.002817213635960765,5.025902773514446e-05
2012-06-18,0.028224107131262027,0.017702596380802627
2012-06-19,-0.009770190390347695,-0.007470389652155962
2012-06-20,0.013711412704712878,0.01114150880493292
2012-06-21,0.004207259861067333,0.008199063528432582
2012-06-22,-0.006559970874819428,-0.00291483433541595
2012-06-25,-0.009590967776491589,-0.007243346197517986
2012-06-26,-0.014155277352676654,-0.008086199727623922
2012-06-27,0.010430804324410063,0.0076754472478692826
2012-06-28,0.01654067590645019,0.016450406945307305
2012-06-29,0.012236649040532361,0.014950222232884558
2012-07-02,-0.0008254401151642751,-0.0003663689561997918
2012-07-03,0.01070926065173182,0.007009442095092577
2012-07-04,0.0041228246792055084,0.004144896678093923
2012-07-05,-0.00733468984665532,-0.00267680825342953
2012-07-06,-0.0051684853920039575,-0.006503425841725585
2012-07-09,-0.016110906789701115,-0.013731687186486763
2012-07-10,-0.012631811933868052,-0.004400353222496656
2012-07-11,-0.00443914920841137,-0.0007598412227314277
2012-07-12,-0.005454687396151585,-0.014799484168455557
2012-07-13,0.0030921225959428134,0.00047137006413722204
2012-07-17,0.007207229156278554,0.003539598538041977
2012-07-18,0.00028627943522319956,-0.003227843018275278
2012-07-19,0.004502654645489873,0.007884911027998376
2012-07-20,-0.007510646730954447,-0.014289008679482462
2012-07-23,-0.0189267411437598,-0.018633474608487743
2012-07-24,-0.003903348073378292,-0.002377727683838926
2012-07-25,-0.00641821655781619,-0.014395400540555214
2012-07-26,0.002368565994734384,0.009227843405416492
2012-07-27,0.008535989555376043,0.014632071724621554
2012-07-30,0.011142869660314502,0.008031244930741144
2012-07-31,0.00400087161155331,0.00690400693634996
2012-08-01,-0.001893896587478992,-0.006119562552414748
2012-08-02,-0.002225740474329555,0.0013110709671120269
2012-08-03,-0.012541834686559445,-0.011333329420994964
2012-08-06,0.018849182178965904,0.02000905662996333
2012-08-07,0.0063239360050315035,0.008826148443981108
2012-08-08,0.009833749615241071,0.008843331626100737
2012-08-09,-0.008103373804837603,0.010971477983811484
2012-08-10,-0.005928259680795009,-0.00970743584517264
2012-08-13,-0.0034324322699789715,-0.0007074263289779115
2012-08-14,0.008370401623077279,0.00503418515399523
2012-08-15,0.0003375280012953863,-0.0005419830740741594
2012-08-16,0.0054843571385962105,0.018792041921205538
2012-08-17,-0.0027080564802243303,0.007669864394598047
2012-08-20,0.0018175646086695315,0.0009451739427013273
2012-08-21,0.000783297708921556,-0.001552718972560485
2012-08-22,-0.0022597918164749763,-0.0027497988095154247
2012-08-23,0.008083879846400013,0.005078975268909991
2012-08-24,-0.005228651570219,-0.01169742280463848
2012-08-27,0.004106437505263843,0.0016128618980675302
2012-08-28,-0.004375198662227081,-0.0057344386307042194
2012-08-29,0.003054103708805755,0.004042771912789123
2012-08-30,-0.005402978078495726,-0.009485237392038881
2012-08-31,-0.009603648399943715,-0.01601442965083233
2012-09-03,-0.003578083464341682,-0.006337225924507028
2012-09-04,-0.008066150060496173,-0.0009540059299345538
2012-09-05,0.0027044129187970647,-0.010904147528822739
2012-09-06,-0.005789165970998656,8.640731869991036e-05
2012-09-07,0.006305702246577954,0.022012387578941084
2012-09-10,-0.001185871535746244,-0.00025702922647963256
2012-09-11,-0.0028784433372653754,-0.006989248791734681
2012-09-12,0.018612313057081876,0.017324116837830417
2012-09-13,0.002360378871073898,0.003927520864035028
2012-09-14,0.008630034518616296,0.018258645012058317
2012-09-18,-0.009026019370100807,-0.0038889182090399155
2012-09-19,0.0031834619681339986,0.011885485414343089
2012-09-20,-0.013318494569708201,-0.015730739747252476
2012-09-21,0.006562847014174524,0.0025332431745797024
2012-09-24,0.002971214150086496,-0.004468711409165715
2012-09-25,0.007578916947662667,0.002453334263670781
2012-09-26,-1.4789479830022161e-05,-0.020330971755700533
2012-09-27,0.006507882738078955,0.004846904120306972
2012-09-28,-0.004315659127611571,-0.008906270135074168
2012-10-01,-0.01094327286541349,-0.008303163564989835
2012-10-02,0.0005925630720923208,-0.0011891035440414477
2012-10-03,-0.002841512336437203,-0.004459306328891577
2012-10-04,0.005074240379877101,0.008885432791528647
2012-10-05,0.0030821156313010525,0.004386601714403415
2012-10-09,-0.003045771421600515,-0.010572807306815868
2012-10-10,-0.02385229494199731,-0.019768242083015086
2012-10-11,-0.01193700871402002,-0.00575254415202886
2012-10-12,0.0039846599319314,-0.0014812778432301554
2012-10-15,-0.003548805510343282,0.005133460709589643
2012-10-16,0.0075292218136119035,0.014383410369088523
2012-10-17,0.007015657758773157,0.012094758096420799
2012-10-18,0.011322925133926963,0.02002038832292241
2012-10-19,-0.007095336384999791,0.00220635022273874
2012-10-22,0.0014455317578672578,0.0008919870212253933
2012-10-23,0.0023615483477240034,0.00039287015982614193
2012-10-24,-0.00479639265605317,-0.006650602691571694
2012-10-25,0.010933472832254333,0.011268373052707004
2012-10-26,-0.011482595087774073,-0.013488451096114629
2012-10-29,0.004299854636470545,-0.0004164000623998465
2012-10-30,-0.007496924910756904,-0.009783408015447637
2012-10-31,0.0037501516005247616,0.009761339172546402
2012-11-01,0.0036653221144785303,0.0020810343350976535
2012-11-02,0.014512161408428053,0.011663252959773995
2012-11-05,-0.004826596836847958,-0.0048368394755152755
2012-11-06,-0.007729848020470729,-0.003584818496947917
2012-11-07,-0.012729461166314139,-0.0002518890591362011
2012-11-08,-0.014904313005358997,-0.015127708367185466
2012-11-09,-0.013580778540452984,-0.009001858940229424
2012-11-12,-0.015063897321109729,-0.009267285935362857
2012-11-13,-0.006323047937073911,-0.0017738409114570475
2012-11-14,0.007091053797862955,0.00042496742837205836
2012-11-15,0.02290091993112564,0.01904147606293649
2012-11-16,0.023851823187567414,0.02202113268698258
2012-11-19,0.013387979884343516,0.0142993959358233
2012-11-20,-0.004328203725512056,-0.0011537546049095182
2012-11-21,0.0012059700801336944,0.008737070023989268
2012-11-22,0.015427080513043359,0.015644344579440972
2012-11-26,0.0006602657646178616,0.002363734195420797
2012-11-27,0.0006806957825307879,0.003659558313029221
2012-11-28,-0.013138018518633303,-0.012198507709085038
2012-11-29,0.008691471379913844,0.009940567052220128
2012-11-30,0.003656198937338206,0.004800602004819909
2012-12-03,0.004275159869678249,0.001288366429525345
2012-12-04,-0.000658090737263154,-0.0027193104183135253
2012-12-05,-0.0016212100687862288,0.003856881763947051
2012-12-06,0.003969493266428019,0.008060154544738296
2012-12-07,-0.0011760040174670489,-0.001861729664207279
2012-12-10,-0.005289679987166474,0.0006675859597642386
2012-12-11,-0.004286555535059207,-0.0008841943096892235
2012-12-12,0.00411357725632252,0.005893728147265298
2012-12-13,0.014660547853102886,0.016831517166484122
2012-12-14,0.0017391873509983108,-0.0005307442768827109
2012-12-17,0.017829398960683335,0.009378151870661044
2012-12-18,0.018932421206323286,0.009576867754493845
2012-12-19,0.029531821310454252,0.02392324814819413
2012-12-20,-0.0061467893518336696,-0.011915899752504955
2012-12-21,-0.005644892197979204,-0.009888160568482851
2012-12-25,0.021142425771132754,0.01409051383286597
2012-12-26,0.013223378289911948,0.014904607547168824
2012-12-27,0.008804193566561236,0.009053455988317527
2012-12-28,0.0011126413235988135,0.006994028417331988
2013-01-04,0.025507493707989805,0.028179470953709762
2013-01-07,-0.020487847205644588,-0.008336420845848957
2013-01-08,-0.023974336860598303,-0.0085810087285203
2013-01-09,0.0175463527162605,0.006710158209105366
2013-01-10,0.006969441880333945,0.007001828578856006
2013-01-11,0.016902648086175903,0.013980634751344923
2013-01-15,0.01566165446569973,0.007175786796046024
2013-01-16,-0.021264293647742415,-0.025612427377731284
2013-01-17,-0.004588771568101563,0.0008678147677936288
2013-01-18,0.035477103224690415,0.02862115644942942
2013-01-21,-0.009969748686433397,-0.015170440955116882
2013-01-22,-0.0010542633532239182,-0.0035179996957935833
2013-01-23,-0.027349902852132946,-0.020816145355762816
2013-01-24,0.01708491096694076,0.012766282777079363
2013-01-25,0.021511327005965895,0.028790510576215622
2013-01-28,0.0004964916950579933,-0.009366165902068957
2013-01-29,0.001276854510920737,0.003918047241213252
2013-01-30,0.018187827904094647,0.022751159040724334
2013-01-31,0.007428732877402573,0.0022233283848906993
2013-02-01,0.009488917106387898,0.004729445621019401
2013-02-04,0.035160783850783986,0.006166354215714431
2013-02-05,-0.012088837606629523,-0.01895409067248721
2013-02-06,0.026198923023074357,0.037732696631537666
2013-02-07,0.002809356244520916,-0.009305828153963636
2013-02-08,-0.022091024371377378,-0.017954468066079476
2013-02-12,0.0035838425722066873,0.019363118426707127
2013-02-13,-0.02332538834309184,-0.01035348028028571
2013-02-14,0.0027878582537024413,0.0049656102134421065
2013-02-15,-0.018809289200452994,-0.011802148004237067
2013-02-18,0.01830329921392763,0.02094537302125965
2013-02-19,0.0025351021364796466,-0.0031145404946335553
2013-02-20,0.0021637731235099734,0.008436296400360144
2013-02-21,-0.017230961950529075,-0.013877441676553692
2013-02-22,0.003421296731858892,0.006791905979586899
2013-02-25,0.025504450426510214,0.024291283031953492
2013-02-26,-0.011152635764949006,-0.02261174870754834
2013-02-27,-0.013101655902941028,-0.012706576318919027
2013-02-28,0.022549374686939874,0.0271362579089931
2013-03-01,0.010937173100248184,0.004067658574520072
2013-03-04,-0.0006411693226219648,0.003955596552374319
2013-03-05,-0.009075901620151991,0.002674165863151501
2013-03-06,0.009398820924065795,0.021296734421594854
2013-03-07,0.0017020816633463991,0.0030011513552568037
2013-03-08,0.03245176167492793,0.026365134340907037
2013-03-11,0.0180211951749657,0.005326580183674823
2013-03-12,-0.010604461774959063,-0.0027727019419747645
2013-03-13,-0.0011068224823233155,-0.006102361033959003
2013-03-14,0.01182949074360208,0.011563251890227555
2013-03-15,0.012984672577332268,0.014518778840035829
2013-03-18,-0.023837639096052247,-0.027093516589772104
2013-03-19,0.017643325286951127,0.02026086939149785
2013-03-21,0.005583677406684713,0.013430932429202125
2013-03-22,-0.01290222251121387,-0.023517524262213874
2013-03-25,0.006504833453735198,0.01685206283828089
2013-03-26,-0.010026661610728897,-0.005965016744405083
2013-03-27,0.016283327825824246,0.0017776296637233013
2013-03-28,-0.015777935345615453,-0.012632682127003525
2013-04-01,-0.034041562083866196,-0.021204430560216037
2013-04-02,-0.004651949030010767,-0.010843809802788651
2013-04-03,0.024300360380563626,0.029888999823618034
2013-04-04,0.025238944016629617,0.022030046387152558
2013-04-05,0.04061022680724393,0.015758358338288536
2013-04-08,0.03651051487448762,0.027969477493954953
2013-04-09,-0.008775578774210032,-1.8209796396662092e-05
2013-04-10,0.004410264370095478,0.007260289203481651
2013-04-11,0.023065023699403955,0.019643868304984657
2013-04-12,0.0058430564839953595,-0.004725053588134687
2013-04-15,-0.007509757427303041,-0.015534098841295418
2013-04-16,-0.005991933270797831,-0.004084145415320428
2013-04-17,0.015622913507440621,0.012211167127258005
2013-04-18,-0.011898893874952353,-0.012166231674525574
2013-04-19,0.01407157403196684,0.007292711307203881
2013-04-22,0.01585357275227911,0.018915632327071163
2013-04-23,-0.00962754117986705,-0.002853675587272786
2013-04-24,0.007784159401531244,0.023194211324924163
2013-04-25,-0.0026766618216841147,0.005968169620935271
2013-04-26,-0.010304093429790015,-0.003012347701374707
2013-04-30,0.006092332962622496,-0.0016759805221071566
2013-05-01,-0.006945602878213463,-0.004437729017345293
2013-05-02,-0.00933190705875378,-0.007631487953675298
2013-05-07,0.03371136212098662,0.0355045110081178
2013-05-08,0.0038769161884312717,0.007436418112076293
2013-05-09,-0.0026466946604528333,-0.006594708278272576
2013-05-10,0.03341014216504715,0.02931755930811253
2013-05-13,0.015202574187469127,0.011957517926215466
2013-05-14,0.002685716346520399,-0.0016093695817720466
2013-05-15,0.008638437334987968,0.022875778934985602
2013-05-16,0.013157288679624532,-0.003894403892786613
2013-05-17,0.007967609664253016,0.006708670024562657
2013-05-20,0.034651799432921286,0.014710509059322474
2013-05-21,0.01730645244701865,0.001315683320269656
2013-05-22,-0.004409808821672083,0.016009357108916378
2013-05-23,-0.03662555702568089,-0.07315929433705648
2013-05-24,0.02354895698313374,0.008869780433609531
2013-05-27,-0.047708421267395135,-0.03215065224572711
2013-05-28,0.02158031047657447,0.011973008838374932
2013-05-29,0.005027076263057187,0.0010117043004016502
2013-05-30,-0.039057380406991256,-0.05147326621584636
2013-05-31,-0.004929027474192426,0.013651435157048475
2013-06-03,-0.047519909713378924,-0.03722227567007719
2013-06-04,0.036274960171618145,0.02050543942815164
2013-06-05,-0.046419999843755506,-0.03834039154111857
2013-06-06,-0.028388327238262595,-0.008517225676429208
2013-06-07,-0.007561156928448348,-0.0020527912057440867
2013-06-10,0.07181436188676127,0.04944037469577989
2013-06-11,-0.011810763342257643,-0.014546186624731616
2013-06-12,0.001866335303654151,-0.002124989633168539
2013-06-13,-0.05228520567042526,-0.06350516127553085
2013-06-14,0.008794661344401315,0.019375836712748562
2013-06-17,0.026806994579171902,0.02732038405677284
2013-06-18,0.006931977073123563,-0.0019826291415763198
2013-06-19,0.006683525538933554,0.018292790508320333
2013-06-20,-0.004471412246801971,-0.017413048118406493
2013-06-21,0.0045652578378669335,0.016562178986458287
2013-06-24,-0.009685544975430074,-0.012649128229074047
2013-06-25,-0.0153488256909623,-0.007153180849065244
2013-06-26,-0.01676380986728255,-0.010434615775005374
2013-06-27,0.03197329882564497,0.0295729897353727
2013-06-28,0.030432734492744397,0.035098101166423756
2013-07-01,0.025374061227967523,0.012808041597146769
2013-07-02,0.028438063322941506,0.017775869653492204
2013-07-03,-0.007132154535257008,-0.0030627320841913885
2013-07-04,-0.0006290841855436935,-0.002606077874684365
2013-07-05,0.02181063961897411,0.02076050351561487
2013-07-08,-0.01036207035566432,-0.01402028701990099
2013-07-09,0.021121394510101338,0.025767367637405503
2013-07-10,-0.008149059481449249,-0.003890082825863228
2013-07-11,0.0024973886393802654,0.003883056356340564
2013-07-12,0.002010830401198366,0.002326462986782296
2013-07-16,0.016543828774296537,0.0064020761525205305
2013-07-17,0.000686158475567183,0.0010904713261628007
2013-07-18,0.00294061170894962,0.013237046249646056
2013-07-19,-0.010186839657012586,-0.01476110637471717
2013-07-22,0.008085599292408315,0.004669657460729004
2013-07-23,-0.002786716465101543,0.008218679048594302
2013-07-24,-0.00623894496842753,-0.003195822375633317
2013-07-25,-0.008602192772839653,-0.011428102840528975
2013-07-26,-0.024435556253359213,-0.02972954124207705
2013-07-29,-0.0503072353705911,-0.033181262137935374
2013-07-30,0.032471229245250734,0.01527622030371445
2013-07-31,-0.020916072598496028,-0.014527945961808952
2013-08-01,0.029337045417445032,0.024688418988937144
2013-08-02,0.0265568321478532,0.03287149799036504
2013-08-05,-0.012604366008438048,-0.014386686925872527
2013-08-06,0.0071313465805076266,0.010030798823553067
2013-08-07,-0.04034344516542257,-0.040005330011456786
2013-08-08,-0.022858110224337726,-0.015868484966770957
2013-08-09,0.0033755757460679457,0.0007078620563327753
2013-08-12,-0.019083254508788377,-0.0070333751615179185
2013-08-13,0.032233547003355914,0.025708947827981277
2013-08-14,0.015561941914265031,0.013208347605826676
2013-08-15,-0.020976349671098526,-0.021154187799794277
2013-08-16,-0.0010164929209291699,-0.007476952194385156
2013-08-19,0.002977907841021322,0.007913454797648267
2013-08-20,-0.01362021049138349,-0.02629354447743082
2013-08-21,-0.0061992636136892106,0.0020863991284958416
2013-08-22,-0.003939415537715302,-0.004406935460146477
2013-08-23,0.018632370933696043,0.022100720345429092
2013-08-26,-0.0027902703252265936,-0.0017766145284776602
2013-08-27,-0.0036488649974499954,-0.00688678689253186
2013-08-28,-0.027432555674230055,-0.01505719859119814
2013-08-29,0.007547149616377582,0.009090254823652
2013-08-30,-0.0058980832848368565,-0.005263828832910877
2013-09-02,0.015917325704812104,0.01374721712524396
2013-09-03,0.025399857964785347,0.029877175298067993
2013-09-04,0.008773234978217229,0.005396144718676998
2013-09-05,-0.00030293079966954247,0.0007791587101055875
2013-09-06,-0.017471089525780144,-0.014505037224413542
2013-09-09,0.04259316953336967,0.02484854125513647
2013-09-10,0.02748046341349176,0.015355603226034464
2013-09-11,-0.004885685425541143,0.00011855496193824422
2013-09-12,-0.0029389260823354715,-0.0026204919928358716
2013-09-13,-0.00014209782880623793,0.0012094296688613948
2013-09-17,0.0006845351531242615,-0.006456239573998879
2013-09-18,0.0017388681756819327,0.0135337406986622
2013-09-19,0.017453383775311252,0.01798089324333163
2013-09-20,0.000782191243042167,-0.0016090665377120894
2013-09-24,-0.001611142753949309,-0.0006653975646118138
2013-09-25,-0.01668406414698949,-0.007607618436274777
2013-09-26,0.023218668891004518,0.012215004545660157
2013-09-27,-0.00421786550857532,-0.0026386571889600585
2013-09-30,-0.01574012976509802,-0.02061443484824188
2013-10-01,-0.00286533738781566,0.002000575704266705
2013-10-02,-0.019812923750158164,-0.021693860711109014
2013-10-03,0.005967157152878724,-0.0009343525986759138
2013-10-04,-0.011829632490991135,-0.00939027209998411
2013-10-07,-0.020062907598870285,-0.012192347648575907
2013-10-08,0.00885878341534519,0.002980515726994648
2013-10-09,0.011941204941636861,0.010308276991113585
2013-10-10,0.0019640604916671797,0.011174804594835441
2013-10-11,0.01740359126626793,0.014796376538547262
2013-10-15,0.0005868471334621677,0.0025547010281852245
2013-10-16,-0.0007021570597526604,0.00177263708065456
2013-10-17,0.00495124004198212,0.008251120821965108
2013-10-18,0.0007170209206215458,-0.0017118369619403273
2013-10-21,0.007722001429475197,0.00906705424586396
2013-10-22,0.0009642338137478355,0.0013393400706196434
2013-10-23,-0.02176686592084899,-0.01951983384449396
2013-10-24,0.004295643075579923,0.00418412194465656
2013-10-25,-0.02248600536203667,-0.027489193131170042
2013-10-28,0.018043322967386876,0.021851607622103142
2013-10-29,-0.00922956184216361,-0.004866586236381587
2013-10-30,0.008051925100185243,0.012311139262664916
2013-10-31,-0.015070007740268036,-0.012026270527553229
2013-11-01,-0.006370585474301529,-0.008819838259912172
2013-11-05,0.0075789117786058515,0.0016758572583026599
2013-11-06,0.008403205627897448,0.007869001101753481
2013-11-07,-0.012956306577967702,-0.007593414935423426
2013-11-08,-0.006419051349075168,-0.009954754050519043
2013-11-11,0.003678675134730271,0.012993727574774683
2013-11-12,0.014051896031754676,0.022343617534687832
2013-11-13,-0.005912513983871972,-0.0014750842235873307
2013-11-14,0.015743666826604674,0.0212292579118325
2013-11-15,0.01904641013872401,0.019460996475911818
2013-11-18,-0.0011922531228381432,-0.00010682617314650145
2013-11-19,-0.0030236340353799397,-0.0024887554889500008
2013-11-20,-0.004368220068053331,-0.0033371429869996083
2013-11-21,0.02303120162865373,0.01920389980350956
2013-11-22,0.00020630679362883606,0.0010491043367852892
2013-11-25,0.012517948231864242,0.015434565215748819
2013-11-26,-0.0038882151848561217,-0.006651436361498009
2013-11-27,-0.005638738175389978,-0.0042287680094785784
2013-11-28,0.014262902452622744,0.017960963238588867
2013-11-29,-0.003278826679354998,-0.004148884189464019
2013-12-02,-0.0012396821002460402,-0.0004341630109701011
2013-12-03,0.01359270515946207,0.006042121936333578
2013-12-04,-0.022906722246923146,-0.021696958738941063
2013-12-05,-0.013616774939292439,-0.014956586596640564
2013-12-06,0.008907832812282693,0.008062605562436653
2013-12-09,0.026913916510975425,0.02289887628544407
2013-12-10,-0.002363416799887039,-0.0024856146161676973
2013-12-11,-0.0094271686360747,-0.006165402048207147
2013-12-12,-0.005740022857531531,-0.011165877709163774
2013-12-13,0.005916002671142214,0.003994965252758442
2013-12-16,-0.01823784687812799,-0.01624348521836827
2013-12-17,0.009026310865945169,0.0082967380698582
2013-12-18,0.016970550293020224,0.02023544808967448
2013-12-19,0.014160519464662498,0.01741233049409452
2013-12-20,-0.0028097736589029194,0.0007062261262287262
2013-12-24,-0.0018350548158608212,0.0011915347132016585
2013-12-25,0.004450488620350443,0.007593784990099328
2013-12-26,0.012338603130562278,0.010271723649113218
2013-12-27,0.0008815414067871553,0.00027821673457961715
2013-12-30,0.002378140895347012,0.006945395535223664
2014-01-06,-0.015153918285552079,-0.023474459548475934
2014-01-07,-0.004004490702761024,-0.005940692639656242
2014-01-08,0.025379491653226952,0.019417787483755555
2014-01-09,-0.011114885568847785,-0.014956478124877881
2014-01-10,0.0053785082939497054,0.0019980373223607018
2014-01-14,-0.03217503979659584,-0.030772834749881683
2014-01-15,0.028852353940984118,0.025049931809567383
2014-01-16,-0.0004360828971749197,-0.0038921704408289015
2014-01-17,-0.003295663738737557,-0.0008090475904911631
2014-01-20,-0.009572748423153688,-0.005896629033842693
2014-01-21,0.003603609612856698,0.009863408311627353
2014-01-22,0.008974866903080827,0.001582683171002186
2014-01-23,-0.0018066415084575676,-0.007905355478352916
2014-01-24,-0.021256020754342925,-0.01938915760377402
2014-01-27,-0.03632367156117715,-0.025067576797525692
2014-01-28,-0.0005601732430445618,-0.0017040365048039963
2014-01-29,0.030565703496591507,0.02695231531497
2014-01-30,-0.020760674868510604,-0.024496410997590035
2014-01-31,-0.0035444390030746867,-0.006165717970364026
2014-02-03,-0.01694540928455017,-0.019806214826027957
2014-02-04,-0.054835093307282395,-0.04177130657878236
2014-02-05,0.02308076869390484,0.012271872631742786
2014-02-06,0.005254816978165089,-0.0017813179783439104
2014-02-07,0.021088212889167183,0.02170875531387262
2014-02-10,0.013058700468462714,0.017696198955427844
2014-02-12,0.007937310363468187,0.005552238053342817
2014-02-13,-0.020213133847774106,-0.017926910001747953
2014-02-14,-0.01005436815455378,-0.015253795896066347
2014-02-17,0.005495862138103404,0.00559490733933643
2014-02-18,0.0261983098028619,0.031273982608188255
2014-02-19,-0.005258049801171729,-0.005168006427589189
2014-02-20,-0.02341975881959241,-0.02149120883924638
2014-02-21,0.026802873545606398,0.028824489928331865
2014-02-24,0.001295053865311938,-0.0018828774298165207
2014-02-25,0.01315245376470474,0.014417343303024355
2014-02-26,-0.004811102740479513,-0.005356897931451665
2014-02-27,0.008230410832577131,-0.003196811955012202
2014-02-28,-0.004832344026707759,-0.005497516076057862
2014-03-03,-0.02330126789250811,-0.012724139147225033
2014-03-04,0.0019032844336715025,0.004726242884842247
2014-03-05,0.014481035762890346,0.011965468720107397
2014-03-06,0.01271368526565932,0.015916633656006374
2014-03-07,0.0066409953761933805,0.009205326318571405
2014-03-10,-0.005758571455297754,-0.010077907258062457
2014-03-11,-0.0018252210642028012,0.0068763057446856735
2014-03-12,-0.02339316923837436,-0.025861655888785084
2014-03-13,0.00016231034836323475,-0.0009715981864992784
2014-03-14,-0.03728741887728472,-0.03295902782336746
2014-03-17,-0.010491576711894995,-0.0034890717555995376
2014-03-18,0.014306264499808315,0.009357241770263203
2014-03-19,-0.004299985084130638,0.0035562446381887103
2014-03-20,-0.01932618651682013,-0.016476317420703546
2014-03-24,0.013311734939356517,0.017650820301954973
2014-03-25,-0.005415107698659678,-0.0035998822617218096
2014-03-26,0.007993447314134722,0.0037418715939168123
2014-03-27,0.018408681540490586,0.010066165643997982
2014-03-28,-0.003204900231160598,0.005001790122092231
2014-04-01,-0.001409307042412411,-0.0024170659874821476
2014-04-02,0.005493049423236358,0.010433354516848903
2014-04-03,0.005088570825980143,0.008400701155018897
2014-04-04,0.0003597624915292678,-0.0005381114781672913
2014-04-07,-0.014378584954886016,-0.016922717872585924
2014-04-08,-0.026013412611171325,-0.013638448082735621
2014-04-09,-0.021698420397840288,-0.021030463424736023
2014-04-10,0.0013250352580892162,3.0048727426068567e-05
2014-04-11,-0.01565365324051852,-0.02378094097903871
2014-04-14,-0.0004801726216195035,-0.0035737443014528525
2014-04-15,0.0053138383370062,0.006229217571126711
2014-04-16,0.026341913375878327,0.030069003587801513
2014-04-17,-0.002654969860558465,-1.0363253015621687e-05
2014-04-18,0.012945150864187883,0.006848555608335749
2014-04-21,0.00038063350440221077,-0.00026795096557874487
2014-04-22,-0.013519491855520852,-0.008517579649971574
2014-04-23,0.010557059734136667,0.010946036744694299
2014-04-24,-0.009143569044529707,-0.009712407471309858
2014-04-25,0.004661480989548001,0.0016848002570724052
2014-04-28,-0.010653006377533003,-0.009773841428163621
2014-04-30,8.293453314535312e-05,0.001111396043564028
2014-05-01,0.02004055598667374,0.012655070941215651
2014-05-02,-0.003402735029590388,-0.001906791130694141
2014-05-07,-0.027961779329976618,-0.029331439313343477
2014-05-08,0.007559831254684954,0.00928710162583779
2014-05-09,0.01136594777023872,0.0025282494942155953
2014-05-12,0.0006342399904959459,-0.0035261801961159467
2014-05-13,0.00905084805689845,0.019500372279646294
2014-05-14,0.004456263873678067,-0.0013643024737045595
2014-05-15,-0.006359293958836804,-0.007465750258041637
2014-05-16,-0.011415187067009103,-0.014101074032226601
2014-05-19,0.001112390143397263,-0.006395122158035282
2014-05-20,0.011389430439531395,0.0049127093109719855
2014-05-21,0.00824608616165192,-0.0023502302356973592
2014-05-22,0.01708846559786613,0.02105231020791032
2014-05-23,0.007399255908164969,0.008674968908990444
2014-05-26,0.008512741450310562,0.009704602430560039
2014-05-27,0.0019291997440158551,0.0023283653158099327
2014-05-28,0.011706130581539957,0.002352380563493073
2014-05-29,0.002108200561946195,0.0007340718294743809
2014-05-30,-0.008366830687709145,-0.003360631088790811
2014-06-02,0.014529049525898494,0.020744406685275107
2014-06-03,0.008081675752450852,0.0065834631304488855
2014-06-04,0.003407852503737361,0.002242211014017892
2014-06-05,-0.005586146241716738,0.0007572462549396697
2014-06-06,-0.0006451321372965395,-0.00014124481300925584
2014-06-09,0.0007640038822532048,0.0031013477863404137
2014-06-10,-0.003481345676286538,-0.008542726481916119
2014-06-11,0.0051074406923668336,0.004980437554034767
2014-06-12,-0.0036696467078832715,-0.006367186679824499
2014-06-13,0.010786726365130615,0.008301954718922921
2014-06-16,-0.009434287700920765,-0.010898897219102421
2014-06-17,0.0007150769606871,0.002858023073840865
2014-06-18,0.011705830248705118,0.009336963193574466
2014-06-19,0.009317323782608498,0.016232045590231614
2014-06-20,0.003120517854614374,-0.0007642804485846755
2014-06-23,-0.0011873385115649365,0.0012938828739839092
2014-06-24,0.003974623471841015,0.00045284885262519836
2014-06-25,-0.002941439468260521,-0.007129823750243736
2014-06-26,0.0035722123249332946,0.0027432338841486548
2014-06-27,-0.017723895969578744,-0.013945871284916866
2014-06-30,0.006700070165962658,0.004445154645577931
2014-07-01,0.013029779734750222,0.010823077948652449
2014-07-02,0.0007365093235064157,0.0028558632075932344
2014-07-03,0.00466553016095355,-0.0014105224594250787
2014-07-04,0.005810203375551875,0.0057882567715292765
2014-07-07,-0.007625506497936481,-0.0037370582202090885
2014-07-08,0.010642129779188327,-0.0042283900857646994
2014-07-09,-0.004586458609548864,-0.0007678889036546455
2014-07-10,-0.0027898297393215803,-0.005631747564153855
2014-07-11,0.0063020058015584276,-0.003445588131948618
2014-07-14,0.006530497951537398,0.008756259749740813
2014-07-15,0.004354742901489,0.006428776813808934
2014-07-16,0.0015403694920529754,-0.001030216730552258
2014-07-17,0.0030084112651163957,-0.0005878056333712411
2014-07-18,-0.00419470028544047,-0.01005511989024055
2014-07-22,0.018219224693335742,0.008384118311107747
2014-07-23,-0.0025887031239775985,-0.0009594234650386335
2014-07-24,-0.008796995124737344,-0.0028795692272995943
2014-07-25,0.015063457214034646,0.011348169979565892
2014-07-28,-0.0022518505294097926,0.00462743397992238
2014-07-29,0.0018423645563598974,0.005709809757273643
2014-07-30,-0.004196165038809143,0.0018030496525209827
2014-07-31,-0.006605464218076505,-0.0016272889211783603
2014-08-01,-0.002962070506693314,-0.006251880196563198
2014-08-04,0.0037464095518434317,-0.003131482702988464
2014-08-05,-0.01898475848794559,-0.009964162311383196
2014-08-06,-0.015153011628611405,-0.010477564471742307
2014-08-07,0.006970132366395401,0.004787670405591582
2014-08-08,-0.0284601862593529,-0.02980494804861178
2014-08-11,0.019199071796619355,0.02382870446944252
2014-08-12,0.0060662527809075325,0.0020349624478464
2014-08-13,0.0032635413210149286,0.0034509098476855904
2014-08-14,0.010634405318783732,0.006634868237562319
2014-08-15,-0.0044567407215725776,0.0002461401902293936
2014-08-18,0.0103507691469302,0.0002780827210031589
2014-08-19,0.004908160975618205,0.008300838821741374
2014-08-20,-0.00765138076209899,0.0003016323353404182
2014-08-21,0.006101512081255579,0.008525052546997758
2014-08-22,-0.007539384818986593,-0.003016114578018758
2014-08-25,0.0019800990537490945,0.0047659864037066235
2014-08-26,0.0024385260715827223,-0.0058943700662899
2014-08-27,-0.000417251000507612,0.0008762575478669099
2014-08-28,0.0008145667220432065,-0.0048252866418534435
2014-08-29,-0.0070793600537556985,-0.0022814247354397965
2014-09-01,0.005739434825056754,0.0033718734923815497
2014-09-02,0.002631683224524594,0.012405825882042976
2014-09-03,0.004318564526885807,0.003813359297550001
2014-09-04,-0.008544400675781905,-0.0033169355444581106
2014-09-05,-0.0023326254790324045,-0.0004784328930588222
2014-09-08,0.0011369468418711535,0.002325062786979082
2014-09-09,-0.0028340562185235948,0.002804185266875203
2014-09-10,-0.003804317971502305,0.002516318774636206
2014-09-11,0.0028647782329612173,0.007626929996460197
2014-09-12,4.3211422123387165e-05,0.0024570590142876103
2014-09-16,-0.004344796513453848,-0.0023049346064665244
2014-09-17,-0.0018755255150177935,-0.0014367160901338494
2014-09-18,0.009262302287866599,0.011259620314642893
2014-09-19,0.015147990601091529,0.015783320342946272
2014-09-22,-0.0053976099523417465,-0.007062577731974162
2014-09-24,0.0034787747933032053,-0.002372604692470137
2014-09-25,0.015613317976555081,0.012784295026616377
2014-09-26,-0.0033064100331935235,-0.008811412383964101
2014-09-29,0.012155065718572968,0.004977202214017984
2014-09-30,-0.0050049399143628085,-0.00840678968716202
2014-10-01,-0.016050401365358864,-0.005643145950617101
2014-10-02,-0.030536290062762574,-0.026131901047738992
2014-10-03,0.009269447412733712,0.0029791971232104864
2014-10-06,0.013250207405621524,0.011605058369387189
2014-10-07,-0.007408341303958012,-0.00674095103633876
2014-10-08,-0.009736503563033157,-0.011901395823776806
2014-10-09,-0.02038171859379557,-0.007505189012293134
2014-10-10,-0.01144900754515485,-0.011524045035009811
2014-10-14,-0.01997362894130604,-0.023792611619157134
2014-10-15,0.004215667401062895,0.009172809965305007
2014-10-16,-0.014817715315050516,-0.022233669299508874
2014-10-17,-0.011549976275858426,-0.013968300371167697
2014-10-20,0.04271801051722908,0.03982248850738079
2014-10-21,-0.016734162898637144,-0.020312720128732864
2014-10-22,0.03408541896158125,0.02644432897659521
2014-10-23,0.004613409249219868,-0.003738512234979008
2014-10-24,0.008767283244274707,0.010085216414730924
2014-10-27,0.00977791655673755,0.006348572184338597
2014-10-28,-0.005466549451399849,-0.003821602534679225
2014-10-29,0.01255954834533573,0.014611957781675233
2014-10-30,-0.0005310563679672689,0.006705068887169485
2014-10-31,0.03485266328506585,0.04825328332043477
2014-11-04,0.025050035601119718,0.027337486590959248
2014-11-05,0.009678870343845642,0.004438828134546657
2014-11-06,-0.004517057823038517,-0.008551520611150387
2014-11-07,0.0009202834596154828,0.0052345090285248475
2014-11-10,-0.004864564508684218,-0.005915243461141695
2014-11-11,0.01817997853841408,0.020474924958951313
2014-11-12,0.003555164094763957,0.004259573718706111
2014-11-13,0.006681695333315243,0.011382084273625193
2014-11-14,0.012963891794067003,0.005636877172068067
2014-11-17,-0.025637269670832005,-0.029560020568813683
2014-11-18,0.03196082489900605,0.02181360382372377
2014-11-19,-0.000840974800981207,-0.0031890194758900092
2014-11-20,0.0022842162448286243,0.0007004193478417076
2014-11-21,0.0012989939783920406,0.0032744263968100817
2014-11-25,0.0028309119259101647,0.0028868988510803995
2014-11-26,-0.0031808572750901473,-0.0013809506231612367
2014-11-27,-0.005195852385307206,-0.007770555749616936
2014-11-28,0.014837766967571563,0.01225321676522606
2014-12-01,0.010244397497333774,0.0074599726179807035
2014-12-02,0.0062422375350736385,0.004156945973803783
2014-12-03,0.00023867276305483155,0.0032388761560839807
2014-12-04,0.01153260398516201,0.00941180620002946
2014-12-05,0.00826046083691057,0.001858214864583374
2014-12-08,0.0008790762708449664,0.0008477134732820524
2014-12-09,-0.012839570662642847,-0.006816582032458052
2014-12-10,-0.021716811571344703,-0.022499983827554138
2014-12-11,-0.0020801465593819064,-0.008911929582161582
2014-12-12,0.007581005563081124,0.006616273883407686
2014-12-15,-0.009612473305713827,-0.015668101938679735
2014-12-16,-0.021075807545636326,-0.020122347583231504
2014-12-17,0.003064472274119024,0.0038441614393935897
2014-12-18,0.02231049108364133,0.02320609793511208
2014-12-19,0.01593798676325899,0.0239017080544095
2014-12-22,0.0003345197464428634,0.0007797470161514664
2014-12-24,0.01272659542743494,0.012423481525257296
2014-12-25,-0.00043463525423066945,-0.002547321702248917
2014-12-26,0.007054478926801708,0.0005733663227345254
2014-12-29,-0.006085300390578789,-0.0050014753420579705
2014-12-30,-0.015554117402277549,-0.015740148526969144
2015-01-05,0.0008514089575667162,-0.002410128314094262
2015-01-06,-0.02617178652254454,-0.03018727154823264
2015-01-07,0.01088179190888182,0.00012679032039186744
2015-01-08,0.020347086813451872,0.01668723856426313
2015-01-09,-0.005733976586363396,0.0017842769059412955
2015-01-13,0.0011493966498430782,-0.006397328499241017
2015-01-14,-0.014216883445277446,-0.017073673651614607
2015-01-15,0.016667253953707148,0.01861985047558412
2015-01-16,-0.008202021865717767,-0.014293258615009186
2015-01-19,0.01027683862541892,0.008902246234560485
2015-01-20,0.011940849489075542,0.02068918174934753
2015-01-21,0.0019094943144977105,-0.004941772780571618
2015-01-22,0.0015009417742427983,0.0028088954232365904
2015-01-23,0.0058082422737002065,0.010544766737695443
2015-01-26,0.003840953792688525,-0.0024686549745170927
2015-01-27,0.018703425925738596,0.017161228200461398
2015-01-28,0.001743675322406292,0.0015437428619480276
2015-01-29,-0.007780920512712932,-0.010649170370263028
2015-01-30,0.004376904331937295,0.003871922488333901
2015-02-02,-0.002763291030901905,-0.006583059352293752
2015-02-03,-0.028884275139091725,-0.01265457106765111
2015-02-04,0.010369256264563115,0.019779280088734197
2015-02-05,-0.006988141419278198,-0.009849179943909991
2015-02-06,0.001202056244914521,0.008219593823728388
2015-02-09,0.0027397467660502123,0.0035940554438054217
2015-02-10,-0.0020976193874513525,-0.003345202981570927
2015-02-12,0.018098834226820862,0.018526423263465208
2015-02-13,-0.004646097362584175,-0.0036908987197707965
2015-02-16,-0.008635977225116692,0.005102904169810518
2015-02-17,0.0037386900909885785,-0.0009819446713447144
2015-02-18,0.013075873802159984,0.01179068320485932
2015-02-19,0.008272202066844309,0.0036056117343092886
2015-02-20,0.008098575238140329,0.0036962769468062984
2015-02-23,0.01006691188774718,0.007343275796712234
2015-02-24,0.0017345207884011385,0.007394874047904176
2015-02-25,-0.005416800703681098,-0.0009826790223855797
2015-02-26,0.014069090238214373,0.010792988624390487
2015-02-27,0.010316499354016209,0.0006467862800212387
2015-03-02,0.0011471263193236995,0.001539605248871423
2015-03-03,0.005307472137585967,-0.0006225515109244961
2015-03-04,-0.013372095789504445,-0.005929290314222624
2015-03-05,0.00896926488967378,0.002579195202126794
2015-03-06,0.015979362310886525,0.01168739484104786
2015-03-09,-0.00427410042355181,-0.009511845382425776
2015-03-10,-0.0014901312675069931,-0.006675770588649876
2015-03-11,0.002202335019403029,0.0031293765858255718
2015-03-12,0.019732016016157896,0.014291642300657603
2015-03-13,-0.0018820473072542173,0.013855990179615363
2015-03-16,-0.005245867453205062,-0.00042533223184493263
2015-03-17,0.01441741367927498,0.0099209629243322
2015-03-18,0.009507588578605916,0.005529684043319438
2015-03-19,-0.007017657020867395,-0.0034751459361428427
2015-03-20,-0.00034454697460643987,0.004295427626898052
2015-03-23,0.01588123299317303,0.009925177983497013
2015-03-24,0.0005721890267964471,-0.0020709432016192686
2015-03-25,0.0006265226450138264,0.0016613023746676614
2015-03-26,-0.0106872834080817,-0.013930786126364891
2015-03-27,-0.002388388006925237,-0.00952632870819392
2015-03-31,-0.01581092020637494,-0.010530417802763092
2015-04-01,-0.009132555684885236,-0.008962903012097123
2015-04-02,0.015143093917054101,0.014602130673627034
2015-04-03,0.011663816184593754,0.006332126096818103
2015-04-06,0.001435331300393474,-0.0019088992289132412
2015-04-07,0.00816517428533556,0.012504321990671086
2015-04-08,0.004539247174981833,0.007600172474899525
2015-04-09,0.006706028237797134,0.007474056201783874
2015-04-10,-0.004167013138175912,-0.0015091917575755787
2015-04-13,-0.006191529991135421,-0.00010899950327225572
2015-04-14,0.001234409161905496,0.0001617018570987394
2015-04-15,-0.002648715648949934,-0.001954922299515216
2015-04-16,-0.004829191045742211,0.0008057352385657524
2015-04-17,-0.024663049574096582,-0.011711323090063064
2015-04-20,0.0009031496274004096,-0.0009357724769001319
2015-04-21,0.014285998661457229,0.01398557365621067
2015-04-22,0.005115925325805129,0.011291854556855885
2015-04-23,-0.0012282787885841595,0.002669626796456548
2015-04-24,-0.00490385371880508,-0.008302666475878628
2015-04-27,-0.00395544101776567,-0.0018340998179557921
2015-04-28,0.004094977864833146,0.003784601611109162
2015-04-30,-0.0229312514275172,-0.026867780921506546
2015-05-01,0.0011579768928863274,0.0005953426196776412
2015-05-07,-0.016736951822982772,-0.01226936074746543
2015-05-08,0.012940643702347446,0.004519970085544944
2015-05-11,0.01635243979355132,0.012473210177839533
2015-05-12,0.010561112344402409,0.00020028059191479208
2015-05-13,0.005642601856739064,0.007127745270214092
2015-05-14,-0.009660253243394798,-0.009839778242818786
2015-05-15,0.005474836629227027,0.008312605545549356
2015-05-18,0.012362093025686027,0.007973964826187174
2015-05-19,0.007283444087881725,0.00684311129676507
2015-05-20,0.004306266065452059,0.008497775444050504
2015-05-21,0.0041398273218645225,0.0003123598067777955
2015-05-22,0.0037288296948661593,0.00304615226662297
2015-05-25,0.012256456712521926,0.00737052664490867
2015-05-26,0.0018650686018212616,0.001161516860651357
2015-05-27,0.000742396488463902,0.0017174137207700557
2015-05-28,0.0050371562529045,0.0038530004070802537
2015-05-29,-0.003356478452945897,0.0005687893994761328
2015-06-01,0.009350547389976087,0.0003267373856810085
2015-06-02,0.0009468311675463925,-0.001297027575508869
2015-06-03,-0.005850705301777547,-0.003391863160245534
2015-06-04,0.002176342578040457,0.0007170088405969999
2015-06-05,-0.004614262138681043,-0.0013319411440642082
2015-06-08,-0.001642009458210416,-0.0001813672628845353
2015-06-09,-0.01557325540400888,-0.01764116584548081
2015-06-10,-0.006027219540501903,-0.0024851044375587827
2015-06-11,0.01915282456707195,0.016791643900427644
2015-06-12,-0.0024182102675722266,0.0011828194894232258
2015-06-15,0.005054107279095022,-0.0009453099390578368
2015-06-16,0.0002166514362443618,-0.006368989250229107
2015-06-17,0.0018328304446216907,-0.001908877354702243
2015-06-18,-0.009293715985835687,-0.0112985891204882
2015-06-19,0.006309485467051691,0.009175207370570426
2015-06-22,0.011030439292888033,0.01258779591200132
2015-06-23,0.01711011901562576,0.01866198028096333
2015-06-24,0.0041906483031056395,0.00281648288227343
2015-06-25,-0.0017566110178735845,-0.0046304758765347565
2015-06-26,-0.0011411433818289867,-0.003141338512229086
2015-06-29,-0.02914876166323336,-0.028793433865183293
2015-06-30,0.005819595379239047,0.006254677653920959
2015-07-01,0.014930793167921442,0.00462497975521714
2015-07-02,0.008579243181296579,0.00950251580133843
2015-07-03,-0.0002385758823606317,0.0008424442684857869
2015-07-06,-0.024899371821936057,-0.02082153427056399
2015-07-07,0.012665364508880743,0.013149817842456502
2015-07-08,-0.038254384707702434,-0.03135702409723784
2015-07-09,0.0042452395968033485,0.005971300077817654
2015-07-10,-0.0005189265401052079,-0.0038110307912165853
2015-07-13,0.024269222714050093,0.01566946995504126
2015-07-14,0.013579111222543041,0.014711992908392979
2015-07-15,0.001010704023521554,0.0038262809432603184
2015-07-16,0.012999082632644248,0.006684594441753511
2015-07-17,0.006339034836248315,0.002466043079810021
2015-07-21,0.01154666212731763,0.009251441677792904
2015-07-22,-0.011563654773411551,-0.011913498238089848
2015-07-23,0.007078527542055914,0.004383837228502108
2015-07-24,-0.00511527537662784,-0.006740488501519648
2015-07-27,-0.01643764134385267,-0.009463818065161278
2015-07-28,-0.005258874997469412,-0.0010422054330009312
2015-07-29,0.0075289436921030265,-0.001278007208029841
2015-07-30,0.009330256684959395,0.010831940848996968
2015-07-31,0.0031743707060011357,0.0030410112061747263
2015-08-03,0.00037260594615204585,-0.001803761284893568
2015-08-04,0.007434413638613448,-0.0013504892101539046
2015-08-05,-0.005025759673999663,0.004566253941398202
2015-08-06,-0.002067482342495093,0.00244390988060994
2015-08-07,0.004428847357055409,0.002909398722688694
2015-08-10,0.005422187631222373,0.0040593819135377185
2015-08-11,-0.010394728487677581,-0.004226092821611793
2015-08-12,-0.014948348343515768,-0.015828600255782255
2015-08-13,0.018318653112873565,0.009943781774675475
2015-08-14,-0.0006516569866820869,-0.0036950486689233397
2015-08-17,0.012467274484339316,0.004912926550820096
2015-08-18,-0.002247095917174113,-0.0031905059998164065
2015-08-19,-0.01604930762158664,-0.016144412013467613
2015-08-20,-0.012266431888853398,-0.009351470114845606
2015-08-21,-0.03836973100946479,-0.02983447078246404
2015-08-24,-0.05310197481853043,-0.04605671005698342
2015-08-25,-0.035554094931337224,-0.039587570742880884
2015-08-26,0.032095138636172756,0.0320177733318856
2015-08-27,0.018806500068675527,0.01075318072594178
2015-08-28,0.029990922534198803,0.030250218898555614
2015-08-31,-0.007449678566646712,-0.0128467667626474
2015-09-01,-0.04063524928655011,-0.0383680561658557
2015-09-02,-0.0076227886509170235,-0.0038693308438072505
2015-09-03,0.0038070921251175454,0.004807311940998371
2015-09-04,-0.016636239144162,-0.02146200006359178
2015-09-07,-0.00293825999069831,0.0038393621839676317
2015-09-08,-0.03666389446357923,-0.0242653529239949
2015-09-09,0.06800991837109469,0.0770886276689755
2015-09-10,-0.014864931281217303,-0.025086725447507896
2015-09-11,0.00041453516080118015,-0.001934381105310301
2015-09-14,-0.008738552534150078,-0.0163446056214116
2015-09-15,-0.002279747103271352,0.0033831831013046987
2015-09-16,-0.010793907778574726,0.008050331337643657
2015-09-17,0.010572166571383044,0.01434490784952791
2015-09-18,-0.02124517072175735,-0.01964264862426013
2015-09-24,-0.01776849640617536,-0.027580245803370262
2015-09-25,0.022703648861620702,0.017566735287536828
2015-09-28,-0.0019955895164789164,-0.013165194600746388
2015-09-29,-0.037982528475423494,-0.040479745184350824
2015-09-30,0.025306165710891507,0.027010505745455715
2015-10-01,0.01075319852630847,0.019223984365250635
2015-10-02,0.008444136565602334,0.00015296655377494695
2015-10-05,0.014486463537856516,0.01581705529986066
2015-10-06,0.005056720542847848,0.010030794643691054
2015-10-07,0.0014226714043020546,0.0075266748953930485
2015-10-08,-0.0135124094322755,-0.009922542196946549
2015-10-09,0.03182888540468,0.016399162858910632
2015-10-13,0.006110249051231485,-0.011059891432736446
2015-10-14,-0.018089657479616782,-0.018850843497457803
2015-10-15,0.013610796790303557,0.011508601566430077
2015-10-16,0.0034099511313812965,0.010769821705266525
2015-10-19,0.00123197009349229,-0.008778267072785506
2015-10-20,-0.006562712261017208,0.004187245979022203
2015-10-21,0.016942631730425792,0.01906552638949699
2015-10-22,-0.008226754326131463,-0.006381824610667719
2015-10-23,0.014971773393662484,0.021123584554354036
2015-10-26,0.0033945271366784876,0.00647099139559737
2015-10-27,-0.005580205534338253,-0.008976566667611596
2015-10-28,0.007713278600468427,0.006709282988157428
2015-10-29,-0.0036388659546695698,0.0017294277348629539
2015-10-30,0.01944930181886251,0.007783635500218544
2015-11-02,-0.025928965120398755,-0.020953586324286677
2015-11-04,-0.004040145770293388,0.01304216607067299
2015-11-05,0.011247056605288073,0.010012199478710126
2015-11-06,0.008670581975396477,0.007804260941546293
2015-11-09,0.011771246046520734,0.019575857105245564
2015-11-10,-0.007275223334128494,0.0014519120504423721
2015-11-11,0.0070151528899778885,0.0010233640150580925
2015-11-12,-0.0009914316625005341,0.0003239439190192428
2015-11-13,-0.0013091241919766996,-0.005120344962915135
2015-11-16,-0.00808267582122945,-0.010370038006230708
2015-11-17,0.013469729569160043,0.012217448713030654
2015-11-18,-0.0027255686868294902,0.0009448921054995285
2015-11-19,0.00945417752732977,0.010719575204912735
2015-11-20,0.006960309090077877,0.0010070589521886664
2015-11-24,0.00496671353575495,0.0022676311737832577
2015-11-25,-0.007782912306668036,-0.0038800989340437297
2015-11-26,0.004103147687482679,0.004878684340551942
2015-11-27,-0.005534179213452313,-0.003031962472254457
2015-11-30,-0.015343005564880332,-0.0068632652157142315
2015-12-01,0.013285540424823793,0.013415879505929595
2015-12-02,-0.0011986866178962776,-0.0037111755611681785
2015-12-03,-0.00022504670285978596,8.875111024608806e-05
2015-12-04,-0.017173824919532097,-0.02183661469441034
2015-12-07,0.012358870912923675,0.009929509385563806
2015-12-08,-0.009343411629108173,-0.01043502954205433
2015-12-09,-0.009538967112993553,-0.00982574416512838
2015-12-10,-0.010834123421838992,-0.013186809183590498
2015-12-11,0.0072953144866830235,0.009656850188385135
2015-12-14,-0.007164720724510148,-0.018047419430782363
2015-12-15,-0.01697074928541324,-0.01681472596402822
2015-12-16,0.021243631247030388,0.02606982454076956
2015-12-17,0.020244972572821582,0.015939728226244565
2015-12-18,-0.014990629350929426,-0.018950506018605484
2015-12-21,-0.005586509175151804,-0.0037279187165590866
2015-12-22,0.003073443660749322,-0.0015500254930251867
2015-12-24,-0.013477155165376599,-0.005136406552643802
2015-12-25,0.0008065102142498744,-0.0010978843637338143
2015-12-28,0.01430365805555661,0.005556434870010785
2015-12-29,0.01232550804067587,0.005769026782660447
2015-12-30,0.0025072330016148972,0.002712034754543291
2016-01-04,-0.027966601601794785,-0.030615704455294157
2016-01-05,-0.0030370159891573477,-0.004172161413339537
2016-01-06,-0.0012440165106542209,-0.009942292777838202
2016-01-07,-0.016574010348950906,-0.023306745275584295
2016-01-08,-0.0046057974033899335,-0.003904856149549274
2016-01-12,-0.028095349826514696,-0.02706526484557059
2016-01-13,0.028080847368479354,0.028844360799572755
2016-01-14,-0.024035596543851862,-0.026794509571404945
2016-01-15,-0.0018128837594761046,-0.005442846711012139
2016-01-18,-0.010822616340271493,-0.01117034121093663
2016-01-19,-9.055615096461369e-06,0.005473058494327887
2016-01-20,-0.0322565892032271,-0.037081534443876074
2016-01-21,-0.02477744378503169,-0.02430099193476709
2016-01-22,0.04721240379148847,0.05876595279237962
2016-01-25,0.012761191651237366,0.008985499668481278
2016-01-26,-0.01899777830768771,-0.023494353132241796
2016-01-27,0.02542440453223473,0.027232164930811376
2016-01-28,0.006703359956008002,-0.007135357405677167
2016-01-29,0.03239464884509979,0.027981866822414325
2016-02-01,0.024527536932439215,0.019803843525242115
2016-02-02,-0.004457435831736232,-0.006411939742416051
2016-02-03,-0.022311407073314162,-0.0315159586758782
2016-02-04,-0.018007689482217138,-0.00850780284301611
2016-02-05,-0.010947216634616525,-0.013223849795491849
2016-02-08,0.01703771742151442,0.010981893091087214
2016-02-09,-0.04509485111358484,-0.054036938265388246
2016-02-10,-0.02753887982477174,-0.023129660818197895
2016-02-12,-0.040468558230967906,-0.0484159887774851
2016-02-15,0.05645806039272602,0.07155738706524195
2016-02-16,-0.015176146373757053,0.00198779530011417
2016-02-17,-0.012562804021815518,-0.013583125665764917
2016-02-18,0.013736004814433603,0.02276024573344837
2016-02-19,-0.003053266454493719,-0.014177484785978689
2016-02-22,0.016204688350003427,0.009010982128735634
2016-02-23,-0.00907224849266303,-0.0036620829005713507
2016-02-24,-0.0056181197349340385,-0.008488620910284572
2016-02-25,0.017478438062560175,0.014108618179580201
2016-02-26,-0.0009785594563277774,0.002978271397340748
2016-02-29,-0.016797209909654706,-0.009985563070416204
2016-03-01,0.009336665481900748,0.0036657440966956223
2016-03-02,0.027395168895937533,0.04109543466490906
2016-03-03,-0.001267270092348852,0.012755425149348687
2016-03-04,0.0008005318293200286,0.003220437786070729
2016-03-07,-0.006146162982466089,-0.0060805363719294014
2016-03-08,-0.012157063226080669,-0.007578942359708241
2016-03-09,-0.011620342413667939,-0.008398373880611487
2016-03-10,0.015575933396179506,0.0126275612893898
2016-03-11,0.0011389847162494608,0.0051339743866853915
2016-03-14,0.010124145090182385,0.017408532820398115
2016-03-15,-0.007933173294318958,-0.006770417784869753
2016-03-16,-0.0024755941478537104,-0.008332097207420452
2016-03-17,-0.00022345201413574158,-0.002242685985531123
2016-03-18,-0.01034842659123391,-0.01249206157187277
2016-03-22,0.018325089860218663,0.01935688499834698
2016-03-23,0.0008768225155105476,-0.002790284823054767
2016-03-24,0.002322299162336528,-0.006390830859709151
2016-03-25,-0.0021777845746971817,0.006536689809180984
2016-03-28,0.008745430487859591,0.007741050161003349
2016-03-30,-0.007729358825141553,-0.013129942684755203
2016-03-31,-0.008397710324666045,-0.007126683690448554
2016-04-01,-0.02768613199040147,-0.03547475834278413
2016-04-04,0.006787293320864018,-0.002529709221186449
2016-04-05,-0.020390265081503794,-0.02421650385445917
2016-04-06,-0.001456934416363085,-0.0011097794667894734
2016-04-07,0.012851993064741378,0.002193999463974805
2016-04-08,0.014703404662913077,0.004551137548769679
2016-04-11,-0.0026546757033013707,-0.004448981546840036
2016-04-12,0.0007388871213921458,0.011279200766661335
2016-04-13,0.019809372724001243,0.028403267692680867
2016-04-14,0.024511716336572512,0.0323438097731128
2016-04-15,0.0018952747017874955,-0.0037266450908464144
2016-04-18,-0.02651634193470717,-0.03395525325140614
2016-04-19,0.027935221585105783,0.036771386655193083
2016-04-20,-0.0025981436757454694,0.0019022622626470032
2016-04-21,0.01647540317550929,0.02703569763363567
2016-04-22,-0.00015473475720880075,0.012029237226317102
2016-04-25,-0.010863189037391993,-0.0075794296282752915
2016-04-26,0.003967669653331659,-0.004932622325517055
2016-04-27,6.462468986492886e-05,-0.0036182822523526115
2016-04-28,-0.03002763641984297,-0.0361146181895734
2016-05-02,-0.023729869330462162,-0.0311214039393799
2016-05-06,-0.004004312354159254,-0.0025180652554832594
2016-05-09,0.011294772914657959,0.006786642390922637
2016-05-10,0.02126426422163929,0.02153172964035699
2016-05-11,6.768712253434494e-05,0.000834298487144336
2016-05-12,0.004536320378047212,0.004061164030713327
2016-05-13,-0.012956133191185467,-0.014064888044317159
2016-05-16,-0.004365148062173536,0.0033017765449980807
2016-05-17,0.01360229320754988,0.011320044830874343
2016-05-18,0.002315321281276386,-0.00048708491932081266
2016-05-19,0.0030530192462041514,0.00011839831139837109
2016-05-20,0.005426672619602755,0.005387834693755478
2016-05-23,-0.0005128164995730312,-0.0048845776951389475
2016-05-24,-0.00406302096550465,-0.009357165432081427
2016-05-25,0.008677916884119145,0.01567328983653482
2016-05-26,-0.0013477401802145462,0.0009017731608669255
2016-05-27,0.006693821567366072,0.0037191266375546927
2016-05-30,0.012987377007276975,0.01385101905715902
2016-05-31,0.003481717760383393,0.009782092010986343
2016-06-01,-0.01893773187753228,-0.01620251328432476
2016-06-02,-0.0163570907965566,-0.02318860212036533
2016-06-03,0.00443433438690163,0.004810834306404166
2016-06-06,-0.001504150557756689,-0.003737550203489759
2016-06-07,0.007829408071747698,0.005755111777334676
2016-06-08,0.009525169078542504,0.009323329230026767
2016-06-09,-0.002825061953920876,-0.009655429791082804
2016-06-10,-0.003160600653059421,-0.004022626070600888
2016-06-13,-0.033109327475622716,-0.035068193775547374
2016-06-14,-0.008752844343978208,-0.009999244070218571
2016-06-15,-0.00047005445872501156,0.003819917909388959
2016-06-16,-0.028155557259557082,-0.030493293623651607
2016-06-17,0.007313127155685961,0.010724310624548261
2016-06-20,0.022787240983269313,0.023438949616540583
2016-06-21,0.008701298003747186,0.012765845262433517
2016-06-22,-0.003515883168509774,-0.006394329851920899
2016-06-23,0.003971885221977195,0.010745231819716095
2016-06-24,-0.06881758250271215,-0.07921556741101043
2016-06-27,0.033490554543338935,0.02388910935683075
2016-06-28,0.005391122759181755,0.0009098893761039228
2016-06-29,0.008997478658251772,0.015903426796240794
2016-06-30,0.001843144831340359,0.0005839238755984688
2016-07-01,0.0201209992907092,0.006841364581320564
2016-07-04,0.0036682211071782933,0.0059505469254979015
2016-07-05,0.0020369182953796218,-0.006748927336848176
2016-07-06,-0.007627439943691318,-0.018529180399060263
2016-07-07,-0.007142630424439151,-0.006681192876391462
2016-07-08,-0.00817705828719375,-0.01107993609868263
2016-07-11,0.0028715266268596004,0.039838526633098725
2016-07-12,0.035519656504793225,0.02462502405843847
2016-07-13,-0.002086569730885106,0.008435775726968187
2016-07-14,0.012443375456116491,0.009516163423296753
2016-07-15,-0.01806070081054813,0.006832645654559988
2016-07-19,0.02163085754635781,0.013666080297633387
2016-07-20,0.0002287330783662134,-0.0024767776546934517
2016-07-21,0.0032459481591829444,0.007692777815763829
2016-07-22,-0.008268994833185345,-0.010884491426753629
2016-07-25,-0.012692983219805382,-0.0004186463486144376
2016-07-26,-0.0019526831400926835,-0.01427466288614676
2016-07-27,0.013735716733979336,0.01719951076025228
2016-07-28,-0.015721422467992005,-0.011280077746112838
2016-07-29,0.0009512286973259192,0.005609673236889545
2016-08-01,-0.002872879648521299,0.004013453934983646
2016-08-02,-0.009131936354812058,-0.014686444894601913
2016-08-03,-0.024555406002796223,-0.018810958266874622
2016-08-04,0.0115886142016103,0.010680726123247108
2016-08-05,-0.01834314887165565,-2.7035134319897125e-05
2016-08-08,0.016810332962797696,0.02436994868652853
2016-08-09,0.01125728268696296,0.006870658991128709
2016-08-10,-0.00015008507086262666,-0.0017805913907403825
2016-08-12,0.012154723818917636,0.011042692896125805
2016-08-15,-0.013006063047257854,-0.002976336485782771
2016-08-16,-0.010830203396251225,-0.01618600440072404
2016-08-17,0.00454375559061621,0.008985675993387732
2016-08-18,-0.01142022255305774,-0.015504385003186516
2016-08-19,0.012603520399879114,0.0036279577487399184
2016-08-22,0.009402079209943128,0.00316509786978858
2016-08-23,-0.017465778866362167,-0.006074763660804949
2016-08-24,0.00910811216885842,0.006058024437623155
2016-08-25,-0.005132711316696712,-0.002491463102645919
2016-08-26,-0.006239796425276113,-0.011792694893711486
2016-08-29,0.021527354122678005,0.023029579665985844
2016-08-30,-0.002698876207307917,-0.0007247717074143623
2016-08-31,0.011305653827483362,0.009688342832693264
2016-09-01,-0.007629545479567582,0.0023354366102963375
2016-09-02,-0.006113412422549446,-6.853944745199847e-05
2016-09-05,0.00021569272739269964,0.006614279245617416
2016-09-06,0.005924638453217855,0.0026030385175646042
2016-09-07,-0.0015870012535439417,-0.004071015989757121
2016-09-08,-0.0038326140529246363,-0.0031547457977957327
2016-09-09,0.0002825107488527633,0.000412189950580899
2016-09-12,-0.017554887524940225,-0.01726063835604552
2016-09-13,-0.0032012542879513483,0.003365885573010541
2016-09-14,-0.005257900039287379,-0.006862248793616299
2016-09-15,-0.011673031390255537,-0.01259344187867828
2016-09-16,0.006848447732347542,0.006966121843734685
2016-09-20,0.0021206649542783455,-0.001642847447751672
2016-09-21,0.020902748861551197,0.019128418218847143
2016-09-23,-0.003495570232741194,-0.003189006659809812
2016-09-26,-0.012664726664534273,-0.012502013859080896
2016-09-27,0.013963682562868018,0.008423864763898115
2016-09-28,-0.002576522101684021,-0.013098190951903121
2016-09-29,0.025377547216317645,0.01386607926066552
2016-09-30,-0.019818877907204914,-0.014608560952267258
2016-10-03,0.012390501095774204,0.009047509248641505
2016-10-04,0.015445117502493179,0.008252496699719059
2016-10-05,0.005188511858811771,0.004994717372730495
2016-10-06,0.006909707313428193,0.004748096459005646
2016-10-07,0.005345046591472867,-0.0023083931408605096
2016-10-11,0.005746970716291883,0.009766847235161302
2016-10-12,-0.017317711038846297,-0.010852415433083018
2016-10-13,-0.0006297374906999533,-0.003904974205760081
2016-10-14,-0.0003290747551243038,0.004896132707202794
2016-10-17,0.009345731786718898,0.0025954581105227525
2016-10-18,0.007741457980391141,0.0037567921176591135
2016-10-19,-0.005517538098494169,0.0020809711229277106
2016-10-20,0.004567776332974104,0.013917941890116525
2016-10-21,-0.003381824019119023,-0.0029537963070407347
2016-10-24,0.002871478635354218,0.0028996955166271654
2016-10-25,0.0056247246578402825,0.007591208681119621
2016-10-26,-4.88721011637939e-05,0.0015312099595456985
2016-10-27,-0.0020073239743453163,-0.0031865473907819464
2016-10-28,0.011027871761540969,0.006344460671272367
2016-10-31,0.00548103295569627,-0.001226076012682542
2016-11-01,-0.0011248628841276057,0.0009974657040601187
2016-11-02,-0.02101174203901478,-0.017642107521530948
2016-11-04,-0.0006361735224992986,-0.013383402356058727
2016-11-07,0.01340896599053965,0.016080791686807983
2016-11-08,0.0044571072530688195,-0.0003394077272621532
2016-11-09,-0.0594426625122395,-0.05356824985978326
2016-11-10,0.08165645974419486,0.06724777345320088
2016-11-11,0.005660590662782644,0.0017509458812570156
2016-11-14,0.018766236904860834,0.017141507563266378
2016-11-15,-0.00246744517595389,-0.0002528629154762152
2016-11-16,0.0068128352148532885,0.010983636803203245
2016-11-17,-0.005463958244825971,2.3508952865292088e-05
2016-11-18,0.010498133193412062,0.005865837888040293
2016-11-21,0.0036003605384633975,0.007714488275973652
2016-11-22,-0.0007742842681802465,0.0031437015616138098
2016-11-24,0.010871900558286744,0.00938563405801962
2016-11-25,0.0022645504941134708,0.002607837083637321
2016-11-28,-0.0009016289906216379,-0.0013236377778144126
2016-11-29,-0.0031069797346826287,-0.0027156866333402085
2016-11-30,-0.0006880602153208188,7.873508354250269e-05
2016-12-01,0.02350989189195554,0.011177261391205562
2016-12-02,0.000959424084663046,-0.004701480168676886
2016-12-05,-0.005857817769853924,-0.008199782216803175
2016-12-06,0.016009194288177524,0.004681196926939135
2016-12-07,0.00961557081392294,0.0074153808971260116
2016-12-08,0.022223326031332716,0.014531316573225483
2016-12-09,0.013288776655095563,0.012304430896132423
2016-12-12,-0.004767815231466884,0.00835213061377571
2016-12-13,-0.008141395590832197,0.004985125989370287
2016-12-14,-0.0014905083298974073,0.00016050703177050707
2016-12-15,0.0031923519773060936,0.00104809893599489
2016-12-16,0.009429444764299653,0.0066080067449114654
2016-12-19,-0.008908074580249746,-0.000492279120449246
2016-12-20,-0.005437838889519078,0.005307952390386506
2016-12-21,-0.008473997536522608,-0.0025668258893545293
2016-12-22,-2.8259030239627983e-05,-0.0008650426057590366
2016-12-26,-0.008265275506981293,-0.0015971702731093496
2016-12-27,0.0023337806815726947,0.0003309811218921155
2016-12-28,0.003531388101498415,-6.905321697903144e-05
2016-12-29,-0.023752160596484235,-0.013224604252945138
2016-12-30,-0.0002449510968046335,-0.001607273875795845
2017-01-04,0.03723079101767906,0.025101064654300842
2017-01-05,-0.007792497399314957,-0.0037496224660369393
2017-01-06,-0.013944576263296175,-0.0033994380761678267
2017-01-10,-0.007747805113952029,-0.007858950906354467
2017-01-11,0.015303152931464779,0.003275945760603083
2017-01-12,-0.006334087287663249,-0.011875787403182958
2017-01-13,0.003626196561726427,0.007973999297333556
2017-01-16,-0.009500994728137408,-0.009956773039062838
2017-01-17,-0.010981711490985811,-0.01475294021139717
2017-01-18,0.008082922459314084,0.00429689945327949
2017-01-19,0.014526109011247467,0.009414490531601594
2017-01-20,0.011386294138566263,0.0034427063534716584
2017-01-23,-0.00929500528155312,-0.012900095013476442
2017-01-24,-0.00816749630680249,-0.005454391122936109
2017-01-25,0.02356042097831636,0.014344789531128166
2017-01-26,0.027701253543049233,0.01809736980191534
2017-01-27,0.0016953896931829217,0.003350605957867625
2017-01-30,-0.004564826593555733,-0.005062349326182214
2017-01-31,-0.01969396134408872,-0.016909097454423816
2017-02-01,0.009215005943251177,0.005605710273063336
2017-02-02,-0.010350193577568284,-0.012194434065833759
2017-02-03,-0.0011330086896773068,0.00019134131500941898
2017-02-06,0.007389415067093138,0.0030928799339424717
2017-02-07,-0.0005330158031960312,-0.003474344992772771
2017-02-08,0.007756837407884337,0.005119847838105818
2017-02-09,-0.002848007565287215,-0.00525735440316788
2017-02-10,0.0299722843665346,0.02492426446898044
2017-02-13,0.0057392554303680515,0.004139583786030521
2017-02-14,-0.0009177010886716674,-0.011314467356245528
2017-02-15,0.01787052463710701,0.010343583451484673
2017-02-16,0.0017033278049272743,-0.0046533214713543325
2017-02-17,-0.005726800606594148,-0.005835895349606046
2017-02-20,-0.0003803574905194624,0.0008557974233673882
2017-02-21,0.00769555902980775,0.006771535647401183
2017-02-22,0.0023681391871577056,-8.102145889621326e-05
2017-02-23,-0.002528597973589156,-0.0004338627399383954
2017-02-24,-0.014976115308143415,-0.004538732276500479
2017-02-27,-0.01521867855559345,-0.009130500309323053
2017-02-28,0.007373545538925366,0.0006028810107303606
2017-03-01,0.016183237261223764,0.014360006713711071
2017-03-02,0.015359485532708621,0.00883086466054861
2017-03-03,-0.008410671052044249,-0.004887903559265938
2017-03-06,0.0035557505633911812,-0.004624198013385539
2017-03-07,-0.0025853100870466164,-0.00180556171463353
2017-03-08,-0.008320533279670477,-0.004658829254846841
2017-03-09,0.009610048219237785,0.003352585594147639
2017-03-10,0.009411099725754,0.014805917190512385
2017-03-13,-0.006629091551282601,0.001486417017681596
2017-03-14,0.002346077309211907,-0.001235118100210042
2017-03-15,-0.008850632379426559,-0.0016379377661337458
2017-03-16,0.008230634362165121,0.0006517606066231973
2017-03-17,-0.0042117297607615935,-0.00349924906422161
2017-03-21,-0.004154315083512385,-0.0033659648061931113
2017-03-22,-0.03366592452948566,-0.02130461236866943
2017-03-23,0.0012369031662267827,0.002307064168530104
2017-03-24,0.007514974455895619,0.00928560997552208
2017-03-27,-0.01621692492350951,-0.014377107432611558
2017-03-28,0.014328889971298492,0.011444432259581694
2017-03-30,-0.003646004991896433,-0.008027054632673947
2017-03-31,-0.008722445193282479,-0.008076333999257557
2017-04-03,-0.006336999162856383,0.003911877251772111
2017-04-04,-0.017581303435798668,-0.009112277756663123
2017-04-05,0.0023690230602360727,0.0027123260589305698
2017-04-06,-0.016579008947216076,-0.01400801700740506
2017-04-07,0.0034071879429636615,0.0036333867026827615
2017-04-10,0.014247070109711718,0.007139171463070859
2017-04-11,-0.012369726080337595,-0.0026604976978060746
2017-04-12,-0.019950577224265423,-0.010415037792315784
2017-04-13,-0.010161256232382487,-0.006779075045878824
2017-04-14,-0.004379981987301703,-0.004949789825515638
2017-04-17,-0.0034365122903032464,0.0010705334548095635
2017-04-18,0.00506899093494736,0.003450241453057723
2017-04-19,0.003861393210432095,0.0007388934286203241
2017-04-20,0.0014878704903858308,-9.271733419968786e-05
2017-04-21,0.01771322296150324,0.010323098474621428
2017-04-24,0.0019172459888948854,0.013701427674771338
2017-04-25,0.02563282501538468,0.010778263555788037
2017-04-26,0.02708676708940178,0.0110118965663204
2017-04-27,0.0004129477254726705,-0.001947208781363785
2017-04-28,-0.007827474687995238,-0.0028635612390315313
2017-05-01,0.008153093293456645,0.005927011330353782
2017-05-02,0.0033248125231672148,0.00700031334119422
2017-05-08,0.01644009197236975,0.02314136380172438
2017-05-09,-0.007457151929023776,-0.0026487743994609847
2017-05-10,0.010995640339499967,0.0028770772438644343
2017-05-11,0.0065399865916014,0.0030884753778788188
2017-05-12,-0.013848895508766498,-0.0038899979002602336
2017-05-15,-0.00919746209495015,-0.000706641100285621
2017-05-16,0.009396497942540747,0.0025149009231264507
2017-05-17,-0.007431658087750233,-0.005268092356192078
2017-05-18,-0.017172983725374878,-0.013173002968196124
2017-05-19,0.005262066080642079,0.0018871154751261
2017-05-22,0.003928539129634769,0.004467388314544518
2017-05-23,-0.002029954778977435,-0.0033031343350392595
2017-05-24,0.010129424339461682,0.006612926370536343
2017-05-25,0.0027309115096602896,0.0035531813819111857
2017-05-26,-0.005635754404187159,-0.006374106975891802
2017-05-29,0.00012903297073629759,-0.00021687235147371808
2017-05-30,0.0012786629622970691,-0.00023984180165748104
2017-05-31,0.007574552722644073,-0.0013862946112772612
2017-06-01,0.014475880890746171,0.010659180931851031
2017-06-02,0.011714402142314524,0.015974296676889654
2017-06-05,0.008822558891880465,-0.0003201117593688574
2017-06-06,-0.0022760504337622873,-0.009465154064987935
2017-06-07,0.007009674363073911,0.00023617485111260272
2017-06-08,-0.0005699954242464368,-0.0037708687100675986
2017-06-09,0.004900659092634524,0.005223699988061048
2017-06-12,-0.009835922450066622,-0.005230516603786817
2017-06-13,-0.0002478146994174822,-0.0004937608853280429
2017-06-14,-0.003739979625302353,-0.0007653982662227943
2017-06-15,-0.0007033994322216734,-0.0026001040041602197
2017-06-16,0.0005376889029543125,0.005619224628349295
2017-06-19,0.007157640533007432,0.006242220972800805
2017-06-20,0.00972799592078729,0.008105550260990801
2017-06-21,-0.002668342015750935,-0.0045288796936079345
2017-06-22,-0.0034664643820281724,-0.0014042203226438676
2017-06-23,-0.002060672850448345,0.0011019191710335274
2017-06-26,0.005710736646125044,0.0010271706425550864
2017-06-27,0.004912544597010256,0.0035597176531700914
2017-06-28,-0.0076564030148306185,-0.004681298734960038
2017-06-29,0.0019343098411369105,0.004465414479997154
2017-06-30,-0.013131946187044446,-0.009241756379968491
2017-07-03,0.004054301861806186,0.0011166881606876622
2017-07-04,-0.014313012770731007,-0.0011692962116438554
2017-07-05,0.004886706325788698,0.002460083363208465
2017-07-06,-0.0019134792556052768,-0.004360717170494022
2017-07-07,-0.005120941013363146,-0.0032495001689466507
2017-07-10,0.017039615865505377,0.007621553527575431
2017-07-11,0.009846570959939752,0.005701912821347799
2017-07-12,-0.006708669423551896,-0.004807987090242771
2017-07-13,0.007516069473425343,7.113446152717806e-05
2017-07-14,0.006811351630601671,0.0009477118244760607
2017-07-17,-1.3956698694682609e-05,0.0
2017-07-18,-0.0012375739001243044,-0.0059123241796603665
2017-07-19,0.004515075128047486,0.0010474656429120266
2017-07-20,0.012195359828790735,0.006180077809472051
2017-07-21,-0.00019251822483635182,-0.00222590006040313
2017-07-24,-0.004860990235970983,-0.006173214996455179
2017-07-25,-0.006429357107782209,-0.0010247818073216841
2017-07-26,-0.00411638214782992,0.004758706563589454
2017-07-27,-0.0017693638579175965,0.0014703358237670994
2017-07-28,-0.013442163476817618,-0.005966281144536123
2017-07-31,0.008057597878958916,-0.0017364947074388626
2017-08-01,-0.0045855508905914485,0.003041848352214549
2017-08-02,0.006812609751311263,0.004715850833072466
2017-08-03,0.0030691240128422363,-0.0025288445264946002
2017-08-04,-0.006623895985788583,-0.003840865234172597
2017-08-07,0.01203164241558413,0.005190398638630134
2017-08-08,-0.004619122877880465,-0.0029856993386450092
2017-08-09,-0.010657693190985954,-0.012867508625011848
2017-08-10,0.010003857063604335,-0.000454472592126387
2017-08-11,-2.9507365438572344e-05,0.0
2017-08-14,-0.009725912568466931,-0.00976397168495724
2017-08-15,0.01201801117092746,0.011066685527684417
2017-08-16,-0.0019382714931944645,-0.0012165682275370182
2017-08-17,-0.001887335667865007,-0.0013507050662626696
2017-08-18,-0.012837586755017966,-0.011786278938200945
2017-08-21,0.00027792583829431856,-0.003969063633217473
2017-08-22,0.0031306680541448107,-0.00047908796637174955
2017-08-23,0.006179056688622156,0.0026207800755422284
2017-08-24,-0.0071632179384524585,-0.004161182874972802
2017-08-25,0.003093938919102403,0.005107007376025985
2017-08-28,0.002053458089724683,-0.0001392607193604345
2017-08-29,0.0005701257631382693,-0.004491005486953692
2017-08-30,0.007220136255693703,0.007436431432858104
2017-08-31,0.004164885872237799,0.007161761060093141
2017-09-01,0.003331884123600402,0.002302245529445468
2017-09-04,-0.010210636282562531,-0.009304571806103001
2017-09-05,-0.009100046641585266,-0.006276290960234743
2017-09-06,0.004404541075569588,-0.0014360938730254569
2017-09-07,0.002801655135126008,0.001991367210757211
2017-09-08,-9.148361320187372e-05,-0.006274281246897329
2017-09-11,0.011920761803700755,0.014057159255294716
2017-09-12,0.004593774424801118,0.01181071991081839
2017-09-13,0.00910736194684664,0.0045104358455163585
2017-09-14,-0.010224168038146273,-0.0029387590573476396
2017-09-15,0.009977010075992823,0.005152637074394617
2017-09-18,-4.0485570767422e-05,0.0
2017-09-19,0.015147600661884867,0.019582654480273298
2017-09-20,-0.0032617569547380033,0.0005458333040675445
2017-09-21,-0.004710106115822415,0.0018226829693288593
2017-09-22,-0.011024765911771208,-0.0025079886464751677
2017-09-25,0.005153772924379704,0.004982687281161136
2017-09-26,-0.0017492156698301388,-0.00330385392492083
2017-09-27,0.0070191376134911615,-0.003105660772152574
2017-09-28,0.016393424197005353,0.004739643413676609
2017-09-29,2.221088990396628e-05,-0.00033541430236505576
2017-10-02,0.0014578722474278096,0.0021860576459487024
2017-10-03,0.010007151479817613,0.010455042551128058
2017-10-04,-0.002447882696981102,0.0006107403127642019
2017-10-05,-0.0033281248182351134,9.213273552788337e-05
2017-10-06,0.006392591086370689,0.003012832159751122
2017-10-09,-2.7015363981609374e-05,0.0
2017-10-10,0.0033146679005563117,0.006418282509776718
2017-10-11,0.0040904656314789565,0.002773776672381656
2017-10-12,-0.0017745609087729318,0.003517562558400744
2017-10-13,0.010702565712686355,0.009566292350778216
2017-10-16,0.00044678039320477937,0.004744977866310007
2017-10-17,0.0036221365290177113,0.003790000906931823
2017-10-18,-0.006272258176832792,0.001262255822977787
2017-10-19,0.00029497499054995677,0.004000774555805275
2017-10-20,0.0008208608932024198,0.0004252551667591753
2017-10-23,0.012138804591072899,0.011138678748610076
2017-10-24,0.004527459670240314,0.00500167211510627
2017-10-25,0.0015527944252094223,-0.004473745519962047
2017-10-26,0.0009790443900688222,0.0014815146719528993
2017-10-27,0.002526646958954568,0.01235844753555626
2017-10-30,0.0019563262198286683,0.00014633939415675812
2017-10-31,-0.0038383547805967795,-2.7506715853942154e-06
2017-11-01,0.02495532746885088,0.018557057603835414
2017-11-02,0.005827963439432442,0.0053094842696901345
2017-11-03,-5.502540747984548e-05,0.0
2017-11-06,-0.005927350536346184,0.0004095310332408175
2017-11-07,0.017600201022730896,0.017262904236599264
2017-11-08,0.0017489030660952744,-0.0010366950892839455
2017-11-09,-0.005469736374709228,-0.001968653606635451
2017-11-10,-0.005946527330135435,-0.008189837028281355
2017-11-13,-0.00422058476040814,-0.013245629618199195
2017-11-14,-0.0001260702555203869,-4.38081040978755e-05
2017-11-15,-0.02205218057133324,-0.01571444591883886
2017-11-16,0.01599731262357254,0.014653810347120544
2017-11-17,0.0024687454345731327,0.0020438189397848916
2017-11-20,-0.006664924253715148,-0.006029477912669279
2017-11-21,0.01472763258826867,0.006950066156221402
2017-11-22,0.010130821774149458,0.004758549051609773
2017-11-23,-4.020483021663242e-05,0.0
2017-11-24,-0.005694322778032316,0.001229811028635286
2017-11-27,-0.006063654516485148,-0.0024326965923799904
2017-11-28,-0.012429282030626427,-0.00043341057221391033
2017-11-29,0.001968091014671596,0.0049345281033410515
2017-11-30,-0.004954990123381681,0.005653874071437581
2017-12-01,0.003817431128281934,0.004139428870030271
2017-12-04,-0.004276271437852403,-0.004902449581425494
2017-12-05,-0.003389689898705697,-0.0037335931173967385
2017-12-06,-0.020802022829694677,-0.019685894232058465
2017-12-07,0.014527456001720897,0.014473989673300158
2017-12-08,0.013400020241360637,0.013914586789763206
2017-12-11,0.0037248065744547743,0.005595981873186773
2017-12-12,-0.0008869321687114255,-0.003163232898780177
2017-12-13,-0.0128479908100245,-0.0047274908628920365
2017-12-14,0.004989300389898377,-0.002795539906345068
2017-12-15,0.0055594771019341245,-0.006223042218989727
2017-12-18,0.01982473339110443,0.015454503492563498
2017-12-19,-0.0027344298161010748,-0.0014745380789864537
2017-12-20,0.0075594891977766344,0.0010372880498950021
2017-12-21,0.005743591659527268,-0.001119229702400748
2017-12-22,0.007537556833325784,0.001603253588337017
2017-12-25,0.004419365138976102,0.0015901979607568784
2017-12-26,-0.004208830439806632,-0.0020266737960265013
2017-12-27,0.005565686202502538,0.0008090567258567383
2017-12-28,-0.004022300205568841,-0.005553197039522506
2017-12-29,-3.035798191665816e-06,-0.0008357194499493126
2018-01-01,-2.5990716030804934e-05,0.0
2018-01-02,8.080732219747693e-07,0.0
2018-01-03,-2.5197021883212893e-05,0.0
2018-01-04,0.03336482881787178,0.03256721268802787
2018-01-05,0.00836407667097134,0.00885715541550014
2018-01-08,-4.0416524248218717e-05,0.0
2018-01-09,0.004907686030290991,0.005712149535173294
2018-01-10,-0.004622387772716354,-0.002590819326036442
2018-01-11,0.0021646803998373286,-0.003269248358602206
2018-01-12,0.0006569824883976352,-0.002387530540192806
2018-01-15,-0.002897838667075774,0.0025814243140560578
2018-01-16,0.008783994556244014,0.009990760185764724
2018-01-17,-0.006095997175377446,-0.0034849433599870583
2018-01-18,-0.006981422293245245,-0.004397905502107502
2018-01-19,0.0076161776816541195,0.0018806847625658651
2018-01-22,-0.00140050135061099,0.0003473416590871192
2018-01-23,0.01101513818874467,0.01292475841115115
2018-01-24,-0.014219135457552188,-0.00760114204151463
2018-01-25,-0.009996583332523398,-0.011331672170563412
2018-01-26,0.0013180610174600724,-0.0015889389516881014
2018-01-29,0.0034146969492573212,-0.0001075248999485856
2018-01-30,-0.01819683830719236,-0.014277552519700865
2018-01-31,-0.00534292254525326,-0.00831538228746842
2018-02-01,0.018365314940546964,0.016790001694524825
2018-02-02,-0.013882095417991703,-0.009008732555346843
2018-02-05,-0.034984971349742246,-0.025454831382112908
2018-02-06,-0.05162245023079801,-0.04725491842274643
2018-02-07,0.0069860912222584155,0.001625567595223698
2018-02-08,0.009047071058363687,0.011341466748850726
2018-02-09,-0.03001773301201197,-0.023217006955671415
2018-02-12,-4.172276123827813e-05,0.0
2018-02-13,-0.004280206093128282,-0.0064510082800346424
2018-02-14,0.008157681625096735,-0.004260349741975866
2018-02-15,0.023401466582127533,0.014692637339250858
2018-02-16,0.009680011462728432,0.011892371932116896
2018-02-19,0.017855613227331573,0.019749355440199734
2018-02-20,-0.006054563600983466,-0.010118253366108165
2018-02-21,0.002466334850382506,0.0020848679510880874
2018-02-22,-0.010364186844868383,-0.01066738494922459
2018-02-23,0.007581176907810765,0.0071925231401006595
2018-02-26,0.0030108449381381014,0.01191495876164228
2018-02-27,0.014297189155394054,0.01066319634575974
2018-02-28,-0.015820112044321447,-0.01436450025157876
2018-03-01,-0.020313170448220248,-0.01557756883190542
2018-03-02,-0.020641697930459935,-0.0249870335412552
2018-03-05,-0.018107725737962804,-0.006588289534347647
2018-03-06,0.02777767301558571,0.017853260995679188
2018-03-07,-0.008838356189984024,-0.007705710788897924
2018-03-08,0.006388720385969108,0.005427522009360475
2018-03-09,0.0046764352831356,0.004732711226190567
2018-03-12,0.016019836893196835,0.016527401628241067
2018-03-13,0.006604119645187176,0.0066014534044192
2018-03-14,-0.008379878574140872,-0.008685801242159785
2018-03-15,0.001786632853420643,0.0012242183209070223
2018-03-16,-0.007515901900712286,-0.005844787650459704
2018-03-19,-0.010787248834411962,-0.009024025413454706
2018-03-20,-0.01133271108766916,-0.0046520250866026736
2018-03-21,-1.2955103448413813e-06,0.0
2018-03-22,0.00952486362203562,0.009869501912705747
2018-03-23,-0.04869938005484338,-0.04511538069446508
2018-03-26,0.003794483355669173,0.007189894531667296
2018-03-27,0.02957214698161439,0.026544257876724542
2018-03-28,-0.008860886733465842,-0.013416778536526008
2018-03-30,0.015547340837087247,0.013952435646302552
2018-04-02,0.0023827102806331046,-0.003063288046303403
2018-04-03,-0.00437931283982807,-0.004501982612837407
2018-04-04,-0.012345739458675162,0.0012803564083680996
2018-04-05,0.011577709246130897,0.015284990944161692
2018-04-06,-0.0011119561632073913,-0.003598931825123608
2018-04-09,0.0064979663858943165,0.005134583706510432
2018-04-10,0.0008564779277824716,0.005353776000924126
2018-04-11,-0.010161085536538541,-0.004919662627125065
2018-04-12,-0.0029413157719185156,-0.0012366943013627507
2018-04-13,0.005429471786161612,0.00546904016685934
2018-04-16,0.005464920123456636,0.002607545794148569
2018-04-17,0.0030764776659132718,0.0005523359068162481
2018-04-18,0.014801441708083632,0.01421710024865086
2018-04-19,0.005712604085245028,0.0014884092531350923
2018-04-20,0.007558452595503151,-0.0013040971022059145
2018-04-23,0.00025206355936950917,-0.0033480898632218814
2018-04-24,0.005894467397228035,0.008605566007337861
2018-04-25,0.0003767932515548302,-0.0028188568221849675
2018-04-26,-0.0002553794281814234,0.004694465847576268
2018-04-27,0.00880967830859339,0.006642578870177829
2018-04-30,-2.7973796032063733e-05,0.0
2018-05-01,0.0061203023199652195,0.0017874483778874684
2018-05-02,-0.0017403764283131502,-0.0015661077891387931
2018-05-03,-1.593573929949402e-05,0.0
2018-05-04,-1.4335431280742692e-05,0.0
2018-05-07,0.010224467536089212,-0.0002500420865069186
2018-05-08,0.0004162765405988476,0.0018484444222670593
2018-05-09,-0.0085145943109509,-0.004434225011538562
2018-05-10,0.0001871654804452535,0.003940349751471839
2018-05-11,0.012322992635623189,0.011614823941473285
2018-05-14,0.0027546039406169485,0.004718193132333459
2018-05-15,-0.0026189273726258196,-0.0020921953102844837
2018-05-16,-0.0005555885343361147,-0.004417081962874381
2018-05-17,0.009007693282267326,0.005332457758952636
2018-05-18,0.006903131429569406,0.004027881054403659
2018-05-21,0.000931034812406042,0.003140367948332612
2018-05-22,-0.0028392398110413815,-0.0018271725237540837
2018-05-23,-0.012077606152002861,-0.011785522828341777
2018-05-24,-0.010183404632655681,-0.01113853513259322
2018-05-25,0.0011442951239751856,0.0006141324988908625
2018-05-28,-0.003541322749696791,0.0013496532868242372
2018-05-29,-0.002906102999369574,-0.005456148127271576
2018-05-30,-0.010888767877973398,-0.015202774121477525
2018-05-31,0.01009207195386807,0.00832484586394866
2018-06-01,0.002430573019024732,-0.0013724416600130462
2018-06-04,0.014295461513415486,0.01373799291050859
2018-06-05,-0.00016176328298466797,0.002829675240389351
2018-06-06,0.00030812560321287995,0.0038240092670485115
2018-06-07,0.007866593508341678,0.008730294791932547
2018-06-08,-0.0007670981857382802,-0.005641602774855592
2018-06-11,0.0015185613751895258,0.004826678820859742
2018-06-12,0.0033943347688329436,0.0032586572348580756
2018-06-13,0.004492444067377871,0.00384779721890105
2018-06-14,-0.006094044528926532,-0.009917604596460516
2018-06-15,0.014005132001900794,0.004975705555872345
2018-06-18,-0.00446085108602811,-0.007501391441574468
2018-06-19,-0.019320647162234826,-0.017717978882616947
2018-06-20,0.011116806910704775,0.012431243645116385
2018-06-21,0.0037194681104332824,0.006100942296668466
2018-06-22,-0.0014021596286395612,-0.007764891422858522
2018-06-25,-0.007938018442126004,-0.007935383749846148
2018-06-26,0.005056636504653836,0.00017233339858857555
2018-06-27,0.0009143228424206366,-0.0031434280167397244
2018-06-28,-0.004169617059989116,-6.191273881783754e-05
2018-06-29,-0.001028653562277764,0.001532040510627608
2018-07-02,-0.026383639387072434,-0.022084326591394032
2018-07-03,-0.0013637750188069551,-0.0012099170214694421
2018-07-04,0.0009441509892244452,-0.0031442875846900975
2018-07-05,-0.008745067309016209,-0.007830203170681393
2018-07-06,0.01343639244866925,0.011191836446849956
2018-07-09,0.013489455717859885,0.0121184761492239
2018-07-10,-0.004879534128191985,0.006562205620972206
2018-07-11,-0.009987936003191858,-0.011924178569492794
2018-07-12,0.010374117242499153,0.011660931072057013
2018-07-13,0.012505108132131532,0.01845093711081347
2018-07-16,-2.6150697337596903e-05,0.0
2018-07-17,0.010091146555974392,0.00442572989106238
2018-07-18,0.00493981961693268,0.00426613847563484
2018-07-19,-0.0078315780106005,-0.001294617897499073
2018-07-20,-6.584465297530855e-06,-0.002934318823808346
2018-07-23,-0.01071499540197981,-0.013256331146690337
2018-07-24,0.002804207780573015,0.00506720917352621
2018-07-25,0.009543261626948445,0.00460983191336406
2018-07-26,0.0036135619222007,-0.0012107790165493126
2018-07-27,0.003958320382114105,0.005573187615834252
2018-07-30,-0.014693546264650496,-0.007392770855576658
2018-07-31,-0.006169533641480436,0.00039391982540348813
2018-08-01,0.006417592054574527,0.008556393783765381
2018-08-02,-0.005510117322251146,-0.010294677026457255
2018-08-03,-0.004123896163721404,0.0005619266701746284
2018-08-06,-0.0038489167233628024,-0.0007928627095441509
2018-08-07,0.0034718389340170886,0.0069053054613827936
2018-08-08,-0.00883492976570414,-0.0008132153177154988
2018-08-09,-0.0023588229416573805,-0.0020278790020982207
2018-08-10,-0.01341795506885944,-0.013289023623778484
2018-08-13,-0.017997699402959418,-0.019761808598816932
2018-08-14,0.02222664354514155,0.022813770775168996
2018-08-15,0.0006823405321250021,-0.006792755012028806
2018-08-16,-0.0063587050982428246,-0.0005486182464078393
2018-08-17,0.003193345105748015,0.0035301756929304595
2018-08-20,0.0003384810329696042,-0.003205192575094662
2018-08-21,0.000769709104158687,0.0009338469638271452
2018-08-22,0.006173722677005098,0.006427634786158265
2018-08-23,0.001438743070494123,0.0021584984522637907
2018-08-24,0.008620980277376457,0.008520402916420533
2018-08-27,0.006448945110719854,0.008754672658546347
2018-08-28,-0.0019269417449585523,0.0006065919350428661
2018-08-29,0.003670802341025183,0.0015232228560138061
2018-08-30,0.0003835223429211814,0.0009313327786653058
2018-08-31,-0.0023188209645297777,-0.0001901925872886956
2018-09-03,-0.008243762304564613,-0.006899999718116279
2018-09-04,1.7477578967540694e-05,-0.00046154458829505973
2018-09-05,-0.006431875027347529,-0.005113927915370464
2018-09-06,-0.006536488226931706,-0.0041136939908150705
2018-09-07,0.0009860179610316224,-0.008043373943932619
2018-09-10,0.001489539876023394,0.0029600178264745924
2018-09-11,0.013616450775025374,0.013033497447669573
2018-09-12,-0.0015370560335626385,-0.002650822913292439
2018-09-13,0.010168316161170286,0.009587024217267537
2018-09-14,0.005045393748358266,0.011977817480843811
2018-09-17,-3.921529448604706e-05,0.0
2018-09-18,0.021969151181452345,0.014110144969698757
2018-09-19,0.012428146505820914,0.010758952562003987
2018-09-20,-0.00023033041418880627,0.00010181240939810543
2018-09-21,0.00915558365596085,0.008236560892637357
2018-09-24,-3.944867735515771e-05,0.0
2018-09-25,0.004258759583162948,0.002946388156385371
2018-09-26,0.01146894439711951,0.003906778697919444
2018-09-27,-0.010373050255764547,-0.009863148399470112
2018-09-28,0.016643738404528277,0.013585845159497456
2018-10-01,0.002670822522887035,0.005212292683242747
2018-10-02,-0.003117609193223783,0.001025308146261672
2018-10-03,-0.004644051609284034,-0.006578250113848938
2018-10-04,-0.0064527333926121064,-0.005613289210074646
2018-10-05,-0.006001467491704678,-0.00800389914331101
2018-10-08,-1.4005309194895507e-05,0.0
2018-10-09,-0.012059642237467262,-0.013216186064769042
2018-10-10,0.007340480068608253,0.001561541928615906
2018-10-11,-0.0384560843651642,-0.038933811224708514
2018-10-12,-0.0006957955915708824,0.0045948133059900975
2018-10-15,-0.011065767823302835,-0.018654580949228672
2018-10-16,0.01292548372079823,0.01247971350461019
2018-10-17,0.011691427123616501,0.0129440683240869
2018-10-18,-0.008229695438859982,-0.008010070927286117
2018-10-19,-0.003447190671417567,-0.005564444652855993
2018-10-22,0.0027673769550549255,0.003672108127084517
2018-10-23,-0.029420186113687557,-0.026709963080764565
2018-10-24,0.00296771583766716,0.0036527734679714374
2018-10-25,-0.03716946238867617,-0.03722975551257557
2018-10-26,-0.006626593231320232,-0.003955612653919971
2018-10-29,-0.006520048827087384,-0.00164264743099507
2018-10-30,0.007888597601446286,0.014538589957906245
2018-10-31,0.00339383580302556,0.021585759209883815
2018-11-01,-0.018779089005032532,-0.0106206957754581
2018-11-02,0.015212682379778616,0.02563716011695516
2018-11-05,-0.017392972198726094,-0.01549519815776157
2018-11-06,0.017159784843885195,0.011359417167761565
2018-11-07,-0.0069672472168606,-0.0027970885868767725
2018-11-08,0.02384356523464577,0.018161856325605186
2018-11-09,-0.004415684755345563,-0.010524781637380687
2018-11-12,-0.00036152976050299866,0.000882275901394447
2018-11-13,-0.016875787906524175,-0.020627022256009098
2018-11-14,0.001366140429192472,0.0016487886704612542
2018-11-15,0.0011239706431290504,-0.001961932869979255
2018-11-16,0.0011932747599832253,-0.005654074953332144
2018-11-19,0.002709577092968177,0.006495300051331698
2018-11-20,-0.0047385318695404525,-0.010908724097184241
2018-11-21,-0.007933944646356116,-0.0035018144334263424
2018-11-22,0.008023360987486768,0.006463394921475629
2018-11-23,-1.2543125246085103e-05,0.0
2018-11-26,0.005295377116989013,0.007643213943041127
2018-11-27,0.002921293422541738,0.006436841675453886
2018-11-28,0.01157210440322165,0.010232099297939445
2018-11-29,-0.00031256125705618216,0.003858953093512252
2018-11-30,0.008017211145149734,0.003973522367205939
2018-12-03,0.00376569854510277,0.010008438672556741
2018-12-04,-0.019404157253864865,-0.023863331878964278
2018-12-05,-0.0008300728716771701,-0.005296806777388419
2018-12-06,-0.012384908888924028,-0.019056738322348
2018-12-07,0.006985465978630221,0.008234754123258803
2018-12-10,-0.014046385573916804,-0.021181164818112275
2018-12-11,-0.007854600369933355,-0.0033686217276561736
2018-12-12,0.02272863501701712,0.021502272024955138
2018-12-13,-0.0006360223634323954,0.009880198267581575
2018-12-14,-0.014855334868662211,-0.020230818766417413
2018-12-17,0.0069010277073869595,0.006177863438790121
2018-12-18,-0.02058684391132031,-0.018200297996925574
2018-12-19,-0.009075483081343254,-0.006039620353506692
2018-12-20,-0.0249682436490849,-0.02836583358265521
2018-12-21,-0.01817601686276722,-0.011101617555634768
2018-12-24,-4.991624377668608e-05,0.0
2018-12-25,-0.03587807821610269,-0.050106105622915176
2018-12-26,0.007869130291357685,0.008943549578552146
2018-12-27,0.03714420489072333,0.03883459628688124
2018-12-28,-0.004323838708055962,-0.0031303317855965185
2018-12-31,-1.2518499621590611e-05,0.0
2019-01-04,0.0007642661957237879,-0.022623722598604457
2019-01-07,0.018812300852033243,0.02438455772143877
2019-01-08,-0.0006563712644332527,0.00823736716922574
2019-01-09,0.012750534402223807,0.011038460363548941
2019-01-10,-0.006671893847618782,-0.012887794845513167
2019-01-11,0.0006290955226838395,0.009715352756418882
2019-01-15,-0.0008823812818524936,0.009606715779468589
2019-01-16,-0.0019395976975340548,-0.005474944290874029
2019-01-17,0.0031225491417188143,-0.001980187046752513
2019-01-18,0.010427185765286633,0.012929972366355624
2019-01-21,-0.0012692861811696553,0.0025771597995960516
2019-01-22,-0.0024359057000611635,-0.004653621594493451
2019-01-23,-0.0036347363651835305,-0.001415389627547503
2019-01-24,-0.005204208105022099,-0.0009269740046101704
2019-01-25,-0.004069068424015047,0.009668688048872331
2019-01-28,-0.013442156184006578,-0.005996109650723169
2019-01-29,0.013453191984859367,0.0007574519347184339
2019-01-30,-0.01574354314977658,-0.005231233606318719
2019-01-31,-0.006490869978463111,0.010553876370695603
2019-02-01,-0.00396159254252242,0.0007172791118337241
2019-02-04,0.006963048454299477,0.00458808514668263
2019-02-05,0.003090554848805173,-0.001882816818159272
2019-02-06,0.0015649424062143726,0.0014205857787004117
2019-02-07,-0.017478170338893848,-0.005882001239015389
2019-02-08,-0.017424107023652713,-0.02014860717830369
2019-02-12,0.010975090541907881,0.02611698115273664
2019-02-13,0.0028206753528156546,0.01343302807326685
2019-02-14,-0.0019707839712219577,-0.00022556861858347155
2019-02-15,-0.0033070282258330697,-0.01130952446946154
2019-02-18,0.01109288008251426,0.018239581023412166
2019-02-19,0.005870453518329583,0.0009773953689080628
2019-02-20,0.006671434913967401,0.006048066385518913
2019-02-21,0.0030457862566652897,0.0015276695188692901
2019-02-22,-0.00284896401177814,-0.0018039641896956393
2019-02-25,0.00268243776806653,0.004794317813142657
2019-02-26,0.0021724332231096437,-0.0036621608944795714
2019-02-27,0.003983796768334277,0.004994041206007438
2019-02-28,-0.007216451514563337,-0.007948856806505922
2019-03-01,0.007462218694154812,0.01017197417674831
2019-03-04,0.003572613955805149,0.010153810239736938
2019-03-05,-0.002164396252041975,-0.004388213463954349
2019-03-06,0.0004529509657709888,-0.005959085227198679
2019-03-07,0.0012415128473076615,-0.006519517358565374
2019-03-08,-0.017084395124341185,-0.020061941780042836
2019-03-11,0.005192825254600766,0.004733728580177843
2019-03-12,0.017733970357411612,0.017921798779332088
2019-03-13,-0.006555659575554389,-0.00992616728470197
2019-03-14,0.002252781465136366,-0.0001512760349129394
2019-03-15,0.0046247341122512,0.0076962431440668055
2019-03-18,0.003350813646770075,0.006230540657307548
2019-03-19,-0.0045114760626033855,-0.000817734514350521
2019-03-20,0.0026864719505785956,0.001950693460657904
2019-03-22,0.004441249763175531,0.0008524221451879921
2019-03-25,-0.02159046531325032,-0.030065207901096014
2019-03-26,0.02359514493145987,0.02151303317976816
2019-03-27,0.0009315445115267342,-0.0023174935121847984
2019-03-28,-0.010306076177104785,-0.016136164101477224
2019-04-01,0.008706621860463884,0.014298852162700548
2019-04-02,-0.006071066434233505,-0.00017289250708030224
2019-04-03,-0.0002824956055122809,0.009667397742145534
2019-04-04,-0.0004984638021831148,0.0005406054997478815
2019-04-05,0.004813235460442322,0.003799814693180137
2019-04-08,-0.0027228356410093917,-0.0021024697638427625
2019-04-09,-0.002779681590068957,0.0018812660064899678
2019-04-10,-0.0030693543297945,-0.005275498556561287
2019-04-11,-1.1966772564733995e-05,0.0010978890918580397
2019-04-12,-0.0034484775294626588,0.007331624300223494
2019-04-15,0.012916085128225447,0.01365071679279195
2019-04-16,-0.00468812010571237,0.002370450718659045
2019-04-17,0.006678254952700413,0.0025340387027368294
2019-04-18,-0.009622500886811974,-0.008432166690732323
2019-04-19,0.007172493883016449,0.00499958400164946
2019-04-22,-0.0023026636381677503,0.0007810543212811716
2019-04-23,-0.004066730408122637,0.0018831592101140604
2019-04-24,-0.00027358951416502926,-0.0026837794936503956
2019-04-25,0.008623911577318987,0.004845949465090094
2019-04-26,-0.006734328932392032,-0.00218982109237853
2019-05-07,-0.014557419708245454,-0.015050713071679267
2019-05-08,-0.014166863515099288,-0.01464764415326758
2019-05-09,-0.014353580294237672,-0.009279395934696066
2019-05-10,0.0012376217678448228,-0.0026731421219649
2019-05-13,-0.008690369290612076,-0.007197994912248151
2019-05-14,0.00405758981163705,-0.00585376778754898
2019-05-15,0.008875121119225903,0.005759185019833302
2019-05-16,-0.0024020508827787084,-0.005926786666191064
2019-05-17,0.0055546192267607476,0.008883328514575739
2019-05-20,0.004852484418414265,0.0024301367843482247
2019-05-21,-0.0009100704420147535,-0.0013745948970181887
2019-05-22,-0.0034843122206103076,0.0005133363705658311
2019-05-23,-0.00291684911812002,-0.0062127624038905704
2019-05-24,0.0010188431289519992,-0.0016036923245126289
2019-05-27,0.0036302238559864125,0.0030950746747808733
2019-05-28,0.001007596493361985,0.0036615250167326696
2019-05-29,-0.011512035636985994,-0.012077600468599958
2019-05-30,-0.0066796906724171014,-0.002896670688528835
2019-05-31,-0.009366364519971785,-0.016298883430519218
2019-06-03,-0.0019211711494465105,-0.009237747858346745
2019-06-04,-0.005095433522718569,-0.00011473276881746042
2019-06-05,0.014676548907836236,0.018010135157120688
2019-06-06,0.001240336113337765,-9.91787156271462e-05
2019-06-07,0.004662947971912769,0.005327412481849869
2019-06-10,0.015637970830277532,0.011956544915669776
2019-06-11,0.0021522717985142815,0.003305478705270426
2019-06-12,-0.008209693276600207,-0.003516205040790421
2019-06-13,-0.004286952046010057,-0.004624798618873771
2019-06-14,0.0033202841796590096,0.004036260222518129
2019-06-17,-0.0013996791496490959,0.0003366677001008789
2019-06-18,-0.004534885208495158,-0.007161951453323212
2019-06-19,0.012804782019386528,0.017220387207036447
2019-06-20,0.0051758705250796715,0.006046265378527593
2019-06-21,-0.012559223434511824,-0.00951498336879919
2019-06-24,0.000544628715877493,0.0012865173205307556
2019-06-25,-0.0034059638241256784,-0.004330533204470743
2019-06-26,-0.004837081879631013,-0.005059057354875218
2019-06-27,0.008075098957208666,0.011930809106128093
2019-06-28,-0.0025251094784956864,-0.00291730735240725
2019-07-01,0.02864009064245347,0.021341064589323056
2019-07-02,0.004303071956876121,0.0011182172519683675
2019-07-03,-0.016234346730747518,-0.0053373143526244116
2019-07-04,0.0030938362191614962,0.002971096527420336
2019-07-05,0.0007916670350282505,0.002024271094114294
2019-07-08,-0.009187191859596322,-0.0097501856226615
2019-07-09,-0.006639347557279303,0.0014303093340970463
2019-07-10,-0.0027257113244575724,-0.0014685694883337375
2019-07-11,0.00672783253233023,0.005110591772876871
2019-07-12,-0.0022392164207743017,0.001957679506369603
2019-07-16,-0.0006431165583385763,-0.006946928092048554
2019-07-17,-0.00206849757853546,-0.0030680076850744253
2019-07-18,-0.01988726695005304,-0.019699842252065558
2019-07-19,0.018646181294004194,0.019991694255812265
2019-07-22,-0.007353257115782437,-0.0023385286585081433
2019-07-23,0.010242715881699165,0.009529523603160284
2019-07-24,0.01123414747681853,0.004102027743543291
2019-07-25,0.009474921649434035,0.0021640441553534284
2019-07-26,-0.007562783237271867,-0.004522793691627003
2019-07-29,-0.0004067405659982361,-0.0019091939352724463
2019-07-30,0.0068506669259368515,0.004279530840902268
2019-07-31,-0.00947201702886634,-0.00864980256257053
2019-08-01,0.003206553303662885,0.0009042543971458095
2019-08-02,-0.015576260500950236,-0.021068208712187286
2019-08-05,-0.019631680836514783,-0.017397842622315474
2019-08-06,-0.0037684144422772347,-0.006514316244230711
2019-08-07,-0.0002635454137321253,-0.0033397601577809244
2019-08-08,-0.0010731200245720418,0.003742784387497977
2019-08-09,0.0063961402649351734,0.004441759347559415
2019-08-13,-0.004783355874428717,-0.011089332946072727
2019-08-14,0.004630008123952791,0.009762264296868661
2019-08-15,-0.010848088751894148,-0.012078377544471719
2019-08-16,0.003918217185700863,0.0006449270666739615
2019-08-19,0.00020680013651818053,0.007069442612419596
2019-08-20,0.010611358026005359,0.005546839396683545
2019-08-21,-0.000887368743336849,-0.0028364735989946377
2019-08-22,0.002296041405527147,0.00045781317433424285
2019-08-23,0.0035469792733107976,0.004018826419364352
2019-08-26,-0.01360582524334707,-0.02172145455491925
2019-08-27,0.006751315469906206,0.009626407363578338
2019-08-28,0.0006839105581060598,0.001140973425058034
2019-08-29,-0.00462753245457919,-0.0009028690483195989
2019-08-30,0.011946954219948677,0.011897770865891832
2019-09-02,-0.004508244597150879,-0.004065793404679385
2019-09-03,-0.0017593940948797877,0.00024106001238743957
2019-09-04,0.0016800766947440572,0.0011626803655502282
2019-09-05,0.019695535820874844,0.02115336594667605
2019-09-06,0.0021726278217257863,0.005388939849116259
2019-09-09,0.004854290877139483,0.005606227278338816
2019-09-10,-0.011508165681685008,0.00345615143007838
2019-09-11,0.01026543415411853,0.009613836883962001
2019-09-12,0.012228212044490526,0.007493814688716016
2019-09-13,0.00496685936538048,0.010509365474305588
2019-09-17,0.000544560359803846,0.00059264501949019
2019-09-18,-0.0041028805016826,-0.001845769909405326
2019-09-19,0.001933987091602712,0.0038130951902384247
2019-09-20,0.0011935219387922834,0.0015713989792285332
2019-09-24,0.002931559635546884,0.0008945115102012569
2019-09-25,-0.003280698251234599,-0.0035607956653550543
2019-09-26,-0.0030892632609530227,0.0012756426841644686
2019-09-27,0.0035877288619065636,-0.007680424466982472
2019-09-30,-0.0075662951241698105,-0.005624622109789867
2019-10-01,0.0068238581369076895,0.005947846258951728
2019-10-02,-0.0034696243259463512,-0.004872272738752792
2019-10-03,-0.011128008760919553,-0.020059551696009037
2019-10-04,0.007365425932066073,0.0032077508030359247
2019-10-07,-0.0014712069392353192,-0.0016323630804608857
2019-10-08,0.007320675679273698,0.0099427747921077
2019-10-09,-0.0017017144629688915,-0.006086704690325462
2019-10-10,-0.001238729436641087,0.004455532832007281
2019-10-11,0.005915180995316899,0.011455498126169195
2019-10-15,0.01549118596573931,0.0187322468078861
2019-10-16,0.004167276281323614,0.011964986738893568
2019-10-17,-0.0035108865887175343,-0.0009371522235745999
2019-10-18,0.00010961293803554364,0.0018181261435057383
2019-10-21,0.0053765369276045855,0.0024995111256682634
2019-10-23,0.0028685610970698976,0.0033917604594944084
2019-10-24,0.0002871211805331435,0.0055344372224397365
2019-10-25,0.006940268659427735,0.0021630611212428708
2019-10-28,0.003819473236909157,0.0029587519701670395
2019-10-29,8.865665453155824e-05,0.004673112720299466
2019-10-30,-0.003972545912139748,-0.0057025756296037455
2019-10-31,-0.006308684367822254,0.0036737505661279535
2019-11-01,-0.0078125415920263,-0.0033266193267297295
2019-11-05,0.009769859356266857,0.01755830159576477
2019-11-06,0.0015082003749223546,0.002229059861223126
2019-11-07,-0.001230223067097431,0.0011371526060808268
2019-11-08,-0.0018023760547832839,0.002638147582226802
2019-11-11,-0.004808744330201621,-0.0025662462676292463
2019-11-12,0.009127088035729224,0.008064941433472361
2019-11-13,-0.005044102897748495,-0.008509376781488887
2019-11-14,-0.00692941192140779,-0.007646627787647242
2019-11-15,0.006752803612378235,0.006990436067969563
2019-11-18,0.004140327199990198,0.0048679523605976716
2019-11-19,-0.012659913300564193,-0.005300023412384669
2019-11-20,-0.005375708484229835,-0.006185645502282178
2019-11-21,-0.00929456100763368,-0.0047514914696743515
2019-11-22,0.0026131030783547015,0.0032250590530338297
2019-11-25,0.006169347436762385,0.007784823042819244
2019-11-26,0.007522559099908614,0.0034564212619589973
2019-11-27,0.0050383911008691105,0.002757383969770544
2019-11-28,-0.0022440469936249375,-0.001221485952911494
2019-11-29,-0.004751973404136884,-0.00492245617196807
2019-12-02,0.00929909632821869,0.010113795501473177
2019-12-03,-0.004191571088259624,-0.006361777901145338
2019-12-04,-0.009072305129577027,-0.010461165954900875
2019-12-05,0.013199620874813706,0.007125901564831283
2019-12-06,0.007403844105954094,0.0023309157706774553
2019-12-09,0.002422277956027308,0.003267000087727734
2019-12-10,0.0007137785594104056,-0.0008753373270476983
2019-12-11,0.0009398359739053601,-0.0007829957190950143
2019-12-12,0.0016319139070352848,0.001408659796844347
2019-12-13,0.019402453672772022,0.02554082823008419
2019-12-16,-0.002938699550827835,-0.0029450820731056204
2019-12-17,0.004920124071408689,0.004749827599605183
2019-12-18,-0.005866211999930553,-0.00547198542297167
2019-12-19,-0.0022465567108681454,-0.0029071124331547793
2019-12-20,0.0029794658432438733,-0.0020204925146922736
2019-12-23,-0.001744337450844501,0.00018804152658891127
2019-12-24,0.00022759977928973202,0.0003975760732175537
2019-12-25,-0.0013419000921075063,-0.00200208880117847
2019-12-26,0.007582813177134859,0.005972819360442694
2019-12-27,0.0008356901002267543,-0.003644702637866426
2019-12-30,-0.003238742484456541,-0.007597268411499547
2020-01-06,-0.010578045097731055,-0.019096548113639922
2020-01-07,0.014845512544102159,0.0159820545400311
2020-01-08,-0.013432481669831981,-0.015734871572805398
2020-01-09,0.02265441628589653,0.02306032815701453
2020-01-10,0.009730314744068987,0.0046630910734701825
2020-01-14,0.0011761939271135082,0.007320563285796666
2020-01-15,-0.009831550195234164,-0.004519836658933629
2020-01-16,-0.0014531466441522775,0.0006920212336352094
2020-01-17,-0.0005799764775789739,0.004517959095504009
2020-01-20,0.00580102254577653,0.001757395428188424
2020-01-21,-0.006813689201183375,-0.00909125043985537
2020-01-22,0.011363884044460282,0.006988985285205196
2020-01-23,-0.004391049260389294,-0.009816766851827863
2020-01-24,0.001708367416849547,0.0013338788904289078
2020-01-27,-0.017429442407092162,-0.020299083996447087
2020-01-28,-0.006556785521371238,-0.005474704935467423
2020-01-29,0.003657543138930057,0.007050805102013724
2020-01-30,-0.02673486040711422,-0.017179670304378725
2020-01-31,0.015661081078162612,0.009897822349882013
2020-02-03,-0.00836882403285061,-0.010051214320078716
2020-02-04,0.00957902019143175,0.004903825854794208
2020-02-05,0.009366843872642496,0.010178682173494158
2020-02-06,0.021936604576957435,0.023758136254812268
2020-02-07,-0.0004091345259945954,-0.0019104531534012148
2020-02-10,-0.010194830251637489,-0.005959380409356618
2020-02-12,0.004889271851733616,0.007398066927446267
2020-02-13,-0.00510795674398153,-0.0014031336815929496
2020-02-14,-0.0035446693771106885,-0.005881408856113879
2020-02-17,-0.008213694208311435,-0.006938215768640732
2020-02-18,-0.020632914451738746,-0.014004850090489795
2020-02-19,0.011321785753195134,0.008920419704012472
2020-02-20,0.004354689815460627,0.003352514005741325
2020-02-21,0.0008145328167095372,-0.003935839019409304
2020-02-25,-0.03507843826154148,-0.03340910577082312
2020-02-26,-0.01188605297377939,-0.007928221690569393
2020-02-27,-0.02923737089814599,-0.02131253663820265
2020-02-28,-0.039949118853433614,-0.03668949678638311
2020-03-02,0.012576109305513892,0.00951234508825527
2020-03-03,-0.01619690943554916,-0.01224459468004202
2020-03-04,-0.002940549541002717,0.000822003494788559
2020-03-05,0.007202715131490364,0.01085582637268434
2020-03-06,-0.03038430061420649,-0.02716329431164788
2020-03-09,-0.04943477138619006,-0.05065074202701236
2020-03-10,0.011672067103653053,0.008546699234019517
2020-03-11,-0.02678929300632374,-0.02270377454110395
2020-03-12,-0.04277695854445814,-0.04410934367619912
2020-03-13,-0.05649913874390236,-0.06080832569764838
2020-03-16,-0.028028326025283316,-0.024611925243857025
2020-03-17,0.01921373223237938,0.0005581821298088485
2020-03-18,0.007134150047838708,-0.016752080935918623
2020-03-19,0.005688170193828022,-0.010385925071876523
2020-03-23,-0.007718755913704451,0.020235163242124043
2020-03-24,0.02638480402382075,0.07132792839866764
2020-03-25,0.06009167622779142,0.08038100530880898
2020-03-26,-0.022099291194892758,-0.045124464484218696
2020-03-27,0.04591400406941257,0.03883448310141757
2020-03-31,-0.004403983625659638,-0.008800691398100913
2020-04-01,-0.026831375953225337,-0.04501766504992144
2020-04-02,-0.004556075185941011,-0.013655347484023417
2020-04-03,0.0012211550423436453,8.242735404362378e-05
2020-04-06,0.03916497054668732,0.04243003869930262
2020-04-07,-0.002466999865054821,0.020126660881125247
2020-04-08,0.01118771830037644,0.021269484169633923
2020-04-09,-0.005004147821784725,-0.0003860182085545505
2020-04-10,0.0014400756465951514,0.007894773506077923
2020-04-13,-0.005463102505747853,-0.023340236909249468
2020-04-14,0.006174124587922973,0.03126595797161924
2020-04-15,0.0014936662528822402,-0.004517621009339501
2020-04-16,-0.00438005732655866,-0.013293577015610736
2020-04-17,0.00859739812395813,0.031469895151986726
2020-04-20,-0.00832316873117823,-0.011465931876415536
2020-04-21,-0.007494304001668525,-0.019743631678345697
2020-04-22,-0.0019832326110571486,-0.007407899645848315
2020-04-23,0.0024606533159094953,0.015231006783601453
2020-04-24,-0.0005354080729151386,-0.008617822121372076
2020-04-27,0.005243412648585894,0.027059531882722476
2020-04-28,-0.004051496402751178,-0.0006081542626726888
2020-04-30,0.003977964587435969,0.021369478098507644
2020-05-01,-0.01501893226001913,-0.028441550766797552
2020-05-07,0.011232419682432652,0.002824758362454549
2020-05-08,0.008947802420709718,0.025632844730352433
2020-05-11,-0.005432413756295473,0.010484631077923856
2020-05-12,0.009330098213575578,-0.0011858217102690416
2020-05-13,0.005309368477691351,-0.00488202601586285
2020-05-14,-0.007765809832786147,-0.01738148723152666
2020-05-15,0.004343803417367512,0.006160821790741844
2020-05-18,0.006375965536305005,0.0048039878411394454
2020-05-19,0.0009298938481010305,0.014886399242564519
2020-05-20,0.00689317322174204,0.007913552437667892
2020-05-21,-0.0027841927683394012,-0.0020800937569021016
2020-05-22,-0.0027198385420085847,-0.007986955542084284
2020-05-25,0.006641997839798695,0.017338015380786498
2020-05-26,0.015083316909724897,0.02552928630449469
2020-05-27,-0.0042045691378918655,0.006960620756582658
2020-05-28,0.013580443535044152,0.02320718659105081
2020-05-29,0.009938201624378076,-0.0017530287222763397
2020-06-01,0.002509893165911054,0.008433171330931355
2020-06-02,0.007853166520524521,0.011930654047151767
2020-06-03,-0.0006299308183450023,0.012906720071330646
2020-06-04,0.009005351641884549,0.0036252471769253614
2020-06-05,-0.0030816908451957105,0.0074018398448427725
2020-06-08,-0.0008920458047172772,0.013749687132407207
2020-06-09,-0.00428116507414483,-0.003756576853469973
2020-06-10,0.008079983728480575,0.0014689653474906361
2020-06-11,-0.01558691796299692,-0.02819634570143481
2020-06-12,0.0011660812470576554,-0.0074502895413141035
2020-06-15,-0.020434953740357472,-0.03472380929364505
2020-06-16,0.033429282568626685,0.048825609501438993
2020-06-17,0.002373803422007764,-0.005599592184528546
2020-06-18,0.0037541299712884075,-0.004466507888035709
2020-06-19,0.0016949247618186722,0.005516688980146345
2020-06-22,0.002355482502806512,-0.0018470537329461356
2020-06-23,0.0017871269911280806,0.0049819453229063
2020-06-24,-0.00012127640339307744,-0.0006532633631854967
2020-06-25,0.0011124697391082592,-0.012182805879781267
2020-06-26,0.005855512264688721,0.011333935596452793
2020-06-29,-0.0057823180111359175,-0.022967269742763974
2020-06-30,0.002436319819860704,0.013325803226224675
2020-07-01,-0.0031610944221088432,-0.007466309507368374
2020-07-02,0.0010371624858861452,0.0010953242913898098
2020-07-03,0.009728969610970232,0.0072482531556439245
2020-07-06,0.006290323412802743,0.01828881005887628
2020-07-07,0.004509184066349369,-0.004391479710773916
2020-07-08,-0.0031928201708809477,-0.007784279455390619
2020-07-09,-0.0004963013826883391,0.004039399442351099
2020-07-10,-0.004316207870716574,-0.010585265916000286
2020-07-13,0.01315491264993341,0.022158444461287008
2020-07-14,-0.008576753310226823,-0.008678197193211279
2020-07-15,0.009879695396204244,0.015871522529758764
2020-07-16,-0.01864531053270111,-0.00763289642849363
2020-07-17,0.0045602454792769,-0.0032471798932686147
2020-07-20,0.004762472943079476,0.0009279237407262553
2020-07-21,0.016507102554533474,0.007339732705146096
2020-07-22,-0.0037144773505346698,-0.005794880666698421
2020-07-27,-0.002435197787930968,-0.0015717466415493542
2020-07-28,0.0032720174445013592,-0.002573918695775723
2020-07-29,-0.0016761271936371472,-0.011487271454295511
2020-07-30,0.0005140074864898279,-0.0025842132250604166
2020-07-31,-0.018172045921546146,-0.02816706106462441
2020-08-03,0.026077284229267257,0.022357478552510468
2020-08-04,0.005518752896957506,0.017043154126153315
2020-08-05,-0.00549586544111433,-0.0026052729804526553
2020-08-06,-0.0029518032739852453,-0.004294908490516169
2020-08-07,-0.006176964831869715,-0.003934799970692016
2020-08-11,-0.0007400211892713828,0.018822298292939577
2020-08-12,-0.009929662582435507,0.004119547844747107
2020-08-13,0.016594729775334348,0.017757359969658326
2020-08-14,0.007760452048593181,0.0017097061442563621
2020-08-17,-0.009428899983527927,-0.008270273642939086
2020-08-18,0.007548375858756862,-0.0019773310909543262
2020-08-19,0.004270558933808424,0.002582494905802424
2020-08-20,-0.013468083949132426,-0.009951716574976732
2020-08-21,0.004468881913845422,0.0017342905094095418
2020-08-24,0.005700599574263936,0.0028450317906971723
2020-08-25,0.001545618187624676,0.013541564611740275
2020-08-26,-0.0010418582950012557,-0.000253689947959157
2020-08-27,6.542517179231928e-06,-0.00352069447845349
2020-08-28,-0.018406324674571668,-0.014055364768437717
2020-08-31,0.011447386061324593,0.011235996294613582
2020-09-01,-0.0023662511959303342,-7.30108325286416e-05
2020-09-02,0.008411603088921759,0.004714311809575156
2020-09-03,-0.0009123038272666817,0.009393792468347817
2020-09-04,-0.005425165523636745,-0.011084327401455152
2020-09-07,-0.002699524194481651,-0.004976441733901882
2020-09-08,0.0015617650284555152,0.007976701848934287
2020-09-09,-0.003517304556069977,-0.010380271484023429
2020-09-10,0.0074523424444968775,0.008810650014500654
2020-09-11,0.0058203605414880195,0.0073602783190873655
2020-09-14,-0.001209402780574801,0.0065285544883009194
2020-09-15,-0.0045353923442288425,-0.004431801996988671
2020-09-16,-0.003314929201575196,0.000879930424958042
2020-09-17,-0.00408269280920915,-0.006652039844349256
2020-09-18,0.004831360761337357,0.001755263634198867
2020-09-23,0.0012146449954248066,-0.0005911973053910335
2020-09-24,-0.015575022561799268,-0.01107960636816141
2020-09-25,0.005561240083114486,0.005058893673984599
2020-09-28,0.009703807830569684,0.013230124491141693
2020-09-29,0.010980671064395334,0.0011688037555235287
2020-09-30,-0.011901105301600216,-0.015037978283970466
2020-10-02,-0.010034295486351102,-0.006694757488997616
2020-10-05,0.013518978970266802,0.012255382332869047
2020-10-06,0.0052718751110299835,0.005215730537400987
2020-10-07,0.0034206363436876603,-0.0004655748799599069
2020-10-08,0.011837626908231993,0.009573996513149385
2020-10-09,-0.001983994445367019,-0.001157896475679987
2020-10-12,-4.5221721335364615e-05,-0.002582591109889898
2020-10-13,0.0037115673140298163,0.0018290424786038262
2020-10-14,-0.0019450187263857122,0.0010571733410922324
2020-10-15,-0.003438725472199374,-0.005057830585491141
2020-10-16,-0.004823830768281021,-0.00410935731044193
2020-10-19,0.005162922876319792,0.011127423330229425
2020-10-20,-0.00026491259911804653,-0.004397415463307852
2020-10-21,0.0053908038276612325,0.0030730154436429125
2020-10-22,-0.002553739864471957,-0.006987951488688582
2020-10-23,-0.003844501735594725,0.0018028383138253279
2020-10-26,-0.0015306045746082697,-0.0009461405819395363
2020-10-27,-0.0014703078402292973,-0.0003634519018959059
2020-10-28,-0.0019406277432441543,-0.002865178677608604
2020-10-29,-0.007176785230622018,-0.003696661886960606
2020-10-30,-0.014993698247125199,-0.015206991020306204
2020-11-02,-0.0018250238960089472,0.013855063598817718
2020-11-04,0.0038633707099395486,0.017159980904289496
2020-11-05,0.004344574226305709,0.01730512090463887
2020-11-06,0.004997751524034717,0.009124605824563758
2020-11-09,0.014414108547735357,0.021155375101629792
2020-11-10,-0.012836301512717939,0.002646957484975232
2020-11-11,0.014001811335469974,0.01782771532055971
2020-11-12,0.000332294785091998,0.006756763524448539
2020-11-13,-0.007011042505545983,-0.005290245250308634
2020-11-16,0.01962041147822798,0.020525613836130052
2020-11-17,0.003635362953983056,0.004156781773216434
2020-11-18,-0.010512882125680696,-0.011012212559269319
2020-11-19,-0.002940432292212433,-0.003645843771502677
2020-11-20,0.00018763463276668367,-0.004172945501113801
2020-11-24,0.02315390991222295,0.025001428843261397
2020-11-25,0.004091473672720822,0.0050168764409244115
2020-11-26,0.014707033728649763,0.009143722010529931
2020-11-27,0.005406313565481129,0.004047146768520138
2020-11-30,-0.005208487924581172,-0.007922465264125211
2020-12-01,0.013357157565171305,0.013389007384579932
2020-12-02,-0.000946549014071566,0.0005017783163521194
2020-12-03,0.006935100721878182,0.0003129986936403206
2020-12-04,0.0004234777099488866,-0.0021682310368845714
2020-12-07,-0.015523771620363256,-0.007618367577145735
2020-12-08,0.004837793181610692,-0.003027010388022222
2020-12-09,0.018371961667883602,0.0132564443816372
2020-12-10,-0.006560836665349612,-0.0023006696266819615
2020-12-11,-0.0032059916402910294,-0.0038765051523100835
2020-12-14,0.002599445586806673,0.0029985878738891802
2020-12-15,-0.0038046238685819377,-0.0016683703503080904
2020-12-16,0.012151948574696363,0.0026064510009899955
2020-12-17,0.003266524174578616,0.0018413422279714986
2020-12-18,0.002280284340415852,-0.0016144973247752548
2020-12-21,6.126491806842699e-05,-0.0018297645395967121
2020-12-22,-0.022845434183893835,-0.010407461501619086
2020-12-23,-0.004649674907341316,0.0033438164367416423
2020-12-24,0.003346750604908182,0.0054123162501587
2020-12-25,0.011388597759427818,-0.00044023100592893716
2020-12-28,0.0006813244450493167,0.007406040246819678
2020-12-29,0.005966125685758687,0.0265926980958906
2020-12-30,-0.001066196817171268,-0.004497235650316345
2021-01-04,-0.0026339635275551424,-0.006769709669809054
2021-01-05,0.0031147967503902057,-0.003659424986194426
2021-01-06,0.008488774664645052,-0.003781170221051511
2021-01-07,0.02797223011420545,0.016047914617869585
2021-01-08,0.010334893289489272,0.023604778049963526
2021-01-12,-0.003926663700814204,0.0008994818765055701
2021-01-13,0.011021495872026672,0.010376596846272346
2021-01-14,-0.007597168331155033,0.00849258197141567
2021-01-15,-0.010954244026556122,-0.006240102347233711
2021-01-18,-0.0050364067432728385,-0.009711666079981862
2021-01-19,0.0175719757790411,0.013853377161789249
2021-01-20,0.0027674870453795394,-0.003848685009316344
2021-01-21,0.005488977721614053,0.008189793568283754
2021-01-22,-0.0069418646885192605,-0.0043610519012040605
2021-01-25,0.000759206555672645,0.006665392390442504
2021-01-26,-0.01769952039166427,-0.00957971708635863
2021-01-27,0.0025144702612492137,0.0031188499117793533
2021-01-28,-0.0018308575631449915,-0.015288555638040657
2021-01-29,-0.024165733920741523,-0.0189389418732141
2021-02-01,0.026953839618557306,0.015459426577431712
2021-02-02,0.016200910328734438,0.009651441761159285
2021-02-03,0.006223054724662313,0.01002497618864151
2021-02-04,-0.0007569488711813946,-0.010631343488733402
2021-02-05,0.001414254645892647,0.01542731697810451
2021-02-08,0.019484695191659435,0.021171914791673796
2021-02-09,-0.005177296660168176,0.003995770029092904
2021-02-10,0.0026602677428776873,0.001931815082720334
2021-02-12,-0.006832401771487192,-0.0014497675113073205
2021-02-15,0.005968193561058254,0.019108358217092336
2021-02-16,0.004632240614989643,0.012750887241094855
2021-02-17,0.008766643456742865,-0.005762176297068211
2021-02-18,-0.022709649470074724,-0.0018519496407418679
2021-02-19,-0.002941977604117483,-0.007215546818468588
2021-02-22,0.02378846547151216,0.004600897575829599
2021-02-24,-0.02592783029206354,-0.016060804071946877
2021-02-25,0.016974855209262025,0.01673548618968912
2021-02-26,-0.022435415915760176,-0.039851797411834644
2021-03-01,0.010701066461898858,0.02407961055107899
2021-03-02,-0.007008273464771573,-0.008607550630404415
2021-03-03,0.022747037620058103,0.005132236650595923
2021-03-04,-0.001830165746661909,-0.021279072863758963
2021-03-05,-0.0005354988992953455,-0.002274068917169414
2021-03-08,-0.00260756472767237,-0.00419446261644929
2021-03-09,0.0019090971986798618,0.00990456726796718
2021-03-10,-0.003020070885679623,0.00029699296307006406
2021-03-11,0.017464022620337714,0.006029642451707007
2021-03-12,0.023544833170201583,0.017328347271662325
2021-03-15,0.0077112570204214866,0.0016535737929321837
2021-03-16,0.007411860460395189,0.005177521829885734
2021-03-17,-0.006140880052511839,-0.00022591976630192967
2021-03-18,0.014565657184879907,0.010109533493987355
2021-03-19,0.006351370775447166,-0.014055092581101492
2021-03-22,0.0003080604066074668,-0.020740444998633145
2021-03-23,-0.024082525463367296,-0.006109191402786318
2021-03-24,-0.02785971363789301,-0.020361498866590222
2021-03-25,0.013645793785881714,0.011418954255286717
2021-03-26,0.012618455644329035,0.015552391656688647
2021-03-30,0.02571095878832358,0.0016396282215458413
2021-03-31,-0.00868689724309179,-0.008626406827758948
2021-04-01,-0.005370506933105718,0.007199348628130986
2021-04-02,0.010164180175516948,0.015826769555145503
2021-04-05,0.009970527033969634,0.00788001607824751
2021-04-06,-0.006491755209156384,-0.013048485443306168
2021-04-07,0.01297205579078019,0.0011502383313026776
2021-04-08,-0.0016671904250606649,-0.0007335356523553438
2021-04-09,0.0017121010976727464,0.0019886269132374235
2021-04-12,-0.011132546310826828,-0.007703897194238807
2021-04-13,0.00313391132836829,0.007206772358589131
2021-04-14,0.004841564087597448,-0.004390321847084988
2021-04-15,0.0034650433767206526,0.0007325622330078829
2021-04-16,-0.007015026530997706,0.0013723345705296541
2021-04-19,0.004514513177871877,6.737779631826868e-05
2021-04-20,-0.008461063278488981,-0.019706282865434632
2021-04-21,-0.022995564555507587,-0.02033753719530218
2021-04-22,0.022897765357569166,0.023839133242507193
2021-04-23,-0.007763999147163628,-0.00573996461403492
2021-04-26,0.011653262452255135,0.003638777181884878
2021-04-27,0.009600766000436706,-0.004612331962906557
2021-04-28,0.002331360250356078,0.002141291126128486
2021-04-30,0.007298483789218377,-0.008306604498779957
2021-05-06,0.01612948585963275,0.018003849901169877
2021-05-07,0.022802386634978272,0.0009018048815989665
2021-05-10,0.015281551511795142,0.005467692408405833
2021-05-11,-0.016322937742301383,-0.030819822687034426
2021-05-12,-0.03928363192206208,-0.016116840453977543
2021-05-13,-0.01908987009345576,-0.024851221505010734
2021-05-14,-0.0005584864569666424,0.02318787201457062
2021-05-17,-0.007668160930668803,-0.009244989081140464
2021-05-18,0.021084705748767547,0.02091692074995133
2021-05-19,-0.013453741200039808,-0.012757160845532467
2021-05-20,-0.005792287343218243,0.0019184110492007633
2021-05-21,-0.003291861898643417,0.007814724337814605
2021-05-24,0.02103395230277627,0.0016519379043500315
2021-05-25,0.004618839297635453,0.006676315941685607
2021-05-26,0.0002927307205921116,0.003089200977479667
2021-05-27,-0.009897376291220783,-0.0032532320077169885
2021-05-28,0.02742251149552668,0.021030515438329678
2021-05-31,-0.015522040211296592,-0.009925760987069765
2021-06-01,0.00575816709245668,-0.001584896308367112
2021-06-02,0.016690058831691692,0.004574138500646141
2021-06-03,0.003259102735158994,0.0038681754314182637
2021-06-04,0.017596745599167726,-0.004012299707644051
2021-06-07,0.0006003021192497364,0.002685439616986196
2021-06-08,0.0024352789251560598,-0.001918716239650009
2021-06-09,-0.007497665229239441,-0.003547898244716574
2021-06-10,0.002462187467773364,0.003387285278948715
2021-06-11,-0.003128424086165045,-0.00033945327182571816
2021-06-14,0.00030234664913588496,0.007360264476192091
2021-06-15,0.0008818562161433766,0.00958445612109493
2021-06-16,0.009156714144810063,-0.005104768187440767
2021-06-17,-0.007435738292299144,-0.009309330394611681
2021-06-18,-0.01559604688550327,-0.001869507992153352
2021-06-21,-0.022590793722872253,-0.032908015309102256
2021-06-22,0.0438742156060827,0.03117358765370315
2021-06-23,-0.004648766383505228,-0.00031990695582939654
2021-06-24,-0.0009535945653907763,1.1769525100957523e-05
2021-06-25,0.00409429762924497,0.006612907175118643
2021-06-28,0.00028331207150072534,-0.0006247864853670126
2021-06-29,-0.014026540807956378,-0.00810417233425309
2021-06-30,-0.0019905998119506686,-0.0007316268322191677
2021-07-01,-0.00657608247299085,-0.002934551808756125
2021-07-02,0.011568892051392535,0.002655802787915995
2021-07-05,-0.006681465054270627,-0.006430464084406617
2021-07-06,0.0005601504731575753,0.0015742774362970113
2021-07-07,-0.017710027228038033,-0.0096449284039003
2021-07-08,-0.005799617587294375,-0.008774997972304632
2021-07-09,-0.004481577392773086,-0.0063165655432239065
2021-07-12,0.009389986155761169,0.02249785834044893
2021-07-13,0.010204025195968263,0.005223165007877784
2021-07-14,-0.020654080079610157,-0.0038216129924504294
2021-07-15,-0.01665965869576731,-0.01151407809102778
2021-07-16,0.0009604460567750155,-0.009760206822427175
2021-07-19,-0.017501697353008112,-0.012510761058162068
2021-07-20,-0.013744505725119004,-0.009567951526051721
2021-07-21,0.007567950449653606,0.005836092780168833
2021-07-26,0.018958760052241258,0.010356071674894718
2021-07-27,0.002038895102795158,0.004919707488307168
2021-07-28,-0.00431186208033631,-0.013891937106938479
2021-07-29,0.005703139544133397,0.007278741181194093
2021-07-30,0.00477785573526297,-0.01795488224307762
2021-08-02,0.02908121084906319,0.0182318269094619
2021-08-03,0.00499554889181882,-0.005010235602348256
2021-08-04,-0.0060352896808847645,-0.002089224911548171
2021-08-05,0.00635495547557363,0.005221818603051043
2021-08-06,-0.004925360906746125,0.0033150435270716816
2021-08-10,-0.0009963867574700727,0.002448282979473193
2021-08-11,0.01786765107155068,0.006538955522174206
2021-08-12,0.009381603372950308,-0.0019768160549387126
2021-08-13,0.0044153575121249405,-0.001351744216446349
2021-08-16,-0.0012120099870039955,-0.016226132081418876
2021-08-17,-0.00038559720606809727,-0.0035867481916704858
2021-08-18,-0.0032461034137259196,0.00588669348891413
2021-08-19,-0.02420625184423924,-0.011046952326347559
2021-08-20,-0.026064513859144565,-0.009820690338509741
2021-08-23,0.021273036226032264,0.017805715135165157
2021-08-24,0.014400882588509467,0.008651243786784502
2021-08-25,0.0035866837443834965,-0.0002631906068349954
2021-08-26,-0.003264291977574977,0.0006307811330361623
2021-08-27,0.008276735053561345,-0.003646001859187842
2021-08-30,0.016980743552151942,0.00535970781777384
2021-08-31,0.01399679149365018,0.010804522538331751
2021-09-01,0.00499771837124886,0.012868864382064027
2021-09-02,0.001634911622208518,0.0032508583487986797
2021-09-03,0.01634556790320573,0.020480999504799424
2021-09-06,0.030577437212499902,0.018256634618943668
2021-09-07,0.0027621721934008117,0.008639613788191447
2021-09-08,0.0027300922834189285,0.00886044479542547
2021-09-09,-0.004523199213318294,-0.0057327548829401165
2021-09-10,0.00833536245932272,0.01245161395720551
2021-09-13,0.0026047882697840617,0.0021568574257520012
2021-09-14,0.006596707403256836,0.007315261549242225
2021-09-15,0.0038232269910142566,-0.005164269888011219
2021-09-16,-0.006054456395163638,-0.006173730936814947
2021-09-17,0.0048223470529985615,0.005827555223486547
2021-09-21,-0.02117846463321594,-0.021650450633214913
2021-09-22,-0.007249623795980286,-0.006712884963750332
2021-09-24,0.02520877472591641,0.020560812574425658
2021-09-27,-0.014192155356886709,-0.0002892675725691962
2021-09-28,-0.016564230511617418,-0.0018551420982785283
2021-09-29,-0.008433431545667435,-0.021192443109919412
2021-09-30,-0.017378005964198553,-0.0031014083993072816
2021-10-01,-0.010790141987064555,-0.023141877172862535
2021-10-04,-0.015446832590390982,-0.011337071716733704
2021-10-05,-0.014682033365148757,-0.021893966568029333
2021-10-06,-0.007631880780089307,-0.010540174834195337
2021-10-07,0.002635846051065328,0.005424915789752349
2021-10-08,0.004088832449374308,0.013394236949134442
2021-10-11,0.026870789169456136,0.0160169965205208
2021-10-12,-0.00440114936126923,-0.009389710616309555
2021-10-13,-0.004248968714226759,-0.0031997211581622498
2021-10-14,-0.003941399115258148,0.014592974941460612
2021-10-15,0.018028081130447043,0.01813255041224293
2021-10-18,0.005704751219847038,-0.0014851033777215639
2021-10-19,0.012393505372318023,0.006547995711739141
2021-10-20,-0.011987572593291786,0.001370204967848787
2021-10-21,-0.01601489682196653,-0.01869630509487985
2021-10-22,-0.007752812167745055,0.003353336563076903
2021-10-25,0.006621648615458591,-0.007097396997291061
2021-10-26,0.017058396757614044,0.017678054496869322
2021-10-27,-0.0059455007232879584,-0.0002669390724652221
2021-10-28,-0.01618984908853714,-0.00955901073001686
2021-10-29,0.014245691173098571,0.0025190625625597374
2021-11-01,0.02232663072488612,0.02611008664402492
2021-11-02,-0.0020504157719034737,-0.00425605783664007
2021-11-04,0.011037484744090555,0.009263563996403157
2021-11-05,-0.017122948474382314,-0.006135348168045285
2021-11-08,0.0017883712672880762,-0.0035296855299119523
2021-11-09,-0.009656513409217271,-0.007509725231191422
2021-11-10,-0.010582214494533814,-0.0061013770965168135
2021-11-11,0.0038449355706680496,0.00587767119062077
2021-11-12,0.012061666595955658,0.011343429308516617
2021-11-15,-0.0029937407275624785,0.0056342534005746625
2021-11-16,-0.0032470064883617857,0.0010517704573125286
2021-11-17,-0.004234815132488958,-0.00401867229310493
2021-11-18,-0.008394923829277234,-0.003020376075011044
2021-11-19,0.005459539589072995,0.004973501624664367
2021-11-22,0.002918349338702735,0.0009493833998091006
2021-11-24,-0.0040779224672869785,-0.01583420054021345
2021-11-25,0.003429374132036555,0.0067099416768501285
2021-11-26,-0.011492285447525181,-0.02534503127095733
2021-11-29,-0.004531029427383203,-0.01626688279579902
2021-11-30,-0.011262115732541787,-0.01634003198731171
2021-12-01,0.004387974692977755,0.004092457700705099
2021-12-02,0.0013061547654521092,-0.006523929148753549
2021-12-03,0.020890694961195735,0.009951987107421179
2021-12-06,0.0003935843635449318,-0.003646191173662827
2021-12-07,0.013081621677824522,0.01891443716342045
2021-12-08,0.009667771172591454,0.01423338593492729
2021-12-09,-0.007135751308744175,-0.004682797581073372
2021-12-10,-0.00891993881818309,-0.010015542472684436
2021-12-13,0.005160274770315934,0.007128572545122891
2021-12-14,-0.005163869016330283,-0.0072571945408089755
2021-12-15,-0.005419463248101388,0.0009524292337865781
2021-12-16,0.0201880703054509,0.021314320534016717
2021-12-17,-0.011431924282490465,-0.017912161546506433
2021-12-20,-0.018237050559866165,-0.021294610858090146
2021-12-21,0.018818745451255284,0.020752495830058892
2021-12-22,0.0013233956408093455,0.0015646867072036663
2021-12-23,0.010695065444062965,0.008268204574280347
2021-12-24,-0.0029611376508355434,-0.0005479232798895062
2021-12-27,-0.001976579072651031,-0.003687260487195032
2021-12-28,0.011075867887135854,0.013694131211166027
2021-12-29,-0.002288610425482621,-0.005582524434924574
2021-12-30,-0.003436595214835804,-0.003984169804942761
2022-01-04,0.025219043329183385,0.017716144973366044
2022-01-05,0.004287484201375881,0.0010364928122723605
2022-01-06,-0.02011138880482391,-0.02878379945859877
2022-01-07,0.0034283182864621588,-0.00032675640652690685
2022-01-11,-0.004618019453257461,-0.008992030257410577
2022-01-12,0.016272499197564818,0.019246348247151657
2022-01-13,0.01394920959849213,-0.00961317401974926
2022-01-14,-0.00602936561146716,-0.012806693342136022
2022-01-17,-0.002350758399659855,0.007439843423765469
2022-01-18,-0.010618435580047634,-0.0026918481188289434
2022-01-19,-0.037425245235587316,-0.02795811804935011
2022-01-20,-0.007503646646444196,0.011129597470622254
2022-01-21,-0.00884004324780198,-0.00902569245288587
2022-01-24,0.006285864823012906,0.0024020329567040477
2022-01-25,-0.02690044720925118,-0.01656601354525178
2022-01-26,-0.0037290172664349503,-0.0044232893147237995
2022-01-27,-0.014653087880949328,-0.031136167469076326
2022-01-28,0.02779146787424193,0.02090304834753498
2022-01-31,0.01306364517876929,0.010653778657031543
2022-02-01,0.002207241429613919,0.00283312552160897
2022-02-02,0.022287513391032472,0.016807410635550024
2022-02-03,-0.0034194397069668486,-0.01061572284941914
2022-02-04,0.007149750325790952,0.007293323394192974
2022-02-07,0.002460472793529803,-0.0069650569157483355
2022-02-08,0.005384998030572805,0.0013083255103547575
2022-02-09,0.001363839514129204,0.010824805217358735
2022-02-10,0.00410297363302393,0.004213614535568011
2022-02-14,0.0015931701769032608,-0.02225911510350942
2022-02-15,-0.010273360511459348,-0.007917416469824579
2022-02-16,0.01509004397828201,0.02215547143408525
2022-02-17,0.0030091593844757437,-0.008285795063559198
2022-02-18,-0.0013458094783264654,-0.0040685697695992395
2022-02-21,-0.0028450993563511047,-0.007787059374212313
2022-02-22,-0.013235697642845089,-0.017140277529300474
2022-02-24,-0.005078888302196596,-0.01810193321616871
2022-02-25,0.002254673373870343,0.019471071048788202
2022-02-28,0.003685803545687314,0.0019005651237891108
2022-03-01,0.005196631257093504,0.011984112188342388
2022-03-02,0.0040601877699668895,-0.01682607955751314
2022-03-03,0.01903964565201124,0.006980639937258504
2022-03-04,-0.0037063927330246173,-0.02226710412930688
2022-03-07,0.009066105353125723,-0.029403375278598043
2022-03-08,-0.05061548980452588,-0.017067282710730214
2022-03-09,-0.001817949972639664,-0.0029615615451896726
2022-03-10,0.026821037481032456,0.039359560660984005
2022-03-11,0.012849983069225347,-0.020537674996398247
2022-03-14,0.014943366705413512,0.0057652738113080915
2022-03-15,-0.015481633679947152,0.0015264378432489067
2022-03-16,0.0056079897296918944,0.01639396433707274
2022-03-17,0.012534219032098866,0.03458118630805451
2022-03-18,0.0072139453036752866,0.0065485978596364625
2022-03-22,0.022710339590850108,0.014786347112665466
2022-03-23,0.0031266478350904245,0.02997529763083384
2022-03-24,0.006192900306429244,0.0025046386453804192
2022-03-25,0.010277662177324986,0.0014033678605276378
2022-03-28,-0.008171548941975451,-0.00731617728175904
2022-03-30,0.003286434153375091,-0.007969933991412104
2022-03-31,0.0020393863242364565,-0.007343578570855103
2022-04-01,-0.008493965973966613,-0.005587391463920399
2022-04-04,0.002829750838164415,0.00254790299062857
2022-04-05,-0.01145138766506895,0.0018571131913764916
2022-04-06,-0.013289209253157238,-0.015750683573144464
2022-04-07,-0.015423029906072548,-0.016882098388714573
2022-04-08,-0.0014069608918664052,0.0036160520109467242
2022-04-11,0.0003532635262980918,-0.006087692239770237
2022-04-12,-0.012282713752797447,-0.01813987689747143
2022-04-13,0.011211075671657989,0.01930928964342371
2022-04-14,0.02379705442604228,0.0122379676695068
2022-04-15,0.0009068356400167152,-0.0029004323154350198
2022-04-18,-0.0032530296423224562,-0.010832187776664615
2022-04-19,0.01296790065890674,0.006917197975841116
2022-04-20,0.0008168446306883795,0.00862549530028378
2022-04-21,-0.0028156166737569495,0.012315849426419723
2022-04-22,-0.010300014516665804,-0.016252306363141567
2022-04-25,-0.011457995695726,-0.018980835203153634
2022-04-26,-0.013138456161415799,0.004111578562793428
2022-04-27,0.0028323638294200384,-0.011740720280289163
2022-04-28,0.014654636713865932,0.0174811833200037
2022-05-02,0.002852188132894707,-0.0010939810310178766
2022-05-06,0.020279182663488878,0.006899380944858979
2022-05-09,-0.01499961702851591,-0.02533816612580675
2022-05-10,-0.02557424167817311,-0.0057843485162927255
2022-05-11,-0.006719181621157919,0.0017786081117039387
2022-05-12,0.0019759540912229635,-0.01773580131527419
2022-05-13,0.01087118550207307,0.02636751143203786
2022-05-16,-0.004066522080140367,0.004518010071275835
2022-05-17,0.0161317944255529,0.004245263237662389
2022-05-18,0.01054554239956288,0.0094317920741942
2022-05-19,-0.0027842131436434693,-0.01889025349140916
2022-05-20,0.01114514545055557,0.01273307928671863
2022-05-23,0.0034980027759022687,0.009816745083026435
2022-05-24,0.0003156788067924987,-0.009383875820646037
2022-05-25,0.002468152996389416,-0.0026297096585569113
2022-05-26,0.0011524284570257305,-0.0027348932581908736
2022-05-27,0.0031630506643487554,0.0066469050288811005
2022-05-30,0.0008969599015753707,0.021945972278741177
2022-05-31,-0.004423739244768213,-0.003274781655057124
2022-06-01,0.00884163888619383,0.006528267753054928
2022-06-02,0.00029663276272472015,-0.0016028094155539074
2022-06-03,0.0023099017474822727,0.012682970897427648
2022-06-06,0.004331021254353608,0.005558774621279738
2022-06-07,0.004917515559026775,0.0010051118958345207
2022-06-08,0.016310422688367607,0.01039007913581469
2022-06-09,-0.008333903921706007,0.0004335237323633834
2022-06-10,-0.007529324322802691,-0.014948393480034183
2022-06-13,-0.012146368253355336,-0.03007622611651406
2022-06-14,-0.009190981685541654,-0.013249870509059902
2022-06-15,-0.011277631070182806,-0.01140446197906364
2022-06-16,0.0044196719700261575,0.003989912006786334
2022-06-17,-0.01010588562198294,-0.017713884825092063
2022-06-20,-0.025219799014275922,-0.007386638557755232
2022-06-21,0.0184404321188275,0.01843489872764903
2022-06-22,-0.00038299741940609047,-0.003686604463975618
2022-06-23,-0.0052885310188948735,0.0008298122951144737
2022-06-24,-0.01569486844014736,0.012254695634522639
2022-06-27,0.011024993034817198,0.014317501418656509
2022-06-28,0.02526138807540611,0.006631661807707356
2022-06-29,-0.004023030156467194,-0.009052712950930686
2022-06-30,-0.019680929451909537,-0.01535410164198292
2022-07-01,-0.0134035720967988,-0.017331081911098112
2022-07-04,0.011109564666105793,0.008412808850521314
2022-07-05,-0.001775658495324274,0.010310549423254933
2022-07-06,-0.019774121942242356,-0.01195226456237819
2022-07-07,0.006796028521932205,0.014665391198416255
2022-07-08,0.0018607867918622187,0.0010064033055445787
2022-07-11,0.01616841621463995,0.011129057574019052
2022-07-12,-0.008350310861751848,-0.017739642296293323
2022-07-13,0.0037180812439878822,0.005395876855945003
2022-07-14,-0.0018230776232170246,0.006217097571536101
2022-07-15,-0.006199238869961101,0.0054452558297466425
2022-07-19,0.0009545909992788226,0.0064658033784210645
2022-07-20,0.008591954602699441,0.0266519032365089
2022-07-21,0.0023094353480386204,0.004434215408896769
2022-07-22,0.005505599122614696,0.0040161189889580395
2022-07-25,-0.00387590782383319,-0.0077167393421327946
2022-07-26,0.005023253192747747,-0.001589900899843899
2022-07-27,0.0011966899115001142,0.0021890652953910905
2022-07-28,0.011999015728580253,0.0035983319502448374
2022-07-29,-0.008046837478591277,-0.0004975590396703033
2022-08-01,0.005551617480117141,0.006895599686394416
2022-08-02,-0.013649435135057805,-0.014239780025878113
2022-08-03,-0.004919284628488963,0.005333261799446154
2022-08-04,0.0015707825440968365,0.006859617598126366
2022-08-05,-0.0003824993851248732,0.008723621078551957
2022-08-08,0.010092627333760703,0.002604040123263207
2022-08-09,0.006956260903253641,-0.00882428323051554
2022-08-10,0.0016365699981594432,-0.0064511111204117455
2022-08-12,0.013775933842928497,0.026156287321856375
2022-08-15,0.003627794511111125,0.011377694691056872
2022-08-16,-0.0026826048386493144,-9.937526175640699e-05
2022-08-17,0.014580539925172949,0.012257455272290274
2022-08-18,-0.0050948230324434594,-0.009603090697817063
2022-08-19,0.0030889801865800147,-0.00040807440707402165
2022-08-22,0.0025125076265467574,-0.004695075298422058
2022-08-23,-0.004565989587405589,-0.011868586014690319
2022-08-24,0.0072314098450608575,-0.004895108447338092
2022-08-25,0.00569175880271351,0.005846653850237082
2022-08-26,-0.0015348429257627302,0.005701430460057111
2022-08-29,-0.009537320462908368,-0.026619523884632845
2022-08-30,0.013831212593295223,0.011356920415176441
2022-08-31,-0.0009275125530402872,-0.0036903224179709593
2022-09-01,-0.006011653413229478,-0.015309191222915741
2022-09-02,-0.0036362029528543964,-0.00038432010680466977
2022-09-05,0.0011079195302019999,-0.00112945823441446
2022-09-06,0.003940585589909649,0.00024983664798838845
2022-09-07,-0.0009064922094398702,-0.007102199519214647
2022-09-08,0.021061988517122578,0.023148798866217346
2022-09-09,0.0021356570385873156,0.005325822755722243
2022-09-12,0.007976024328541064,0.011602419833597777
2022-09-13,-0.00784010598397373,0.002540859311488841
2022-09-14,-0.009183212171214617,-0.027818346588567078
2022-09-15,-0.0016313980830272453,0.0020594485777813976
2022-09-16,-0.007991034320352683,-0.011058285232558918
2022-09-20,0.008414314377164838,0.004380842383689965
2022-09-21,-0.015474804229499498,-0.013554007905070331
2022-09-22,0.002284540534053164,-0.005832388167807623
2022-09-26,-0.0267416387589963,-0.026599536595644513
2022-09-27,0.003386565078613676,0.005308744860878178
2022-09-28,-0.008764166791863346,-0.014974056577249928
2022-09-29,0.01179709632095582,0.009477744999320192
2022-09-30,-0.0067519062185628165,-0.01834981878446995
2022-10-03,-0.001651992783972874,0.010740481143916458
2022-10-04,0.020597107285510667,0.029616574696606168
2022-10-05,-0.004263722880264256,0.00475390325276126
2022-10-06,0.0039006593084280833,0.007034209483403497
2022-10-07,-0.0019569095794719263,-0.007146909911519339
2022-10-11,-0.01125948916532909,-0.026362903509272284
2022-10-12,0.0004291316480449924,-0.00016741335637515675
2022-10-13,-0.0019362288978582818,-0.006038988612579788
2022-10-14,0.017711427237698543,0.032523771250790645
2022-10-17,-0.001191426540771435,-0.011626499435599458
2022-10-18,0.009102493884737807,0.014205055231507169
2022-10-19,0.002590403128787125,0.0037280788817906085
2022-10-20,-0.004033002794946894,-0.009187233475107304
2022-10-21,-0.008635013278885448,-0.004309291209934063
2022-10-24,-0.0041562448020847536,0.003135682170299914
2022-10-25,0.006831199923785364,0.010208708920597331
2022-10-26,-6.981534621307439e-05,0.006662704073489012
2022-10-27,-0.0014638247596142964,-0.0031569012457154377
2022-10-28,-0.003955515345589355,-0.008778164447180492
2022-10-31,0.016688536055833765,0.017792221885474913
2022-11-01,0.010451322922225559,0.003315237476265054
2022-11-02,0.007835998136356485,-0.0005610514036975545
2022-11-04,-0.00189612261403226,-0.01676043247590875
2022-11-07,-0.0029924553120888034,0.012055276550420935
2022-11-08,0.006242949919221036,0.012513558815032022
2022-11-09,-0.000691307755851149,-0.005585500738585547
2022-11-10,-0.0038608040117595844,-0.009753423553211737
2022-11-11,-0.002216803971510237,0.029784585597210755
2022-11-14,-0.028655972595067584,-0.010617894556735341
2022-11-15,0.006630261426408206,0.000954789161669245
2022-11-16,-0.00027054128656269215,0.0013622946727880336
2022-11-17,0.004153765264684014,-0.0034868495779586395
2022-11-18,0.003125954689623908,-0.0011027623462530611
2022-11-21,0.0022977013699305767,0.001613616599935419
2022-11-22,0.015173673061039642,0.006117461523601264
2022-11-24,0.005496361815167009,0.009508894560354975
2022-11-25,0.00264468010837018,-0.0035253577896500188
2022-11-28,-0.005167250552924563,-0.004249870743629369
2022-11-29,0.0008371696037546536,-0.004793205583406568
2022-11-30,0.002325658566039885,-0.002099684089215459
2022-12-01,-0.002970623245710779,0.009191960152856282
2022-12-02,-0.01762863971014236,-0.015878212144921133
2022-12-05,-0.0020158894793402427,0.0015299932465142607
2022-12-06,0.006531176371029355,0.002353264118443832
2022-12-07,0.001848773025346102,-0.007153040451925774
2022-12-08,-0.0004023213474127623,-0.004044249217854845
2022-12-09,0.002661015850811571,0.011843584140311059
2022-12-12,-0.000864210797740568,-0.002103138488281364
2022-12-13,0.0012632515736674466,0.004041311590454955
2022-12-14,0.0006591849056986604,0.007203091089335478
2022-12-15,0.004170918675838667,-0.0037118530963555774
2022-12-16,-0.009488412558849068,-0.018700474222052343
2022-12-19,-0.0076199438267958285,-0.010516120998574907
2022-12-20,-0.01393473255828062,-0.02458404299197625
2022-12-21,-0.0033440212774215093,-0.00678667550894374
2022-12-22,0.0061917190500571165,0.00455319498230744
2022-12-23,-0.0022260615665090295,-0.01028446078327716
2022-12-26,0.0006655223873538886,0.006503431094615042
2022-12-27,0.011491232409943777,0.0015905554850828008
2022-12-28,0.0037715147580237324,-0.004059651840158107
2022-12-29,-0.016759520037951454,-0.009370743840284024
2022-12-30,0.0019886397124312663,3.181147487052449e-05
2023-01-04,-0.0032893886798659984,-0.01447203912701911
2023-01-05,-0.009970397400903558,0.004041761271636579
2023-01-06,0.003051607432721788,0.005927346305856451
2023-01-10,-0.0009131051174199363,0.007765923824676113
2023-01-11,0.0049859046820585375,0.010331754028369389
2023-01-12,0.015492103030176889,0.00014445710126298472
2023-01-13,0.014318427792650504,-0.012487827038049959
2023-01-16,-0.021067875611989403,-0.011378433603819738
2023-01-17,-0.00042266263368569504,0.012251392251797721
2023-01-18,0.0075605003291379395,0.024960688945471432
2023-01-19,-0.011003710069503044,-0.014403604039439077
2023-01-20,0.014901360405894666,0.0056162671369413
2023-01-23,0.001833796722542903,0.013275439271512868
2023-01-24,0.012701568696582335,0.01461197576171469
2023-01-25,0.0037984402405225022,0.003510005770117619
2023-01-26,5.519336811075734e-05,-0.0011775781757698
2023-01-27,0.012119671669821195,0.000723996925564796
2023-01-30,-0.00646099906474954,0.0018566504641874815
2023-01-31,-0.013443535850778126,-0.003874511147415882
2023-02-01,-0.0007272288313059655,0.0007235117371429123
2023-02-02,-0.014452318075082573,0.002017411863484586
2023-02-03,-0.0007131167104440974,0.00391978531488224
2023-02-06,0.003235750805746731,0.006695494816981951
2023-02-07,0.008574510468884997,-0.00029536328308565896
2023-02-08,0.006485678648809039,-0.0028538350123150646
2023-02-09,0.00020556050398831409,-0.0008009475816208589
2023-02-10,0.007632110212814677,0.0031405800971127107
2023-02-13,0.0005852214481470715,-0.008805620622123422
2023-02-14,0.005463599761616193,0.006396877884932817
2023-02-15,0.008780194580121905,-0.003655798239222241
2023-02-16,0.0007717086934175026,0.007075160827194171
2023-02-17,0.003441062800304401,-0.0066184895015203304
2023-02-20,0.0123126665622109,0.000683622443630183
2023-02-21,0.0005642042849905447,-0.002137148523451371
2023-02-22,-0.010663318853607216,-0.013423286855814287
2023-02-24,-0.002427555108911124,0.012882084930533111
2023-02-27,0.008007901670115839,-0.0010752564245397611
2023-02-28,-0.00406308554781757,0.0007876181498445156
2023-03-01,0.00496349487425157,0.0025858007118779724
2023-03-02,-6.854561506280154e-05,-0.0006418017352212146
2023-03-03,0.010743602931287366,0.015586152299870815
2023-03-06,0.0070008080588772155,0.011111231555791301
2023-03-07,0.008644250483204724,0.002527849609721189
2023-03-08,0.0033597556622422995,0.00476980935251059
2023-03-09,0.01099291525783532,0.0062916518607400995
2023-03-10,-0.03204124479653848,-0.01674098346829589
2023-03-13,-0.02671815391512817,-0.011050671168815085
2023-03-14,-0.047277669708559296,-0.021949582596398898
2023-03-15,0.01582518585428596,0.0002733596198623012
2023-03-16,-0.027350243889664443,-0.008038019454729928
2023-03-17,0.006778057871009225,0.011964916563456773
2023-03-20,-0.0191521416029269,-0.014199244010318024
2023-03-22,0.013270704705711211,0.01933295607922858
2023-03-23,0.0015205402019364516,-0.001711168617804737
2023-03-24,-0.0002905025260924886,-0.0012530949850557693
2023-03-27,0.00043505235101453814,0.003345565244976756
2023-03-28,0.003725782723480166,0.0015060252739573787
2023-03-30,0.0128208784011796,-0.0036167840916134786
2023-03-31,0.010662158508182038,0.009306102133869842
2023-04-03,0.000744973932412529,0.005230462850863038
2023-04-04,0.0012374454568623496,0.003521675948025882
2023-04-05,-0.019550132754160107,-0.016762227080431846
2023-04-06,-0.017956990037232248,-0.012246996904368257
2023-04-07,0.008165704249268883,0.0016627343676629547
2023-04-10,0.0038903824559500034,0.004191740229783081
2023-04-11,0.014444896335860243,0.010483916453227327
2023-04-12,0.011927597981348393,0.005705976142155178
2023-04-13,-0.002470749512264093,0.0026447416538013524
2023-04-14,-0.00016292725418139693,0.011950859470925002
2023-04-17,0.003887573825776973,0.0007478412851846805
2023-04-18,-0.00035288858560149285,0.005051793659359927
2023-04-19,0.0026499717153211826,-0.0018169029356067679
2023-04-20,0.0009361320899551767,0.0017761727399849825
2023-04-21,-0.00248842744412952,-0.0032522356521741402
2023-04-24,-0.007505184777091457,0.001020515821003709
2023-04-25,-0.0027857196062507144,0.0009285593968584305
2023-04-26,-0.011086110432072799,-0.0071138752334258815
2023-04-27,0.0014090488807723591,0.0014501795386738792
2023-04-28,0.010133620491542119,0.01401237802954669
2023-05-01,0.01047989166780325,0.009243698787173571
2023-05-02,-0.0003273005444755879,0.0011938782654603575
2023-05-08,-0.0019727097066640424,-0.007135905128787368
2023-05-09,0.015246317022220505,0.0101188483140211
2023-05-10,-0.006581828998493757,-0.0041254784494377805
2023-05-11,-0.0024537467571937896,0.00015592979899614612
2023-05-12,0.011159002802678583,0.008980759653349324
2023-05-15,0.008655692465997839,0.008099789922249245
2023-05-16,0.0063568638877260246,0.007312762621627167
2023-05-17,0.007776963261987682,0.008397268752457165
2023-05-18,0.009018996636114546,0.015961533543986883
2023-05-19,-0.003006737037738804,0.007667314089848221
2023-05-22,0.006433342220976613,0.009038806254011877
2023-05-23,-0.008267373069560635,-0.004151302061539797
2023-05-24,-0.003755691055304046,-0.008885971047504326
2023-05-25,0.004629475185075719,0.003860522388572818
2023-05-26,0.007787030675475139,0.0037394629445868244
2023-05-29,0.01065200686308548,0.01026087880518678
2023-05-30,0.007311485350672051,0.0030294707737301696
2023-05-31,-0.01941463998332419,-0.014053787221435798
2023-06-01,0.009667547763729243,0.00842171424560667
2023-06-02,0.011974210416468142,0.012078169370397074
2023-06-05,0.019117704216514205,0.021989726277556576
2023-06-06,0.010850358075552655,0.008981151264443099
2023-06-07,-0.01886678782878814,-0.018243550278664866
2023-06-08,-0.003779246910126678,-0.008537723912144801
2023-06-09,0.016345126234910957,0.019717931671762168
2023-06-12,0.0034380952364993795,0.005232579854183239
2023-06-13,0.014397371777285554,0.018025788909786122
2023-06-14,0.014180799009904271,0.01465152150051563
2023-06-15,0.0051582525252116965,-0.0005054438694963581
2023-06-16,0.0026731058644902613,0.006587625119790053
2023-06-19,-0.00902577349924098,-0.0099583300304239
2023-06-20,-0.00011667878915585961,0.0005540319903432067
2023-06-21,0.00983750886812228,0.0055776144797328175
2023-06-22,-0.004618622346925271,-0.009240816657041129
2023-06-23,-0.01839632814819973,-0.014530034668461922
2023-06-26,-0.0029500346831574462,-0.0025236312263213767
2023-06-27,-0.002862737083852051,-0.004907838116005592
2023-06-28,0.02020151935783454,0.020150333515910557
2023-06-29,0.0013701425353842371,0.0012096269785297764
2023-06-30,-0.001269273961336934,-0.0013570852638828956
2023-07-03,0.021630274455800208,0.017002271787301737
2023-07-04,-0.006456969142758635,-0.00980076964632659
2023-07-05,0.0014408394116352365,-0.0025078992749671958
2023-07-06,-0.009843688569935413,-0.016967659229543575
2023-07-07,-0.013469879226984206,-0.0117352509739993
2023-07-10,-0.008027653027468945,-0.006134583088778789
2023-07-11,-0.005167377434595301,0.000429945934571796
2023-07-12,-0.01145485914609609,-0.00806247948536376
2023-07-13,0.008286496583622275,0.014882339000734435
2023-07-14,0.0007990315681950527,-0.0008658510966251809
2023-07-18,0.009385048588732544,0.003168473845031272
2023-07-19,0.01592449637292857,0.012375884120524594
2023-07-20,-0.00650957631896636,-0.012327071179749072
2023-07-21,-0.003610532366597841,-0.005733042559410095
2023-07-24,0.014245813945498195,0.012279791455458655
2023-07-25,0.009006166020715045,-0.0005635828146900446
2023-07-26,-0.0033861535990346936,-0.00043356284375395404
2023-07-27,0.003372650920267354,0.006820680621229425
2023-07-28,-0.010652309693157384,-0.004011098631768073
2023-07-31,0.022487527312527674,0.012606776024362443
2023-08-01,0.006830451701220748,0.00917512866093717
2023-08-02,-0.018211366291330605,-0.022967958941442768
2023-08-03,-0.01474522948743382,-0.016767010003441385
2023-08-04,0.0054714008852311015,0.0010407790179629561
2023-08-07,-0.004424870289719591,0.0019200145024889093
2023-08-08,0.005461685412725062,0.0038049972947744592
2023-08-09,0.003376768773803648,-0.005341984748665207
2023-08-10,0.009678160292866481,0.008362860268996464
2023-08-14,-0.018675913879200878,-0.012740798444219381
2023-08-15,0.0068897605668567195,0.005582687782894835
2023-08-16,-0.011413665470856768,-0.014642883280044594
2023-08-17,-0.007490192948109622,-0.004432936979990698
2023-08-18,-0.007283850105286338,-0.005541017971763762
2023-08-21,0.0012460724881221883,0.003652721277040971
2023-08-22,0.012228286414023066,0.00922111215666166
2023-08-23,0.004946115315590929,0.004819983721051635
2023-08-24,0.007372979187528422,0.008651950152944732
2023-08-25,-0.016433698387567034,-0.020532329097990853
2023-08-28,0.01893894055730161,0.017256075067422216
2023-08-29,0.0044769374802059074,0.0017712305268005046
2023-08-30,0.0014653722984367197,0.0033043823869141065
2023-08-31,0.009637329960649312,0.008841580763735646
2023-09-01,0.00998305085861291,0.002798318338514516
2023-09-04,0.01063910888479,0.006987350067952036
2023-09-05,0.0009291633416369069,0.0029624912391801317
2023-09-06,0.005875071379861671,0.006182743158633208
2023-09-07,-0.0003824060184382553,-0.00751906559349147
2023-09-08,-0.012152960113441915,-0.011646733089296424
2023-09-11,0.0012791514803581392,-0.004265365143984012
2023-09-12,0.005808676805988987,0.009505162362687614
2023-09-13,-0.0007644389498888492,-0.002131156078877816
2023-09-14,0.015686671693297283,0.014112844713084716
2023-09-15,0.01311219354677309,0.011004195719861665
2023-09-19,0.010060156465894712,-0.008663084772492113
2023-09-20,-0.015746878529978338,-0.006582176502446524
2023-09-21,-0.0027231418341588597,-0.013709876216098094
2023-09-22,-0.003714116352219859,-0.005176966901723867
2023-09-25,-0.006006440373820261,0.008524334549284251
2023-09-26,0.00034299503113287576,-0.011125572895551827
2023-09-27,-0.001253242334245101,0.0017592300801205774
2023-09-28,0.001951736494088404,-0.015426368342577157
2023-09-29,-0.02013888005379022,-0.00046749961547254415
2023-10-02,0.0007582549373644804,-0.003067971929056168
2023-10-03,-0.026165061029398855,-0.016433985019056907
2023-10-04,-0.042152186271838185,-0.02276265996407989
2023-10-05,0.02670113148026509,0.017967067063012987
2023-10-06,0.005179666407566982,-0.002596573450729389
2023-10-10,0.03401564350523184,0.02425769904616293
2023-10-11,-0.001653204784824181,0.005984290974720752
2023-10-12,0.01571294720115569,0.01747687504743456
2023-10-13,-0.013240110707206494,-0.0054984394671576675
2023-10-16,-0.01513378940955176,-0.02032928382312671
2023-10-17,0.008209401069879056,0.01204268652869378
2023-10-18,0.004800610982271027,6.120224122119211e-05
2023-10-19,-0.019217120496817865,-0.019088261884699143
2023-10-20,-0.005681670031113927,-0.005448819345834743
2023-10-23,-0.008542260243366236,-0.008311385739970922
2023-10-24,-0.0038642280860451865,0.0020257980048854485
2023-10-25,0.010990148359194221,0.006682376417441072
2023-10-26,-0.014890665990431448,-0.02136687994946218
2023-10-27,0.016845644390923602,0.012741421094093708
2023-10-30,-0.013140930936961162,-0.009509920911887626
2023-10-31,0.00452880195227036,0.005273768703182302
2023-11-01,0.02516059493252292,0.024070916144078636
2023-11-02,0.0003559401567498235,0.011019685050319694
2023-11-06,0.007358040967761581,0.023743112383502796
2023-11-07,-0.016014454008679548,-0.013350059372742473
2023-11-08,-0.01801578357450485,-0.0032641432286730776
2023-11-09,0.008304098967980886,0.014921758978770017
2023-11-10,0.003348750113092052,-0.0024000017230044746
2023-11-13,0.0038207559794983478,0.0005219830173208706
2023-11-14,0.007639747679253978,0.003400949532642139
2023-11-15,0.0008001200906491007,0.025194864899802383
2023-11-16,-0.0007212682087843981,-0.0028427779699973232
2023-11-17,0.008114238543219084,0.004810528046668816
2023-11-20,-0.009934933326185665,-0.0058706803394491525
2023-11-21,-0.006712434037233949,-0.0010150531112852468
2023-11-22,0.0026173460871692033,0.002928796790128585
2023-11-24,0.009148382874952479,0.005192634744831226
2023-11-27,0.00036529338114997523,-0.00528941457244636
2023-11-28,-0.004367271656617923,-0.0011744090933085705
2023-11-29,-0.01085680131926237,-0.002609280883311027
2023-11-30,0.0068088709186520345,0.004971963247892841
2023-12-01,0.008460504434905574,-0.001653748831748958
2023-12-04,-0.002058810858874247,-0.005989624076367828
2023-12-05,-0.011718195313800125,-0.013705441446397515
2023-12-06,0.020365190703055244,0.020444282358493604
2023-12-07,-0.005805981945524888,-0.017568367758098113
2023-12-08,-0.014147621143650311,-0.016752207959197962
2023-12-11,0.018790350051395035,0.014979061306193309
2023-12-12,-0.006628397031706503,0.0015826650645449636
2023-12-13,-0.001712021326849734,0.002516535765338279
2023-12-14,-0.02218391597249159,-0.007292079173856991
2023-12-15,0.00294994474923992,0.008697870855482126
2023-12-18,-0.0032193182573826713,-0.006416948079020823
2023-12-19,0.01216188201292625,0.014054471465899221
2023-12-20,0.00935004179106365,0.013743502594728785
2023-12-21,-0.00924364291478918,-0.015900747949116556
2023-12-22,0.007635239416519982,0.0008624510252288609
2023-12-25,-0.00603795629886383,0.0025620410216271594
2023-12-26,0.005177537156274648,0.0015583167078427884
2023-12-27,0.012605265899224982,0.011270893886186073
2023-12-28,-0.003899952125595948,-0.004204631264368874
2023-12-29,-0.00037247915581632083,-0.0022495548932739418
2024-01-04,0.008470911627533407,-0.005255854325544984
2024-01-05,0.00872267976211648,0.0026776026948291953
2024-01-09,0.003793001498145467,0.011557447844374513
2024-01-10,0.0041683181860181565,0.020097013041435074
2024-01-11,0.014348677677081595,0.01765709282438177
2024-01-12,0.0030243221791519015,0.015042856359534174
2024-01-15,0.014494230431547949,0.009126083968141296
2024-01-16,0.004506034533922962,-0.007871735152474302
2024-01-17,-0.0034111237003099713,-0.0039706048466251476
2024-01-18,-0.0011938169389119427,-0.0003263489088231042
2024-01-19,0.004513740534078824,0.014016106897637881
2024-01-22,0.016153585223282182,0.016229883853936533
2024-01-23,-0.0025485399753666683,-0.0008038675423810426
2024-01-24,-0.007593882404187191,-0.007971227035615813
2024-01-25,0.006962793900167808,0.0002757176827767882
2024-01-26,-0.01846398596733436,-0.013395301866990006
2024-01-29,0.009313886836533199,0.007716442929921019
2024-01-30,0.00041221011380021034,0.0010802462610175478
2024-01-31,0.011675965296630222,0.006123563012977451
2024-02-01,-0.004547523267010789,-0.007585421574142881
2024-02-02,0.002160558923078658,0.004069776397140901
2024-02-05,0.002205478092241272,0.005424540047899606
2024-02-06,0.001458321725604216,-0.005322637056346169
2024-02-07,0.0035902275478781097,-0.0011265911925825156
2024-02-08,0.003856611242080626,0.02058031513945524
2024-02-09,-0.005925939490635641,0.0009261417823460683
2024-02-13,0.019259882751450894,0.028905728931772456
2024-02-14,-0.0019207970462415723,-0.006865679381848122
2024-02-15,0.019354617925286394,0.01205785299495954
2024-02-16,0.007021143883793647,0.00862983858311761
2024-02-19,0.0018572358919605745,-0.0004380510463442011
2024-02-20,-0.00940474650113082,-0.002775369889394419
2024-02-21,-0.0014156748703388936,-0.002644412775616223
2024-02-22,0.01744668153439678,0.021862841194379312
2024-02-26,-1.5352772053640628e-05,0.0034536012744994515
2024-02-27,-0.004497983374054119,0.00014805109206350586
2024-02-28,-0.00012352304944236768,-0.0008024634762645588
2024-02-29,0.003276809791187186,-0.0010671243216273663
2024-03-01,0.017623472564700152,0.019012032559570624
2024-03-04,0.0027038497809776297,0.004971337464288128
2024-03-05,0.006146633882747062,-0.00028924919187967024
2024-03-06,0.00025054075800556445,-0.0001707745928322124
2024-03-07,-0.010288728602773748,-0.012273901808785515
2024-03-08,0.0034476663966719508,0.0022786213645291653
2024-03-11,-0.023804579463287432,-0.021881488753016765
2024-03-12,-0.0003776019134511394,-0.0005918669114498565
2024-03-13,2.948948555523851e-06,-0.002617254670508329
2024-03-14,0.001144311883115369,0.0028791153148219895
2024-03-15,-0.005448083968515311,-0.0025700854853131228
2024-03-18,0.0187578820039741,0.026682090785532075
2024-03-19,0.0063549595879207055,0.006621973660529523
2024-03-21,0.019038350705409216,0.020299637083457833
2024-03-22,0.001389519521473857,0.0017828826232730854
2024-03-25,-0.005191692924520577,-0.011600068708312428
2024-03-26,0.004912265925071146,-0.00039812430196550785
2024-03-27,0.002041688855388474,0.009027648315163894
2024-03-28,-0.005704909908827157,-0.014588329815292567
2024-04-01,-0.031042933845842995,-0.014029214741928975
2024-04-02,0.005952954710814396,0.0008999379857346224
2024-04-03,-0.0073751193350712705,-0.009715591923371902
2024-04-04,0.019871903851381347,0.00814382721660123
2024-04-05,-0.0152896390387001,-0.019637938762850693
2024-04-08,0.015119855103498845,0.009103411630487335
2024-04-09,0.01924178777594174,0.010829019257921457
2024-04-10,-0.0023166282666451884,-0.0048102907103678705
2024-04-11,0.006334036231411214,-0.0035162538662262266
2024-04-12,0.006823570154898937,0.0020516349250538912
2024-04-15,-0.0028418101892335,-0.0073563734596926444
2024-04-16,-0.04213102478393526,-0.019412367899667826
2024-04-17,-0.009876063048581237,-0.013241033496344201
2024-04-18,0.004703086735585662,0.0031057124549853654
2024-04-19,-0.02743831460757119,-0.026558709154720028
2024-04-22,-0.001311842502823835,0.009988515725489311
2024-04-23,-0.0003044283978508659,0.003032986084302136
2024-04-24,0.01816836637555387,0.024177516419089162
2024-04-25,-0.024386200246821022,-0.021622360036482657
2024-04-26,0.0082362400431102,0.0081396125005464
2024-04-30,0.021831816598217858,0.012413375388812486
2024-05-01,-0.010545448324817333,-0.00342682236067704
2024-05-02,0.005508285802377542,-0.0009923294758391599
2024-05-07,0.018962276044721837,0.01566665311325588
2024-05-08,-0.018609956458564336,-0.01629274659502833
2024-05-09,-0.0020837912010836495,-0.003360802518904471
2024-05-10,0.0073161716202387395,0.0040744073600953445
2024-05-13,-0.008073286389336349,-0.0012987076683630416
2024-05-14,0.005263708821879819,0.004625462275098524
2024-05-15,-0.00946827475598947,0.0007735903032757285
2024-05-16,0.012923736913670898,0.013925259294861325
2024-05-17,0.001578092016582071,-0.0034142322438696082
2024-05-20,0.011095749221774753,0.007278160814432111
2024-05-21,0.006051608744270551,-0.0031418225330184235
2024-05-22,-0.011905789469544055,-0.008468655363759181
2024-05-23,0.007854375993333405,0.012588132403288821
2024-05-24,-0.008689221783980931,-0.011689814537326315
2024-05-27,0.01948433464792571,0.006570135011165101
2024-05-28,0.008058245206967256,-0.0011477741666461316
2024-05-29,-0.01121086534013073,-0.007682335584436428
2024-05-30,-0.011754019031753042,-0.013038977832967702
2024-05-31,0.014140678929916618,0.011398750772054989
2024-06-03,0.005205893278548679,0.011305704654324122
2024-06-04,-0.007909167427386048,-0.0021984493435361907
2024-06-05,-0.021768075460006107,-0.008942115527554195
2024-06-06,0.00857851721544082,0.005542709563439718
2024-06-07,0.0006669850496873917,-0.0005059497286008519
2024-06-10,0.013884808286406715,0.00915704458186073
2024-06-11,0.003187552621795577,0.002475242323491722
2024-06-12,-0.00801958239651667,-0.006594596040567335
2024-06-13,-0.009870937232104781,-0.004018914762392911
2024-06-14,0.018447704662434256,0.0024299768775397634
2024-06-17,-0.025911021168941565,-0.01834665170235028
2024-06-18,0.0036617511265559957,0.009964400042033139
2024-06-19,0.0008976862408552527,0.002303728802548255
2024-06-20,-0.0013865657583174986,0.0016141193413283794
2024-06-21,-0.0021940075721502733,-0.0009461021088562616
2024-06-24,0.002669905719208179,0.005393749590109742
2024-06-25,0.017709908445794564,0.009496284977134062
2024-06-26,0.006330048982966536,0.012608684639888956
2024-06-27,0.0010230221559455724,-0.00820658665828966
2024-06-28,0.009327883522622076,0.006139542790033703
2024-07-01,0.010188685141590688,0.001212145973046308
2024-07-02,0.01365387244493547,0.011194069203338541
2024-07-03,0.01212744069715569,0.012628177404282459
2024-07-04,0.00816833252034288,0.008203067282401166
2024-07-05,-0.0021108503493410063,-3.122048017667467e-05
2024-07-08,-0.007833273767945487,-0.003218387775625997
2024-07-09,0.0113246319647098,0.019604191972324436
2024-07-10,0.004458304867124356,0.006056165592749796
2024-07-11,-0.0016369795629569773,0.009371566260830022
2024-07-12,-0.02451146421923457,-0.024472796650381046
2024-07-16,0.013154379346292286,0.00204896928480669
2024-07-17,0.006985794506948598,-0.004297671302106121
2024-07-18,-0.0245903715800897,-0.023634900416870663
2024-07-19,-0.0021910465551760955,-0.0015591375134754726
2024-07-22,-0.014218388552320972,-0.011601225779591773
2024-07-23,0.0013101931468202555,-0.0001164012980126028
2024-07-24,-0.018588629319646735,-0.011101043747910988
2024-07-25,-0.04436316818006273,-0.03282709019336483
2024-07-26,-0.0019262222140191776,-0.00533678817939276
2024-07-29,0.03292074492938291,0.021270874389198058
2024-07-30,-0.0012237450459864877,0.0014900534313218028
2024-07-31,0.013114179416702832,0.014947615968660788
2024-08-01,-0.03421155090630487,-0.024947487858721362
2024-08-02,-0.07727659593799477,-0.05813906072944175
2024-08-05,-0.128274800688123,-0.12395757674714236
2024-08-06,0.08467230313492095,0.10226327398560753
2024-08-07,0.032470737079257864,0.011943897645556811
2024-08-08,-0.008145848916454038,-0.007366071453420164
2024-08-09,0.014630352462001141,0.005565465716637075
2024-08-13,0.026651132139819154,0.03447570931477517
2024-08-14,0.011240829464080643,0.005793635571816225
2024-08-15,0.007199210505026356,0.007798901992462026
2024-08-16,0.040492732819883026,0.0363777145762294
2024-08-19,-0.012925095408493632,-0.017708971757516734
2024-08-20,0.012444594246238661,0.01803491975698246
2024-08-21,-0.009238378340740773,-0.0029194052446873675
2024-08-22,0.005156255141559163,0.006830003640514004
2024-08-23,0.009591429247241916,0.004010828439404923
2024-08-26,-0.01577797210682145,-0.006622067469395199
2024-08-27,0.010141492850829319,0.004681220669981112
2024-08-28,0.0029291905117996876,0.0021714186258217083
2024-08-29,0.004233337735367305,-0.00024055368678810307
2024-08-30,0.011592203881943014,0.007434826136505368
2024-09-02,0.0020608340500199154,0.0013744938256432526
2024-09-03,0.0033538226565903956,-0.00037628351994256626
2024-09-04,-0.0431050367261642,-0.042358634832756814
2024-09-05,-0.003102168164710653,-0.01054101837711352
2024-09-06,-0.008734620356553133,-0.007246104229282846
2024-09-09,0.000851787596029454,-0.0048285698828794965
2024-09-10,-0.0032804617691095848,-0.0015625755023711552
2024-09-11,-0.019062877894165723,-0.014917122595469623
2024-09-12,0.030019920383828735,0.03406815978793376
2024-09-13,-0.005902596418745715,-0.006828278230544216
2024-09-17,0.0074273475930668135,-0.01034786054483472
2024-09-18,-0.0005608912135051683,0.0048877732729220025
2024-09-19,0.026661126405471754,0.021307107967037275
2024-09-20,0.0039805382135779084,0.01530283972562807
2024-09-24,0.017391406219720157,0.005743828956291219
2024-09-25,-0.012183420270572294,-0.0018536381561180537
2024-09-26,0.024323714234273035,0.02786796656801238
2024-09-27,0.023054408934165833,0.0232219674517542
2024-09-30,-0.03495875605308393,-0.04795453125608362
2024-10-01,0.02364953554705244,0.01931504866645617
2024-10-02,-0.02216702128305122,-0.021815370821182345
2024-10-03,0.013225368768235709,0.019659381614483884
2024-10-04,0.0016883563681405526,0.0021675236822125132
2024-10-07,0.017273442007622757,0.018043379859441933
2024-10-08,-0.007852389310771344,-0.010047589769217602
2024-10-09,0.007090617750929089,0.008742768115200583
2024-10-10,-0.0032667172805019686,0.002620545594609336
2024-10-11,0.004443488260326574,0.0057111495621489095
2024-10-15,0.007601402160415666,0.007694579934974355
2024-10-16,-0.007038037510039203,-0.018297166681625288
2024-10-17,-0.005544115585529864,-0.006868486704644794
2024-10-18,-0.0008580474250821662,0.001813323910166087
2024-10-21,-0.009031952343068623,-0.0006964396801066863
2024-10-22,-0.013262216262331011,-0.013930077660513907
2024-10-23,-0.01138886935320365,-0.007994946235618694
2024-10-24,0.006289021355874385,0.0010085245853239666
2024-10-25,-0.013021773185836073,-0.006013303863863673
2024-10-28,0.011646436208584498,0.01824156776184216
2024-10-29,0.007308602013958066,0.007722946112806106
2024-10-30,0.0018710484001571808,0.00960605630371969
2024-10-31,-0.0029790770502765513,-0.00499372850077151
2024-11-01,-0.027277368961715762,-0.02629337917799457
2024-11-05,0.007857467940031256,0.011069275098698927
2024-11-06,0.02570918121984887,0.026141029043489583
2024-11-07,0.012012412768351334,-0.002514185145183756
2024-11-08,0.008660114320609695,0.0030207383897125073
2024-11-11,0.002299521895114118,0.0008341496000581206
2024-11-12,-0.003913983373505582,-0.0039771632513316835
2024-11-13,-0.0129486829714965,-0.016619976490730104
2024-11-14,-0.005027408419469191,-0.004802504250840722
2024-11-15,0.000671514700238429,0.0027821199478283987
2024-11-18,-0.015417847857704831,-0.010922018865645367
2024-11-19,0.01120034490939781,0.005064725590518515
2024-11-20,0.006514302615110656,-0.0016163156463625539
2024-11-21,-0.006269480434520831,-0.00850451289488019
2024-11-22,0.0049333044387421445,0.00677637728949021
2024-11-25,0.002794329934770605,0.01296340473188251
2024-11-26,-0.009648910993009642,-0.008719427509811917
2024-11-27,-0.0060763599850050184,-0.007986869829873622
2024-11-28,-0.0008704469224408146,0.005614003387638844
2024-11-29,0.00265117606826266,-0.003677465599455032
2024-12-02,0.01361500059925752,0.007982308202545862
2024-12-03,0.016264076433516662,0.019106262056469703
2024-12-04,0.005796244074836386,0.0007014535056153459
2024-12-05,0.002949048474867961,0.0030351805652966135
2024-12-06,-0.011392602619129635,-0.007727504478311609
2024-12-09,-0.004225275519086219,0.0017734982522827902
2024-12-10,-0.0014007959440224937,0.00528793363210367
2024-12-11,0.011324553890631125,0.00011817703733840723
2024-12-12,0.014156171942410888,0.01211285595385636
2024-12-13,-0.007246671798198815,-0.009503322099559064
2024-12-16,0.007682518248818101,-0.00032817279307018055
2024-12-17,-0.006171095638492971,-0.0023521161075552577
2024-12-18,-0.011074949828982052,-0.007188392036881042
2024-12-19,-0.0029964221580799305,-0.006860825845849017
2024-12-20,-0.0032604476085509107,-0.0028773355329502204
2024-12-23,0.009253734365796499,0.011871288613708675
2024-12-24,-0.008265856945596079,-0.0031788565392986134
2024-12-25,0.0010129603331992597,0.0023971739844381723
2024-12-26,0.014910932178105732,0.01118385128261945
2024-12-27,0.016450930647244084,0.01802215190342027
2024-12-30,-0.010423996482710625,-0.009598062524770912
2025-01-06,-0.0187983029970591,-0.014726032561239055
2025-01-07,0.004893899478297005,0.019748365358672082
2025-01-08,-0.0033595005136181797,-0.002550742715974774
2025-01-09,-0.014300342713670852,-0.009403671719156903
2025-01-10,-0.0030707864591909915,-0.01047065939973979
2025-01-14,-0.011118005045663985,-0.01827227292399225
2025-01-15,-0.001610950603114921,-0.0007725327204513022
2025-01-16,0.0035207202873236885,0.0033300778352605143
2025-01-17,-4.328348322152474e-05,-0.0031405873623461256
2025-01-20,0.006034875390056171,0.01173008909162454
2025-01-21,-0.000877500642869842,0.003225511695906347
2025-01-22,0.01896000933974322,0.015841699309679935
2025-01-23,0.006544146623263125,0.007885262635179968
2025-01-24,0.005140322531411158,-0.0006729575752255634
2025-01-27,-0.01423675645496695,-0.009170085810959572
2025-01-28,-0.016618042251813805,-0.013873842476610165
2025-01-29,0.01257606116474817,0.010198412765952014
2025-01-30,0.008801307906978001,0.0025165051499556057
2025-01-31,0.005306537694566464,0.001480983386413115
2025-02-03,-0.014654590369690551,-0.026594194179056507
2025-02-04,0.022289609129553297,0.0072243146661599145
2025-02-05,0.005299049722121076,0.0008533702335078441
2025-02-06,0.00809175460681538,0.00605309863061132
2025-02-07,-0.01245852907158697,-0.007154761628599959
2025-02-10,0.014921175783338054,0.0003648731952348161
2025-02-12,0.0036924951035363007,0.004188722553885471
2025-02-13,0.01731533349047863,0.012775212344583231
2025-02-14,-0.009354737689691422,-0.007907436605486207
2025-02-17,0.004895979860693703,0.0006339891206110781
2025-02-18,0.011463978972462737,0.002454378513947253
2025-02-19,-0.001088122427161652,-0.0026938627238113355
2025-02-20,-0.013379578898253634,-0.012423724384459045
2025-02-21,0.005657482988121267,0.002557067166465865
2025-02-25,-0.01758443843202297,-0.013903941987108315
2025-02-26,-0.0034329877518141324,-0.0024953840451925613
2025-02-27,0.008818835636100362,0.0029835791007928325
2025-02-28,-0.021628138732338653,-0.0287710928996342
2025-03-03,0.013985941335153474,0.016954925919446584
2025-03-04,-0.009405029631758486,-0.012022851046409211
2025-03-05,0.0043365148106291945,0.0023320611477797293
2025-03-06,0.016437920172015553,0.007661809305267608
2025-03-07,-0.030547249445170673,-0.021688352671059508
2025-03-10,-0.013389833223885757,0.003825114506694538
2025-03-11,-0.01659483657012962,-0.006350827603529674
2025-03-12,0.015371662192106287,0.000706123216855703
2025-03-13,0.007384200398233146,-0.000789226291940337
2025-03-14,0.019412136298593622,0.007150586818270188
2025-03-17,0.01755572128676986,0.009268265118663077
2025-03-18,0.007589739234725282,0.012003853550458965
2025-03-19,0.0026789657975625626,-0.002471711613070804
2025-03-21,0.0038634533038861977,-0.0019818963894698838
2025-03-24,-0.004782910859267076,-0.0018199486652966668
2025-03-25,-0.0022368830730441405,0.004574785882467403
2025-03-26,0.0045260378733173266,0.00653114026752788
2025-03-27,-0.0012473074538178056,-0.005977820615253093
2025-03-28,-0.008304214900778633,-0.017979925578642142
