,RL Agent,QQQ
2009-04-03,0.00648182628275604,0.018576723581166688
2009-04-06,-0.0052631197156545574,-0.0024729317494673886
2009-04-07,-0.027068906477444747,-0.02634012229540006
2009-04-08,0.02960035167553147,0.01686818309567628
2009-04-09,0.03439264647968013,0.03098577815824588
2009-04-13,-0.009195299848455652,-0.0015182500694779222
2009-04-14,-0.005260367274013177,-0.012160851914776005
2009-04-15,-0.005267458328568392,-0.002770482651916595
2009-04-16,0.03305574354900209,0.025926117084203115
2009-04-17,0.008179335443699776,0.0021056630856870484
2009-04-20,-0.03930207437615199,-0.03212240045474801
2009-04-21,0.014834379880223587,0.013957647799129669
2009-04-22,0.011601609346866043,0.0030591827513584136
2009-04-23,-0.010642412620025672,0.00975858793231299
2009-04-24,0.019187547533232888,0.017517793546944604
2009-04-27,-0.014371187981353322,0.0011872206558867227
2009-04-28,-0.006691655949898808,-0.0074119507516005045
2009-04-29,0.01294588687180246,0.013739665111374366
2009-04-30,0.03538651260505265,0.010017693365715008
2009-05-01,0.008340237180495392,0.00262549631360387
2009-05-04,0.03636132927928872,0.019784852549194154
2009-05-05,-0.006885371143759857,-0.000855771456847565
2009-05-06,-0.0007140545115552421,0.0002854385627939493
2009-05-07,-0.04909386183865536,-0.023408843214979158
2009-05-08,-0.00775428337344804,0.0005847806331991112
2009-05-11,-0.004967102757232458,0.0035057320708251627
2009-05-12,-0.02023729701802306,-0.012227453533944943
2009-05-13,-0.044166021240890044,-0.026819434495916505
2009-05-14,0.020011210792937332,0.011205052031820317
2009-05-15,0.0017675542398993653,-0.0005993397562918945
2009-05-18,0.04650532659861336,0.02607182775937056
2009-05-19,0.01589488869912255,0.0046732444881087964
2009-05-20,-0.0019816439440978406,-0.0034887902630010847
2009-05-21,-0.02261110044685902,-0.018377767207236273
2009-05-22,0.0008576547795026633,-0.003269031725478766
2009-05-26,0.041288329690606314,0.0372687658279236
2009-05-27,-0.010508334992207328,-0.006898476939404485
2009-05-28,0.014050331028586488,0.011577136184317105
2009-05-29,0.020299869367566604,0.012303553810144585
2009-06-01,0.046134123415225194,0.02854710459701315
2009-06-02,-0.014444711100686252,0.0013742498704487627
2009-06-03,-0.01901125459970051,-0.00301886199241852
2009-06-04,0.017993729665290503,0.011285785456912834
2009-06-05,-0.0008502762972044004,0.0010886023222915764
2009-06-08,-0.007161981919854768,-0.002990895228273449
2009-06-09,0.024471945766931933,0.007635725995397191
2009-06-10,-0.004286800553189256,-0.0035184918187075587
2009-06-11,0.005879317457943329,0.0
2009-06-12,-0.01010690944730589,-0.0046169733578893535
2009-06-15,-0.024852203631654544,-0.020463663330338666
2009-06-16,-0.018664207346331396,-0.00974957423631051
2009-06-17,-0.0002994757497698499,0.009563823318038622
2009-06-18,-0.005790831180835978,-0.0019503730700078936
2009-06-19,0.01879405681976116,0.010733836829073029
2009-06-22,-0.05049328153323161,-0.029867013687496113
2009-06-23,-0.0017215662544378192,-0.0022807544135160507
2009-06-24,0.01950275642518475,0.016857152485562077
2009-06-25,0.022069481152740635,0.01966863644249761
2009-06-26,0.009866296044792755,0.0022044658943871642
2009-06-29,0.0001789458465066384,0.002199435402415295
2009-06-30,-0.0036871762874852105,-0.0019205239241425476
2009-07-01,0.003372605212391705,0.0005498288272167695
2009-07-02,-0.03511622637472691,-0.021977621387360702
2009-07-06,-0.009099761245295284,-0.005338001411178905
2009-07-07,-0.028596602592830336,-0.024851215916471103
2009-07-08,0.005545268678870839,0.005213070773480322
2009-07-09,0.014284209239338977,0.0017283404147192538
2009-07-10,0.006110257993628088,0.004313839036376166
2009-07-13,0.02640766651241007,0.019186981459438757
2009-07-14,0.016833766888959555,0.003652846578959812
2009-07-15,0.028889606133361084,0.03359379240145044
2009-07-16,0.01970790718225228,0.011918007863245927
2009-07-17,0.006499061838173243,0.005353473561474198
2009-07-20,0.024036274878321107,0.009584588167829589
2009-07-21,0.0017475146658293588,0.00685667940712098
2009-07-22,0.02025539210948706,0.008381822117802029
2009-07-23,0.03804965300492557,0.022077372485058255
2009-07-24,0.000532281265894308,-0.007623715656566832
2009-07-27,0.006839685963185905,0.007682283199271334
2009-07-28,0.0031316488657624356,-0.006860941453500913
2009-07-29,-0.014891264120923165,0.0066524747505631865
2009-07-30,0.015516715928465381,0.005845991201255174
2009-07-31,0.003841207307819654,-0.0030319103559981464
2009-08-03,0.025871390009052992,0.014955536012689397
2009-08-04,0.008794843163805289,0.0
2009-08-05,0.00612646535921805,-0.007741737067161858
2009-08-06,-0.013133506310767982,-0.008809849484834875
2009-08-07,0.028019277538234834,0.012696546863799618
2009-08-10,-0.00492681245437179,-0.007021264644280212
2009-08-11,-0.00731095881256308,-0.008585495423906853
2009-08-12,0.021949563882976638,0.015537409539426728
2009-08-13,0.0073127097921295795,0.005517925309536098
2009-08-14,-0.023684543741417204,-0.011473797340927128
2009-08-17,-0.04228592699735744,-0.029018821671814132
2009-08-18,0.024425633318081005,0.014293004709398094
2009-08-19,0.004789185293430181,0.006917982480819207
2009-08-20,0.011643008216665661,0.011704440289515228
2009-08-21,0.021014533565790302,0.013330115931617703
2009-08-24,-0.011203859019332251,-0.000992721498799698
2009-08-25,0.010238404494695975,0.002981342607941029
2009-08-26,-0.0017032636344250012,-0.0017339288614939274
2009-08-27,0.007844181441896955,0.002481515315491345
2009-08-28,0.004926712596719115,0.0009899093950211935
2009-08-31,-0.01672709825832908,-0.010138414348469849
2009-09-01,-0.026223869229801588,-0.018735633093787785
2009-09-02,-0.0014623685146164832,-0.000763909157778353
2009-09-03,0.013949614756627872,0.006623888090221408
2009-09-04,0.028378934579160166,0.021513576145256286
2009-09-08,0.018472224477524703,0.009415479158963125
2009-09-09,0.027780077301397758,0.008591013691219063
2009-09-10,0.0133334858375811,0.00949165889065684
2009-09-11,-0.005350599553889085,0.0009641352713509743
2009-09-14,0.013992256216108874,0.003853462429377341
2009-09-15,0.014822611779075887,0.003119170364038082
2009-09-16,0.012060266543797002,0.014589462934079922
2009-09-17,-0.0073429625158006355,-0.00023592620800905184
2009-09-18,0.008259701473225474,0.001675741176649037
2009-09-21,-0.0005280422310653297,0.0030637718945005776
2009-09-22,0.013305037438272046,0.0018786302989013404
2009-09-23,-0.010670703434787937,-0.004688748518980379
2009-09-24,-0.022968744589438612,-0.008952060025100517
2009-09-25,-0.010765278410441753,-0.008794846248525445
2009-09-28,0.02219055707014747,0.017026460592951764
2009-09-29,-0.003373357274013245,-0.004479941810104915
2009-09-30,0.002008006897584286,0.0007106520430359975
2009-10-01,-0.04296754693270745,-0.029585901035385276
2009-10-02,-0.005125632019174038,-0.0029268714314911737
2009-10-05,0.02098913466844074,0.008072550563952285
2009-10-06,0.022416374210883144,0.017713822547245295
2009-10-07,-0.004794417154497406,0.0028610625024374503
2009-10-08,0.011080159313701085,0.004279820678430246
2009-10-09,0.007487389953027722,0.005682109162947535
2009-10-12,0.006515722939781979,0.0021187002048528303
2009-10-13,-0.00048773026203006347,0.0002343510994669007
2009-10-14,0.020860669539817262,0.013621396147154519
2009-10-15,-0.007502735471300719,-0.002316264368922627
2009-10-16,-0.021714825235625804,-0.006502884566294109
2009-10-19,0.016683256101225032,0.010051168501268526
2009-10-20,-0.004054353547912806,0.00023179593003797017
2009-10-21,-0.007641954146006175,-0.0018512927105576171
2009-10-22,0.009755262986273371,0.003940401704497276
2009-10-23,-0.002921343491040653,-0.0041554860171494346
2009-10-26,-0.00040817142835380114,-0.00324575798016169
2009-10-27,-0.03164157728867111,-0.015120305842549975
2009-10-28,-0.030451963938903343,-0.022437677445081627
2009-10-29,0.020827239587321647,0.016912636951089688
2009-10-30,-0.0324484936062671,-0.02684688130981694
2009-11-02,0.008469681108743823,0.004150440339553585
2009-11-03,0.009346469570825414,0.003160175418492006
2009-11-04,-0.00547418206680961,0.0016966986519544314
2009-11-05,0.029682736585975773,0.02467950095467808
2009-11-06,0.007990007949181926,0.005903125576203427
2009-11-09,0.018234337769977144,0.021361097134600326
2009-11-10,0.012830278781328744,0.002528335138805904
2009-11-11,0.005174684304930692,0.006419503954294248
2009-11-12,-0.001247842461753574,-0.005694900329478947
2009-11-13,0.011230438276169648,0.008247339813124421
2009-11-16,0.012704617018985183,0.010225321525025866
2009-11-17,0.008138258163825797,0.003148266490399232
2009-11-18,-0.007018317874254944,-0.005605521193397078
2009-11-19,-0.018104354477912574,-0.015557622925921222
2009-11-20,-0.004974211666038941,-0.005039295223747131
2009-11-23,0.016500084194775274,0.01611430052065188
2009-11-24,-0.005840478023510906,-0.003398402729798855
2009-11-25,0.012995844904475215,0.004319435530855564
2009-11-27,-0.02093647121708572,-0.015165561048730236
2009-11-30,0.006317398729555051,0.001149877120082854
2009-12-01,0.018376365621759438,0.010330245046566544
2009-12-02,0.006411572706903641,0.0013632962797676118
2009-12-03,-0.005086174453733341,-0.004084320700087352
2009-12-04,0.007871421794257438,0.005239889800627839
2009-12-07,-0.009783111973685883,-0.004759443272995156
2009-12-08,-0.00690972743142123,-0.006148805355219222
2009-12-09,0.005497181563990004,0.010082705895000155
2009-12-10,0.005093228725916931,0.004990581005249961
2009-12-11,-0.0030518301946230618,-0.003837817188375059
2009-12-14,0.011438167617217927,0.009517726227080692
2009-12-15,-0.008554640927114488,-0.005611712708338268
2009-12-16,0.00925478551601663,0.0013548681710588983
2009-12-17,-0.01398810291973722,-0.012172953771221962
2009-12-18,0.007337065611900373,0.01629803473787561
2009-12-21,0.012142315707155233,0.011245571656309794
2009-12-22,0.007769665367954382,0.006005355428568615
2009-12-23,0.012036832955270532,0.0072960526200864795
2009-12-24,0.006573408406778737,0.00921866061004395
2009-12-28,0.0025828520524255024,0.005220110307658121
2009-12-29,-0.006220646104801355,-0.004111304858511633
2009-12-30,0.0043205811373790625,0.0030416377086786017
2009-12-31,-0.00999592100693363,-0.00909686232215845
2010-01-04,0.01551709299962391,0.01464471476976903
2010-01-05,0.006702753805416958,0.0
2010-01-06,-0.0088495696313651,-0.006031693648551939
2010-01-07,-0.01115539974009106,0.0006501439658856967
2010-01-08,0.0037153826402751204,0.008230091558069086
2010-01-11,-0.0016719076651927182,-0.004081313586647872
2010-01-12,-0.016950068550758483,-0.012511128719913445
2010-01-13,0.016449575064014274,0.012451413054452853
2010-01-14,0.0015984806851713214,0.0008626468969095136
2010-01-15,-0.015584198296619386,-0.01164019011266515
2010-01-19,0.010106068028944884,0.016139082936677207
2010-01-20,-0.020888792454526153,-0.014380022067016607
2010-01-21,-0.0069566471963921775,-0.00936423333738956
2010-01-22,-0.026566051951788593,-0.02923720873324087
2010-01-25,0.0025849136417997677,0.0033968693218187074
2010-01-26,-0.002160631824712992,0.0009020652003142171
2010-01-27,0.009197171211081986,0.007891845775615192
2010-01-28,-0.026068503751878865,-0.02572692161414336
2010-01-29,-0.028045520431262613,-0.017451046558835892
2010-02-01,0.021049525782421096,0.010983832304370722
2010-02-02,0.008817401231391181,0.00901536030696648
2010-02-03,0.005989426379535669,0.005498251653316855
2010-02-04,-0.03419541317065796,-0.028936401982292526
2010-02-05,0.005495078096817481,0.008446696283418653
2010-02-08,-0.0023313820577847777,-0.0072121956667182685
2010-02-09,0.01588348760586926,0.010311706935199005
2010-02-10,0.003867453384093042,-0.002087925850428052
2010-02-11,0.020328349898474315,0.01510959802561529
2010-02-12,-0.0017932443823346586,0.0020610507247651455
2010-02-16,0.019067898067418806,0.012797269701807057
2010-02-17,0.0029352282990008677,0.0056401503274174924
2010-02-18,0.006870553708308557,0.0062823510549012695
2010-02-19,-0.0007752692351260935,-0.0004457980087754221
2010-02-22,-0.001925407073298546,-0.0020079159297438087
2010-02-23,-0.010139505303112027,-0.012963364490015783
2010-02-24,0.008202234157290813,0.010189613973146328
2010-02-25,0.005498119533163641,-0.00022404907550488407
2010-02-26,0.005980530957238556,0.00358765534770078
2010-03-01,0.028841645476624697,0.014522128191388761
2010-03-02,0.0018546389732870586,0.0030826821141991534
2010-03-03,-0.008746423645695783,0.0010976088413117147
2010-03-04,0.004082667902584762,0.003289697552859794
2010-03-05,0.015117423675653023,0.015082030819747905
2010-03-08,-0.00011058253747169784,0.0019376432379134556
2010-03-09,0.0018498341986255727,0.005588299193150403
2010-03-10,0.011011708395717093,0.008120848050503504
2010-03-11,0.003185164462659545,0.003816058676182843
2010-03-12,-0.001046644502068562,0.00021145482588869058
2010-03-15,-0.0014067835615151133,-0.0025338629244943123
2010-03-16,0.006164229456893503,0.006350702780010931
2010-03-17,0.003155763578441878,0.0027345091340971184
2010-03-18,-0.0023928498505779335,0.0033565133365971445
2010-03-19,-0.010907201078377334,-0.00604862226336067
2010-03-22,0.014901022109175004,0.009054235296920066
2010-03-23,0.008220416173714789,0.006886738889445576
2010-03-24,-0.007443574016399835,-0.004766925470749195
2010-03-25,-0.0032046281690462594,-0.001457974725455391
2010-03-26,-0.001088987816423791,0.0010428396402699658
2010-03-29,0.003467409136503573,0.004792119799797767
2010-03-30,0.0009109943001602344,0.0033171842545072217
2010-03-31,-0.003121389975958908,-0.004753134232388989
2010-04-01,0.003304767921471428,0.0
2010-04-06,0.0036858772322548522,0.002880106858648368
2010-04-07,-0.006779461875119529,-0.002461599125596292
2010-04-08,0.005668380279265103,0.0022622745299445413
2010-04-09,0.006313945328285652,0.005949693847385973
2010-04-12,0.005092103443817096,0.0008160558291292475
2010-04-13,0.004557270667386948,0.00509464873337917
2010-04-14,0.015112196474995253,0.011962689807549332
2010-04-15,0.0056082808198597315,0.0044078960315319105
2010-04-16,-0.02091509872533463,-0.011969175088196615
2010-04-19,-0.0056392793409801535,-0.0006053544745284745
2010-04-20,0.010634336022002061,0.005050304176012599
2010-04-21,-0.003860547345567969,0.0056282211690494854
2010-04-22,0.019672089677346048,0.0055966339389306174
2010-04-23,0.005235961550200217,0.004174310563302308
2010-04-26,0.0008305972305356047,-0.002177727036571042
2010-04-27,-0.028068551274390736,-0.021225575835543964
2010-04-28,0.001306672212340726,0.0006083074265763599
2010-04-29,0.027552955204671294,0.01741934435282788
2010-04-30,-0.02888036216648755,-0.019709554616075375
2010-05-03,0.02428916622490088,0.014012985355743801
2010-05-04,-0.034617444207119305,-0.03004218198347286
2010-05-05,-0.01598943920797823,-0.005161975613209857
2010-05-06,-0.036040199357947916,-0.03341641804655304
2010-05-07,-0.02539388860533968,-0.02490885105391749
2010-05-10,0.05540511859143292,0.051971413207346995
2010-05-11,-0.008585169082759648,-0.001046860428400409
2010-05-12,0.02389064521563738,0.018859743225145387
2010-05-13,-0.021499159324124634,-0.01583656398300648
2010-05-14,-0.02293729038514155,-0.019227276484354183
2010-05-17,0.003247930989815465,0.0031963287720790934
2010-05-18,-0.011091687203262224,-0.013805851367509114
2010-05-19,-0.0034675330029998977,-0.00796911552204893
2010-05-20,-0.03867327507390927,-0.03712591609591909
2010-05-21,0.020576204628270086,0.011048685917038448
2010-05-24,-0.011371705704211142,-0.004013980480445545
2010-05-25,0.005527369215633482,0.0008952196371012633
2010-05-26,-0.005419072557082287,-0.01118553375955722
2010-05-27,0.04332178174684331,0.03778260942458145
2010-05-28,-0.008143191065610584,-0.005886345862824549
2010-06-01,-0.013563528779789428,-0.009210274913960648
2010-06-02,0.031251834901382294,0.023683305903318574
2010-06-03,0.014051711479880092,0.009513239979499266
2010-06-04,-0.040205761765268244,-0.03426879923968151
2010-06-07,-0.024052194525460285,-0.018185752197501515
2010-06-08,0.006483711800833838,-0.001807203676688074
2010-06-09,-0.0022508365561923244,-0.00837268053282303
2010-06-10,0.03685806023346564,0.02852575664410395
2010-06-11,0.011049869569291985,0.009540495885135725
2010-06-14,-0.0016638542460958466,-0.00021923959997205422
2010-06-15,0.024528499177004046,0.026818931032820847
2010-06-16,-0.0014025179832281179,0.00406740692740537
2010-06-17,0.0020752453335632216,0.0031988408444154626
2010-06-18,-0.003129008925459448,0.000830360670092567
2010-06-21,-0.0008692977805031588,-0.008511072579330259
2010-06-22,-0.019307900192661015,-0.007725268682641562
2010-06-23,0.0001011871460676721,-0.004108644641327763
2010-06-24,-0.015743948281100185,-0.015201122055464644
2010-06-25,0.006442559511439546,0.0001988000582888727
2010-06-28,-0.004948278028630982,-0.0035344642100764156
2010-06-29,-0.04010630259556764,-0.03857208617144081
2010-06-30,-0.011223218128330357,-0.015217980911128914
2010-07-01,0.002335898386279218,-0.0028098396647707746
2010-07-02,-0.01047451486390917,-0.0028171417676930988
2010-07-06,-0.000899692296621093,0.003060516945357916
2010-07-07,0.034811559256059464,0.0319252058248618
2010-07-08,0.0014902998312550462,0.005459684944343568
2010-07-09,0.005507565425889518,0.009502172341568249
2010-07-12,-0.001206749626693276,0.0029132429209959287
2010-07-13,0.01720337986662205,0.012960924063803558
2010-07-14,0.007094797202305736,0.0050736334004533035
2010-07-15,0.0020571230025114295,0.0008783753143748463
2010-07-16,-0.031964242304811104,-0.02763151303049116
2010-07-19,0.011210785191394255,0.008570317385450332
2010-07-20,0.012298186580761214,0.012074739634916565
2010-07-21,-0.01581197376065806,-0.013698398784551813
2010-07-22,0.026706689633406302,0.025313407564912405
2010-07-23,0.017917424696543362,0.006335803804707885
2010-07-26,0.012044031276028117,0.0082504725183552
2010-07-27,-0.009219938624997483,-0.0004311473891082107
2010-07-28,-0.0007662282567711255,-0.007970351665596787
2010-07-29,-0.00225049179959691,-0.0073832336476648
2010-07-30,0.0024040889067408868,0.002187871417833387
2010-08-02,0.016336635518839984,0.01877284426511361
2010-08-03,0.000819646921328397,-0.004285547559423453
2010-08-04,0.011719384210944792,0.01011414744619299
2010-08-05,-0.003972448593941582,-0.0023433538704421553
2010-08-06,-0.004622460711440771,-0.00149421063333266
2010-08-09,0.005066414880761165,0.006843207514740213
2010-08-10,-0.013604990930981293,-0.008708907885138117
2010-08-11,-0.03148478600217038,-0.02721186992787572
2010-08-12,-0.006218499074609072,-0.007929769462123204
2010-08-13,-0.004485190229988558,-0.007104540286037797
2010-08-16,0.0025556202871639755,0.0017883800421867324
2010-08-17,0.01661261356913925,0.012723384863599474
2010-08-18,0.0017162942496414064,0.00396808549045069
2010-08-19,-0.013922347787727874,-0.015149004510975783
2010-08-20,0.0114084439527015,0.0013375379234403795
2010-08-23,-0.012796233055137069,-0.009795023385614665
2010-08-24,-0.01631575407164014,-0.018659938309205537
2010-08-25,0.0034529746127206057,0.009621902413866179
2010-08-26,-0.008555438654265208,-0.012026263736928167
2010-08-27,0.02215934011089758,0.012172655299943935
2010-08-30,-0.018843597257579187,-0.010437979043760426
2010-08-31,0.003775467940069028,-0.0034395389429306977
2010-09-01,0.03120469176164683,0.029912523269204794
2010-09-02,0.017701471390889217,0.011170561009638202
2010-09-03,0.014079862345379605,0.016570833591891487
2010-09-07,-0.012022608773993892,-0.006737077861067364
2010-09-08,0.01533489072411829,0.012034582723108977
2010-09-09,0.00031441771226495697,0.003892206661979314
2010-09-10,0.004614261964030171,0.00366083752406432
2010-09-13,0.015222215536066303,0.013948624774363871
2010-09-14,0.004082038636221973,0.004233126656569386
2010-09-15,0.0026742535891990287,0.006322371928749737
2010-09-16,0.006573118028033994,0.003978957209149758
2010-09-17,0.003906950556287091,0.0033869047337033997
2010-09-20,0.017904403205071535,0.017504002885400993
2010-09-21,-0.004469339400530362,-0.000205078833535155
2010-09-22,-0.005897791526620238,-0.002662733486808011
2010-09-23,-0.004343715312982653,-0.00041080008642013777
2010-09-24,0.023197346272298528,0.020341170453788582
2010-09-27,-0.0038546788995215673,-0.005436861443220864
2010-09-28,0.0078858147702193,-0.0004053307075948531
2010-09-29,-9.549933438340999e-05,-0.0016202149441616465
2010-09-30,-0.007197538110187685,-0.004463263874430301
2010-10-01,-0.000769848155305737,-0.0012228563847089813
2010-10-04,-0.00866647080855416,-0.010814056432831176
2010-10-05,0.025704945209027445,0.02433994467299616
2010-10-06,-0.01759297171919837,-0.00865889376305351
2010-10-07,0.0007919500426776528,0.00365673482817086
2010-10-08,0.0053994559022611365,0.006880775210370782
2010-10-11,-2.738787838980533e-05,0.00040204734068027825
2010-10-12,0.004944287275751963,0.006831532639953508
2010-10-13,0.008502944270695595,0.008181713826551196
2010-10-14,-0.0007614133675116841,-0.0019792529506146295
2010-10-15,0.005227520759684737,0.021221804035274072
2010-10-18,0.0012053988877654943,-0.0036902095996398376
2010-10-19,-0.015112854105685532,-0.00935631969298667
2010-10-20,0.008783681721824917,0.007280070711034092
2010-10-21,0.004842188371141735,0.0019534327577572785
2010-10-22,0.015822004815765005,0.006824152333567923
2010-10-25,0.005306115846677002,0.00484123581890028
2010-10-26,0.0041673296098055515,0.002698013461934101
2010-10-27,0.0032751832740191486,0.0030752668161224683
2010-10-28,0.0021146798013804823,0.002107795310731353
2010-10-29,-0.0004845583279567315,-0.0022945841431810665
2010-11-01,-0.003432262705760923,0.0007665647809456111
2010-11-02,0.008846369036313943,0.010723769981738851
2010-11-03,0.0026600003253151533,0.00454751638184181
2010-11-04,0.006947498084252519,0.012259178850272168
2010-11-05,0.002442408886773802,0.0
2010-11-08,0.0031126812885746242,0.001304712636006622
2010-11-09,0.002364191888942111,-0.0053966079506877485
2010-11-10,0.004668280010937504,0.005051510157766836
2010-11-11,-0.0013698902213988117,-0.006329456368592279
2010-11-12,-0.015051052497081089,-0.01629812045678003
2010-11-15,-0.0031915974270064758,-0.003808155850238748
2010-11-16,-0.019394272348609364,-0.016440966244778088
2010-11-17,0.005639453384079546,0.002915552643456776
2010-11-18,0.017066032283759438,0.016085155573331678
2010-11-19,0.0008498709802084796,0.0007624108906818527
2010-11-22,0.005292500246522782,0.008386525648790943
2010-11-23,-0.018590629232893587,-0.015876165186769597
2010-11-24,0.02216794751342263,0.0201647691652469
2010-11-26,-0.00367518512712324,-0.006588729512046365
2010-11-29,-0.0057665761057867325,-0.0007579942212746493
2010-11-30,-0.013456271083305783,-0.01213743796492217
2010-12-01,0.026235179351112504,0.021117586550063905
2010-12-02,0.012794035671238059,0.01015191413647143
2010-12-03,0.006444455045485436,0.0026061875014598
2010-12-06,-0.002230394278378163,-0.0003717838392457429
2010-12-07,-0.0010412746157874777,0.000557640401811943
2010-12-08,0.0051074247026944705,0.0037115677315617823
2010-12-09,-0.00021908708215333104,0.0009246420366202379
2010-12-10,0.00588599605637493,0.006650870095461503
2010-12-13,-0.005814317468074608,-0.003487200960821779
2010-12-14,-0.0034062064605231974,0.0018416311195532664
2010-12-15,-0.008343245772593984,-0.0044118538814116315
2010-12-16,0.00984752351384504,0.007754958034173587
2010-12-17,-0.0006198719201852779,0.0008812012632706256
2010-12-20,0.004784324568637379,0.0007336479742119373
2010-12-21,0.0044148239643704386,0.0060482183518739685
2010-12-22,-0.00147588167849409,-0.0001819181878413012
2010-12-23,-0.005231522259108771,-0.002551042645863366
2010-12-27,-0.0021024920413389844,0.0005482033192358848
2010-12-28,-0.0037881793187367597,-0.0018262637838287743
2010-12-29,0.005059267792325517,0.0021954625092834856
2010-12-30,-0.004089517470363118,-0.0023731412827519005
2010-12-31,-0.002659002874141205,-0.003658845243457387
2011-01-03,0.021052901498282598,0.01560797521966606
2011-01-04,-0.00402431245470447,-0.0007230904742185906
2011-01-05,0.01998694795620795,0.008503562750984628
2011-01-06,0.005948387470572429,0.0032292735031898
2011-01-07,-0.0028684336397662665,-0.0008940811686642958
2011-01-10,0.008292201468153562,0.0037586414307453353
2011-01-11,-0.0022033403268782886,0.0014266346389928408
2011-01-12,0.012305746567577424,0.007122546615144776
2011-01-13,0.0012051709725037774,0.00035363180400960204
2011-01-14,0.008531169065839886,0.007422797121921176
2011-01-18,0.002936150341229455,0.002807216940293733
2011-01-19,-0.014956933805338917,-0.011371747311175517
2011-01-20,-0.02072436672597989,-0.007078433980177268
2011-01-21,-0.006406822538719043,-0.0076633261450653745
2011-01-24,0.012452226294028139,0.013829026341221962
2011-01-25,-0.0025061666974367834,0.001417052613769787
2011-01-26,0.004543230718350866,0.005307062519892325
2011-01-27,0.02134528531753185,0.006158657756066388
2011-01-28,-0.024980715374508942,-0.02535845110696555
2011-01-31,0.0011285929419348033,0.004844545186802884
2011-02-01,0.023401808104912845,0.01874997330363537
2011-02-02,0.0029560883867456814,-0.0015771039392150632
2011-02-03,0.0011545094709975302,0.0017554365582357345
2011-02-04,0.009775843577024592,0.005607995354884432
2011-02-07,0.00126514413141583,0.004705540832502519
2011-02-08,0.0018808905028166831,0.006591288653813088
2011-02-09,0.0008409942373607945,-0.0017232192040050887
2011-02-10,0.007964846834406706,0.0015543477028663322
2011-02-11,0.01300298326277993,0.007238042867269812
2011-02-14,0.006004334117059033,0.0023957898753932394
2011-02-15,-0.007481837327505874,-0.001365602250712028
2011-02-16,0.005429428889203168,0.006495964165365908
2011-02-17,0.006022154026955314,-0.00033962406024479197
2011-02-18,-0.0006368738423862674,-0.002208823605256205
2011-02-22,-0.03971964880794362,-0.028946445303234758
2011-02-23,-0.027197128721280665,-0.008240758068602139
2011-02-24,0.016040542933588444,0.005303785021390173
2011-02-25,0.018732485715342036,0.013893958311853138
2011-02-28,-0.005280709487198662,0.0020813722240387023
2011-03-01,-0.01673300845818355,-0.016098071649235712
2011-03-02,0.001653785353951105,0.0052779642391524995
2011-03-03,0.024606702226190637,0.01977575221604
2011-03-04,-0.0035952570344886404,-0.005148140781229715
2011-03-07,-0.02183641881804073,-0.013455286599202365
2011-03-08,-0.0040145995199436174,0.004022004713339911
2011-03-09,-0.016911431538398084,-0.006792877782960893
2011-03-10,-0.014717949976129926,-0.01560521779952495
2011-03-11,0.007255298421221178,0.006234195952258048
2011-03-14,-0.007198632711510199,-0.003540623552857003
2011-03-15,-0.006371399648140438,-0.014211889299562408
2011-03-16,-0.02126560001081,-0.024148716100654055
2011-03-17,0.007055926304130196,0.009234105657193847
2011-03-18,-0.003517629035397346,-0.002254358448882221
2011-03-21,0.016770522600425237,0.01928406603744759
2011-03-22,-0.001479935228151957,-0.0018015814290076593
2011-03-23,0.011153364475933878,0.005595272298678733
2011-03-24,0.027939758355535877,0.01777078941788357
2011-03-25,-0.005374015057980009,0.00246912483327133
2011-03-28,-0.0008399098998310826,-0.0054540561744405025
2011-03-29,0.01096048959650234,0.00972919585399823
2011-03-30,0.006395254250851959,0.0047303793342410305
2011-03-31,-0.000866597643193984,0.0013948940516628205
2011-04-01,0.00444155584777406,0.0005225456913651172
2011-04-05,-0.002150228359486043,-0.0026191178006205185
2011-04-06,0.0012157674738378528,0.00245081770589195
2011-04-07,-0.007009465210922976,-0.0006980882741876027
2011-04-08,-0.004857875606522225,-0.004719182565961155
2011-04-11,0.0027062993636340726,-0.003336104587149502
2011-04-12,-0.010057067467042265,-0.0068709083495549494
2011-04-13,0.008770217394164224,0.008515328454106408
2011-04-14,0.0035785783688249005,-0.0017591051855827544
2011-04-15,0.00595786800889434,-0.0017622816174694966
2011-04-18,-0.014016301239184183,-0.007060957643530319
2011-04-19,0.007149012743388807,0.006222041521094068
2011-04-20,0.02721073309738663,0.022615275669710444
2011-04-21,0.012038646814087508,0.007947270509958582
2011-04-25,-0.000728339405442575,0.002571006782494001
2011-04-26,0.004950580498462757,0.005642051602207099
2011-04-27,0.010519834140580483,0.006800390023997904
2011-04-28,-0.0015514287083096233,-0.0015196666736335684
2011-04-29,-0.002763778813956513,-0.0008452340967199934
2011-05-02,0.002880071355727835,-0.0018622201165789942
2011-05-03,-0.015270497756127996,-0.004748303950959376
2011-05-04,-0.01074328940789333,-0.0015332420491929177
2011-05-05,-0.0009271305169479584,-0.0054608538509380855
2011-05-06,0.007339249529543515,0.0032598966097252546
2011-05-09,0.009985615776357247,0.0037627040842478365
2011-05-10,0.011561768830296982,0.008519409127585087
2011-05-11,-0.010105979335984594,-0.007264594601297358
2011-05-12,0.011256054316041951,0.005956554667641889
2011-05-13,-0.013633613919394617,-0.011842568429030975
2011-05-16,-0.015882050589106043,-0.01729150725717632
2011-05-17,-0.003902532739817381,0.002787433615824453
2011-05-18,0.011329228797654106,0.008339207183405417
2011-05-19,0.0007677832876128751,0.002928873392410214
2011-05-20,-0.006076045904783653,-0.007558870653364025
2011-05-23,-0.01628708360395815,-0.014713414385238432
2011-05-24,-0.006902566419937267,-0.006149107150282718
2011-05-25,0.0053689299351307234,0.00388900374728407
2011-05-26,0.008452013370903061,0.006163260443007079
2011-05-27,0.0035624562986694983,0.005075112007333571
2011-05-31,0.013498886046385553,0.016193925402556708
2011-06-01,-0.018585643557699132,-0.02176185984264767
2011-06-02,0.005943317053988419,0.002102022489175903
2011-06-03,-0.013102246056657784,-0.015032338330929318
2011-06-06,-0.01500918487488027,-0.008163439895584212
2011-06-07,-0.0014210704138475,-0.001788932953012301
2011-06-08,-0.009709898298645823,-0.007169879236518462
2011-06-09,-0.0016805106345522797,0.0018055516243260517
2011-06-10,-0.015172979503591859,-0.01531843289028545
2011-06-13,-0.004970570277108908,0.0
2011-06-14,0.013390223469032637,0.012811393670654647
2011-06-15,-0.01758440951364158,-0.018973457688982953
2011-06-16,-0.009622351976505426,-0.0038683384215751904
2011-06-17,0.0019954318963865104,-0.003132097299796799
2011-06-20,0.011400140649959407,0.005205441203374628
2011-06-21,0.02236287903969243,0.021453963600180703
2011-06-22,-0.0036843263747810854,-0.007242613102671047
2011-06-23,0.005491717658276292,0.009301479037511218
2011-06-24,-0.007008299746693202,-0.01734734762403023
2011-06-27,0.010516403363842193,0.015998626241731317
2011-06-28,0.022237972674701696,0.01484162321013871
2011-06-29,0.006848235074774646,0.004101928007403721
2011-06-30,0.003346822660322452,0.01332127313682041
2011-07-01,0.016097303092402714,0.015074724586956467
2011-07-05,0.010314597116672047,0.005007801095303632
2011-07-06,-0.0026501223193044735,0.0032648170950440036
2011-07-07,0.003783146413492296,0.013700782282705326
2011-07-08,0.0014396013616954802,-0.002703019083876934
2011-07-11,-0.019565946538566643,-0.01812661720921649
2011-07-12,-0.006233449433699633,-0.007591236248276401
2011-07-13,0.004355963472481452,0.0041720941960197155
2011-07-14,-0.012051761210668508,-0.01159965880267344
2011-07-15,0.006450879486462498,0.013312422883735353
2011-07-18,-0.006181837379725511,-0.005358830084892352
2011-07-19,0.017461400037516294,0.02276718609267725
2011-07-20,-0.005436732338743806,-0.0042479684973507625
2011-07-21,-0.004380063785357921,0.006655137011523982
2011-07-22,0.0038282314874107156,0.010340555929207351
2011-07-25,-0.0037341474211985766,-0.0020132093872994306
2011-07-26,-0.0006554169001003702,0.002521551793221777
2011-07-27,-0.017885061937777478,-0.025825879945469365
2011-07-28,-0.003430545030527463,0.0017215826595395889
2011-07-29,0.0064213879476523435,-0.003265005640502805
2011-08-01,-0.00530410516339041,-0.004655163474243773
2011-08-02,-0.0352980280523809,-0.02529015892002562
2011-08-03,0.006657126012418501,0.009596338490346579
2011-08-04,-0.0503780989138097,-0.04647026684445055
2011-08-05,-0.0005402858341452239,-0.006276588749528189
2011-08-08,-0.059894262318619704,-0.060190005404668345
2011-08-09,0.05083659160027959,0.048230910849775155
2011-08-10,-0.03635588140613312,-0.04092019197958352
2011-08-11,0.03856154565786321,0.04404249126792559
2011-08-12,0.017860523043345435,0.008851551432934146
2011-08-15,0.014404171236293974,0.014746908637517597
2011-08-16,-0.008556368368534352,-0.008462083519032992
2011-08-17,-0.006711911927673486,-0.0059367725602542665
2011-08-18,-0.047677172840242664,-0.049085803288809515
2011-08-19,-0.011228393000732261,-0.01805687688287383
2011-08-22,-0.0018541027912394078,0.0035979797059428886
2011-08-23,0.0433252260904846,0.0412269172837203
2011-08-24,0.008595039922925922,0.00784209322736551
2011-08-25,-0.013889869157903587,-0.01632188152396019
2011-08-26,0.028091306908280593,0.025082269190828566
2011-08-29,0.02893802605886916,0.027856180984188184
2011-08-30,0.017594747176040502,0.006591658305293402
2011-08-31,0.00029351221956964735,0.0016376750233155768
2011-09-01,-0.008795381634671863,-0.009080984275535164
2011-09-02,-0.020870524993937496,-0.02346038517026572
2011-09-06,0.007130726704830343,0.00018770844746573978
2011-09-07,0.02115443970273321,0.0253328760221605
2011-09-08,-0.008129540342570374,-0.004575195794604303
2011-09-09,-0.024022884036004322,-0.022246806519912954
2011-09-12,0.010751353125598414,0.01278671015220434
2011-09-13,0.01350971507769702,0.013368264176421452
2011-09-14,0.015978131101056253,0.014290780651418977
2011-09-15,0.01140717513725912,0.014812524582849873
2011-09-16,0.010980368078498717,0.009165814045059228
2011-09-19,0.0027373642964375437,0.00035326266194801725
2011-09-20,-0.007015245906876688,-0.004416439601230726
2011-09-21,-0.016857990015046797,-0.01738803844836534
2011-09-22,-0.035141597903931454,-0.032502131561948144
2011-09-23,0.008606948859671275,0.010637856464657203
2011-09-26,0.01128666838036686,0.01163406475630957
2011-09-27,0.004673049333850503,0.010405464771847006
2011-09-28,-0.015341540805884844,-0.014814657371195361
2011-09-29,-0.019162657787260423,-0.011919756791845204
2011-09-30,-0.022384462836458976,-0.025798265644735197
2011-10-03,-0.02917584463266928,-0.025719728868753844
2011-10-04,0.024053864951957993,0.020532168891437497
2011-10-05,0.0228924380542972,0.02567547588123631
2011-10-06,0.015681809398973626,0.01681330753341803
2011-10-07,-0.0011555552640075996,-0.006614244958461968
2011-10-10,0.03122913300413514,0.0345849067259425
2011-10-11,0.0037316289129862832,0.006792841641545699
2011-10-12,-0.0014653214606665656,0.004971461041247682
2011-10-13,0.003414750664874594,0.009187258684012933
2011-10-14,0.013810012475926566,0.018557530533004796
2011-10-17,-0.011637804065536168,-0.015469217645592725
2011-10-18,0.013252762127548766,0.012395345955536596
2011-10-19,-0.006432299115807395,-0.019313616507620535
2011-10-20,-0.00028913835770750607,-0.004923532640944361
2011-10-21,0.0129609090417179,0.012546480370419832
2011-10-24,0.01618071221472211,0.020767889018519448
2011-10-25,-0.01587474371779127,-0.019661488711668618
2011-10-26,0.0004438392407609549,-0.0012208504511376228
2011-10-27,0.025507150938241397,0.027588317378934635
2011-10-28,-0.007086697231664066,0.0015293692323894437
2011-10-31,-0.012389407278720633,-0.01679663833874212
2011-11-01,-0.016250994055449622,-0.026056966082639743
2011-11-02,0.010270178705148073,0.008504745971493533
2011-11-03,0.0172379671564504,0.02073047465031652
2011-11-04,0.0035606778562906616,-0.00516323403951191
2011-11-07,0.00048631327307704106,0.007093274869620414
2011-11-08,0.006781864131539588,0.011510448501125037
2011-11-09,-0.029843918144249797,-0.03515652632866395
2011-11-10,0.006612710256717535,-0.0005279942795417547
2011-11-11,0.019668053408284706,0.018844537384641757
2011-11-14,-0.005064298951255673,-0.006222999190583334
2011-11-15,0.008412051164522268,0.01113262892563549
2011-11-16,-0.020358895584159188,-0.016515049849692764
2011-11-17,-0.01962398670215595,-0.02343854439790216
2011-11-18,-0.010717605917215042,-0.007701868820322422
2011-11-21,-0.01105305128223695,-0.019133833309130766
2011-11-22,0.0019306196455414065,0.003312441666529775
2011-11-23,-0.018480181353156173,-0.02256044708047278
2011-11-25,-0.005374218300048071,-0.007693668744998328
2011-11-28,0.026494301210684308,0.034795633694389316
2011-11-29,0.003355664244829192,-0.006213621118107193
2011-11-30,0.031234633376264552,0.036962366660441504
2011-12-01,0.008391095899308863,0.006916122314172268
2011-12-02,-0.006138970336489336,-0.00281778718352077
2011-12-05,0.014450305866032277,0.010950075496425571
2011-12-06,-0.0026592823020221046,-0.002795444773814215
2011-12-07,-0.0028968393561521547,0.0
2011-12-08,-0.017436156395965068,-0.016818323206689967
2011-12-09,0.01810891333231552,0.016036814562188084
2011-12-12,-0.010213153254552113,-0.011224014390477821
2011-12-13,-0.008479619134340817,-0.010996614242948732
2011-12-14,-0.013401769420024065,-0.015602724542814084
2011-12-15,0.0004278196176162953,-0.0027325515379249543
2011-12-16,0.007917583287685766,0.00514829893272184
2011-12-19,-0.008987334817629814,-0.009843267708928294
2011-12-20,0.026071910454227302,0.029639414656948748
2011-12-21,-0.0006882579098652531,-0.014303700716021606
2011-12-22,0.0024669315770863487,0.008525404668661585
2011-12-23,0.010873216984843533,0.008632894428734161
2011-12-27,0.0061750404594071075,0.003730213615248834
2011-12-28,-0.01034389089097547,-0.011557477217738366
2011-12-29,0.00879280337928629,0.007195234377022741
2011-12-30,-0.007145945545241008,-0.002857348437596774
2012-01-03,0.004472614337946149,0.01916536721966966
2012-01-04,0.001159434041031146,0.004217626402521546
2012-01-05,0.008298196265822585,0.00822541037318203
2012-01-06,-0.00011763307986762371,0.0034716605087286023
2012-01-09,-0.0019391707399551046,-0.003286510771996487
2012-01-10,0.006853938417009499,0.0072890112593630985
2012-01-11,0.005331992772501494,0.002067504581360069
2012-01-12,0.004068649904043446,0.003954676903097143
2012-01-13,-0.009350665331395709,-0.0035967772309286605
2012-01-17,0.005941657879545442,0.009110013497907188
2012-01-18,0.01496990359967058,0.013285341202692313
2012-01-19,0.010956238023576158,0.0062199474768682705
2012-01-20,-0.0026842739567805945,-0.0015035903266646944
2012-01-23,-0.004362476544559158,0.00033492269024093524
2012-01-24,0.0043705050556300026,-0.0018400888292899875
2012-01-25,0.004468653580951714,0.012567206484455529
2012-01-26,-0.006433068119907715,-0.0034752134004911728
2012-01-27,0.0042386931911269484,0.0029890604793914033
2012-01-30,-0.0011658451870464415,0.0008275031220410511
2012-01-31,0.0010046203259067037,0.0013233379478381213
2012-02-01,0.021765786345378832,0.008095177758922212
2012-02-02,0.0016962777103237375,0.0031139750894702
2012-02-03,0.02010050994344468,0.013723154684024852
2012-02-06,-0.0028830577885210736,-0.0008057765372787573
2012-02-07,0.0034644312748020882,0.0020968891638442066
2012-02-08,-0.00031053192749018276,0.005311456974070872
2012-02-09,0.0034878814166804293,0.007204660154097153
2012-02-10,-0.010309269842282386,-0.006994089905677403
2012-02-13,0.011104238798366788,0.00928406707040974
2012-02-14,0.01465998244319457,0.0025376714435081382
2012-02-15,-0.004961209835751808,-0.00696096599413476
2012-02-16,0.011559899840383152,0.013701086242111638
2012-02-17,-0.009145805818923623,-0.003143208217602278
2012-02-21,-0.0037170381217194867,0.002837861557841048
2012-02-22,0.0014028161407719179,-0.004559213383284133
2012-02-23,0.003257544143741954,0.00663320351135166
2012-02-24,-2.4440023616638237e-05,0.003451507765875661
2012-02-27,0.0034813757155490676,0.001407139061555318
2012-02-28,0.008011710325888419,0.0101484730234227
2012-02-29,-0.009961142252560756,-0.004482137147776122
2012-03-01,0.010042285845802065,0.007917720461788624
2012-03-02,-0.0021220275539184127,-0.0007703535920996485
2012-03-05,-0.007855771205606736,-0.010328384975590299
2012-03-06,-0.01494087299896822,-0.009813086589725684
2012-03-07,0.010556950022090426,0.007708123189532401
2012-03-08,0.011765984263684868,0.010771205131188788
2012-03-09,0.011279372111615732,0.0041700462700391405
2012-03-12,-0.0007902526917838988,0.0004615542536317019
2012-03-13,0.01855073843606184,0.018601030304660204
2012-03-14,-0.0016277361369946076,0.0034712334879709594
2012-03-15,0.0026840407946994395,0.002857209881509837
2012-03-16,-0.001970797957725742,-0.0007056278799003612
2012-03-19,0.0035997049015736244,0.007065011908765628
2012-03-20,-0.0026100974849831353,0.0017917136710052795
2012-03-21,0.005955155923165211,0.00014882878094812924
2012-03-22,0.0025089854011228208,-0.002086176728834155
2012-03-23,-0.00036473905991257793,-0.0005968561977293119
2012-03-26,0.016703114626721794,0.017478140757636318
2012-03-27,0.0009595340784750545,0.0014683949321143697
2012-03-28,-0.006678187095063057,-0.003957989214851354
2012-03-29,-0.0025219107525594575,-0.003827276386133449
2012-03-30,-0.004531058320274748,-0.0019206408000034259
2012-04-03,-0.0008561720957173019,-0.0002930640253510086
2012-04-04,-0.011256579443788097,-0.013629959040964756
2012-04-05,0.0022426627286193535,0.006241024456811184
2012-04-09,-0.008477860782808348,-0.007531360608184823
2012-04-10,-0.022580543230548863,-0.016069181152206458
2012-04-11,0.007274364084615786,0.004839084315365838
2012-04-12,0.013246875007347239,0.011437187034315954
2012-04-13,-0.005070908638615803,-0.015176448865972691
2012-04-16,-0.012553142178577543,-0.011179994816717387
2012-04-17,0.013393914919132607,0.020321052425769315
2012-04-18,0.009148431518535512,-0.002545426766388359
2012-04-19,-0.011268327417321596,-0.01125963638430072
2012-04-20,-0.006754302382017418,-0.0027332247506370866
2012-04-23,-0.00933885249223814,-0.009135282538525358
2012-04-24,-0.012026024911107573,-0.0053779015681486575
2012-04-25,0.02484228160014711,0.026571863051974898
2012-04-26,0.00635968502296618,0.005869159476214358
2012-04-27,0.0021138014749920928,0.005984472150417419
2012-04-30,-0.00478101313843244,-0.007139310855185155
2012-05-01,0.006006499434052781,0.0016484069812716662
2012-05-02,0.008436008783014006,0.0028411124825944434
2012-05-03,-0.01029063859263902,-0.01058781127184405
2012-05-04,-0.022861229071396066,-0.02486767530246914
2012-05-07,-8.426679872513353e-05,0.0009274317559813117
2012-05-08,-0.024863545224799354,-0.003706156851242537
2012-05-09,-0.003452333725485816,-0.0030997307277683683
2012-05-10,0.0029106008680379243,-0.0020211065260634653
2012-05-11,0.0032048891164147327,-0.00015573304327498594
2012-05-14,-0.009907234020962155,-0.009348722029450585
2012-05-15,-0.001961205083645722,-0.0033030560524343056
2012-05-16,-0.005637965533177284,-0.006785413610888802
2012-05-17,-0.02695907437763525,-0.021131365440955174
2012-05-18,-0.01293395616743526,-0.012984835060953714
2012-05-21,0.02277873969005206,0.0279556341693461
2012-05-22,-0.002330254394900418,-0.001119567311662184
2012-05-23,0.005887580678152501,0.0019217243163294206
2012-05-24,0.0011106533415126156,-0.006553274863507541
2012-05-25,-0.00045787791231598,-0.0012875193399551899
2012-05-29,0.0015634057881924299,0.012727551941384752
2012-05-30,-0.0102058234948193,-0.008431361868790566
2012-05-31,-0.005422888218591246,-0.004332062298774142
2012-06-01,-0.02844724269712396,-0.026587035126115044
2012-06-04,0.01012406897548491,0.00761460680685655
2012-06-05,0.004590188355860698,0.004107444965714135
2012-06-06,0.020576707012959754,0.022905418425085866
2012-06-07,-0.0062303812574095755,-0.003998630314831497
2012-06-08,0.01012253465455253,0.00963533722816834
2012-06-11,-0.013346211895884119,-0.01686004367103522
2012-06-12,0.013464058156070588,0.012133823282056477
2012-06-13,-0.008268525941687888,-0.006873337547663949
2012-06-14,0.009829271884051057,0.003702283153074637
2012-06-15,0.015085212130013268,0.012423835333121414
2012-06-18,0.01505658586023967,0.009366893926010311
2012-06-19,0.004263357795565766,0.010380330655103798
2012-06-20,-0.002095556891795305,0.0007782792093029567
2012-06-21,-0.022874964492582663,-0.024886968594187597
2012-06-22,0.013398779592132107,0.010527767794492604
2012-06-25,-0.016781332768968076,-0.019258021708715045
2012-06-26,0.010659256367881348,0.0062770860146939
2012-06-27,-0.004953236364543833,0.006077991869102739
2012-06-28,-0.02485294718533422,-0.011128782993746422
2012-06-29,0.033603100889025635,0.031511426309932755
2012-07-02,0.0029083018945305016,0.002961282132422749
2012-07-03,0.003925943152642293,0.00839171397773586
2012-07-05,0.002163734069214313,0.0006165849105808086
2012-07-06,-0.010889541617744082,-0.012474994557065577
2012-07-09,0.00041163157704320454,-0.0018716999700756354
2012-07-10,-0.011816221358847363,-0.00984369474199609
2012-07-11,-0.002718120033693742,-0.005523019160177944
2012-07-12,-0.00598552455444632,-0.00936236456516304
2012-07-13,0.013391059261946342,0.015217057457667327
2012-07-16,-0.005174529218924844,-0.0028397551089555106
2012-07-17,0.011914997960817318,0.005221508199998448
2012-07-18,0.007340407783351663,0.013536814275397324
2012-07-19,0.006153547722796899,0.011026284876406889
2012-07-20,-0.015567791592138131,-0.01321028929987067
2012-07-23,-0.014978897607217228,-0.012142024131198248
2012-07-24,-0.00829928745018814,-0.007878790583835893
2012-07-25,-0.005954450443010496,-0.0066708641593089535
2012-07-26,0.014083044858683665,0.013271439930165885
2012-07-27,0.03154312634773865,0.023670546496088907
2012-07-30,0.0003411364678500428,-0.0007707206595410909
2012-07-31,-0.01053704575913869,-0.00030865846583238987
2012-08-01,-0.0018146529679005697,-0.0029322998095753228
2012-08-02,-0.000842407761658778,-0.0035595828267231955
2012-08-03,0.014631709770191771,0.018949781505838148
2012-08-06,0.006655432507995974,0.007622292580817147
2012-08-07,0.004652339263741675,0.00832081683204633
2012-08-08,-0.011300241629029744,-0.0004501466598549886
2012-08-09,-0.0030640415181108515,0.0030015776722558396
2012-08-10,0.0018183050780509306,0.0005984548074136065
2012-08-13,0.00010938288019269633,0.0023932861154745133
2012-08-14,0.0033238880017279326,0.0004477257746224872
2012-08-15,0.0033672324814848728,0.002535315911845082
2012-08-16,-0.0031717168757998265,0.011901064302840325
2012-08-17,0.0031969322187784823,0.004410804863052675
2012-08-20,-0.0010482621770719007,0.001463413868103114
2012-08-21,-0.004953111872646894,-0.003946202584444669
2012-08-22,0.004962437270093983,0.004108877023235813
2012-08-23,-0.0061946304998488485,-0.008183311187772047
2012-08-24,0.007513584618328225,0.006188012068716553
2012-08-27,-0.002348950374651692,0.0016111097634747829
2012-08-28,0.00016619629215487494,0.0
2012-08-29,0.002734969343503238,0.0
2012-08-30,-0.008456785640560816,-0.010087919825180647
2012-08-31,0.0026149027467054324,0.006645798535596992
2012-09-04,0.00396725609041444,-0.0010267378089917623
2012-09-05,-0.0004388502879314688,-0.001028549415688862
2012-09-06,0.02043871178298911,0.022199894446051527
2012-09-07,-0.00015435176800979937,-0.001438625388133552
2012-09-10,-0.009540654237200701,-0.012818614896315528
2012-09-11,-0.002990484566979807,-0.0016047325113960342
2012-09-12,0.000927832794770584,0.002922624577327282
2012-09-13,0.012689326924558136,0.013551332587412146
2012-09-14,0.007111099428883791,0.00891269248305071
2012-09-17,-0.001489078639323101,0.0004271990662036984
2012-09-18,-0.0001995016881824035,0.0008547667857088381
2012-09-19,0.003547808159811444,0.0018504944606700935
2012-09-20,0.0038123196685937904,-0.000994556184103379
2012-09-21,0.002061798115879451,0.00028478177338064903
2012-09-24,-0.0005607582037250767,-0.005844264144170941
2012-09-25,-0.011072301878318778,-0.014052346677281391
2012-09-26,-0.008498900660203895,-0.008144093027551591
2012-09-27,0.010563041383206,0.01378284623991588
2012-09-28,-0.005142958106703943,-0.008243854647757565
2012-10-01,0.001153067041394764,-0.0014584251779017343
2012-10-02,0.003136835341864625,0.002920985577633761
2012-10-03,0.009818480440498014,0.006407564367134411
2012-10-04,0.005491263771889089,0.003472833691112287
2012-10-05,-0.002872814808207146,-0.0053353380574673315
2012-10-08,-0.007158490913289603,-0.009133360853210593
2012-10-09,-0.01615467813479749,-0.015947498236761892
2012-10-10,-0.003882109145248993,-0.005054869083605307
2012-10-11,-0.0020005652372320263,-0.003138086818973984
2012-10-12,-0.004493537716288573,-0.00044948940582256736
2012-10-15,0.005509018870087458,0.007348320398578023
2012-10-16,0.012923255573590274,0.014143276641387814
2012-10-17,0.0019939802756713254,-0.0005872490441656275
2012-10-18,-0.0071156145895003185,-0.011603852198584397
2012-10-19,-0.0196653083839331,-0.02392667009913807
2012-10-22,0.0006321555819138176,0.0051769909053920316
2012-10-23,-0.004091657978189898,-0.009542726193549012
2012-10-24,-0.002127161103463235,-0.003517395325143613
2012-10-25,0.006344664140331836,0.0
2012-10-26,-0.00015277111493709,0.0029159508685920876
2012-10-31,-0.00433761370569663,-0.006120885123784392
2012-11-01,0.0157750859327919,0.014164762864451896
2012-11-02,-0.007377727558818424,-0.010627118075884678
2012-11-05,0.002438852895204155,0.006598165465334649
2012-11-06,0.00023556457634959873,0.0018292937896577932
2012-11-07,-0.022706463930467085,-0.02358502759734593
2012-11-08,-0.013075694157036289,-0.015739051748990596
2012-11-09,-0.000955086055450995,0.004274881941737085
2012-11-12,0.006023707805803506,-0.00015820722407244858
2012-11-13,-0.002227650088672103,-0.006937522954642228
2012-11-14,-0.01742770135873658,-0.011749675022506012
2012-11-15,0.005230651153834531,-0.003374047931378521
2012-11-16,0.008874379594693125,0.0043526888734997105
2012-11-19,0.01168493849381256,0.0237559803633276
2012-11-20,0.00410194689820165,0.00031353752791929423
2012-11-21,0.004198943505067842,0.0020377911285891503
2012-11-23,0.012188063605314239,0.015173064154630822
2012-11-26,-0.0002977508442403299,0.004314036198710625
2012-11-27,-0.011185996299319783,-0.0033755556824873745
2012-11-28,0.010245684366774583,0.00862116215068176
2012-11-29,0.006014817438250043,0.005952298532714728
2012-11-30,0.005226472309725237,-0.0016690194131123715
2012-12-03,-0.009196795607119885,-0.0019755918125680116
2012-12-04,0.006371479659803397,-0.0006094185533150887
2012-12-05,0.0031175243305893714,-0.01112247621234752
2012-12-06,0.01083006311255049,0.006470988360423702
2012-12-07,-0.001574754364373038,-0.00597026385382271
2012-12-10,-0.0016135961661962208,0.0029260154913526293
2012-12-11,0.01113959405874918,0.01305268863331932
2012-12-12,0.004014910907367443,-0.002121903694853766
2012-12-13,-0.0036358656887391805,-0.007899220725932632
2012-12-14,0.0031137445129889468,-0.009493208072942072
2012-12-17,0.007883566855990587,0.013294179456108557
2012-12-18,0.010557688513544569,0.015255588441917434
2012-12-19,-0.004423475468130319,-0.004357224925942371
2012-12-20,0.0034820381107105586,0.0
2012-12-21,-0.020635982730825737,-0.010517416079708797
2012-12-24,-0.00444631720893426,-0.001994086080213897
2012-12-26,-0.0007618839514794137,-0.008759567860621265
2012-12-27,-0.00014687093868838937,-0.0015503107747291134
2012-12-28,-0.008030521176605089,-0.009627551879131002
2012-12-31,0.02111177373728893,0.021166565146208516
2013-01-02,0.02651550155325136,0.03178239550538353
2013-01-03,-0.007311688170841777,-0.005208551683573037
2013-01-04,0.006049755578647532,-0.003290572024153726
2013-01-07,0.0010093384586292652,0.000300316315728022
2013-01-08,-0.005232612143762736,-0.001950767635876094
2013-01-09,0.009335622862511002,0.0037582428479350227
2013-01-10,0.004856664097210934,0.00599099282842519
2013-01-11,0.001272557470688208,0.0013396717642619738
2013-01-14,0.0027465450223519688,-0.004460336319291991
2013-01-15,0.0034172807073679975,-0.004928193171037765
2013-01-16,-0.0008930776083376204,0.004052226425217187
2013-01-17,0.006800672209588411,0.004783187566116842
2013-01-18,0.0023422671486532016,-0.00223140024448798
2013-01-22,0.004367127201507549,0.0016398885878283753
2013-01-23,-0.004600820046595356,0.00610323207903285
2013-01-24,0.0045068044560509475,-0.01375950044854668
2013-01-25,0.008901634151496519,0.005100717740706973
2013-01-28,-0.003112992273595781,0.002238790185655093
2013-01-29,-0.00869131622536874,0.00014836157738074007
2013-01-30,-0.002748316126869928,-0.0020842311489142062
2013-01-31,-0.0018865062596978078,-0.002238376598814318
2013-02-01,0.008994709080241508,0.011814322414965828
2013-02-04,-0.017793973995364,-0.01744005874132959
2013-02-05,0.021779101813968908,0.014741146542155192
2013-02-06,-0.00933537946821243,-0.0032610053331281197
2013-02-07,-0.0044093525235408175,0.0008920791786568572
2013-02-08,0.009663065517157662,0.01025277056874363
2013-02-11,-0.00046364693610038055,0.0002939335151932454
2013-02-12,0.00020511014309570019,-0.004116988707534408
2013-02-13,0.0012806057860909835,0.003543821720276119
2013-02-14,0.002489461404685306,-0.0002942703988083606
2013-02-15,-0.003704228411172418,-0.002943695451964823
2013-02-19,0.0048140093390708375,0.007232222255234566
2013-02-20,-0.016382132972626955,-0.015386644581837139
2013-02-21,-0.017786598132165883,-0.010715516499346656
2013-02-22,0.010954327300838099,0.010079496866427284
2013-02-25,-0.013449405943213552,-0.012362180957624425
2013-02-26,0.003357383151663491,0.003770144231361572
2013-02-27,0.01289874403947884,0.01021650565072707
2013-02-28,0.0013991427538268808,-0.002082193181882186
2013-03-01,0.003765224002436199,0.0041727584005042395
2013-03-04,0.007637137633440733,0.004452581847565584
2013-03-05,0.011791236983154698,0.014775246220044336
2013-03-06,-0.0001337982769349049,-0.0024749453760930518
2013-03-07,0.002676385060806429,0.002627371977034443
2013-03-08,0.004030290777766951,0.0011643098061551171
2013-03-11,0.002754550109239871,0.0029081629432650136
2013-03-12,-0.004881425483491997,-0.0036246162925031022
2013-03-13,0.0023371775869662874,-0.001309455114331004
2013-03-14,0.003149866176971536,0.0033511312509559854
2013-03-15,-0.009040158301693902,-0.0027801406552788732
2013-03-18,-0.008646910572450647,-0.0021897202694793894
2013-03-19,-0.0028005506553377456,-0.0019016779460139244
2013-03-20,0.009376275229252374,0.007035140231115511
2013-03-21,-0.011129114017899296,-0.011351821181720068
2013-03-22,0.015930475970282847,0.009715769141149577
2013-03-25,-0.006940795837372388,-0.003644761308679745
2013-03-26,0.00691991644646486,0.005413892420345734
2013-03-27,0.006807410111036937,0.0013100204078932975
2013-03-28,0.009197723111665487,0.0024704776318469346
2013-04-01,-0.011073715036750056,-0.0068141302986803876
2013-04-03,-0.008110471834016626,-0.0091252037584163
2013-04-04,0.006400815564500585,0.00029195094231138086
2013-04-05,-0.008059644152268524,-0.00832884531860767
2013-04-08,0.0032766348216460403,0.005304526801496845
2013-04-09,0.006116333352660522,0.006743033861115855
2013-04-10,0.022481939803004714,0.01951113784225389
2013-04-11,0.002198677103668862,-0.0004291301839814965
2013-04-12,0.0053126164869173875,-0.000714189432908241
2013-04-15,-0.023056276723277994,-0.019731131283134862
2013-04-16,0.0174008140142919,0.01327303550831771
2013-04-17,-0.012744406609472885,-0.019576941701274886
2013-04-18,-0.01825104964895222,-0.013801210799197827
2013-04-19,0.010530372605087837,0.01369650350481355
2013-04-22,0.0046755517574366065,0.010280587474256198
2013-04-23,0.00833261736946344,0.009594617089602409
2013-04-24,-0.013145747565710528,-0.0004322244280408061
2013-04-25,0.00981671409608371,0.005329851861506363
2013-04-26,-0.002313804207813236,-0.003152095929037535
2013-04-29,0.00443754654828663,0.009199716456709695
2013-04-30,-0.0007976298280244215,0.007263679600334916
2013-05-01,0.004547736992154763,-0.004666085227139183
2013-05-02,0.024069314461871476,0.012643557454437904
2013-05-03,0.01781576674210726,0.01178454888757341
2013-05-06,0.0025556309849307556,0.00388258726431312
2013-05-07,-0.0012092888517318324,-0.0005523090894782312
2013-05-08,0.0018754331141135046,0.004836225962334018
2013-05-09,-0.0026083247323031755,-0.0013751784666322653
2013-05-10,0.014442142649567852,0.006059819314095272
2013-05-13,0.005904409401275462,0.0012323067326656112
2013-05-14,0.012922356900992185,0.005195069362988081
2013-05-15,-0.004375657301335599,0.0020405610451386114
2013-05-16,-0.008383103125754578,-0.0010863826971798662
2013-05-17,0.013395411319712551,0.009648800419563175
2013-05-20,-0.009843707447632587,-0.0014807241285001993
2013-05-21,0.008589571325555765,0.0010784247855941675
2013-05-22,-0.0033262404129605944,-0.008751990426970946
2013-05-23,0.004977195624654096,-0.002309078569342482
2013-05-24,0.0013363505734387002,-0.0005444136443076841
2013-05-28,0.008819562960103862,0.006538141743563042
2013-05-29,-0.0003567828243312292,-0.004736547297783389
2013-05-30,0.011229110230626078,0.005303413715344485
2013-05-31,-0.015296895183066974,-0.009197813052767012
2013-06-03,-0.005492643537096017,0.0017746097261317484
2013-06-04,-0.005436436424795749,-0.005178888216417876
2013-06-05,-0.013902986441654417,-0.013013167762380706
2013-06-06,0.012385071290699158,0.0048576237503104025
2013-06-07,0.021815687974714962,0.013673784365817454
2013-06-10,-0.0006831748171857255,0.00040890444386798563
2013-06-11,-0.009370869316967182,-0.009943165389410757
2013-06-12,-0.019943739932175124,-0.011555494809098454
2013-06-13,0.014097323167481468,0.012665027271965501
2013-06-14,-0.0065683193332245855,-0.006596552571274894
2013-06-17,0.0029321905127198877,0.00968421478042547
2013-06-18,0.016002121724852228,0.008221472683599185
2013-06-19,-0.01677262718280072,-0.01114451247561743
2013-06-20,-0.03038210827291838,-0.023776742839836773
2013-06-21,-0.005104923191554846,-0.005310360723642216
2013-06-24,-0.005585028260755182,-0.00993868405537246
2013-06-25,0.013707781741891264,0.007313864494570943
2013-06-26,0.014519532049145703,0.008968858998851914
2013-06-27,0.012192000839445414,0.004233452570574059
2013-06-28,-0.0005749433252307865,0.0014046667764076037
2013-07-01,0.006124242519146354,0.006174002297999248
2013-07-02,-0.00252931161545862,0.00041858093272950647
2013-07-03,0.0005504126792742133,0.004042111493227196
2013-07-05,0.01750468155330068,0.007635660959918633
2013-07-08,-0.0006219201623120116,0.0009647483158015113
2013-07-09,0.003356648984492796,0.006056373360346257
2013-07-10,0.006257830291709978,0.005746476811417711
2013-07-11,0.01400094266251294,0.01986095088901285
2013-07-12,0.0232328656996812,0.004401688638790535
2013-07-15,0.00041813717431640507,0.002257861624614943
2013-07-16,-0.003925118626336256,-0.0013247462052767833
2013-07-17,0.00891711901952226,0.002520592475689476
2013-07-18,-3.6009117024215974e-05,-0.0025142550632949456
2013-07-19,-0.0007367069227365217,-0.010350006665649114
2013-07-22,-0.00043448270304499557,0.002950394157588576
2013-07-23,-0.024552982694494966,-0.007351911164237057
2013-07-24,-0.0100079054035859,0.0032318339289671982
2013-07-25,-0.0001286622683683308,0.006308430329005077
2013-07-26,-0.013509154562471322,0.005335907082186564
2013-07-29,-0.00827304428417844,-0.001857509199101215
2013-07-30,0.012400697842299907,0.00531678841315486
2013-07-31,0.0019253077428746884,0.0018509000766908645
2013-08-01,0.018035922371152542,0.010162427918149586
2013-08-02,0.0006321272352082322,0.0056177377004436035
2013-08-05,0.0027171680986876777,0.0006501797562266098
2013-08-06,-0.016973754825085074,-0.005972777455268141
2013-08-07,-0.006925634220243511,-0.0018281956079743145
2013-08-08,0.008067672816991039,0.004972030046405118
2013-08-09,0.0010079707410224476,-0.004036245084063972
2013-08-12,-0.009033609696788682,0.00235309897369107
2013-08-13,0.00918537057262388,0.005608653755280857
2013-08-14,-0.010603100639753895,-0.0037614325151138495
2013-08-15,-0.02200459821161704,-0.016925112839228484
2013-08-16,-0.0014477193979119366,-0.0003968434578114355
2013-08-19,-0.0008359083186323023,-0.0017232535151971984
2013-08-20,0.01677563887297011,0.004380054211161166
2013-08-21,-0.0016654416241199835,-0.0034348279180181907
2013-08-22,0.018959963323873855,0.009810917635565852
2013-08-23,0.006444608190960052,0.006696653096119665
2013-08-26,0.005599947741981693,0.0005217814497531226
2013-08-27,-0.026989406589459128,-0.02046675858002034
2013-08-28,0.014520044878132942,0.0038594362647768055
2013-08-29,0.0069516379134143946,0.0070260793918131
2013-08-30,-0.007730504640691954,-0.006450399301146326
2013-09-03,0.01853653055177545,0.005697496654766265
2013-09-04,0.01627634010313785,0.010672096378651741
2013-09-05,0.0062864611736137685,0.0016946294690514119
2013-09-06,0.0026912151883097166,0.0011712456547854355
2013-09-09,0.013339588982701085,0.011698864465990777
2013-09-10,0.017882365633511747,0.004882718608624215
2013-09-11,0.0064298348461659365,-0.0019184225057964355
2013-09-12,-0.004802910112195906,-0.0006401249582910218
2013-09-13,0.0031510236399505884,0.0006405349807188099
2013-09-16,-0.004822711744638417,-0.002689761047848682
2013-09-17,0.011447820166226828,0.006679581982188765
2013-09-18,0.014537817173822274,0.011994257238722161
2013-09-19,0.00911646598719381,0.0023958007580067164
2013-09-20,0.003271448199973346,-0.003431945694506333
2013-09-23,-0.01108464486840419,-0.0020254232987251264
2013-09-24,0.005707600200045436,0.0
2013-09-25,0.005079906382575437,-0.0034251664352745737
2013-09-26,0.021392120924331442,0.00776531316554907
2013-09-27,0.0005011541090634937,-0.0012633171439843105
2013-09-30,-0.0001642745586420622,-0.0024032426912219407
2013-10-01,0.01753346664273513,0.010142093953538822
2013-10-02,-0.000478813988037765,-0.00037664364543599227
2013-10-03,-0.015522828071132973,-0.011676114031246243
2013-10-04,0.018964776799668064,0.00863851138344951
2013-10-07,-0.012756083685691274,-0.0083126162760232
2013-10-08,-0.04179917523514143,-0.01930438076365848
2013-10-09,-0.014326922202117004,-0.00310717343940492
2013-10-10,0.03420513368037887,0.02117336604773512
2013-10-11,-0.0035265136086424713,0.007887813563698387
2013-10-14,0.0110110506460789,0.0070677716557558945
2013-10-15,-0.00638641999218759,-0.0038849973102237367
2013-10-16,0.008839721976364463,0.011323175318351142
2013-10-17,0.007156622809949113,0.005722985334764674
2013-10-18,0.015095762733682822,0.016204858847705506
2013-10-21,-0.0015330696712969303,0.002191298623354987
2013-10-22,-0.016119593559890583,0.0014572615210382
2013-10-23,-0.013563255941779269,-0.006064384052408056
2013-10-24,0.014810590009266668,0.004392676030925635
2013-10-25,-0.006606274117596004,0.007168528607057523
2013-10-28,-0.016516850131804064,0.00024137666344770103
2013-10-29,0.016208728061248356,0.0016883128911564516
2013-10-30,-0.001595708265188949,-0.0009633418991948917
2013-10-31,-0.0029841870733612504,-0.002289494828270122
2013-11-01,-0.0011409058241031056,0.0002411876544949898
2013-11-04,0.0111334042925775,0.001449222928092686
2013-11-05,0.007552707910909324,0.0010856495910240849
2013-11-06,-0.029074626351177243,-0.00024123102847062317
2013-11-07,-0.029211722128507256,-0.018795038369360695
2013-11-08,0.010174692898956995,0.01350645975311271
2013-11-11,0.006958947078560843,-0.001574309300807042
2013-11-12,-0.004051781225720137,0.0015767916585807118
2013-11-13,0.01491154407695578,0.012115750229904076
2013-11-14,0.006233287955906786,0.003112139668253855
2013-11-15,0.010826601971561661,0.001908965460565737
2013-11-18,-0.013863448576241489,-0.009766176870149246
2013-11-19,-0.003976324363401959,-0.0028866361142265706
2013-11-20,-0.0016940177342180457,-0.002412850400831834
2013-11-21,0.01649225090536824,0.010157543722544071
2013-11-22,0.0033152925960951364,0.005386791903870591
2013-11-25,-0.0036037715605443353,0.0023808332373724816
2013-11-26,0.012957073997556873,0.005226414821978942
2013-11-27,0.0108689094870813,0.006971413197040421
2013-11-29,0.004407934223199453,0.005984818152459548
2013-12-02,-0.00260306236051975,-0.0029158852743855768
2013-12-03,-0.008354708693569765,-0.0008192699236710954
2013-12-04,-0.002415770157349749,0.000936638606703788
2013-12-05,0.00194365541328998,-0.0012866112369839255
2013-12-06,0.006518454459485324,0.007261474567046511
2013-12-09,0.006012926830310065,0.004069816508899704
2013-12-10,0.006391841341491666,-0.0006947096899295735
2013-12-11,-0.01871340510704144,-0.01286350907584366
2013-12-12,0.0029317027610249883,-0.0025829831642405487
2013-12-13,0.005652091569935334,-0.0012946374513492787
2013-12-16,0.0005981122397979467,0.005539156134578116
2013-12-17,0.005285961030556002,-0.001992666748964922
2013-12-18,0.006891025810554934,0.01162653206233899
2013-12-19,-0.006064632701513831,-0.002785711542425795
2013-12-20,0.011162413295534999,0.010182844965684223
2013-12-23,0.0036428423585043545,0.010521070004402944
2013-12-24,0.0004594502661668663,0.00045697276142053767
2013-12-26,0.001466458706202898,0.003316060700746082
2013-12-27,-0.005945511069361772,-0.002507063250635211
2013-12-30,-0.002038302400932388,-0.0014852179433091361
2013-12-31,0.010420838039132713,0.006522499224085099
2014-01-02,-0.004307998348083972,-0.007844682554332683
2014-01-03,-0.010312423636717223,-0.007218703095492662
2014-01-06,0.0008453916628111676,-0.003693710603211886
2014-01-07,0.014392863684921741,0.009268316786619657
2014-01-08,0.01869757466082853,0.0021808395324482976
2014-01-09,-0.006939320419030668,-0.003321664996985496
2014-01-10,0.011606681820252394,0.003217013239678046
2014-01-13,-0.02160766648134149,-0.01477590124035466
2014-01-14,0.023958744419415874,0.01906755498155177
2014-01-15,0.00146216917606249,0.008214121551146425
2014-01-16,-1.7752481090463042e-05,0.00011328777007113544
2014-01-17,0.012864058778455971,-0.005657749961852976
2014-01-21,0.004956632283253378,0.007624275606223918
2014-01-22,0.0027703601263731423,0.0025973769333660357
2014-01-23,-0.006435933636905128,-0.00337905258411908
2014-01-24,-0.03036903726857819,-0.01966569553646802
2014-01-27,-0.006331407182201013,-0.00968374959470808
2014-01-28,0.007692205186442022,-0.0005824325151496668
2014-01-29,-0.010364226310941341,-0.010716065710255629
2014-01-30,0.03499390858320853,0.0184852908138462
2014-01-31,-0.004226125977557279,-0.002658447983400758
2014-02-03,-0.025922349889433687,-0.022951054672510574
2014-02-04,0.017148097345951612,0.007355739465954025
2014-02-05,-0.014337051080133523,-0.0025914128178580187
2014-02-06,0.011592925002863848,0.012752420209212634
2014-02-07,0.045798096113045764,0.017837954851370297
2014-02-10,0.004671413396621664,0.005727842026506336
2014-02-11,0.00859487817460727,0.011389291589972483
2014-02-12,0.002783950798137812,0.0019144822892387392
2014-02-13,0.014979427793761482,0.007418532307847725
2014-02-14,0.0033991813950860557,0.0020083542355042727
2014-02-18,0.01277921977299996,0.0048991166040335266
2014-02-19,-0.004409493695673939,-0.00686978953724815
2014-02-20,0.012454562669009135,0.004685753149733296
2014-02-21,0.00039764995437345665,-0.0013325026095581949
2014-02-24,0.01062987678399621,0.005337122167448527
2014-02-25,-0.002389722597019475,-0.0011060131158304731
2014-02-26,-0.0010348037696787848,-0.0008856225096233183
2014-02-27,0.0015336142474519842,0.00648810780848863
2014-02-28,-0.011192279365474777,-0.001105799756218273
2014-03-03,-0.0005129582634679244,-0.007416234774016206
2014-03-04,0.021840327862970934,0.012712795557430878
2014-03-05,-0.001828284960815218,0.0027533750386681266
2014-03-06,-0.0008400774129601711,-0.0008782853470520324
2014-03-07,-0.014774647238424919,-0.004946424554156503
2014-03-10,-0.00627393694865657,0.0008834272163695811
2014-03-11,-0.011029495829685798,-0.004304039041385321
2014-03-12,0.013043481475158313,0.003768442090325008
2014-03-13,-0.023341624753695646,-0.014134134723109537
2014-03-14,-0.0004699888875733053,-0.006832392384588326
2014-03-17,0.00498485121623124,0.008796694972634134
2014-03-18,0.008550665452301083,0.012073822193769956
2014-03-19,-0.008865613678902188,-0.0054123567276508355
2014-03-20,0.0006234329117235215,0.0027762683350764927
2014-03-21,-0.025065022009148785,-0.012033222241780384
2014-03-24,-0.015980263372953468,-0.008764181392210135
2014-03-25,0.0005668786507604779,0.003287379192723039
2014-03-26,-0.02087077602436176,-0.012879396375096275
2014-03-27,-0.0030584762496779793,-0.005608707503090948
2014-03-28,0.0014949841283845942,0.001956666998598644
2014-03-31,0.01541675778896035,0.007122409456779
2014-04-01,0.023168291527914667,0.017565541482074343
2014-04-03,-0.020994711101455576,-0.007938445342849154
2014-04-04,-0.04751346609246284,-0.026597235443800216
2014-04-07,-0.014696557933703487,-0.009494049125478798
2014-04-08,0.013971824909537597,0.00923466943062845
2014-04-09,0.012641254959229752,0.01714099499694899
2014-04-10,-0.04097025706901891,-0.030972150782570318
2014-04-11,-0.00949557389346131,-0.011633622277337108
2014-04-14,0.006944576652656025,0.00784720329156996
2014-04-15,0.0018592895546404513,0.0033027415101378743
2014-04-16,0.011544880443451474,0.013286300638265303
2014-04-17,0.01049276934079333,0.00023200886211771632
2014-04-21,0.0141242247763468,0.007424403940016422
2014-04-22,0.021533890612385167,0.00794616873037457
2014-04-23,-0.007317634109741777,-0.008797151265850456
2014-04-24,0.004076611720994849,0.009566408805030902
2014-04-25,-0.03972799181646829,-0.015983384090595076
2014-04-28,-0.01953059916666504,0.003248716825711373
2014-04-29,0.009642152668007237,0.007979586735012534
2014-04-30,0.010843478001599495,0.00263867779551763
2014-05-01,0.0019517674791211797,0.002975406482018661
2014-05-02,0.008162556580654092,-0.001825704883350432
2014-05-05,0.005056042686553011,0.005257546598636198
2014-05-06,-0.011541316907637522,-0.01296150108090921
2014-05-07,-0.01203656407671283,-0.0028797376604920988
2014-05-08,-0.014168493168890964,-0.0009241542636537758
2014-05-09,0.005922964293700325,0.0037000364590844548
2014-05-12,0.0263963390916541,0.016474572144939748
2014-05-13,-0.0008398116650529321,0.0006799493481790542
2014-05-14,-0.012582095750560192,-0.005210191836589773
2014-05-15,-0.008474762573765006,-0.007855934654460217
2014-05-16,0.0034516617822335257,0.006541229863638698
2014-05-19,0.02029820012923962,0.006955024921878827
2014-05-20,-0.009845167301568834,-0.0036234257003239234
2014-05-21,0.01569684451422605,0.009545310207383695
2014-05-22,0.007810910915561629,0.004390030158522906
2014-05-23,0.010018575701805232,0.007284799169186007
2014-05-27,0.017100140186730332,0.012460805972883682
2014-05-28,-0.002032498548786829,-0.0030766316807820937
2014-05-29,0.00861817630473755,0.0063931119321165575
2014-05-30,-0.005474703047301296,0.00010940746746701535
2014-06-02,0.0025074941252306933,-0.0009857495655991588
2014-06-03,-0.004061207952075166,-0.0004380137670109141
2014-06-04,0.0013074157606408564,0.003728690528586931
2014-06-05,0.0102362214408678,0.008413622251660202
2014-06-06,0.007833411343726488,0.005742642070024839
2014-06-09,0.0022598263746748427,-0.0007542113133498507
2014-06-10,0.0025387060810643787,0.0017250453769577234
2014-06-11,0.005452136008514291,-0.000215473013646994
2014-06-12,-0.008585327007338517,-0.009042998245428646
2014-06-13,0.004038215528255443,0.0029333845735008968
2014-06-16,0.011954204086996052,0.000866132699388622
2014-06-17,0.010804510262184016,0.0005414298796742045
2014-06-18,-0.0011596140733639607,0.005624930380049076
2014-06-19,0.00217702828310344,-0.0006454623430849349
2014-06-20,0.005594353284454351,0.001176149773447488
2014-06-23,0.0008646880274506014,0.00021557933148663722
2014-06-24,-0.00394630390490682,-0.0009698529803505718
2014-06-25,0.006060354724547686,0.006364706857829194
2014-06-26,-0.00536718905206431,0.0005358100937471466
2014-06-27,0.006936903430599984,0.004392790336432917
2014-06-30,0.01172866303810049,0.001706606037928049
2014-07-01,0.019297474959497223,0.010967780994849186
2014-07-02,-0.00568288571197762,0.0016853910385561388
2014-07-03,0.006132653997212771,0.006309100148505609
2014-07-07,-0.011953312731476887,-0.003030239412956215
2014-07-08,-0.01843069007811558,-0.01205329740446237
2014-07-09,0.005525574271793053,0.007426358820071366
2014-07-10,-0.00928998094273865,-0.003159464047302496
2014-07-11,0.0019043371037667104,0.006444285080573708
2014-07-14,0.012685811161006678,0.005982827677989633
2014-07-15,-0.011624907842943554,-0.0034431609233245286
2014-07-16,0.008662295250476446,0.003978762360859145
2014-07-17,-0.01667055552645286,-0.01324426448606919
2014-07-18,0.010633936625626384,0.015852498556837347
2014-07-21,0.0007653823568942375,-0.0012482221377468905
2014-07-22,0.006474693386107667,0.006354419701888103
2014-07-23,0.0012488638007696411,0.006417412977481218
2014-07-24,-0.00276413254949624,-0.0011314265646199528
2014-07-25,-0.0031920091522183096,-0.003912804477544829
2014-07-28,-0.004060335609942734,0.0003104864270122576
2014-07-29,-0.006361801176255907,-0.001756981730232865
2014-07-30,0.0012701878401732566,0.003933780823951238
2014-07-31,-0.024916148610502543,-0.020210238608364683
2014-08-01,0.0019761994730118112,-0.003683611255044017
2014-08-04,0.01119966859063531,0.006865932821113807
2014-08-05,-0.013401372624572661,-0.007658186897752106
2014-08-06,0.001978073981698289,-0.0007404062266391787
2014-08-07,-0.005156466905397416,-0.0031737315503260755
2014-08-08,0.004244886851258576,0.0072170728791818295
2014-08-11,0.012665922086943483,0.005901091362819466
2014-08-12,-0.0020236913558199614,-0.00041918347774350107
2014-08-13,0.01152992882008361,0.010584977345426072
2014-08-14,0.004058085318796623,0.005184924358026866
2014-08-15,0.004522171301651978,0.0048489038255588035
2014-08-18,0.006622365147501975,0.007700489483369877
2014-08-19,0.0047237461120334615,0.0056033407873539165
2014-08-20,0.003764864284501315,0.0
2014-08-21,0.0029067512310399475,0.002026355373794697
2014-08-22,-0.00041733845206769877,0.001516503513220524
2014-08-25,0.004008189392373735,0.0035337393158167973
2014-08-26,-0.002893081961883434,0.0010063361689496286
2014-08-27,0.0038964318365135283,0.00020066273161067905
2014-08-28,-0.00021961431318205562,-0.001105475904570885
2014-08-29,0.011109424475826928,0.0037224578872265823
2014-09-02,0.0044216685314469985,0.002906248848591586
2014-09-03,-0.002293189816208902,-0.005895788857915529
2014-09-04,-0.002146456999594897,-0.0009052170233092571
2014-09-05,0.003631078681859252,0.005030930408426393
2014-09-08,0.001360950591506769,0.0019020669611695684
2014-09-09,-0.011048301744495777,-0.008293198036587901
2014-09-10,0.007356292658692385,0.008262008209847238
2014-09-11,-0.00022446097402757567,-0.0007995786675277783
2014-09-12,-0.010535633194181417,-0.005100288272088416
2014-09-15,-0.014599856298454282,-0.00965050846179294
2014-09-16,0.011454506206147155,0.008729223236973782
2014-09-17,0.007098629832052267,0.001509514555386282
2014-09-18,0.014742983389516594,0.007535359190340429
2014-09-19,-0.00055918617619241,-0.0006196685662687162
2014-09-22,-0.015242287605484054,-0.009302122844819571
2014-09-23,-0.001247334313740582,-0.0027254183994582792
2014-09-24,0.019691190030761543,0.010730578536889412
2014-09-25,-0.019786287923080303,-0.021033473328245345
2014-09-26,0.01942521931918698,0.010640626992974411
2014-09-29,0.0025269038047580706,-0.0013163797208654016
2014-09-30,-0.0036494126931788337,0.0014191127244918
2014-10-01,-0.023518683545133187,-0.01599347390699324
2014-10-02,-0.0028098737365619005,0.0
2014-10-03,0.01141318962238139,0.009875439877103043
2014-10-06,-0.004970309850839851,-0.002139204421988228
2014-10-07,-0.014441922749621963,-0.014189208119422703
2014-10-08,0.02115030712660366,0.019467529716127308
2014-10-09,-0.020670034821363363,-0.016150165050515364
2014-10-10,-0.03992550511150802,-0.024984782863112565
2014-10-13,-0.014948616916215574,-0.015671186620387467
2014-10-14,-0.003571537953221593,0.00010780612039940074
2014-10-15,-0.006071612058615185,-0.006453714831038182
2014-10-16,-0.021029719228019557,-0.006279186648147861
2014-10-17,0.029439696039498878,0.013182360747151733
2014-10-20,0.012598421258519213,0.014945782548021258
2014-10-21,0.03995502717701661,0.026274486618823367
2014-10-22,-0.006364875588703683,-0.005161315026520841
2014-10-23,0.012225953720335164,0.015045959886415439
2014-10-24,0.01279619016951982,0.00817788643801598
2014-10-27,0.004407598729256003,0.0007099831439087989
2014-10-28,0.017275514767094227,0.01509803229222717
2014-10-29,-0.018733383454452406,-0.003693711740720196
2014-10-30,0.00958495725269164,0.0021038046967973845
2014-10-31,0.003528726844027299,0.013797605626705955
2014-11-03,0.0006970466092451883,0.002958835402385729
2014-11-04,-0.006658817921631435,-0.003343535836168532
2014-11-05,-0.01103083754422088,9.887190844781735e-05
2014-11-06,0.007416099991324588,0.003156368473037796
2014-11-07,-0.007566471313090438,-0.0008849967895252497
2014-11-10,0.012418910020696805,0.003543613955798053
2014-11-11,0.007541970724033581,0.0031381855507570666
2014-11-12,-0.0004778750902486542,0.0017598646295506892
2014-11-13,-0.004218422964036631,0.0042945683629243
2014-11-14,-0.0037490764405569647,0.003109841573224026
2014-11-17,-0.001316429077518379,-0.0030031907642920075
2014-11-18,0.010290717753444022,0.007482062994086158
2014-11-19,-0.00542988577323778,-0.0045332902523433916
2014-11-20,0.0018533625660050583,0.004456996043812778
2014-11-21,0.001363702199527699,0.0019295257796501097
2014-11-24,0.011781854044367974,0.00779788060026787
2014-11-25,-0.0006436988885327533,0.0015283616070034256
2014-11-26,0.009352942514824835,0.006486239240965919
2014-11-28,0.0051062943381712435,0.004643873905109341
2014-12-01,-0.014514059104108702,-0.011319957168196226
2014-12-02,0.008118430924784772,0.004007359919354636
2014-12-03,0.007996841302708802,0.0018056062469582468
2014-12-04,0.003197030462326367,-0.0004742948296183602
2014-12-05,0.002257535990566596,9.46356205004939e-05
2014-12-08,-0.002031800268607332,-0.007116967003074182
2014-12-09,0.0022028298955175025,0.003154283766626298
2014-12-10,-0.018949534915463435,-0.0157204806965765
2014-12-11,0.009440294196283661,0.004743134614731304
2014-12-12,-0.006437175174626259,-0.010886337838707072
2014-12-15,-0.013080228624438573,-0.010324097152839995
2014-12-16,-0.014424957686207824,-0.016042003835302077
2014-12-17,0.019242408360197433,0.01820363202536912
2014-12-18,0.01979285850820837,0.0240665475365045
2014-12-19,-0.0003902993873601399,0.004400167626953166
2014-12-22,-0.016567206235220965,0.0024925074262520663
2014-12-23,-0.006601154913512339,-0.003538085842950678
2014-12-24,0.0009412041246996492,0.0008636497287319855
2014-12-26,0.0053596754860453216,0.007094771729908356
2014-12-29,0.0009864187052492166,-0.00019026543053035638
2014-12-30,-0.006996213285267862,-0.006665449009693791
2014-12-31,-0.0006343581190336342,-0.010256762180351875
2015-01-02,-0.004931493141678237,-0.003002648503542815
2015-01-05,-0.00998213304617988,-0.014668393168058014
2015-01-06,-0.01671750721557995,-0.013408489538203727
2015-01-07,0.02040747503284786,0.012890890123555598
2015-01-08,0.01822986782539393,0.019140192221025254
2015-01-09,-0.013236599820587452,-0.006582959527592691
2015-01-12,-0.004321767418292283,-0.010426995889452062
2015-01-13,-0.012016518891991061,-0.0002953696563486874
2015-01-14,-0.002927013260261702,-0.00551598491341454
2015-01-15,-0.020148101064940364,-0.012975777836759184
2015-01-16,0.023625431376505388,0.011741134447775803
2015-01-20,0.010114432188869102,0.007934925556344785
2015-01-21,0.0032819402809547244,0.005117138590162051
2015-01-22,0.017551376226805363,0.018504207905973402
2015-01-23,0.005835316552569745,0.0022107287408117404
2015-01-26,-0.0014678109701377422,-0.0011510867295052574
2015-01-27,-0.014603789072280037,-0.025926354395879092
2015-01-28,0.002323712384029493,-0.005126299207967588
2015-01-29,0.008310196559804727,0.009611737339442872
2015-01-30,-0.021880384332009752,-0.007753683560809965
2015-02-02,0.000391499526948773,0.008704408033131106
2015-02-03,0.007599861916670492,0.009609736193347151
2015-02-04,0.008674329582570715,-0.0008744567841622031
2015-02-05,0.009723748956595382,0.008651859899377667
2015-02-06,-0.008860127975654108,-0.006071847358860016
2015-02-09,-0.011718445284075145,-0.003199771695092446
2015-02-10,0.013964450290248624,0.015564106678922496
2015-02-11,0.006851507909255109,0.003640061823272145
2015-02-12,0.00993514344503028,0.01164337143602756
2015-02-13,0.0024734237051719727,0.008585004418079745
2015-02-17,0.0013039803392491682,0.0009352295233988617
2015-02-18,0.005242857200191078,0.0014018045368475729
2015-02-19,0.002974259264627024,0.004945686523487591
2015-02-20,0.011556659616127176,0.0066863134815455805
2015-02-23,0.004165220492674843,0.0010144645850360678
2015-02-24,-0.0008202768484590106,0.000737037778511862
2015-02-25,-0.0029448417461382746,-0.0024859851945668865
2015-02-26,0.016313566846454096,0.005076910886048447
2015-02-27,-0.0012201073527697017,-0.00440829048097835
2015-03-02,0.007891302388473328,0.009040522020913322
2015-03-03,-0.004682468843730857,-0.004662515508513487
2015-03-04,-0.0062601020590576165,-0.0038580544649946535
2015-03-05,-0.000762307267184873,0.0017520626580149745
2015-03-06,-0.010560468632755771,-0.01132181240826291
2015-03-09,0.0037985829489395537,0.0028860471899418982
2015-03-10,-0.016270729456689333,-0.018566788849419535
2015-03-11,-0.0017198374912031232,-0.0057696102873761035
2015-03-12,0.015567260009537507,0.006564277155005405
2015-03-13,0.006798047549528956,-0.004347880567792339
2015-03-16,0.017547899173189708,0.012910799322249256
2015-03-17,0.0021579108987279383,0.0015932599907233502
2015-03-18,0.010199738051390182,0.00982470928573731
2015-03-19,0.008057144588816517,0.0014829623253096447
2015-03-20,0.009239641152308211,0.0064728236241233805
2015-03-23,-0.009900905766251062,-0.0019347439800518895
2015-03-24,-0.006364562500948395,-0.003600257407643581
2015-03-25,-0.03278431845791822,-0.02288572921506482
2015-03-26,-0.0033617950853162206,-0.0034132667847039944
2015-03-27,0.01711596667850418,0.003996163431403854
2015-03-30,0.01320877488525595,0.011466949602753962
2015-03-31,-0.016131523503504653,-0.010587720988681104
2015-04-01,-0.011937074310013257,-0.0052081889963006
2015-04-06,-0.000292065475372409,0.008181437697715621
2015-04-07,-0.0009073860062962157,-0.0016982982383940692
2015-04-08,0.013520118065352192,0.007939447356330565
2015-04-09,-0.0007691324218411436,0.006282612116687902
2015-04-10,0.0020589598651793183,0.004100217752808666
2015-04-13,-0.008677266953229592,-0.0025056011210067286
2015-04-14,-0.006010368546981535,-0.002884318077982728
2015-04-15,0.007413091757114051,0.006251774165679347
2015-04-16,-0.001135926214084104,-0.0013908897792674901
2015-04-17,-0.012909206298931412,-0.015600369179003648
2015-04-20,0.009351144496878063,0.014998766719374723
2015-04-21,0.007563604867795617,0.004275092736875319
2015-04-22,0.006733468348926532,0.005459739821789489
2015-04-23,-0.005588442033501523,0.0037737574649796546
2015-04-24,-0.001352184176982243,0.013570320092519461
2015-04-27,-0.004009540181597426,-0.002533150187492117
2015-04-28,-0.007851762148023815,-0.0019952583747883113
2015-04-29,-0.009269511378200798,-0.006270373643350147
2015-04-30,-0.012721594977731279,-0.015729148207709764
2015-05-01,0.022177511585335995,0.013193147563582697
2015-05-04,-0.0016042570778315765,0.0016508665514287646
2015-05-05,-0.012963398422572962,-0.016296185182642753
2015-05-06,0.001073177676809792,-0.00688698292906853
2015-05-07,0.010460729855388633,0.005997818130096144
2015-05-08,0.013592202246798267,0.012482581687505823
2015-05-11,0.0010967018633824992,-0.0038647037289920583
2015-05-12,-0.0038762957987111377,-0.004525270375112411
2015-05-13,-0.006559949956214641,0.002041091824204422
2015-05-14,0.01068334098549468,0.01462978216644939
2015-05-15,0.002602389435128545,0.0
2015-05-18,0.006035274124319977,0.0043802631507476875
2015-05-19,-0.0011609361999272178,-0.0010904778107518887
2015-05-20,0.006578640470907778,0.0006368942060823723
2015-05-21,0.008422996972601035,0.00518140983703641
2015-05-22,0.002924288706151131,-0.0009946672230722875
2015-05-26,-0.007876520046800038,-0.011496645820094242
2015-05-27,0.025206580930958157,0.016117388544126143
2015-05-28,-0.005347429760315863,-0.002253265256570436
2015-05-29,0.004761556977053392,-0.005961445050815528
2015-06-01,0.0008596839732226379,0.0033619488982266077
2015-06-02,-0.0031373621719099883,-0.003169505308612708
2015-06-03,0.0008541683801886273,0.002998353917068375
2015-06-04,-0.01519329530019252,-0.007609010883996681
2015-06-05,0.0015536009864136088,-0.0023729818260784796
2015-06-08,-0.02057502134965355,-0.010155430962167089
2015-06-09,0.003377252316452885,-0.0016639888648678491
2015-06-10,0.011055297910361368,0.013702704461001858
2015-06-11,-0.005574985245657936,0.0014610612932992595
2015-06-12,-0.007201990317721433,-0.008207733013526286
2015-06-15,-0.004497745205246904,-0.004965652897494954
2015-06-16,0.005238521258003887,0.005452478310334463
2015-06-17,0.001886671903545195,0.0027572341494936925
2015-06-18,0.023842184641994953,0.014573811027904782
2015-06-19,-0.007190080623731666,-0.004943972346377223
2015-06-22,0.00791637512040988,0.007370994277754006
2015-06-23,-0.0012236684702426532,0.00081286596197927
2015-06-24,-0.007281416066736956,-0.005144590117875492
2015-06-25,-0.0056473325602320445,-0.0019962656355558828
2015-06-26,-0.008241349459996649,-0.006636087060027718
2015-06-29,-0.023439566916875727,-0.023611307467970466
2015-06-30,0.009973385259414576,0.0035618364461971197
2015-07-01,0.005829804617461888,0.00793812072777822
2015-07-02,0.007950405877312114,0.000278342798032849
2015-07-06,-0.006555849126622464,-0.0023158980968163156
2015-07-07,0.00010112426787173184,0.002507061616876749
2015-07-08,-0.02719702851386885,-0.017412271183110617
2015-07-09,0.009681646396625908,-0.0005657437018545819
2015-07-10,0.021102970223813244,0.015278903760416185
2015-07-13,0.021465345430069643,0.01755689133843452
2015-07-14,0.003664286462824846,0.0065729212510650115
2015-07-15,-0.007227632167243641,0.0010884704861500172
2015-07-16,0.03376841621319627,0.014132863019994835
2015-07-17,0.004212384202790018,0.014740286040609174
2015-07-20,-0.0004467892261777861,0.0034332594348378542
2015-07-21,-0.0009450740701167602,-0.0006145017047503032
2015-07-22,-0.0026157455685564806,-0.011324659225890432
2015-07-23,-0.00671843768159519,-0.003729265340367105
2015-07-24,-0.007253873326634207,-0.009803939585890542
2015-07-27,-0.015491599459628759,-0.008280758415111333
2015-07-28,0.006589090499602266,0.008622086146752084
2015-07-29,0.005541597054087001,0.0037797116903877104
2015-07-30,0.0014782397338208015,0.004750861127776007
2015-07-31,0.0009852230541165198,-0.001159764985694256
2015-08-03,-0.003311267655255807,-0.0031262340494505603
2015-08-04,0.014819403773514333,-0.0018817854154163927
2015-08-05,0.01460854259374308,0.0077208178563905605
2015-08-06,-0.03211372757823414,-0.016035987011205233
2015-08-07,-0.007230130028185313,-0.0012674614791925443
2015-08-10,-0.0008105662827053674,0.011422153178009875
2015-08-11,-0.001310754907234918,-0.012816766312132133
2015-08-12,0.0022036040731947446,0.0034500418646417064
2015-08-13,0.002261020479531501,-0.0016286783511004765
2015-08-14,0.001474075609671596,0.0015408135058774253
2015-08-17,0.009196875599864282,0.008324892781796489
2015-08-18,-0.002880357708059666,-0.00511533807204112
2015-08-19,-0.009416169526907261,-0.006584756362675526
2015-08-20,-0.042738641576658354,-0.027694360427957476
2015-08-21,-0.0461308163137832,-0.04370584717503567
2015-08-24,-0.04638739828898178,-0.03847655711980502
2015-08-25,0.004334208461513162,-0.0037577820114500504
2015-08-26,0.05779066684753729,0.05036195106135111
2015-08-27,0.030028938008184257,0.02533247847312503
2015-08-28,0.0034733512254071295,-0.0001894105451705208
2015-08-31,-0.018483639529785253,-0.012403040482421468
2015-09-01,-0.037556529946823076,-0.031252952798476064
2015-09-02,0.027696613548447158,0.028203879184253156
2015-09-03,-0.012612903589049521,-0.004908712989370789
2015-09-04,-0.009866863558525207,-0.011896431182329525
2015-09-08,0.018009748307467155,0.028190902316524324
2015-09-09,0.0005179054643388762,-0.011233797045701821
2015-09-10,0.009976595795251455,0.010879787095998683
2015-09-11,0.0061227761634851715,0.005524400943206498
2015-09-14,-0.005265788106513556,-0.0030309384635505143
2015-09-15,0.016919076764272095,0.011781562559483705
2015-09-16,0.011274886744608251,0.005634094516596244
2015-09-17,0.006386352785303286,0.00037369193382263965
2015-09-18,-0.011343178488184886,-0.014222782088796793
2015-09-21,0.002895669650933724,0.0031322847919006414
2015-09-22,-0.015683616794316044,-0.014951054088474969
2015-09-23,0.004889856000051489,0.0007687234669475629
2015-09-24,0.004870109361731993,-0.0036475654859827733
2015-09-25,-0.015883252338654397,-0.008477859109513264
2015-09-28,-0.03720692979593733,-0.028468515311425246
2015-09-29,-0.006774017492538226,-0.005200851239888449
2015-09-30,0.027015075619780417,0.02302210974188834
2015-10-01,0.005000217913002756,0.004520629708921753
2015-10-02,0.01163439096402746,0.017511189942799543
2015-10-05,0.018735173223447595,0.014325370302793017
2015-10-06,-0.007383291664407834,-0.004739243719086517
2015-10-07,-0.009611636234759493,0.005999828703938448
2015-10-08,0.0076525606962598285,0.0039762120525952405
2015-10-09,0.0013302284099894692,0.004526289369853442
2015-10-12,0.006502897141518715,0.0024404739607730708
2015-10-13,-0.006003114249080209,-0.006461011151558282
2015-10-14,0.000855741890124749,-0.001602376073313927
2015-10-15,0.00614770397350961,0.016425801514645677
2015-10-16,0.007664679834405846,0.004179492997001155
2015-10-19,0.008310781921600922,0.005734384619423771
2015-10-20,-0.013434424099936837,-0.005149785670248375
2015-10-21,-0.005428771275643397,-0.00610129704661333
2015-10-22,0.017467380188403086,0.02036830365683473
2015-10-23,0.028318038379470493,0.027983107510417105
2015-10-26,0.009806388466883191,0.000620700266336538
2015-10-27,-0.0006033000046052275,0.0020382619595327167
2015-10-28,0.01114399963907766,0.008312691548763684
2015-10-29,0.002142895442205711,-0.0015789653328315278
2015-10-30,-0.0045560891144278155,-0.004479569422448759
2015-11-02,0.004782193762309986,0.011294146653222148
2015-11-03,-4.773729494386342e-06,0.0034901433029177475
2015-11-04,0.007226396741493768,8.692149808320337e-05
2015-11-05,0.007076661804044606,-0.0026952621886077166
2015-11-06,0.012172950687981817,0.0006974775685004708
2015-11-09,-0.01968580306179574,-0.010628044185701735
2015-11-10,0.00695112081903708,-0.0025534091398934367
2015-11-11,0.0033543511445124218,-0.0012359936576972208
2015-11-12,-0.013824838542222127,-0.009722451399924115
2015-11-13,-0.02528269166098716,-0.019636031328409742
2015-11-16,0.019028914523688954,0.014384812806568892
2015-11-17,0.003029361858355433,0.0006283503650323929
2015-11-18,0.02020395728259088,0.01919445869790337
2015-11-19,-0.0019496331687558052,0.0007039618235755718
2015-11-20,0.011398829791558727,0.0067715716132916715
2015-11-23,0.0018474711652046764,-0.0028822642178788493
2015-11-24,-0.0075877545283814015,-0.0008762679017020325
2015-11-25,0.003145750310925617,0.0008770364205659131
2015-11-27,0.00247164695577935,0.0014012213546998886
2015-11-30,-0.007407880132177045,-0.002536663832875763
2015-12-01,0.02222580183867802,0.009998045145520162
2015-12-02,-0.003935875054498333,-0.00616538871535155
2015-12-03,-0.012280827341339317,-0.01695052942591868
2015-12-04,0.021663314909843124,0.02337577601869323
2015-12-07,-0.010863795186504576,-0.004516314965394508
2015-12-08,0.007959364605287553,8.7217252792815e-05
2015-12-09,-0.021158833043178303,-0.01517921582377768
2015-12-10,0.002854092557342379,0.004517556943570922
2015-12-11,-0.0214962083228516,-0.023015643370279726
2015-12-14,0.011975301811919647,0.0075820408696762875
2015-12-15,0.0006319754622177275,0.006091174581535297
2015-12-16,0.01634836672968586,0.014869624303341267
2015-12-17,-0.010377975691687554,-0.014563978995080218
2015-12-18,-0.019768910842440455,-0.019182355590805056
2015-12-21,0.009337823343534385,0.011108248964529777
2015-12-22,0.005913690509283101,0.0065734672047939036
2015-12-23,0.004653244189836598,0.007425303181839871
2015-12-24,-0.0009041973881059353,-0.0001775173186828738
2015-12-28,0.006424957782534863,-0.0005329379320013761
2015-12-29,0.014486207106134508,0.01572906806188401
2015-12-30,-0.009313446639403544,-0.009011526621604982
2015-12-31,-0.015461609976107932,-0.012447953086953345
2016-01-04,-0.02116034699120254,-0.021097608926899825
2016-01-05,0.007453113280360259,-0.0017353976319904874
2016-01-06,-0.012538066867032478,-0.009605554161448815
2016-01-07,-0.03639260996607906,-0.031313615548737794
2016-01-08,-0.007152341393241214,-0.008200375794174541
2016-01-11,0.0005291607601132453,0.0030763846076982126
2016-01-12,0.012440699012948283,0.011597924871530996
2016-01-13,-0.03234088225105018,-0.03448945344903487
2016-01-14,0.016888125738320818,0.021295485497142108
2016-01-15,-0.03854817878889009,-0.031037119424399573
2016-01-19,0.0006984884510441277,0.002181991105929759
2016-01-20,0.0004941375163732516,-0.0030674869034007513
2016-01-21,0.008652773163534536,0.0009927220196785935
2016-01-22,0.020752433076819874,0.02895348065457104
2016-01-25,-0.008580010202253352,-0.014840297520543722
2016-01-26,0.0068086329791629254,0.008999249527614994
2016-01-27,-0.019731295377857002,-0.02491520260123037
2016-01-28,0.01947126581501616,0.01411814790242616
2016-01-29,0.01812590695625422,0.020882159768526698
2016-02-01,0.0006500994398220232,0.002689287169928223
2016-02-02,-0.00036803820847161064,-0.02164577496894582
2016-02-03,-0.010912768467425,-0.004796732305414886
2016-02-04,-0.0027182179349578605,-9.819800607202556e-05
2016-02-05,-0.03557351560030095,-0.03472685442592105
2016-02-08,-0.02368065274646991,-0.015287619199531588
2016-02-09,-0.00514491620031887,-0.0031047031200865938
2016-02-10,-0.0008073268199166023,0.003840974034633904
2016-02-11,-0.004025848545969651,-0.0014477279028280998
2016-02-12,0.01559889074215532,0.015225433420917645
2016-02-16,0.021913810941872308,0.022546315435354236
2016-02-17,0.025431287188242925,0.022647681696348343
2016-02-18,-0.0007358664321028231,-0.011414458265786909
2016-02-19,0.008262954048390536,0.0029607145542993596
2016-02-22,0.016098456332893623,0.016235295314089404
2016-02-23,-0.011404791194894534,-0.01646000424277283
2016-02-24,0.007041994803991941,0.00954901725494861
2016-02-25,0.01063016591221232,0.009848798923741464
2016-02-26,-0.0031774852753031764,-0.0012552914041608076
2016-02-29,-0.008143780541522884,-0.008991753501377486
2016-03-01,0.026350443477169354,0.032097201836371214
2016-03-02,-0.007163950713563631,0.00037869832762504885
2016-03-03,-0.0034406750506469842,-0.001890062025193151
2016-03-04,-0.002392455958902367,0.0003786505688920805
2016-03-07,-0.0030304750812632374,-0.0061510532686072095
2016-03-08,-0.008968616013440144,-0.008284187739617588
2016-03-09,0.007227124400893716,0.006433232471308115
2016-03-10,-0.0003842689581072073,-0.0015263842223285362
2016-03-11,0.011359937901013223,0.017484987138550734
2016-03-14,-0.0010696494721562661,0.0016901666226063483
2016-03-15,-0.004266494158423689,-0.00037495883988536427
2016-03-16,0.013577666042664652,0.00890930515974131
2016-03-17,0.0071687786097837354,-0.000557833179515077
2016-03-18,0.009290854264965925,0.0015674736925945787
2016-03-21,0.007312857804905364,0.003911637351539765
2016-03-22,0.00037657676288786437,0.003061546183253272
2016-03-23,-0.007894182750020738,-0.008231413623258299
2016-03-24,-0.005352785562724842,0.00027968569642955465
2016-03-28,-0.0008863286608167846,-0.001398571218667044
2016-03-29,0.01897428602308689,0.016057913616576602
2016-03-30,0.007475206336457307,0.00487015146346903
2016-03-31,-0.0019537529315077295,-0.0014630284127252757
2016-04-01,0.008468363749680219,0.010622515730957849
2016-04-05,-0.013576047411631062,-0.009641735460308887
2016-04-06,0.00687335946494646,0.016440084225150642
2016-04-07,-0.013181688751127798,-0.014366726912618089
2016-04-08,0.007973127194245859,-0.0007336542067665208
2016-04-11,0.0048902386656391635,-0.00366976373246386
2016-04-12,0.004874226073811714,0.008379540332859037
2016-04-13,0.019011593145604692,0.012784168032059506
2016-04-14,-0.0006458581054524308,9.025816489804939e-05
2016-04-15,-0.00010883516371938516,-0.002524567323417437
2016-04-18,0.007190792164645012,0.005332831660948223
2016-04-19,-0.011895873477908438,-0.006113500450139475
2016-04-20,0.0007377805366881172,0.0008139330061078809
2016-04-21,-0.009052970193993018,9.070019888257619e-05
2016-04-22,0.0024947582233568835,-0.015092489551575272
2016-04-25,-0.002049248416445909,0.0
2016-04-26,0.006930152682978247,-0.004863745702571753
2016-04-27,0.007851890320235914,-0.008022059211130084
2016-04-28,-0.019351337824908665,-0.012084139682601358
2016-04-29,-0.009943772431918777,-0.005268802988723009
2016-05-02,0.00568395419000079,0.00945885333044938
2016-05-03,-0.0125918867437537,-0.009276496568569104
2016-05-04,-0.010085678093396987,-0.006431829484154883
2016-05-05,0.002538492931496544,-0.0002854120350144207
2016-05-06,0.006316695431530805,0.005332405258750228
2016-05-09,0.004447676373049193,0.002841264056138826
2016-05-10,0.006849763958963926,0.013694885414682556
2016-05-11,-0.015606784806770605,-0.009037770712688187
2016-05-12,0.003510789278578361,-0.004418534962920884
2016-05-13,0.005267705816901427,-0.003683161455812267
2016-05-16,0.00871369143054857,0.012512002297122793
2016-05-17,-0.016108158250706855,-0.012544431848859339
2016-05-18,-0.00241266586327945,0.003602340389221581
2016-05-19,-0.005626146204911837,-0.005195682726122031
2016-05-20,0.012116088495927588,0.011015130028781295
2016-05-23,-0.0024604001689389654,-0.001314619554216967
2016-05-24,0.01627702680177387,0.02003161116893093
2016-05-25,0.006464125079084349,0.0071917773615028935
2016-05-26,-0.0007496362467750028,0.002929420491628809
2016-05-27,0.014208303304818976,0.005202359862275907
2016-05-31,0.0008242861006036757,0.0019067667122611986
2016-06-01,0.006482192402014814,9.102092643731297e-05
2016-06-02,0.005268905960192927,0.002084100573120029
2016-06-03,-0.005267633634919743,-0.004702623397176531
2016-06-06,-0.006169283372002473,0.0036344199611686445
2016-06-07,0.0054033385856165255,-0.0025349329786880093
2016-06-08,0.0034485544346522876,0.0017246344968466776
2016-06-09,0.0029193211299055406,-0.001630965491556502
2016-06-10,-0.012070456244745455,-0.011343819045170234
2016-06-13,-0.004407506361435818,-0.008353535690229896
2016-06-14,-0.001767707760365206,0.0
2016-06-15,0.003838546492009813,-0.0028691894447078203
2016-06-16,0.008045619871562519,0.0029706041838095665
2016-06-17,-0.0060907891294204,-0.01172141129904003
2016-06-20,0.011967595967987901,0.006291524189867781
2016-06-21,0.0017115127116297806,0.003172754592204896
2016-06-22,-0.0011425560529580775,-0.0024182872932283495
2016-06-23,0.01682854826843723,0.01426689346117005
2016-06-24,-0.041469859852022846,-0.04118782781554098
2016-06-27,-0.014403903361205483,-0.01984861439735308
2016-06-28,0.012381637431282306,0.021913522591355372
2016-06-29,0.019992104139885846,0.017709879101716508
2016-06-30,0.010748856791804614,0.011570236139528678
2016-07-01,-0.00023443625403634527,0.005021439894078217
2016-07-05,0.0014288988413898502,-0.006106441604586177
2016-07-06,0.0061764899528292784,0.008192047023096949
2016-07-07,0.004072238213407264,0.0029547552119635334
2016-07-08,0.01587150554730197,0.015466783133942341
2016-07-11,0.007199830106623581,0.005711470921363482
2016-07-12,0.006584237332493137,0.005048431693448041
2016-07-13,0.0011149763279612488,-0.002421510871192356
2016-07-14,0.0023453692473552595,0.006833035721881542
2016-07-15,-0.00343670038682541,-0.0016073980372655061
2016-07-18,0.0019279950444435956,0.006619058010491674
2016-07-19,-0.003253082386538081,-0.0036430965624979494
2016-07-20,0.007903856129295684,0.011683018362832254
2016-07-21,-0.012196291076203757,-0.002292161996704789
2016-07-22,0.010292100348746256,0.004152494220755365
2016-07-25,0.0002483101614511191,8.820700353551203e-05
2016-07-26,0.005181373093031467,0.0011435757773783362
2016-07-27,-0.0019547334529909813,0.006942647390041579
2016-07-28,0.0003438393679408082,0.0034910996180719245
2016-07-29,0.001977592068082572,0.0021742754602485093
2016-08-01,-0.0020790667933591545,0.005293611684822119
2016-08-02,-0.011879260285095733,-0.007596456770674331
2016-08-03,0.003968689614157364,0.003305084619489529
2016-08-04,0.0053849616080308,0.002861321384523219
2016-08-05,0.007363233472341354,0.009596087098170836
2016-08-08,-0.001881059778816882,-0.0011130932341310018
2016-08-09,0.016631503386243494,0.002314605685618698
2016-08-10,-0.008165664654230636,-0.0025655738705632203
2016-08-11,0.008052337921578464,0.004287537813215669
2016-08-12,0.009340464771555129,0.0006829380404012042
2016-08-15,0.010486536254493473,0.004265971695021964
2016-08-16,-0.006751125741037605,-0.005522170979741614
2016-08-17,-0.0017969723065371505,0.0017937322229568675
2016-08-18,0.005797936762980599,0.00025584826848157327
2016-08-19,0.015925638913312577,-0.00025578282688831777
2016-08-22,-0.0020962145159144686,0.0007674752436541699
2016-08-23,0.007797235259209993,0.0017899119751998427
2016-08-24,-0.010764440768222418,-0.006465085982354735
2016-08-25,0.002844159561253428,-0.001626684071597273
2016-08-26,0.0035392300263580438,0.0014576783288160478
2016-08-29,0.0039033713230006623,0.0013703423795441427
2016-08-30,-0.007009495624563687,-0.0032498216612323327
2016-08-31,0.00025321871229949195,-0.0010293292711601731
2016-09-01,0.014253060721852926,0.002576500091522549
2016-09-02,4.887614439670006e-07,0.0032553894264228944
2016-09-06,0.011358321577655253,0.006232732413788522
2016-09-07,-0.0022016006136491547,0.0005939212667072091
2016-09-08,-0.0016814637025866265,-0.005851504472966673
2016-09-09,-0.02984541178766795,-0.025164014745028163
2016-09-12,0.0251657123422258,0.01793820906838106
2016-09-13,-0.010484702701522602,-0.00894024230221191
2016-09-14,0.0034943933081055096,0.004770701060994753
2016-09-15,0.017882533130132418,0.015538507892866704
2016-09-16,0.0006604019597847716,-0.00047696992426948803
2016-09-19,0.002302020833539637,-0.004348331584510756
2016-09-20,-0.005234111364015623,0.001883892340767579
2016-09-21,0.0219103715180847,0.0098292949052734
2016-09-22,0.004490654065830151,0.007955795123968823
2016-09-23,-0.007318505496711741,-0.0063815192557854505
2016-09-26,-0.010674454375993271,-0.008366707382043481
2016-09-27,0.018509664822289343,0.009886103144064018
2016-09-28,-0.0016394955249589283,0.0016875707646113458
2016-09-29,-0.0016710001247442722,-0.007245124105575318
2016-09-30,0.008906955616465536,0.00746764605785355
2016-10-03,-0.0022625021137344377,-0.0014316197507190376
2016-10-04,-0.0010176856721026454,-0.0015185710963884214
2016-10-05,0.0044433208269982144,0.0035483549454742302
2016-10-06,-0.00214977937441204,-0.0005052818633057843
2016-10-07,-0.001786379893413479,-0.0021895651810411865
2016-10-10,0.00173748788374083,0.006330713541427668
2016-10-11,-0.030007508563389792,-0.014259495672515166
2016-10-12,0.001988110916372457,-0.000851029477730747
2016-10-13,-0.009311861939669404,-0.0035769940680010492
2016-10-14,0.0009482378069919779,0.001196820255122466
2016-10-17,-0.005074603586806102,-0.0027318923829857678
2016-10-18,0.010314570661337508,0.008902711021839371
2016-10-19,-0.00253392702503508,-8.498170339110711e-05
2016-10-20,0.005944234954129446,-0.0011880499080378915
2016-10-21,-0.000993455823610477,0.003738223569284882
2016-10-24,0.014022432546044147,0.012018569100040732
2016-10-25,0.0029358636175121845,-0.0031780182906000487
2016-10-26,0.007771132551302241,-0.0067959215869169975
2016-10-27,0.0029760349102121173,-0.004561637678031638
2016-10-28,-0.007072795508049464,-0.00627990961271796
2016-10-31,-0.0027363515447753023,-0.0009389900361024273
2016-11-01,-0.016531102022208758,-0.00752224929573897
2016-11-02,-0.01698869692822646,-0.008009594134314346
2016-11-03,-0.0016285331412083904,-0.009810692023204615
2016-11-04,-0.015069237265495332,-0.0035074039368048204
2016-11-07,0.04165206335584976,0.02375716107935255
2016-11-08,0.0014640027213296317,0.006532361595710912
2016-11-09,-0.002065705831752975,0.004610966746041667
2016-11-10,-0.007122044508109541,-0.016149825365892045
2016-11-11,0.0453035472381085,0.0004324433753639667
2016-11-14,-0.005035334251341503,-0.010103783705393332
2016-11-15,0.014708549373077662,0.01387075351996514
2016-11-16,0.0031868683331637048,0.005936679802658995
2016-11-17,0.020865570337398692,0.0072705209632959455
2016-11-18,0.0015079437733701388,-0.0037362909332208094
2016-11-21,0.007182909260327702,0.010398775901493407
2016-11-22,0.000940993434092454,0.0030370562457022743
2016-11-23,-0.0003989503042318681,-0.004036736699041588
2016-11-25,0.0021891197870512144,0.0032086052375317475
2016-11-28,-0.004384670256411861,-0.002272652869345082
2016-11-29,-0.0016207157831628146,0.0034592696296595893
2016-11-30,-0.00035990915378431487,-0.012107091915295354
2016-12-01,-0.03264601274441602,-0.01727658145344313
2016-12-02,0.009841830579533306,0.001991723348738983
2016-12-05,0.003289399041595482,0.007778975465253302
2016-12-06,0.00915695377952129,0.0024010836103103284
2016-12-07,0.03756988597246468,0.01266277211409772
2016-12-08,-0.0032859045323599618,0.0017741208914077156
2016-12-09,-0.004350180171333226,0.007843416584029539
2016-12-12,-0.02045543136520033,-0.004518476198490995
2016-12-13,0.0124515052042277,0.012608999807669496
2016-12-14,-0.0016733140859434344,-0.0020753771355933592
2016-12-15,0.016159571258747882,0.0015803123993609614
2016-12-16,-0.013068478526016412,-0.0037067392223708584
2016-12-19,0.007056398204184323,0.004097392413688894
2016-12-20,0.009240074543098841,0.003830118329836596
2016-12-21,0.0005779722832903338,-0.000746505897484151
2016-12-22,0.014089220719731557,-0.0028223150377846284
2016-12-23,0.004391467574620114,0.0006655683044960448
2016-12-27,0.010971377863853276,0.00515828369919169
2016-12-28,-0.01938993501641803,-0.007780205958714426
2016-12-29,-0.006155841021255583,-0.0014181203652328112
2016-12-30,-0.012723458377725745,-0.010274965674102243
2017-01-03,0.011764924574658223,0.008946622087501854
2017-01-04,0.009759972214162967,0.005437927580214552
2017-01-05,-0.0037949786658435826,0.005657647050326897
2017-01-06,0.0031468352106116797,0.008769647844898198
2017-01-09,0.01613774220803744,0.0032803712786277917
2017-01-10,0.0024445839409725457,0.002207196483128282
2017-01-11,-0.003069062707001641,0.0026918610194819337
2017-01-12,-0.005376279014329452,-0.0015459365415022575
2017-01-13,0.007551729127212255,0.003422374104485204
2017-01-17,-0.015627161414055065,-0.0030045526079284235
2017-01-18,0.008386504646690874,0.0020359389202466716
2017-01-19,0.025246161472335528,-0.00048744530003963504
2017-01-20,0.0029785691498259124,0.002195332188128063
2017-01-23,0.0012299851432789638,0.0008115730714921554
2017-01-24,0.020764933358506824,0.006728686862986999
2017-01-25,0.013001874759695565,0.010066074763918964
2017-01-26,0.003669574616736517,0.0010363845752547896
2017-01-27,0.0009077609719704782,0.0019116824420744027
2017-01-30,-0.005891684293844218,-0.007790325615684268
2017-01-31,-0.0024957116195757603,-0.0020028923228788686
2017-02-01,0.009537445082798753,0.006903745853584775
2017-02-02,-0.004902247692729933,-0.0008770203969330481
2017-02-03,0.004472433888365271,0.002872626810587864
2017-02-06,-0.0014097790252055125,0.0011935639078564098
2017-02-07,0.010506283277436537,0.003655658408243223
2017-02-08,-0.012699540585898618,0.0016629568964117158
2017-02-09,0.003616572486933118,0.003636296241619652
2017-02-10,-0.005027528089459026,0.0033080424517737406
2017-02-13,-0.0035969197921418903,0.005652404958102819
2017-02-14,-0.006631037490050431,0.003356751325870766
2017-02-15,-0.0032530841239404805,0.005913187494990035
2017-02-16,-0.003172536820849836,-0.0003094008152970673
2017-02-17,0.0023835916122511547,0.004332575440182174
2017-02-21,0.007213527751724584,0.004930083099847993
2017-02-22,0.008587073505585765,0.00038388728129135075
2017-02-23,-0.016595281529259077,-0.003755218534099769
2017-02-24,0.009471128626233323,0.0019229370062636697
2017-02-27,0.01175622657515545,0.00122844973753522
2017-02-28,-0.0034521070690906705,-0.0030672629472446866
2017-03-01,0.0123800275094551,0.010921533137620676
2017-03-02,-0.015304361751744607,-0.005021454080626486
2017-03-03,0.008592943024727117,0.0018353170910840877
2017-03-06,-0.0008216243237379199,-0.0022133051302971607
2017-03-07,-0.005182379385700009,-0.0016831152506699976
2017-03-08,-0.000493093598591609,0.0017627820814964945
2017-03-09,-0.0046832225710417,0.0007648301249993938
2017-03-10,0.014264223729554368,0.004203288835423313
2017-03-13,0.010640385374838501,0.0016745991245430414
2017-03-14,-0.004709613600386899,-0.0024316972007497606
2017-03-15,0.01110115922635159,0.006169693162669576
2017-03-16,-0.0013597495746396232,-0.000681297469434905
2017-03-17,-0.0003532460195636508,-0.0003493000663324919
2017-03-20,0.004657600573452352,0.0009111163323609617
2017-03-21,-0.028186517970324065,-0.015173066610636332
2017-03-22,0.01547243135265238,0.006779199727390273
2017-03-23,-0.001537172543856646,-0.0025251283222839094
2017-03-24,0.01179025688785112,0.0020712837587333333
2017-03-27,0.0038186575250520514,0.0016075927958771885
2017-03-28,0.0037703335663503757,0.006113835734448347
2017-03-29,0.0020076376383567174,0.004633755123863548
2017-03-30,0.008010771177406149,0.001664113414119317
2017-03-31,-0.008755997897323424,-0.0006795732206839045
2017-04-04,-0.0015906369022376902,0.00158681069774258
2017-04-05,-0.008188243728263317,-0.004075171372493913
2017-04-06,0.003882834343209729,0.0005305665271473359
2017-04-07,0.007132698654079585,-0.0005302851755832894
2017-04-10,-0.006561355079414813,0.0003791688870733445
2017-04-11,-0.0007639406726561742,-0.004317489782692974
2017-04-12,-0.011032721196889,-0.004032156744111948
2017-04-13,-0.00015600933947041692,-0.003971865744852976
2017-04-17,-0.00013876362937400295,0.008282160008189932
2017-04-18,-0.0034898152299099386,-0.0015210347099836596
2017-04-19,0.00234892502994316,0.0015995101199632877
2017-04-20,0.015686300985583383,0.00836563970306159
2017-04-21,-0.001001375279369404,-0.0002262787542994804
2017-04-24,0.00874010993970152,0.012070117341645314
2017-04-25,0.012962284597466362,0.007230465093363003
2017-04-26,-0.024170819662991318,-0.0014064402694836664
2017-04-27,0.00919864054530239,0.006002708132978096
2017-04-28,0.0036041056956932615,0.0017680316476889057
2017-05-01,0.011230723132958116,0.008897838625189669
2017-05-02,-0.007966590853392536,0.0016762376089232145
2017-05-03,-0.00046252075045591216,-0.0032011289425483147
2017-05-04,-0.008616137721550912,0.00036438755234158293
2017-05-05,0.010063755095203323,0.0036488101462039957
2017-05-08,0.0009089870579993187,0.0021809972243993503
2017-05-09,0.012800702466238573,0.0034826826135447853
2017-05-10,0.00655740603632067,0.0005783740770421986
2017-05-11,0.0026009537053664124,-0.0007948192850720792
2017-05-12,0.0057210676452902,0.0022415247941678373
2017-05-15,-0.0010705913771193569,0.0031745731352725848
2017-05-16,0.006758233100910851,0.004171353291533286
2017-05-17,-0.044632475665959584,-0.025426054034220713
2017-05-18,0.01855684072523692,0.008745532456888139
2017-05-19,0.0070341290716177144,0.004225329683648749
2017-05-22,0.013395085532640441,0.008415925029938487
2017-05-23,-0.003682703889242764,0.0010069992563697117
2017-05-24,0.006239053375125531,0.004599376020895551
2017-05-25,0.010184399041642953,0.008513529698895406
2017-05-26,0.007060605063129072,0.001773486259817325
2017-05-30,0.009856605392732433,0.0008494590875212094
2017-05-31,-0.0012719998586583777,-0.00035351678173722867
2017-06-01,0.0037213144279962993,0.0038926954976792327
2017-06-02,0.007039574102104081,0.011421623862069685
2017-06-05,0.003481946998256607,-0.00020935920283238207
2017-06-06,-0.0010618419118261892,-0.00397391662146529
2017-06-07,0.009046424835302087,0.003919729915478509
2017-06-08,0.013975882339372697,0.0010458464351075225
2017-06-09,-0.0440981550545111,-0.025005523188312506
2017-06-12,0.001678382757832989,-0.005357395054706893
2017-06-13,0.009935522155861994,0.008115717941239442
2017-06-14,-0.00532618012840829,-0.0043462241593631434
2017-06-15,-0.007362896345953962,-0.004435869894280353
2017-06-16,-0.00422015207991518,-0.004338678031034826
2017-06-19,0.02031477973009041,0.016720864718996475
2017-06-20,-0.0027595834311250696,-0.007831040811080658
2017-06-21,0.01720804748070601,0.009901981276843497
2017-06-22,0.0023567737578600056,-0.00028407343872050017
2017-06-23,0.0035525152026656525,0.0038378026023746514
2017-06-26,-0.005330868610407992,-0.004673019534307765
2017-06-27,-0.02448913152846599,-0.01813936959017226
2017-06-28,0.017698098788071583,0.01441761807309172
2017-06-29,-0.0266409153594885,-0.01735473363388229
2017-06-30,-0.006232644402378328,0.0003633386597967636
2017-07-03,-0.014216580224590575,-0.010534753812497133
2017-07-05,0.002594030294176274,0.009839022284434007
2017-07-06,-0.011048579002164757,-0.009015694957226872
2017-07-07,0.010965055650018058,0.010785656579036074
2017-07-10,0.013307962709358164,0.006533196663425667
2017-07-11,0.0069001628167487455,0.002812544142514639
2017-07-12,0.014555441587489216,0.011866253957692141
2017-07-13,-0.003853262179487568,0.0022028833154685845
2017-07-14,0.00509229569580386,0.007871839134753866
2017-07-17,-0.004708467685633255,0.0004929831422262332
2017-07-18,0.01248716793891005,0.006681007879187684
2017-07-19,0.027066461230663412,0.005868451786633422
2017-07-20,0.005789388981017001,0.0013195448411416066
2017-07-21,-0.004058970513411297,-0.00041642040406220104
2017-07-24,-0.0039008041538260963,0.004580179700090392
2017-07-25,-0.0064767291808404985,-0.002556093064674969
2017-07-26,0.011682314443698973,0.003254938458873591
2017-07-27,-0.014366599297191592,-0.006281217861200394
2017-07-28,0.00011525228179907005,-0.0008338312504563294
2017-07-31,-0.010648798460008274,-0.004240776224711196
2017-08-01,-0.002098640644417307,0.002304216042322116
2017-08-02,-0.008375281081699715,0.0027162087668901602
2017-08-03,-0.003143301575365878,-0.0038899140198657145
2017-08-04,-0.006747568858504518,0.0018129153354236038
2017-08-07,0.014196506145512358,0.0063352386634805136
2017-08-08,-0.005674061305992874,-0.0017297708349646168
2017-08-09,-0.0014245797456131492,-0.0013163040322160535
2017-08-10,-0.02789173864371764,-0.021440541305743688
2017-08-11,0.004480437737091083,0.007587231349244217
2017-08-14,0.01847817406913617,0.012878222211717416
2017-08-15,0.007570547341426927,0.0006945554637485252
2017-08-16,0.0012347375725665988,0.0017354637533597561
2017-08-17,-0.027087602530748753,-0.020446351689246467
2017-08-18,-0.0002109505493075177,-0.0007074475766721822
2017-08-21,-0.0012345789207531689,-0.0012742385438579973
2017-08-22,0.021187521541264936,0.015243058159149392
2017-08-23,-0.0013670730564375743,-0.0035617445162361427
2017-08-24,-0.0016525970971745967,-0.0029437059937851284
2017-08-25,-0.005065672669146738,-0.002108319930285596
2017-08-28,0.00025885860796267195,0.003099213385089561
2017-08-29,0.004392756912648345,0.003931977849034096
2017-08-30,0.0156527748865134,0.01175120209058833
2017-08-31,0.009741024841580228,0.01071509303482121
2017-09-01,0.0027406514918528187,-0.0013676536384854554
2017-09-05,-0.011946791530861563,-0.008972097400852252
2017-09-06,-0.0012845440496704408,0.003040727015766409
2017-09-07,0.012124992310075687,0.002342251549939167
2017-09-08,-0.009496639110033749,-0.008661797083689193
2017-09-11,0.020984023621592005,0.011511316096124657
2017-09-12,0.004395156125268084,0.0023993336992202963
2017-09-13,0.004759716805837167,0.0013676872215828695
2017-09-14,-0.0006365141171950297,-0.005873518855363025
2017-09-15,0.002926147663755471,0.0034354429801217723
2017-09-18,0.013342214270769717,-0.0013104819652851596
2017-09-19,-0.0025232919593173512,0.0017175737930739121
2017-09-20,-0.001656594410526837,-0.003086685447723503
2017-09-21,-0.014933750508677353,-0.0061234260369702476
2017-09-22,-0.0034770317377577444,-0.0009683230545205479
2017-09-25,-0.029569677261954724,-0.01053259820388519
2017-09-26,-0.0013863994138980991,0.0025909992000441306
2017-09-27,0.013038827734940249,0.009009949860194988
2017-09-28,0.0022836848681255036,-0.0003458615286878741
2017-09-29,0.018218286834397773,0.007201786472369687
2017-10-02,0.004562273823333045,0.000893606443625794
2017-10-03,0.0019424406394490277,0.0021294819308350643
2017-10-04,-0.0011959114865081736,0.0009594940656705297
2017-10-05,0.00463245415344983,0.009793169495976084
2017-10-06,0.007578301491549005,0.0013559551671615822
2017-10-09,0.006061513029964065,-0.001151273973962974
2017-10-10,0.005631290406540756,0.0007456785111861208
2017-10-11,0.006290753159089799,0.002981037353842142
2017-10-12,0.0007766237180079624,-0.00182374942507868
2017-10-13,0.006807066382573657,0.003856966237752557
2017-10-16,0.009815644305267608,0.003438425230136266
2017-10-17,-0.004815875427389777,0.0012765075843579332
2017-10-18,0.004343387825520917,-0.0012078551992096287
2017-10-19,-0.0010433560958899657,-0.0036950536783421084
2017-10-20,0.01610857662532725,0.0026972388500168254
2017-10-23,-0.005059286691042187,-0.00652257032305259
2017-10-24,0.0004082576706394482,0.0016924411601602074
2017-10-25,-0.008276129975773566,-0.003784166424063984
2017-10-26,0.0029649060184074915,-0.0031880726826366557
2017-10-27,0.0015789647410582549,0.0291235216831498
2017-10-30,-0.0007278908375812963,0.0022478314019915846
2017-10-31,0.013163075886052839,0.0037607655248101945
2017-11-01,-0.0001401179865416267,-0.0003286984452266495
2017-11-02,0.0017827008929154817,-0.001906738860037116
2017-11-03,0.005279836488794914,0.00961707252720756
2017-11-06,0.0015182912554799848,0.003392896488274344
2017-11-07,0.006046586840290166,0.0005850126955297963
2017-11-08,0.004750866148989091,0.004029452993693949
2017-11-09,-0.013307643977295877,-0.005242899273763313
2017-11-10,0.007268447248463957,-6.48922803870855e-05
2017-11-13,0.004684405298256169,0.00123617856746705
2017-11-14,-0.0009090457636938698,-0.003639454717390689
2017-11-15,-0.009196961083067133,-0.004696436265803516
2017-11-16,0.01681745374684075,0.01277932196990017
2017-11-17,-0.008642172839281632,-0.0038180123524235166
2017-11-20,-0.0010792735387897528,-0.0007790670013320122
2017-11-21,0.01646703522143301,0.010856055071575721
2017-11-22,-0.005299567365138994,0.0012218139377968562
2017-11-24,0.004305407174287829,0.0036609687906963284
2017-11-27,-0.005274422301859964,-0.00044759997327392664
2017-11-28,0.002266349216599237,0.0025606426044177955
2017-11-29,-0.03916179998890452,-0.017433912611687363
2017-11-30,0.010998522121062608,0.008384369506220013
2017-12-01,-0.011224670655518023,-0.004253906380620731
2017-12-04,-0.04557562723750635,-0.01152188044497704
2017-12-05,-0.0014609581522860718,0.0006547752752381619
2017-12-06,9.61582408936266e-05,0.004515372669284812
2017-12-07,0.010255347462179844,0.0033880222842395114
2017-12-08,-0.0007996000276525664,0.0044145168562363946
2017-12-11,-0.0051801306836525675,0.007757064730038898
2017-12-12,-0.004896027639704745,-0.0013470372724406765
2017-12-13,0.0030911921028331573,0.001926727638658532
2017-12-14,-0.004441046805494599,-0.0007046331228798275
2017-12-15,0.012346975628129761,0.011354122436694425
2017-12-18,0.02196301940937921,0.008384756508171387
2017-12-19,0.0026195202052863276,-0.0059257889894932525
2017-12-20,0.009819846200990804,-0.0010776658593518729
2017-12-21,-0.011447607862504969,0.00012686696268948694
2017-12-22,0.002233965939581994,-0.0011423721908604412
2017-12-26,-0.0018219403008368066,-0.005401567720511702
2017-12-27,-0.00033223778107248424,0.00012758292504910784
2017-12-28,-0.0006836241631870077,0.0012140400963960296
2017-12-29,-0.007713238110780858,-0.006188918298051016
2018-01-02,0.015126982691534455,0.017527084685150296
2018-01-03,0.013185964044865838,0.009716584733072464
2018-01-04,0.0067581553776633425,0.0017496968046206707
2018-01-05,0.008234802193306627,0.010042958435266591
2018-01-08,0.0021797978585118656,0.0038908906251025055
2018-01-09,-0.004893765618700592,6.162285113808785e-05
2018-01-10,-0.0012971895365691485,-0.002337666679293804
2018-01-11,0.007882316141444495,0.006844043060317828
2018-01-12,0.010842324683117823,0.007348923666015583
2018-01-16,-0.007593335399747435,-0.0028572283155225975
2018-01-17,0.02082297678605235,0.010791454002048617
2018-01-18,-0.0017472336098935423,0.00018106173749443677
2018-01-19,0.006747553731662257,0.0031359606999410428
2018-01-22,0.012481395114581819,0.010700771699375
2018-01-23,0.0073095248795724856,0.008267731031438963
2018-01-24,-0.012438282749103717,-0.006488904950456509
2018-01-25,0.006102390241156691,-0.0003562033515384089
2018-01-26,0.004358626367129786,0.015324876084259698
2018-01-29,-0.006433496479183555,-0.004855760710760992
2018-01-30,-0.01334580444783214,-0.008230286190356373
2018-01-31,0.0008027981118328386,0.004149292963757434
2018-02-01,-0.01852019844165925,-0.008500819007270954
2018-02-02,-0.02220345272233754,-0.019945508302316117
2018-02-05,-0.04388815423159362,-0.03942614204878214
2018-02-06,0.022520729139237458,0.02649923599494386
2018-02-07,-0.010536386023117591,-0.012938235924018326
2018-02-08,-0.04148345809029585,-0.04219502103047157
2018-02-09,0.019377923183835702,0.01726987014225312
2018-02-12,0.017519891782884857,0.01774475685638288
2018-02-13,0.012904792249234758,0.005161620183208093
2018-02-14,0.029040561520613135,0.01872400827707743
2018-02-15,0.016561542760151114,0.018563892478485
2018-02-16,-0.006150845938842345,-0.004466027104726655
2018-02-20,0.007670273773405158,0.002000335679777976
2018-02-21,-0.006585623048163048,-0.0028433992351002413
2018-02-22,-0.0012745196593984152,-0.00012145073636216086
2018-02-23,0.02516565405200614,0.02044932474456873
2018-02-26,0.015522676164784211,0.01326019102193654
2018-02-27,-0.008814846399616352,-0.012382572344663778
2018-02-28,0.003385215067911117,-0.006417475144715912
2018-03-01,-0.021632645207790603,-0.01632688501745916
2018-03-02,0.01802996453820061,0.009180616510994222
2018-03-05,0.014806292230304871,0.011084732037691447
2018-03-06,0.019113226410825124,0.0042304874645500146
2018-03-07,0.004970609903103508,0.00231387055451604
2018-03-08,0.004171078270725594,0.005505634457128261
2018-03-09,0.021930138780121945,0.019427732611471793
2018-03-12,0.005438848932194747,0.005313013763881269
2018-03-13,-0.007054617027097194,-0.013614664521166664
2018-03-14,0.0032686541208629613,-0.00017463207409718073
2018-03-15,-0.008583705477312744,-0.0008738747960591597
2018-03-16,0.0025198334119981864,-0.002973173109369731
2018-03-19,-0.016102949544188505,-0.02133579074149161
2018-03-20,0.015916439634618834,0.003291244862142939
2018-03-21,-0.0034159204015634785,-0.00435436614324014
2018-03-22,-0.026855683746252995,-0.024682543857430517
2018-03-23,-0.03366336475042457,-0.02635157393697274
2018-03-26,0.04476921972463513,0.037158643376896006
2018-03-27,-0.04215091129378689,-0.032359800787655435
2018-03-28,-0.024601301824748806,-0.011503695212570553
2018-03-29,0.026922576437865896,0.018314399470729104
2018-04-03,0.00943756619464561,0.011253111025802731
2018-04-04,0.019043079948815163,0.015770249240104173
2018-04-05,0.0002542643147455612,0.005696478879254618
2018-04-06,-0.02600079914507514,-0.02502307671862347
2018-04-09,0.005965813982702592,0.007022705524871942
2018-04-10,0.027924897375545092,0.022063263273409683
2018-04-11,-0.00949530641485795,-0.005769002324150119
2018-04-12,0.01890685239182611,0.012041513994067499
2018-04-13,-0.005197060267510518,-0.005178569608416783
2018-04-16,0.004215322894669549,0.007622271935406433
2018-04-17,0.030591779373517643,0.021525258845487727
2018-04-18,0.007158047988739032,0.0020470763783120294
2018-04-19,-0.025184648183407356,-0.009192542654173352
2018-04-20,-0.010776356571819311,-0.01582683980661337
2018-04-23,-0.007061628913185094,-0.002526132180180385
2018-04-24,-0.018888800208194823,-0.021187440215452935
2018-04-25,-0.001013505090055675,0.0011991092736316489
2018-04-26,0.018425655407245122,0.02105251761779514
2018-04-27,0.00682610551780855,0.0006171591652297526
2018-04-30,-0.00986776067766779,-0.007094339383467041
2018-05-01,-0.0015564442370818914,0.011432684167312246
2018-05-02,-0.0070087292619579215,-0.005897767946247079
2018-05-03,0.001388492095401537,-0.00012330359597134688
2018-05-04,0.019373744135405838,0.018974031223169652
2018-05-07,0.0023214149936940137,0.008309368992687638
2018-05-08,-0.0039351707678123215,-0.0010226763588048193
2018-05-09,0.010459971361414033,0.010899352176762855
2018-05-10,0.004716706899409751,0.010364466445834664
2018-05-11,-0.005102415133904424,-0.000943244093438933
2018-05-14,-0.0015447661346992088,0.00171113155299496
2018-05-15,-0.008002618820271925,-0.011075270210247568
2018-05-16,0.0011830008987460748,0.006612542602571825
2018-05-17,-0.007347944572634766,-0.003846828311668382
2018-05-18,-0.0036046790784005703,-0.005168047365153194
2018-05-21,0.007217784015235023,0.005613120574684105
2018-05-22,-0.007185994285068244,-0.001306583093136915
2018-05-23,0.01641862125669919,0.008443435463249882
2018-05-24,0.0016671695554834572,-0.0002949227943045418
2018-05-25,-0.0037334572506978326,0.0010027114202970644
2018-05-29,0.0004739496418441154,-0.00441910641417842
2018-05-30,0.011509749003550009,0.00716115904375636
2018-05-31,-0.011136698169633653,-0.0006463169882986453
2018-06-01,0.019242104140297114,0.015699463423276327
2018-06-04,0.01105002424009007,0.009030963316073226
2018-06-05,0.006597451422262496,0.003098006754665983
2018-06-06,0.0019180711496083116,0.0058339624699468295
2018-06-07,-0.016757867258833072,-0.008131566250015765
2018-06-08,0.008470324334791878,5.760894002393435e-05
2018-06-11,0.006367870517689333,0.0026940290301045167
2018-06-12,0.005658686574558992,0.005259781075562353
2018-06-13,0.0054040760701574994,-5.6328600422372865e-05
2018-06-14,0.013289250751066175,0.01012355922587549
2018-06-15,-0.004938545969435811,-0.003491099706801837
2018-06-18,0.0026569280608143985,-0.0005777660390392514
2018-06-19,-0.0033648042204937525,-0.0028325087164237095
2018-06-20,0.002882597075020725,0.007102251137937499
2018-06-21,-0.008107872516307246,-0.008688033631914172
2018-06-22,-0.013683856640236866,-0.002219691781087274
2018-06-25,-0.0310742517927646,-0.022530532127714165
2018-06-26,0.01197252561470638,0.004084836965914551
2018-06-27,-0.021640052786636128,-0.013598865717030839
2018-06-28,0.01679411015407145,0.00860147165826275
2018-06-29,0.0012308991380521413,0.0026872884239905748
2018-07-02,0.00941579333270338,0.006699655741426946
2018-07-03,-0.014188651611292749,-0.011574206467321102
2018-07-05,0.013375697049657657,0.012412447296756612
2018-07-06,0.012958902263583259,0.0155562204502675
2018-07-09,0.01049110074355659,0.008997203851579316
2018-07-10,0.004380673242437518,0.000733868055983633
2018-07-11,-0.0015604261688621328,-0.005075856915577326
2018-07-12,0.019956182416077793,0.01723164862606774
2018-07-13,0.0007428842815968995,0.0008359776355006954
2018-07-16,-0.0043379922307523605,-0.0023941821178335987
2018-07-17,0.0063891699249666685,0.0060831371312197735
2018-07-18,0.0026815238124511774,-0.0018858710371295606
2018-07-19,-0.007424225872887562,-0.005002140124376497
2018-07-20,0.0009740777450230194,-0.000222961789699605
2018-07-23,0.0009952939404515753,0.0031840889339844747
2018-07-24,-0.006583975837770152,0.004121271116730663
2018-07-25,0.01640832239072396,0.013976789453531424
2018-07-26,-0.01368590900916444,-0.015151645248301704
2018-07-27,-0.01721116000922341,-0.013495951508129322
2018-07-30,-0.02686139115426796,-0.01413130983468791
2018-07-31,0.02230144117865212,0.007652064812539772
2018-08-01,-0.001835813983522988,0.003797386193476804
2018-08-02,0.017941678788911678,0.013606339767721076
2018-08-03,-0.0010165801317765738,0.003063520859484692
2018-08-06,0.009211237305201783,0.005886400135914682
2018-08-07,0.004269305200706624,0.00364353215784341
2018-08-08,8.442926730454075e-05,0.0012101604134369115
2018-08-09,5.850430044056862e-05,-0.0006044808495996312
2018-08-10,-0.0036121700375430993,-0.00764110670085183
2018-08-13,-0.005675731981059742,-0.0011079143738180752
2018-08-14,0.013788832782024214,0.006266934509739253
2018-08-15,-0.012594462735593899,-0.012234850153431065
2018-08-16,0.0009469844199136996,0.003291629175465216
2018-08-17,0.0016364442659282438,0.00022242763597013493
2018-08-20,-0.002800963182541042,-0.0008894236335363903
2018-08-21,0.005059833446293396,0.003672639973159031
2018-08-22,0.00377175474624022,0.003881140354188073
2018-08-23,-0.001009548792988695,-0.0014358338841934382
2018-08-24,0.0077035360466906405,0.009292031242884802
2018-08-27,0.004947204759820591,0.010192774206324584
2018-08-28,0.001790295686489592,0.0014649419297678712
2018-08-29,0.012210607527277992,0.01153779577125369
2018-08-30,-0.0012848767896203774,-0.001767177268415021
2018-08-31,0.006564434436622928,0.0012872997707933376
2018-09-04,0.005505448043541756,-0.00428585441482654
2018-09-05,-0.008939804393055499,-0.012913681769689433
2018-09-06,-0.001273935129060304,-0.008939864727638192
2018-09-07,-0.002138432112888256,-0.003850098146666703
2018-09-10,0.0033867251805907656,0.003368014957555898
2018-09-11,0.005135488395591422,0.007704274606181061
2018-09-12,-0.005759310054560517,-0.0029487907080246734
2018-09-13,0.006097821262277499,0.010680152263034648
2018-09-14,0.0009610370265665189,-0.0029263457049678587
2018-09-17,-0.012819933130170243,-0.014403134543303109
2018-09-18,0.011346736296809316,0.008271871687852705
2018-09-19,-0.0077767481857817095,-0.0007657694318263797
2018-09-20,0.003514039102156494,0.011056186426664949
2018-09-21,-0.00307038445232724,-0.005467295084611301
2018-09-24,0.005124509452203457,0.0027808055102376272
2018-09-25,0.0033429044224332735,0.0013595490846258773
2018-09-26,-0.0015963880618600679,0.0007058563238093729
2018-09-27,0.008091204368315846,0.008466123488314548
2018-09-28,0.0015833197226212473,-0.00021519150495186157
2018-10-01,0.0012823428423247715,0.0020449744636374945
2018-10-02,-0.009549552192370015,-0.0022558572974871183
2018-10-03,-0.0009350015273377125,0.0010766793137175767
2018-10-04,-0.02435511507104702,-0.019198760691260586
2018-10-05,-0.012127863173973253,-0.012227047666873547
2018-10-08,-0.011073244640917879,-0.006106169131956163
2018-10-09,0.0006115505251385738,0.003239279853633148
2018-10-10,-0.04462713510310236,-0.04397913131778153
2018-10-11,-0.01622208958235167,-0.012403214379851812
2018-10-12,0.027968486886891776,0.027830011956090805
2018-10-15,-0.009536291949236107,-0.0121040954224243
2018-10-16,0.032866797403949606,0.02909228829437782
2018-10-17,-0.005289682961099161,0.00039508413920774643
2018-10-18,-0.017877715438334815,-0.023182433337956887
2018-10-19,-0.011701483995037653,-0.0009236412552989792
2018-10-22,0.005318109986501667,0.0051441446345135144
2018-10-23,-0.008819618682880052,-0.0036805260710365273
2018-10-24,-0.05460350855751911,-0.04576671772169205
2018-10-25,0.005548026694058919,0.03459548009978031
2018-10-26,-0.013898823759447322,-0.025722027017540894
2018-10-29,0.0037516944926628245,-0.02058087139823961
2018-10-30,0.01222731359174214,0.016479880839487704
2018-10-31,-0.0008399068531128353,0.023505563752109326
2018-11-01,0.00358739708370088,0.013190398899077138
2018-11-02,-0.0013451511477411576,-0.015576060256847879
2018-11-05,0.005808993617684589,-0.0024794713909724875
2018-11-06,-0.00450753281715299,0.007575857227337446
2018-11-07,0.020975143958403185,0.031367096777586756
2018-11-08,0.0011476220693839043,-0.006378659715601698
2018-11-09,-0.010340728891053861,-0.016852193298165452
2018-11-12,-0.018987610848114036,-0.03025861485532233
2018-11-13,0.003999040124490126,0.0008416136873012903
2018-11-14,-0.002180982798616769,-0.007628952522189647
2018-11-15,-0.003947070114025748,0.017493579631826073
2018-11-16,0.00875717960448328,-0.003510133690615258
2018-11-19,-0.007970652018028412,-0.03247741175760832
2018-11-20,-0.03665963172042433,-0.01789449184787406
2018-11-21,0.0016739028910562237,0.007602414496947318
2018-11-23,-0.003453577155211465,-0.007233285496279995
2018-11-26,0.011051951192521746,0.02311412102015664
2018-11-27,0.012950723548472499,0.003376789253641377
2018-11-28,0.018763569521415852,0.03218260343073576
2018-11-29,0.0051423193253776235,-0.0032602094086015
2018-11-30,0.007145321455431019,0.00725529451075646
2018-12-03,0.011329186514155926,0.01747684597344712
2018-12-04,-0.023518576645809357,-0.03835687258150622
2018-12-06,0.0008080447956370403,0.0070601708913520245
2018-12-07,-0.036358968817161344,-0.033015845034157554
2018-12-10,0.006727686944152106,0.010472655086219307
2018-12-11,0.0031537987252506353,0.0033111907461582657
2018-12-12,0.00932833363703963,0.008801645890092802
2018-12-13,-0.009326137581169795,0.00030254061460022186
2018-12-14,-0.02094352828103061,-0.024348557735143328
2018-12-17,-0.029346551520869534,-0.022659765136752053
2018-12-18,-0.0031669958587361166,0.006288539100165247
2018-12-19,-0.01260636565531298,-0.02455509347871465
2018-12-20,-0.014638803351884949,-0.014495634288892889
2018-12-21,-0.023077528652502614,-0.030993416059296952
2018-12-24,-0.024394052470309298,-0.024797870183797532
2018-12-26,0.0437760068675097,0.06243894070900491
2018-12-27,0.0034113911602281465,0.0038699275175522185
2018-12-28,0.0006591536143267984,-0.000522737791786021
2018-12-31,0.006310349671935008,0.008433112465853876
2019-01-02,-0.003505264818668752,0.004019181937773508
2019-01-03,-0.03029453589604286,-0.032670392400269366
2019-01-04,0.037731945637827745,0.04278434810906728
2019-01-07,0.016532018497801962,0.011905609909673709
2019-01-08,3.232610228095728e-05,0.009045670789340265
2019-01-09,0.006391268635681502,0.008149409335984625
2019-01-10,0.002476199030954482,0.0028600739857884694
2019-01-11,0.003902448020748243,-0.003657896066204702
2019-01-14,-0.012981401297494895,-0.008837097114900994
2019-01-15,0.009109891737650793,0.01952694121466325
2019-01-16,-0.00601058824325561,-0.00018498428369995157
2019-01-17,0.010073033627054556,0.007884204339391188
2019-01-18,0.0029245766506995857,0.009900275239870249
2019-01-22,-0.010448395208318102,-0.02003009265624378
2019-01-23,-0.0007486281158968364,0.0012966363264923508
2019-01-24,0.0006458589114072784,0.006475179494642269
2019-01-25,0.017519389135906293,0.011948624052541934
2019-01-28,-0.013192560895859328,-0.012352123367541656
2019-01-29,-0.013843222232959198,-0.009441438109217826
2019-01-30,0.013159461913453508,0.025437832419547002
2019-01-31,0.012949311269028865,0.01496887974990635
2019-02-01,0.004437064976405415,-0.00422217243533507
2019-02-04,-0.003788531512121399,0.012421537622189449
2019-02-05,0.001384120777429892,0.0088477456817877
2019-02-06,-0.007114818673043174,-0.002981863924573669
2019-02-07,-0.014657353646516436,-0.013429393907320675
2019-02-08,0.009949190925272052,0.0019616045618251476
2019-02-11,0.0009115007471232095,-0.00094918174574532
2019-02-12,0.012918869538799104,0.014785894151698509
2019-02-13,-0.0037423373367411984,0.0007022502703528666
2019-02-14,0.002837555367695845,0.0012281454807454573
2019-02-15,-0.00010045797540039816,0.004204914359218659
2019-02-19,-0.0013393253167328016,0.0019777902197815056
2019-02-20,-0.0025066290091582447,-0.0001742617036908367
2019-02-21,0.0006256494341310684,-0.0036573567731955636
2019-02-22,0.009277717264566339,0.007399812953895024
2019-02-25,-0.00012973766098920385,0.003643818557330869
2019-02-26,-0.004303587275529488,0.0010376393974762532
2019-02-27,-0.0011335955517758156,-0.0006335219580252405
2019-02-28,0.0046026787140486785,-0.0023041495817133217
2019-03-01,-0.012624337029560676,0.006929057254019044
2019-03-04,-0.007657890995314139,0.00017169612273026935
2019-03-05,0.008605824108898683,0.0007455341762427903
2019-03-06,-0.013900870685157758,-0.005671831371735547
2019-03-07,-0.007601705757224854,-0.0122725169917548
2019-03-08,-0.003065240110897505,-0.001516423832695457
2019-03-11,0.020218737258140242,0.02079784902448467
2019-03-12,0.0041533140644218714,0.0054944448302169935
2019-03-13,0.010785942855567651,0.0075130682376078894
2019-03-14,-0.00608223047321188,-0.001694880752164285
2019-03-15,0.0023476059800263045,0.009281054373105668
2019-03-18,0.0015937589670408144,0.0023812152448909885
2019-03-19,0.0009608146046365027,0.00336245385020284
2019-03-20,0.00250528975682772,0.003965194884382184
2019-03-21,0.017046042898539428,0.015632137952428904
2019-03-22,-0.01442586412054831,-0.021964072848042915
2019-03-25,0.0004161439842930334,-0.0019042132176907423
2019-03-26,0.0074866252100298705,0.004657144908439381
2019-03-27,-0.006106607817519306,-0.006423009525231671
2019-03-28,0.0037201826803066654,0.002304805829680845
2019-03-29,0.009258146678702782,0.007571215155532496
2019-04-01,0.009123412173651629,0.013247261155242107
2019-04-03,0.007695810589082831,0.0057463596112063975
2019-04-04,-0.006894388643628771,-0.0003811962687102488
2019-04-05,0.012485741123496747,0.005171415317164474
2019-04-08,-0.0012634278609450005,0.0025452568875472537
2019-04-09,-0.007137971445300569,-0.003511313468155808
2019-04-10,0.005667157772219561,0.005366707160676221
2019-04-11,6.27261714779058e-05,-0.002372308746282803
2019-04-12,0.007419270136944242,0.004323435945483123
2019-04-15,-0.0074067316147884655,0.0001614330527710539
2019-04-16,0.004034331855699396,0.0034435775942085467
2019-04-17,-0.0026205298277191254,0.003485178646765563
2019-04-18,-0.001060637356271857,0.0012824404890978691
2019-04-22,-0.004088773006278652,0.002828184620725871
2019-04-23,0.012827604791186694,0.012718250486619675
2019-04-24,0.006740183158676828,-0.003152572939887577
2019-04-25,-0.0025316347614474707,0.004058480915601903
2019-04-26,0.010603740099311806,0.0008924834794055148
2019-04-29,-0.0009976994906142286,0.0019409774890184472
2019-04-30,0.0040156177482450015,-0.007747953120538775
2019-05-01,-0.012191061969956027,-0.0032181098803957253
2019-05-02,0.0057596205736799655,-0.00434049428970773
2019-05-03,0.019511843678455223,0.01594831644956307
2019-05-06,-0.018594074951435204,-0.006122111291900434
2019-05-07,-0.026961943029435966,-0.019479641341602516
2019-05-08,-0.00474637824909118,-0.002523748478308052
2019-05-09,-0.0018311211046204354,-0.005383495104044456
2019-05-10,0.0025079635637032765,0.0012451271780788975
2019-05-13,-0.039192148507029165,-0.03470286717338311
2019-05-14,0.021378166846028196,0.010975472927769792
2019-05-15,0.015232742811659223,0.014124401856514757
2019-05-16,0.007725752475806878,0.010049720548456653
2019-05-17,-0.017553067736880017,-0.010219949611518508
2019-05-20,-0.024195488375671047,-0.01688139636368191
2019-05-21,0.013314872567728515,0.010447148719400001
2019-05-22,-0.007010157108096111,-0.004454576708869951
2019-05-23,-0.018104441873689908,-0.01530238913886961
2019-05-24,0.00047551932513046035,-0.0005047151537845851
2019-05-28,0.003152486381831461,-0.003760878785399213
2019-05-29,-0.018986111870553313,-0.008225509660418906
2019-05-30,0.007957421650757891,0.004203641552765314
2019-05-31,-0.014691119544254769,-0.015952904113678668
2019-06-03,-0.016968394252451512,-0.022017921559804976
2019-06-04,0.027399045648002055,0.028156624703787214
2019-06-05,0.009653544414143286,0.007432322509569156
2019-06-06,0.009736328997983941,0.007945309479341578
2019-06-07,0.014371281142019892,0.019311900854512398
2019-06-10,0.00819524671598993,0.011654590768084505
2019-06-11,-0.0055730855814293346,0.0013650186109672724
2019-06-12,-0.0036533506756724634,-0.005779601955123614
2019-06-13,0.0008086210012922315,0.005923085510090242
2019-06-14,-0.006699758284154308,-0.004252754563984662
2019-06-17,-0.003590904238848159,0.006022975156806831
2019-06-18,0.01083863240806801,0.014531313621431563
2019-06-19,0.012476555954428306,0.003755107950816239
2019-06-20,0.004989283258978238,0.009299660392328102
2019-06-21,-0.007535142113243056,-0.0014827539160248149
2019-06-24,-0.0036294331678899923,3.15642765980062e-05
2019-06-25,-0.01735586442246526,-0.017166036019947817
2019-06-26,0.00011446025593873732,0.004650428720789579
2019-06-27,0.008228113147877216,0.003821464096562366
2019-06-28,0.00610786996688339,0.0012867957117934647
2019-07-01,0.014956720121921186,0.013494713766147193
2019-07-02,-0.0002073821665533101,0.00396291978384844
2019-07-03,0.00816096727511349,0.00752608473023364
2019-07-05,-0.00223763416688632,-0.0020374472908077923
2019-07-08,-0.002999625643688283,-0.007013592732035612
2019-07-09,0.006803752825204644,0.005007270968266253
2019-07-10,0.008916410123121268,0.009965728986141453
2019-07-11,-0.0005202358548857889,-0.0007271795863914576
2019-07-12,0.008980728956792456,0.00576860627432163
2019-07-15,0.003075006697886781,0.003203558170718601
2019-07-16,-0.009514868596091854,-0.005150645376503782
2019-07-17,-0.0007275427917622373,-0.004918586043192397
2019-07-18,0.008375237558139858,0.0011448633418014165
2019-07-19,-0.010473876379897828,-0.007327840719423162
2019-07-22,0.008026810943773183,0.007957973810946983
2019-07-23,0.005361651772516962,0.006544151329705539
2019-07-24,0.013318176549988181,0.007018002159662418
2019-07-25,-0.010324504864319774,-0.009479792510686313
2019-07-26,0.007231822747812089,0.010294750561965271
2019-07-29,-0.0023835953203705223,-0.003430903008728281
2019-07-30,-0.006063137811274661,-0.004315999329635778
2019-07-31,-0.01932702956967211,-0.013830059487202062
2019-08-01,-0.012598736451415942,-0.004971432213381699
2019-08-02,-0.012329794145199196,-0.014725169612070821
2019-08-05,-0.03815569886605841,-0.03533478485369468
2019-08-06,0.024581936755199003,0.01399881929305713
2019-08-07,0.00821802945135884,0.0054018658580692325
2019-08-08,0.03416826652701644,0.02176431698641612
2019-08-09,-0.0067471482805429315,-0.00940229162565187
2019-08-12,-0.01942651995797348,-0.011475007120630099
2019-08-13,0.019162988271708745,0.02191479197421531
2019-08-14,-0.03054898500775669,-0.029884950702972368
2019-08-15,0.002576471612641897,-0.0011488249654557636
2019-08-16,0.017092346700707448,0.016050377485803846
2019-08-19,0.009392356134149474,0.015904704984220475
2019-08-20,-0.003072067585618372,-0.007748130680570009
2019-08-21,0.011463153589529484,0.008878337827310734
2019-08-22,0.0023822735959596747,-0.0032338250660081114
2019-08-23,-0.0380022928650147,-0.031645473403850155
2019-08-26,0.015027985371275188,0.015104176342261688
2019-08-27,0.003881675808567566,-0.002110425888807388
2019-08-28,0.00602014917211564,0.0035786856225763497
2019-08-29,0.016610473464768474,0.015289531021413838
2019-08-30,0.001967038243723904,-0.00239418351902998
2019-09-03,-0.008758869794832752,-0.009708477994308518
2019-09-04,0.014841966341089868,0.014435879179700795
2019-09-05,0.01684304911880515,0.018318841948343545
2019-09-06,0.003364821370063573,-0.0009906286070090475
2019-09-09,-0.012855850494665236,-0.00208757141190008
2019-09-10,-0.011782992223406261,-0.0028770694821416143
2019-09-11,0.005408202535684855,0.00938961661300608
2019-09-12,0.00653881536860277,0.00415732974971772
2019-09-13,-0.004196523459506446,-0.00357094312574735
2019-09-16,-0.006419665188163379,-0.004466789019517803
2019-09-17,0.009973122320296615,0.004800063889288664
2019-09-18,0.0016396516391314,-0.0004154566700704798
2019-09-19,-0.0007113760526054609,0.001662022489185011
2019-09-20,-0.01252978694031477,-0.01057861567582763
2019-09-23,0.0036626677318436955,0.0004410981279376891
2019-09-24,-0.009868598403850636,-0.013281016094896403
2019-09-25,0.013046351568363885,0.011225247803348326
2019-09-26,0.0013501468181007436,-0.0036826772933026275
2019-09-27,-0.016979988188935233,-0.012409025804989593
2019-09-30,0.006253634921158832,0.009517444071893033
2019-10-01,-0.010369847646725903,-0.008156200463214858
2019-10-02,-0.01620501799446994,-0.017194704692038987
2019-10-03,0.011106438963634037,0.01097534020627089
2019-10-04,0.019312515966048542,0.014725716935230393
2019-10-07,-0.005234116411553793,-0.0030189373521817275
2019-10-08,-0.015702173689811832,-0.014981110707569356
2019-10-09,0.014538609674938703,0.009762132474545382
2019-10-10,0.007159653138473268,0.007743920590660647
2019-10-11,0.00886680072121687,0.012879056207252937
2019-10-14,-0.0011135854238289679,-0.00010440113386767091
2019-10-15,0.012469913232842291,0.012716456970423895
2019-10-16,-0.011370467515902396,-0.002480482882620816
2019-10-17,0.004319270578023914,0.002642056402071491
2019-10-18,-0.002673188414739301,-0.009609828689801536
2019-10-21,0.0038327690990900406,0.008868242335516863
2019-10-22,-0.015927153216572985,-0.007963122894648178
2019-10-23,-0.0048304152193360695,0.001928720682190077
2019-10-24,0.023853603860154716,0.009728260515589282
2019-10-25,0.013174906951029885,0.007986088033458794
2019-10-28,0.01132767736552697,0.009864961872340539
2019-10-29,-0.00730504403095648,-0.007744032393002587
2019-10-30,0.0034914710250239247,0.004845943678535525
2019-10-31,-0.015151872729986022,0.00045694823580966215
2019-11-01,0.0163300444858394,0.00908252286190403
2019-11-04,0.007390912663201919,0.006184913732032227
2019-11-05,-0.0037989326279772944,0.000549715298004072
2019-11-06,-0.0014292728787699853,-0.002247520615266896
2019-11-07,0.00502654775369876,0.0033539644284770187
2019-11-08,0.0010479022005612972,0.0039914258786024615
2019-11-11,-0.001431680117169992,-0.0013416454025532154
2019-11-12,0.0028217626340848907,0.0028860155171535062
2019-11-13,-0.0022848198903368962,0.00024832115867701177
2019-11-14,0.0012014744551151562,-0.0007939902016893541
2019-11-15,0.009015167092169898,0.007347727776964907
2019-11-18,0.00016052905122335137,0.0007885126453732738
2019-11-19,-0.005617020198201014,0.0014771402633178
2019-11-20,-0.006139962566950568,-0.005998888635806443
2019-11-21,-0.010814856863149385,-0.0022261081818331085
2019-11-22,-0.0001916340877696841,0.0006445885907817583
2019-11-25,0.0190441042747357,0.011841750066074352
2019-11-26,-0.006427702149269915,0.0019095930901411595
2019-11-27,0.00815538100658488,0.006988935044612399
2019-11-29,-0.006406618834347418,-0.004562138816576078
2019-12-02,-0.011353449554055919,-0.010239109061906948
2019-12-03,-0.011103013796067642,-0.007832372290971779
2019-12-04,0.010331618236407162,0.005064284140622544
2019-12-05,0.006184516276805136,0.0019761126946333807
2019-12-06,0.011261187292351456,0.010698264408278702
2019-12-09,-0.0058807550189878014,-0.004536504704411692
2019-12-10,0.008439259913281764,-0.0008327996317789577
2019-12-11,0.014754413666762767,0.005296851322635243
2019-12-12,0.016276024007533405,0.0074640839666151315
2019-12-13,-0.00011903524206957793,0.003292375162093686
2019-12-16,0.014668814322747154,0.010039298845388567
2019-12-17,0.0038431260222270875,0.0005735630594494445
2019-12-18,0.0011893890797307497,0.0007639591703405557
2019-12-19,0.009716702196411504,0.006251530495486435
2019-12-20,0.009473807402750912,0.004031113437633627
2019-12-23,0.004645383558179652,0.0026414872034061787
2019-12-24,0.0036942399152934584,0.0005191710673146943
2019-12-26,0.0020787767528849775,0.008824238513293725
2019-12-27,-0.003076975508123852,-0.0008420342553500104
2019-12-30,-0.008017371362060025,-0.006553991869860942
2019-12-31,0.0032640211813403266,0.0018849122295592213
2020-01-02,0.014710666484586675,0.01669748601303489
2020-01-03,-0.009389073347151725,-0.009160236543854228
2020-01-06,-0.0018176669481122492,0.00644330087195355
2020-01-07,0.014154321979930487,-0.00013908889438252192
2020-01-08,0.008934779159403761,0.007516247270477283
2020-01-09,0.003842226059404699,0.008473492581406727
2020-01-10,-0.0035363201655825034,-0.0025571042938511424
2020-01-13,0.016818603624465384,0.011536686463141876
2020-01-14,0.0006197074791844992,-0.003937542109735959
2020-01-15,-0.0030383685287562034,0.000409056142290698
2020-01-16,0.007885685711801099,0.009583571127632862
2020-01-17,-0.0013327205461293426,0.004948802802057006
2020-01-21,-0.00454436928500493,-0.0004477529315605189
2020-01-22,0.007890063698337628,0.0026421112130092794
2020-01-23,0.002213789969306502,0.003216271722795927
2020-01-24,-0.01669589355231387,-0.008415355827605775
2020-01-27,-0.030706032158997497,-0.020655555088486488
2020-01-28,0.018979951709636622,0.015360137770684235
2020-01-29,-0.004498135756839314,0.0016256018618621138
2020-01-30,0.00672724034895565,0.0035615370537946944
2020-01-31,-0.023684544048069082,-0.015858187882074604
2020-02-03,0.026541674252078696,0.015109502023094024
2020-02-04,0.03333024865482001,0.022888454932405544
2020-02-05,-0.00673190180537481,0.003297454780350151
2020-02-06,0.007511817995730892,0.008631900247253244
2020-02-07,-0.01231302905571405,-0.0043006192114019015
2020-02-10,0.016536247375871543,0.012085437574832048
2020-02-11,0.009508815403648853,0.00017240079387548235
2020-02-12,0.009096000675960881,0.009741044661420784
2020-02-13,0.005486816297648176,-0.0012806827572025004
2020-02-14,0.0020557073809233024,0.002863451412264073
2020-02-18,-0.0014536869878067871,0.00038380800622817013
2020-02-19,0.02216079522097916,0.009585388366072145
2020-02-20,-0.018655795408582376,-0.009283519350930525
2020-02-21,-0.024524812246313126,-0.019209331337778912
2020-02-24,-0.040676379434486175,-0.038563702486821505
2020-02-25,-0.02465946291998574,-0.027191667002970266
2020-02-26,0.01027088172552035,0.005154133156332952
2020-02-27,-0.050704953426790184,-0.05007395312931906
2020-02-28,0.007687133790860651,0.0007780532090579939
2020-03-02,0.04508579033862796,0.051603496750131095
2020-03-03,-0.027155635417978437,-0.032067322730883974
2020-03-04,0.04977437822735529,0.04172223549558263
2020-03-05,-0.025902677216405108,-0.03038214441487952
2020-03-06,-0.019249213533597275,-0.01687229401317558
2020-03-09,-0.07417116242111954,-0.06946430629348033
2020-03-10,0.045731906459249294,0.05445042345500384
2020-03-11,-0.04138922586481869,-0.043554768484917794
2020-03-12,-0.09764038819254793,-0.09169164038206223
2020-03-13,0.0852034340766672,0.08470563348993543
2020-03-16,-0.120044572919573,-0.11978778584721039
2020-03-17,0.06630843350962146,0.07584149497150428
2020-03-18,-0.03662793882534709,-0.030416063958843442
2020-03-19,0.020161740584622813,0.006002245738201406
2020-03-20,-0.037668397575426754,-0.03917603899009969
2020-03-23,0.01140581367726478,0.0007221126264103095
2020-03-24,0.06124952769404723,0.07743765106442857
2020-03-25,-0.016100637481911484,-0.007405083808093682
2020-03-26,0.05254984559560528,0.05266045768993832
2020-03-27,-0.042686698455182207,-0.03439292814430395
2020-03-30,0.03931731740142682,0.03637361990727905
2020-03-31,-0.002729824580397124,-0.008539867601691009
2020-04-01,-0.03515714797925572,-0.04248964293871693
2020-04-03,-0.014066248624257578,-0.01419237080432878
2020-04-06,0.04905687117503102,0.07149451313153277
2020-04-07,-0.012553951863958747,-0.00040718093699321223
2020-04-08,0.011384455668255035,0.021232409668436647
2020-04-09,0.004397688463238241,0.0014457938625394018
2020-04-13,0.03413128184816135,0.010803563284932372
2020-04-14,0.0436093419270949,0.04349126728511732
2020-04-15,-0.002168930793214659,-0.011470159374884936
2020-04-16,0.040219823649327,0.018240008414616815
2020-04-17,-0.0034526258839581306,0.009566288919077737
2020-04-20,-0.0011552846296329555,-0.0118442412318005
2020-04-21,-0.043198297576750325,-0.03689966504006725
2020-04-22,0.03157509799711622,0.029674534113272255
2020-04-23,-0.006990292403657316,-0.0021331753646667284
2020-04-24,0.013120828856210352,0.01577044678072914
2020-04-27,0.009270249506219599,0.00804339437869328
2020-04-28,-0.03158313215429596,-0.01883450660870567
2020-04-29,0.005640101698223593,0.03546104635065617
2020-04-30,-0.003228524761962213,-0.0004110638353674867
2020-05-01,-0.03711790732342044,-0.028184913945285217
2020-05-04,0.035383382481952254,0.01165747200081646
2020-05-05,0.015509756573422843,0.011336911679354245
2020-05-06,0.006687820638026104,0.006156578281637293
2020-05-07,0.023609828136179685,0.012876709742746018
2020-05-08,0.010234239708119573,0.01370473234825309
2020-05-11,0.019834322456949285,0.008938885975046107
2020-05-12,-0.021675402119751896,-0.02093728579611087
2020-05-13,0.00677676730815606,-0.012515467441754136
2020-05-14,0.008846564858679316,0.01135237914356435
2020-05-15,0.02198063670616529,0.0064914066540191495
2020-05-18,0.0080800641641456,0.018631973225955667
2020-05-19,0.002311257430595674,-0.00250630444185429
2020-05-20,0.0128201326254047,0.019968517182383128
2020-05-21,-0.01791557824254475,-0.01089082355319182
2020-05-22,0.003228392402812348,0.0034515729056698863
2020-05-26,-0.022322629140952066,-0.0026996379183044095
2020-05-27,-0.013910394753272316,0.005457570687962043
2020-05-28,0.004098335472166511,-0.0013025812693197025
2020-05-29,0.04529338909451811,0.014652740713967383
2020-06-01,0.01961052877977819,0.002999664472506991
2020-06-02,0.008284592534925058,0.0067076720410517154
2020-06-03,0.002213374277136014,0.0044984399809542275
2020-06-04,-0.020810163429112828,-0.007013348215425652
2020-06-05,0.01675594335842442,0.01982733877673515
2020-06-08,0.008767084375402785,0.007760074307744391
2020-06-09,0.007744013160412921,0.007244926842916888
2020-06-10,0.030570385430467247,0.012001688871478455
2020-06-11,-0.03989872785354583,-0.0495492426793791
2020-06-12,0.00026776180978016354,0.007948022724279413
2020-06-15,0.034757836155428,0.012167225903266798
2020-06-16,0.007630208400201589,0.01717270202166077
2020-06-17,0.006170337876542297,0.0031706826893020956
2020-06-18,0.002298754042780392,0.0027090734301720154
2020-06-19,0.008922642322586846,-0.0001638816581932545
2020-06-22,0.01008750617794675,0.011992844621054877
2020-06-23,0.0043940933188605785,0.008510976250740931
2020-06-24,-0.020198517026408628,-0.020615572985069885
2020-06-25,0.01948123063204322,0.00951942294117658
2020-06-26,-0.01697046252993093,-0.023615153629943486
2020-06-29,0.004820111212807741,0.010906787222074499
2020-06-30,0.02428133756226245,0.019601472192640967
2020-07-01,0.00857585079636711,0.011672076154975342
2020-07-02,0.025701064431684188,0.006786575260024907
2020-07-06,0.03164693509265433,0.02458482497607406
2020-07-07,0.006433260424804643,-0.0068888363115560125
2020-07-08,0.017861275287676108,0.013171478011738236
2020-07-09,0.01916769318263739,0.008423549367312821
2020-07-10,0.003807120755159659,0.006827466246141611
2020-07-13,-0.045179690850766445,-0.020570505833626962
2020-07-14,0.013699398802103559,0.007078041729805529
2020-07-15,-0.005547812435413259,0.0020356894203923392
2020-07-16,-0.008951022918863393,-0.006822502042542311
2020-07-17,-0.001156311400577059,0.0011576507841211114
2020-07-20,0.041131525070049746,0.028370847647323894
2020-07-21,-0.021837134806783697,-0.010420425924281385
2020-07-22,0.000645672030064663,0.00352278064819167
2020-07-23,-0.02752320003398613,-0.026120002892048744
2020-07-24,-0.01592600487779363,-0.00949580773892389
2020-07-27,0.032600342719459864,0.017842977067984656
2020-07-28,-0.016723668116778088,-0.012724810670850406
2020-07-29,0.02055026588916642,0.011526128307556727
2020-07-30,0.011258685334800417,0.005235475418436941
2020-07-31,0.005207509693722967,0.017845432563032615
2020-08-03,0.02975746467114889,0.013506568196855584
2020-08-04,0.0034608396147686135,0.0037125266548396763
2020-08-05,0.0043436014521297,0.0024777870151841963
2020-08-06,-0.010820517629600623,0.01324504388901282
2020-08-07,-0.020192227313426018,-0.011542334396408838
2020-08-10,-0.02557355551205495,-0.0042730212209699525
2020-08-11,-0.030836783592012196,-0.01894130023260976
2020-08-12,0.02714670332424003,0.02515159755543106
2020-08-13,0.012564740132313448,0.0022806203704595074
2020-08-14,0.0012565866967440414,-0.0011743675012958477
2020-08-17,0.045792232638377,0.01161070219154281
2020-08-18,0.011719199428567148,0.009625067055297531
2020-08-19,-0.0016719270687018456,-0.0067270606822718015
2020-08-20,0.02414503246094274,0.013871696986792026
2020-08-21,0.002804401780073289,0.00693014427624683
2020-08-24,-0.005426868489353413,0.006244130689277538
2020-08-25,0.012347011055163053,0.007862640494742168
2020-08-26,0.023853039666638928,0.021339126835239197
2020-08-27,-0.006693306151490278,-0.003117110310225324
2020-08-28,0.005014822600127856,0.005084998944616892
2020-08-31,0.025367151044595408,0.008033535060208541
2020-09-01,0.07022628997910238,0.01709181092447265
2020-09-02,-0.013372213798634309,0.009469113065170065
2020-09-03,-0.06904215542874831,-0.05070028815684924
2020-09-04,-0.027991010680948718,-0.01332626387565583
2020-09-08,-0.06987235141350101,-0.04806382765750361
2020-09-09,0.038518472670885616,0.029375843559132475
2020-09-10,-0.014030448688184899,-0.019936476191609986
2020-09-11,-0.008890739811786737,-0.00694016023424926
2020-09-14,0.04000602500630352,0.01741585827904446
2020-09-15,0.01302783072043894,0.014173376378995961
2020-09-16,-0.015976133969658166,-0.01594656262845362
2020-09-17,-0.016189460742911044,-0.015622174904663777
2020-09-18,0.010579913683488562,-0.01276265102969587
2020-09-21,0.022399549647284137,0.0023982270473499323
2020-09-22,0.010581943325333529,0.018578742399739223
2020-09-23,-0.03326200793165882,-0.030534306573394066
2020-09-24,-0.010091552817843642,0.004656091408017371
2020-09-25,0.030645530543470682,0.02324883488727192
2020-09-28,0.015509959522433872,0.020769033011327043
2020-09-29,-0.007494198645198275,-0.004509172970511344
2020-09-30,0.014478269967310258,0.006849025739759984
2020-10-01,0.015432244658531036,0.015872009753434835
2020-10-02,-0.03011848342248768,-0.0281304110950491
2020-10-05,0.02100650850216603,0.02132582489357393
2020-10-06,-0.011859743853151083,-0.01784668884069429
2020-10-07,0.020826161877818303,0.017298984277616114
2020-10-08,-0.0021721769317724162,0.005322861834515802
2020-10-09,0.018489387844677362,0.015280165474671703
2020-10-12,0.02302877306993622,0.030870390210359533
2020-10-13,0.011703527818317462,-3.380108978567886e-05
2020-10-14,-0.005885378533355176,-0.008352681367428616
2020-10-15,0.002347099846188585,-0.006710814300554091
2020-10-16,0.0007400879752789238,-0.005480985530502247
2020-10-19,-0.01043866334413314,-0.01632533746361542
2020-10-20,0.007919301969431584,0.002149369048841443
2020-10-21,-0.005392761223448444,-0.0007736286562510797
2020-10-22,0.02548960510409462,-3.5030917556189145e-05
2020-10-23,0.005096558907696965,0.0019703364205596596
2020-10-26,-0.01243483386881678,-0.014995917265431036
2020-10-27,0.009748122431256612,0.007808457959010973
2020-10-28,-0.032170559088551896,-0.03898678126860988
2020-10-29,0.015455272833725648,0.01748615500594397
2020-10-30,-0.03981124873635688,-0.025362873902031402
2020-11-02,0.014507690173152446,0.0022278200682976923
2020-11-03,0.026659398264980663,0.017297387497140937
2020-11-04,0.059082576866690974,0.04463860168246758
2020-11-05,0.038690665964937455,0.026070993542178345
2020-11-06,0.004158654414914658,0.0007472950551605795
2020-11-09,-0.07688089362789931,-0.020434052790874846
2020-11-10,-0.038694286486101376,-0.017914219730542746
2020-11-11,0.038844778825587706,0.02236952941953252
2020-11-12,0.02130167099821512,-0.004693714727826315
2020-11-13,0.012010779551968796,0.008772550762291775
2020-11-16,-0.0002730420027932161,0.007802552633363158
2020-11-17,-0.0026381859658589526,-0.003172051647245877
2020-11-18,0.007214213327745936,-0.007390368989187768
2020-11-19,0.015013637463556544,0.007824390322302754
2020-11-20,0.017391029830684315,-0.006840209280384202
2020-11-23,0.01786411564456836,3.4718142388534545e-05
2020-11-24,0.004793250015311787,0.014049944436627104
2020-11-25,0.016724961108842838,0.006146418275050802
2020-11-27,0.03697256273744094,0.009214558741230228
2020-11-30,0.027191055834121246,0.0020400349214531044
2020-12-01,-0.0184889635477701,0.012815897079148098
2020-12-02,0.011640397952905111,0.0012853681275215578
2020-12-03,0.017898833044554044,0.0014151900521750527
2020-12-04,0.01316349965203521,0.004075152019664019
2020-12-07,0.014260653428657087,0.0056626095665042175
2020-12-08,0.018936256203108435,0.0033846487328510477
2020-12-09,-0.04020999909709341,-0.02264108832881717
2020-12-10,0.0166765746297924,0.004015781654903128
2020-12-11,-0.018416453924080825,-0.002214545224679232
2020-12-14,0.004894189146405393,0.007255386039975553
2020-12-15,0.006914459339259084,0.010689306331278736
2020-12-16,-0.004828504845166661,0.005499684636766311
2020-12-17,0.014081687831189347,0.006537666422804955
2020-12-18,0.00514841679513139,-0.0030226124598127235
2020-12-21,-0.015042157043600521,-0.001870601330758559
2020-12-22,-0.01539417317251557,0.0027190330788544603
2020-12-23,-0.007861964919916154,-0.005036012489270325
2020-12-24,0.006680690735769959,0.004412552484834853
2020-12-28,-0.017596872559714503,0.010078735678015205
2020-12-29,0.02112634328282797,0.0008955127509489014
2020-12-30,0.017370574710004028,3.195398304889352e-05
2020-12-31,-0.005291150656774155,0.0024605790379124137
2021-01-04,-0.01548415849340691,-0.014120217304122273
2021-01-05,0.024747160461815854,0.008244012019425151
2021-01-06,-0.020666081058566415,-0.013852409101254182
2021-01-07,0.03751497367103049,0.024192135781744062
2021-01-08,0.03396645999010516,0.01285816906773074
2021-01-11,-0.02087959685187506,-0.014450410371466882
2021-01-12,0.016566200467742948,-0.0015900804901984866
2021-01-13,9.83192795702177e-05,0.00675332772743209
2021-01-14,0.0186817345388412,-0.005347296132282686
2021-01-15,-0.01587825425705332,-0.007921358245532528
2021-01-19,0.011860972983148506,0.014589943097749636
2021-01-20,0.008778686848510412,0.02326080649667439
2021-01-21,0.0007051471214314303,0.007999859356794259
2021-01-22,-0.005930384646328035,-0.0028802498843939484
2021-01-25,0.017108864661851044,0.008266212654237215
2021-01-26,-0.02115607213264011,0.0014628745854603498
2021-01-27,-0.03963740521162565,-0.027876709641174946
2021-01-28,0.023688015829982798,0.005916780531055155
2021-01-29,-0.015190460212351983,-0.02103820144179913
2021-02-01,0.026211198069918496,0.024987278422104353
2021-02-02,0.022609104153168656,0.016314155489859594
2021-02-03,-0.005287898525379886,-0.0039674111816695445
2021-02-04,0.03406821175559262,0.011826696842999196
2021-02-05,0.007085581088188391,0.00339139060632232
2021-02-08,-0.0012901594846930406,0.0066997813685623075
2021-02-09,0.008070156797130275,-0.00020956858285070545
2021-02-10,0.0004803874241950375,-0.002278958515298468
2021-02-11,0.01901118550792061,0.005499609965453622
2021-02-12,0.015330643909788217,0.005589086355820561
2021-02-16,0.000417929790236748,-0.002704796906560336
2021-02-17,-0.020388701660954998,-0.004798388578189372
2021-02-18,-0.015378069806493458,-0.004371937106034562
2021-02-19,0.030454903485045256,-0.004361339776640882
2021-02-22,-0.054133479276344404,-0.025919758892680167
2021-02-23,-0.011513195028287335,-0.0029772949441383423
2021-02-24,0.00666144690702314,0.008243191160099972
2021-02-25,-0.049572695397812575,-0.03486288164324702
2021-02-26,0.013572897017410188,0.004187812309126349
2021-03-01,0.04081885305377945,0.030081982434266186
2021-03-02,-0.03563769234394657,-0.016038839887990375
2021-03-03,-0.04697988662147311,-0.02901993985657192
2021-03-04,-0.04496867188215307,-0.016367042295698853
2021-03-05,0.01695376852431093,0.015060901304561058
2021-03-08,-0.0673597611381393,-0.028314196667546865
2021-03-09,0.05741877899985253,0.03944111569684705
2021-03-10,-0.02689970173105956,-0.002854759783896821
2021-03-11,0.0559240074917754,0.023031627506773233
2021-03-12,-0.016756281457954682,-0.008112445431039172
2021-03-15,0.017963723352976125,0.010683055626057092
2021-03-16,0.01594093909684042,0.005488697457437075
2021-03-17,-0.002239100679527835,0.004117668639895822
2021-03-18,-0.04795611487915292,-0.030630629222435646
2021-03-19,0.004233453633327741,0.0035252005632420147
2021-03-22,0.009946826224179993,0.01875313518857813
2021-03-23,-0.03098673788028381,-0.004362462749906926
2021-03-24,-0.027201723732231137,-0.016865319817315094
2021-03-25,-0.005194160392522908,-0.0017315771431011262
2021-03-26,0.03986653569049063,0.015000380328559437
2021-03-29,-0.02476798646359216,-0.00028485744157269455
2021-03-30,0.010537042874915708,-0.005033053773363605
2021-03-31,0.03546378879284718,0.015302742902628008
2021-04-01,0.036001044296139546,0.017046445427479018
2021-04-06,0.0012076317232505847,-0.0006946638394359494
2021-04-07,-0.012327759009269475,0.0024182030086694617
2021-04-08,0.015231865226097097,0.010433680014555025
2021-04-09,4.274768157200268e-05,0.006058303650607444
2021-04-12,-0.012714566317877173,-0.0013051907535960305
2021-04-13,0.012579260413931292,0.011672883497485964
2021-04-14,-0.004121740388941367,-0.012008118835016734
2021-04-15,0.003055738690379014,0.015155505893491572
2021-04-16,0.006381703546176643,0.0011711411620445311
2021-04-19,-0.026154421574167537,-0.009151820377215847
2021-04-20,-0.020835253346031615,-0.007288650273428621
2021-04-21,0.039551503067546546,0.008560817327217585
2021-04-22,-0.020609890064979913,-0.01205448079902205
2021-04-23,0.021636608076707534,0.01258938406466581
2021-04-26,0.009229262478104155,0.006511059102916716
2021-04-27,-0.0008928324552861496,-0.004331994019053376
2021-04-28,-0.011356844087786987,-0.0033808589551627133
2021-04-29,-0.0034387107269636084,0.003598748984687372
2021-04-30,-0.009838189297713544,-0.006554738617300271
2021-05-03,-0.005289021421571665,-0.0053253724708127725
2021-05-04,-0.02105348468011021,-0.01799578755802156
2021-05-05,-0.0055692500914167374,-0.0033623564864664335
2021-05-06,0.0017796164186805604,0.007537393679956095
2021-05-07,0.014876867378870577,0.008114260951471719
2021-05-10,-0.031764402442880514,-0.025254018953553836
2021-05-11,-0.0038988730438829842,-0.0013815180288633266
2021-05-12,-0.03831957171205009,-0.02588303558886018
2021-05-13,0.012724149957362837,0.007731297925399616
2021-05-14,0.017734263208285653,0.022076979682545517
2021-05-17,-0.00589718062506272,-0.006066503964306191
2021-05-18,-0.0032011520152826632,-0.006750741775123248
2021-05-19,0.004477706426042574,0.0011483339215851984
2021-05-20,0.025067975475785716,0.01934360381158906
2021-05-21,-0.009865533498476943,-0.0055347494238118244
2021-05-24,0.017015351376891065,0.016818637991041552
2021-05-25,0.00467884631759166,0.0013834164208110789
2021-05-26,0.003149873160977054,0.003484136177212882
2021-05-27,0.0015363735230891423,-0.0037412521054589476
2021-05-28,0.004541546857951389,0.0031542797663393074
2021-06-01,0.0033519073628924673,-0.003323913071490381
2021-06-02,-0.005176359240652945,0.001952870830532527
2021-06-03,-0.011940814635535991,-0.010405465518350532
2021-06-04,0.01869665389627458,0.016969574914518226
2021-06-07,0.005716302996490507,0.002979349044755386
2021-06-08,-0.0074568475396608914,0.000475690383225702
2021-06-09,0.0017082215711445672,0.0002374523101842385
2021-06-10,0.011441213455281542,0.010420525555076221
2021-06-11,-0.0009814564408403257,0.0026147847598883
2021-06-14,0.0028293970514783624,0.009582789029259686
2021-06-15,-0.010044914129946942,-0.00653091566287467
2021-06-16,-0.006333615047615735,-0.003652382996143344
2021-06-17,0.004115568994700855,0.01269771184220847
2021-06-18,-0.01581704169238845,-0.007847238460172101
2021-06-21,0.008238949386783422,0.006214839972316533
2021-06-22,0.010801352599133566,0.009321710567550934
2021-06-23,-0.004566556785990251,0.0004889354988744099
2021-06-24,0.007896736843099881,0.006182909098651157
2021-06-25,-0.0030067312166555268,-0.0012289831287612962
2021-06-28,0.012480084698632168,0.012161589081510105
2021-06-29,0.011482781925602049,0.0036187495947854753
2021-06-30,-0.004348207690767017,-0.001577544100271444
2021-07-01,-0.001591738546210633,0.00039494278507601344
2021-07-02,0.008447374827377674,0.011478901508639616
2021-07-06,-0.0010706475361143054,0.0043218886849494265
2021-07-07,-0.004169377044937335,0.0021100998854934883
2021-07-08,-0.0014497228221831923,-0.006039802622601731
2021-07-09,0.0013785713058853644,0.006243692169292103
2021-07-12,0.007616778422973384,0.0039057713755084045
2021-07-13,-0.0025420773074384686,0.0
2021-07-14,0.004573832232436417,0.0017931999668989729
2021-07-15,-0.008786125866091139,-0.007023525288665677
2021-07-16,0.006366674709064723,-0.008099138502273284
2021-07-19,0.0036454552096996163,-0.008193430797811208
2021-07-20,0.009759683504805073,0.011616301174685706
2021-07-21,0.01756975207193336,0.0077203278533717334
2021-07-22,0.0075620802743775264,0.0066102588468524015
2021-07-23,0.028287725525332298,0.011677484419849504
2021-07-26,-0.0026827008956793537,0.0007874395468465689
2021-07-27,-0.01277692568176163,-0.011017693148042684
2021-07-28,0.012643830086726987,0.003841398715390243
2021-07-29,-0.003973457077756882,0.001776828611331327
2021-07-30,-0.0004886029245912058,-0.005211460487833053
2021-08-02,-0.0016785518367107893,8.209229686850783e-05
2021-08-03,0.020531571416435933,0.006061338734574484
2021-08-04,0.015297587268700383,0.001444947665013352
2021-08-05,0.005458912289089618,0.0063429598201780735
2021-08-06,-0.006696054385116657,-0.00438209543543111
2021-08-09,0.01746929115153964,0.0018475971051812312
2021-08-10,-0.01265264171400516,-0.005125887903447368
2021-08-11,-0.018235486816051978,-0.0017172901382257466
2021-08-12,0.00433548489796623,0.003604537586579859
2021-08-13,0.003937113596165947,0.0035097336254041878
2021-08-16,-0.003075796637885863,0.0004338862711017466
2021-08-17,0.005221700123238268,-0.00880821191742176
2021-08-18,-0.00862406337374088,-0.009624345912721877
2021-08-19,0.008410586719292727,0.00483117812669831
2021-08-20,0.012818291668718975,0.010358468965277146
2021-08-23,0.021710192040199378,0.014956500255549843
2021-08-24,-0.0045407633459048575,0.003054271163332789
2021-08-25,0.004031437429694563,0.0011489555364851967
2021-08-26,-0.003751521779994164,-0.006350213163666352
2021-08-27,0.00642996599685003,0.009720425520695297
2021-08-30,0.0041285161469878685,0.011222201968267509
2021-08-31,-0.001305501855342499,-0.0008155131809536309
2021-09-01,0.011183929403405346,0.0016581186009745341
2021-09-02,0.004692175566509129,-0.0004729050623097919
2021-09-03,0.010140147428074935,0.0030756258916007084
2021-09-07,-0.0015508328208320152,0.0014151987395170096
2021-09-08,-0.0017597926060165083,-0.00348041147869127
2021-09-09,0.0038933311811909987,-0.003440333431731335
2021-09-10,-0.00508413216671841,-0.007589604480614631
2021-09-13,-0.014014474864589198,-0.0006902575470365546
2021-09-14,0.011194988166610301,-0.0028435480069946006
2021-09-15,0.010899584153550206,0.007434823034424776
2021-09-16,0.007004357323573134,0.0006877579092159358
2021-09-17,-0.015333458193882722,-0.011842070347224953
2021-09-20,-0.01942694393020025,-0.020663236276958652
2021-09-21,0.006032112811361057,0.001230504726303483
2021-09-22,0.0157147385493763,0.009340513753075985
2021-09-23,0.01361550552772934,0.009226772767996438
2021-09-24,-0.010020487491297582,0.0009383883245637215
2021-09-27,-0.030848854064358926,-0.007981959276252448
2021-09-28,-0.04128039134476444,-0.028297743907423012
2021-09-29,0.0018522370851950306,-0.0016395906500578095
2021-09-30,-0.0008457068675012082,-0.003673920978688905
2021-10-01,-0.014986617205707658,0.0062018663552252384
2021-10-04,-0.03319660206758052,-0.020989559901432697
2021-10-05,0.019210794318856007,0.013499095231806812
2021-10-06,0.006145415581201443,0.006407730418134694
2021-10-07,0.010722844455475635,0.009174928205703203
2021-10-08,-0.011869806461018838,-0.004986666107220761
2021-10-11,-0.008821302848128394,-0.007669588774234071
2021-10-12,0.0046860911483813505,-0.003487533506063234
2021-10-13,0.015885936303696245,0.008007738980507773
2021-10-14,0.017742039091487926,0.018416862717140825
2021-10-15,-0.002235385689863203,0.006300595366303785
2021-10-18,0.020939424223396622,0.010055631324265457
2021-10-19,0.0031002606135524646,0.007567488566903924
2021-10-20,0.0007771648868796668,-0.0013050645300453079
2021-10-21,0.014518214709671776,0.006107145943230252
2021-10-22,0.004502029537973358,-0.008402700339930513
2021-10-25,0.016545536251209476,0.010237925532810443
2021-10-26,0.008316871283137886,0.003148764987623842
2021-10-27,-0.008117017669121278,0.002321160424818114
2021-10-28,0.011700213589476663,0.01110524600949292
2021-10-29,0.026294200382382032,0.004919008691537385
2021-11-01,0.0021668217242758227,0.003418870982887512
2021-11-02,0.01203299002070697,0.004181197407453707
2021-11-03,0.002524331456599097,0.01061566935462177
2021-11-04,0.008384641176976432,0.01281859080621528
2021-11-05,-0.027766130031607314,0.0009541408809274898
2021-11-08,0.014682277524959118,-0.0013546498665240048
2021-11-09,-0.014005830637184889,-0.0068834396194623615
2021-11-10,-0.026195758304487476,-0.01469692608683959
2021-11-11,0.01320784786288711,0.002772928774982697
2021-11-12,0.008718458248929584,0.010522545015618556
2021-11-15,-0.004014413663994123,-0.0002283365862298936
2021-11-16,0.02447081470536746,0.00712094795619489
2021-11-17,-0.004754648573296903,0.0005286922589990972
2021-11-18,0.013303137592234953,0.010361227150476937
2021-11-19,0.013882239186420352,0.005575638977025177
2021-11-22,-0.027298357475368414,-0.011609308669570217
2021-11-23,-0.01683534247273712,-0.004557914901865856
2021-11-24,0.017041296121645906,0.003220396601995912
2021-11-26,-0.022267296584137796,-0.01895874263261277
2021-11-29,0.040153734565964376,0.0217025332932812
2021-11-30,-0.03371434274717513,-0.014686453496791207
2021-12-01,-0.03638462950875688,-0.01701296326562829
2021-12-02,0.010764628573387709,0.007207240024122541
2021-12-03,-0.031083411019372047,-0.01738875000652995
2021-12-06,-0.015833784948778885,0.008012940054100026
2021-12-07,0.047496139937471586,0.030113860608468324
2021-12-08,0.00045166362120427773,0.0044743256196515535
2021-12-09,-0.031106961046409788,-0.01471433307894432
2021-12-10,0.012781258090352778,0.01087040177134213
2021-12-13,-0.020986485912514247,-0.014446897606862463
2021-12-14,-0.018071196932042486,-0.010350407327297861
2021-12-15,0.038136532593975106,0.022797683534881763
2021-12-16,-0.04295791792818988,-0.025714673794443144
2021-12-17,-0.0031800926226290814,-0.004989057981962142
2021-12-20,-0.008315666276968921,-0.00970045901551797
2021-12-21,0.03621010956881265,0.022380448468892755
2021-12-22,0.01793280071697643,0.012178487660408965
2021-12-23,0.01169326809016987,0.007539188287612575
2021-12-27,0.02954575317669972,0.016527153797109673
2021-12-28,-0.010506407280096965,-0.004634788199595952
2021-12-29,-0.0028856898047334113,-0.00014931054918776443
2021-12-30,-0.009342133589922481,-0.0029883716009143635
2021-12-31,-0.0038136198080197235,-0.006244656351984679
2022-01-03,0.013937888934446654,0.00962683411768639
2022-01-04,-0.02351614832614223,-0.012970455613062648
2022-01-05,-0.04579218474917061,-0.03072114383841662
2022-01-06,0.007989204577048242,-0.0007025870792223277
2022-01-07,-0.012092673014481423,-0.010832843396050396
2022-01-10,0.00018907104757325156,0.0006580510615326052
2022-01-11,0.025084042150386482,0.015022136468274327
2022-01-12,0.004468400290593912,0.003965511423294821
2022-01-13,-0.05428570859200082,-0.025016001870615145
2022-01-14,0.020940397763449952,0.006222475178923048
2022-01-18,-0.044232495245644265,-0.0248942732547367
2022-01-19,-0.011681682455712349,-0.010983641726098559
2022-01-20,-0.022895830289405814,-0.012988398213980012
2022-01-21,-0.028900305315063886,-0.027728683705806723
2022-01-24,0.006864421619921983,0.004578161477413412
2022-01-25,-0.037871874348424345,-0.023181572240153603
2022-01-26,-0.005476617138067811,-0.0015647929476491074
2022-01-27,-0.03229453161567025,-0.01007042567582972
2022-01-28,0.01667764830292141,0.03136888251922909
2022-01-31,0.026521551444933004,0.03197839722097462
2022-02-01,0.006021159377874331,0.006803394895863457
2022-02-02,0.008545312561862192,0.008125499447348972
2022-02-03,-0.03454700848270584,-0.04054371058814221
2022-02-04,0.011587468154075345,0.01261492964224753
2022-02-07,-0.0014095572543227734,-0.008044530382847581
2022-02-08,0.018189092396817128,0.011235304495972542
2022-02-09,0.023883797230237397,0.021190680304709497
2022-02-10,-0.030580118227572464,-0.02263253165711754
2022-02-11,-0.035309610538536894,-0.03172165248839587
2022-02-14,0.010573854265300005,0.001239119827242785
2022-02-15,0.03200931801080358,0.024864037530541117
2022-02-16,0.0033564775281763573,-0.00025256761698233543
2022-02-17,-0.02740315171202791,-0.029743877973220867
2022-02-18,-0.01599508817568744,-0.011405719738105558
2022-02-22,-0.013268954817108651,-0.010043724388259956
2022-02-23,-0.029672560524445595,-0.025614884704691754
2022-02-24,0.011212526523379522,0.03360435597137634
2022-02-25,0.02498465335518854,0.015507016105118954
2022-02-28,0.011234122405803593,0.0029788818987510624
2022-03-01,-0.03311968082323603,-0.01531132163332316
2022-03-02,0.020634842970357913,0.016779407059675844
2022-03-03,-0.02244230577850663,-0.014284906931284591
2022-03-04,-0.012102068671674506,-0.014492014139781628
2022-03-07,-0.018878844890273028,-0.03688101196291882
2022-03-08,-0.00038796130591571494,-0.004647983147568757
2022-03-09,0.013066862817718813,0.03599780869437286
2022-03-10,-0.007631156928083248,-0.011104519388695056
2022-03-11,-0.009287613776883282,-0.02073850986900938
2022-03-14,-0.011051511686712583,-0.019204772699031647
2022-03-15,0.01616730235914835,0.031366903644174604
2022-03-16,0.013369512917519583,0.037086790140836046
2022-03-17,-0.0029008729737776046,0.01210625340319682
2022-03-18,0.006361443380532981,0.02046783413186537
2022-03-21,-0.000853655416947505,-0.002780015904376376
2022-03-22,0.009742550282808642,0.01965258018353966
2022-03-23,-0.012331490622331133,-0.014371329112167208
2022-03-24,0.025077834694855125,0.022226557828728177
2022-03-25,0.001448493585900867,-0.0008338397442404499
2022-03-28,0.016566900355282823,0.015472224160058223
2022-03-29,0.009110091791470322,0.017209741302231407
2022-03-30,-0.009484939503856746,-0.01104556347565333
2022-03-31,-0.000786540972821864,-0.01239476599963829
2022-04-01,-0.0028340199118569854,-0.0019033879719607683
2022-04-05,-0.01833986702219285,-0.02220393588334091
2022-04-06,-0.001795072747380694,-0.021711452660350905
2022-04-07,0.007533753472352308,0.0023781160234990217
2022-04-08,-0.0017325948301321387,-0.01397946498221836
2022-04-11,-0.013601946942383153,-0.02365733754369803
2022-04-12,0.001054151335139479,-0.004224417333920205
2022-04-13,0.014357243471646318,0.02032703670935221
2022-04-14,-0.006631867705729964,-0.02286703117482447
2022-04-18,-0.0029061341238868746,0.0007683607887543076
2022-04-19,0.011485438768039063,0.02235090903184278
2022-04-20,0.007900000819681948,-0.014584594530036799
2022-04-21,-0.01192733321986137,-0.020691044479960508
2022-04-22,-0.026095914063949146,-0.026185729663206425
2022-04-25,0.007594008535407972,0.01284551197659578
2022-04-26,-0.018658383834925782,-0.03774486623346496
2022-04-27,0.003917304553498806,-0.0011982247310549088
2022-04-28,0.006845893166618826,0.035515704749486066
2022-04-29,-0.03472652524840038,-0.04499860915105225
2022-05-02,-0.0029396951678309765,0.016695980619063633
2022-05-03,0.003945985097683294,0.0010676522280395062
2022-05-04,0.024571806276244532,0.033812048701178155
2022-05-05,-0.031912131452360555,-0.05036399215587939
2022-05-06,-0.009758403807709362,-0.011980849256251425
2022-05-09,-0.020489202671598986,-0.03912668086329629
2022-05-10,0.00024070043512699552,0.012148535539105554
2022-05-11,-0.007029349220638136,-0.029658113502239014
2022-05-12,0.0007999536652883908,-0.0023643880214051505
2022-05-13,0.016658653174039927,0.037060226988830935
2022-05-16,0.0026172800195314976,-0.011592024988270944
2022-05-17,0.008260632083893828,0.02590138378260165
2022-05-18,-0.0426016780131183,-0.04909037300454688
2022-05-19,-0.0021647151337385296,-0.005358243919219352
2022-05-20,-0.003148075607735092,-0.003107677853299462
2022-05-23,0.0122621847840218,0.01662706886855103
2022-05-24,0.002821622478564212,-0.021262298673574653
2022-05-25,0.01084174584506966,0.013995750922623174
2022-05-26,0.018075650518478478,0.027706779424548467
2022-05-27,0.015672130661989154,0.03263959355347179
2022-05-31,-0.010882241023210547,-0.0026527441420589604
2022-06-01,-0.004528469016036821,-0.007395870131355453
2022-06-02,0.00795455780565048,0.027385692053337074
2022-06-03,-0.007271067065018676,-0.0260195677951659
2022-06-06,0.007747997836386099,0.0033313076462049285
2022-06-07,0.006254368930760172,0.008625540088269767
2022-06-08,-0.005137838249318118,-0.007196319435519571
2022-06-09,-0.026501055988854126,-0.026784806180662035
2022-06-10,-0.016129777500032808,-0.035270526352824905
2022-06-13,-0.03959252523027364,-0.04649619278312167
2022-06-14,0.008326956121699064,0.0018154929785276774
2022-06-15,0.006344040019361294,0.024971830191282907
2022-06-16,-0.024543414095055574,-0.04034652305319808
2022-06-17,0.007439323691189226,0.01215967385311334
2022-06-21,0.01872589426290845,0.025229648025511642
2022-06-22,-0.004646521427772378,-0.0014586810446607368
2022-06-23,0.014686467523826805,0.014893011812434853
2022-06-24,0.019770197781800492,0.034263527685138184
2022-06-27,0.00041782522308870184,-0.007331740086081062
2022-06-28,-0.01636315108851448,-0.030466655849458624
2022-06-29,0.0036718298596178575,0.0009168870951414831
2022-06-30,-0.004030367045888884,-0.01240307878918201
2022-07-01,0.01681111752090006,0.006600499161496742
2022-07-05,0.001967988464616028,0.017119892993204378
2022-07-06,-0.004195333306701809,0.006411841206038549
2022-07-07,0.006237766946499613,0.021399038431415773
2022-07-08,0.001293723562815086,0.0012542506394468411
2022-07-11,-0.013647934235851098,-0.021364422403220007
2022-07-12,-0.014960067168576929,-0.009687249990609437
2022-07-13,-0.0003909542143110623,-0.0020614931841785866
2022-07-14,-0.0010995204539017312,0.0035712144258801537
2022-07-15,0.008872708808650789,0.018139153069421043
2022-07-18,-0.014694601195421798,-0.00846274040491446
2022-07-19,0.015426345818633783,0.030753251065362086
2022-07-20,0.0005012936035767217,0.015856569230043638
2022-07-21,0.0067400161859549725,0.014355186179453971
2022-07-22,-0.007252590095833971,-0.01753543361751142
2022-07-25,0.0011836133114686343,-0.00569550421808851
2022-07-26,-0.009294656668758523,-0.01964910990150348
2022-07-27,0.01623493018097589,0.04225989651416229
2022-07-28,0.026089777897826807,0.009777982775887928
2022-07-29,0.006709178232932065,0.018236533568248392
2022-08-01,-0.001499204274457975,-0.000601889414539647
2022-08-02,-0.005168006099238393,-0.0029815724375644725
2022-08-03,0.0158192968777097,0.02723250459838522
2022-08-04,0.0033338847259124795,0.004676582814241659
2022-08-05,0.004588154808001992,-0.008168741606600971
2022-08-08,-0.000697974473669033,-0.0032325836049696965
2022-08-09,-0.0019039931739686568,-0.011318632946732965
2022-08-10,0.008217434917977719,0.02791097329226333
2022-08-11,-0.003311670882361538,-0.005676220169572477
2022-08-12,0.015578696271426593,0.01947064212773597
2022-08-15,0.010133465749340593,0.008081453817498474
2022-08-16,-0.004158014810497759,-0.002341875184356801
2022-08-17,-0.009297939390741014,-0.01140608369531515
2022-08-18,0.0004544331859416592,0.002404847494812179
2022-08-19,-0.0059258633282878795,-0.01949714012194448
2022-08-22,-0.015884953325540737,-0.02632719951290452
2022-08-23,-0.0065721007048279555,-0.0008268959930179953
2022-08-24,0.0022457121035214765,0.0028972263842377277
2022-08-25,0.009930247417212965,0.017681756120634606
2022-08-26,-0.030453547550322584,-0.04098803691226838
2022-08-29,-0.0016366310733153015,-0.009855566495924672
2022-08-30,-0.011109985549494454,-0.01113647101506443
2022-08-31,-0.0004211627077232437,-0.005813456973453701
2022-09-01,0.004316402132399315,0.0004342950929867584
2022-09-02,-0.014376507322363044,-0.014128157510449935
2022-09-06,-0.003586694239629535,-0.007182328383752545
2022-09-07,0.019231172957593735,0.02020134810503582
2022-09-08,0.006050880053149478,0.0051843171302334845
2022-09-09,0.008591182182972766,0.02186217022345227
2022-09-12,0.004708005775955344,0.011885552387325582
2022-09-13,-0.040016249069267644,-0.05483643255062176
2022-09-14,0.008710142454426402,0.00793316692197732
2022-09-15,-0.013804840609883127,-0.016654013024328673
2022-09-16,-0.0025388116691979963,-0.006114346019191141
2022-09-19,0.008274334042464639,0.007787243568536439
2022-09-20,-0.009669063246730319,-0.007971029689774367
2022-09-21,-0.01792890918370745,-0.017906134037898314
2022-09-22,-0.005164103438395046,-0.012307730831180974
2022-09-23,-0.011235975442826293,-0.01628173429280655
2022-09-26,-0.0060613108917378054,-0.004137747684427984
2022-09-27,-0.0029424332679076496,0.00040067031121537866
2022-09-28,0.04047888911068201,0.019892177759200713
2022-09-29,-0.014827513220033188,-0.02882772017771318
2022-09-30,-0.009139003336809375,-0.016956328302227375
2022-10-03,0.028245839029712484,0.023460345973538743
2022-10-04,0.026640057060035666,0.03144082102517021
2022-10-05,0.002034664316960381,-0.0005317119779023605
2022-10-06,-0.006397599842686124,-0.007873015690700425
2022-10-07,-0.028806580902916462,-0.03810420922706459
2022-10-10,-0.005344584172064162,-0.009996169429268065
2022-10-11,-0.009380715226091567,-0.01373816971458619
2022-10-12,-0.0013702265987008823,-0.00034241590838945957
2022-10-13,0.018625341570867638,0.02345220108702417
2022-10-14,-0.02113652882718649,-0.030057043426683472
2022-10-17,0.025516114142365636,0.03302129442499524
2022-10-18,0.008435969769677943,0.007907698426646181
2022-10-19,-0.007842583864162509,-0.003646485881051875
2022-10-20,-0.00756580841086195,-0.005102096032925885
2022-10-21,0.023644597166597194,0.023447892460085162
2022-10-24,0.0027853651573989096,0.011001303489661662
2022-10-25,0.004771306895085179,0.020685928931389652
2022-10-26,0.010636907649501273,-0.02209636973966722
2022-10-27,-0.002711277945898741,-0.018205962004354537
2022-10-28,0.04466273481422853,0.030600306845335323
2022-10-31,-0.0025885074474465753,-0.011627550292125588
2022-11-01,-0.0033965066617807444,-0.01021759531895805
2022-11-02,-0.03430558041248607,-0.034277232120722534
2022-11-03,-0.001962784043008519,-0.019534723924309327
2022-11-04,0.018837576744665588,0.016085107385183317
2022-11-07,0.0074507225806613505,0.010994244908538953
2022-11-08,0.007117023013007137,0.00728726506902988
2022-11-09,-0.017323641264104093,-0.023076460923797892
2022-11-10,0.044594501737619495,0.07378861580928664
2022-11-11,0.0008013018697053544,0.018426484001064836
2022-11-14,-0.0005289342947068619,-0.008751411190874747
2022-11-15,0.021957193002045985,0.013838110817916638
2022-11-16,-0.013038880024915532,-0.013649231243391236
2022-11-17,-0.00841063833795543,-0.002206923157658802
2022-11-18,0.009634404090534399,3.4880641506473964e-05
2022-11-21,-6.299827853745488e-05,-0.010286915524985063
2022-11-22,0.008714269850780042,0.014402801857019032
2022-11-23,0.0007171409309811153,0.010036504796679502
2022-11-25,-0.0019887301106751537,-0.006578438743801818
2022-11-28,-0.003110539823605776,-0.014673251836734291
2022-11-29,-0.0012375507138302766,-0.0075694761831271995
2022-11-30,0.03023568330449304,0.04558577819887244
2022-12-01,0.006771914715697788,0.0012269613015682967
2022-12-02,0.006259125684813714,-0.003983214685813974
2022-12-05,-0.01674853481750291,-0.0167835674009289
2022-12-06,-0.01618124301777198,-0.020720317398278176
2022-12-07,0.0065957897740644865,-0.004082492303729257
2022-12-08,0.013691776954904512,0.011834540236781876
2022-12-09,-0.018644532280591583,-0.006376331716704264
2022-12-12,0.001863928551496681,0.012551279314907404
2022-12-13,0.00911871535882934,0.010749931462766593
2022-12-14,0.0020487661537614875,-0.007413707331614505
2022-12-15,-0.033581208508012626,-0.033576407808600384
2022-12-16,-0.006411550270435625,-0.009534755660568717
2022-12-19,-0.002858499154220144,-0.014053559572314689
2022-12-20,0.003557270857758044,-0.0007783364929019321
2022-12-21,0.016526945480036175,0.014506224280653512
2022-12-22,-0.01980919564559861,-0.024465456508708128
2022-12-23,-0.003012010877777585,0.00224914393473008
2022-12-27,-0.014489065125049974,-0.014138203909274005
2022-12-28,-0.012178472610794622,-0.013202584010577056
2022-12-29,0.016677481035840925,0.02437515005357138
2022-12-30,-0.0024042287483078493,-0.0006005075279740257
2023-01-03,-0.004524856976475888,-0.006759593971668698
2023-01-04,0.01276462901664187,0.004764129372595294
2023-01-05,-0.005026580111265902,-0.015654552788023524
2023-01-06,0.02262697456501178,0.02760151018189827
2023-01-09,-0.008514321986965908,0.006473268799056964
2023-01-10,0.012330362048171362,0.008464466786479274
2023-01-11,0.0002626479794048249,0.017300292572365095
2023-01-12,0.009801940822453899,0.005404152328613243
2023-01-13,0.013303380532333152,0.006880454332654384
2023-01-17,-0.00575763208145979,0.0020286904845492337
2023-01-18,-0.015919206147046366,-0.012999839331052199
2023-01-19,-0.012689219472573062,-0.009824127215683376
2023-01-20,0.017403427189137538,0.027366538865069456
2023-01-23,0.012675268667397042,0.022215991856513906
2023-01-24,0.004005475446620462,-0.002041620502002739
2023-01-25,0.0037575123720130347,-0.002219467534644637
2023-01-26,0.015161859335921101,0.01949747094242693
2023-01-27,-0.0036306530787035335,0.00995442879886399
2023-01-30,-0.02014840657576742,-0.020219135716051273
2023-01-31,0.01043132779032503,0.014986446160480504
2023-02-01,0.015928642325464107,0.02138334298731981
2023-02-02,0.0020099491747454165,0.03589007124782295
2023-02-03,-0.013143397450718023,-0.017772295276103023
2023-02-06,-0.0009705059583507049,-0.008459172748977006
2023-02-07,0.009743930940292796,0.02071859049850522
2023-02-08,-0.013347891523934237,-0.017781077810788082
2023-02-09,-0.008071598817770214,-0.008837948354779912
2023-02-10,-0.003979459962063232,-0.006563085327729978
2023-02-13,0.014549037141961232,0.016016039571075558
2023-02-14,0.00737794569278058,0.0073893422430424405
2023-02-15,0.004945298916198302,0.007660655971646335
2023-02-16,-0.017945800572776054,-0.01876411230847086
2023-02-17,-0.010250393168897235,-0.007055659928684399
2023-02-21,-0.02610707648161407,-0.023675326781405825
2023-02-22,-0.004747907424589184,0.0007482986296900584
2023-02-23,0.011691834507232806,0.008734145914495839
2023-02-24,-0.012245977524436564,-0.016744084980219176
2023-02-27,0.008183543127340862,0.007161296785203275
2023-02-28,0.001964064189015558,-0.0012928535175402711
2023-03-01,-0.0012430406617363551,-0.008039254906069493
2023-03-02,0.01706990063234776,0.008275857359938632
2023-03-03,0.015584271961496544,0.02067378246309204
2023-03-06,-0.007983093389180596,0.0011346675724652755
2023-03-07,-0.009209088901391124,-0.012265787658246041
2023-03-08,0.0054581090311283725,0.004994080825354796
2023-03-09,-0.026983076556726854,-0.01732586921434809
2023-03-10,-0.017957385145247483,-0.014043570940250771
2023-03-13,0.0028902745186310625,0.007416221088662134
2023-03-14,0.024263157517688858,0.022979964258495134
2023-03-15,-0.01343908537169253,0.005246016253843022
2023-03-16,0.024120897397335497,0.026360711866742603
2023-03-17,-0.010765431035259123,-0.004726243623611404
2023-03-20,0.0020449305727958506,0.0035488484784849117
2023-03-21,0.009355636193298112,0.01428276986847643
2023-03-22,-0.018543365012826295,-0.013598366508792314
2023-03-23,0.012845937386643653,0.011858392803473006
2023-03-24,-0.0056776498927387535,0.0036805135574229375
2023-03-27,-0.00377252757181556,-0.006851411076183478
2023-03-28,-0.006581896967092629,-0.005311720888663163
2023-03-29,0.01579176911286836,0.018233922448712914
2023-03-30,0.014606858501582807,0.009465340158770985
2023-03-31,0.018577442854269547,0.016630784151687283
2023-04-04,-0.009351853791768056,-0.00337337144912353
2023-04-05,-0.02172042586295037,-0.009872432630865013
2023-04-06,-0.004191569944552399,0.006742129289423859
2023-04-10,0.012967695152047721,-0.0005658758157141008
2023-04-11,7.117654136863159e-05,-0.006417866271715034
2023-04-12,-0.013447040558620203,-0.008833710731110611
2023-04-13,0.016421433931982705,0.01958218023184366
2023-04-14,-0.0009824404320942176,-0.0018800222368221542
2023-04-17,-0.006035005307305655,0.0008477203663990185
2023-04-18,0.0029177068929308035,6.2751724407617e-05
2023-04-19,-0.004031670324596406,-0.0004707543266544434
2023-04-20,0.0008681797863783119,-0.007624283559695133
2023-04-21,-0.0014897438131385643,0.0010433428634730735
2023-04-24,-0.0006878492177974561,-0.0020845108674086843
2023-04-25,-0.028690745638226833,-0.01886379914063563
2023-04-26,-0.0035740053603955393,0.00606486406541018
2023-04-27,0.011743154505812325,0.027190722969687275
2023-04-28,0.014225600753859152,0.006898718733296727
2023-05-01,0.0023537817689380405,-0.001147085764567568
2023-05-02,-0.01503738771763845,-0.008721528331175232
2023-05-03,-0.013251793229184137,-0.006543991313139763
2023-05-04,-0.007806426390668717,-0.0035297971879526546
2023-05-05,0.018654770949036666,0.021254491525556807
2023-05-08,0.008461141329249756,0.002477528216720648
2023-05-09,-0.004270577448247706,-0.0063332334766401654
2023-05-10,0.0015258100886625314,0.010881516755880893
2023-05-11,-0.0025761165077969037,0.0032603502333972134
2023-05-12,-0.001333386896914309,-0.003586864424911851
2023-05-15,0.00516137634113137,0.0054148866531891215
2023-05-16,-0.0001341218208343629,0.0011322378432274682
2023-05-17,0.014923535391722661,0.012104220638321284
2023-05-18,0.031888957819030776,0.01857346092239842
2023-05-19,-0.005791070253669281,-0.0022534338170506762
2023-05-22,0.0026552390933481875,0.00335796436638236
2023-05-23,-0.017283152873184996,-0.012676272043967929
2023-05-24,-0.0014924983547151668,-0.005129579433295284
2023-05-25,0.031927562507085575,0.024332922666880252
2023-05-26,0.029765851431160117,0.025550322182239738
2023-05-30,0.0009730771863326701,0.004535085612918044
2023-05-31,-0.012452549585554886,-0.005686339976584964
2023-06-01,0.012287813083614874,0.011552441760224186
2023-06-02,0.001770281435136736,0.007499612263745181
2023-06-05,0.003836350232741548,0.0007048878140298864
2023-06-06,-0.00031850157300378847,-0.00016912733094176513
2023-06-07,-0.026707385414663005,-0.016965248026754476
2023-06-08,0.012818865936675777,0.012413338774527105
2023-06-09,0.0037311203682884667,0.003822596526733113
2023-06-12,0.02464669897560711,0.016897165421397853
2023-06-13,0.006441166535547835,0.007683998673813752
2023-06-14,0.007228618760767707,0.0072675239020814075
2023-06-15,0.008286117400387205,0.011915784890389691
2023-06-16,-0.010186990699833542,-0.0062928458369641005
2023-06-20,-0.0031170722297220194,-0.0014315655999338484
2023-06-21,-0.017873148710188018,-0.013627897630562269
2023-06-22,0.0108584475255764,0.011798764143610363
2023-06-23,-0.011240101367669206,-0.009913209923260169
2023-06-26,-0.013304927902873484,-0.013405493492452791
2023-06-27,0.026942399540400248,0.01719427003163987
2023-06-28,0.0031854683745608414,0.0019512892872788345
2023-06-29,-0.004490827507198052,-0.002002468904372945
2023-06-30,0.017623544101768186,0.015420274908705567
2023-07-03,0.004526047276854039,0.002354867842129904
2023-07-05,-0.0065715406423039,-2.6937507408897332e-05
2023-07-06,-0.011637171555242338,-0.00761582331731625
2023-07-07,-0.0009065049505708783,-0.003320115758941644
2023-07-10,0.01814239145423949,0.00032758590502668383
2023-07-11,0.0026341625134513407,0.004940589644166771
2023-07-12,0.005416210278717638,0.012630123438840624
2023-07-13,0.020675408991008802,0.01697859989490902
2023-07-14,-0.001209084279698015,-0.000210872732056111
2023-07-17,0.018249564627021108,0.009338459523140719
2023-07-18,0.004077536938742521,0.00818067468827599
2023-07-19,-0.006966844388888558,-0.0002332893737454489
2023-07-20,-0.03427287504256089,-0.02305187839357592
2023-07-21,0.0007413997157475695,-0.0029993114878589244
2023-07-24,-0.000830035518825977,0.001597314328187549
2023-07-25,0.011354952336576971,0.006777821434182041
2023-07-26,-0.008207081273988923,-0.003326554444114338
2023-07-27,-0.0029697001043531702,-0.0023839354603608642
2023-07-28,0.01844580839767269,0.018214519600280754
2023-07-31,0.005973011617510716,0.0005215927862030068
2023-08-01,0.0037564207353616577,-0.002319583175828477
2023-08-02,-0.038335060523282664,-0.021944278907796932
2023-08-03,0.002567788453630827,-0.0016025222018165586
2023-08-04,-0.017643391189257174,-0.004681773957492474
2023-08-07,0.014692608004699818,0.00846696614270992
2023-08-08,-0.022256242789018204,-0.008502386437794107
2023-08-09,-0.01622881328895615,-0.010994689976023375
2023-08-10,-0.002408632962223467,0.0018482307133491638
2023-08-11,-0.01074553132071774,-0.006375646445855754
2023-08-14,0.021011725224797564,0.011222248978313365
2023-08-15,-0.01150182211616905,-0.010611572952169745
2023-08-16,-0.014760524619611198,-0.01058902251437499
2023-08-17,-0.013648052078603848,-0.01092296938046522
2023-08-18,-0.0025374200844203217,-0.001254970055483251
2023-08-21,0.022327007746552135,0.01611160164718628
2023-08-22,-0.005208670165759914,-0.0014290925202907756
2023-08-23,0.022333310977035465,0.015768771513845925
2023-08-24,-0.03139116805929295,-0.021375933521228796
2023-08-25,0.006080247795583784,0.007751527811389991
2023-08-28,0.007741401194605799,0.007527154490861276
2023-08-29,0.025994361179834415,0.021839853238780904
2023-08-30,0.00744687730156252,0.0055768552983350705
2023-08-31,0.009339946399990985,0.0029982690659613453
2023-09-01,-0.0016443210538757327,-0.0010582550862708873
2023-09-05,0.005733953190702648,0.0012712842276008107
2023-09-06,-0.005576005448266112,-0.00880788578540559
2023-09-07,-0.0016569374999571716,-0.0071515444795001715
2023-09-08,-0.0028495615544351103,0.0013975833115265068
2023-09-11,0.015131414691794482,0.01178264611346691
2023-09-12,-0.016029734569857724,-0.011088207270218753
2023-09-13,-0.0007570612289503339,0.0038090291915608976
2023-09-14,0.006393022824526889,0.008177058227558431
2023-09-15,-0.020796815326874107,-0.017122948268233018
2023-09-18,-0.0004906180659766235,0.0010424898791852044
2023-09-19,-0.006547756894689898,-0.002131377828947123
2023-09-20,-0.015657425100285435,-0.014410337300526987
2023-09-21,-0.024396298260363474,-0.018324634429669695
2023-09-22,0.003915172603249385,0.00013968298531574774
2023-09-25,0.0029547925259685425,0.004749854589233049
2023-09-26,-0.017868877343315017,-0.015016305784401052
2023-09-27,0.007295576106648776,0.002343452197199225
2023-09-28,0.012151842277333878,0.008365300590962299
2023-09-29,0.0024747619724540784,0.0007260297431135321
2023-10-02,0.007859186088132023,0.0083459178994445
2023-10-03,-0.024939338963175614,-0.017549829291511276
2023-10-04,0.01866007516593336,0.013608755788081073
2023-10-05,-0.0015673717586065523,-0.002946563834005045
2023-10-06,0.027729235457497156,0.016755508504394
2023-10-09,0.006418634449570295,0.0050999208409232555
2023-10-10,0.010315090480358153,0.005537828877416828
2023-10-11,0.01087216468844892,0.007135569783559559
2023-10-12,-0.0019581382130712923,-0.0034750541706483062
2023-10-13,-0.018865855432365797,-0.012569924895018625
2023-10-16,0.011362889634453262,0.011306186596198087
2023-10-17,-0.0033041356113002298,-0.0032753756411897372
2023-10-18,-0.016218884445054472,-0.013117840711982187
2023-10-19,-0.01898545075038052,-0.009356709713859157
2023-10-20,-0.022161883893950268,-0.014918017713776544
2023-10-23,0.004920229517686806,0.003017621327908726
2023-10-24,0.012955020718997986,0.009727908349247416
2023-10-25,-0.03752045508754776,-0.02447573287837357
2023-10-26,-0.01601332031827605,-0.019067193151018014
2023-10-27,-0.004235645295983262,0.004801263583268156
2023-10-30,0.007204970520403909,0.01126518296415746
2023-10-31,0.005604161171665271,0.004782315954402261
2023-11-01,0.015284388270147775,0.01735692751500717
2023-11-02,0.014266019166849555,0.018153269162111574
2023-11-03,0.012854919423628578,0.01174872215273437
2023-11-06,0.0014679817444633305,0.004079499043069479
2023-11-07,0.010403760326717214,0.009452593099990914
2023-11-08,0.0002599518521309362,0.0006438810139755002
2023-11-09,-0.009970262809122155,-0.007695556480086019
2023-11-10,0.025455041389290306,0.022482264393562268
2023-11-13,-0.00010405534214525547,-0.0031185932789159487
2023-11-14,0.027445888860959607,0.02152647768153293
2023-11-15,-0.003169366974477917,0.0007525818373546045
2023-11-16,-0.002347817853759404,0.0008558943446161926
2023-11-17,0.004363605147198736,0.00023314596700751977
2023-11-20,0.011206094144841866,0.0121749307355703
2023-11-21,-0.00499022379847214,-0.005809682778242453
2023-11-22,0.0001212435665237002,0.0040930429735670515
2023-11-24,0.0029499712000604834,-0.001409830111427146
2023-11-27,-0.0034187087861189823,-0.0008730765553293107
2023-11-28,0.007116623222120675,0.0026211210357500736
2023-11-29,0.012168534979308285,-0.0009740582762252092
2023-11-30,0.003119153682453892,-0.0025141351162534242
2023-12-01,0.00662139507294121,0.0028547528632054675
2023-12-04,-0.009782298235171518,-0.009283325995645075
2023-12-05,-0.006727509250354921,0.002510904888998189
2023-12-06,-0.011626581253827982,-0.005783802891933365
2023-12-07,0.009248626458179882,0.013972130289154894
2023-12-08,0.004202900666083823,0.004456745020912756
2023-12-11,0.023920416240872485,0.008542270637615923
2023-12-12,0.008150755758600383,0.007964074113525177
2023-12-13,0.010497544788331243,0.012717270340979248
2023-12-14,-0.006273354435927423,-0.0008668214697135079
2023-12-15,0.01147239320318756,0.0048339962441443785
2023-12-18,0.005946940041427176,0.006298453679446148
2023-12-19,0.006279988325560752,0.005109905589371522
2023-12-20,-0.01671457663198504,-0.014859897749549988
2023-12-21,0.015935092425992187,0.01163546686732575
2023-12-22,-0.003131149656134699,0.001495885463277613
2023-12-26,0.0096313706654528,0.006121784991342194
2023-12-27,0.0012955687183288818,0.002035667227989091
2023-12-28,-0.0014979256832898969,-0.0004860260026160468
2023-12-29,-0.004533067810690377,-0.00432767480107088
2024-01-02,-0.026384228352359273,-0.016922276660334634
2024-01-03,-0.010546411169457084,-0.010581499241031023
2024-01-04,-0.001296061375411793,-0.0051465174581203366
2024-01-05,0.0013103096080750965,0.0011861295255932713
2024-01-08,0.020324631157028348,0.020667893956210825
2024-01-09,0.0043603202199174245,0.0019755494515962813
2024-01-10,0.006400603464875545,0.006777599853023286
2024-01-11,0.005100995163632202,0.0020808178190332427
2024-01-12,0.0025555504126529016,0.0005129246844910451
2024-01-16,0.0056264126861513,-9.763550316188585e-05
2024-01-17,-0.009514109358181802,-0.0056407337723141104
2024-01-18,0.01562119186947211,0.014194143114514501
2024-01-19,0.022114849026733396,0.01983103956383503
2024-01-22,0.007481064721246827,0.0013058162263470674
2024-01-23,0.0004989889541390135,0.004149604365315307
2024-01-24,0.0015618486423309734,0.005549285978610374
2024-01-25,2.863016456385854e-05,0.0012210556305611853
2024-01-26,-0.012120514067702868,-0.005957580768597537
2024-01-29,0.008656339200527847,0.010240538835180057
2024-01-30,-0.012641727383512139,-0.006656570842333065
2024-01-31,-0.01644523279238275,-0.01958619398802741
2024-02-01,0.01047903568835744,0.011775327532098423
2024-02-02,0.016793530441141895,0.016900639801315842
2024-02-05,-0.003695049600231392,-0.0013052856697771675
2024-02-06,-0.007819021692563507,-0.0020074049658481696
2024-02-07,0.022166925583835744,0.010290360690109468
2024-02-08,0.006998670498736768,0.0018518917966079407
2024-02-09,0.018141697780412455,0.009843123986133184
2024-02-12,-0.005164022031675293,-0.00391265313562561
2024-02-13,-0.019542796336321628,-0.015597058724930113
2024-02-14,0.025343249118979862,0.01089736103825345
2024-02-15,0.005205912727076473,0.0029776329256916423
2024-02-16,-0.010402303429617201,-0.00906771394350614
2024-02-20,-0.016059476618726566,-0.007548014857975294
2024-02-21,-0.030442561921643588,-0.0040018155215248985
2024-02-22,0.04744361651027985,0.029275612563425035
2024-02-23,-0.010688669953311239,-0.0029447374852706876
2024-02-26,0.008162088096179482,-0.0005264882653444047
2024-02-27,0.00463878242177545,0.0024051836053411435
2024-02-28,-0.002204439072175195,-0.005324679372060381
2024-02-29,0.010304420299258968,0.008569573378549356
2024-03-01,0.02128152465729034,0.01505691729807368
2024-03-04,0.008384209917805243,-0.0035680748183003486
2024-03-05,-0.014664709333859414,-0.017949634316191898
2024-03-06,0.02156919585259873,0.006283715515330357
2024-03-07,0.01877267845637486,0.01517803657593908
2024-03-08,-0.03166923698491213,-0.014434797895443663
2024-03-11,-0.02069079613837519,-0.003712787872309331
2024-03-12,0.01708587794260698,0.01433488952642148
2024-03-13,-0.020061726366022596,-0.007686047512762029
2024-03-14,-0.008486601294469572,-0.002521213827022195
2024-03-15,-0.007675772631773806,-0.011886836863387096
2024-03-18,0.009558005604863999,0.009537472170610517
2024-03-19,0.0002841216985863486,0.0024914951569992017
2024-03-20,0.016097183348019035,0.01185663722683672
2024-03-21,0.014038130377121094,0.004732173992019861
2024-03-22,0.002236815751305161,0.001143901526609481
2024-03-25,0.0027174454927159464,-0.0036292148273037173
2024-03-26,-0.004283227952720999,-0.0032376883215767815
2024-03-27,-0.0022474210795570327,0.0034059860750901283
2024-03-28,-0.0020866721740228317,-0.0018433052034753095
2024-04-01,0.008914584527868637,0.0021170880289034244
2024-04-03,0.008500826511915409,0.002244451583658602
2024-04-04,-0.026319693746948758,-0.015290751354719911
2024-04-05,0.02450303440560831,0.011783864267731925
2024-04-08,-0.0018102522318565537,0.00029514784360529234
2024-04-09,-0.0013974085454184536,0.0036995541568318746
2024-04-10,-0.0044808193709131375,-0.0087285440160918
2024-04-11,0.019745503711983352,0.0159682927069289
2024-04-12,-0.02304109129730117,-0.015941757150197855
2024-04-15,-0.018038510700331523,-0.016451083642875952
2024-04-16,0.009139267887826,9.27861950155151e-05
2024-04-17,-0.02968007833093078,-0.012201324789599344
2024-04-18,-0.00978956815212983,-0.005706472463386847
2024-04-19,-0.037951248319595156,-0.020689134701959544
2024-04-22,0.011759689777988056,0.010056777356117541
2024-04-23,0.02492598839970275,0.014922828823315415
2024-04-24,-0.0019126380687601292,0.003387736369694805
2024-04-25,0.00217178862573185,-0.004829899093233614
2024-04-26,0.018458116680347258,0.015431695223619979
2024-04-29,0.0006346404090232818,0.004060282817086369
2024-04-30,-0.021848681634220435,-0.018856101842816053
2024-05-01,-0.018555996971585803,-0.0072306189482973515
2024-05-02,0.02006160273249567,0.01276343341168884
2024-05-03,0.018700031536497845,0.02009846005665028
2024-05-06,0.019421275296517822,0.010953333192288195
2024-05-07,-0.004803326805828971,0.0001589513327555636
2024-05-08,0.00013345460816369104,-0.0005904967807848216
2024-05-09,0.003629078479082829,0.0021814655255414372
2024-05-10,0.0032935226943248868,0.002358308147094146
2024-05-13,-0.00025159648785531017,0.0023073118245391377
2024-05-14,0.010501930907665592,0.006432262416222079
2024-05-15,0.02380330736196134,0.01563020411389826
2024-05-16,-0.0046531931736410745,-0.0020313078313122235
2024-05-17,-0.002067026020006905,-0.0004867036304178063
2024-05-20,0.019928548887025797,0.006972615984325747
2024-05-21,0.001005596780527006,0.0019564252886410394
2024-05-22,0.005893694390916329,-0.00019733595780901947
2024-05-23,-0.0023945326417403137,-0.004498511540312777
2024-05-24,0.021793383635651736,0.009456491506077302
2024-05-28,0.008149343985680794,0.0037775347536763704
2024-05-29,-0.01469537663402352,-0.00704828746577113
2024-05-30,-0.011615825156778939,-0.010713299116088981
2024-05-31,-0.015008896985374599,-0.001860228973305067
2024-06-03,-7.556728351030726e-06,0.005369303712009277
2024-06-04,-0.0035663724160876027,0.0027364803616849454
2024-06-05,0.041924456386530036,0.020159807378824945
2024-06-06,-0.0038383104066250216,-0.00034521278349597395
2024-06-07,-0.007188240939459217,-0.0008847760858157194
2024-06-10,0.01948251451456732,0.004039163499262921
2024-06-11,0.004104045987224054,0.006862673088197546
2024-06-12,0.01902271104677346,0.013097776965472985
2024-06-13,0.0033624587358340977,0.005420357828360478
2024-06-14,0.0006893699810787936,0.0051811294599795055
2024-06-17,0.015082388407190119,0.012249802393501596
2024-06-18,0.007788645991505883,0.0003093077034197478
2024-06-20,-0.014626157231986927,-0.0077080743467982105
2024-06-21,-0.009300173240860802,-0.002679214853024914
2024-06-24,-0.014260305591449795,-0.011384733479956721
2024-06-25,0.019133456485885162,0.011435608840447697
2024-06-26,-0.002734654083629174,0.0020651391307189293
2024-06-27,-0.0017416399414250145,0.002581371548169731
2024-06-28,-0.003386609931831771,-0.005190908216341383
2024-07-01,0.00547848033948247,0.005865130697077836
2024-07-02,0.00817563721536884,0.010499621949260796
2024-07-03,0.01330947894546273,0.008337020649899385
2024-07-05,0.009198759588765523,0.010426850994263992
2024-07-08,0.004423675452754822,0.0023782468448467764
2024-07-09,0.0019003980994034358,0.0008646040670723387
2024-07-10,0.01022993704147668,0.010426546552797733
2024-07-11,-0.03227470256852899,-0.021930081841974425
2024-07-12,0.006893157568749467,0.00587469591806955
2024-07-15,0.0017346118172448727,0.00268784813605194
2024-07-16,-0.004357083797983375,0.00038301986203226335
2024-07-17,-0.058935420749605366,-0.029354914729666226
2024-07-18,0.001313487341029884,-0.004732597784361858
2024-07-19,-0.014389941615860881,-0.008863515855942694
2024-07-22,0.027411286297538997,0.014897685589573273
2024-07-23,-0.010678707108334025,-0.0035245909377247253
2024-07-24,-0.046753270227477224,-0.03587037433075668
2024-07-25,-0.014207709215509862,-0.011027671156861762
2024-07-26,0.014975435421410594,0.010255889718405076
2024-07-29,-0.0031510728056829496,0.002008758156323065
2024-07-30,-0.023194865099964407,-0.01373130408659029
2024-07-31,0.04062203602255589,0.029593704263202403
2024-08-01,-0.059430773992676926,-0.02422150526300182
2024-08-02,-0.027730146297237634,-0.023734938436566377
2024-08-05,-0.024571183433555566,-0.02981615462306353
2024-08-06,0.011940821694630241,0.009555185684491763
2024-08-07,-0.009432206852683063,-0.010829864255547439
2024-08-08,0.02345938170755293,0.0305909825059838
2024-08-09,0.010675977746378008,0.005222363801425045
2024-08-12,0.0015859138612138897,0.002153569321380555
2024-08-13,0.01664926628431196,0.02481284771033021
2024-08-14,-0.0003723285622546315,0.00032422346319060935
2024-08-15,0.01936416826289027,0.025263215702408415
2024-08-16,-0.001325170053388846,0.0012857326283106651
2024-08-19,0.011604031128434786,0.01313607683946616
2024-08-20,-0.005890518546175783,-0.002098707726358784
2024-08-21,0.003960763476530791,0.004664136976113342
2024-08-22,-0.011136295551691315,-0.01585483773782692
2024-08-23,0.011843162314431542,0.01084545743091403
2024-08-26,-0.0008206253559744976,-0.009708403083317885
2024-08-27,0.005480496439712755,0.0029874409427361748
2024-08-28,-0.009343722966879027,-0.011347539240257998
2024-08-29,0.002453541974951794,-0.0014638088964100682
2024-08-30,0.007848266759053979,0.011919420923352186
2024-09-03,-0.02780588277709864,-0.030360937391802234
2024-09-04,0.0008239015026348652,-0.0025984456491841
2024-09-05,-0.0009386697959991389,0.0009336161388286968
2024-09-06,-0.0232563675522089,-0.02678736703307838
2024-09-09,0.014761838588760753,0.01285966589867904
2024-09-10,0.0059516109992685485,0.009241815709448487
2024-09-11,0.012603783435969504,0.02171538414740204
2024-09-12,0.008569322201723312,0.009816013428873616
2024-09-13,0.005422220372559511,0.004479912686268461
2024-09-16,-0.004222554113897335,-0.004417863237364039
2024-09-17,-0.00585349826605681,0.0005283302897081121
2024-09-18,-0.003579439799789683,-0.0043295398799914064
2024-09-19,0.016680723206340956,0.025284202810822
2024-09-20,-0.0027829441747833253,-0.0019032714463009803
2024-09-23,0.003387625765287963,0.002650581265807528
2024-09-24,0.0005886124239657666,0.0048236882570544815
2024-09-25,-0.0012486270764295352,0.0009270913863861363
2024-09-26,0.002501951819592053,0.007513127531812991
2024-09-27,-0.004197650911354182,-0.005557065413533513
2024-09-30,0.00481581465474683,0.002711850628192458
2024-10-01,-0.010558333569440657,-0.013932420073848761
2024-10-02,0.0014444516990423154,0.001412921123457922
2024-10-03,-0.0007643434991125141,-0.0007470254122504683
2024-10-04,0.0075299516439579885,0.011898123691417295
2024-10-07,-0.008949996400816064,-0.010711593354476134
2024-10-08,0.012457838226293932,0.014934584721874034
2024-10-09,0.007625189781535791,0.007868375275753792
2024-10-10,-0.003617767370411008,-0.0011355514379944864
2024-10-11,0.0014979186275846372,0.0015631270899099103
2024-10-14,0.012018531424019483,0.008391521038613403
2024-10-15,-0.02171865515436609,-0.01336679736146884
2024-10-16,0.004912694857435697,0.000122173723398733
2024-10-17,0.0001646025590891968,0.0006925878208803304
2024-10-18,0.009405478616152992,0.006554736918730875
2024-10-21,0.0008004759737868896,0.0019212703509394746
2024-10-22,0.001033002115365345,0.0010899787132621075
2024-10-23,-0.017321351690579377,-0.015323924433118252
2024-10-24,0.004818071508489225,0.00810885773496639
2024-10-25,0.0035644754719657,0.0060936292616513565
2024-10-28,0.002936073566254765,0.00016151092853400328
2024-10-29,0.004331261448031193,0.009608286380353048
2024-10-30,-0.008081242313419949,-0.007557482548374961
2024-10-31,-0.017533524966277535,-0.025242784184017486
2024-11-01,0.0017385553999145042,0.007398886446255748
2024-11-04,-0.0009582595800608494,-0.002913098353861998
2024-11-05,0.015467273027259833,0.01275687424279548
2024-11-06,0.03190717434609773,0.027163222256870068
2024-11-07,0.013541502855809438,0.015744214275609902
2024-11-08,0.007447732521235748,0.001168474635689254
2024-11-11,0.017461423432532444,-0.0005833164329716034
2024-11-12,-0.00782759416833814,-0.0018101016526781422
2024-11-13,-0.00043572196325836107,-0.0012867689449219677
2024-11-14,-0.013668021388888821,-0.006949696356360335
2024-11-15,-0.02030257320162561,-0.023825965349321132
2024-11-18,0.004047679186652303,0.006947718724392482
2024-11-19,0.0034531648288635927,0.006879689727049998
2024-11-20,0.004683800526687478,-0.0005760415765330151
2024-11-21,0.015746289260150783,0.0035972061999725025
2024-11-22,0.01228336620866762,0.0016040462410162881
2024-11-25,-0.0013971342191038782,0.0015816760761411253
2024-11-26,0.0043488496944204995,0.00536920631370541
2024-11-27,-0.011401129959673496,-0.007873448165787611
2024-11-29,0.0069814052105965614,0.008786937082663204
2024-12-02,0.005921548085509952,0.01088775811121434
2024-12-03,0.0026699061984613174,0.0030663983270027284
2024-12-04,0.025118737727825854,0.012362902874929471
2024-12-05,-0.002908219281350221,-0.0027712215685583574
2024-12-06,0.009806249298394791,0.008949661465999403
2024-12-09,-0.026020700939743905,-0.007787356137389234
2024-12-10,-0.012599414996925592,-0.0034077573646644765
2024-12-11,0.015341898183897643,0.017902567590646123
2024-12-12,0.0012421429424120578,-0.006453945345418655
2024-12-13,-0.0012238377100248065,0.007654370550005174
2024-12-16,0.013035414502909924,0.014400737328128299
2024-12-17,-0.011515659177993926,-0.004403705044583317
2024-12-18,-0.04755768806409645,-0.036076966212892136
2024-12-19,0.003475808972885867,-0.004453344868511344
2024-12-20,0.013991982950295133,0.008732506158164455
2024-12-23,0.002372570296000075,0.009742651370640898
2024-12-24,0.015580577975440605,0.013559846607146264
2024-12-26,1.270018945940294e-05,-0.0006792412731444486
2024-12-27,-0.011063861578302804,-0.013293127227813839
2024-12-30,-0.012256564504340579,-0.013300000082174801
2024-12-31,-0.006597576115457283,-0.008494697164563636
2025-01-02,-0.0011512387219925276,-0.001956027597256327
2025-01-03,0.023126554694985542,0.016365159124950512
2025-01-06,0.008521211302973283,0.011492933967797159
2025-01-07,-0.02964278599053561,-0.017844274233518753
2025-01-08,-0.005046942749063288,0.00017468201502790492
2025-01-10,-0.0028323109885629353,-0.015681074205579737
2025-01-13,-0.005835243866253755,-0.0032137662550189017
2025-01-14,0.007942812768882666,-0.0009494862975779617
2025-01-15,0.02094449032958085,0.023006268253611406
2025-01-16,0.0035129214031241894,-0.0070059641014164065
2025-01-17,0.0206232391681906,0.01687846119826264
2025-01-21,0.005555442194327756,0.005865100915291022
2025-01-22,0.014739587956329394,0.012785716598497476
2025-01-23,0.004156298502736769,0.0021260761666410666
2025-01-24,-0.004462687783336763,-0.005651212134788364
2025-01-27,-0.05106019363701473,-0.02911449834027724
2025-01-28,0.02072121776375655,0.014779823117886615
2025-01-29,0.0019209759521859008,-0.001878043002776164
2025-01-30,0.009705523223585104,0.004262433717854286
2025-01-31,0.008646737045924762,-0.0014530149796943004
2025-02-03,0.0007227091615321921,-0.00800326990070499
2025-02-04,0.015531402123976915,0.012275452646734353
2025-02-05,0.01083925540793228,0.004537895940105452
2025-02-06,0.0009724173737968666,0.005219742921635406
2025-02-07,-0.011414662271149201,-0.012613540104501442
2025-02-10,0.01351726872291636,0.012105175235749943
2025-02-11,-0.01850974913854572,-0.002380649914297095
2025-02-12,0.010456000546270822,0.0005870845807283143
2025-02-13,0.020922529384995697,0.014385873648250946
2025-02-14,0.011305423613415624,0.0041984317323002784
2025-02-18,0.0035930459328808507,0.0022671836424450476
2025-02-19,-0.017158421163406917,0.00027807958353354145
2025-02-20,-0.022269755347685924,-0.004244509199203383
2025-02-21,-0.04006994807577987,-0.02075474886732176
2025-02-24,-0.025584333576718736,-0.011804261782660252
2025-02-25,-0.027722017055359496,-0.012599282323468963
2025-02-26,0.007483928585052308,0.002415629969012789
2025-02-27,-0.031825503162725435,-0.027771247292265988
2025-02-28,0.01807255192998497,0.01579147534639369
2025-03-03,-0.02026535515403911,-0.021882471243728108
2025-03-04,-0.0013278344321552872,-0.0030178064402743843
2025-03-05,0.011856070863833255,0.01303607447374544
2025-03-06,-0.04967477053867234,-0.027509434003765487
2025-03-07,0.003056078541063295,0.0073535736084588965
2025-03-10,-0.04795942416253414,-0.03875634376407777
2025-03-11,0.009502472651650126,-0.002390435713714223
2025-03-12,0.015642286159653226,0.011280804135902489
2025-03-13,-0.02539059453757157,-0.01799051737433066
2025-03-14,0.034589871829301934,0.02417047314954357
2025-03-17,0.018736625827232182,0.006483679566967826
2025-03-18,-0.016620307010299002,-0.017047340713834735
2025-03-19,0.020387475201148603,0.013381325105778386
2025-03-20,-0.004454514877503388,-0.0033894642457477087
2025-03-21,0.0022692329010775003,0.0032966727739154322
2025-03-24,0.026795707287972103,0.021944344136081595
2025-03-25,0.011059219906911687,0.005706564262312863
2025-03-26,-0.0139983000347907,-0.01840064756317239
2025-03-27,-0.013152811064289907,-0.005698036681830332
2025-03-28,-0.032399296828016275,-0.026327739554310003
2025-03-31,-0.002619028651092245,-4.264771653805788e-05
2025-04-01,0.010619658148197698,0.008061023451692906
