,RL Agent,QQQ
2009-04-03,1.006481826282756,1.0185767235811667
2009-04-06,1.0011845919393991,1.0160578528621544
2009-04-07,0.9740836198535329,0.9892947647585637
2009-04-08,1.002916837562572,1.0059823699861052
2009-04-09,1.0374098018053806,1.0371535165336012
2009-04-13,1.0278705076120531,1.035578858135065
2009-04-14,1.0224635312318875,1.0229853369952115
2009-04-15,1.0170777471886427,1.0201511738659013
2009-04-16,1.050698008369107,1.0465997326431358
2009-04-17,1.0592920198295854,1.0488035190656524
2009-04-20,1.0176596460801788,1.0151134324278765
2009-04-21,1.0327559958589059,1.0292820281938704
2009-04-22,1.0447376274734945,1.0324307900208043
2009-04-23,1.0336190985622549,1.0425058566692498
2009-04-24,1.0534517141471753,1.0607682590378624
2009-04-27,1.0383123615338874,1.0620276250261012
2009-04-28,1.0313643324419757,1.0541559285725683
2009-04-29,1.0447162584133816,1.0686396780063254
2009-04-30,1.08168512346043,1.0793449826190291
2009-05-01,1.0907066339447036,1.0821787988920022
2009-05-04,1.1303661770086717,1.1035895468599446
2009-05-05,1.122583186351614,1.1026451264256665
2009-05-06,1.1217816007628036,1.1029598638658251
2009-05-07,1.0667090098418088,1.0771408493401753
2009-05-08,1.0584374459024852,1.0777707404480972
2009-05-11,1.053180078346585,1.0815491158978832
2009-05-12,1.0318665602876205,1.0683245243385626
2009-05-13,0.9862931198681932,1.0396726647376833
2009-05-14,1.0060300393934996,1.0513222510421303
2009-05-15,1.0078082520550957,1.0506921518204064
2009-05-18,1.0546767039656955,1.0780856166307904
2009-05-19,1.0714406727887877,1.0831237742964197
2009-05-20,1.0693174588680958,1.0793449826190293
2009-05-21,1.0451390143960493,1.0595090317921583
2009-05-22,1.0460353828669908,1.0560454631537983
2009-05-26,1.0892244366228427,1.0954029742237184
2009-05-27,1.0777785013611116,1.087846362066681
2009-05-28,1.092921646080729,1.1004405075479409
2009-05-29,1.1151078127251537,1.1139798365474198
2009-06-01,1.1665523341786979,1.1457807354603027
2009-06-02,1.1497018227276554,1.1473553244875716
2009-06-03,1.12784454866204,1.143891617106677
2009-06-04,1.1481386785751364,1.1568013324833042
2009-06-05,1.1471624434708405,1.1580606291002755
2009-06-08,1.138946486791566,1.1545969910906482
2009-06-09,1.166818723447767,1.1634131773497265
2009-06-10,1.1618168042986194,1.1593197176034449
2009-06-11,1.168647494119064,1.1593197176034449
2009-06-12,1.1568360797201818,1.153967169353994
2009-06-15,1.128086153898531,1.13035277370607
2009-06-16,1.1070313200176432,1.1193323154256032
2009-06-17,1.1066997909830623,1.1300374119245047
2009-06-18,1.1002910793256129,1.1278334173881857
2009-06-19,1.1209700123887347,1.1399393972608063
2009-06-22,1.06436855796288,1.1058928116799016
2009-06-23,1.0625361769712065,1.103370541768787
2009-06-24,1.083258561223623,1.1219702272394605
2009-06-25,1.1071655156240927,1.1440378517383398
2009-06-26,1.1180891383718257,1.146559844164385
2009-06-29,1.1182892157791615,1.1490816284766279
2009-06-30,1.1141658863001902,1.1468747897183458
2009-07-01,1.1179235279757953,1.1475053745389412
2009-07-02,1.078666272297764,1.1222859358773627
2009-07-06,1.0688506667565016,1.116295171967903
2009-07-07,1.0382851690081842,1.0885538796228145
2009-07-08,1.0440427392356215,1.0942285880380347
2009-07-09,1.0589560641776756,1.096119787529682
2009-07-10,1.0654265589337182,1.100848271857672
2009-07-13,1.0935619881955043,1.1219702272394603
2009-07-14,1.1119707557834146,1.1260686123457266
2009-07-15,1.1440951529498133,1.1638975275386583
2009-07-16,1.166642874031813,1.1777688674238764
2009-07-17,1.17422495821321,1.1840740219171575
2009-07-20,1.2024489520778079,1.195422883777459
2009-07-21,1.204550249256475,1.2036195152474571
2009-07-22,1.2289488868707452,1.2137080399217763
2009-07-23,1.2757099655769664,1.2405035244072393
2009-07-24,1.2763890020923576,1.2310462782661895
2009-07-27,1.2851191020335335,1.2405035244072393
2009-07-28,1.2891436438117865,1.2319925023534197
2009-07-29,1.269946665321976,1.240188301368209
2009-07-30,1.289652066972079,1.247438431265907
2009-07-31,1.2946058879162767,1.2436563097676818
2009-08-03,1.3280991417505752,1.2622558564958208
2009-08-04,1.3397795654082558,1.2622558564958208
2009-08-05,1.3479876785047178,1.252483803543345
2009-08-06,1.3302838738222387,1.2414496097519345
2009-08-07,1.3675574668875021,1.2572117329011958
2009-08-10,1.3608197677275717,1.2483845166106025
2009-08-11,1.350870870454394,1.237666517055966
2009-08-12,1.3805218969230848,1.2568966486047004
2009-08-13,1.3906172529169634,1.2638321104335073
2009-08-14,1.3576811177626822,1.249331156925437
2009-08-17,1.3002703131312787,1.2130770388735765
2009-08-18,1.3320302390142098,1.2304155547030593
2009-08-19,1.3384095786453007,1.2389275479546225
2009-08-20,1.353992692366732,1.253428501462693
2009-08-21,1.3824462172483074,1.2701368486991844
2009-08-24,1.3669574847284482,1.268875956543063
2009-08-25,1.3809529483841503,1.2726589104964967
2009-08-26,1.3786008214463157,1.2704522104807494
2009-08-27,1.3894148164256888,1.2736048570986571
2009-08-28,1.3962600639038414,1.2748656105122438
2009-08-31,1.372904684620741,1.2619404947142556
2009-09-01,1.3369018117062645,1.2382972406190962
2009-09-02,1.3349467685896916,1.2373512940169356
2009-09-03,1.353568761732123,1.2455473705167943
2009-09-04,1.3919816010697137,1.272343548714931
2009-09-08,1.4176945976732576,1.2843232728808978
2009-09-09,1.4570782631863948,1.2953569117021688
2009-09-10,1.4765061955728378,1.3076519976497005
2009-09-11,1.4686060021814913,1.3089127510632872
2009-09-14,1.48915511364453,1.3139565971728424
2009-09-15,1.5112282817729086,1.3180550516503762
2009-09-16,1.5294540976596143,1.3372847669715062
2009-09-17,1.518223373550862,1.3369692664474064
2009-09-18,1.5307634453860655,1.3392096808991065
2009-09-21,1.5299551376411307,1.3433127138802883
2009-09-22,1.5503112480263224,1.345836301845483
2009-09-23,1.5337683364670176,1.339526013878415
2009-09-24,1.4985396032873384,1.327534496596992
2009-09-25,1.4824074072488773,1.3158590348098078
2009-09-28,1.515302853420643,1.3382634568118765
2009-09-29,1.5101911955177234,1.3322681143987696
2009-09-30,1.5132236698549941,1.3332148934561387
2009-10-01,1.4482041608008158,1.2937705295594437
2009-10-02,1.4407811991839141,1.289983829557571
2009-10-05,1.4710219498013428,1.3003972892483553
2009-10-06,1.5039969283005128,1.3234322960710194
2009-10-07,1.4967861396271576,1.3272187185878228
2009-10-08,1.5133707685127662,1.3328989767044346
2009-10-09,1.5247019656001344,1.3404726541932503
2009-10-12,1.534636501173726,1.3433127138802892
2009-10-13,1.5338880125108876,1.343627520691715
2009-10-14,1.5658859434509642,1.361929603425276
2009-10-15,1.5541375154390233,1.358775014411881
2009-10-16,1.5203896908991352,1.349939057341596
2009-10-19,1.545754741486068,1.36350752227338
2009-10-20,1.5394877052657208,1.363823577767619
2009-10-21,1.5277230108137398,1.3612987411196114
2009-10-22,1.5426263505544093,1.3666628049994491
2009-10-23,1.5381198091061095,1.3609836568231157
2009-10-26,1.5374919925466473,1.3565662332581125
2009-10-27,1.4888433208337695,1.3360545369155739
2009-10-28,1.4435051177170624,1.3060765761672244
2009-10-29,1.4735693446492806,1.328165775130263
2009-10-30,1.4257542391910372,1.2925086662055798
2009-11-02,1.437829922936425,1.297873146313022
2009-11-03,1.4512685565591725,1.3019746531263212
2009-11-04,1.4433240482527316,1.3041837117651596
2009-11-05,1.4861658557852215,1.3363703149247435
2009-11-06,1.4980403327867482,1.3442590767100546
2009-11-09,1.5253561062078307,1.3729739254217264
2009-11-10,1.5449268502912794,1.3764452636420343
2009-11-11,1.5529213590157478,1.3852813594548539
2009-11-12,1.550983557804204,1.3773923201844733
2009-11-13,1.5684017829174781,1.3887521427050225
2009-11-16,1.5883277269013383,1.40295257988275
2009-11-17,1.6012539479916241,1.407369448477614
2009-11-18,1.5900158387872132,1.3994804092072333
2009-11-19,1.561229628416314,1.3777078207085731
2009-11-20,1.55346374178528,1.3707651442679574
2009-11-23,1.5790960243182677,1.392854065745926
2009-11-24,1.5698733486912233,1.3881205866866837
2009-11-25,1.5902751792504835,1.3941164840699303
2009-11-27,1.55698042873286,1.3729739254217266
2009-11-30,1.566816494915279,1.3745526767250393
2009-12-01,1.5956088876880459,1.388752142705023
2009-12-02,1.6058392500832395,1.3906454233346919
2009-12-03,1.5976716715126638,1.3849655814456843
2009-12-04,1.6102476191278763,1.3922226484701221
2009-12-07,1.5944943863645873,1.3855964437513495
2009-12-08,1.5834768647638766,1.3770766809178385
2009-12-09,1.5921815245918611,1.390961340086396
2009-12-10,1.6002908692697866,1.3979030453292682
2009-12-11,1.5954070532747695,1.3925381489942217
2009-12-14,1.6136555865678182,1.4057919458571144
2009-12-15,1.5998513424446983,1.3979030453292685
2009-12-16,1.614657623476535,1.3997970196716114
2009-12-17,1.592071626459207,1.3827573552620547
2009-12-18,1.603752760441383,1.4052935826721686
2009-12-21,1.623226032774884,1.4210969123542607
2009-12-22,1.6358379558660971,1.4296311044113894
2009-12-23,1.6555282640827484,1.4400617681764873
2009-12-24,1.6664107274915299,1.4533372088748062
2009-12-28,1.6707148198592154,1.4609237894193567
2009-12-29,1.6603218942228244,1.4549174863460017
2009-12-30,1.6674954496809808,1.4593428182354875
2009-12-31,1.6508272968865485,1.4460673775371686
2010-01-04,1.676443337578655,1.4672446218190685
2010-01-05,1.6876801245391762,1.4672446218190685
2010-01-06,1.6727448817615957,1.4583946517527704
2010-01-07,1.6540847439423538,1.4593428182354875
2010-01-08,1.6602303016855413,1.471353343244176
2010-01-11,1.6574545499181679,1.4653482888536338
2010-01-12,1.6293605816772883,1.4470151277922811
2010-01-13,1.656162870871935,1.4650325108444646
2010-01-14,1.6588102152325215,1.466296316593816
2010-01-15,1.63295898790188,1.4492283487071633
2010-01-19,1.6494617825220934,1.472617565221132
2010-01-20,1.6150065176853168,1.451441292136976
2010-01-21,1.603771487121906,1.437849657201883
2010-01-22,1.5611656104762281,1.3958109466472528
2010-01-25,1.5652010887598566,1.4005523340309776
2010-01-26,1.5618192654754066,1.4018157235527258
2010-01-27,1.5761835846607501,1.4128786370488362
2010-01-28,1.5350948369703714,1.376529619103183
2010-01-29,1.4920423033561931,1.3525077366305969
2010-02-01,1.523449086289152,1.3673634548001115
2010-02-02,1.5368819481385596,1.379690729015713
2010-02-03,1.546086989420973,1.3872766158475895
2010-02-04,1.4932179060199442,1.3471338220307894
2010-02-05,1.50142325502909,1.3585126522786044
2010-02-08,1.4979228637911743,1.3487147932146588
2010-02-09,1.5217151030327498,1.3626223449014558
2010-02-10,1.5276002652575993,1.359777290483165
2010-02-11,1.558653857954758,1.380322978746726
2010-02-12,1.5558588106799764,1.383167894422482
2010-02-16,1.5855257678893178,1.400868667010287
2010-02-17,1.5901796479920216,1.408769776881194
2010-02-18,1.6011050626694099,1.4176201631750966
2010-02-19,1.5998637751721176,1.4169881909291533
2010-02-22,1.5967833861430871,1.4141429977683277
2010-02-23,1.580592792531368,1.3958109466472532
2010-02-24,1.5935571847230363,1.4100337213730807
2010-02-25,1.6023187526075753,1.4097178046213763
2010-02-26,1.6119014695109086,1.4147753862418753
2010-03-01,1.6583913602377927,1.4353209357629013
2010-03-02,1.661467077487452,1.4397455739397131
2010-03-03,1.6469351825543708,1.4413258514109089
2010-03-04,1.653659071961823,1.4460673775371689
2010-03-05,1.678658136767757,1.4678770102926164
2010-03-08,1.6784725064914459,1.4707212322556986
2010-03-09,1.6815774023354064,1.4789400625312623
2010-03-10,1.7000944423347513,1.4909503100548809
2010-03-11,1.7055095227356407,1.4966398639213232
2010-03-12,1.7037244605704438,1.4969563356431668
2010-03-15,1.701327689005962,1.4931632534846937
2010-03-16,1.7118150632623612,1.502645889509609
2010-03-17,1.7172171468920328,1.5067548884197866
2010-03-18,1.7131081040986822,1.5118123312977505
2010-03-19,1.6944228895382802,1.5026679495726398
2010-03-22,1.7196715224775823,1.516273458761211
2010-03-23,1.7338079380744336,1.526715638156696
2010-03-24,1.720902210357155,1.5194378984945758
2010-03-25,1.7153873586576704,1.5172225964416717
2010-03-26,1.713519322723645,1.5188048163083543
2010-03-29,1.7194607952788326,1.5260831109406137
2010-03-30,1.7210272142626803,1.5311454098072952
2010-03-31,1.7156552171677284,1.5238676701451748
2010-04-01,1.7213250594937295,1.5238676701451748
2010-04-06,1.727669652339827,1.5282565718736323
2010-04-07,1.715956981798988,1.5244946168326214
2010-04-08,1.7256836785146847,1.5279434421753195
2010-04-09,1.7365795509147413,1.5370342378723838
2010-04-12,1.7454223936264166,1.5382885436217708
2010-04-13,1.7533767559030904,1.5461255834021053
2010-04-14,1.7798741299329877,1.564621404159861
2010-04-15,1.7898561638776551,1.5715180926381072
2010-04-16,1.7524211455060053,1.552708317433053
2010-04-19,1.7425387531434564,1.5517683785054572
2010-04-20,1.7610694957757445,1.5596052808276277
2010-04-21,1.7542708036084667,1.5683830842845432
2010-04-22,1.7887809761754025,1.5771607502832947
2010-04-23,1.7981469645883865,1.5837443090632282
2010-04-26,1.7996405004772695,1.5802953462623657
2010-04-27,1.749127198814153,1.5467526675477166
2010-04-28,1.751412734720693,1.5476935686824627
2010-04-29,1.7996693313453431,1.5746533759079995
2010-04-30,1.747694229276169,1.5436176591941533
2010-05-03,1.7901442649213581,1.5652483508473085
2010-05-04,1.7281740457077484,1.5182248750418228
2010-05-05,1.7005415118630984,1.5103878352614883
2010-05-06,1.6392536567590863,1.4599160839459622
2010-05-07,1.5976266320034505,1.4235512516597337
2010-05-10,1.686143325014433,1.4975352219815778
2010-05-11,1.6716674994714176,1.4959675116175495
2010-05-12,1.7116047146198008,1.5241810747598161
2010-05-13,1.674806652160267,1.5000432836476947
2010-05-14,1.6363911256407,1.471201536694502
2010-05-17,1.6417060110891275,1.4759039804957657
2010-05-18,1.6234967215344116,1.455527869508326
2010-05-19,1.617867193072229,1.4439285997706524
2010-05-20,1.5552989700814932,1.3903214277270692
2010-05-21,1.5873011199480276,1.4056826525057542
2010-05-24,1.569250798748014,1.4000402697768952
2010-05-25,1.577924627304622,1.401293613319132
2010-05-26,1.5693737392596512,1.385619396300299
2010-05-27,1.6373618058710853,1.4379717127618374
2010-05-28,1.624028455842344,1.429507313919563
2010-06-01,1.6020008991423293,1.4163411585668464
2010-06-02,1.6520663667541915,1.4498847994886457
2010-06-03,1.6752807266854353,1.4636779015288093
2010-06-04,1.6079247888983752,1.4135194173697603
2010-06-07,1.5692506690934818,1.387813503519117
2010-06-08,1.5794252381751497,1.385305441853
2010-06-09,1.5758702101112922,1.3737067219479835
2010-06-10,1.6339537292356983,1.4128927455986415
2010-06-11,1.652008704826011,1.4263724430241635
2010-06-14,1.649260003127899,1.4260597257003438
2010-06-15,1.6897138757572874,1.4643051231325848
2010-06-16,1.6873440216600277,1.4702610479342495
2010-06-17,1.6908456744670937,1.4749641790263346
2010-06-18,1.6855550032601117,1.4761889312703935
2010-06-21,1.6840897540368616,1.4636249801355472
2010-06-22,1.6515735171504347,1.4523180839133742
2010-06-23,1.651740635161156,1.4463510250004001
2010-06-24,1.6257357160273873,1.4243648665343227
2010-06-25,1.6362096151277663,1.4246480303528144
2010-06-28,1.6281131950389949,1.4196126628775765
2010-06-29,1.5628155945789244,1.364855240914994
2010-06-30,1.5452757742666088,1.3440848999122954
2010-07-01,1.5488853814540744,1.3403082368477024
2010-07-02,1.5326615585035421,1.3365323985320956
2010-07-06,1.531282634706029,1.340622878585823
2010-07-07,1.5845889708818728,1.383422539918194
2010-07-08,1.5869504835577868,1.390975591131051
2010-07-09,1.5956907171736283,1.404192880920893
2010-07-12,1.593765117996361,1.4082836358909487
2010-07-13,1.621183264739424,1.4265362931560286
2010-07-14,1.632685231230522,1.4337740153399439
2010-07-15,1.6360438655755472,1.4350334070414106
2010-07-16,1.5837489630349906,1.3953812627555557
2010-07-19,1.6015040324566694,1.4073401230510814
2010-07-20,1.621199627857663,1.4243333886146947
2010-07-21,1.595565261881189,1.4048223018552985
2010-07-22,1.6381775281200945,1.44038314133844
2010-07-23,1.667529450619756,1.4495091263255693
2010-07-26,1.6876132274767184,1.4614682615374235
2010-07-27,1.6720535370966492,1.460838153312197
2010-07-28,1.6707723624296917,1.4491947595037777
2010-07-29,1.6670123029290507,1.43849501599339
2010-07-30,1.671019948713923,1.4416422581235777
2010-08-02,1.698318792560773,1.4687059837213383
2010-08-03,1.6997108143305297,1.4624117743772906
2010-08-04,1.7196303784111673,1.4772028226903913
2010-08-05,1.7127992351323484,1.4737412137384116
2010-08-06,1.7048818879613634,1.471539133946063
2010-08-09,1.7135195269284709,1.481609181605717
2010-08-10,1.6902071093045496,1.468705983721338
2010-08-11,1.6369913001687488,1.4287397475300203
2010-08-12,1.6268116712835063,1.4174101707107352
2010-08-13,1.6195151114694342,1.4073401230510811
2010-08-16,1.623653977143674,1.4098569820397142
2010-08-17,1.650627113235958,1.4277951350248383
2010-08-18,1.653460075058707,1.4334607481834665
2010-08-19,1.6304400288406171,1.4117452448429284
2010-08-20,1.6490408125278864,1.4136335076461424
2010-08-23,1.6279393019733468,1.39978693438006
2010-08-24,1.6013782446787923,1.373666996538496
2010-08-25,1.606907763103031,1.3868842863283382
2010-08-26,1.5931599623127406,1.3702052501283521
2010-08-27,1.6284633357686933,1.386884286328338
2010-08-30,1.5977772285207341,1.372408017211522
2010-08-31,1.6038095852223864,1.3676875663907326
2010-09-01,1.6538559689736256,1.4085985525453975
2010-09-02,1.6831316530930636,1.4243333886146938
2010-09-03,1.706829915077765,1.447935780176803
2010-09-07,1.686309366765036,1.4381809240879264
2010-09-08,1.7121687366314347,1.45548883138966
2010-09-09,1.7127070728086178,1.4611538947156313
2010-09-10,1.720609951910204,1.466502941721839
2010-09-13,1.746801447451682,1.4869586409864177
2010-09-14,1.7539319584499882,1.4932531252467935
2010-09-15,1.758622417285084,1.5026940268883717
2010-09-16,1.770182050000645,1.5086731821198054
2010-09-17,1.7770980637456244,1.5137829144619384
2010-09-20,1.8089159440138778,1.540280174964551
2010-09-21,1.800831284713049,1.5399642961029518
2010-09-22,1.7902103572211956,1.5358637816032297
2010-09-23,1.782434193079074,1.5352328486290174
2010-09-24,1.8237819362635141,1.5664612816892356
2010-09-27,1.8167518425164706,1.557944648744521
2010-09-28,1.83107841103001,1.5573131659376518
2010-09-29,1.8309035442605528,1.55478998387346
2010-09-30,1.8177255462246598,1.5478505459061116
2010-10-01,1.8163261735660465,1.545957746983475
2010-10-04,1.8005850358040234,1.5292396726648232
2010-10-05,1.8468689754935605,1.5664612816892358
2010-10-06,1.8143770618386375,1.552897459867152
2010-10-07,1.815813957830194,1.5585759940932264
2010-10-08,1.8256183652222084,1.569300205156862
2010-10-11,1.8255683654084354,1.5699311381310743
2010-10-12,1.8345944998485395,1.5806561739436962
2010-10-13,1.8501939546400763,1.5935886504170749
2010-10-14,1.848785192230524,1.5904345353786709
2010-10-15,1.858449755203107,1.6241864254194092
2010-10-18,1.8606899284709966,1.6181928370807217
2010-10-19,1.832569593046096,1.6030525075720934
2010-10-20,1.848666301084507,1.6147228431807188
2010-10-21,1.85761789154974,1.617877095677287
2010-10-22,1.887009130775691,1.6289177354351791
2010-10-25,1.897021819827324,1.6368037103220099
2010-10-26,1.9049273350275375,1.6412198287670023
2010-10-27,1.9111663211734418,1.6462670176443717
2010-10-28,1.915207825989906,1.6497370115443741
2010-10-29,1.9142797960880547,1.6459515511572655
2010-11-01,1.90770948493555,1.6472132796475254
2010-11-02,1.9245857870533662,1.664877615969331
2010-11-03,1.9297051858730252,1.6724486742017133
2010-11-04,1.9431118089550503,1.6929515216166526
2010-11-05,1.9478576825052374,1.6929515216166526
2010-11-08,1.9539207426663778,1.6951603368590524
2010-11-09,1.9585401862378253,1.6860122211074684
2010-11-10,1.967683200239857,1.6945291289685118
2010-11-11,1.9649876902650378,1.683803680781397
2010-11-12,1.9354125573827408,1.6563608455664522
2010-11-15,1.9292354996444019,1.650053165322302
2010-11-16,1.8918193809396928,1.6229246969291489
2010-11-17,1.9024882081496004,1.6276564193194119
2010-11-18,1.9349561333293532,1.6538375260440965
2010-11-19,1.9366005963950463,1.6550984297853708
2010-11-22,1.9468500555288832,1.6689789552180394
2010-11-23,1.9106568879745076,1.6424819696317556
2010-11-24,1.953012229583286,1.6756022394074601
2010-11-26,1.9458345480840316,1.6645621494822251
2010-11-29,1.934613745073236,1.663300420991965
2010-11-30,1.908581058078041,1.643112215315146
2010-12-01,1.9586530244428542,1.6778107797335309
2010-12-02,1.9837121011051546,1.694843770706632
2010-12-03,1.9964960445639122,1.6992608513587746
2010-12-06,1.9920430712093122,1.6986290936355763
2010-12-07,1.9899688073257065,1.6995763178458807
2010-12-08,2.000132423169833,1.705884410464524
2010-12-09,1.9996942199933205,1.7074617429000547
2010-12-10,2.011464412286157,1.7188178491450532
2010-12-13,1.999769119617391,1.712823985890037
2010-12-14,1.9929574931225955,1.7159783758447693
2010-12-15,1.976329758943141,1.70840772998688
2010-12-16,1.9957917127154454,1.721656360238186
2010-12-17,1.9945545774741946,1.723173485997746
2010-12-20,2.0040971739426925,1.724437688734964
2010-12-21,2.012944910173142,1.7348674644106339
2010-12-22,2.0099740416603993,1.7345518604653634
2010-12-23,1.9994588177212222,1.7301269446978547
2010-12-27,1.9952549714699783,1.7310754060316376
2010-12-28,1.987696587851449,1.7279140057105253
2010-12-29,1.9977528771792812,1.7317075761293286
2010-12-30,1.9895830318865884,1.7275979893907618
2010-12-31,1.9842927248864592,1.7212769757046729
2011-01-03,2.0260678441672524,1.7481426240876532
2011-01-04,2.0179143141078937,1.7468785588086
2011-01-05,2.0582462624840554,1.7617332502517784
2011-01-06,2.070489508763168,1.767422368756505
2011-01-07,2.0645504470054483,1.7658421496995238
2011-01-10,2.081670115253184,1.772479317163541
2011-01-11,2.077083487540989,1.7750079975543047
2011-01-12,2.102643550538368,1.78765057475914
2011-01-13,2.105177595510999,1.7882827448568308
2011-01-14,2.1231372214919215,1.8015568048685353
2011-01-18,2.129371071569282,1.8066141656500636
2011-01-19,2.0975222094048167,1.7860698058695008
2011-01-20,2.0540523899212237,1.7734272286646655
2011-01-21,2.0408924407737667,1.7598368774168687
2011-01-24,2.066306095288053,1.7841737079509203
2011-01-25,2.0611275877653314,1.7867019759671916
2011-01-26,2.070491765936507,1.7961841150580646
2011-01-27,2.1146870034280223,1.8072461982895902
2011-01-28,2.0618606092892136,1.7614172339320142
2011-01-31,2.064187610620111,1.7699504993146111
2011-02-01,2.1124933329763813,1.8031370239255162
2011-02-02,2.1187380499850703,1.8002932894221388
2011-02-03,2.121184153130341,1.803453590077937
2011-02-04,2.1419205176094063,1.8135673494338436
2011-02-07,2.1446303557822186,1.8221011646490979
2011-02-08,2.148664170650462,1.8341111593817492
2011-02-09,2.1504711848360025,1.8309505838096225
2011-02-10,2.167599358445026,1.8337965176436288
2011-02-11,2.1957846166232993,1.8470696154481836
2011-02-14,2.208968841110604,1.8514948061320209
2011-02-15,2.1924416955798853,1.8489664006575854
2011-02-16,2.20434540185976,1.8609772201392227
2011-02-17,2.2176203093983706,1.860345187499696
2011-02-18,2.21620796503097,1.8562360131356217
2011-02-22,2.1281809629745725,1.8025045789114968
2011-02-23,2.070300551382374,1.7876505747591396
2011-02-24,2.1035092962622546,1.7971318891010266
2011-02-25,2.1429132541065767,1.822101164649098
2011-02-28,2.1315971517553725,1.8258936354025872
2011-03-01,2.0959291185856097,1.7965002688359928
2011-03-02,2.0993953354648465,1.805982133010537
2011-03-03,2.1510545313396836,1.8416967881795487
2011-03-04,2.143320937404316,1.832215473837662
2011-03-07,2.09651848375368,1.8075624895256828
2011-03-08,2.0881018016552493,1.8148325143782116
2011-03-09,2.0527890109913507,1.8025045789114968
2011-03-10,2.0225761650160305,1.7743761023729419
2011-03-11,2.037250558672871,1.7854379106881386
2011-03-14,2.022585140159666,1.7791163471693925
2011-03-15,2.0096984419093187,1.7538317425923793
2011-03-16,1.966960998701327,1.7114789577522005
2011-03-17,1.9808397305512617,1.7272829352781482
2011-03-18,1.973871871200606,1.7233890203993938
2011-03-21,2.0069747340269197,1.7566229680769878
2011-03-22,2.0040045414160224,1.753458268759932
2011-03-23,2.026355934477862,1.7632693452380137
2011-03-24,2.0829718296294795,1.794604033459248
2011-03-25,2.0717779076517027,1.7990351348441511
2011-03-28,2.0700378008768148,1.789223096158919
2011-03-29,2.0927264286576914,1.8066307980879464
2011-03-30,2.1061099462464345,1.8151768470798249
2011-03-31,2.10428479633071,1.8177088264665326
2011-04-01,2.113631094773235,1.8186586623819592
2011-04-05,2.1090863052517617,1.8138953811060619
2011-04-06,2.1116504637812032,1.8183409080227122
2011-04-07,2.0968489233176997,1.817071545556346
2011-04-08,2.086662692082552,1.8084964531974523
2011-04-11,2.092309825998254,1.8024631198840968
2011-04-12,2.071267324916234,1.7900785609839203
2011-04-13,2.0894327896371783,1.8053216678893524
2011-04-14,2.096909988621287,1.8021459171817233
2011-04-15,2.1094031015600248,1.7989700285598762
2011-04-18,2.07983707225369,1.7862675773862344
2011-04-19,2.094705853987404,1.7973818084205158
2011-04-20,2.1517043358977888,1.8380300935016685
2011-04-21,2.1776079444460033,1.8526374158601706
2011-04-25,2.1760219067704583,1.8574005592218492
2011-04-26,2.186794478386344,1.867880109022947
2011-04-27,2.209799193598506,1.8805824222823708
2011-04-28,2.206370847689958,1.8777245638482072
2011-04-29,2.2002729266853813,1.876137447022594
2011-05-02,2.2066098697163112,1.8726436661272814
2011-05-03,2.1729138386521583,1.8637517848086702
2011-05-04,2.149569596425102,1.860894202202943
2011-05-05,2.1475766648539527,1.8507321309326548
2011-05-06,2.1633382658811406,1.8567653263317918
2011-05-09,2.1849405305985203,1.8637517848086702
2011-05-10,2.2102023079212465,1.8796298487757221
2011-05-11,2.187866049069049,1.8659750999238687
2011-05-12,2.2124927881535945,1.8770898826150237
2011-05-13,2.1823285156804633,1.8548603172327136
2011-05-16,2.1476686637923774,1.8227869865962358
2011-05-17,2.139287316517648,1.8278678843171616
2011-05-18,2.163523791990396,1.8431108533083753
2011-05-19,2.165184909400239,1.8485090916458926
2011-05-20,2.1520291464983785,1.834536450520574
2011-05-23,2.1169788678712047,1.8075441555192402
2011-05-24,2.10236628062612,1.7964293728280851
2011-05-25,2.1136537378847833,1.8034156933907448
2011-05-26,2.1315183675388445,1.8145306139961181
2011-05-27,2.139111808573013,1.8237395601028843
2011-05-31,2.167987435117418,1.853273062492882
2011-06-01,2.1276939934107557,1.8129423938567575
2011-06-02,2.1403395534074625,1.8167532395402248
2011-06-03,2.112296297933921,1.7894431901796444
2011-06-06,2.0805924522877053,1.7748351782500504
2011-06-07,2.077635783910485,1.7716601171135136
2011-06-08,2.057462151747087,1.7589575280256535
2011-06-09,2.0540045647208873,1.7621334166475007
2011-06-10,2.0228391955600933,1.7351402941608565
2011-06-13,2.0127845311792716,1.7351402941608565
2011-06-14,2.039736165846774,1.7573698595431666
2011-06-15,2.003868609806739,1.7240264768692304
2011-06-16,1.984586680728508,1.7173573590089442
2011-06-17,1.9885467882923773,1.7119784286620061
2011-06-20,2.0112165013679353,1.7208900317138518
2011-06-21,2.0561930927106595,1.7578099438141546
2011-06-22,2.048617406267543,1.7450788064830807
2011-06-23,2.0598678346525943,1.761310620420388
2011-06-24,2.045431663428777,1.7307565528140594
2011-06-27,2.066942247854569,1.7584462800179588
2011-06-28,2.1129068530825452,1.7845444771412553
2011-06-29,2.127376535903557,1.7918645501124986
2011-06-30,2.1344964879009574,1.815734467208733
2011-07-01,2.1688561248163682,1.8431061642249489
2011-07-05,2.1912270019478757,1.8523360732929155
2011-07-06,2.185419982363351,1.8583836117707688
2011-07-07,2.1936877461316033,1.8838449210333876
2011-07-08,2.196845781998069,1.8787528522607697
2011-07-11,2.1538624148740193,1.844697418477115
2011-07-12,2.1404364224237558,1.8306938845668697
2011-07-13,2.1497600852950027,1.8383317118973599
2011-07-14,2.1238516900868007,1.817007691273216
2011-07-15,2.13755240138667,1.8411964660424447
2011-07-18,2.124338400050656,1.831329807028019
2011-07-19,2.161432322668998,1.8730240335416928
2011-07-20,2.1496811936623375,1.8650674864524268
2011-07-21,2.140265452915912,1.8774797661105063
2011-07-22,2.148458884514182,1.896893950637927
2011-07-25,2.1404362223110223,1.8930751059297912
2011-07-26,2.1390333442373324,1.897848592857852
2011-07-27,2.1007766003886763,1.8488349829440271
2011-07-28,2.0935697916619644,1.8520179051910137
2011-07-29,2.1070134154897113,1.8459710562842528
2011-08-01,2.0958375947532795,1.8373777592485272
2011-08-02,2.0218586605404436,1.7909101837210113
2011-08-03,2.035318428422961,1.808096364049807
2011-08-04,1.932782955314769,1.7240736435319315
2011-08-05,1.931738700063535,1.713252342297581
2011-08-08,1.8160386356309002,1.6101316745551288
2011-08-09,1.908359850080797,1.6877897918069964
2011-08-10,1.8389797456910335,1.6187251095050728
2011-08-11,1.9098936471183838,1.6900177960056217
2011-08-12,1.9440053466130809,1.7049770754495395
2011-08-15,1.9720071325099666,1.7301202166102558
2011-08-16,1.955133913058834,1.7154797948393323
2011-08-17,1.9420112264275755,1.7052953814656595
2011-08-18,1.8494216215274963,1.6215895878217208
2011-08-19,1.828655588736934,1.5923087442798738
2011-08-22,1.8252650733056413,1.5980378388273881
2011-08-23,1.9043450952816732,1.66392001262498
2011-08-24,1.9207130174026474,1.6769686284868643
2011-08-25,1.8940345649010424,1.6495973452133037
2011-08-26,1.9472404711585694,1.69097298988242
2011-08-29,2.003589766655841,1.7380770395279586
2011-08-30,2.0388424220446524,1.7495338494808028
2011-08-31,2.0394408472092995,1.7523990173685426
2011-09-01,2.0215031866367554,1.7364855094473557
2011-09-02,1.9793133538547287,1.6957468905531357
2011-09-06,1.993427296444288,1.6960651965692561
2011-09-07,2.035597133988701,1.7390314059194465
2011-09-08,2.019048664966719,1.731074996744399
2011-09-09,1.9705452930251746,1.6925641062203673
2011-09-12,1.9917313213204741,1.714206432860632
2011-09-13,2.018639043982839,1.7371223973080339
2011-09-14,2.050893123273308,1.76194723245263
2011-09-15,2.0742880203182867,1.788046119147019
2011-09-16,2.097064466282202,1.8044350173791104
2011-09-19,2.102804895679531,1.8050724568966618
2011-09-20,2.088053202242155,1.7971004634149326
2011-09-21,2.05285282220787,1.7658524114614986
2011-09-22,1.9807122937738901,1.7084584440651935
2011-09-23,1.997760183192124,1.7266327797689907
2011-09-26,2.0203082398833145,1.7467205373391899
2011-09-27,2.029749239957874,1.7648959763567345
2011-09-28,1.9986097591673464,1.738749647171208
2011-09-29,1.9603110843021436,1.7180241742550206
2011-09-30,1.9164305736876837,1.6737021302235129
2011-10-03,1.8605170930204744,1.6306549652271083
2011-10-04,1.9052697199167983,1.6641358483768125
2011-10-05,1.9488859889567218,1.7068633282149122
2011-10-06,1.9794480475758716,1.7355613462697028
2011-10-07,1.9771606859646658,1.7240819183850369
2011-10-10,2.0389056999972035,1.7837091307202675
2011-10-11,2.0465141394581656,1.7958255843798294
2011-10-12,2.04351533837006,1.8047534613094496
2011-10-13,2.050493433730441,1.8213341982193672
2011-10-14,2.0788107736320636,1.8551336632136288
2011-10-17,2.054617981159208,1.8264361968157115
2011-10-18,2.081847344526495,1.8490755053409567
2011-10-19,2.0684562796930512,1.8133631701371669
2011-10-20,2.067858209641351,1.8044350173791102
2011-10-21,2.0946595318076824,1.8270743259043554
2011-10-24,2.128552614879687,1.8650188027333232
2011-10-25,2.0947623876286374,1.8283497565963323
2011-10-26,2.095692125376337,1.8261176149711542
2011-10-27,2.149147260738395,1.8764971273042417
2011-10-28,2.1339169047952815,1.879366984275408
2011-10-31,2.1074789391628257,1.8477999367347615
2011-11-01,2.0732303114505055,1.7996518764557599
2011-11-02,2.094522757246032,1.8149574585021377
2011-11-03,2.1306280717438772,1.8525823880870191
2011-11-04,2.138214551938927,1.843017071639848
2011-11-07,2.139254394056221,1.8560900983183923
2011-11-08,2.1537625266995097,1.8774545278085344
2011-11-09,2.089485814150537,1.8114497482707643
2011-11-10,2.103302978425036,1.810493313166
2011-11-11,2.144670853738504,1.8446112220906006
2011-11-14,2.1338095993831274,1.8331322079485899
2011-11-15,2.151759314908487,1.8535397885913125
2011-11-16,2.1079518716940235,1.822928486584338
2011-11-17,2.0665854521951155,1.7802016963173304
2011-11-18,2.0444366037242387,1.7664908163785789
2011-11-21,2.021839341099992,1.7326910755558809
2011-11-22,2.025742743852048,1.7384305136697764
2011-11-23,1.988306650570822,1.6992107440630504
2011-11-25,1.977621056583217,1.686137579470287
2011-11-28,2.030016744536925,1.7448078050438796
2011-11-29,2.0368287991429717,1.7339662304194206
2011-11-30,2.1004483999344195,1.7980577260050068
2011-12-01,2.118073463889819,1.810493313166
2011-12-02,2.105070673724494,1.8053917283123107
2011-12-05,2.1354895888294276,1.8251609040379526
2011-12-06,2.129810719159701,1.8200587675273896
2011-12-07,2.1236409996472845,1.8200587675273896
2011-12-08,2.086612863048551,1.789448430919944
2011-12-09,2.124399154543592,1.8181454835752058
2011-12-12,2.1027023404043974,1.7977385925035754
2011-12-13,2.0848722254048813,1.777969554692152
2011-12-14,2.056931248569793,1.7502283854847804
2011-12-15,2.0578112441100194,1.745445796218304
2011-12-16,2.0741041360255963,1.7544318729480985
2011-12-19,2.0554634677085035,1.737162530345594
2011-12-20,2.109053327180535,1.7886510109090215
2011-12-21,2.1076017545457755,1.7630666821635692
2011-12-22,2.1128010638659873,1.778097539086848
2011-12-23,2.1357740082792107,1.7934476674257769
2011-12-27,2.148962499192485,1.8001376103330449
2011-12-28,2.12673386557204,1.7793325609128268
2011-12-29,2.1454338182920845,1.7921352757232627
2011-12-30,2.1301026650556505,1.7870145207932129
2012-01-03,2.1396297927766756,1.821263310311097
2012-01-04,2.1421105523936257,1.8289447185346088
2012-01-05,2.1598862061804778,1.84398853939442
2012-01-06,2.159632132113881,1.8503902415851836
2012-01-09,2.155444236674219,1.8443089141238167
2012-01-10,2.170217518733682,1.8577521025646089
2012-01-11,2.181789102858326,1.8615930135476926
2012-01-12,2.1906660388823136,1.8689550124413365
2012-01-13,2.1701818538998707,1.8622327976069575
2012-01-17,2.1830763320121416,1.8791977635294024
2012-01-18,2.215756774253086,1.9041635470052267
2012-01-19,2.240033132874154,1.9160073442549663
2012-01-20,2.234020270273254,1.913126454146326
2012-01-23,2.2242744092441176,1.9137672036051199
2012-01-24,2.2339956117948274,1.9102457019519046
2012-01-25,2.243978564285305,1.9342521541243778
2012-01-26,2.229542897321645,1.927530215118436
2012-01-27,2.2389932456198474,1.9332917195072792
2012-01-30,2.236382926120612,1.9348915244409877
2012-01-31,2.2386296418647036,1.9374520398202308
2012-02-01,2.2873551763559625,1.9531360584819621
2012-02-02,2.2912351659572088,1.959218075514421
2012-02-03,2.3372901611933017,1.9861047282244428
2012-02-06,2.33055161859004,1.9845043716338613
2012-02-07,2.3386256545050235,1.9886656573463417
2012-02-08,2.337899436572852,1.9992283694211492
2012-02-09,2.3460537525717418,2.0136321303932583
2012-02-10,2.3218676513719805,1.999548606236327
2012-02-13,2.347650224231018,2.0181125496071695
2012-02-14,2.3820667353010063,2.023233856194093
2012-02-15,2.3702488023844137,2.0091501941229435
2012-02-16,2.3976486411367657,2.0366777342059774
2012-02-17,2.3757202122429226,2.030276032015214
2012-02-21,2.366889569647476,2.0360376743182758
2012-02-22,2.370209880539202,2.026754944104653
2012-02-23,2.3779309438549916,2.0401988221165372
2012-02-24,2.377872827166565,2.047240584195003
2012-02-27,2.3861510958817265,2.050121336389425
2012-02-28,2.405268247255732,2.0709269374665165
2012-02-29,2.38130902808925,2.0616447589097677
2012-03-01,2.4052228140365113,2.077968285802327
2012-03-02,2.4001188649518124,2.07636751546909
2012-03-05,2.3812640802824903,2.054921992418515
2012-03-06,2.345685916081985,2.0347568649717807
2012-03-07,2.370449205065584,2.05044102154773
2012-03-08,2.39833987311025,2.0725267424002247
2012-03-09,2.4253916409891856,2.081169274811927
2012-03-12,2.4234749687162638,2.082129847343244
2012-03-13,2.4684322189672625,2.1208596077319135
2012-03-14,2.4644142626427277,2.1282216066255573
2012-03-15,2.4710288510587,2.1343023824300507
2012-03-16,2.4661589524455523,2.13279635916487
2012-03-19,2.47503639691473,2.147864590841342
2012-03-20,2.4685763106399015,2.1517129491922202
2012-03-21,2.483277067477994,2.1520331860073987
2012-03-22,2.4895075733872396,2.147543664455071
2012-03-23,2.488599552735277,2.146261889709047
2012-03-26,2.5301669163246228,2.183774557120132
2012-03-27,2.5325946977050666,2.186981200612687
2012-03-28,2.5156815564778277,2.1783251526075795
2012-03-29,2.5093372321105307,2.169988100189684
2012-03-30,2.497967278766601,2.165820332508938
2012-04-03,2.495828588886506,2.1651856084841055
2012-04-04,2.4677340960976277,2.1356742173243806
2012-04-05,2.473268391379089,2.149003012346483
2012-04-09,2.452300366278457,2.1328180957124263
2012-04-10,2.3969260918434157,2.098545455367719
2012-04-11,2.4143622049194,2.1087004937658715
2012-04-12,2.4463449592704305,2.1328180957124263
2012-04-13,2.433939767483432,2.1004494909424256
2012-04-16,2.4033861755281185,2.0769664765209126
2012-04-17,2.435576925480962,2.1191726211768596
2012-04-18,2.4578586341918496,2.1137784224643186
2012-04-19,2.4301626783562846,2.0899780460303896
2012-04-20,2.413748624789173,2.0842656663066914
2012-04-23,2.3912069824289244,2.065225310559632
2012-04-24,2.36245026769062,2.0541187321233934
2012-04-25,2.421138922506933,2.1087004937658724
2012-04-26,2.4365366034509206,2.121076793251356
2012-04-27,2.4416869581171676,2.1337703182494656
2012-04-30,2.43001322069047,2.118536668653915
2012-05-01,2.4446090937252882,2.1220288792886044
2012-05-02,2.4652318375109905,2.1280578020259773
2012-05-03,2.4398630276240976,2.105526327642551
2012-05-04,2.384084760046753,2.053166782585936
2012-05-07,2.383883860856135,2.055070954660432
2012-05-08,2.324612056671069,2.047454539362028
2012-05-09,2.3165867200691523,2.041107981612659
2012-05-10,2.323329379387471,2.036982684950621
2012-05-11,2.330775392429316,2.0366654594379954
2012-05-14,2.307683855166219,2.017625240190726
2012-05-15,2.30315801385802,2.01096091092957
2012-05-16,2.2901728883584274,1.997315709393583
2012-05-17,2.228431947123529,1.9551097012374266
2012-05-18,2.1996095059973206,1.929722924240788
2012-05-21,2.2497138383541975,1.9836695523590644
2012-05-22,2.2444714327951045,1.9814487007711037
2012-05-23,2.2576859394354942,1.985256498920935
2012-05-24,2.2601934458682145,1.9722465674089413
2012-05-25,2.25915855321179,1.969707261810242
2012-05-29,2.2626905347703254,1.9947768132942547
2012-05-30,2.239597914549061,1.977958128133898
2012-05-31,2.2274528254038715,1.9693894902984552
2012-06-01,2.164087934283213,1.9170292627428884
2012-06-04,2.185997309798911,1.9316266868159135
2012-06-05,2.1960314491962927,1.9395607371263146
2012-06-06,2.24121854491765,1.9839871873710608
2012-06-07,2.227254898901636,1.9760539560594017
2012-06-08,2.24980036380029,1.9950939023070902
2012-06-11,2.219774051421574,1.9614565319863766
2012-06-12,2.2496612183432503,1.9852564989209347
2012-06-13,2.23105983619937,1.9716111608851576
2012-06-14,2.25298952991896,1.9789106236705167
2012-06-15,2.286976354904487,2.003496283397964
2012-06-18,2.3214104107524443,2.0222628205657087
2012-06-19,2.3313074139238332,2.0432545773147037
2012-06-20,2.326422026605692,2.044844799871541
2012-06-21,2.2732052053523244,1.99395481155715
2012-06-22,2.303663380866528,2.014946704805935
2012-06-25,2.2650048390845208,1.9761428174228786
2012-06-26,2.2891481063388146,1.9885472358651615
2012-06-27,2.2778094146946706,2.000633609796077
2012-06-28,2.2211991376130067,1.9783689925026609
2012-06-29,2.295838316328833,2.0407102212237644
2012-07-02,2.302515307253748,2.0467533399393267
2012-07-03,2.311554851458115,2.063929108551073
2012-07-05,2.316556441443072,2.065201696095914
2012-07-06,2.2913302036641245,2.0394383161778746
2012-07-09,2.2922733875293857,2.0356210995425132
2012-07-10,2.2651873777673432,2.0155830668282504
2012-07-11,2.2590303265757634,2.004450962931228
2012-07-12,2.245508845086805,1.9856845622632737
2012-07-13,2.275578587104587,2.0159008383400367
2012-07-16,2.2638035392156546,2.010176173635213
2012-07-17,2.2907767537691,2.0206723250092904
2012-07-18,2.307591989282388,2.0480257909843766
2012-07-19,2.321791866713181,2.070607906789999
2012-07-20,2.2856466948118688,2.0432545773147033
2012-07-23,2.251410227004007,2.018445330930767
2012-07-24,2.2327251263618075,2.002542422863442
2012-07-25,2.219430475244022,1.9891837343872667
2012-07-26,2.2506868141876133,2.0155830668282504
2012-07-27,2.3216805127367226,2.063293019528338
2012-07-30,2.322472522626314,2.0617027969715003
2012-07-31,2.298000523381058,2.0610664349491845
2012-08-01,2.2938304499110673,2.055022770234461
2012-08-02,2.291898109336133,2.047707746473009
2012-08-03,2.3254324972947904,2.086511360856485
2012-08-06,2.3409092563324365,2.102415360922132
2012-08-07,2.351799960378528,2.1199091740452456
2012-08-08,2.325224052563108,2.1189549040113533
2012-08-09,2.3180994695271444,2.125315111739751
2012-08-10,2.3223144815640127,2.12658701678564
2012-08-13,2.3225685030107197,2.131676547966262
2012-08-14,2.3302884605910683,2.1326309544999447
2012-08-15,2.3381350835868,2.1380378476929818
2012-08-16,2.330719181084288,2.163482773600282
2012-08-17,2.338170332327222,2.173025473939209
2012-08-20,2.335719316804292,2.176205509553513
2012-08-21,2.324150237725058,2.1676177617474304
2012-08-22,2.3356836874860427,2.176524236563832
2012-08-23,2.3212149900775425,2.1587130614283025
2012-08-24,2.338655635322822,2.172071203905317
2012-08-27,2.3331622492920494,2.175570649028891
2012-08-28,2.3335500122068775,2.175570649028891
2012-08-29,2.339932199951795,2.175570649028891
2012-08-30,2.3201438949233566,2.1536236667474715
2012-08-31,2.3262108455669437,2.1679362157581687
2012-09-04,2.3354395197116076,2.1657103136779674
2012-09-05,2.334414611405936,2.1634827736002826
2012-09-06,2.3821270388304603,2.2115118628100596
2012-09-07,2.3817593533103927,2.2083303256980624
2012-09-10,2.3590358108442393,2.180022589689084
2012-09-11,2.3519811506589567,2.176524236563832
2012-09-12,2.35416339590322,2.182885399790762
2012-09-13,2.384036144867664,2.2124664058435326
2012-09-14,2.400989262935871,2.2321854385478965
2012-09-17,2.397414001111189,2.2331390260828377
2012-09-18,2.396935712970695,2.2350478391502033
2012-09-19,2.405439581051716,2.2391837827958834
2012-09-20,2.4146098856781735,2.2369567887173596
2012-09-21,2.4195883237910487,2.2375938332386265
2012-09-24,2.4182315197888458,2.224516743829812
2012-09-25,2.391456130390078,2.193257063356098
2012-09-26,2.3711313823046574,2.1753949737987917
2012-09-27,2.39617774122096,2.205378108233746
2012-09-28,2.383854299481644,2.1871972916661204
2012-10-01,2.3866030433058634,2.184007428066916
2012-10-02,2.3940894240791066,2.1903868822657446
2012-10-03,2.4175957442622305,2.204421927202789
2012-10-04,2.430871400187771,2.2120775179410055
2012-10-05,2.4238879568324645,2.200275336573467
2012-10-08,2.406536576918647,2.180179427948122
2012-10-09,2.3676597530989087,2.145411020365095
2012-10-10,2.3584682395185657,2.1345662485266255
2012-10-11,2.353749969945469,2.1278677943178974
2012-10-12,2.3431733056808057,2.1269113402873603
2012-10-15,2.3560818916376864,2.142540566275161
2012-10-16,2.3865301400756285,2.1728431102193864
2012-10-17,2.3912888341022347,2.171567110179788
2012-10-18,2.3742733443865878,2.1463685663939547
2012-10-19,2.327582526881473,2.095013113794687
2012-10-22,2.329053921168206,2.105858977631479
2012-10-23,2.3195242291100238,2.0857633420057144
2012-10-24,2.3145902273913204,2.0784268877771876
2012-10-25,2.3292755250066124,2.0784268877771876
2012-10-26,2.3289196789876616,2.0844874784659067
2012-10-31,2.318817725068618,2.0717285700682497
2012-11-01,2.3553972739440567,2.1010741139827767
2012-11-02,2.338019794564114,2.078745751287297
2012-11-05,2.3437218809091314,2.092461659714652
2012-11-06,2.3442739787610893,2.096289386833865
2012-11-07,2.291043806219218,2.046848343793365
2012-11-08,2.2610868181087236,2.014632891788066
2012-11-09,2.258927285618584,2.0232452095564
2012-11-12,2.272534403541707,2.022925117548178
2012-11-13,2.267471992076147,2.0088910281096655
2012-11-14,2.227955167358944,1.985287211373749
2012-11-15,2.239608823625782,1.9785887571650211
2012-11-16,2.259483962470261,1.987200938433565
2012-11-19,2.285885893599482,2.034408844904979
2012-11-20,2.2952624761503753,2.0350467084249875
2012-11-21,2.304900153617033,2.0391937085536807
2012-11-23,2.3329924232932155,2.070134525517285
2012-11-26,2.3322977728295737,2.0790651607965676
2012-11-27,2.30620869857379,2.072047160578779
2012-11-28,2.3298373849832874,2.0899106151339883
2012-11-29,2.3438509315147713,2.1023503870219553
2012-11-30,2.356101003506457,2.0988415234128515
2012-12-03,2.334432424147478,2.0946950692833193
2012-12-04,2.349306212855119,2.0934185232445603
2012-12-05,2.3566302321337,2.070134525517285
2012-12-06,2.382152686280652,2.083530341936419
2012-12-07,2.3784013809413285,2.071091116047613
2012-12-10,2.374563601591366,2.077151160737171
2012-12-11,2.4010152761797747,2.104263568082611
2012-12-12,2.4106551386008648,2.0997985234425505
2012-12-13,2.4018903202950432,2.0832117514258903
2012-12-14,2.4093691931006633,2.0634353888096064
2012-12-17,2.4283636162152367,2.0908670691645264
2012-12-18,2.4540015228728618,2.1227644766584586
2012-12-19,2.4431463073376793,2.1135151143688575
2012-12-20,2.451653435889871,2.1135151143688575
2012-12-21,2.401061157924878,2.091286396520287
2012-12-24,2.3903852783786927,2.087116191427245
2012-12-26,2.3885640821972434,2.0688339555154367
2012-12-27,2.388213271548374,2.0656266199430755
2012-12-28,2.3690346742969552,2.0457396924966593
2012-12-31,2.419049198316505,2.0890409749700742
2013-01-02,2.483191501091858,2.1554357014635253
2013-01-03,2.4650351791673897,2.144209003211834
2013-01-04,2.4799480394941202,2.1371533290519267
2013-01-07,2.4824511464257837,2.1377951510658533
2013-01-08,2.4694614424106986,2.1336248094730212
2013-01-09,2.4925154031105574,2.1416434896534
2013-01-10,2.5046207131805898,2.1544740604409567
2013-01-11,2.507807986980388,2.157360348506564
2013-01-14,2.514695794524044,2.14773779579032
2013-01-15,2.5232892159475706,2.1371533290519267
2013-01-16,2.521035722849448,2.145813558246652
2013-01-17,2.53818046042921,2.156077386977662
2013-01-18,2.544125557139027,2.151266315369225
2013-01-22,2.5552360770636597,2.1547941524491785
2013-01-23,2.5434798956965214,2.1679453612441186
2013-01-24,2.5549428622243227,2.1381155160736554
2013-01-25,2.577686028861821,2.1490214398181733
2013-01-28,2.5696617121702183,2.1538326479264005
2013-01-29,2.547327969637524,2.154152193935461
2013-01-30,2.540327107098143,2.1496624428333586
2013-01-31,2.535534764108922,2.1448506887259704
2013-02-01,2.558341161674921,2.1701906462945404
2013-02-04,2.512818105572808,2.1323423939432797
2013-02-05,2.5675450269340625,2.1637755656504476
2013-02-06,2.5435760198059114,2.156719481991169
2013-02-07,2.5323604964641624,2.158643446535257
2013-02-08,2.5568308618545577,2.1807755225323047
2013-02-11,2.555645395059332,2.18141652554749
2013-02-12,2.556169583852015,2.172435658345382
2013-02-13,2.5594430294113257,2.1801343830173288
2013-02-14,2.565814664050536,2.1794928340029824
2013-02-15,2.556310300474157,2.173077070859938
2013-02-19,2.568616402134203,2.1887932472141514
2013-02-20,2.52653698667877,2.155115063456142
2013-02-21,2.4815984886306612,2.132021892435687
2013-02-22,2.508782730704387,2.153511600419647
2013-02-25,2.47504109333582,2.1268895003209156
2013-02-26,2.483350754602261,2.134908180501294
2013-02-27,2.5153828603461217,2.156719481991169
2013-02-28,2.5189022400482752,2.1522287753905345
2013-03-01,2.528386471222295,2.1612095060928525
2013-03-04,2.5476961066935493,2.170832468308468
2013-03-05,2.5777365952486337,2.202907052530192
2013-03-06,2.5773916985337975,2.1974549779065695
2013-03-07,2.5842897911716,2.203228509536316
2013-03-08,2.594705230484036,2.20579375009517
2013-03-11,2.601852476060111,2.2122085577396824
2013-03-12,2.589151727079184,2.2041901505588846
2013-03-13,2.595203034464969,2.201303862493277
2013-03-14,2.6033775767256038,2.2086807206597285
2013-03-15,2.579842631312924,2.202540277593692
2013-03-18,2.5575349627889654,2.1977173305035005
2013-03-19,2.5503724565728776,2.1935379799245096
2013-03-20,2.5742854506628094,2.2089698272155562
2013-03-21,2.545635934367764,2.1838939967411903
2013-03-22,2.5861891264492978,2.20511220664227
2013-03-25,2.5682389157257806,2.197075098990203
2013-03-26,2.5860109144371624,2.2089698272155562
2013-03-27,2.6036149512833537,2.2118636227696293
2013-03-28,2.627562280694651,2.2173279823743774
2013-04-01,2.5984654047569253,2.2022188205875683
2013-04-03,2.577390624279978,2.1821231251290873
2013-04-04,2.593888026303667,2.1827601980317084
2013-04-05,2.572982211840829,2.164580325974689
2013-04-08,2.581412934951622,2.1760624003278144
2013-04-09,2.5972017169826564,2.1907356627771257
2013-04-10,2.655591849640121,2.2334794082695115
2013-04-11,2.6614306386366144,2.232520954840122
2013-04-12,2.675569798926223,2.230926511965429
2013-04-15,2.6138811212497344,2.186907808074813
2013-04-16,2.6593647804960696,2.215934713064807
2013-04-17,2.625472754410516,2.172553488373306
2013-04-18,2.5775551208177987,2.1425696197077335
2013-04-19,2.6046977366501625,2.1719153320133677
2013-04-22,2.6168761357303483,2.1942438975708094
2013-04-23,2.638681563272669,2.215296827569198
2013-04-24,2.603994121535592,2.214339322164961
2013-04-25,2.6295567873345895,2.226141422723209
2013-04-26,2.6234725077753707,2.2191244114071815
2013-04-29,2.6351142891467743,2.2395397267742903
2013-04-30,2.6330124433894975,2.2558070258018
2013-05-01,2.6449866914791036,2.2452812379634297
2013-05-02,2.7086497079037795,2.2736695802969917
2013-05-03,2.75690637928587,2.30046375062019
2013-05-06,2.7639520146513266,2.309395501880362
2013-05-07,2.760609598293287,2.3081200017534735
2013-05-08,2.7657869369490657,2.3192825916301363
2013-05-09,2.7585728664771403,2.3160931641520914
2013-05-10,2.79841256932403,2.3301282702414645
2013-05-13,2.814935542806994,2.3329997029968577
2013-05-14,2.8513111445444346,2.3451197982777567
2013-05-15,2.838834784116429,2.349905158384306
2013-05-16,2.8150365393642014,2.347352262080223
2013-05-17,2.8527451116890052,2.3700013955714456
2013-05-20,2.8246635233868744,2.366492077320444
2013-05-21,2.8489261721917014,2.3690441610315385
2013-05-22,2.839449958824216,2.3483103092131192
2013-05-23,2.8535824567357,2.342887876203949
2013-05-24,2.8573958432881135,2.3416123760770606
2013-05-28,2.882596825829932,2.3569221697003337
2013-05-29,2.881568364793004,2.345758496366354
2013-05-30,2.9139258135983495,2.358199024148869
2013-05-31,2.8693517958565025,2.3365087503835302
2013-06-03,2.8535914692593365,2.3406551415371526
2013-06-04,2.8380781006543687,2.328533150205948
2013-06-05,2.798620339300615,2.298231557682053
2013-06-06,2.8332814517184537,2.309395501880362
2013-06-07,2.8950914358136908,2.3409736779884627
2013-06-10,2.893113582251293,2.3419309125283703
2013-06-11,2.8660025929528734,2.3186447061345272
2013-06-12,2.8088437825940815,2.291851619268646
2013-06-13,2.848440961124281,2.3208779825299817
2013-06-14,2.8297314912897797,2.305568188906708
2013-06-17,2.8380288031220844,2.327895806438997
2013-06-18,2.8834432854882808,2.3470345382219007
2013-06-19,2.835080366258036,2.3208779825299817
2013-06-20,2.748944647607959,2.265695063576727
2013-06-21,2.734911496324085,2.253663405499359
2013-06-24,2.7196369383264507,2.231264956944946
2013-06-25,2.7569171278942153,2.247584126491526
2013-06-26,2.7969462744895144,2.2677423916100863
2013-06-27,2.831046645815974,2.277342771467248
2013-06-28,2.8294189544435455,2.28054167919682
2013-07-01,2.846747002308827,2.294621748764864
2013-07-02,2.8395466920496153,2.2955822336767238
2013-07-03,2.8411096145523103,2.3048612330071165
2013-07-05,2.8908423336130693,2.322460371942019
2013-07-08,2.88904446047973,2.324700961674366
2013-07-09,2.8987419686341536,2.338780218649422
2013-07-10,2.9168818039333235,2.3522199649428934
2013-07-11,2.9577208988235215,2.3989372901467796
2013-07-12,3.0264372312430288,2.40949666516199
2013-07-15,3.0277026971551466,2.4149369752168965
2013-07-16,3.0158186049035343,2.411737796622995
2013-07-17,3.042711018344749,2.417816804766499
2013-07-18,3.042601453007619,2.411737796622995
2013-07-19,3.04035994745406,2.386776294352149
2013-07-22,3.0390389636458606,2.3938182251864766
2013-07-23,2.9644214925635675,2.376219086251574
2013-07-24,2.9347538426896342,2.3838986317171815
2013-07-25,2.934376250603131,2.39893729014678
2013-07-26,2.894735308289288,2.4117377966229956
2013-07-29,2.870787034892836,2.4072579714799485
2013-07-30,2.9063867974821345,2.4200568527701876
2013-07-31,2.9119824864871156,2.4245361361845763
2013-08-01,2.964502776559553,2.449175309903501
2013-08-02,2.966376719503467,2.4629341343769413
2013-08-05,2.974436863694392,2.464535484292033
2013-08-06,2.923949501627348,2.449815362313745
2013-08-07,2.903699296900614,2.445336620628015
2013-08-08,2.927125392786935,2.457494907779352
2013-08-09,2.9300758495381682,2.4475758560387155
2013-08-12,2.903606687931454,2.453335244273591
2013-08-13,2.9302773913572535,2.467095152204349
2013-08-14,2.899207365274297,2.457815340280968
2013-08-15,2.8354114720692754,2.416216538308726
2013-08-16,2.831306591880099,2.4152576785828423
2013-08-19,2.8289398791473475,2.4110955772981173
2013-08-20,2.876397152953267,2.421656306634974
2013-08-21,2.871606681407238,2.413338333945099
2013-08-22,2.9260522387673107,2.437015397566188
2013-08-23,2.944909498992448,2.453335244273591
2013-08-26,2.961400838291671,2.4546153490940785
2013-08-27,2.881474386992652,2.4043773293373576
2013-08-28,2.923313524406976,2.413656870396409
2013-08-29,2.943635341536041,2.4306154151924093
2013-08-30,2.9208795548677915,2.4149369752168965
2013-09-03,2.9750225279746547,2.428696070554666
2013-09-04,3.023445006454467,2.454615349094078
2013-09-05,3.0424517760980994,2.4587750125998387
2013-09-06,3.050639668527634,2.461654842149441
2013-09-09,3.091333947840116,2.490453408509797
2013-09-10,3.14661431179068,2.5026135917114396
2013-09-11,3.166846522140076,2.4978125214737883
2013-09-12,3.151636442955117,2.4962136093376612
2013-09-13,3.1615673238913984,2.4978125214737883
2013-09-16,3.1463199960270023,2.4910940026486994
2013-09-17,3.182338501526923,2.50773346926473
2013-09-18,3.2286027568473368,2.5378118695812444
2013-09-19,3.258036204066296,2.5438919611820654
2013-09-20,3.268694700741537,2.535161462118597
2013-09-23,3.232462380800582,2.530026687027192
2013-09-24,3.2509119837318785,2.530026687027192
2013-09-25,3.2674263122672293,2.5213609245384374
2013-09-26,3.3373234910505927,2.5409400817208567
2013-09-27,3.338996004431407,2.537730068553782
2013-09-30,3.3384474923364715,2.531631287314236
2013-10-01,3.396982050081876,2.5573073296858952
2013-10-02,3.395355527559184,2.556344136130742
2013-10-03,3.3426500074645116,2.526495970494172
2013-10-04,3.406042618775485,2.548321134695525
2013-10-07,3.362594854093354,2.527137918954721
2013-10-08,3.222041162542321,2.4783530863249394
2013-10-09,3.1758792294745586,2.4706524134416434
2013-10-10,3.284510603071474,2.522964441368164
2013-10-11,3.2729277317320125,2.5428651145095165
2013-10-14,3.30896610474707,2.5608375044902574
2013-10-15,3.2878336574622424,2.5508886576733927
2013-10-16,3.3168971928987423,2.579772817161822
2013-10-17,3.340634975007698,2.5945368191614637
2013-10-18,3.3910644079702563,2.63658092209115
2013-10-21,3.3858656699729823,2.6423584582360924
2013-10-22,3.3312868915246314,2.64620906554207
2013-10-23,3.2861037947993883,2.630161437485659
2013-10-24,3.3347729308320577,2.6417148845895673
2013-10-25,3.312742506731042,2.660652093311437
2013-10-28,3.2580264352221087,2.6612943126363158
2013-10-29,3.3108348997269825,2.665787410131501
2013-10-30,3.3055517731128123,2.663219345424975
2013-10-31,3.295687388241163,2.657121918507076
2013-11-01,3.291927319305495,2.6577627835103077
2013-11-04,3.328577677053104,2.6616144742736023
2013-11-05,3.353717452006659,2.6645040549390613
2013-11-06,3.2562093702021433,2.663861293885524
2013-11-07,3.1610898868875563,2.613793918656291
2013-11-08,3.193253005712636,2.6490970210215528
2013-11-11,3.215474684387846,2.6449265229426184
2013-11-12,3.2024462844298647,2.649097021021553
2013-11-13,3.250199703354224,2.681192818863033
2013-11-14,3.270459134019434,2.6895370653928543
2013-11-15,3.3058670933277208,2.6946712987556007
2013-11-18,3.260036374879483,2.6683546622450387
2013-11-19,3.247073412816473,2.6606520933114375
2013-11-20,3.241572812870854,2.654232337841617
2013-11-21,3.2950336450287403,2.6811928188630336
2013-11-22,3.3059576456759885,2.695635846632401
2013-11-25,3.294043729532137,2.702053706051916
2013-11-26,3.336724897886873,2.7161757595910085
2013-11-27,3.3729914587852963,2.7351113431269027
2013-11-29,3.3878593832710355,2.7514804871422465
2013-12-02,3.379040574027709,2.743457485707029
2013-12-03,3.3508096743679547,2.7412098535021188
2013-12-04,3.3427148883536577,2.7437773764799855
2013-12-05,3.349211974241491,2.7402472016756243
2013-12-06,3.371043659970747,2.760145437038012
2013-12-09,3.3913134988399314,2.7713787225046334
2013-12-10,3.412990236663775,2.769453418851645
2013-12-11,3.3491215677387083,2.7338285296631204
2013-12-12,3.358940196685856,2.7267670965970803
2013-12-13,3.3779252342554615,2.7232369217927186
2013-12-16,3.3799456126831924,2.7383213562939765
2013-12-17,3.3978118734772345,2.732864794379309
2013-12-18,3.4212262827967765,2.764638534533198
2013-12-19,3.4004778020028485,2.7569370490569134
2013-12-20,3.438435340631097,2.7850105116076107
2013-12-23,3.450961018536926,2.8143118021632323
2013-12-24,3.452546563495424,2.8155978659989653
2013-12-26,3.4576095804620333,2.824934559431509
2013-12-27,3.437052324427865,2.817852269812109
2013-12-30,3.4300465724228535,2.8136671450593895
2013-12-31,3.465790532220754,2.832019286829873
2014-01-02,3.450859912333142,2.809802994536945
2014-01-03,3.4152731830061973,2.7895198609625567
2014-01-06,3.418160426481333,2.779216181874249
2014-01-07,3.4673575435528727,2.804974837866359
2014-01-08,3.5321887200992395,2.8110920378803006
2014-01-09,3.507677730789985,2.801754531854769
2014-01-10,3.54839023013925,2.8107678132780736
2014-01-13,3.4717177975007503,2.769236185659509
2014-01-14,3.5548957969074078,2.822038748886474
2014-01-15,3.56009365596576,2.845219318191873
2014-01-16,3.5600304554704523,2.8455416467437944
2014-01-17,3.6058268965027174,2.8294422836004784
2014-01-21,3.623699654505746,2.851014731382552
2014-01-22,3.6337386075385405,2.858419891282532
2014-01-23,3.6103521070065625,2.848761140162396
2014-01-24,3.5007091893161904,2.7927382709238406
2014-01-27,3.4785447740121564,2.7656940928246563
2014-01-28,3.5053024541640836,2.764083262658038
2014-01-29,3.468972706240829,2.7344631647867765
2014-01-30,3.5903656200006657,2.7850105116076103
2014-01-31,3.5751922825850526,2.7776067060292773
2014-02-03,3.4825148973138798,2.7138577026604676
2014-02-04,3.542233401781745,2.7338201328689107
2014-02-05,3.491448220562645,2.726735676334876
2014-02-06,3.5319243179350104,2.76150815547895
2014-02-07,3.6936797273118014,2.810767813278074
2014-02-10,3.7109344322727957,2.8268674472857196
2014-02-11,3.7428294616321356,2.859063464929058
2014-02-12,3.75324931469914,2.8645370912964743
2014-02-13,3.80947084180066,2.8857877522552853
2014-02-14,3.8224199242112316,2.8915834363102935
2014-02-18,3.8712674684874204,2.9057496407350696
2014-02-19,3.8541971389908576,2.8857877522552853
2014-02-20,3.902199478797135,2.8993098413048775
2014-02-21,3.9037511882418343,2.895446503375421
2014-02-24,3.945247582368224,2.9108998550932474
2014-02-25,3.935819535069802,2.9076803616746454
2014-02-26,3.9317467341781365,2.9051052544955565
2014-02-27,3.937776516987045,2.9239538905817306
2014-02-28,3.89370382213012,2.920720583082332
2014-03-03,3.8917065145790612,2.899059833528892
2014-03-04,3.9767026608039275,2.9359149885013043
2014-03-05,3.969432115135546,2.9439986635462954
2014-03-06,3.9660974848733415,2.941412992658362
2014-03-07,3.9074997936211333,2.9268635152075615
2014-03-10,3.882984386289066,2.929449186095495
2014-03-11,3.8401570261937557,2.9168407224287853
2014-03-12,3.890246043226613,2.92783266777796
2014-03-13,3.7994413798860682,2.886450286404865
2014-03-14,3.7976556846585354,2.86672892544954
2014-03-17,3.8165864332170325,2.8919466653759467
2014-03-18,3.8492207869772623,2.926863515207562
2014-03-19,3.815095082515122,2.9110222857701125
2014-03-20,3.817473538350917,2.919104064764798
2014-03-21,3.721788480092808,2.8839778368065985
2014-03-24,3.6623133199625006,2.8587021319137116
2014-03-25,3.664389407195983,2.8680997698203576
2014-03-26,3.5879107566123523,2.831160376041519
2014-03-27,3.576937216777289,2.815281225597961
2014-03-28,3.5822846811445994,2.8207897934638626
2014-03-31,3.637511896404909,2.840880613364415
2014-04-01,3.721786832457076,2.8907822196240884
2014-04-03,3.6436489931284384,2.8678339029755224
2014-04-04,3.4705266002405937,2.79155744944437
2014-04-07,3.419521804999699,2.765054265882749
2014-04-08,3.4672987649335005,2.790588627985925
2014-04-09,3.5111297726408477,2.838422093696775
2014-04-10,3.3672778832530663,2.7505100566262195
2014-04-11,3.3353036472928186,2.7185116615574128
2014-04-14,3.3584659191313273,2.7398443752161574
2014-04-15,3.3647102797343846,2.7488933729655014
2014-04-16,3.4035554576407705,2.785415996741256
2014-04-17,3.439268179996393,2.7860622379371844
2014-04-21,3.4878451768367995,2.806747089393656
2014-04-22,3.5629520533477383,2.829049975349466
2014-04-23,3.5368796738707866,2.8041623947776664
2014-04-24,3.551298159005037,2.830988158601804
2014-04-25,3.410212214806246,2.785739387506945
2014-04-28,3.3436087269656003,2.794789465927186
2014-04-29,3.3758483127730843,2.817090730876651
2014-04-30,3.412454249689376,2.8245241256361737
2014-05-01,3.4191145669179086,2.8329282330282095
2014-05-02,3.4470232830261143,2.8277561421189885
2014-05-05,3.464451579886636,2.842623201805759
2014-05-06,3.424467246291999,2.805778538102936
2014-05-07,3.383248426853401,2.7976986319797605
2014-05-08,3.3353128946288675,2.795113126860598
2014-05-09,3.3550678338120727,2.805455147337248
2014-05-12,3.4436293420288777,2.851673820561448
2014-05-13,3.4407373419373233,2.853612814316958
2014-05-14,3.3974456552485397,2.838744944127016
2014-05-15,3.368653109963039,2.816443949345275
2014-05-16,3.3802805611603004,2.8348669566159965
2014-05-19,3.4488941724837106,2.8545835269494715
2014-05-20,3.4149392323502026,2.8442401556342016
2014-05-21,3.468543002505934,2.8713893102240275
2014-05-22,3.495635482905302,2.883994795892771
2014-05-23,3.530656771616705,2.9050041187858278
2014-05-27,3.5910314973625796,2.941202811460446
2014-05-28,3.5837327310555422,2.9321538137111016
2014-05-29,3.614617971560837,2.9508994012443392
2014-05-30,3.594829011537103,2.9512222516745794
2014-06-02,3.6038430241647417,2.948313085622005
2014-06-03,3.589207068216973,2.947021683901044
2014-06-04,3.593899654106163,2.9580102157413464
2014-06-05,3.630687606801852,2.982897796313146
2014-06-06,3.6591282762865003,3.000027510688838
2014-06-09,3.6673972708735714,2.997764855999916
2014-06-10,3.6767077146268172,3.002936136405965
2014-06-11,3.696753625150516,3.002289084706864
2014-06-12,3.6650157864130346,2.97513938978159
2014-06-13,3.679815910073029,2.9838666177715902
2014-06-16,3.723805180464617,2.9864510422198562
2014-06-17,3.7640390717513212,2.988067996048298
2014-06-18,3.7596742390710265,3.0048756704969226
2014-06-19,3.76785915622474,3.002936136405965
2014-06-20,3.7889378914707277,3.006468039062476
2014-06-23,3.792214140702236,3.007116171432473
2014-06-24,3.77724891123054,3.0041997108513487
2014-06-25,3.8001403795155086,3.0233205613532927
2014-06-26,3.779744307674265,3.024940487026699
2014-06-27,3.8059640289289614,3.0382284163663944
2014-06-30,3.8506028985594,3.04341347532637
2014-07-01,3.9249098115733174,3.0767929678005226
2014-07-02,3.9026049976843264,3.081978567095946
2014-07-03,3.926538323822918,3.1014230785313024
2014-07-07,3.8796031832861337,3.092025024082485
2014-07-08,3.8080994193889164,3.054755926885179
2014-07-09,3.8291413555651217,3.077441640505968
2014-07-10,3.7935687053448692,3.067718574285118
2014-07-11,3.800792938986146,3.0874878273247823
2014-07-14,3.8490090804722117,3.105959734953557
2014-07-15,3.8042647046250693,3.0952654157647457
2014-07-16,3.8372183687074983,3.1075807412978596
2014-07-17,3.773249806824835,3.0664231200482956
2014-07-18,3.813374306143267,3.115033588133514
2014-07-21,3.816292995557423,3.1111453342489805
2014-07-22,3.841002322575208,3.1309148574563697
2014-07-23,3.8457992113345445,3.151007231093999
2014-07-24,3.835168912555668,3.1474420978074296
2014-07-25,3.822927018286487,3.1351267722743157
2014-07-28,3.807404651579926,3.1361001865840694
2014-07-29,3.7831827001890224,3.1305901158520615
2014-07-30,3.7879880528519565,3.1429051712174516
2014-07-31,3.6936059795922893,3.079386307783684
2014-08-01,3.700905281782673,3.0680430457217036
2014-08-04,3.7423541944239704,3.089108023165914
2014-08-05,3.6922015113713624,3.0654510565771638
2014-08-06,3.6995049591161933,3.0631813775274166
2014-08-07,3.680428584228157,3.0534596621451864
2014-08-08,3.6960515871323434,3.07549670306053
2014-08-11,3.742865488564285,3.0936454900913404
2014-08-12,3.7352910840290807,3.0923486850158985
2014-08-13,3.778358724350229,3.12508112579095
2014-08-14,3.7936916264186618,3.1412844350408733
2014-08-15,3.810847349818969,3.1565162211551114
2014-08-18,3.8360841724908603,3.1808229411202027
2014-08-19,3.854204860186097,3.1986461760435327
2014-08-20,3.8687154184093635,3.1986461760435327
2014-08-21,3.879960811714368,3.2051277699112264
2014-08-22,3.8783415548751234,3.2099883574346175
2014-08-25,3.8938866823553764,3.2213316194965986
2014-08-26,3.882621349033036,3.224573362017479
2014-08-27,3.8977497184665357,3.2252204137165803
2014-08-28,3.896893716839159,3.2216550102622863
2014-08-29,3.9401859632767082,3.23364748536516
2014-09-02,3.9576081595585784,3.2430452696462537
2014-09-03,3.9485326128305336,3.2239249594797577
2014-09-04,3.9400572573655945,3.221006607724565
2014-09-05,3.9543639152781194,3.237211267813109
2014-09-08,3.9597456091876504,3.243368660411942
2014-09-09,3.915997144865903,3.216470761805483
2014-09-10,3.94480436591414,3.2430452696462533
2014-09-11,3.943918911283818,3.240452199830817
2014-09-12,3.902367228286937,3.2239249594797568
2014-09-15,3.8453932275301503,3.192812444378112
2014-09-16,3.8894403081199704,3.2206832169588764
2014-09-17,3.917050005121178,3.2255448851531643
2014-09-18,3.974799008282585,3.249850524447359
2014-09-19,3.97257635562401,3.2478366942322867
2014-09-22,3.912025204276843,3.2176249183226253
2014-09-23,3.9071456010033305,3.2088555441676734
2014-09-24,3.984081947510541,3.2432884205978976
2014-09-25,3.9052517549879506,3.1750708001074446
2014-09-26,3.9811121268252316,3.208855544167673
2014-09-29,3.991172014205675,3.204631471802144
2014-09-30,3.9766065803963726,3.2091792051010852
2014-10-01,3.883082028648536,3.1578532812214357
2014-10-02,3.8721710584393207,3.1578532812214357
2014-10-03,3.9163648809795863,3.1890384714408504
2014-10-06,3.8968993340321703,3.1822164662408534
2014-10-07,3.8406206148870243,3.1370633345203083
2014-10-08,3.9218509204486507,3.1981342082064557
2014-10-09,3.840786125358781,3.146483812890222
2014-10-10,3.68744079927856,3.0678695980428614
2014-10-13,3.6323186593689205,3.0197924410449186
2014-10-14,3.6193456954187893,3.020117993152399
2014-10-15,3.597370432450188,3.000627012868506
2014-10-16,3.521718742296581,2.9817855157932303
2014-10-17,3.6253970716063986,3.0210924881330485
2014-10-20,3.6710713511438984,3.0662450795181457
2014-10-21,3.8177491067476197,3.1468090948299783
2014-10-22,3.7934496086542864,3.13056742176324
2014-10-23,3.839828148010117,3.1776698136128085
2014-10-24,3.888963319210329,3.2036564364860456
2014-10-27,3.9061043089942036,3.2059309785548256
2014-10-28,3.973584271666043,3.254334227995698
2014-10-29,3.899145593816342,3.2423136554495224
2014-10-30,3.9365187376550925,3.2491348501463473
2014-10-31,3.950409636996673,3.293965131436653
2014-11-03,3.9531632566392703,3.303711432081772
2014-11-04,3.9268398622988254,3.292665354516247
2014-11-05,3.8835235297156365,3.292990906623728
2014-11-06,3.9123241285306696,3.3033847993033953
2014-11-07,3.8827216402446307,3.300461314361445
2014-11-10,3.9309408109302413,3.312156875135588
2014-11-11,3.960587851444186,3.3225510379829792
2014-11-12,3.9586951851672394,3.3283982780346024
2014-11-13,3.9419957344905088,3.3426923119786616
2014-11-14,3.927216891153554,3.3530875554969493
2014-11-17,3.9220469886443183,3.3430175939184186
2014-11-18,3.9624076672202015,3.3680302621464544
2014-11-19,3.9408922462001943,3.3527620033894685
2014-11-20,3.9481961483659616,3.367705250374421
2014-11-21,3.953580312137655,3.3742033244732816
2014-11-24,4.000160818327948,3.400514959118551
2014-11-25,3.9975859192552377,3.4057121756261086
2014-11-26,4.034975110556105,3.42780243958309
2014-11-28,4.0555788811178,3.4437207218841404
2014-12-01,3.996715969535881,3.4047379508131823
2014-12-02,4.029163032060542,3.4183819612131767
2014-12-03,4.0613836094106714,3.4245542130368327
2014-12-04,4.0743679765291505,3.4229299646798417
2014-12-05,4.083566008874977,3.423253895780979
2014-12-08,4.0752690183612685,3.3988907107615605
2014-12-09,4.084246142787191,3.4096117765550527
2014-12-10,4.006851577901099,3.356011040438899
2014-12-11,4.044677435597329,3.371929052572225
2014-12-12,4.018641138419531,3.3352210937377724
2014-12-15,3.966076393569429,3.3007879471398223
2014-12-16,3.9088659094119227,3.2478366942322863
2014-12-17,3.9840819034660813,3.306959118292582
2014-12-18,4.062938272866499,3.3865462071142476
2014-12-19,4.061352510547717,3.4014475781019726
2014-12-22,3.9940672459115407,3.409925711450399
2014-12-23,3.967701789286293,3.3978611015652027
2014-12-24,3.9714362065759476,3.4007956633838385
2014-12-26,3.9927218158567253,3.424923532315609
2014-12-29,3.9966603113407433,3.4242718877651996
2014-12-30,3.9686988233738383,3.4014475781019726
2014-12-31,3.966181247053232,3.3665597392244466
2015-01-02,3.9466220514347357,3.356451143661377
2015-01-05,3.9072263450343265,3.307217398636774
2015-01-06,3.841907260418311,3.2628726087465876
2015-01-07,3.920310886913814,3.304933941033099
2015-01-08,3.9917776362167063,3.368191011942263
2015-01-09,3.9389400730733355,3.3460183468294455
2015-01-12,3.9219168902029216,3.3111294272810237
2015-01-13,3.8747891017989793,3.3101514201199618
2015-01-14,3.8634475427172963,3.2918926748254624
2015-01-15,3.785606411167533,3.249177806814472
2015-01-16,3.8750429956530303,3.28732684028901
2015-01-20,3.914236855261515,3.3134115340460775
2015-01-21,3.9270831468659955,3.330366720072033
2015-01-22,3.9960088606505875,3.3919925182633803
2015-01-23,4.019326837299357,3.3994912936121238
2015-01-26,4.0134272252750005,3.395578184296978
2015-01-27,3.9548159806201384,3.307543220911979
2015-01-28,3.964005835490863,3.2905877647182993
2015-01-29,3.9969475031480046,3.322216030005156
2015-01-30,3.9094927556242594,3.296456618187846
2015-02-02,3.9110233201886957,3.3251503216560683
2015-02-03,3.9407465573750073,3.3571041390504064
2015-02-04,3.9749298918150586,3.3541684965608747
2015-02-05,4.013581112203135,3.383188292472026
2015-02-06,3.978020269908347,3.3626460895738535
2015-02-09,3.931404057036484,3.3518863897958218
2015-02-10,3.986303953561852,3.4040555071422323
2015-02-11,4.013616146628376,3.41644647963808
2015-02-12,4.053491998778418,3.456225434991815
2015-02-13,4.063518001976922,3.485897145621099
2015-02-17,4.0688167495596845,3.489157259547216
2015-02-18,4.090148974751371,3.4940483760234238
2015-02-19,4.102314138233231,3.5113288439891366
2015-02-20,4.149723186367218,3.534806689376841
2015-02-23,4.167007698422003,3.5383926255781626
2015-02-24,4.1635895984796365,3.5410005546184213
2015-02-25,4.151328486016246,3.532197679665687
2015-02-26,4.219051460774461,3.5501303325172566
2015-02-27,4.2139037650654565,3.534480326766188
2015-03-02,4.247156953911514,3.566433873992803
2015-03-03,4.227269773800389,3.549805320745224
2015-03-04,4.200806633585229,3.536109978477661
2015-03-05,4.197604328160408,3.542305464725586
2015-03-06,4.15327565932015,3.502200146761198
2015-03-09,4.1690522214218895,3.5123076616533724
2015-03-10,4.101218700636324,3.447095386925256
2015-03-11,4.094165270955346,3.427206989919285
2015-03-12,4.157900206250327,3.449704126468687
2015-03-13,4.186165809558613,3.434705224932581
2015-03-16,4.259624225107001,3.4790500148227665
2015-03-17,4.268816114646845,3.484593046017109
2015-03-18,4.3123569208057955,3.518828159673329
2015-03-19,4.347102204035311,3.524046449263363
2015-03-20,4.387267868453005,3.546856980372663
2015-03-23,4.343829942716151,3.539994720181782
2015-03-24,4.316183365552242,3.5272498279674283
2015-03-25,4.174680235573208,3.4465261435306815
2015-03-26,4.160645816074492,3.434762230322354
2015-03-27,4.231859291223481,3.4484881015427353
2015-03-30,4.28775696794733,3.4880317408088226
2015-03-31,4.218588915641572,3.4511014339374753
2015-04-01,4.16823130627216,3.433127445424125
2015-04-06,4.167013909814232,3.46121536372718
2015-04-07,4.163232819704424,3.4553371877722596
2015-04-08,4.219520218960377,3.4827706554729487
2015-04-09,4.2162748491553605,3.504651552592668
2015-04-10,4.224955989850336,3.519021387106017
2015-04-13,4.188294918860759,3.5102041231736374
2015-04-14,4.163121722814956,3.500079577963758
2015-04-15,4.1939833261422175,3.5219612850470936
2015-04-16,4.189219270540621,3.5170626250927457
2015-04-17,4.135139774745753,3.4621951497156234
2015-04-20,4.173808064294188,3.5141238071031586
2015-04-21,4.205377099286528,3.529147012267386
2015-04-22,4.233693872879875,3.5484152367472115
2015-04-23,4.210034120083695,3.5618060952357338
2015-04-24,4.2043413785619626,3.6101409440555696
2015-04-27,4.1874839028674655,3.6009959148462625
2015-04-28,4.154604775263471,3.593810997589587
2015-04-29,4.1160936190272395,3.571276459831119
2015-04-30,4.063730343115551,3.5151033231037303
2015-05-01,4.153853769879677,3.561478599946678
2015-05-04,4.14718992056907,3.567358125840959
2015-05-05,4.093428245294654,3.5092237972094495
2015-05-06,4.097821221109127,3.485055832823787
2015-05-07,4.1406874218988285,3.5059585638822948
2015-05-08,4.196968482778051,3.549721978048966
2015-05-11,4.201571305933672,3.5360033542835154
2015-05-12,4.185284772732495,3.520001983058078
2015-05-13,4.157829514070863,3.5271866303268813
2015-05-14,4.202249024529236,3.5787886023889763
2015-05-15,4.21318491299445,3.5787886023889763
2015-05-18,4.23861263888082,3.5944646382283367
2015-05-19,4.233691880030874,3.5905449542988164
2015-05-20,4.261543816774199,3.5928317515768877
2015-05-21,4.297438787441495,3.6114476853573247
2015-05-22,4.310005739152985,3.6078554967168595
2015-05-26,4.276057892546723,3.5663772599010257
2015-05-27,4.383842691880664,3.6238579478937867
2015-05-28,4.360400401005559,3.615692434685051
2015-05-29,4.3811626959577135,3.5941376829150267
2015-06-01,4.384929111311509,3.6062209901381777
2015-06-02,4.371172000591174,3.594791053565904
2015-06-03,4.374905717498445,3.6055695094024056
2015-06-04,4.30843648302199,3.578134691762356
2015-06-05,4.315130074191914,3.569643843167543
2015-06-08,4.226346180788883,3.53339257155873
2015-06-09,4.2406196182180835,3.52751304566445
2015-06-10,4.287500931422007,3.5758495144115185
2015-06-11,4.263598176988585,3.5810740497276883
2015-06-12,4.232891784199258,3.551681550025856
2015-06-15,4.213853315472547,3.5340451322459905
2015-06-16,4.235927675643761,3.553314436677305
2015-06-17,4.2439194813748475,3.5631117565860007
2015-06-18,4.3451037932555465,3.615039873997791
2015-06-19,4.313862146663556,3.597167216829695
2015-06-22,4.348012297634281,3.623681915801071
2015-06-23,4.342691772077439,3.626627483487465
2015-06-24,4.311070826435348,3.6079699715747
2015-06-25,4.286724775787753,3.6007675051063277
2015-06-26,4.25139637887166,3.5768724984595233
2015-06-29,4.151745488958935,3.4924178621246678
2015-06-30,4.193152446219359,3.5048572833513334
2015-07-01,4.21759770571205,3.532679263600209
2015-07-02,4.2511293192996815,3.5336625594309923
2015-07-06,4.223259556864591,3.525478957034815
2015-07-07,4.223686630895312,3.5343175500091037
2015-07-08,4.108814905161205,3.472777054381118
2015-07-09,4.148594998182162,3.470812352634657
2015-07-10,4.236142674899461,3.5238425605410257
2015-07-13,4.327072940707238,3.5857102814701953
2015-07-14,4.3429285755075275,3.609278872779433
2015-07-15,4.311539485235148,3.6132074663087383
2015-07-16,4.457133345092199,3.6642724324929024
2015-07-17,4.475908503184794,3.7182848562785664
2015-07-20,4.473908715488213,3.7310506928427993
2015-07-21,4.4696805403691355,3.728757955831538
2015-07-22,4.457988993302802,3.686531042645918
2015-07-23,4.42803827206606,3.672782990202391
2015-07-24,4.395917843355005,3.63677524765436
2015-07-27,4.327818044868314,3.606659990418478
2015-07-28,4.3563344296317625,3.63775692355791
2015-07-29,4.380475479673628,3.6515065959286708
2015-07-30,4.38695087258071,3.668854396673086
2015-07-31,4.391272997717652,3.664599387806214
2015-08-03,4.376732317474912,3.6531429924224588
2015-08-04,4.441592880896161,3.6462685612188874
2015-08-05,4.506478079680798,3.674420736635542
2015-08-06,4.361758270292645,3.6154977734291514
2015-08-07,4.330222190846917,3.6109152692732236
2015-08-10,4.326712258742394,3.652159696591677
2015-08-11,4.321040999417054,3.605350819225874
2015-08-12,4.330562862963811,3.6177894304889233
2015-08-13,4.34035435428487,3.611897215164646
2015-08-14,4.3467523647758535,3.617462475175613
2015-08-17,4.386728905538114,3.647577462423622
2015-08-18,4.374093557121879,3.6289188705593673
2015-08-19,4.3329063506614665,3.6050233239368183
2015-08-20,4.147723819155319,3.5051845086525186
2015-08-21,3.956385933533561,3.3519874501970492
2015-08-24,3.772859483449815,3.223014513604673
2015-08-25,3.7892118429470836,3.210903127642807
2015-08-26,4.008192922177581,3.3726104738198934
2015-08-27,4.1285546989624935,3.458047056046172
2015-08-28,4.142894619485295,3.4573920654680608
2015-08-31,4.066318848728842,3.414509891716458
2015-09-01,3.9136020231132256,3.307796375240714
2015-09-02,4.021995545929813,3.4010890645741134
2015-09-03,3.9712665038734136,3.3843940945048314
2015-09-04,3.9320825591251536,3.344131883065672
2015-09-08,4.002898376339179,3.438405978314751
2015-09-09,4.004971499281479,3.399779623393635
2015-09-10,4.044927481101313,3.4367685018694725
2015-09-11,4.069693666665627,3.4557545890227828
2015-09-14,4.048263522158545,3.4452804095183223
2015-09-15,4.116756403451949,3.485871196198026
2015-09-16,4.16317236565601,3.5055109239900863
2015-09-17,4.1897598530891145,3.5068209051463084
2015-09-18,4.142234659252893,3.4569441555879754
2015-09-21,4.154229202442737,3.4677722891929736
2015-09-22,4.089075863555868,3.415925438130735
2015-09-23,4.109070855701942,3.418551340176369
2015-09-24,4.129082480144317,3.406081950295882
2015-09-25,4.063499221185068,3.3772056674058173
2015-09-28,3.912308890936589,3.2810616361534426
2015-09-29,3.8858068420731713,3.2639973226749035
2015-09-30,3.9907822077556383,3.339141427234755
2015-10-01,4.01073698843775,3.3542364491730035
2015-10-02,4.057399470615121,3.4129731207475333
2015-10-05,4.13341555253382,3.4618652245357207
2015-10-06,4.102897339939263,3.445458601514016
2015-10-07,4.063461783199204,3.466130762929611
2015-10-08,4.094557671132069,3.479912833845043
2015-10-09,4.100004368072549,3.495663926312892
2015-10-12,4.126666274757902,3.5041950031006723
2015-10-13,4.101893425642704,3.481554360108404
2015-10-14,4.105403587675854,3.4759756007038245
2015-10-15,4.130642393624669,3.533071285990737
2015-10-16,4.162302445082226,3.547837732688441
2015-10-19,4.19689443299505,3.568182398814981
2015-10-20,4.140511573279531,3.549807024228731
2015-10-21,4.118033682984041,3.528148597115757
2015-10-22,4.189964942953374,3.6000109990882465
2015-10-23,4.308616531016564,3.700750493914417
2015-10-26,4.350868498474546,3.7030475507316347
2015-10-27,4.34824361948938,3.7105953316886318
2015-10-28,4.3967004448155915,3.741440366143242
2015-10-29,4.4061221141595315,3.735532761510245
2015-10-30,4.38604742915837,3.7187991831752285
2015-11-02,4.407022357815287,3.7607998465238923
2015-11-03,4.407001319882675,3.773925576921852
2015-11-04,4.438848059860434,3.7742536121866523
2015-11-05,4.470260286379606,3.7640810091355097
2015-11-06,4.524676544408148,3.7667063712054003
2015-11-09,4.435604653036603,3.726673649457665
2015-11-10,4.466437076885344,3.7171579268997395
2015-11-11,4.481419075206087,3.712563543277432
2015-11-12,4.419464180051329,3.6764683246587873
2015-11-13,4.307728229880314,3.604277077457881
2015-11-16,4.3896996221579885,3.65612392852012
2015-11-17,4.402997610762991,3.658421255325209
2015-11-18,4.491955586406196,3.7286426710100806
2015-11-19,4.483197920802361,3.7312674931042267
2015-11-20,4.534301130823458,3.7565340381421293
2015-11-23,4.542678121417009,3.745706714500748
2015-11-24,4.508209394930248,3.742424471937641
2015-11-25,4.522391096036068,3.7457067145007477
2015-11-27,4.533568850221429,3.750955278737549
2015-11-30,4.499984715608017,3.741440366143241
2015-12-01,4.600000484174201,3.7788474558332124
2015-12-02,4.581895457017859,3.755549392371983
2015-12-03,4.525625990014156,3.691890841886091
2015-12-04,4.6236660510000025,3.778191655291485
2015-12-07,4.573435490011144,3.7611281517765636
2015-12-08,4.609837130574904,3.761456187041363
2015-12-09,4.512298356372826,3.7043602317665787
2015-12-10,4.525176873528258,3.7210948900530836
2015-12-11,4.427902728757144,3.6354514971166516
2015-12-14,4.480928200327834,3.663015638947516
2015-12-15,4.4837600369984,3.685327706699239
2015-12-16,4.557062190411159,3.740127145132551
2015-12-17,4.509769109773564,3.6856560119519113
2015-12-18,4.420615886322458,3.614956447745261
2015-12-21,4.461894816538559,3.655112283962748
2015-12-22,4.488281081568542,3.679139044691216
2015-12-23,4.509166149433704,3.706457767546193
2015-12-24,4.50508897317885,3.7057998071014873
2015-12-28,4.534033979638087,3.7038248458158796
2015-12-29,4.599714934893376,3.7620825589050146
2015-12-30,4.556875735290778,3.7281804517727664
2015-12-31,4.486419099962123,3.6817722364094023
2016-01-04,4.391484915058966,3.6040956456077193
2016-01-05,4.424215149599894,3.5978411065588647
2016-01-06,4.368744044220072,3.5632818489455267
2016-01-07,4.20975404617714,3.451702611035851
2016-01-08,4.179644448057302,3.4233973524956234
2016-01-11,4.181856151890439,3.4339290394168756
2016-01-12,4.233881365591554,3.473755490430201
2016-01-13,4.0969539068820415,3.3539475621496795
2016-01-14,4.16614377960557,3.425371503817613
2016-01-15,4.005546524329112,3.3190578393806907
2016-01-19,4.008344352316477,3.326299994066286
2016-01-20,4.010325025639498,3.3160966123977054
2016-01-21,4.0450254583984036,3.319388574524214
2016-01-22,4.128969578517849,3.415496427401705
2016-01-25,4.093542977409372,3.3648094442387095
2016-01-26,4.121414409126983,3.3950902040402893
2016-01-27,4.040093564045942,3.310500843757173
2016-01-28,4.1187592997490166,3.357238984300443
2016-01-29,4.193415547591474,3.4273453851517313
2016-02-01,4.196141684689905,3.4365625011229324
2016-02-02,4.194597344221778,3.3621754425569077
2016-02-03,4.14882267459021,3.3460479869951225
2016-02-04,4.13754527038718,3.3457194117545783
2016-02-05,3.99035823916411,3.2295331007925987
2016-02-08,3.8958639513684497,3.180161228555399
2016-02-09,3.8758200578108157,3.170287772066725
2016-02-10,3.8726910043289746,3.1824647650815505
2016-02-11,3.857100136880207,3.1778574220413747
2016-02-12,3.917266620496954,3.2262416786418346
2016-02-16,4.003108860627432,3.29898154119918
2016-02-17,4.1049130717078475,3.3736958250663878
2016-02-18,4.101892403971678,3.3351869148697078
2016-02-19,4.135786152417138,3.345061451309871
2016-02-22,4.2023659251940115,3.3993695118156633
2016-02-23,4.154438819292634,3.3434158752284246
2016-02-24,4.183694355871594,3.37534221111145
2016-02-25,4.228167721000496,3.4085852778475036
2016-02-26,4.214732780325504,3.4043065100478724
2016-02-29,4.180408921521371,3.3736958250663873
2016-03-01,4.290564550519374,3.481982020898066
2016-03-02,4.2598271575460895,3.4833006416662005
2016-03-03,4.245170476525052,3.476716987401056
2016-03-04,4.235014093121934,3.4780334482662125
2016-03-07,4.222179988443929,3.4566398792559294
2016-03-08,4.184312877387945,3.428004425547924
2016-03-09,4.214553427085089,3.4500575749301468
2016-03-10,4.212933905030775,3.4447914614816484
2016-03-11,4.260792572572998,3.5050235958806444
2016-03-14,4.2562350180467785,3.5109476697738495
2016-03-15,4.238075816205403,3.5096312089086927
2016-03-16,4.295618994301334,3.540899584347012
2016-03-17,4.326413335863462,3.5389243530735324
2016-03-18,4.366609411656975,3.5444715238970574
2016-03-21,4.398541805373983,3.5583362111014023
2016-03-22,4.400198194008478,3.569230221747232
2016-03-23,4.365462225328664,3.5398504114753964
2016-03-24,4.342094842154304,3.5408404570029863
2016-03-28,4.338246319047718,3.5358883394499303
2016-03-29,4.420561445543933,3.5926673289626776
2016-03-30,4.4536060544723615,3.6101641630125827
2016-03-31,4.444904808587656,3.604882390267493
2016-04-01,4.4825458793394795,3.643175310166362
2016-04-05,4.4216906239567555,3.6080487775902093
2016-04-06,4.452082493057993,3.6673654033822443
2016-04-07,4.393396527340158,3.6146773661430682
2016-04-08,4.4284256366673995,3.6120254428872935
2016-04-11,4.450081694943738,3.598770162916249
2016-04-12,4.471772399171825,3.6289262026450952
2016-04-13,4.556787916664624,3.6753190049956537
2016-04-14,4.553844878253819,3.6756507325444594
2016-04-15,4.5533492598009415,3.6663713048127824
2016-04-18,4.58609144798121,3.6859234457878802
2016-04-19,4.531535884357908,3.6633895511428762
2016-04-20,4.534879163334691,3.666371304812782
2016-04-21,4.493825037435662,3.6667038454193057
2016-04-22,4.505036044402132,3.611364155943594
2016-04-25,4.495804106422109,3.611364155943594
2016-04-26,4.5269607153123745,3.593799399049702
2016-04-27,4.562505914333023,3.5649697274776013
2016-04-28,4.474215321056621,3.5218901353265166
2016-04-29,4.42972474209263,3.503333990055554
2016-05-02,4.454903094600998,3.5364715124350674
2016-05-03,4.398807459379385,3.503665446585121
2016-05-04,4.354442503349251,3.48113046786316
2016-05-05,4.365496224864611,3.4801369113321767
2016-05-06,4.393071734924578,3.498694411699335
2016-05-09,4.412610696285112,3.50863512637471
2016-05-10,4.4428360379974645,3.556685482392342
2016-05-11,4.3734976520206725,3.5245409745053333
2016-05-12,4.388852080687275,3.5089676669812344
2016-05-13,4.411971262322231,3.4960435725205175
2016-05-16,4.450415818502555,3.5397860777307355
2016-05-17,4.378727816216666,3.4953814725191013
2016-05-18,4.368163409089888,3.5079730263732936
2016-05-19,4.343587483103402,3.4897467115164638
2016-05-20,4.396214773438486,3.5281867253113295
2016-05-23,4.385398325867226,3.5235485020513067
2016-05-24,4.45677957195382,3.5941308555792673
2016-05-25,4.485588752556838,3.619979044500701
2016-05-26,4.482226192639795,3.6305834852929286
2016-05-27,4.545911021865625,3.6494710870934584
2016-05-31,4.54965815313553,3.656429777079688
2016-06-01,4.579149912647551,3.6567625887054507
2016-06-02,4.6032770229149165,3.6643836497123354
2016-06-03,4.579028646038156,3.647151433424967
2016-06-06,4.5507793207522305,3.6604067133960116
2016-06-07,4.575368722250676,3.651127827702813
2016-06-08,4.591147130347963,3.6574246887068664
2016-06-09,4.604550163176093,3.651459555251619
2016-06-10,4.54897114190474,3.610038058806087
2016-06-13,4.528921522658807,3.579881477038762
2016-06-14,4.520915712937119,3.579881477038762
2016-06-15,4.538269458087686,3.5696101188915375
2016-06-16,4.574782649022182,3.5802140176452855
2016-06-17,4.546918612594056,3.5382488566058763
2016-06-20,4.601334297448906,3.560509834876984
2016-06-21,4.609209539589449,3.5718064588061806
2016-06-22,4.603943259330639,3.5631688046329786
2016-06-23,4.68142094069543,3.614004154352842
2016-06-24,4.487283070376465,3.4651511735187075
2016-06-27,4.4226486786763894,3.396372724046999
2016-06-28,4.4774083111017005,3.4707992144640665
2016-06-29,4.566921124334036,3.532266648938558
2016-06-30,4.61601030547897,3.5731358081745586
2016-07-01,4.6149281453143605,3.591078094868686
2016-07-05,4.621522410794297,3.5691493861848618
2016-07-06,4.650067197531344,3.5983880257889456
2016-07-07,4.669003378868043,3.6090203815628126
2016-07-08,4.743107491896119,3.6648403171304222
2016-07-11,4.777257060015224,3.685771946033153
2016-07-12,4.808711654296693,3.7043793139403287
2016-07-13,4.814073253959225,3.695409119160602
2016-07-14,4.825364033323575,3.7206599816787933
2016-07-15,4.808780702883679,3.7146794001269106
2016-07-18,4.818052008248654,3.739267078566729
2016-07-19,4.802378488123196,3.725644567526541
2016-07-20,4.840335796771746,3.76917134142234
2016-07-21,4.781301652487749,3.7605317901144626
2016-07-22,4.830511288892779,3.7761473766398796
2016-07-25,4.831710753930816,3.7764804592848815
2016-07-26,4.856745650024544,3.780799150861862
2016-07-27,4.847252006829772,3.8070479062188647
2016-07-28,4.848918682896051,3.8203386897102467
2016-07-29,4.858507866022125,3.8286451583731216
2016-08-01,4.8484067036526035,3.8489125191205233
2016-08-02,4.790811218451911,3.819674421554917
2016-08-03,4.8098244611779695,3.832298768737056
2016-08-04,4.83572518124278,3.8432642071559253
2016-08-05,4.87133175476035,3.880144505229076
2016-08-08,4.862168488527196,3.875825542632855
2016-08-09,4.943033660208622,3.8847965504702993
2016-08-10,4.902670504964784,3.8748298179479583
2016-08-11,4.942148464588916,3.8914432973121857
2016-08-12,4.988310428218204,3.8941009119719845
2016-08-15,5.040620526372383,3.910713036240016
2016-08-16,5.006590663385987,3.8891174102011945
2016-08-17,4.997593958613715,3.896093445418735
2016-08-18,5.026569692352811,3.8970902541805876
2016-08-19,5.106621026245823,3.8960934454187344
2016-08-22,5.0959164531233325,3.8990836006850564
2016-08-23,5.1356505125696135,3.906062617114228
2016-08-24,5.0803681068207664,3.880809586442123
2016-08-25,5.094817484346468,3.8744967353029556
2016-08-26,5.112849215365881,3.880144505229075
2016-08-29,5.1328065643719665,3.885461631683346
2016-08-30,5.09682817921727,3.8728345743088144
2016-08-31,5.098118791485622,3.868848152319117
2016-09-01,5.170782588187887,3.8788162399376542
2016-09-02,5.170785115467051,3.891443297312185
2016-09-06,5.2295165556174785,3.9156976220877624
2016-09-07,5.218003248759542,3.918023238179515
2016-09-08,5.209229365696774,3.89509690767612
2016-09-09,5.053757770181141,3.7970806316580448
2016-09-12,5.180939184472808,3.865193457878227
2016-09-13,5.126618577408942,3.8306376918198715
2016-09-14,5.144532999059049,3.848912519120523
2016-09-15,5.236530280853782,3.9087188766778307
2016-09-16,5.23998849571373,3.906854535331231
2016-09-19,5.25205105839837,3.889866236359161
2016-09-20,5.224561238269217,3.8971943255684485
2016-09-21,5.33903331601868,3.935500997897619
2016-09-22,5.363009067686861,3.966811037547067
2016-09-23,5.32375985634608,3.9414967565268983
2016-09-26,5.26693162465077,3.9085194065177644
2016-09-27,5.364420763664971,3.947159432511175
2016-09-28,5.355625819828946,3.953820543372741
2016-09-29,5.346676568415928,3.9251746228448323
2016-09-30,5.3942991793064055,3.9544864376435065
2016-10-03,5.382094566011109,3.9488251167554256
2016-10-04,5.376617285485377,3.942828545068428
2016-10-05,5.4005073210487735,3.956819100235479
2016-10-06,5.388897421798622,3.954819791307748
2016-10-07,5.379270803796653,3.946160455595408
2016-10-10,5.388617221641611,3.971142467028292
2016-10-11,5.22691824421837,3.914515978204761
2016-10-12,5.237309937438687,3.9111846097162606
2016-10-13,5.188540830366,3.8971943255684485
2016-10-14,5.193460800944474,3.901858566675437
2016-10-17,5.167106046136064,3.8911991089776485
2016-10-18,5.220402526563559,3.9258413301733155
2016-10-19,5.207174407519938,3.925507705489834
2016-10-20,5.238127075645366,3.920844006421325
2016-10-21,5.232923227797254,3.9355009978976185
2016-10-24,5.306301540777668,3.9828000885841304
2016-10-25,5.321880118414786,3.9701426770548065
2016-10-26,5.363237154237128,3.943161898732669
2016-10-27,5.379198335239884,3.9251746228448314
2016-10-28,5.341152365417492,3.9005248809992317
2016-10-31,5.326537094891502,3.8968623270004037
2016-11-01,5.238483566750771,3.8675491571055334
2016-11-02,5.149488557071748,3.8365716580626086
2016-11-03,5.141102444296283,3.7989322351004007
2016-11-04,5.0636299517569645,3.7856078452233546
2016-11-07,5.274540587318124,3.8755431405855867
2016-11-08,5.282262529091722,3.9008595897596687
2016-11-09,5.271350928580526,3.9188463236090283
2016-11-10,5.233808132649312,3.8555576398469746
2016-11-11,5.470918206621986,3.8572249502066605
2016-11-14,5.4433703047898945,3.8182523836067257
2016-11-15,5.523434385673841,3.871214421296754
2016-11-16,5.541036843807853,3.8941965817634285
2016-11-17,5.656653737814444,3.922509419646335
2016-11-18,5.6651836535964915,3.907853783266237
2016-11-21,5.705876153723367,3.948490679014226
2016-11-22,5.711245345719766,3.960482467292023
2016-11-23,5.708966842651548,3.9444950423703946
2016-11-25,5.721464454930415,3.9571513698227623
2016-11-28,5.696377719911764,3.9481581384077016
2016-11-29,5.687145510634246,3.9618158819489886
2016-11-30,5.685098654906065,3.9138498129147554
2016-12-01,5.499502851764739,3.8462318678253906
2016-12-02,5.553628027103469,3.8538924976412026
2016-12-05,5.5718961258132005,3.883871832826077
2016-12-06,5.622917721101566,3.8931973338284216
2016-12-07,5.834170098715903,3.9424960044619035
2016-12-08,5.814999572745974,3.949490468987711
2016-12-09,5.789703276908303,3.9804679680306356
2016-12-12,5.671272398902629,3.9624823182582336
2016-12-13,5.741888276692158,4.0124452570470455
2016-12-14,5.732280294158856,4.00411791990275
2016-12-15,5.824911486047432,4.010445677100076
2016-12-16,5.748788755376075,3.9955800008095816
2016-12-19,5.789354498025745,4.011951459993186
2016-12-20,5.842848565143928,4.02731770881852
2016-12-21,5.846225569670044,4.024311292397845
2016-12-22,5.928594332098464,4.012953418120584
2016-12-23,5.954629561870951,4.015624312723104
2016-12-27,6.019960052833509,4.036338042157501
2016-12-28,5.903233418607635,4.0049345008705215
2016-12-29,5.8668940521713235,3.9992550216934135
2016-12-30,5.792246869891995,3.9581628136235327
2017-01-03,5.860392217434075,3.9935750004778257
2017-01-04,5.917589482640329,4.015291772116579
2017-01-05,5.895132356800489,4.0380088757672965
2017-01-06,5.9136833668720845,4.073420791602349
2017-01-09,6.009116864546626,4.086783124172886
2017-01-10,6.023806655133124,4.0958034575118685
2017-01-11,6.0053192147736665,4.106828791182604
2017-01-12,5.973032943104929,4.1004798944846215
2017-01-13,6.018139669959173,4.114513270691468
2017-01-17,5.924093229924393,4.102150999113656
2017-01-18,5.973775665324585,4.11050272798948
2017-01-19,6.124590570370878,4.108499082753921
2017-01-20,6.142833086899099,4.117518603035186
2017-01-23,6.150388680333627,4.120860270254777
2017-01-24,6.27810109140967,4.148588248619445
2017-01-25,6.359728175528887,4.1903482480947645
2017-01-26,6.383065672611152,4.194691060384036
2017-01-27,6.388859970510273,4.202709977634099
2017-01-30,6.351218824566447,4.169969498440044
2017-01-31,6.335368013947509,4.161617498544979
2017-02-01,6.395791238459853,4.190348248094765
2017-02-02,6.36443748561793,4.1866732272109335
2017-02-03,6.3929020115089905,4.19869997697059
2017-02-06,6.383889432342971,4.20371139372302
2017-02-07,6.450960383131,4.219078726625311
2017-02-08,6.369036149927404,4.226094872690256
2017-02-09,6.392070230835514,4.241462205592548
2017-02-10,6.359933918200193,4.255493142626242
2017-02-13,6.337057746013104,4.279546913164795
2017-02-14,6.295036478522677,4.293912287939687
2017-02-15,6.2745581952947695,4.319302996385316
2017-02-16,6.254651928385631,4.317966600516719
2017-02-17,6.2695604642596825,4.3366745165616445
2017-02-21,6.3147861126597356,4.358054682305286
2017-02-22,6.369011645181197,4.359727684068996
2017-02-23,6.263316103866286,4.343355953866152
2017-02-24,6.322636776312762,4.351707953761217
2017-02-27,6.396967126807505,4.357053808254845
2017-02-28,6.374884111368312,4.3436895785496334
2017-03-01,6.453805352036639,4.391129328221301
2017-03-02,6.355033980253724,4.369079473937545
2017-03-03,6.40964242516625,4.377098120168368
2017-03-06,6.40437610704327,4.367410266443185
2017-03-07,6.37118620032786,4.360059411617802
2017-03-08,6.368044609197043,4.367745246222862
2017-03-09,6.338221638949851,4.371085829365496
2017-03-10,6.428631450455334,4.389458765630745
2017-03-13,6.497034566520985,4.396809349436888
2017-03-14,6.466436044164314,4.386117640449632
2017-03-15,6.538220980317601,4.413178640466578
2017-03-16,6.529330637120715,4.410171953026664
2017-03-17,6.527024177062737,4.408631479670934
2017-03-20,6.557424448612762,4.412648255815423
2017-03-21,6.372593486552897,4.345694849900627
2017-03-22,6.471193001811947,4.375155183242395
2017-03-23,6.461245661603564,4.364107354974802
2017-03-24,6.537425407769383,4.37314665966053
2017-03-27,6.562389596497228,4.380176898725915
2017-03-28,6.58713199426837,4.40695658077255
2017-03-29,6.600356568388887,4.427377338409349
2017-03-30,6.65323051454754,4.434744996427564
2017-03-31,6.594974842151754,4.43173126248743
2017-04-04,6.584484631798499,4.438763581064266
2017-04-05,6.530569266808328,4.420674858789444
2017-04-06,6.555926385438202,4.42302032089692
2017-04-07,6.602687832743862,4.420674858789445
2017-04-10,6.559365253394698,4.422351041155765
2017-04-11,6.554354287490822,4.403257585720093
2017-04-12,6.482041924011302,4.385502960949769
2017-04-13,6.481030664932317,4.368084331965222
2017-04-17,6.480131333595167,4.404261505331825
2017-04-18,6.457516872575369,4.397562470710371
2017-04-19,6.472685095588641,4.404596416385443
2017-04-20,6.5742175821829445,4.44144368304232
2017-04-21,6.567634323214951,4.44043867869843
2017-04-24,6.625036169243606,4.4940352945987
2017-04-25,6.710911773537851,4.526529259924637
2017-04-26,6.548703535285423,4.520162966892483
2017-04-27,6.608942705144265,4.5472961858962355
2017-04-28,6.632762033190385,4.5553359494643155
2017-05-01,6.7072527471919425,4.595868593626174
2017-05-02,6.653818808804771,4.60357236140848
2017-05-03,6.650741279535925,4.588835732683259
2017-05-04,6.59343757672104,4.590507847303989
2017-05-05,6.659792317728671,4.607257738913461
2017-05-08,6.665845982754449,4.6173061552541235
2017-05-09,6.751173493865461,4.63338676712244
2017-05-10,6.795443679686382,4.636066597917454
2017-05-11,6.813118314104671,4.63238176277855
2017-05-12,6.8520966248550295,4.6427653613558695
2017-05-15,6.8447608292932705,4.657504159545404
2017-05-16,6.8910193184976185,4.676932254851653
2017-05-17,6.583456066451116,4.558016322625406
2017-05-18,6.705624212097844,4.597878602313952
2017-05-19,6.7527924383115066,4.617306155254123
2017-05-22,6.843246670606856,4.656165057697015
2017-05-23,6.818045019477965,4.66085381244765
2017-05-24,6.860583166268497,4.682290831709521
2017-05-25,6.930454082892154,4.7221536537641455
2017-05-26,6.979387282079605,4.730528328385843
2017-05-30,7.048180348402119,4.734546718663166
2017-05-31,7.039215063995153,4.7328729769442
2017-06-01,7.065410196574567,4.751296610272638
2017-06-02,7.115147675215116,4.8055641330122985
2017-06-05,7.1399222423049835,4.804558043936251
2017-06-06,7.132340773620924,4.785465130866658
2017-06-07,7.1968629583292465,4.8042228616995954
2017-06-08,7.297445468247446,4.809247341052966
2017-06-09,6.975641586486831,4.688989595147937
2017-06-12,6.987349383050414,4.663868825479319
2017-06-13,7.056772347656459,4.701719469381849
2017-06-14,7.019186707007671,4.681284742633474
2017-06-15,6.967505162851075,4.660519172577072
2017-06-16,6.938101231446249,4.640298680429795
2017-06-19,7.0790472297081495,4.717888486920999
2017-06-20,7.059512008264895,4.680942509637793
2017-06-21,7.180992426093731,4.727293114726208
2017-06-22,7.19791640059894,4.725950216315268
2017-06-23,7.223487108039584,4.7440874803541355
2017-06-26,7.184979647357649,4.721918266885976
2017-06-27,7.009025735744156,4.636265646268345
2017-06-28,7.133072165623491,4.703109553641638
2017-06-29,6.943040593805992,4.62148834008722
2017-06-30,6.899767090713521,4.623167505466974
2017-07-03,6.801675998337402,4.574463573962943
2017-07-05,6.819319751928261,4.619471823006496
2017-07-06,6.7439759589080595,4.577824074186765
2017-07-07,6.81792403059987,4.627198912530187
2017-07-10,6.90865670935433,4.657429313026537
2017-07-11,6.956327565493898,4.670528538560066
2017-07-12,7.0575799850368846,4.725950216315268
2017-07-13,7.030385279001834,4.736360933196524
2017-07-14,7.066186079697938,4.773644804546779
2017-07-17,7.032915170881009,4.775998130962397
2017-07-18,7.120736363719908,4.8079066121063425
2017-07-19,7.313469498442309,4.836121580254124
2017-07-20,7.355810018169595,4.842503059536482
2017-07-21,7.325953002203589,4.840486542455758
2017-07-24,7.297375894301858,4.862656840656075
2017-07-25,7.250112766903671,4.85022743722978
2017-07-26,7.334810863998917,4.866014629049503
2017-07-27,7.229434575395157,4.835450131048655
2017-07-28,7.230267784226088,4.831418181619364
2017-07-31,7.153274119779973,4.810929218263116
2017-08-01,7.138261967971545,4.822014638546314
2017-08-02,7.078477017554976,4.835112236981606
2017-08-03,7.056227229594504,4.816304066103347
2017-08-04,7.008614850481561,4.825035617604849
2017-08-07,7.108112694277951,4.85560336980217
2017-08-08,7.067780827080711,4.84720428870693
2017-08-09,7.057712209668019,4.84082389415673
2017-08-10,6.860860345293384,4.737034009500232
2017-08-11,6.891600002893348,4.772974982439548
2017-08-14,7.018944187361671,4.834442414874372
2017-08-15,7.072081436618927,4.837800203267801
2017-08-16,7.08081360128497,4.846196030166569
2017-08-17,6.889011336859044,4.747109001778753
2017-08-18,6.887558096133348,4.743750671019246
2017-08-21,6.879054862092398,4.737706001071781
2017-08-22,7.024804985166524,4.809923129187069
2017-08-23,7.015201563544575,4.79279141185817
2017-08-24,7.003608261804566,4.778682843052121
2017-08-25,6.968130274847333,4.7686078507736
2017-08-28,6.969934035350382,4.783386784052961
2017-08-29,7.00055126126487,4.80219495493122
2017-08-30,7.110129314238947,4.858626518325021
2017-08-31,7.179389260515795,4.910687153490323
2017-09-01,7.19906546440322,4.903971034337388
2017-09-05,7.11305973008297,4.859972128566355
2017-09-06,7.103922691531741,4.8747499771135585
2017-09-07,7.1900576995379355,4.886167867803018
2017-09-08,7.121776316385104,4.843844873215266
2017-09-11,7.271219838835823,4.89960390267144
2017-09-12,7.303177985248652,4.911359687427951
2017-09-13,7.33793904424106,4.918076891313043
2017-09-14,7.333268342448284,4.889190473959791
2017-09-15,7.354726568476231,4.905987009052034
2017-09-18,7.452854906255764,4.8995578015547485
2017-09-19,7.43404917739685,4.90797315363235
2017-09-20,7.421733973081993,4.892823784321215
2017-09-21,7.3108996495862115,4.8628629397659955
2017-09-22,7.285479419473038,4.858154117470447
2017-09-25,7.070050144340607,4.80698513213858
2017-09-26,7.060248230964263,4.819440026770575
2017-09-27,7.1523055914137235,4.862862939765995
2017-09-28,7.168639203465045,4.861181062555848
2017-09-29,7.29923952868608,4.896190250571903
2017-10-02,7.332540658118043,4.9005655177290315
2017-10-03,7.3467836830827835,4.911001183449909
2017-10-04,7.337997580087293,4.91571325994193
2017-10-05,7.371990517455174,4.963853673090159
2017-10-06,7.427857684189289,4.970584436127219
2017-10-09,7.472881740326722,4.96486193163052
2017-10-10,7.514963707580237,4.968564122483943
2017-10-11,7.562238489264143,4.983375597728028
2017-10-12,7.568111503036138,4.97428716934672
2017-10-13,7.619628140428024,4.993472827015776
2017-10-16,7.694419699992874,5.010642509970188
2017-10-17,7.657364333231654,5.0170386331366705
2017-10-18,7.690623236252192,5.010978776939001
2017-10-19,7.682599177617455,4.992462941377178
2017-10-20,7.806354915151782,5.00592880637993
2017-10-23,7.766860327624003,4.973277283708122
2017-10-24,7.770031207929541,4.98169426288396
2017-10-25,7.705725419736899,4.962842702719402
2017-10-26,7.7285721714100735,4.947020799470639
2017-10-27,7.740775314367454,5.091095466991016
2017-10-30,7.735140874940351,5.102539391252256
2017-10-31,7.836959121266499,5.121728845483863
2017-11-01,7.835861022333818,5.12004534117548
2017-11-02,7.849830018775093,5.110282751758309
2017-11-03,7.89127583773906,5.159428711616506
2017-11-06,7.90325709283808,5.1769341191736515
2017-11-07,7.951044823171065,5.179962691357289
2017-11-08,7.988819172870563,5.200835107531202
2017-11-09,7.882506811519006,5.173567652922964
2017-11-10,7.9398003964641894,5.173231928320229
2017-11-13,7.976993639508483,5.1796269667545545
2017-11-14,7.969742187233474,5.160775948956076
2017-11-15,7.89644477849541,5.136538693629712
2017-11-16,8.02924287332224,5.202180175406456
2017-11-17,7.959852768642419,5.182318187237221
2017-11-20,7.9512619101765605,5.178280814147142
2017-11-21,8.082195620106278,5.234496515841607
2017-11-22,8.039363479959293,5.240892096642011
2017-11-24,8.073976213162618,5.260078839043225
2017-11-27,8.031390652959226,5.25772442789545
2017-11-28,8.049592588873763,5.2711875810678075
2017-11-29,7.73435605391612,5.1792901574196595
2017-11-30,7.819422540067291,5.222715239879395
2017-12-01,7.731652097338701,5.200498298196306
2017-12-04,7.379277203420308,5.140578778550182
2017-12-05,7.368496388231993,5.143944702434791
2017-12-06,7.369204929882716,5.167171529756477
2017-12-07,7.444778686958672,5.184678022045779
2017-12-08,7.438825841714713,5.207565870568259
2017-12-11,7.400291751721699,5.247961296112198
2017-12-12,7.36405971876339,5.240892096642009
2017-12-13,7.386823442010823,5.250989868295836
2017-12-14,7.354018213360928,5.247289846906728
2017-12-15,7.444818097010118,5.30686821828933
2017-12-18,7.608328781374048,5.351365016120639
2017-12-19,7.628258952345319,5.319653956229352
2017-12-20,7.703167282038682,5.313921146777158
2017-12-21,7.614984443694625,5.314595307813021
2017-12-22,7.631996059572286,5.308524061927698
2017-12-26,7.618091018375523,5.27984970971123
2017-12-27,7.61556000071957,5.2805233283810145
2017-12-28,7.610353819886877,5.286934095431624
2017-12-29,7.551653348766799,5.254213692267817
2018-01-02,7.6658870782660635,5.3463047406060715
2018-01-03,7.766969189652082,5.398252563626998
2018-01-04,7.819459574249276,5.407697868888111
2018-01-05,7.883851277101775,5.462007153815835
2018-01-08,7.9010364792324275,5.48325922624486
2018-01-09,7.862370658558261,5.48359712031191
2018-01-10,7.852171673607351,5.470778298041085
2018-01-11,7.914064973135619,5.508220540286331
2018-01-12,7.999871835137645,5.548700032572475
2018-01-16,7.939126125138452,5.532846129725067
2018-01-17,8.104442364143752,5.592553584234408
2018-01-18,8.090282010055676,5.5935661817034
2018-01-19,8.144871622622828,5.611107385421741
2018-01-22,8.24653098350233,5.671150564533816
2018-01-23,8.306809206896405,5.718038112040175
2018-01-24,8.20348676523817,5.680934306228059
2018-01-25,8.253547642817818,5.678910738388311
2018-01-26,8.289521773196165,5.765939341747683
2018-01-29,8.236191164054192,5.737941320031394
2018-01-30,8.126272567383761,5.690716420824064
2018-01-31,8.132796323657097,5.714328870427728
2018-02-01,7.982175321857371,5.665752394952199
2018-02-02,7.8049434694771005,5.552746083519812
2018-02-05,7.4623989067198195,5.3338227276701415
2018-02-06,7.630457571226999,5.475164954885868
2018-02-07,7.550060124723531,5.404325978976637
2018-02-08,7.236857521960348,5.176290330638194
2018-02-09,7.37709279111326,5.265684192466916
2018-02-12,7.506338658485865,5.359122478144741
2018-02-13,7.603206399426025,5.386784232892217
2018-02-14,7.824007782622475,5.487646425455721
2018-02-15,7.953585422070132,5.589518503657824
2018-02-16,7.904664143477556,5.564555562518117
2018-02-20,7.965295081544848,5.575686541551929
2018-02-21,7.912838650670407,5.559832638704521
2018-02-22,7.90275358224848,5.5591573929365
2018-02-23,8.101631544957598,5.672838407770828
2018-02-26,8.227390547836375,5.7480613286944475
2018-02-27,8.154867363887542,5.676885543450324
2018-02-28,8.18247334376459,5.640454271575835
2018-03-01,8.005464800996727,5.54836322323758
2018-03-02,8.149803047470511,5.599300618253828
2018-03-05,8.270471413010789,5.661367365205652
2018-03-06,8.428546805651921,5.685317708876367
2018-03-07,8.470441823872866,5.698472798116004
2018-03-08,8.505772699707867,5.72984650630632
2018-03-09,8.692305475444632,5.841164432135614
2018-03-12,8.739581611798066,5.872198619160645
2018-03-13,8.67792721054977,5.792250604959114
2018-03-14,8.70629235308708,5.79123909222228
2018-03-15,8.6315601037288,5.786178274341634
2018-03-16,8.653310197275847,5.768974964690343
2018-03-19,8.513966379778902,5.645889322050806
2018-03-20,8.649478411713826,5.664471326274233
2018-03-21,8.61993248194437,5.63980614411175
2018-03-22,8.388438301295217,5.500601381612306
2018-03-23,8.106055243072285,5.355651877606935
2018-03-26,8.46895701134942,5.554660635777735
2018-03-27,8.111982755613136,5.3749129241609355
2018-03-28,7.9124174194451395,5.313081564087282
2018-03-29,8.125440082228454,5.410387462272543
2018-04-03,8.202124460865111,5.471271153078107
2018-04-04,8.358318172723498,5.557554462822341
2018-04-05,8.360443394766111,5.589212954440116
2018-04-06,8.143065185295027,5.449353649884437
2018-04-09,8.191645197439518,5.487622855868461
2018-04-10,8.420396048914894,5.608697723682668
2018-04-11,8.340441808295987,5.576341133479287
2018-04-12,8.498133310448054,5.643488723273772
2018-04-13,8.453967999472317,5.614263524085984
2018-04-16,8.489604204331297,5.657056967383601
2018-04-17,8.749316303118686,5.778826582910202
2018-04-18,8.811944329085065,5.7906562823024395
2018-04-19,8.590018611345286,5.737425427431718
2018-04-20,8.497449507830865,5.646620114289366
2018-04-23,8.437443672698036,5.632356005509406
2018-04-24,8.278070484896546,5.513020799370528
2018-04-25,8.269680618324262,5.519631513736777
2018-04-26,8.422054903725478,5.635833653423457
2018-04-27,8.479544739175084,5.639311859816378
2018-04-30,8.395870621033328,5.59930466759363
2018-05-01,8.382802916589936,5.663319749414786
2018-05-02,8.324050120491206,5.629918803727339
2018-05-03,8.335607998285234,5.629224614493813
2018-05-04,8.497099934857054,5.736033698091454
2018-05-07,8.516825230048749,5.783696518643387
2018-05-08,8.483310068368894,5.777781668947268
2018-05-09,8.572045248734028,5.840755746157569
2018-05-10,8.612477073700786,5.901292063106935
2018-05-11,8.56853264033953,5.895725704224752
2018-05-14,8.55529626129267,5.905814066505054
2018-05-15,8.486831486419046,5.84040557990703
2018-05-16,8.496871415694986,5.879025510620463
2018-05-17,8.434436875491656,5.856409908841187
2018-05-18,8.404033437348481,5.8261437050425435
2018-05-21,8.464691935556075,5.858846552144384
2018-05-22,8.403864707682306,5.851191482294069
2018-05-23,8.541844579410283,5.9005956399579365
2018-05-24,8.556085282640748,5.898855419803739
2018-05-25,8.524141504004684,5.904770269499857
2018-05-29,8.528181517817536,5.87867646132766
2018-05-30,8.62633874654433,5.920774598434014
2018-05-31,8.53026981561505,5.916947901227159
2018-06-01,8.694410155751948,6.009840808379907
2018-06-04,8.790483598726293,6.064115460255826
2018-06-05,8.848478387247084,6.082902130912773
2018-06-06,8.865450398359595,6.118389553652878
2018-06-07,8.716884357394116,6.068637463653945
2018-06-08,8.79071919509012,6.0689870714256156
2018-06-11,8.846697356681819,6.085337098779365
2018-06-12,8.89675804424326,6.117344639689942
2018-06-13,8.944836801492135,6.117000058228087
2018-06-14,9.06370698067453,6.178925870602243
2018-06-15,9.018945447096973,6.157354624307033
2018-06-18,9.042908136334319,6.153797113914788
2018-06-19,9.012480520871643,6.136366429950521
2018-06-20,9.03845987085979,6.179948445410439
2018-06-21,8.965177190483098,6.126256845473217
2018-06-22,8.842498991054207,6.112658443504491
2018-06-25,8.567724950928922,5.9749369960573695
2018-06-26,8.670302257363677,5.999343639567875
2018-06-27,8.482676458838236,5.9177593710230685
2018-06-28,8.625135461689315,5.9686608105333425
2018-06-29,8.635752133494691,5.984700323636215
2018-07-02,8.71706459085613,6.024795755520184
2018-07-03,8.593381198303337,5.955063525522354
2018-07-05,8.708323661844068,6.028980437681738
2018-07-06,8.821173977057553,6.122768586460665
2018-07-09,8.913717801927303,6.177856383569098
2018-07-10,8.952765886992847,6.182390115023454
2018-07-11,8.938795756819086,6.151009187403315
2018-07-12,9.11717999552223,6.257001216416364
2018-07-13,9.123953005233393,6.262231929498588
2018-07-16,9.08437336798294,6.247239005795256
2018-07-17,9.142414973092825,6.285241817359014
2018-07-18,9.166930576546482,6.273388661854302
2018-07-19,9.098873213385122,6.242008292713032
2018-07-20,9.107736223287068,6.240616563372769
2018-07-23,9.116801097961337,6.260487241513444
2018-07-24,9.056776299814604,6.286288406758555
2018-07-25,9.20538280516263,6.374150536263994
2018-07-26,9.079398773696647,6.277571668579251
2018-07-27,8.923131788615008,6.192849865751299
2018-07-30,8.683444055319937,6.105336785538662
2018-07-31,8.877097372147771,6.152055218323987
2018-08-01,8.860800672658888,6.1754169478715575
2018-08-02,9.019778312140307,6.259441769071641
2018-08-03,9.010608984715157,6.278617699499922
2018-08-06,9.093607842337752,6.315576155579614
2018-08-07,9.13243122959223,6.338587160397777
2018-08-08,9.133202274069653,6.34625786765641
2018-08-09,9.13373660567948,6.342421676308791
2018-08-10,9.100743995981635,6.29395855553832
2018-08-13,9.049090612232204,6.286985388386424
2018-08-14,9.173867009513659,6.32638551407913
2018-08-15,9.058327083321045,6.248983135301534
2018-08-16,9.066905177939432,6.269552470506683
2018-08-17,9.081742662927587,6.270946992241289
2018-08-20,9.056305036095415,6.265369463781735
2018-08-21,9.102128431216887,6.28837991012103
2018-08-22,9.136459427328216,6.312785995152666
2018-08-23,9.127235725741167,6.303721883117164
2018-08-24,9.197547715161058,6.362296263801545
2018-08-27,9.24304986699618,6.427145713052217
2018-08-28,9.259597659303074,6.436561108295995
2018-08-29,9.372662972181326,6.510824835832708
2018-08-30,9.360620255071435,6.499319054184193
2018-08-31,9.422067433021976,6.507685626112957
2018-09-04,9.473940135737225,6.479794632941978
2018-09-05,9.389244964092216,6.396116627119223
2018-09-06,9.377283675097106,6.33893620969058
2018-09-07,9.357230990554616,6.314530683137812
2018-09-10,9.388921360370931,6.335798116928565
2018-09-11,9.437138057064237,6.384610845470708
2018-09-12,9.38278665296591,6.365783964335231
2018-09-13,9.44000120891778,6.433771506347916
2018-09-14,9.449073399610382,6.41494406673357
2018-09-17,9.327936910485306,6.322548764252643
2018-09-18,9.433778550801858,6.374848076370732
2018-09-19,9.360414430571844,6.36996641258131
2018-09-20,9.393307292893262,6.440393948770403
2018-09-21,9.364466228225231,6.40518241459133
2018-09-24,9.41245452392661,6.422993981143903
2018-09-25,9.443919459780599,6.431726356731525
2018-09-26,9.428843299497837,6.436266231453435
2018-09-27,9.5051339975909,6.490756456172589
2018-09-28,9.520183663715443,6.489359700522509
2018-10-01,9.532391803094226,6.502630275395435
2018-10-02,9.441361730052458,6.487961269435824
2018-10-03,9.43253404241471,6.494946723122826
2018-10-04,9.202803590400132,6.370251795283104
2018-10-05,9.09119324763881,6.29236242293219
2018-10-08,8.990524240729844,6.253940193738201
2018-10-09,8.996022400550533,6.274198456213603
2018-10-10,8.59455569349063,5.998264658393963
2018-10-11,8.455134041110314,5.923866895928814
2018-10-12,8.69161134666602,6.088728182468803
2018-10-15,8.60872560335492,6.0150296355469965
2018-10-16,8.89166684366658,6.190020611803556
2018-10-17,8.844632745067866,6.1924661907686485
2018-10-18,8.686510917694964,6.048909756103602
2018-10-19,8.584865849218836,6.043322733503285
2018-10-22,8.630521110024343,6.074410459717469
2018-10-23,8.554403204799382,6.052053433654302
2018-10-24,8.08730277620165,5.775070812519648
2018-10-25,8.132171347886953,5.974862159888994
2018-10-26,8.019143731541044,5.821176593986247
2018-10-29,8.049229108914538,5.701371707118974
2018-10-30,8.147649557401015,5.795329633473921
2018-10-31,8.140806290700992,5.93155212363803
2018-11-01,8.170010595447225,6.0097916622394845
2018-11-02,8.159020696317702,5.91618278517734
2018-11-05,8.206416395469168,5.901513779217729
2018-11-06,8.169425704255367,5.946222805034247
2018-11-07,8.340780584459603,6.132738551220849
2018-11-08,8.35035264833422,6.09361989887786
2018-11-09,8.2640039154531,5.990929038456422
2018-11-12,8.107090225059187,5.809651824056203
2018-11-13,8.13951080416206,5.814541306549784
2018-11-14,8.121758671109026,5.770182446983805
2018-11-15,8.089701520184962,5.871123593110281
2018-11-16,8.160544489343883,5.850515164384338
2018-11-19,8.095499628941683,5.660505574396496
2018-11-20,7.798721593951849,5.559213703540612
2018-11-21,7.811775896574507,5.6014771503920375
2018-11-23,7.7847973257964656,5.560960066962363
2018-11-26,7.870834525884842,5.68949677093839
2018-11-27,7.972767527925349,5.708709002493122
2018-11-28,8.122365105713664,5.892430120421829
2018-11-29,8.164132900764548,5.873219564303703
2018-11-30,8.222468254745372,5.9158315019690635
2018-12-03,8.315622131210109,6.019221577933843
2018-12-04,8.120050534759656,5.788343062829182
2018-12-06,8.126611899334579,5.829209754030528
2018-12-07,7.8311366706975,5.636753468119856
2018-12-10,7.883822106634823,5.695785242997526
2018-12-11,7.90868609474483,5.714645074386244
2018-12-12,7.982460957267225,5.764943356718555
2018-12-13,7.908015428143434,5.766687486224832
2018-12-14,7.742393683377285,5.626276963025958
2018-12-17,7.515181128253199,5.4987868484494715
2018-12-18,7.491380580742369,5.53336618454942
2018-12-19,7.396941497878419,5.3974938606358505
2018-12-20,7.28865912588558,5.319253763555529
2018-12-21,7.1204548860696315,5.154391918536671
2018-12-24,6.946758135966379,5.026573976864384
2018-12-26,7.250859467833371,5.340427931375246
2018-12-27,7.275594985725994,5.36109500038238
2018-12-28,7.280390720457214,5.358292553420325
2018-12-31,7.32633253165161,5.4034796371482665
2019-01-02,7.300651795978543,5.42519720490702
2019-01-03,7.079481938080762,5.247953883373863
2019-01-04,7.346604565712409,5.472484169180461
2019-01-07,7.468058768288802,5.537637430935589
2019-01-08,7.468300181520386,5.58772907608656
2019-01-09,7.516032094232393,5.633265767586172
2019-01-10,7.534643285620754,5.649377324463078
2019-01-11,7.564046839397769,5.628712489371418
2019-01-14,7.465854911942499,5.578971010470987
2019-01-15,7.533868041919304,5.687911249430765
2019-01-16,7.488585063240304,5.686859075242539
2019-01-17,7.564017832401381,5.731695434241073
2019-01-18,7.586139382339497,5.788440796631167
2019-01-22,7.506876399967428,5.672497791139463
2019-01-23,7.50125654123185,5.679852957837403
2019-01-24,7.506101294615758,5.716631025242575
2019-01-25,7.63760360408966,5.784936900210296
2019-01-28,7.536844053444273,5.713480645945454
2019-01-29,7.432509846277287,5.659537172038546
2019-01-30,7.53031767652074,5.80350353019306
2019-01-31,7.627830104068678,5.890375476664677
2019-02-01,7.661675281869411,5.86550529569333
2019-02-04,7.632648783628407,5.9383638903969365
2019-02-05,7.643213291396652,5.99090502386508
2019-02-06,7.588833214748971,5.97304096029887
2019-02-07,7.477601002555965,5.8928266404184555
2019-02-08,7.5519970825934,5.904386036038345
2019-02-11,7.558880733576456,5.898781700593104
2019-02-12,7.656532927632873,5.98600046244205
2019-02-13,7.627879598587804,5.990204132885132
2019-02-14,7.649524129286914,5.997560975019677
2019-02-15,7.648755673580109,6.022780205283827
2019-02-19,7.63851150146498,6.034692001069732
2019-02-20,7.6193645869486195,6.033640385360376
2019-02-21,7.624131638090882,6.011573209829952
2019-02-22,7.694866175816924,6.05605772714134
2019-02-25,7.693867861877648,6.078124902671765
2019-02-26,7.660756630047667,6.084431804533558
2019-02-27,7.652072430408607,6.080577183383279
2019-02-28,7.687292461302408,6.066566624009611
2019-03-01,7.590245490426126,6.108602211482695
2019-03-04,7.532120217832768,6.109651034797708
2019-03-05,7.596940319594516,6.114205988449067
2019-03-06,7.491336234608972,6.079527243110528
2019-03-07,7.434389300825037,6.004916141717618
2019-03-08,7.411601112540121,5.995810143766979
2019-03-11,7.561454328096709,6.120510097916519
2019-03-12,7.592859422705077,6.154138902982307
2019-03-13,7.674755570548732,6.2003753685041305
2019-03-14,7.628075938343088,6.18986647163586
2019-03-15,7.645983655032036,6.2473149589213754
2019-03-18,7.65816951004409,6.262191160541194
2019-03-19,7.665527591154122,6.283247489319662
2019-03-20,7.68473195890892,6.30816179012162
2019-03-21,7.815726229544259,6.406771845451042
2019-03-22,7.702977624953448,6.266053041916765
2019-03-25,7.706183172753216,6.254121140891596
2019-03-26,7.763876477967458,6.283247489319662
2019-03-27,7.716465529172848,6.242890130846374
2019-03-28,7.74517219058766,6.257278780414006
2019-03-29,7.816878130779929,6.304653984348668
2019-04-01,7.888194731878238,6.388173382172773
2019-04-03,7.948900784424573,6.424882123685474
2019-04-04,7.894097973127105,6.422432982593022
2019-04-05,7.992661636823089,6.455646050892666
2019-04-08,7.98256348542802,6.472077328467267
2019-04-09,7.925584175208736,6.4493518361768745
2019-04-10,7.970499711166651,6.483963618857805
2019-04-11,7.970999670098298,6.4685816552542095
2019-04-12,8.030138669912251,6.4965481536988285
2019-04-15,7.970661587954677,6.4975969112997545
2019-04-16,8.002817881909962,6.519971890439705
2019-04-17,7.981846258944613,6.542695157249777
2019-04-18,7.973380414630358,6.551085774427259
2019-04-22,7.940779072022226,6.56961345446355
2019-04-23,8.042640247692253,6.653167443977684
2019-04-24,8.096849116041044,6.632192848329259
2019-04-25,8.07635085136068,6.6591094764327945
2019-04-26,8.161990376739363,6.665052621628064
2019-04-29,8.153847163098092,6.677989338729767
2019-04-30,8.186589896482706,6.626248590393831
2019-05-01,8.08678667173207,6.6049245943351265
2019-05-02,8.133363494621541,6.576255956849464
2019-05-03,8.29206041170865,6.681136167902624
2019-05-06,8.13787721891151,6.640233508726383
2019-05-07,7.918464236954674,6.5108841415519025
2019-05-08,7.880880210534186,6.4944523076072205
2019-05-09,7.866449364457691,6.459489455405767
2019-05-10,7.886178132839468,6.467532341283206
2019-05-13,7.577101868304338,6.2430904255040955
2019-05-14,7.7390864162543,6.311611295454835
2019-05-15,7.856973929230307,6.4007590297539565
2019-05-16,7.917674965016409,6.465084869300994
2019-05-17,7.778695480036877,6.399012027702547
2019-05-20,7.590486143971759,6.290987769326932
2019-05-21,7.691552499705852,6.356710654145017
2019-05-22,7.6376335082777445,6.328394198920037
2019-05-23,7.499358416374584,6.231554648263998
2019-05-24,7.502924506227649,6.2284094882013825
2019-05-28,7.5265773735574415,6.204985195090427
2019-05-29,7.383676933540705,6.153946029425454
2019-05-30,7.4424319642338626,6.1798150126682225
2019-05-31,7.33309430654732,6.081229016330854
2019-06-03,7.208663471263417,5.947332992862072
2019-06-04,7.406173970773648,6.114789815930541
2019-06-05,7.477669800139383,6.160236905920765
2019-06-06,7.550474853451829,6.2091818946043675
2019-06-07,7.658984850326536,6.329092999740601
2019-06-10,7.721752120768992,6.402855988585726
2019-06-11,7.678718135361363,6.411596006173489
2019-06-12,7.650665085273242,6.374539533360745
2019-06-13,7.6568515737350475,6.4122964761042915
2019-06-14,7.605552518973377,6.385026552999916
2019-06-17,7.578241708194213,6.423483409304186
2019-06-18,7.6603794843688195,6.5168250612668475
2019-06-19,7.755954637637701,6.541296442868489
2019-06-20,7.794651292268661,6.60212827831271
2019-06-21,7.735917487058243,6.5923389467539435
2019-06-24,7.707840491546654,6.592547029163887
2019-06-25,7.574064256985382,6.47937912939806
2019-06-26,7.574931186318732,6.509511020194298
2019-06-27,7.637258577207146,6.534386882844148
2019-06-28,7.6839059595001915,6.542795303864191
2019-07-01,7.798831990379598,6.63108845372033
2019-07-02,7.797214651704847,6.657366925342027
2019-07-03,7.860847465314445,6.7074708329024055
2019-07-05,7.843257764445377,6.6938047146257365
2019-07-08,7.8197309273250895,6.6468570945295715
2019-07-09,7.872934443714218,6.680139709089224
2019-07-10,7.943132756086821,6.74671217101957
2019-07-11,7.939000453626987,6.741806099653545
2019-07-12,8.010298464888864,6.780696924620266
2019-07-15,8.03493018632047,6.8024192816563005
2019-07-16,7.958478881418858,6.767382432234197
2019-07-17,7.95268874747529,6.734096479454065
2019-07-18,8.019294404961341,6.741806099653546
2019-07-19,7.9353013067097695,6.692403218394049
2019-07-22,7.998996470080605,6.745661187938326
2019-07-23,8.04188430368277,6.789805815571116
2019-07-24,8.148987538633795,6.837456687448483
2019-07-25,8.06485327715189,6.7726390167506665
2019-07-26,8.123176866539364,6.842361646074348
2019-07-29,8.103814500173739,6.818886166916025
2019-07-30,8.054679956062179,6.7894558587907525
2019-07-31,7.89900691837712,6.695557280377944
2019-08-01,7.799489411984576,6.662270771227731
2019-08-02,7.703323313097145,6.5641677041198605
2019-08-05,7.409397628494723,6.3322242505512145
2019-08-06,7.591534972392501,6.420867913557795
2019-08-07,7.653922430376642,6.455552580719215
2019-08-08,7.915443691954861,6.596053273408464
2019-08-09,7.8620370196589535,6.534035256953542
2019-08-12,7.709305000586222,6.459057155853552
2019-08-13,7.857038321895482,6.600606049773649
2019-08-14,7.617013775994527,6.403347263366422
2019-08-15,7.63663879576148,6.395990938167784
2019-08-16,7.767166873686707,6.498649007121157
2019-08-19,7.840118871117742,6.602008102375416
2019-08-20,7.816033496066386,6.55085488084403
2019-08-21,7.905629888492703,6.609015583533851
2019-08-22,7.9244632618354895,6.587643183278181
2019-08-23,7.623315488161168,6.379174096127697
2019-08-26,7.73787856179787,6.475526266593597
2019-08-27,7.7679144978208345,6.461860148316926
2019-08-28,7.814678501853956,6.4849851143248065
2019-08-29,7.944484011744699,6.584137495403683
2019-08-30,7.960111115622452,6.56837386192516
2019-09-03,7.890389538808314,6.504604948828268
2019-09-04,8.007498434761395,6.598504639981237
2019-09-05,8.142369124216836,6.719381603576465
2019-09-06,8.169766741848948,6.712725191938551
2019-09-09,8.06473744203945,6.6987118987319185
2019-09-10,7.9697107034760855,6.679439239158418
2019-09-11,8.0128125131113,6.742156612803984
2019-09-12,8.065206814717765,6.77018598106765
2019-09-13,8.03136098511403,6.746010031978526
2019-09-16,7.979802336584321,6.715877028442127
2019-09-17,8.059385881378864,6.748113667251255
2019-09-18,8.07260046664966,6.745310118417802
2019-09-19,8.066857811995435,6.7565209755311395
2019-09-20,7.965781802333318,6.6850463368253275
2019-09-23,7.994957814299632,6.687995098249678
2019-09-24,7.916058786374581,6.599171727707235
2019-09-25,8.01933447233746,6.673249065647599
2019-09-26,8.030161751258573,6.648673642840985
2019-09-27,7.8938096995669635,6.566170080038018
2019-09-30,7.943174703565158,6.628663236541317
2019-10-01,7.86080519205786,6.5745985303809436
2019-10-02,7.73342070246954,6.46155025018233
2019-10-03,7.819311467481621,6.5324679624379955
2019-10-04,7.9703220450408665,6.6286632365413185
2019-10-07,7.928604451619549,6.60865171750149
2019-10-08,7.804108127402404,6.509646774493832
2019-10-09,7.917569009327724,6.573194808668938
2019-10-10,7.974256057134435,6.624097107294213
2019-10-11,8.044962196493003,6.709409226261357
2019-10-14,8.036003443855734,6.708708756330553
2019-10-15,8.136211709539436,6.794019762557537
2019-10-16,8.043699178593613,6.777167312832325
2019-10-17,8.078442091794187,6.795072971119104
2019-10-18,8.056846893985261,6.7297734839319485
2019-10-21,8.087726927796627,6.789454746050593
2019-10-22,7.9589124618438065,6.73538948352014
2019-10-23,7.920467609958753,6.748380168519611
2019-10-24,8.109399306713895,6.814030168857206
2019-10-25,8.216239888008596,6.868447613648344
2019-10-28,8.30931080261773,6.936204587479153
2019-10-29,8.248610921337706,6.8824903944692215
2019-10-30,8.277410707366252,6.915842555288881
2019-10-31,8.151992433794415,6.919002737343658
2019-11-01,8.285114832886505,6.981844737887158
2019-11-04,8.346349393020967,7.025026845281434
2019-11-05,8.314642173987322,7.028888610007174
2019-11-06,8.302758281431364,7.013091037953768
2019-11-07,8.344492492420397,7.036612695828736
2019-11-08,8.353236704465772,7.064698813840569
2019-11-11,8.341277541561974,7.055220493156557
2019-11-12,8.364814646849286,7.075581968976746
2019-11-13,8.345702551965184,7.077338985689596
2019-11-14,8.35572970039136,7.071719647880924
2019-11-15,8.431057999817394,7.123680718768567
2019-11-18,8.432411429558915,7.129297831096918
2019-11-19,8.385046404239542,7.139828803972415
2019-11-20,8.333562533195368,7.096997766098662
2019-11-21,8.243436247238755,7.0811990813050985
2019-11-22,8.241856523853428,7.085763541441962
2019-11-25,8.398815298911105,7.16967138232702
2019-11-26,8.344830215762972,7.1833625372572945
2019-11-27,8.41288548560778,7.233566591432088
2019-11-29,8.358987335004478,7.200566056503027
2019-12-02,8.264083993973513,7.126838675343028
2019-12-03,8.172327755376564,7.071018621580045
2019-12-04,8.256761125847909,7.106828269043359
2019-12-05,8.307825199424407,7.120872162604395
2019-12-06,8.401381174987241,7.197053135817488
2019-12-09,8.351974710476005,7.1644036704089515
2019-12-10,8.42245919584687,7.158437157670319
2019-12-11,8.546727642913824,7.196354334996926
2019-12-12,8.68583438721574,7.2500685280068575
2019-12-13,8.684800466816881,7.273938473551945
2019-12-16,8.812196192294726,7.346963715670902
2019-12-17,8.846062572794304,7.351177662657326
2019-12-18,8.856583983017002,7.356793662245516
2019-12-19,8.942640772057485,7.402784882174045
2019-12-20,9.027361628403947,7.432626347788489
2019-12-23,9.069297185686276,7.452259535173871
2019-12-24,9.102801345353297,7.456128532710654
2019-12-26,9.121724037176147,7.521923189269067
2019-12-27,9.093656715721892,7.515589472277591
2019-12-30,9.020749492792858,7.466332359979071
2019-12-31,9.0501934102089,7.48040574115435
2020-01-02,9.183327787087487,7.605309711389101
2020-01-03,9.097104848923586,7.535643275443505
2020-01-06,9.080569342116185,7.584197692330901
2020-01-07,9.209098644345582,7.583142814659096
2020-01-08,9.291379906989974,7.640139591141417
2020-01-09,9.32707948899644,7.704878257287866
2020-01-10,9.29409594971351,7.685176080012554
2020-01-13,9.45040966553949,7.773837546861697
2020-01-14,9.456266155090583,7.743227734166682
2020-01-15,9.427534533605414,7.746395149032499
2020-01-16,9.501877107974577,7.820633277926002
2020-01-17,9.489213761125983,7.859336049805663
2020-01-21,9.446091269571076,7.855817009049243
2020-01-22,9.520621531388302,7.876572951256201
2020-01-23,9.541698187836053,7.9019061501118655
2020-01-24,9.382391010583635,7.8354087981423275
2020-01-27,9.094295010484366,7.673564080071487
2020-01-28,9.26690429061655,7.791431081533559
2020-01-29,9.225220497071719,7.80409684640627
2020-01-30,9.287280772627632,7.831891426496148
2020-01-31,9.067315762081549,7.707691820782763
2020-02-03,9.307977503379457,7.8241512059422655
2020-02-04,9.618214708040563,8.0032339382038
2020-02-05,9.553465831083022,8.029624240211591
2020-02-06,9.625229727634553,8.098935155676024
2020-02-07,9.506713994330266,8.064104719553626
2020-02-10,9.66391936867217,8.1615629537387
2020-02-11,9.755811794024622,8.16297001367119
2020-02-12,9.844550664697616,8.2424858691442
2020-02-13,9.898565905727702,8.231929859615102
2020-02-14,9.918914460720663,8.255501590797275
2020-02-18,9.904495463835945,8.258670118403252
2020-02-19,10.123986959577131,8.337832678875422
2020-02-20,9.935115930140103,8.260428247856261
2020-02-21,9.691459077308062,8.101750944651242
2020-02-24,9.297245610605684,7.789317431599386
2020-02-25,9.067980527212953,7.577512905818904
2020-02-26,9.161116682697278,7.616568416329326
2020-02-27,8.696602687963722,7.235176726443799
2020-02-28,8.763454636352057,7.240806078913911
2020-03-02,9.158561914728702,7.614456991875475
2020-03-03,8.909855346419347,7.370281742096568
2020-03-04,9.353337856383046,7.677786372609114
2020-03-05,9.111061364993173,7.4445187582499095
2020-03-06,8.93568059926071,7.318912648974116
2020-03-09,8.272910782189697,6.810509458990551
2020-03-10,8.651246764226512,7.181344582976895
2020-03-11,8.293178357889659,6.8685627822549185
2020-03-12,7.483429203675275,6.238772993682784
2020-03-13,8.121043070498027,6.767232212312585
2020-03-16,7.146155923438633,5.956600449285742
2020-03-17,7.620006328337351,6.408357932307506
2020-03-18,7.340901202694253,6.213440907567279
2020-03-19,7.488906548400321,6.250735506774292
2020-03-20,7.206811439129961,6.005856448844101
2020-03-23,7.289010987611857,6.010193353618219
2020-03-24,7.735459467959805,6.475608609365454
2020-03-25,7.610913639310164,6.4276561849046905
2020-03-26,8.0108659758974,6.766139501475334
2020-03-27,7.668908555619388,6.533432151786756
2020-03-30,7.970429467423193,6.771076729565844
2020-03-31,7.948671593146699,6.713252630774461
2020-04-01,7.669218969707934,6.428008923535452
2020-04-03,7.5613418289261505,6.336780237359102
2020-04-06,7.9322776009381535,6.7898252552506095
2020-04-07,7.832696169764417,6.787060567841157
2020-04-08,7.921867152072011,6.931166218262052
2020-04-09,7.956705055853983,6.9411872558406555
2020-04-13,8.228277598698027,7.016176811631696
2020-04-14,8.587107369970704,7.321319232666012
2020-04-15,8.568482528371334,7.237342534232922
2020-04-16,8.913105384604767,7.369351722956795
2020-04-17,8.882331766247434,7.439849070684903
2020-04-20,8.872070144882588,7.3517297035635245
2020-04-21,8.488811818642148,7.080453340036917
2020-04-22,8.756846883694854,7.290562494213275
2020-04-23,8.695633963443772,7.275010445906056
2020-04-24,8.809727888474368,7.389740610972466
2020-04-27,8.891396264082427,7.4491792090627635
2020-04-28,8.6105781208377,7.308877594020238
2020-04-29,8.659142657119721,7.568058041153062
2020-04-30,8.631186400633847,7.564947086188382
2020-05-01,8.310814823723954,7.351729703563526
2020-05-04,8.604879563368456,7.437432286740389
2020-05-05,8.738339150739922,7.521749799696343
2020-05-06,8.79677959565431,7.568058041153063
2020-05-07,9.004470050059561,7.6655097278652455
2020-05-08,9.096623954996454,7.770563486998569
2020-05-11,9.277049327789463,7.840023667970706
2020-05-12,9.075965553124853,7.67587485178613
2020-05-13,9.13747125977522,7.579807689991621
2020-05-14,9.218306491919138,7.66585654072371
2020-05-15,9.420930737964097,7.7156187328809205
2020-05-18,9.49705246281282,7.85937593453364
2020-05-19,9.519002595886253,7.839677945718716
2020-05-20,9.641037471627087,7.99622468948215
2020-05-21,9.468312710464845,7.909139217297324
2020-05-22,9.498880139286761,7.936438187926918
2020-05-26,9.286840160683107,7.9150126784585115
2020-05-27,9.157656548037464,7.958209419647314
2020-05-28,9.195187696710203,7.947843205119958
2020-05-29,9.611668910854425,8.064300890839847
2020-06-01,9.800158820652433,8.088491087717706
2020-06-02,9.88134914325909,8.142746033241087
2020-06-03,9.903220267276179,8.179375687551776
2020-06-04,9.69713263503966,8.122010877670188
2020-06-05,9.859617240211513,8.283048738890082
2020-06-08,9.946057336465625,8.347325812598537
2020-06-09,10.023079735373436,8.407801577444806
2020-06-10,10.329489146084109,8.508709396070424
2020-06-11,9.917355669778344,8.087109289316217
2020-06-12,9.920011158880717,8.151385817721433
2020-06-15,10.26480928140111,8.250565570390336
2020-06-16,10.343131915406524,8.392250074440822
2020-06-17,10.40695253402623,8.418859236476147
2020-06-18,10.430875558236846,8.441666544346042
2020-06-19,10.523946529954406,8.440283110034839
2020-06-22,10.630106905591704,8.5415061139312
2020-06-23,10.676816587324339,8.614202669612428
2020-06-24,10.461160725697427,8.43661594576885
2020-06-25,10.664957010473612,8.516927661148898
2020-06-26,10.483967757144045,8.315799105975751
2020-06-29,10.53450164768497,8.406497757406147
2020-06-30,10.790293438242617,8.571277489435442
2020-07-01,10.882829384818006,8.671322093037558
2020-07-02,11.16252968403624,8.730170673025874
2020-07-06,11.515789536416762,8.94480039103347
2020-07-07,11.589873609501772,8.883181125300098
2020-07-08,11.796883532590456,9.000185750166276
2020-07-09,12.02300257665446,9.075999259147787
2020-07-10,12.068775599303379,9.137965337739624
2020-07-13,11.523512048779578,8.94999276845217
2020-07-14,11.681377235936655,9.013341190748731
2020-07-15,11.616571146044372,9.031689554053125
2020-07-16,11.512590951477522,8.970070833622989
2020-07-17,11.499278811310148,8.980455043157155
2020-07-20,11.972261686025043,9.235238164990209
2020-07-21,11.710821793645222,9.139003049798832
2020-07-22,11.71838314372645,9.171197752886428
2020-07-23,11.395855740386777,8.931646041057483
2020-07-24,11.214365286278746,8.846832847459481
2020-07-27,11.579957437992647,9.004686683080994
2020-07-28,11.386298072993242,8.89010374988846
2020-07-29,11.620289525886555,8.992572226377167
2020-07-30,11.75111870915779,9.039652617216884
2020-07-31,11.812312773747818,9.20096912839067
2020-08-03,12.16381725379718,9.32524264540044
2020-08-04,12.205914274415928,9.359862857284337
2020-08-05,12.258931901382851,9.38305460393602
2020-08-06,12.126283912623865,9.507333573978157
2020-08-07,11.881427231393022,9.397596750649097
2020-08-10,11.577576892528551,9.357440620307456
2020-08-11,11.220561659373766,9.180198528109393
2020-08-12,11.525162917872128,9.411095186967362
2020-08-13,11.669973594917767,9.432558322359093
2020-08-14,11.684637928488495,9.421481032411236
2020-08-17,12.219703586805045,9.530871042881833
2020-08-18,12.362908730096791,9.622606315764964
2020-08-19,12.342238848343051,9.557874459157201
2020-08-20,12.640242605977003,9.690458397492428
2020-08-21,12.675690924841762,9.757614672290018
2020-08-24,12.606901617180956,9.81854249351941
2020-08-25,12.762559170819642,9.895742163328302
2020-08-26,13.06698500096903,10.10690866048039
2020-08-27,12.979523669880612,10.075404311290301
2020-08-28,13.044613678519223,10.1266377315798
2020-08-31,13.375518364020616,10.207990430838477
2020-09-01,14.314831395273137,10.382463473201193
2020-09-02,14.123410409364142,10.480776193723933
2020-09-03,13.14829971269682,9.949397820594685
2020-09-04,12.780265515002409,9.816809519833566
2020-09-08,11.887278311780312,9.344976078925745
2020-09-09,12.345158116563834,9.619492634284104
2020-09-10,12.171950009061856,9.42771384840533
2020-09-11,12.06373236852921,9.362284003654747
2020-09-14,12.546354347333942,9.525336215030563
2020-09-15,12.709806127929653,9.660342390342672
2020-09-16,12.506752562501466,9.506293135402768
2020-09-17,12.304274982869547,9.357784161346501
2020-09-18,12.434453150126215,9.23835402768402
2020-09-21,12.712979300799297,9.260509698186207
2020-09-22,12.847507327256494,9.432558322359094
2020-09-23,12.420173436635244,9.144541694772762
2020-09-24,12.29483460039266,9.18711951678805
2020-09-25,12.671616329665914,9.400709341523488
2020-09-28,12.868152586022847,9.595952984167479
2020-09-29,12.77171609434647,9.552683172344974
2020-09-30,12.95662844790626,9.618109745276136
2020-10-01,13.156578308064033,9.770768476962767
2020-10-02,12.760322122395944,9.495912742991257
2020-10-05,13.028371937550432,9.698420915352946
2020-10-06,12.873858783547501,9.52533621503056
2020-10-07,13.141971850565835,9.69011485645338
2020-10-08,13.113425162474034,9.74169399899487
2020-10-09,13.355884366275168,9.890548695303128
2020-10-12,13.663453996494427,10.195873792921697
2020-10-13,13.823364610436702,10.195529161276179
2020-10-14,13.742008877099696,10.110369154819711
2020-10-15,13.774262744021458,10.042520344911667
2020-10-16,13.784456910246643,9.987477436211432
2020-10-19,13.64056560517887,9.824428496655035
2020-10-20,13.748589363240125,9.845544819188301
2020-10-21,13.674446503644928,9.837928023579773
2020-10-22,14.023002745039905,9.837583391934254
2020-10-23,14.094471804592798,9.856966740781676
2020-10-26,13.919209389233965,9.709152483048808
2020-10-27,14.054895546506513,9.78496599203032
2020-10-28,13.6027416988442,9.403481663178248
2020-10-29,13.812975783086534,9.567912401136134
2020-10-30,13.263063968396802,9.325242645400436
2020-11-02,13.455480391197005,9.346017608107605
2020-11-03,13.814195401792565,9.507679296230144
2020-11-04,14.630373663470463,9.932088805259205
2020-11-05,15.196432563826018,10.19102822836146
2020-11-06,15.259629275198526,10.198643933363517
2020-11-09,14.08645534009081,9.990244304833832
2020-11-10,13.541390001587663,9.811276873195235
2020-11-11,14.067402301190361,10.030750519853354
2020-11-12,14.367061476809853,9.983669038407168
2020-11-13,14.5396210850174,10.071251281840516
2020-11-16,14.535651157756492,10.149832750050903
2020-11-17,14.497303406867477,10.117636956356835
2020-11-18,14.601890046321678,10.042863885950714
2020-11-19,14.821117529759867,10.121443172948151
2020-11-20,15.078872026844,10.05221038342567
2020-11-23,15.34824274052119,10.052559377497081
2020-11-24,15.421810705272202,10.19379727819681
2020-11-25,15.679739889545818,10.256452620079681
2020-11-27,16.259460056318805,10.35096130522405
2020-11-30,16.701571942542834,10.372077627757317
2020-12-01,16.3927771877067,10.50500510713159
2020-12-02,16.583595637724912,10.518507905875747
2020-12-03,16.880422647322945,10.533393593627867
2020-12-04,17.102628084967186,10.576318773804855
2020-12-07,17.346522736806122,10.636208337671802
2020-12-08,17.675000935583327,10.672208166744243
2020-12-09,16.964289163922395,10.430577758977462
2020-12-10,17.247195398205925,10.472464681792005
2020-12-11,16.929563218835245,10.44927293514032
2020-12-14,17.01241970339425,10.52508644412183
2020-12-15,17.130051387695783,10.637592317286238
2020-12-16,17.04733885157234,10.6960957203258
2020-12-17,17.28739415563269,10.766023226171683
2020-12-18,17.376396866047607,10.733481710225623
2020-12-21,17.11501837553659,10.713403645054802
2020-12-22,16.851546818812793,10.742533743952826
2020-12-23,16.71906054887696,10.688434209851872
2020-12-24,16.83075542179662,10.735597486783547
2020-12-28,16.53458676355554,10.843798736198403
2020-12-29,16.88390211956212,10.853509496235393
2020-12-30,17.17718520272637,10.853856309093857
2020-12-31,17.086298127959434,10.880563080408526
2021-01-04,16.82173117968051,10.726927165321948
2021-01-05,17.238021260429594,10.81536008180436
2021-01-06,16.881778915772266,10.665541289373833
2021-01-07,17.51509840731762,10.923563512432162
2021-01-08,18.110024296592528,11.06402053889711
2021-01-11,17.731894290302016,10.904140901751708
2021-01-12,18.025644405787986,10.886802440041457
2021-01-13,18.027416674159753,10.960324584822864
2021-01-14,18.364200086887486,10.901716483561877
2021-01-15,18.072608648680486,10.815360081804357
2021-01-19,18.286967371597502,10.973155569979555
2021-01-20,18.447502931561687,11.228400018350754
2021-01-21,18.460511135151474,11.318225639299387
2021-01-22,18.351033203352205,11.28562632121025
2021-01-25,18.664998546833495,11.378915708317631
2021-01-26,18.27012049122106,11.395561634917424
2021-01-27,17.545940322045308,11.077890872022719
2021-01-28,17.96156883414585,11.143436321059456
2021-01-29,17.688724337419337,10.908998462983146
2021-02-01,18.152366994631624,11.181584644884014
2021-02-02,18.56277575063979,11.364002755403678
2021-02-03,18.464617676121023,11.318917083803367
2021-02-04,19.09367418109717,11.452782484744553
2021-02-05,19.228963957778785,11.491623343679569
2021-02-08,19.204155527547837,11.568614707652088
2021-02-09,19.359136073811623,11.56619028946226
2021-02-10,19.36843595932476,11.539831421612528
2021-02-11,19.736652888345766,11.603295993498483
2021-02-12,20.039228485748087,11.668147816818292
2021-02-16,20.04760347630564,11.636587846698074
2021-02-17,19.638858870010118,11.58075097648538
2021-02-18,19.336851127387227,11.530120661575538
2021-02-19,19.925753062176494,11.47983388770474
2021-02-22,18.847102721719608,11.182279361207414
2021-02-23,18.630112352366286,11.148986417401348
2021-02-24,18.75421585667345,11.240889643681346
2021-02-25,17.82451882658575,10.848999838468881
2021-02-26,18.066449185003886,10.89443341353413
2021-03-01,18.803900919490133,11.222159568111348
2021-03-02,18.13377328365529,11.04216914760093
2021-03-03,17.281850670769668,10.721726063051458
2021-03-04,16.50470879843946,10.546243119094598
2021-03-05,16.78452581096936,10.705079045845189
2021-03-08,15.653924161525529,10.401973332399493
2021-03-09,16.552753373436616,10.81223876607818
2021-03-10,16.10748924486338,10.78137242167489
2021-03-11,17.008284594066815,11.029684975302704
2021-03-12,16.723288990291636,10.940207257819008
2021-03-15,17.023701527265107,11.057082100514881
2021-03-16,17.29507531651403,11.11777107892665
2021-03-17,17.25634990162034,11.163550376243887
2021-03-18,16.428802403343376,10.821603803863178
2021-03-19,16.498352976569034,10.859752127687738
2021-03-22,16.66245922661215,11.063406527452715
2021-03-23,16.146143970116203,11.015142828589624
2021-03-24,15.706941022500272,10.829368921952055
2021-03-25,15.625356651553508,10.810617034252592
2021-03-26,16.24828549017931,10.972780401352784
2021-03-29,15.845848175101969,10.969654723200716
2021-03-30,16.012816556712423,10.914443861103614
2021-03-31,16.58069170105828,11.081464789435248
2021-04-01,17.177613917448713,11.270364374224886
2021-04-06,17.198358148945175,11.262535259636845
2021-04-07,16.98634093432987,11.289770356286946
2021-04-08,17.245074590126116,11.407564207622253
2021-04-09,17.245811777083382,11.47667469550583
2021-04-12,17.026538759538028,11.461695445811227
2021-04-13,17.24072002454215,11.595486481433847
2021-04-14,17.169658252482563,11.45624650181496
2021-04-15,17.22212424150526,11.629871713190509
2021-04-16,17.33203073284997,11.643491934663123
2021-04-19,16.87872149432658,11.536932787913525
2021-04-20,16.527049055835175,11.45284411959437
2021-04-21,17.180718687264534,11.550889825979317
2021-04-22,16.826625963882666,11.41164984636043
2021-04-23,17.19069707511655,11.555315489087745
2021-04-26,17.349354530604376,11.630552831190045
2021-04-27,17.333864463801188,11.580169345887045
2021-04-28,17.137006467646966,11.541018426651702
2021-04-29,17.078077259678626,11.582551654996873
2021-04-30,16.91005990275693,11.50663105637699
2021-05-03,16.82062223369119,11.445353960117561
2021-05-04,16.46648952118425,11.239385801724925
2021-05-05,16.374783522913084,11.201594979970597
2021-05-06,16.4039243565228,11.286025811178055
2021-05-07,16.647963363667817,11.377603569715
2021-05-10,16.11915075552994,11.090273353519395
2021-05-11,16.05630423315892,11.074951940936485
2021-05-12,15.44103353166589,10.78829856570431
2021-05-13,15.637507557819477,10.871706116023931
2021-05-14,15.914827232771405,11.111720551061998
2021-05-17,15.820974621963085,11.044311254288719
2021-05-18,15.770329277168251,10.969753960926928
2021-05-19,15.840944181913436,10.982350901511705
2021-05-20,16.238044582178933,11.194789146270395
2021-05-21,16.077847609403683,11.13282879349338
2021-05-24,16.351417835861795,11.320067810787389
2021-05-25,16.42792360699052,11.335728178481528
2021-05-26,16.479669482650763,11.375223399123227
2021-05-27,16.504988410513167,11.332665820631192
2021-05-28,16.57994658876946,11.368412219127894
2021-06-01,16.63552103381672,11.330624605150643
2021-06-02,16.549409600790245,11.352751851433755
2021-06-03,16.35179616841965,11.23462118350527
2021-06-04,16.65752004196302,11.425267929314996
2021-06-07,16.752739473692994,11.459307790406275
2021-06-08,16.627816849566006,11.464758872920594
2021-06-09,16.656220844989477,11.467481206400674
2021-06-10,16.84678822303531,11.586978387364328
2021-06-11,16.83025383422634,11.617275841864762
2021-06-14,16.87787330480053,11.728601745352067
2021-06-15,16.708336516757686,11.652003236509728
2021-06-16,16.60251234517452,11.609445658017693
2021-06-17,16.67084113021646,11.75685905363098
2021-06-18,16.407157741012643,11.664600177094503
2021-06-21,16.542335483221816,11.7370938005362
2021-06-22,16.721015081589254,11.846503591848995
2021-06-23,16.644657616699778,11.852295767992594
2021-06-24,16.776096097742354,11.92557743533642
2021-06-25,16.72565488591166,11.910921101867656
2021-06-28,16.93439247552793,12.055776829890858
2021-06-29,17.128846411366972,12.09940366740885
2021-06-30,17.054366629667097,12.080316324536527
2021-07-01,17.027220536921448,12.08508735831034
2021-07-02,17.171055851065248,12.22381088581969
2021-07-06,17.152671702425824,12.276640835774076
2021-07-07,17.08115574677038,12.302545774195888
2021-07-08,17.056392805455022,12.228240825964223
2021-07-09,17.079906259158534,12.304590197453514
2021-07-12,17.210000120619704,12.35264911363409
2021-07-13,17.16625096985206,12.35264911363409
2021-07-14,17.244766521848064,12.374799883615774
2021-07-15,17.093251832655753,12.287885163691021
2021-07-16,17.202079006794396,12.18836387985026
2021-07-19,17.264788415327377,12.088499363862164
2021-07-20,17.433287286038397,12.228923013222783
2021-07-21,17.739585821452877,12.323334308178506
2021-07-22,17.87373399346891,12.404794737811862
2021-07-23,18.37934127478896,12.54965153509409
2021-07-26,18.330034999489087,12.559533627011968
2021-07-27,18.095833504556527,12.421156539427026
2021-07-28,18.324634148665844,12.468871154201242
2021-07-29,18.251822001410524,12.49102620121903
2021-07-30,18.242904107801518,12.42592971171889
2021-08-02,18.212282447604426,12.426949784829652
2021-08-03,18.58620922533372,12.502273736913052
2021-08-04,18.87053338295259,12.520338868156562
2021-08-05,18.973545969538467,12.599754874532293
2021-08-06,18.846498073847926,12.544541546209054
2021-08-09,19.175733035886907,12.567718804855655
2021-08-10,18.933109356180417,12.503298087059918
2021-08-11,18.587854890128916,12.481826296559714
2021-08-12,18.668442254290657,12.526817508594824
2021-08-13,18.74194203210926,12.570783301224042
2021-08-16,18.68429562981945,12.576237591515438
2021-08-17,18.781859418612296,12.465463425685524
2021-08-18,18.619883472709493,12.345491493714343
2021-08-19,18.77648761735984,12.405134762182115
2021-08-20,19.01717011215325,12.533632965626259
2021-08-23,19.430036527349237,12.721092250279616
2021-08-24,19.34180932967626,12.75994591550574
2021-08-25,19.41978462376593,12.774606526010613
2021-08-26,19.346930878787077,12.693485051488482
2021-08-27,19.47133098648109,12.816871127529534
2021-08-30,19.551718690862124,12.960704643923927
2021-08-31,19.52619388583607,12.950135018452361
2021-09-01,19.744573459772464,12.97160787821159
2021-09-02,19.837218464931553,12.965473539179685
2021-09-03,20.038370784728887,13.00535048529365
2021-09-07,20.00729462163993,13.023755640907416
2021-09-08,19.972085932498373,12.97842761227913
2021-09-09,20.049843877412798,12.933777493873302
2021-09-10,19.94790782121796,12.83561523825453
2021-09-13,19.66834836845636,12.826755357965467
2021-09-14,19.888535295698,12.790281863331117
2021-09-15,20.105312059844312,12.885375345545397
2021-09-16,20.246136849613407,12.894237364352511
2021-09-17,19.93569355664223,12.741542898410032
2021-09-20,19.548403955707688,12.47826138696718
2021-09-21,19.66632213365057,12.493615946579894
2021-09-22,19.9753732442087,12.610312738154573
2021-09-23,20.247348049033683,12.726665228322895
2021-09-24,20.044459751176394,12.738607782383784
2021-09-27,19.426111137513438,12.636928733828645
2021-09-28,18.624193667449994,12.279332160742406
2021-09-29,18.6586900896427,12.259199082542699
2021-09-30,18.642910307295313,12.21415975385142
2021-10-01,18.363516146919537,12.289910340286179
2021-10-04,17.75390980882866,12.031950531015505
2021-10-05,18.094976518521587,12.194370977058073
2021-10-06,18.206177669159985,12.272509218897786
2021-10-07,18.40139968043514,12.385108609885004
2021-10-08,18.18297862761652,12.323348208545841
2021-10-11,18.022581066461267,12.2288331954646
2021-10-12,18.107036524067794,12.18618472995536
2021-10-13,18.394683752937837,12.283768516441091
2021-10-14,18.72104295115802,12.509996994857524
2021-10-15,18.679194199645686,12.588817423955797
2021-10-18,19.070325771143278,12.715405930779585
2021-10-19,19.129448751019165,12.811629619784302
2021-10-20,19.144315486893824,12.794909616395444
2021-10-21,19.422256769602246,12.873049996753211
2021-10-22,19.5096963432731,12.764881615169552
2021-10-25,19.83249473137081,12.895567522580798
2021-10-26,19.997439037275132,12.93617263409144
2021-10-27,19.835119471272392,12.966199566058307
2021-10-28,20.067194605659065,13.110192402047565
2021-10-29,20.59484544173252,13.174681552420964
2021-11-01,20.63947080024377,13.219724088889318
2021-11-02,20.887825346415777,13.274998364977035
2021-11-03,20.940553140997682,13.415921358302777
2021-11-04,21.116132165132353,13.587894564483223
2021-11-05,20.529818893670683,13.600859330172929
2021-11-08,20.831243392204705,13.5824349278967
2021-11-09,20.53948452529151,13.488941057185245
2021-11-10,20.00143715296821,13.290695087478058
2021-11-11,20.265613091923715,13.327549238325647
2021-11-12,20.44229799355461,13.467788975133802
2021-11-15,20.360234153165845,13.464713786175155
2021-11-16,20.85846567048586,13.560595312291568
2021-11-17,20.759290996444523,13.567764694060596
2021-11-18,21.03545470088747,13.70834338597998
2021-11-19,21.3274739144403,13.784776159673296
2021-11-22,20.745268907477314,13.624744438294716
2021-11-23,20.396015200730908,13.562644012585299
2021-11-24,20.743589735468156,13.606321105277509
2021-11-26,20.28168607060881,13.348362365265865
2021-11-29,21.096071509638254,13.63805564390883
2021-11-30,20.384831324143395,13.437760973907912
2021-12-01,19.643136788815937,13.209144840086523
2021-12-02,19.85458786036379,13.304346317462427
2021-12-03,19.237439545279866,13.073000365347776
2021-12-06,18.93283806455477,13.177753533602536
2021-12-07,19.832074790682352,13.574586566646193
2021-12-08,19.841032217398304,13.635323687097516
2021-12-09,19.223838001091135,13.434688992726345
2021-12-10,19.46954283607021,13.580729459750309
2021-12-13,19.06094554961793,13.384530051818796
2021-12-14,18.716491448879847,13.245994713898012
2021-12-15,19.43027353506491,13.547972709490177
2021-12-16,18.59558943922331,13.199591010689618
2021-12-17,18.536453742434198,13.1337374857991
2021-12-20,18.382310779153645,13.006334203597534
2021-12-21,19.047936266594764,13.297421796010346
2021-12-22,19.389519111733275,13.459364283268311
2021-12-23,19.616245956846242,13.560836964831438
2021-12-27,20.195822718140658,13.784959002966737
2021-12-28,19.983637179307237,13.721068637647873
2021-12-29,19.92597060123742,13.719019937354142
2021-12-30,19.739819521971793,13.678022407780976
2021-12-31,19.664539355236066,13.592607858269638
2022-01-03,19.9386215207164,13.72346163934796
2022-01-04,19.46974193961642,13.54546208929723
2022-01-05,18.57817991969883,13.12933000009411
2022-01-06,18.726604799746514,13.120105502477198
2022-01-07,18.50015009123176,12.977977454229203
2022-01-10,18.503647933989768,12.986517626069505
2022-01-11,18.96779421870188,13.181602866095972
2022-01-12,19.052549915900652,13.233874662838812
2022-01-13,18.01826874323152,12.90281602951775
2022-01-14,18.395578457723524,12.983103481999635
2022-01-18,17.58189612105139,12.659898556224212
2022-01-19,17.376509993595946,12.520846766193893
2022-01-20,16.97866036976041,12.358221022418343
2022-01-21,16.487971901233557,12.015543820521254
2022-01-24,16.60115229202105,12.070552920370536
2022-01-25,15.972435538378575,11.79073852586837
2022-01-26,15.884960624172408,11.772288461375517
2022-01-27,15.371963261081396,11.653736505390807
2022-01-28,15.62833145807514,12.019301196738462
2022-01-31,16.042819054838944,12.403659184726301
2022-02-01,16.13941542523853,12.488046176313699
2022-02-02,16.277331774612932,12.589517788617805
2022-02-03,15.714998655719562,12.079092022951816
2022-02-04,15.897095702184048,12.231468918963586
2022-02-07,15.87468783561437,12.133072495618126
2022-02-08,16.16343399942699,12.269391259578105
2022-02-09,16.54947817961363,12.529388007293223
2022-02-10,16.043393180276414,12.24581623657385
2022-02-11,15.476907215364236,11.857358709480499
2022-02-14,15.640557776737067,11.872051397756145
2022-02-15,16.14120136447899,12.167238529274467
2022-02-16,16.195378944136632,12.164165478833873
2022-02-17,15.751574517896673,11.802356025185372
2022-02-18,15.499626694577005,11.667741660112766
2022-02-22,15.293962848284611,11.550554078645174
2022-02-23,14.840151810010264,11.25468796764537
2022-02-24,15.006547405790982,11.632894508456891
2022-02-25,15.381480790782874,11.813285990948682
2022-02-28,15.554278228769046,11.848476374751888
2022-03-01,15.039125498396407,11.667060542113232
2022-03-02,15.349455491467324,11.862826900139233
2022-03-03,15.004978317794238,11.693367521928804
2022-03-04,14.823387039775305,11.523907074459348
2022-03-07,14.543538615102904,11.098893719786648
2022-03-08,14.537896284869154,11.047306248820423
2022-03-09,14.727860981281763,11.44498506575361
2022-03-10,14.615470362918607,11.317894007187624
2022-03-11,14.479727519020337,11.083177750623161
2022-03-14,14.319704641123469,10.870327841139478
2022-03-15,14.551215635750212,11.211296367113087
2022-03-16,14.745758301157988,11.627087362686929
2022-03-17,14.702982729424301,11.767847828640724
2022-03-18,14.796514921582489,12.008710186086374
2022-03-21,14.783883796467736,11.975325780778007
2022-03-22,14.927916527730021,12.210671830908757
2022-03-23,14.743833065057375,12.035188247346097
2022-03-24,15.113576473431422,12.302689054905365
2022-03-25,15.13546839201321,12.292430583810352
2022-03-28,15.386216188694227,12.482621825275022
2022-03-29,15.526386030496639,12.697444517661593
2022-03-30,15.37911919828385,12.557194088263175
2022-03-31,15.36702289090849,12.401550605927111
2022-04-01,15.323472442049693,12.377945643670127
2022-04-05,15.042441995144266,12.103106532230598
2022-04-06,15.015439717464728,11.84033050771289
2022-04-07,15.128562338575074,11.868488187416807
2022-04-08,15.102350669679927,11.70257307240894
2022-04-11,14.896929297165675,11.425721351105171
2022-04-12,14.91263291507376,11.37745433577702
2022-04-13,15.12673721663876,11.608724267719339
2022-04-14,15.02641869659867,11.34326720798946
2022-04-18,14.982749908464672,11.351982929728441
2022-04-19,15.154833365115184,11.605710067521834
2022-04-20,15.274556561121736,11.436445491953862
2022-04-21,15.092371835231617,11.1998134895872
2022-04-22,14.698522596798245,10.906538201270537
2022-04-25,14.810143302856218,11.046638268358157
2022-04-26,14.533809964461271,10.629684384589503
2022-04-27,14.590743324414742,10.61694763387658
2022-04-28,14.690629994435243,10.994016011382095
2022-04-29,14.18047546101858,10.499300581885501
2022-05-02,14.138789185828276,10.674596700914385
2022-05-03,14.194580637254841,10.68599345786554
2022-05-04,14.543367122845998,11.04730878908336
2022-05-05,14.079257279461798,10.490922215886387
2022-05-06,13.941866201616179,10.365232058258794
2022-05-09,13.656208479390948,9.959674931441294
2022-05-10,13.659495534714123,10.080670396303846
2022-05-11,13.56347817042287,9.781696729511607
2022-05-12,13.574328324499358,9.758569002935332
2022-05-13,13.800458352127741,10.120223785270285
2022-05-16,13.83657801603314,10.002909898264539
2022-05-17,13.950876896323683,10.261999106482273
2022-05-18,13.35654613078585,9.758233742572731
2022-05-19,13.32763301324206,9.70594674595927
2022-05-20,13.285676616844228,9.675783790211549
2022-05-23,13.44858803850073,9.836663713648607
2022-05-24,13.486534876815114,9.627513631817497
2022-05-25,13.63275246028021,9.762257914612574
2022-05-26,13.879173329357164,10.032738641338296
2022-05-27,14.096689547255243,10.360203152819789
2022-05-31,13.943285973972639,10.332720184595606
2022-06-01,13.880144235457763,10.256300728006702
2022-06-02,13.99055464512948,10.53717662135031
2022-06-03,13.888828384027935,10.26300383988145
2022-06-06,13.996438996297321,10.297193063046278
2022-06-07,14.083977889497044,10.386011914608236
2022-06-08,14.011616689193835,10.311270855209603
2022-06-09,13.640294050819145,10.035085463876504
2022-06-10,13.42027914274441,9.681142717569998
2022-06-13,12.888936402187987,9.23100643941295
2022-06-14,12.996262010064376,9.247765266788447
2022-06-15,13.07871081635833,9.478698890679532
2022-06-16,12.757714600962965,9.096266347372406
2022-06-17,12.852623369439339,9.206873979437505
2022-06-21,13.093300235656447,9.439160169353956
2022-06-22,13.032461935551213,9.425391445337402
2022-06-23,13.223862764523194,9.565763911469634
2022-06-24,13.485301146817205,9.89352072807977
2022-06-27,13.490935645777292,9.820984005565233
2022-06-28,13.270181427480011,9.521771465764639
2022-06-29,13.318907275887979,9.530501855144484
2022-06-30,13.26522719091599,9.412294289734682
2022-07-01,13.488230484163918,9.474420130301835
2022-07-05,13.514775166164833,9.636621189105265
2022-07-06,13.458076179777635,9.698409673932554
2022-07-07,13.542024522535327,9.90594631526865
2022-07-08,13.559544158748349,9.918370854768902
2022-07-11,13.374484391801632,9.706470590275833
2022-07-12,13.174401206955196,9.612441583141333
2022-07-13,13.169250619282312,9.592625600334372
2022-07-14,13.154770758863854,9.626882923260354
2022-07-15,13.27148920925181,9.80150642618677
2022-07-18,13.07646996805251,9.71855882172485
2022-07-19,13.27819211586667,10.017436101162843
2022-07-20,13.284848388641416,10.17627827020847
2022-07-21,13.374388481808817,10.322360639391245
2022-07-22,13.277389524367813,10.141353569623188
2022-07-25,13.29310481935041,10.083593447590273
2022-07-26,13.169549973992728,9.88545981173649
2022-07-27,13.383356698335373,10.303218320375384
2022-07-28,13.732525502122336,10.403963011648228
2022-07-29,13.824659463304359,10.593695232352966
2022-08-01,13.803933474744047,10.587318999331753
2022-08-02,13.732594662353089,10.555752140815644
2022-08-03,13.949834654218105,10.84321170952982
2022-08-04,13.996341794900808,10.89392088706179
2022-08-05,14.06055917780152,10.80493126225263
2022-08-08,14.050745266409903,10.770003418601448
2022-08-09,14.023992743333487,10.648101703071239
2022-08-10,14.139233990992022,10.945300585318964
2022-08-11,14.092409501485157,10.883172649374544
2022-08-12,14.311950868841361,11.09507500924488
2022-08-15,14.45698053277701,11.184739345533774
2022-08-16,14.396868193606647,11.15854608201697
2022-08-17,14.263006985726006,11.031270771487454
2022-08-18,14.269488569431639,11.057799295366861
2022-08-19,14.18492953040462,10.842203833064755
2022-08-22,13.959602586888058,10.55675896959208
2022-08-23,13.867858672887653,10.548029627900867
2022-08-24,13.899001890959283,10.578589657640542
2022-08-25,14.037022418588819,10.76563770006721
2022-08-26,13.60954528889938,10.324375344632747
2022-08-29,13.587271484185875,10.222622776894834
2022-08-30,13.436317094339511,10.108778834642008
2022-08-31,13.430658218650231,10.050011883832656
2022-09-01,13.48863034042474,10.054376554678264
2022-09-02,13.294710947566974,9.912326739044394
2022-09-06,13.247026884393795,9.841133153357527
2022-09-07,13.501782749581468,10.03993730993651
2022-09-08,13.58348041750287,10.091987528918885
2022-09-09,13.700178572448479,10.312620278169067
2022-09-12,13.764679092299188,10.435191466735843
2022-09-13,13.213868265383203,9.862962793717358
2022-09-14,13.328962940348717,9.94120732390517
2022-09-15,13.144958731462165,9.775646327655302
2022-09-16,13.111586156843602,9.715874643446782
2022-09-19,13.220075800531882,9.791534525776669
2022-09-20,13.09225005148997,9.713485913363252
2022-09-21,12.857520289306416,9.539554932623332
2022-09-22,12.791122724571176,9.42214465826334
2022-09-23,12.647401983751717,9.26873580246911
2022-09-26,12.570742148355416,9.230384112364868
2022-09-27,12.533753578455807,9.234082453239807
2022-09-28,13.041105999698733,9.41776846284277
2022-09-29,12.847738828084346,9.146275668897445
2022-09-30,12.730323300064027,8.991188415912946
2022-10-03,13.089901962793833,9.202124806863537
2022-10-04,13.438617697992933,9.491447165967413
2022-10-05,13.465960773892313,9.486400449821641
2022-10-06,13.37981094536364,9.411713870231928
2022-10-07,12.994384338900296,9.053087955735345
2022-10-10,12.92493475803689,8.962591754671749
2022-10-11,12.803689625755935,8.839462148063518
2022-10-12,12.786145669669214,8.836435375602415
2022-10-13,13.024292000141674,9.043669234923536
2022-10-14,12.749003676826986,8.771843275992879
2022-10-17,13.074308709846342,9.061500895459355
2022-10-18,13.184603182882041,9.133156511833432
2022-10-19,13.081201826704586,9.099852585563594
2022-10-20,12.982231959899922,9.05342426378658
2022-10-21,13.28919160491508,9.265707982319373
2022-10-24,13.326206856181408,9.36764284787945
2022-10-25,13.389790278839637,9.561421242085325
2022-10-26,13.532216241481844,9.350148543083499
2022-10-27,13.495526642027182,9.179920093973049
2022-10-28,14.098273769618398,9.460828465664283
2022-10-31,14.0617802829696,9.350822206874598
2022-11-01,14.014019352561997,9.255279289665227
2022-11-02,13.533260284760544,8.938033933111257
2022-11-03,13.506697417423736,8.76343190780182
2022-11-04,13.761130866591431,8.904392651101555
2022-11-07,13.863661235074579,9.00228972466956
2022-11-08,13.96232923112914,9.06789179612143
2022-11-09,13.720450848317743,8.858636945427007
2022-11-10,14.332307517513971,9.512303503587072
2022-11-11,14.343792022324946,9.687581811909192
2022-11-14,14.336205098808195,9.602801800027935
2022-11-15,14.650987921079642,9.735686435499211
2022-11-16,14.459955447330199,9.602801800027935
2022-11-17,14.338337991679756,9.581609154357047
2022-11-18,14.476479333878261,9.581943367031014
2022-11-21,14.475567340600943,9.483374725049176
2022-11-22,14.601711340650079,9.619961892149922
2022-11-23,14.61218282551483,9.716512685824359
2022-11-25,14.58312313754704,9.65259320231729
2022-11-28,14.537761752275152,9.510958271382139
2022-11-29,14.51977053484113,9.438965299268196
2022-11-30,14.958785718386496,9.869247877827489
2022-12-01,15.060085339521805,9.881357063049167
2022-12-02,15.154348306485891,9.841997496479857
2022-12-05,14.900535176238145,9.676813668137914
2022-12-06,14.659425995456576,9.4763070175301
2022-12-07,14.756116487531065,9.437620067063259
2022-12-08,14.95815394319893,9.54930996148638
2022-12-09,14.679266159146898,9.488420393506313
2022-12-12,14.706627262455953,9.607512208122476
2022-12-13,14.840732810350687,9.710792305887486
2022-12-14,14.871138001429554,9.638799333773543
2022-12-15,14.371747215452118,9.315163076557496
2022-12-16,14.279602035706253,9.226345272684169
2022-12-19,14.238783805364587,9.096682279759758
2022-12-20,14.289435016045328,9.089601999977086
2022-12-21,14.525595729496027,9.22145780521063
2022-12-22,14.23785536182157,8.995850630330361
2022-12-23,14.194970786595539,9.016083593213306
2022-12-27,13.989298930420373,8.888612364909397
2022-12-28,13.81893063655203,8.771259713424227
2022-12-29,14.04939559017873,8.985060485097788
2022-12-30,14.015617629404472,8.979664888637185
2023-01-03,13.952198964194443,8.918965999988348
2023-01-04,14.13029360793876,8.96145710788207
2023-01-05,14.059266555122749,8.821169504529122
2023-01-06,14.377385221868233,9.064647104424633
2023-01-09,14.254971534758601,9.123325001700167
2023-01-10,14.430740494768552,9.200549083159313
2023-01-11,14.434530699600817,9.359721274124375
2023-01-12,14.576017115318198,9.410302633643106
2023-01-13,14.769927417649075,9.475049791170344
2023-01-17,14.684887609708387,9.494271734522322
2023-01-18,14.451115856603233,9.370847727408181
2023-01-19,14.267742475875213,9.278787327215326
2023-01-20,14.516050093207472,9.532715621226279
2023-01-23,14.70004492812827,9.744494353837904
2023-01-24,14.758925597152107,9.724599794383458
2023-01-25,14.814382442681026,9.703016360852413
2023-01-26,15.038996025425496,9.892200640402026
2023-01-27,14.984394648205173,9.990671847340984
2023-01-30,14.682482972541381,9.788669097365064
2023-01-31,14.835640765203825,9.935366459775485
2023-02-01,15.071952380621832,10.147817808489577
2023-02-02,15.102246238871064,10.512023712646196
2023-02-03,14.903751414154971,10.32520092327565
2023-02-06,14.889287234605757,10.237858264997765
2023-02-07,15.034367421169936,10.449972257971991
2023-02-08,14.833690315701189,10.264160488132415
2023-02-09,14.713958718485806,10.173446367833128
2023-02-10,14.655405108882139,10.106677171243954
2023-02-13,14.868627142141753,10.268546112750682
2023-02-14,14.978327065722677,10.34442391431626
2023-02-15,15.052399370327258,10.423668987148709
2023-02-16,14.782272013085585,10.228078091607525
2023-02-17,14.630747913021873,10.155912250869115
2023-02-21,14.248781858273396,9.915467709566505
2023-02-22,14.181129961097149,9.92288744046631
2023-02-23,14.346933385727857,10.009555387264461
2023-02-24,14.171241161941644,9.841954541245894
2023-02-27,14.287212125158343,9.912435698662234
2023-02-28,14.315273126854235,9.899620371301827
2023-03-01,14.297478660273693,9.820034799663613
2023-03-02,14.541535200297679,9.901304006935263
2023-03-03,14.768154439596792,10.106001412075583
2023-03-06,14.65025888351965,10.117468364165154
2023-03-07,14.515343347032921,9.993369645571281
2023-03-08,14.59456967364529,10.04327734129891
2023-03-09,14.200763282828836,9.86926883160014
2023-03-10,13.94575470720259,9.730669054635158
2023-03-13,13.986061766675897,9.802833847684935
2023-03-14,14.32540778637288,10.028102619136702
2023-03-15,14.132887408147505,10.0807102084719
2023-03-16,14.473785335247525,10.346444905689557
2023-03-17,14.317968797401772,10.297545086426995
2023-03-20,14.347248049535915,10.334089513639091
2023-03-21,14.481475682662378,10.481688935962634
2023-03-22,14.212940393154401,10.339155088180261
2023-03-23,14.395518935524962,10.46176085047193
2023-03-24,14.31378621898476,10.500265503116609
2023-03-27,14.259787065816566,10.428323867745688
2023-03-28,14.16593061657668,10.372931522023638
2023-03-29,14.389635722142573,10.562070750962027
2023-03-30,14.599823095025231,10.662044343400888
2023-03-31,14.871050474255506,10.839362501491706
2023-04-04,14.731978584490266,10.802797305502475
2023-04-05,14.411993735831272,10.696147416879011
2023-04-06,14.351584856047085,10.768262225662346
2023-04-10,14.537691833409047,10.762168726491575
2023-04-11,14.53872657603323,10.693098566811319
2023-04-12,14.343223730094621,10.598638827252854
2023-04-13,14.578760030950018,10.806183282980335
2023-04-14,14.564437267645815,10.785867418113156
2023-04-17,14.476540811437653,10.79501081759277
2023-04-18,14.518779114348977,10.795688223136573
2023-04-19,14.460244183444287,10.790606106196318
2023-04-20,14.472798275150447,10.7083354654617
2023-04-21,14.451237513461239,10.719507930849264
2023-04-24,14.4412972410414,10.697163000074136
2023-04-25,14.026965655212654,10.495373865866098
2023-04-26,13.97683320477084,10.559026881678234
2023-04-27,14.140965316596432,10.846134456447427
2023-04-28,14.342129043464505,10.920958887405975
2023-05-01,14.37588728533477,10.908431610930805
2023-05-02,14.159711494440122,10.813293415587385
2023-05-03,13.9720699255309,10.74253131740935
2023-05-04,13.862997990131966,10.704612360573664
2023-05-05,14.121609042304831,10.932133453275847
2023-05-08,14.241093972208182,10.959218122375294
2023-05-09,14.180276277452094,10.889810835284864
2023-05-10,14.201912686056254,11.00830849435739
2023-05-11,14.165326904343415,11.044199435526277
2023-05-12,14.146439043058656,11.004585389469357
2023-05-15,14.219454138846755,11.064173972018674
2023-05-16,14.217546999766382,11.076701248493846
2023-05-17,14.429723065600877,11.210776084350384
2023-05-18,14.889871895780118,11.418998995862824
2023-05-19,14.803643601563518,11.393267037368679
2023-05-22,14.842950814778382,11.431525222096841
2023-05-23,14.586417826757401,11.28661609850406
2023-05-24,14.564647622149778,11.228720504693674
2023-05-25,15.02966131949964,11.501948092382397
2023-05-26,15.47703198539652,11.795826571866165
2023-05-30,15.492092332133652,11.849321655244712
2023-05-31,15.299176284183764,11.781942383821079
2023-06-01,15.487169702697086,11.91805258703249
2023-06-02,15.514586351704583,12.007433360374158
2023-06-05,15.574105738665835,12.015897253827662
2023-06-06,15.569145361489943,12.013865037196252
2023-06-07,15.153334195743717,11.810046837080264
2023-06-08,15.3475827552926,11.956648949411974
2023-06-09,15.404846433914862,12.002354394157363
2023-06-12,15.784525046737016,12.20516016180168
2023-06-13,15.886195801247577,12.29894459629865
2023-06-14,16.001031054253705,12.388327470122626
2023-06-15,16.133617476096493,12.535944115408313
2023-06-16,15.969264464912825,12.45705735166925
2023-06-20,15.919487114120159,12.439224256888199
2023-06-21,15.634955753539568,12.26970378211172
2023-06-22,15.804727100154087,12.41447112314882
2023-06-23,15.627080365460007,12.291403864818793
2023-06-26,15.41916318786515,12.126631530295857
2023-06-27,15.834592443051246,12.335140107401962
2023-06-28,15.885033036502646,12.359209534150619
2023-06-29,15.81369609318957,12.334460601375852
2023-06-30,16.092389463699856,12.524661374699665
2023-07-03,16.16522437921011,12.554155297004511
2023-07-05,16.05899395021017,12.553817119353186
2023-07-06,15.872112682606975,12.458209466214292
2023-07-07,15.857724533884173,12.416846768637319
2023-07-10,16.1454215799514,12.420914352623601
2023-07-11,16.187951244241177,12.482280993445256
2023-07-12,16.275628592161617,12.639933743190763
2023-07-13,16.612133869890314,12.854542120914559
2023-07-14,16.59204839997599,12.85183144849819
2023-07-17,16.894846059546015,12.971847756278217
2023-07-18,16.963735418428183,13.077966222878173
2023-07-19,16.845551713513718,13.074915272328173
2023-07-20,16.268206224613465,12.773513915464155
2023-07-21,16.280267468084116,12.735202168437178
2023-07-24,16.26675426782962,12.755544289333187
2023-07-25,16.451462487211636,12.841999090822087
2023-07-26,16.31644399750311,12.799279481675201
2023-07-27,16.267989052061054,12.768766825451767
2023-07-28,16.56806526113081,13.001343779065373
2023-07-31,16.66702650741522,13.008125186191478
2023-08-01,16.729634871384498,12.977951757860518
2023-08-02,16.088303306057554,12.693159964834093
2023-08-03,16.12961466552536,12.672818894179237
2023-08-04,15.845033564249515,12.61348762071245
2023-08-07,16.077838431230347,12.720285593338513
2023-08-08,15.720006155582277,12.612132809624844
2023-08-09,15.46488911078209,12.473466319446587
2023-08-10,15.42763986911273,12.496520163000115
2023-08-11,15.261861681694425,12.416846768637319
2023-08-14,15.582539725769056,12.556191714600532
2023-08-15,15.403312125725124,12.422950770219618
2023-08-16,15.175951157869802,12.29140386481879
2023-08-17,14.968828986124846,12.157145236760442
2023-08-18,14.9308467788152,12.141888383528148
2023-08-21,15.264207910508388,12.337513652408152
2023-08-22,15.184701686160967,12.31988220392851
2023-08-23,15.523826351011513,12.514151611479754
2023-08-24,15.03651530910363,12.246649938558184
2023-08-25,15.127941048165066,12.341580186153275
2023-08-28,15.245052509067257,12.434477166875803
2023-08-29,15.64133791019349,12.706044323301343
2023-08-30,15.757817034442981,12.776904093906627
2023-08-31,15.904994200925545,12.815212690210142
2023-09-01,15.878841284099192,12.801650926199084
2023-09-05,15.969889816744812,12.817925463108812
2023-09-06,15.880841624118434,12.705026639623908
2023-09-07,15.85452806210055,12.614166076497403
2023-09-08,15.809349608471075,12.63179542449474
2023-09-11,16.04856743340441,12.780631399759272
2023-09-12,15.791313157220477,12.638917109754475
2023-09-13,15.779358166274932,12.687059113975248
2023-09-14,15.88023596318831,12.7908019350867
2023-09-15,15.5499776285147,12.571785695242996
2023-09-18,15.542348528564618,12.584891654593571
2023-09-19,15.440581008827037,12.558068495541269
2023-09-20,15.198821268176438,12.377102492677398
2023-09-21,14.82802629131205,12.150296614200531
2023-09-22,14.886080573608055,12.151993803904075
2023-09-25,14.930065853227918,12.20971400744188
2023-09-26,14.663282337768972,12.026369208366049
2023-09-27,14.770259430037447,12.054552429711723
2023-09-28,14.949745293026565,12.155392384275777
2023-09-29,14.986742354175622,12.164217560685977
2023-10-02,15.10452595119198,12.265739121758443
2023-10-03,14.72782905861712,12.050477494037372
2023-10-04,15.002651455881933,12.214469499383494
2023-10-05,14.979136723685766,12.178478785305053
2023-10-06,15.394496732846891,12.382535390162813
2023-10-09,15.493308379910138,12.445685340462575
2023-10-10,15.653123257689002,12.514607416140231
2023-10-11,15.823306591635186,12.603906270671953
2023-10-12,15.792322370340962,12.560107013619593
2023-10-13,15.494386699560794,12.402227411784997
2023-10-16,15.670447705581445,12.542449309111122
2023-10-17,15.618670421272414,12.501368076163203
2023-10-18,15.365353010524407,12.337377121058235
2023-10-19,15.073634857680885,12.221939864706085
2023-10-20,14.73957471210516,12.039612749307688
2023-10-23,14.812096802681811,12.07594374151976
2023-10-24,15.003987823652357,12.193417415467932
2023-10-25,14.441031372380897,11.894974587932431
2023-10-26,14.209782511288687,11.668170809937873
2023-10-27,14.1495949128378,11.72419277353098
2023-10-30,14.251542327060452,11.85626795023186
2023-10-31,14.33141026720611,11.912968369609922
2023-11-01,14.550457106188873,12.119740898089814
2023-11-02,14.758034206152185,12.33975381678789
2023-11-03,14.947747546723425,12.484730155814475
2023-11-06,14.969690567242862,12.5356616005381
2023-11-07,15.125431640069579,12.654156108887168
2023-11-08,15.129363524038695,12.662303879753562
2023-11-09,14.978519793569282,12.564860405078907
2023-11-10,15.359798634864891,12.847346918774093
2023-11-13,15.358200365762658,12.807281269021303
2023-11-14,15.77971982610573,13.082976923420004
2023-11-15,15.729708103222356,13.0928229342311
2023-11-16,15.692777613703187,13.10402900733557
2023-11-17,15.761254698872188,13.10708415885018
2023-11-20,15.937876802868582,13.266662000629472
2023-11-21,15.85834323074979,13.18958690287965
2023-11-22,15.860265952842242,13.243572448876733
2023-11-24,15.907053280628427,13.22490126165544
2023-11-27,15.85267169781668,13.213354910417344
2023-11-28,15.965489189354019,13.24798871292587
2023-11-29,16.15976580301644,13.235084399876706
2023-11-30,16.210170596028515,13.2018096094204
2023-12-01,16.317504539744597,13.239497513202386
2023-12-04,16.15788184388305,13.116590941768795
2023-12-05,16.049179544312185,13.14952545409147
2023-12-06,15.862582454282965,13.073471190742545
2023-12-07,16.009289554064708,13.256135433551112
2023-12-08,16.076575007795014,13.315214649141137
2023-12-11,16.461133373709078,13.428956816272049
2023-12-12,16.595304051347927,13.535906023624168
2023-12-13,16.76951399890293,13.708045799836686
2023-12-14,16.664312893869564,13.696163371429572
2023-12-15,16.855492443848984,13.76237057372625
2023-12-18,16.95573104678128,13.849052227304236
2023-12-19,17.062212839806413,13.919819576688036
2023-12-20,16.777025175784228,13.712972481086268
2023-12-21,17.04436862259355,13.872529318042497
2023-12-22,16.99100015364188,13.89328103298825
2023-12-26,17.15464677409837,13.978332712296497
2023-12-27,17.176871797832874,14.006787946100847
2023-12-28,17.151142120408323,13.999980282945913
2023-12-29,17.073394830145723,13.939392921059918
2024-01-02,16.62292648219717,13.703506657572632
2024-01-03,16.44761426467626,13.558503012276063
2024-01-04,16.42629714711014,13.488723939817406
2024-01-05,16.447820682087094,13.504723313545
2024-01-08,16.78211657078746,13.783837502897317
2024-01-09,16.855291973004075,13.811068155517058
2024-01-10,16.963176013207974,13.904674049017984
2024-01-11,17.04970509201119,13.93360714254703
2024-01-12,17.09327647289469,13.940754033594443
2024-01-16,17.18945030048968,13.939392921059916
2024-01-17,17.02590799052379,13.860764516644537
2024-01-18,17.291872965995744,14.057506191870374
2024-01-19,17.67428012602819,14.33628115333021
2024-01-22,17.806502559552456,14.355001701885703
2024-01-23,17.815387807641518,14.414569279611957
2024-01-24,17.843212746901482,14.494559846803016
2024-01-25,17.843723601018773,14.51225851071646
2024-01-26,17.627448498092424,14.4258005585041
2024-01-29,17.780037671531748,14.573528529352023
2024-01-30,17.555267282419667,14.47651880427363
2024-01-31,17.266566825227777,14.1929788987018
2024-02-01,17.44750379520475,14.360105873890175
2024-02-02,17.74050898131146,14.602800850773553
2024-02-05,17.674956920692164,14.58374002408443
2024-02-06,17.536756049114146,14.554464551939443
2024-02-07,17.92549201543674,14.704235241830313
2024-02-08,18.05094662758052,14.731465894450052
2024-02-09,18.37842144594844,14.876469539746616
2024-02-12,18.28351487269415,14.818263074554887
2024-02-13,17.92620386522498,14.58714175517959
2024-02-14,18.380512115538995,14.746103105401964
2024-02-15,18.476199457491465,14.790011587534252
2024-02-16,18.28400442450851,14.65589999323735
2024-02-20,17.99037288295642,14.545277042331394
2024-02-21,17.442699842473562,14.487069526898512
2024-02-22,18.270244604703798,14.911187361547395
2024-02-23,18.074959990157854,14.867277829173952
2024-02-26,18.222489405932443,14.859450381859277
2024-02-27,18.307019569469674,14.895190088302105
2024-02-28,18.26666286023566,14.815877976896004
2024-02-29,18.454890231812392,14.942843730386649
2024-03-01,18.847638433328296,15.167836892633119
2024-03-04,19.005660990408217,15.113716915768428
2024-03-05,18.72694849628601,14.842431223971941
2024-03-06,19.130873716123933,14.935696839339236
2024-03-07,19.49001145698624,15.162391392253864
2024-03-08,18.872777665316292,14.943525336895066
2024-03-11,18.482284870078352,14.888043197254694
2024-03-12,18.798070933469006,15.101461651751931
2024-03-13,18.420949178192668,14.985391099984412
2024-03-14,18.26461792705166,14.947609724739795
2024-03-15,18.124422872637393,14.769929926444235
2024-03-18,18.297656208038987,14.910797722079565
2024-03-19,18.30285496920096,14.947947902391121
2024-03-20,18.59747938143239,15.125180297955428
2024-03-21,18.858553221674757,15.196755282786023
2024-03-22,18.900736330567824,15.214138874353512
2024-03-25,18.952098051318337,15.15892349596605
2024-03-26,18.87092189518222,15.109843626395485
2024-03-27,18.828510987524314,15.161307543383776
2024-03-28,18.789222057568363,15.133360626297568
2024-04-01,18.95672016581345,15.165399282916582
2024-04-03,19.117867955177957,15.19943728735394
2024-04-04,18.614691525503066,14.967026471061352
2024-04-05,19.07080795240225,15.14339587948789
2024-04-08,19.036284979743108,15.147865420126582
2024-04-09,19.009683512439395,15.203905768608742
2024-04-10,18.924504554321928,15.071197807890929
2024-04-11,19.298178429246736,15.311859105931356
2024-04-12,18.853527338186854,15.067761166546553
2024-04-15,18.513437783557976,14.819880167284818
2024-04-16,18.68263705098651,14.821255247576127
2024-04-17,18.128134919884882,14.640416298510898
2024-04-18,17.950668307615665,14.556871166050925
2024-04-19,17.269418037170656,14.255702097657426
2024-04-22,17.472501035934176,14.399068519708704
2024-04-23,17.908020394069666,14.613943354443506
2024-04-24,17.873768832527837,14.663451541850014
2024-04-25,17.91258688037728,14.592628550544358
2024-04-26,18.24321949906214,14.817817546847854
2024-04-29,18.254797383346926,14.877982076820041
2024-04-30,17.85595412702098,14.59744133156393
2024-05-01,17.524619096315202,14.491892795675264
2024-05-02,17.876191042663784,14.6768591043822
2024-05-03,18.210476378914056,14.97184137084871
2024-05-06,18.56414705394968,15.1358329378857
2024-05-07,18.474977388778093,15.138238798703544
2024-05-08,18.477442959646346,15.129299717426157
2024-05-09,18.54449905023968,15.162303763185307
2024-05-10,18.60557577871653,15.198061147678743
2024-05-13,18.60089468119608,15.233127813874852
2024-05-14,18.796239991958764,15.331111289393546
2024-05-15,19.243652669736544,15.570739688139657
2024-05-16,19.154108236497805,15.539110722671815
2024-05-17,19.114516196382937,15.531547781069627
2024-05-20,19.4954407668544,15.639843299389232
2024-05-21,19.515045319324503,15.67044148433054
2024-05-22,19.630061032461484,15.66734914275094
2024-05-23,19.5830562105599,15.596869391826164
2024-05-24,20.009837267315163,15.744361054751366
2024-05-28,20.17290431430401,15.803835925810118
2024-05-29,19.876455887603193,15.692445947143128
2024-05-30,19.645574451276364,15.524328079848326
2024-05-31,19.35071604811865,15.495449274963098
2024-06-03,19.350569820014076,15.578649048274409
2024-06-04,19.2815584815724,15.621279715456593
2024-06-05,20.08992733919741,15.936201705530943
2024-06-06,20.01281596202303,15.930700324981823
2024-06-07,19.86895901901095,15.916605222303982
2024-06-10,20.256056301488176,15.98089499315009
2024-06-11,20.339188088069285,16.09056665114489
2024-06-12,20.726094585994606,16.301317304389663
2024-06-13,20.795785223795008,16.3896762772531
2024-06-14,20.810121213861255,16.4745933118527
2024-06-17,21.12398754480942,16.6764038244362
2024-06-18,21.288514805724922,16.681561964604438
2024-06-20,20.977145640940908,16.552979244760547
2024-06-21,20.78205455238139,16.50863025690617
2024-06-24,20.48569610364625,16.320683901312144
2024-06-25,20.877658278628434,16.50732085841614
2024-06-26,20.82056510516017,16.54141077266419
2024-06-27,20.78430317736998,16.584110299799335
2024-06-28,20.713914849803295,16.498023705383396
2024-07-01,20.82739562506166,16.594786770658956
2024-07-02,20.99767285583312,16.76902575807947
2024-07-03,21.27714094061154,16.90882947210327
2024-07-05,21.472864244860506,17.085135317496313
2024-07-08,21.567853227320835,17.12576798665893
2024-07-09,21.60884073460225,17.14057499531193
2024-07-10,21.829897814856526,17.31929199844227
2024-07-11,21.12534435578065,16.939478507471378
2024-07-12,21.27096468311914,17.038992792713447
2024-07-15,21.307861549822675,17.084791017731543
2024-07-16,21.21502141149427,17.091334832030004
2024-07-17,19.96470519839597,16.58962015541959
2024-07-18,19.990928585941454,16.511108155828644
2024-07-19,19.70326029074291,16.364761686890272
2024-07-22,20.2433519995674,16.60855876124986
2024-07-23,20.027179172673108,16.55002038555129
2024-07-24,19.09084305291902,15.95636495913991
2024-07-25,18.81960590614421,15.780403413511642
2024-07-26,19.101437699048073,15.94224549063256
2024-07-29,19.041247678165156,15.974269606291973
2024-07-30,18.599588506935106,15.754922052766801
2024-07-31,19.355141661268544,16.221168556686187
2024-08-01,18.204850611601447,15.828267437118374
2024-08-02,17.70002744082238,15.45258448394086
2024-08-05,17.26511681979497,14.991847835641728
2024-08-06,17.4712765012771,15.13509772546493
2024-08-07,17.306483807336633,14.9711866716037
2024-08-08,17.712483216988527,15.429169981168547
2024-08-09,17.901581293646192,15.509746719964236
2024-08-12,17.929971659557435,15.543148034682734
2024-08-13,18.228492532187577,15.928817799806435
2024-08-14,18.221705543770998,15.933982296278021
2024-08-15,18.574553715957418,16.33652592802725
2024-08-16,18.54993927361797,16.357530332446157
2024-08-19,18.765193346379608,16.572404107797066
2024-08-20,18.65465662695018,16.537623475251692
2024-08-21,18.72854330958543,16.614757216399653
2024-08-22,18.519976716037235,16.351332936680247
2024-08-23,18.739311806344755,16.528670621983714
2024-08-26,18.723933851922958,16.368203625154102
2024-08-27,18.82655030473584,16.41710266682293
2024-08-28,18.650640234266376,16.230808950099814
2024-08-29,18.696400362940874,16.207050147562725
2024-08-30,18.84313470042331,16.400228800197404
2024-09-03,18.31918470579026,15.902302480383378
2024-09-04,18.334277909596405,15.860981211691216
2024-09-05,18.317068076691214,15.87578927972811
2024-09-06,17.89107960902085,15.450518685352222
2024-09-09,18.155184838387882,15.649207193607149
2024-09-10,18.263237436165785,15.793834282489442
2024-09-11,18.49342332565091,16.136803461094107
2024-09-12,18.651899428741277,16.295202540567303
2024-09-13,18.75303413781073,16.368203625154106
2024-09-16,18.673848436364057,16.29589114009685
2024-09-17,18.564541096921193,16.304500752983948
2024-09-18,18.498090439654042,16.233909766750553
2024-09-19,18.806651966123777,16.64437123370566
2024-09-20,18.754314103587475,16.612692477194912
2024-09-23,18.817846701255093,16.656725768649586
2024-09-24,18.828923119615734,16.737072621140797
2024-09-25,18.80541281638857,16.752589417001175
2024-09-26,18.852463053202715,16.878453757779205
2024-09-27,18.77332699448617,16.784659086167924
2024-09-30,18.86373585774457,16.830176574454743
2024-10-01,18.66456624219268,16.595691484502392
2024-10-02,18.691526306613106,16.619139887559236
2024-10-03,18.677239559992156,16.606724967733484
2024-10-04,18.817878270721515,16.804313835508925
2024-10-07,18.64945832792756,16.624312859101956
2024-10-08,18.881790262784893,16.872590067939154
2024-10-09,19.025767496953783,17.005349938467656
2024-10-10,18.95693669610628,16.98603948889143
2024-10-11,18.985332644705316,17.012590827366793
2024-10-14,19.21350846169117,17.155352341215963
2024-10-15,18.796216897106206,16.92604022280633
2024-10-16,18.888556975195865,16.928108140162745
2024-10-17,18.891666080011483,16.93983234169117
2024-10-18,19.069351241350535,17.050868486138363
2024-10-21,19.08461579885494,17.08362781421855
2024-10-22,19.10433024734609,17.10224860488134
2024-10-23,18.773417424318836,16.840175039623734
2024-10-24,18.86386909192792,16.976729623251973
2024-10-25,18.93110889061247,17.080179519651367
2024-10-28,18.98669201900609,17.08293815530511
2024-10-29,19.06892834617365,17.247075917319144
2024-10-30,18.914827715550977,17.116731442063507
2024-10-31,18.583184111567526,16.684657484335712
2024-11-01,18.615492006652296,16.808105370456982
2024-11-04,18.597653533099376,16.759141706370766
2024-11-05,18.885308517962205,16.972935969536127
2024-11-06,19.48788534942467,17.433975601628262
2024-11-07,19.75178060453759,17.70845984917605
2024-11-08,19.898886583298317,17.729151735346935
2024-11-11,20.24634946776523,17.718810029797062
2024-11-12,20.08786926074122,17.686737182478637
2024-11-13,20.07911653490925,17.663978438335228
2024-11-14,19.80467474064012,17.5412191517435
2024-11-15,19.40258888198389,17.12328267204921
2024-11-18,19.481124337168666,17.242250423692873
2024-11-19,19.548395870556494,17.360871756803977
2024-11-20,19.6399566574309,17.3508711728672
2024-11-21,19.94921309601563,17.413285834225164
2024-11-22,20.194256586048738,17.441217549911293
2024-11-25,20.166042499143003,17.46880390644876
2024-11-26,20.25374158690307,17.562597518676146
2024-11-27,20.022826046901148,17.42431931745626
2024-11-29,20.16261350899585,17.57742571500698
2024-12-02,20.282007394418923,17.768804474409816
2024-12-03,20.33615845167852,17.823290706722986
2024-12-04,20.846977082217744,18.043638318641836
2024-12-05,20.786349501509374,17.99363539895795
2024-12-06,20.990185626724738,18.154672344321245
2024-12-09,20.44400628386202,18.013295445218404
2024-12-10,20.186423764491888,17.951910505003084
2024-12-11,20.496121822583735,18.27329579620013
2024-12-12,20.521580935652477,18.155360943850788
2024-12-13,20.4964658510341,18.294328803984115
2024-12-16,20.763645779247067,18.557780627684703
2024-12-17,20.524538711160666,18.4760576355183
2024-12-18,19.548439101475815,17.80949752845426
2024-12-19,19.616385741510637,17.730185694025153
2024-12-20,19.890857876352264,17.885014649783628
2024-12-23,19.938050334911654,18.059262112275274
2024-12-24,20.248696682833003,18.304142936355976
2024-12-26,20.24895384511718,18.291710007004067
2024-12-27,20.02492222266936,18.048555978666688
2024-12-30,19.77948547175281,17.808510182667284
2024-12-31,19.64898881082834,17.657232281713476
2025-01-02,19.626368134061316,17.62269424807928
2025-01-03,20.080258410177606,17.91109244365945
2025-01-06,20.25136653510904,18.116943446405536
2025-01-07,19.651059610892908,17.793659739274727
2025-01-08,19.5518818380783,17.796767971612706
2025-01-10,19.496504828301227,17.517695532430363
2025-01-13,19.382737968088495,17.461397753662542
2025-01-14,19.536691426717336,17.44481839575888
2025-01-15,19.94587747137622,17.846158567407244
2025-01-16,20.015945771249513,17.721129021135805
2025-01-17,20.428739408067525,18.02023440970845
2025-01-21,20.54223008895203,18.12592490303859
2025-01-22,20.845014096167297,18.35767784193449
2025-01-23,20.931652197044723,18.3967076632691
2025-01-24,20.838240768499915,18.29274396568228
2025-01-27,19.774236159805575,17.76015990185431
2025-01-28,20.183982413384857,18.0226519237491
2025-01-29,20.22275535822031,17.98880460841223
2025-01-30,20.4190277799944,18.06548069571902
2025-01-31,20.595585743941445,18.039231281652764
2025-02-03,20.610470362445714,17.894858444904457
2025-02-04,20.930579865609168,18.114525932364895
2025-02-05,21.157451766608627,18.19672776605031
2025-02-06,21.178025640291747,18.291710007004077
2025-02-07,20.93628563003808,18.060986789250823
2025-02-10,21.219287028959034,18.27961819926527
2025-02-11,20.826523349154204,18.236100827765803
2025-02-12,21.044285488669882,18.246806961374393
2025-02-13,21.484585170192815,18.50930322080475
2025-02-14,21.727477506700353,18.587013266789743
2025-02-18,21.805545331387563,18.62915343923012
2025-02-19,21.431396600893855,18.634333826460082
2025-02-20,20.95412464183272,18.555240225112644
2025-02-21,20.114493955461064,18.170130874067606
2025-02-24,19.599878032377656,17.955645892604913
2025-02-25,19.05652987928112,17.729417640703748
2025-02-26,19.199147587976572,17.772245353289776
2025-02-27,18.58812505569379,17.27868793264474
2025-02-28,18.92405991104387,17.551543907151128
2025-03-03,18.54055711599025,17.167472752319863
2025-03-04,18.515938325860297,17.115664642484678
2025-03-05,18.735464602762065,17.33878572143176
2025-03-06,17.804784697684443,16.8618055399226
2025-03-07,17.85919751812729,16.98580006813194
2025-03-10,17.002680689152943,16.327492561583522
2025-03-11,17.16424819740636,16.28846274024891
2025-03-12,17.4327362794255,16.472209698096602
2025-03-13,16.990108740874195,16.175866123329378
2025-03-14,17.577794424586934,16.566844461133922
2025-03-17,17.907142981588425,16.67425857205571
2025-03-18,17.609520767557104,16.390006805027298
2025-03-19,17.968534435509785,16.60932681457129
2025-03-20,17.888493331539873,16.553030095187363
2025-03-21,17.92908648915851,16.60760001882797
2025-03-24,18.409509042662737,16.972042908915526
2025-03-25,18.613103851543823,17.068894962437984
2025-03-26,18.352552039251194,16.754816241941352
2025-03-27,18.111164389731375,16.659346684397445
2025-03-28,17.52437539876747,16.220743743745672
2025-03-31,17.478478557505603,16.220051966064453
2025-04-01,17.664094024736915,16.350802185350577
