date,QQQ Buy-and-Hold,Equal-Weight Monthly,Inverse Volatility,Momentum Top-20%,Supervised + MVO
2009-04-01,1.029888338475235,1.0336395374869234,1.0336395374869234,1.0336395374869234,1.0336395374869234
2009-04-02,1.0752510323592692,1.0829548527258936,1.0829548527258936,1.0829548527258936,1.0829548527258936
2009-04-03,1.0789577294315855,1.0871582041915815,1.0869180287271696,1.0869180287271696,1.0869180287271696
2009-04-06,1.0922864730965818,1.1022994147987484,1.1019785753720979,1.1019785753720979,1.1019785753720979
2009-04-07,1.0891938057299846,1.1022842876801446,1.1023097910947204,1.1023097910947204,1.1023097910947204
2009-04-08,1.0598653674541496,1.0702165612642152,1.0743179218586625,1.070762091826766,1.070762091826766
2009-04-09,1.0994545684550698,1.116695963312761,1.1122468982675822,1.1168277875962407,1.1168277875962407
2009-04-10,1.105379792546108,1.1303207605825785,1.122022354630869,1.1299654624274984,1.1299654624274984
2009-04-13,1.1004867019337359,1.1425774164845828,1.1278424992731937,1.1411321189508699,1.1411321189508699
2009-04-14,1.0904059694910688,1.1322042196175999,1.1209880390240219,1.131519814985177,1.131519814985177
2009-04-15,1.0781093593047386,1.1164292509782403,1.1121267748505588,1.1166257295336286,1.1166257295336286
2009-04-16,1.0796260692760138,1.1155198318776076,1.1116765986153805,1.1158104424071233,1.1158104424071233
2009-04-17,1.0984089477579213,1.1383261645567526,1.1265675282843033,1.1379377461695532,1.1379377461695532
2009-04-20,1.1005262002164333,1.1447043371485028,1.1285921881473266,1.1435105153540532,1.1435105153540532
2009-04-21,1.074209024309928,1.1161635715349163,1.1042688455406393,1.1158019351264223,1.1158019351264223
2009-04-22,1.0761782786299172,1.117458285648249,1.1041871262044982,1.1170661318208166,1.1170661318208166
2009-04-23,1.0909399188370497,1.1300026585357719,1.116374654555492,1.129671835396473,1.129671835396473
2009-04-24,1.0737971824598478,1.1185172694201142,1.1043626396003832,1.118196765521282,1.118196765521282
2009-04-27,1.0760599042034176,1.1212213769091928,1.1062834280738483,1.1210500251985618,1.1210500251985618
2009-04-28,1.0473812608465982,1.0835697520680887,1.0772327794304941,1.0852685035912903,1.0852685035912903
2009-04-30,1.0886278242401075,1.1205159351832352,1.1123387574533254,1.122633840258463,1.122345996631946
2009-05-01,1.1070148769438823,1.138845730469437,1.1254710729819608,1.1526351649180813,1.1398632312378005
2009-05-07,1.157366757871974,1.193765260968328,1.1724717812046486,1.2166730356272077,1.1948472606253888
2009-05-08,1.163178424400256,1.2058058660148085,1.1851388030593455,1.2253014562057674,1.206940235450795
2009-05-11,1.1655398918505704,1.2143828704242807,1.194257503732671,1.2314563827914466,1.2153040741430376
2009-05-12,1.1466275601555527,1.192066245187433,1.1758091236346708,1.1949160501844192,1.193758017103962
2009-05-13,1.1517918401966911,1.1947148246381094,1.1828720737559975,1.183183112893683,1.1966529705700049
2009-05-14,1.1213634710849985,1.1599645869571638,1.1549447192980171,1.1284742691227536,1.1619462817201796
2009-05-15,1.1424854186008124,1.184346819021662,1.1753268631130123,1.1485330555984048,1.1866239129142095
2009-05-18,1.1145763896486314,1.1562116408718355,1.149174444271815,1.1242502149705977,1.1586003847851607
2009-05-19,1.1456015681781597,1.184553302756727,1.1761157807754428,1.148234293354566,1.1870087265957812
2009-05-20,1.1523035115478582,1.1934252413376985,1.1834281896012728,1.160715740469524,1.1960015271602475
2009-05-21,1.1423782433825167,1.1869769234420782,1.1771345418425008,1.153198786837245,1.1895770354349067
2009-05-22,1.137650371196551,1.1811593851473068,1.1714359383351116,1.1512659266761625,1.18363084428445
2009-05-25,1.152594570539567,1.1944283832539078,1.1846560078485928,1.1612460693225162,1.196600479675263
2009-05-26,1.1481318667026883,1.1910022710696682,1.1824032125578612,1.1560988540270516,1.1930038117383304
2009-05-27,1.1639108285324753,1.204377340595817,1.1953308460604528,1.17273780631543,1.206281731448488
2009-05-28,1.1654670367864481,1.207398976223799,1.1963090446450786,1.1655131690689042,1.2100504205230642
2009-05-29,1.1742357759669444,1.2195087623344296,1.206430437100271,1.1821610140676475,1.22189392279479
2009-06-01,1.1933799192296242,1.2458174345194095,1.2295520296684315,1.2198085624679513,1.2476581894643344
2009-06-02,1.1966550253105113,1.248266846273959,1.23010405287231,1.2115569862321895,1.24938040086291
2009-06-03,1.201261994216512,1.2520198045582307,1.232171288368346,1.2193486510559175,1.2527910293288882
2009-06-04,1.192296004465714,1.2452881363777861,1.225588553399558,1.2158397780035262,1.2474373991578775
2009-06-05,1.204510005438841,1.2537506860894057,1.2316601056577579,1.2214131368600525,1.2618294790578415
2009-06-08,1.216547709198951,1.268428642148372,1.2439770528260679,1.2377156228505741,1.2796543458599587
2009-06-09,1.2068295661745856,1.255162501861571,1.234616977550135,1.2169557621882447,1.263887442670938
2009-06-10,1.2320677646025178,1.2844848630239762,1.2605503713696595,1.2502149806711222,1.2911374335279848
2009-06-11,1.2308148983427998,1.2893773274207279,1.262290359531178,1.2565853993633491,1.2994855425749003
2009-06-12,1.2498653536056659,1.3112800526183714,1.2842257062992668,1.2748905038764395,1.3180171895317248
2009-06-15,1.2380088843439099,1.3052292428756496,1.281462181408781,1.2614392469603986,1.3061713059763176
2009-06-16,1.2026443136893397,1.2604426869941205,1.2423692111085922,1.2064661758452506,1.2585521668694595
2009-06-17,1.2134920112615861,1.2778393958385508,1.2567907291751301,1.2347446008089535,1.272329980818683
2009-06-18,1.1965822906679824,1.2603129313513055,1.242135218585901,1.2173075413010987,1.2522680393713321
2009-06-19,1.2067604441798643,1.2665858188565635,1.2506524277018471,1.2109510426958998,1.2607331584830297
2009-06-22,1.2116941168692765,1.2785646313233603,1.2616898582588116,1.2317701895498814,1.2703418339215113
2009-06-23,1.1775787998266165,1.2402168496791188,1.2287696799515575,1.186947699315717,1.228573623733608
2009-06-24,1.182598814798633,1.2428086289858704,1.2308007053224475,1.1888427774795975,1.2338197420391819
2009-06-25,1.2079714037250124,1.2718815899894478,1.2553569973179544,1.2171029598694234,1.267865991130895
2009-06-26,1.21799782602897,1.2839941671534565,1.2673716759062081,1.227104867229071,1.2856319066944184
2009-06-29,1.2064163996869752,1.2687058037717156,1.2556486260189081,1.2074041735692465,1.267623448635289
2009-06-30,1.227992336610626,1.2909248866699041,1.2765893747017372,1.2322367708895487,1.2898242509819453
2009-07-01,1.2257097453041137,1.2897545265341275,1.2740040944559252,1.2365426048477297,1.2857847801504985
2009-07-02,1.2178450110267032,1.282575224948803,1.2665465223704582,1.2302557929673952,1.2805968191945172
2009-07-03,1.2104364337458142,1.2731167692906649,1.2560866064310032,1.2234479299529977,1.2728230695080547
2009-07-06,1.1937646662211456,1.2550902285470917,1.2422738914418265,1.2091658937147858,1.2502627627912757
2009-07-07,1.1896855051598534,1.2471588580269062,1.2395459179355781,1.203984634485882,1.2376465571361646
2009-07-08,1.1616888092875384,1.215887299292608,1.212146996189985,1.1751365845780033,1.1989136357526782
2009-07-09,1.1456964603939086,1.1977144848899273,1.1946835087461807,1.1623211559111473,1.1793983334656701
2009-07-10,1.1452304288267126,1.1945556851066386,1.1923802526442937,1.1644815547373288,1.177700200614373
2009-07-13,1.1160116946226388,1.1557562396486774,1.1585629560237052,1.1409057389658186,1.1344252416073675
2009-07-14,1.1420895928226793,1.1870786164448348,1.183364817469529,1.1512206019538695,1.17113676656202
2009-07-15,1.143007084944247,1.1904776734317326,1.1861184472089952,1.1535210486645937,1.1734165597306985
2009-07-16,1.1522443845454047,1.1998923159781718,1.1933778995670483,1.1623926055209455,1.1833401144474613
2009-07-17,1.1585530309904357,1.205121674770749,1.1999505999434947,1.1648085479668213,1.1872491560796288
2009-07-21,1.1902070510816949,1.2449809012882187,1.2335929042299618,1.1937717698464856,1.2316164825861011
2009-07-22,1.1989795233315923,1.2548986496576955,1.243459991394734,1.2043934980396305,1.2413924103253806
2009-07-23,1.207584248301618,1.2631216919118076,1.2484955956967543,1.2214231262504147,1.2495454889301347
2009-07-24,1.2262794598633913,1.2807426575511804,1.2642706903416925,1.2409011676206627,1.2700259469447528
2009-07-27,1.2440499540079815,1.2942263950840587,1.276869847852464,1.2589615359982278,1.2810219003698182
2009-07-28,1.2438772694427722,1.2964760075238435,1.2792941308155172,1.2539794167302123,1.2904086481103545
2009-07-29,1.24708096551866,1.295152487953817,1.2772017049619775,1.2605563501586954,1.2896587809588116
2009-07-30,1.253489441464778,1.3000543576028656,1.2806937149446165,1.2628744549040074,1.2999124901433978
2009-07-31,1.277118446137557,1.3220359084973332,1.3013796993658946,1.2878954686671047,1.3228544159562965
2009-08-03,1.2765807637221744,1.329866493864706,1.3061330723398468,1.2944552503799136,1.3330200022771077
2009-08-04,1.279360214523842,1.3343265389216143,1.3125541929781686,1.2900233284164708,1.3371568635450692
2009-08-05,1.2642570586772865,1.319065490163652,1.303034146273991,1.2668908131480612,1.3174978070175742
2009-08-06,1.2809731413483962,1.334785400979972,1.3142445188504608,1.2844967624472183,1.3366846063944542
2009-08-07,1.283932622432482,1.3340875928964468,1.3148431755638508,1.287159004446074,1.3327199960565648
2009-08-10,1.2977644875155003,1.3528286810171466,1.3284675026317025,1.3151778851421687,1.355658180276927
2009-08-11,1.3053111883642379,1.3653937507183735,1.339078190167031,1.324968034206596,1.369777461156763
2009-08-12,1.2867577130181207,1.3460391913537768,1.3208698558264227,1.3043850485548294,1.3466461394005125
2009-08-13,1.2968927555994971,1.3589725172419718,1.3317060966258323,1.326522399983984,1.3610700304145706
2009-08-14,1.306774912834333,1.372712076278792,1.342460335163457,1.3509417909723078,1.3777569144013837
2009-08-17,1.2662399206373511,1.3339808085012603,1.3075273043463942,1.3040990610412215,1.3342117648866556
2009-08-18,1.268256018957247,1.3342505194708312,1.3082791440212662,1.306711297221638,1.3362095674971206
2009-08-19,1.2582727075837947,1.3256625880523896,1.299844685046941,1.3015916475341431,1.3259970952299132
2009-08-20,1.280396081071909,1.3496528985994927,1.3225408365431595,1.3306761431737855,1.3517415958924648
2009-08-21,1.2624899922129356,1.330224681719373,1.3053073302208067,1.304228167718392,1.3308766899145912
2009-08-24,1.3047673644475817,1.3675652163811596,1.3402120801858268,1.3436913625861537,1.371882438703796
2009-08-25,1.2944474747200434,1.360171759874423,1.333322856418845,1.3397938220641086,1.3652572100052354
2009-08-26,1.3120008487313897,1.3779565844363266,1.3507986997696804,1.3514749013250444,1.385009100442319
2009-08-27,1.2915631367103584,1.358138452316276,1.3328159964108983,1.3329704578620323,1.3623290815221674
2009-08-28,1.2989827927778577,1.365296682954376,1.3404754340528635,1.3449220695812054,1.3632917949320598
2009-08-31,1.293851869518144,1.358179271136029,1.3360181088781906,1.3296349454228016,1.3540636073122203
2009-09-02,1.2677011162539813,1.3342447385189382,1.312186959514332,1.3080442433455564,1.3312297501437307
2009-09-03,1.2595847008459662,1.3226863593681504,1.302245795808657,1.2971862780106258,1.3178529903393388
2009-09-04,1.2561900161226436,1.3109471504881556,1.290849958531015,1.2825287107799868,1.3035787309970703
2009-09-07,1.2726928321515043,1.328891126208581,1.3068732884506025,1.3032148289100876,1.3223091771268514
2009-09-08,1.281607040617058,1.3350335986848103,1.3119809225218102,1.3078354522156115,1.3299530039417125
2009-09-09,1.2716075927500647,1.3257735535956716,1.303336938174593,1.301743845425427,1.3233821534885328
2009-09-10,1.2964586357546029,1.3520848868980089,1.3288724407032695,1.3293291509650635,1.3477614760438734
2009-09-11,1.2879082209232868,1.3420113770502826,1.3196476567331554,1.3184190338762838,1.3366389988141931
2009-09-14,1.2580334298773308,1.3114924429309807,1.2930389116719172,1.2901994419877485,1.302625612959005
2009-09-15,1.2599522275496056,1.309045142793757,1.290972354541139,1.2874507769929842,1.3004568465872972
2009-09-16,1.266506172780781,1.3128546029085084,1.2933013070542787,1.2893507218044722,1.3059252245015094
2009-09-17,1.2878428319979671,1.3318881775188587,1.3105049347927094,1.3151514686442987,1.324360743965575
2009-09-18,1.2788090448899778,1.32063753046448,1.3017647189845796,1.303681378030909,1.3097740016409507
2009-09-21,1.2788090448899778,1.3205927450316859,1.301722455600799,1.3036115859190462,1.3095673635648057
2009-09-24,1.3002257844669018,1.3363098208833395,1.3171368948367381,1.3245846459980908,1.3247870876847394
2009-09-25,1.2659156252858121,1.305747205684552,1.2876160796482607,1.2932893426474434,1.2926727581327375
2009-09-28,1.2342909880633892,1.268994171924102,1.2559041882243434,1.262532891243496,1.2480338930232342
2009-09-29,1.2454729759794436,1.2751169448362365,1.2599980028960933,1.2656017812597675,1.2598475484226475
2009-09-30,1.249545995539463,1.2781238869691178,1.2647872194495202,1.2710914819930843,1.2624496941435546
2009-10-01,1.230483136852457,1.255787102927037,1.244391993320578,1.2538644104661507,1.2369359901538437
2009-10-02,1.2000535635248284,1.226027406069029,1.2166766516225616,1.221947807703807,1.2109760637861402
2009-10-05,1.192977951950218,1.2098540003043439,1.202678289315988,1.215033040354429,1.1943526758491607
2009-10-06,1.1951124246966136,1.2160953546527757,1.2054318468188872,1.20811903083728,1.2126149289487527
2009-10-07,1.2084054031483134,1.2425528558813614,1.2254361560352687,1.2118509175753822,1.2434154901940884
2009-10-08,1.2124586735669838,1.2468420045771225,1.2280143308044884,1.20889922656181,1.2498762903943843
2009-10-09,1.2351381539743003,1.2666803765980092,1.244119053300391,1.2297318036606364,1.2704168360451231
2009-10-13,1.2425578100417995,1.2721923507618476,1.2472470922819383,1.2358361351163634,1.2755430460024753
2009-10-14,1.2405417117219035,1.2624357438331528,1.2413051231083272,1.2312301066710198,1.2662557072565352
2009-10-15,1.2625455065675824,1.2793073115460318,1.2577983844902187,1.254141552326862,1.282159868195204
2009-10-16,1.2648772298842799,1.2756983318314556,1.255189530648163,1.2555922348796076,1.2762700912140674
2009-10-19,1.2622815424344318,1.2787551927593899,1.2565386152012001,1.2522995385585274,1.2837502275131238
2009-10-20,1.2746534161167562,1.290650962789359,1.267859859316541,1.259690240115847,1.2952808074421513
2009-10-21,1.2742279666266,1.2893103813273583,1.265815730606782,1.2589890082297959,1.2919083231148654
2009-10-22,1.2660622987868064,1.280119347191785,1.2565467722414592,1.2474177500290349,1.2827509974651612
2009-10-23,1.268013128602976,1.2800986864533732,1.2555378645114985,1.2532699434327514,1.281869624338488
2009-10-26,1.277832425765958,1.2909972800054168,1.2657586458220353,1.2546709566958603,1.2946178836377165
2009-10-27,1.259315919849073,1.2699459354998994,1.2474680361593267,1.2244726410332418,1.2717837339018545
2009-10-28,1.2423716382581087,1.2528526826374027,1.2338099136419667,1.2019032386621016,1.25385907619145
2009-10-29,1.2196884247813908,1.2337668184912893,1.2153627996806957,1.179905343728122,1.2395873274240554
2009-10-30,1.2374009961394639,1.2505160705529788,1.229678773244142,1.2023782398738514,1.256021015902066
2009-11-02,1.2088185696359235,1.2217356552899683,1.2050748836454532,1.165341780865197,1.2220586773313233
2009-11-04,1.213918664967678,1.2268578121009925,1.2100432083200998,1.1703200818694248,1.2264356746592904
2009-11-05,1.198274214057932,1.2151833843305013,1.1977946375265203,1.154094641898033,1.2179502651059209
2009-11-06,1.2071414581019855,1.2208921155296564,1.2018583287184548,1.1666119867877967,1.2264099901974443
2009-11-09,1.2095633771922822,1.2183754522614576,1.1974539532652986,1.168311930792964,1.228377934658173
2009-11-10,1.2171766711822753,1.2246108392201542,1.2022273358218265,1.1765649931762352,1.2406857844138046
2009-11-11,1.2172937209712456,1.2219732863975854,1.1999155392243552,1.1721771389038804,1.2335017204612346
2009-11-12,1.2090084744890162,1.2106791943403752,1.1887161233172767,1.161358328278514,1.223254130282219
2009-11-13,1.204793598291747,1.2042652480130498,1.1841628934257638,1.1540567215690172,1.2164734829571737
2009-11-16,1.2073671281683747,1.1966617406154605,1.1780979985659024,1.148891036403809,1.2100700806769429
2009-11-17,1.199814285818364,1.185711051026289,1.1694068630353007,1.1359728918352383,1.1995322265755621
2009-11-18,1.1932627490190604,1.1739447083361023,1.1598219436272355,1.1271855172017444,1.1852793725168786
2009-11-19,1.1775614591171395,1.159486956517931,1.1463189782144156,1.1117764924693276,1.1690521949739414
2009-11-20,1.1711751407442423,1.1605425137147747,1.147116885256366,1.1061027704053354,1.176873862646726
2009-11-24,1.159324933405353,1.1460262543463406,1.133528643268139,1.0965719425378622,1.1550544685639863
2009-11-25,1.1642647475960384,1.1473672323417943,1.1351004765288129,1.1034845457276818,1.1580761757554257
2009-11-26,1.157063415877719,1.1412613694561342,1.1293698108390133,1.0909318952932854,1.1555343913835492
2009-11-27,1.1198577194787402,1.103932199888232,1.0947175827239815,1.0624248222030261,1.1119442355900708
2009-11-30,1.152415744473085,1.141302005052623,1.131021114697744,1.096894649608241,1.146295928957376
2009-12-01,1.1803643921295572,1.170694972240279,1.158826884932387,1.117338166970621,1.174483996684437
2009-12-02,1.1848948933236276,1.170387136541995,1.157708203365353,1.1197068922527604,1.1699881021628384
2009-12-03,1.2303635582100216,1.2200072777653335,1.2048530874084507,1.1551425727050604,1.2180568576613648
2009-12-04,1.235902710672008,1.2269626655387178,1.2098233926181114,1.1648352080690134,1.234452314861041
2009-12-07,1.2537841131042953,1.2461105531023193,1.2262731562253746,1.182670500240148,1.2553925436997875
2009-12-08,1.2504386808127512,1.2388493292550997,1.221866470307144,1.1784154660117188,1.2403160415666221
2009-12-09,1.2336991159308912,1.219331661806219,1.2056671788883861,1.1607418081922423,1.2171781870414011
2009-12-10,1.2162012562741904,1.2019011750468918,1.1893816362624468,1.1447519070004275,1.2005207595888654
2009-12-11,1.2464187671755056,1.2307109999367072,1.2147236689705605,1.1682011030630821,1.2276866338019496
2009-12-14,1.2461486615410817,1.2288238634342403,1.2107317354967528,1.170809939167585,1.226476592934647
2009-12-15,1.2434112378755773,1.2271016096631282,1.2087038216385444,1.1708851168986594,1.225622982767723
2009-12-16,1.254993868433508,1.2407191178564372,1.2230157067349348,1.180893546674886,1.2381482246620745
2009-12-17,1.2533155526836341,1.2399287023319536,1.221638851256695,1.1759809887537869,1.2385049191813136
2009-12-18,1.2506335229511816,1.2385203286302642,1.2208127281164425,1.1729885534720341,1.2380290760967023
2009-12-21,1.2557410844217387,1.2412584602979828,1.2233002130908426,1.1709905237054195,1.2407454815898153
2009-12-22,1.2797326785128196,1.2636965665447473,1.2427501619563253,1.1971021344180248,1.2642374701304366
2009-12-24,1.299325633054812,1.2800791376277656,1.2579391380820826,1.214690131952274,1.2760123991692671
2009-12-25,1.29412065051504,1.2737307990718434,1.2528468523048168,1.208124805778114,1.2664914185809217
2009-12-28,1.3113251631697538,1.2902109756836206,1.2684312112495746,1.225831662358276,1.2843661788251002
2009-12-29,1.3117973362382231,1.2887635139052311,1.2678813711145087,1.220863184580826,1.282688696281279
2009-12-30,1.3004996231707282,1.277890812231866,1.256779238262586,1.2133941648228328,1.2739455839819736
2010-01-04,1.3138603989796198,1.2917259182010417,1.2694809744864537,1.2272146782450193,1.2881260966883992
2010-01-05,1.3171947524845535,1.2991885715047453,1.276442660007328,1.229589534227709,1.2943020924628883
2010-01-06,1.3233134940764921,1.3119090878625856,1.2880270200079365,1.2346196372074703,1.3096868204975638
2010-01-07,1.317173799127269,1.3162963746909762,1.2909503823844561,1.2323811709578616,1.3114711529126208
2010-01-08,1.3315593626976174,1.3332163882089796,1.3059851427057338,1.2460857354579418,1.3286315330443303
2010-01-12,1.3415253333615926,1.3473855706067335,1.3186927397562755,1.2601602670639893,1.341370298972987
2010-01-13,1.3237549596385958,1.3318967874027587,1.3050367384658823,1.2448625171508232,1.3224916764652208
2010-01-14,1.3450446544342816,1.3546761251422195,1.32521077976858,1.2796255180426863,1.3512776104932633
2010-01-15,1.3542215023954567,1.362190953842094,1.3315288674027772,1.2874539766350852,1.3545719938006087
2010-01-18,1.3385585065602976,1.3483998994871347,1.3181333324583597,1.2766906178047672,1.336508112680864
2010-01-19,1.3274382949217554,1.3382589471763127,1.310140495951097,1.2608306985071325,1.329933777002282
2010-01-20,1.3240619142806584,1.3326989714432973,1.3062222334620164,1.2527445303724039,1.3224778417344611
2010-01-21,1.340202261312811,1.3460789242814368,1.318670531838629,1.265837476876125,1.3395153805755564
2010-01-22,1.3059388257100344,1.316673170528185,1.29061504298927,1.2399662600629229,1.3091649032757813
2010-01-25,1.2963378528962326,1.306845394195264,1.2805152161890452,1.239160623290231,1.3029854748543401
2010-01-26,1.273227985713423,1.2837460275447916,1.26006539241235,1.2053722441162795,1.2816306742190742
2010-01-27,1.2642015443226426,1.2712632053901871,1.2496495070310818,1.191911114121291,1.2679800071094267
2010-01-28,1.2842039322828434,1.2855225937601207,1.2617887599948405,1.2106223175305455,1.2827204463366717
2010-01-29,1.2575377745981122,1.263914403329189,1.2409107657066463,1.1970287505904507,1.2548324096750105
2010-02-01,1.258398427727505,1.2587504766380655,1.2379399086854546,1.1899978021502293,1.2491251694045844
2010-02-02,1.2788768422471701,1.2797064472563413,1.2553581644283864,1.2092342930658435,1.2786898458444451
2010-02-03,1.2829757524498113,1.2938624694039198,1.2701758636099638,1.221442677326889,1.2941748662277293
2010-02-04,1.2770136793511344,1.2877098591849798,1.267270536575147,1.2105723735367322,1.2797555985592388
2010-02-05,1.2401569647303814,1.2537239264429687,1.2354200262322272,1.1775174879950758,1.248984659105149
2010-02-08,1.2271759986276751,1.2423290220544816,1.2255913977358046,1.162845443268918,1.2390071285957251
2010-02-09,1.2248429506734484,1.2370722600270734,1.219031171919236,1.1545564561266775,1.23962436811614
2010-02-10,1.2286766925270027,1.2424572807563097,1.2234693605200122,1.1537048599506614,1.246476586192861
2010-02-12,1.2444852780688127,1.2577090812148373,1.237746136709504,1.161210273298242,1.2676460544912045
2010-02-15,1.2347571400521793,1.2466918289955773,1.2278893754724454,1.1476461455466869,1.257124853756096
2010-02-16,1.2373405444994812,1.2475433561000988,1.2293603717738861,1.148994972490304,1.255209454857901
2010-02-17,1.2709528605457125,1.2800317539107584,1.2594905398294745,1.1732635630495731,1.2931624715652938
2010-02-18,1.2745116799010994,1.2832407167468451,1.2617641043050867,1.1774387984911217,1.299432917534287
2010-02-19,1.2483559893515994,1.2583706537283208,1.2383127457519036,1.1556801500067475,1.2714756288760043
2010-02-22,1.2824997258903468,1.290441704830895,1.2691805845643398,1.179781331350161,1.3042652247418838
2010-02-23,1.2765351239382043,1.288006546048883,1.2667143538642889,1.176954731979619,1.3022366463234785
2010-02-24,1.2576351956673266,1.271087385202962,1.2510943129085677,1.161213774622855,1.2830258211518477
2010-02-25,1.2456899756910942,1.2610898234651422,1.2431673491668662,1.1517485685616675,1.2722726040853556
2010-02-26,1.2486581271299186,1.2652059380499787,1.2472239478187754,1.154839028462269,1.2759137880588378
2010-03-01,1.254334078522224,1.2716401076756159,1.2534844253746795,1.1593416674910102,1.2838424772215389
2010-03-02,1.2604725692555114,1.2770951058849207,1.2586418867209228,1.1647983022015165,1.291780872719618
2010-03-03,1.2643322017516878,1.2771247315186565,1.2583106571541272,1.165559842988337,1.2929893398482495
2010-03-04,1.251086067299895,1.266580616994702,1.24765847331796,1.1591051354152548,1.2826955132792917
2010-03-05,1.2786142027515486,1.2929226443486226,1.2722203315596698,1.1844530753759537,1.3093343869781715
2010-03-08,1.30536790693482,1.3206257504136583,1.2971897814939057,1.213718626974227,1.3365715034003227
2010-03-09,1.3031150597619248,1.3172480729205553,1.2932583845787358,1.2116470705799902,1.332132706927343
2010-03-10,1.3026550492744082,1.3180285434592833,1.2933722801320036,1.2139260670937126,1.3358930943453085
2010-03-11,1.3151132652393371,1.3305508916974538,1.3049319659393257,1.2261032007030546,1.3479288564818057
2010-03-12,1.3257562461024794,1.3427303392816714,1.3166210474256854,1.2319845087156942,1.3586391454707212
2010-03-15,1.3258451172385495,1.3470086904694327,1.3202585560570652,1.2398342144272563,1.371112705343436
2010-03-16,1.3221124091020178,1.3439954968604038,1.3179019881641159,1.233107485392672,1.3663366037311109
2010-03-17,1.3375597298630557,1.3611039385071046,1.3329199548531263,1.253335261056204,1.3854135517693364
2010-03-18,1.3248647650451275,1.3502071333716992,1.3239724482363824,1.2350448795119784,1.3748690681920002
2010-03-19,1.3348147196371551,1.3593360232997536,1.3332741593651902,1.241227772292748,1.3816109700896657
2010-03-23,1.3285789282562463,1.353423740034237,1.32720657024579,1.2356580402767015,1.374551389911939
2010-03-24,1.3336198965855477,1.358254654775958,1.331313190145969,1.2380053112368374,1.3846468405942032
2010-03-25,1.33532398255645,1.356426893675791,1.3290603531018947,1.2360182758865799,1.381872273279294
2010-03-26,1.3559812231425972,1.3786773055230428,1.3497053410547166,1.2543910206069433,1.4057198958070016
2010-03-29,1.3547603890267743,1.3920280123758801,1.3607128490870886,1.2666838197237964,1.4197510582105348
2010-03-30,1.3684072865420374,1.409213773991458,1.376980226618491,1.2819050485939765,1.4385517012773217
2010-03-31,1.3675195385540866,1.4095752730071,1.3782012656573437,1.278234162871978,1.4369901356819248
2010-04-01,1.3865662607475515,1.4252853943026276,1.3918415757600715,1.2969375795601823,1.451280213187119
2010-04-02,1.3917070585779396,1.431431717496628,1.396377126253307,1.3052184743888913,1.459031080382344
2010-04-05,1.3982684699479178,1.445530455317073,1.407662097485208,1.330223558405868,1.481779588957069
2010-04-06,1.3912422312266794,1.4372729846301802,1.402321231366486,1.3115973526182105,1.4749443514762715
2010-04-07,1.392538208416903,1.4446514910489037,1.409336321066875,1.3164175812696335,1.4866774736542279
2010-04-08,1.3771698842212603,1.429319261126591,1.3949989274841879,1.2988809147107527,1.4715666515783525
2010-04-09,1.3816263261352724,1.4350652424437558,1.3996407980021792,1.304874532049459,1.4802206988994193
2010-04-12,1.3874910985863282,1.4436473093548843,1.4076293930601367,1.3131952524781494,1.487931859077
2010-04-13,1.3763104353078033,1.431151033299345,1.39582932522703,1.2997456218457633,1.4724152973488167
2010-04-14,1.3816954481299935,1.4345249266957825,1.3989949324981192,1.2973620392686103,1.4766197488767814
2010-04-15,1.390190348606664,1.4453379214616853,1.4082797960406632,1.3122523300301783,1.4842851984124859
2010-04-16,1.3690287823865588,1.42658232299277,1.3912476714356985,1.2965043123279532,1.462400117918009
2010-04-19,1.3451790449327277,1.3987141711625415,1.3645579428093144,1.2684519908093608,1.4386616921909836
2010-04-20,1.344181472451422,1.4015883192107108,1.367773709432697,1.2680514056981536,1.4396689154531044
2010-04-21,1.3675330257725684,1.4267739269598867,1.3902041629406137,1.2955635186366892,1.467544356297228
2010-04-22,1.3501510116889017,1.41442836374218,1.376958789929867,1.2896728173411773,1.4514882632991066
2010-04-23,1.345880741558581,1.4126147645519518,1.3749897377327889,1.2904879130876328,1.4492432778679754
2010-04-26,1.376872683728278,1.4422167758638966,1.4026106905050635,1.3137251554856015,1.4859239845247767
2010-04-27,1.3826523181126653,1.443894962713401,1.4021716790678551,1.3150980654797964,1.4823336571472687
2010-04-28,1.3471545611755837,1.4103646266656091,1.370374900191753,1.2855567986528298,1.449197290534787
2010-04-30,1.3635069706340497,1.4297753337531447,1.3887161020096286,1.3045899093210658,1.468088522213854
2010-05-06,1.3189038961623858,1.3799699797036264,1.3429935029529154,1.2563172321040657,1.4112091587520237
2010-05-07,1.2780753161202298,1.3420885367339184,1.3076872623278266,1.2147849240899191,1.3811514263378646
2010-05-10,1.2985586679252321,1.3662929774460262,1.3310484797228102,1.2347221198641989,1.4083272597575067
2010-05-11,1.283810514936582,1.350588518226352,1.3165773927181044,1.2227387160923722,1.3895995549429898
2010-05-12,1.2817056659022097,1.348554007351712,1.3153010213452017,1.2229974343864003,1.3870006322686173
2010-05-13,1.309638177065141,1.3747237585946412,1.3382224334915689,1.2464868993663312,1.4131562419901655
2010-05-14,1.2901499893095725,1.3596532400500814,1.3236453939337236,1.2367801272880738,1.3902871011707534
2010-05-17,1.262189058650554,1.327930249475896,1.2966161820134299,1.2075192408350337,1.3524608918838446
2010-05-18,1.2630374287774007,1.317847752059123,1.2889222123945507,1.1927443220275231,1.3432370433093868
2010-05-19,1.25615665934122,1.312126657006463,1.2826374145198696,1.1892615892642646,1.3419091834929444
2010-05-20,1.2368546433693426,1.2928067521883952,1.2660229833958223,1.1716349093066987,1.3207713563224805
2010-05-21,1.206548381753551,1.2639593656365613,1.2371630824352253,1.1453886938042654,1.2940356639613488
2010-05-24,1.203325056957908,1.264456749504003,1.2367297804586694,1.1445563251863276,1.293071397743491
2010-05-25,1.1665151863370617,1.228477520382623,1.2060640764949364,1.1089221335129842,1.2522129554607544
2010-05-26,1.174255525108293,1.233786895059939,1.2102079804252563,1.1082985972223482,1.2612325242673883
2010-05-27,1.18869034111042,1.2520630728854751,1.2254579378401216,1.1161340240564455,1.2819917071233453
2010-05-28,1.203889834231848,1.267378335000012,1.2391078256241848,1.1260753963977794,1.2997136925841135
2010-05-31,1.204595143505509,1.2728408248368381,1.244557940071223,1.1316804115607555,1.3105922072909502
2010-06-01,1.1975823920027528,1.2678522050147145,1.2418710738646164,1.133129848521499,1.3051633124186723
2010-06-02,1.184191992481838,1.251166851547258,1.2271426080690528,1.1289127379189516,1.2853828914624241
2010-06-03,1.222535793361843,1.2864257666688221,1.2586608990497714,1.151606493724948,1.3286794329353793
2010-06-04,1.2209327411079631,1.286318965327467,1.257881675325403,1.1512183112773007,1.3301386973659868
2010-06-07,1.1740261219725023,1.2394106184328404,1.2156088957582276,1.1166210617669423,1.2859972707369198
2010-06-08,1.1761397617832068,1.2367066485722917,1.2127234766972834,1.1178746362498269,1.2828731153856674
2010-06-09,1.1639552641005095,1.2225214679903564,1.2013570024711038,1.1097054190258715,1.2665320158737698
2010-06-10,1.1767205551290947,1.2346769418538075,1.21260413374728,1.1196440734102853,1.2776708305755433
2010-06-11,1.1967709913051383,1.2542570926312504,1.2296417271968727,1.1285001301180178,1.299985219022347
2010-06-14,1.2183011680232247,1.27729051979313,1.2498220073429436,1.1465662063767224,1.3230224974800555
2010-06-15,1.219292599003257,1.2783074925448146,1.250753048548216,1.1481351105128927,1.3216421375910323
2010-06-16,1.2413975479875519,1.2985936069615338,1.2695455155982482,1.1598137267051074,1.3444013470830123
2010-06-17,1.2330431795106014,1.2887857343603064,1.2621283402699903,1.146570055500162,1.3339639025165995
2010-06-18,1.2325029682417534,1.2868496302486254,1.2606043637099786,1.1516736068026416,1.331659235316084
2010-06-21,1.2624665100021857,1.318703648410952,1.2884853191419114,1.1781836702324568,1.3647260618446548
2010-06-22,1.2470377341665606,1.3058873651910992,1.2784033810072262,1.160786243269317,1.346589648916823
2010-06-23,1.2237084588402287,1.2820619087449645,1.2571441089623747,1.13987859549979,1.318246303113573
2010-06-24,1.2242805818313782,1.2820413844031293,1.2575821075545464,1.1414388302012008,1.3178163659989068
2010-06-25,1.200745385580006,1.2591111324037163,1.2389796013845742,1.1202885886086393,1.292354663138058
2010-06-28,1.1953763888297635,1.251256498711253,1.2330652174168608,1.118709916094093,1.2817626640102333
2010-06-29,1.1801756914923993,1.2345594971241467,1.2188503772471904,1.1083873238850381,1.260258981810271
2010-06-30,1.1569893565976597,1.2114116115753224,1.1981671876910658,1.0901043784907551,1.234732552522033
2010-07-01,1.1334318823514733,1.1907207465572616,1.1800816198963522,1.071583004902038,1.2084605857938282
2010-07-02,1.134925230533592,1.1913429415545689,1.1806714702790704,1.0738074599673162,1.2099864959728714
2010-07-05,1.1427025387340557,1.2009991917157377,1.189612462470945,1.0839181219674299,1.2186965996499632
2010-07-06,1.151489702418371,1.2134628236370666,1.2010568804703925,1.089917775070042,1.2315846503682437
2010-07-07,1.1442895749159876,1.2047493998888723,1.1945946659734825,1.081494016077417,1.2223059495074642
2010-07-08,1.1758684519328462,1.2362879637489284,1.2232212693856692,1.1032769053596778,1.2551323356533008
2010-07-09,1.1819822562394475,1.2387842631091677,1.2245250125944065,1.1036577658878115,1.2469078779789886
2010-07-12,1.17739383225886,1.2351162188820402,1.2185294673044051,1.095267141949027,1.2469270995883592
2010-07-13,1.1760522152846657,1.2291678025528538,1.212953033896899,1.0911988696075243,1.2428100557178665
2010-07-14,1.2078678411545234,1.2584980557239969,1.2392530934960428,1.1110582555478778,1.2688046583074735
2010-07-15,1.19433931806576,1.2424003141938282,1.224608637824167,1.1011207302303703,1.24677688598813
2010-07-16,1.160161020529652,1.2120004459877294,1.197288583458755,1.0750873311055238,1.220759098310597
2010-07-21,1.1441884207773714,1.1936339827338172,1.1825651456587436,1.0652955318372361,1.1989594835754158
2010-07-22,1.137042482992104,1.184402351481087,1.1748932365539093,1.0631961411335895,1.1861921202735308
2010-07-23,1.1629478170485288,1.2105596095176996,1.1980177803679468,1.0740539888951015,1.220908678570554
2010-07-26,1.1719126025833906,1.2195911708593585,1.2052180683903106,1.0765088921768065,1.2328154751731575
2010-07-27,1.171072782389689,1.2194247146900805,1.2057407993893863,1.0749780336305608,1.237479769691707
2010-07-28,1.202692361905181,1.250758334263519,1.234172465929638,1.0989930465512119,1.2697765152944824
2010-07-29,1.1956327664025181,1.242824983563906,1.2264945260451172,1.0943687873699373,1.2567495275039653
2010-07-30,1.1760607652178106,1.2213884645546438,1.205608093587486,1.075488115861081,1.2396575072134335
2010-08-02,1.1801312559243644,1.221539329338424,1.2055480359395485,1.0791516850149985,1.2377409315991617
2010-08-03,1.1953849387629085,1.2381325284108666,1.220794734525436,1.0941638656804307,1.2565700250268361
2010-08-04,1.1701467403349763,1.2170058960317272,1.2026565834662382,1.0698319841918251,1.234417198135741
2010-08-05,1.190441391502822,1.2359099582714683,1.2204937064617778,1.0873123531968505,1.2571210821316343
2010-08-06,1.1889863373874652,1.2400987847383815,1.224527987608939,1.0867053287820525,1.2600994511888923
2010-08-09,1.1804001573428526,1.2343342478561732,1.2202439786848722,1.0769369650592362,1.253332184828503
2010-08-10,1.1777563012555683,1.2304940942493439,1.2159974810638614,1.071373582806146,1.2524236056942881
2010-08-11,1.1459171931749603,1.1972919985142418,1.1854729395384327,1.038938972882561,1.2183969423999679
2010-08-12,1.1360202240841126,1.1853957695444368,1.1751151479099096,1.0302110250117595,1.207647387969348
2010-08-13,1.1410599881974783,1.1923007694304044,1.1817576656832534,1.0384984969471167,1.21256998091058
2010-08-16,1.1340571112653968,1.187037566319696,1.178126855315763,1.0372953588703093,1.204086283901048
2010-08-17,1.1297424055670409,1.1829504801032913,1.1747868115941342,1.0371988219131492,1.1968767519184957
2010-08-18,1.1394668105142731,1.1946179141995534,1.1851598846808642,1.0478723364349873,1.20579320058436
2010-08-19,1.1545280596462593,1.2075025598444615,1.1959524811136928,1.0617319163553953,1.2245498962066388
2010-08-20,1.131925046950873,1.181726096235141,1.1716430238686795,1.0379846675514026,1.1969581681093822
2010-08-23,1.1241947031719097,1.1736531448627612,1.1647816934817716,1.0343614814100377,1.1887974555423928
2010-08-24,1.1092060682608589,1.1589312620893824,1.152058706914101,1.0257263408424167,1.1733066524199476
2010-08-25,1.090740139413282,1.141716878819835,1.1361075716067268,1.011667902989495,1.1543870952606243
2010-08-26,1.0982733530435373,1.1468494074565008,1.1414611289098735,1.0136757621177621,1.160971397089863
2010-08-27,1.1087029468428367,1.1612158699052597,1.1547314539184563,1.0250070915917902,1.179595891388644
2010-08-30,1.128210883739754,1.1800914370004147,1.172502824562599,1.039778715178013,1.2010045583860953
2010-08-31,1.0881098909660734,1.138782645927182,1.1344457383507078,1.0080960557609335,1.1555210105958755
2010-09-01,1.1008060599999376,1.1522096463386124,1.1472155056957545,1.0213282031100088,1.1664322321188048
2010-09-02,1.117554295236536,1.1688052275328966,1.1623916163809742,1.0346579727812826,1.1841225776760937
2010-09-03,1.1238789577535147,1.1776982831393883,1.1700440144710336,1.0364047096943454,1.1975683490912188
2010-09-06,1.1469617300777664,1.2034141865463173,1.1927412733272056,1.0503715524643575,1.2274745031050527
2010-09-07,1.1376738534073005,1.1944851455591707,1.1848757983470817,1.0421201742809276,1.2217570867941587
2010-09-08,1.11283882647471,1.1703047456909164,1.1635666461992602,1.024751404902994,1.1998203006000037
2010-09-09,1.121938002508019,1.179953352405761,1.1717522487240128,1.0297307413351493,1.2072624045524782
2010-09-10,1.1392978590184648,1.1930829733253947,1.1827930590605422,1.040669437620491,1.2198170507549524
2010-09-13,1.1494896201704226,1.2047063556261735,1.1917782408324773,1.0519463903058741,1.2319012517702035
2010-09-14,1.1467137820165627,1.2002584623425303,1.1870046725377608,1.0492665189892656,1.2261503796672681
2010-09-16,1.1726327237130634,1.2207194774603294,1.2023142690187405,1.0668161810231267,1.2465243232005927
2010-09-17,1.1870096169286732,1.236098449560974,1.2150511411508687,1.0814261611218519,1.2612887312106262
2010-09-21,1.184052664698053,1.2297792655783253,1.2098597398335202,1.0744268174349256,1.2567553269034484
2010-09-22,1.1796393337145463,1.2250548532061196,1.2067888246402598,1.0615353589802559,1.2475268500441097
2010-09-24,1.1679678320205455,1.210865673827915,1.1941840037017482,1.0400917641831366,1.2276072314465143
2010-09-27,1.1841795890576974,1.2246831790194261,1.2066551223466375,1.0547427730205163,1.2427979730076772
2010-09-28,1.1709383918912415,1.2233998889538684,1.205540958206343,1.052008831396318,1.2385333179130082
2010-09-29,1.1787834974488969,1.2323493576912539,1.2120731570108145,1.0662915199148604,1.2473435571733675
2010-09-30,1.1553505391304835,1.2062599471676352,1.1870277807112057,1.0434458177534351,1.2186164915952966
2010-10-01,1.159651757610357,1.2065175984340761,1.1873501728875466,1.0464868644809446,1.2212606077308232
2010-10-04,1.1567945144592298,1.1992957616406985,1.1788543357644665,1.0513103091625096,1.2144106084448183
2010-10-05,1.1737745612634904,1.21377592085047,1.1925941575074301,1.063304259295997,1.228950300693089
2010-10-06,1.1950667849126417,1.242039385928867,1.2182966697437347,1.0870737684294194,1.2595693380456594
2010-10-07,1.1942504469296902,1.2453134051831296,1.221222681062098,1.089215590116278,1.2596834679992497
2010-10-08,1.1824211929480857,1.2363135911191148,1.2122658850080033,1.0785068232480257,1.2478429381786842
2010-10-12,1.157729226868681,1.210227439636558,1.1868506127445666,1.0595472303009867,1.2190538770133499
2010-10-13,1.159562886474287,1.208901066441488,1.1859118635958237,1.0646804600518887,1.2170232457862065
2010-10-14,1.1817589946049303,1.2314416771433443,1.206219465668499,1.0897141657762417,1.2384458298558914
2010-10-15,1.171492090378572,1.2179332446309383,1.193201677143227,1.0828536665941177,1.2273423023745627
2010-10-18,1.1712750906669214,1.220033527447972,1.1963245006456944,1.078625908306875,1.2394879931294995
2010-10-19,1.1763259335668972,1.2264132259062885,1.2027431714826449,1.0792138631108301,1.2469068720885004
2010-10-20,1.1568611076004853,1.2082631322869597,1.184493690623554,1.0575892850261437,1.2290215833231088
2010-10-21,1.1562298576068826,1.2039060067575273,1.180331727205186,1.054956613059551,1.2244998577023183
2010-10-22,1.1624237422732218,1.2124619760517115,1.1881014651310857,1.061426873613555,1.2345125562624808
2010-10-25,1.1592731521201074,1.2089084788765898,1.1840136510531798,1.0589004454473514,1.228995835284717
2010-10-26,1.1563407658945795,1.2056432749088366,1.181100534060587,1.0527214487137382,1.2266136526374178
2010-10-27,1.157530772082443,1.2041517605957779,1.1799314630673636,1.0486442440287957,1.2234670557538405
2010-10-28,1.154941226133868,1.1960114207224681,1.1728296239972844,1.04197736792936,1.220473626329623
2010-10-29,1.1347698866778595,1.1831780094955826,1.1610310738035448,1.0200220919283243,1.2112373576642672
2010-11-01,1.128884160869519,1.1755203754797747,1.1534614037266646,1.0113735490571703,1.204201602583562
2010-11-02,1.1295328719941924,1.1733056587001875,1.1520587279701349,1.0073137988829926,1.2045168286654595
2010-11-04,1.1540472162230506,1.1944232657790292,1.1719395733590248,1.0292595754336795,1.2250305248954694
2010-11-05,1.1869973339261266,1.225573238585463,1.2016034096906725,1.0569199393230602,1.252652639331379
2010-11-08,1.2001830167379373,1.2371760207984543,1.2123715344975414,1.0651989489149531,1.261268941280227
2010-11-09,1.195444186186955,1.2327403069765737,1.208247275146958,1.0595933463726537,1.2574395554678581
2010-11-10,1.2122181916445818,1.247715200950198,1.223473827920939,1.0709138858709142,1.27326376440708
2010-11-11,1.2160335089943168,1.2530587211330553,1.227532452241708,1.0717802556737712,1.2799678556094332
2010-11-12,1.1991829154031661,1.2391411276794777,1.2151460997367398,1.0548976150571274,1.26691092414165
2010-11-15,1.211847052293135,1.2474869253434073,1.2227344270017297,1.0654006218408651,1.2774343939058963
2010-11-16,1.2080971238687197,1.2409376626872923,1.2158434479872002,1.0596823491265193,1.266068228554666
2010-11-17,1.2098926098291574,1.2420266049186706,1.2172549741531455,1.0610332371361686,1.2684625781197527
2010-11-18,1.2347978425508113,1.272757059442601,1.246678813085987,1.0885861040486275,1.305954376550001
2010-11-19,1.23587802424532,1.2742165593162404,1.2478267353360675,1.0913873840796224,1.3070521180450005
2010-11-22,1.2473214474410599,1.2864456936663564,1.2578982142677797,1.1094987785646309,1.3208600479955641
2010-11-24,1.2368300773642482,1.273274774305418,1.2445854631066655,1.1002344916955595,1.3069498876079937
2010-11-25,1.2429524316039946,1.281818559533459,1.2512711107857473,1.109399439847388,1.3128337784634985
2010-11-26,1.2379952767038322,1.2766219193713901,1.2473003884779676,1.099462596752584,1.3080822246609416
2010-11-29,1.2486531898445796,1.2902938279069747,1.2601002483030403,1.1096128569035284,1.3256596165777963
2010-11-30,1.2253534178086773,1.2662706462045006,1.2380152887436968,1.0839116116901266,1.3014563581690182
2010-12-01,1.2316435193282955,1.2733173412166623,1.2449377733667002,1.0859243613806757,1.307543473098782
2010-12-02,1.2538975502454557,1.2951989997396576,1.2634552920019724,1.108836649134132,1.3327215614109655
2010-12-03,1.2551061013587324,1.297313717143261,1.2655989914699848,1.1084609729384833,1.3335533381518099
2010-12-06,1.253738593741916,1.3002940479850114,1.2682253716387546,1.111356865158701,1.3366155235313602
2010-12-07,1.2505163527406153,1.2972357306580689,1.2655825739882476,1.1085327471944533,1.3334857422293773
2010-12-08,1.2617661380138612,1.3099339158969792,1.2778264374486843,1.1209474933533528,1.345279176195703
2010-12-09,1.268369456098409,1.3145304114883054,1.2817421543253174,1.1255995762783189,1.3509560232359865
2010-12-10,1.2592530597772162,1.3073962181102317,1.275694258991574,1.1177608936067773,1.3409083544408817
2010-12-13,1.26935715400904,1.321387766819142,1.287745232475881,1.1331691422603436,1.3601809166866357
2010-12-14,1.2721785115252773,1.3299416171693257,1.2952321678241063,1.1416030117847409,1.3700838494509324
2010-12-15,1.2713166541799485,1.3296000399407466,1.2949510191017268,1.143933481675463,1.3704373182568008
2010-12-16,1.2715028259636398,1.3328297475087323,1.298065854815661,1.1467405789800849,1.3711254725987336
2010-12-17,1.2705829254102001,1.3327722016781256,1.2974063693970808,1.1491115981038975,1.3721451084777863
2010-12-20,1.2598030251951453,1.3208274755920981,1.286854913290941,1.1349899964424652,1.3602865704567668
2010-12-21,1.2788078406740404,1.3354661259574678,1.3004718446082335,1.1479622272226666,1.3754079548861309
2010-12-22,1.2758422180886815,1.334389929851549,1.2992704406354365,1.1448940641950576,1.3750419967344139
2010-12-24,1.2675445681823123,1.3246229658177884,1.2905623384484197,1.131805282032527,1.362115171132004
2010-12-27,1.2770148835670678,1.332162674007182,1.2970034965538368,1.1381444110703902,1.3689366832479457
2010-12-28,1.2692018101533078,1.329362491082222,1.2944943239932758,1.1358669580646688,1.3684125137571916
2010-12-29,1.2756029403822167,1.3382693905901513,1.3034061416947735,1.1450759932384493,1.377403432145674
2010-12-30,1.2613456258090423,1.3225002092516966,1.2886443468544095,1.1300470343502336,1.360609081849321
2011-01-04,1.2822074626827,1.344223766031345,1.3077960853539417,1.151457346511994,1.3844571416784717
2011-01-05,1.2800704610828388,1.3435306574451964,1.3066587114623154,1.1507262537735383,1.3812727218844567
2011-01-06,1.298442701930602,1.3662934724041378,1.326642739047163,1.1731393403422992,1.4030410240087297
2011-01-07,1.2998336917581683,1.3685298859673947,1.3287937877515827,1.1731043707380335,1.4022948047748867
2011-01-11,1.296089904835026,1.3688137953485309,1.329098543741373,1.1751938175807204,1.4020806383268642
2011-01-12,1.2963513401147115,1.3685109704277811,1.3290625174190405,1.1749682012065807,1.4038356243004915
2011-01-13,1.305841404640816,1.3799077512304838,1.3400833067622167,1.1869181971973344,1.4148482447557942
2011-01-14,1.2946545998610182,1.3640432545594834,1.3260804957251147,1.1700370065450665,1.3950872651462523
2011-01-17,1.295125689135145,1.3624323423355686,1.324784043526096,1.1703314408937513,1.3919873363353652
2011-01-18,1.297113488380547,1.3685729545314456,1.3296295402377656,1.1818481382210533,1.3972272473630962
2011-01-19,1.3018140248647676,1.3791453479240146,1.3382522359344244,1.1982449395424926,1.4098619558270997
2011-01-20,1.2870425100869607,1.3650455784072972,1.3271039816282888,1.1768035698520982,1.394916762851125
2011-01-21,1.266968591700167,1.341460416930884,1.3082618044654288,1.1450326057521008,1.3656317535527205
2011-01-24,1.2756732665928727,1.3503955931171998,1.316555695622095,1.154995675201302,1.376416888897602
2011-01-25,1.2903855339466328,1.3666281878162214,1.3312897609164547,1.1706731667405053,1.3930018048466495
2011-01-26,1.2826761435249543,1.3581059003339666,1.3230905631322705,1.1615458899723354,1.3834495890645713
2011-01-27,1.2921415216243728,1.3653662658701011,1.3296217246408832,1.1718219056179342,1.3920537612728625
2011-01-28,1.2775512413449202,1.3502186398531153,1.3147599580180511,1.1616575718853723,1.3773159855734847
2011-01-31,1.2624554312155736,1.3330486437204967,1.3000851986979693,1.1403380024009966,1.3628057567770342
2011-02-01,1.2669661832682952,1.339521478084643,1.3054412362576289,1.1516000829145303,1.3681827264408937
2011-02-02,1.2895150062465655,1.3644329628331977,1.3269112136173105,1.1756237346315601,1.3891075315552197
2011-02-03,1.2863089017388059,1.3632583441750252,1.3253609405920082,1.1822152557097472,1.3910892048496382
2011-02-04,1.3001394421842944,1.3777209532899009,1.3388324657733897,1.1920174460884279,1.4050591150782912
2011-02-07,1.3061225890618497,1.3881320175499166,1.3477326536710457,1.1986734664272904,1.4132866143841554
2011-02-08,1.3115409586654647,1.3928519539638844,1.351711395785634,1.1977413108571522,1.4173117745698742
2011-02-09,1.3093028029269873,1.38654274181813,1.347924360371611,1.1871613458690669,1.4137109935937437
2011-02-10,1.3078009048117236,1.3896085856051925,1.3505959766146438,1.1888330801651352,1.4155693061085586
2011-02-14,1.3225847025920767,1.4028813389050174,1.362863036282427,1.2053349989475983,1.4281955733662026
2011-02-15,1.3251902646125993,1.4090991900505443,1.3667265748457254,1.217090801457798,1.4388372035379824
2011-02-16,1.3327887467465807,1.4169004557338647,1.3726820889106313,1.2213241847983278,1.4473601797812792
2011-02-17,1.3362845856085197,1.4206618852991795,1.3774305344510316,1.2260763182739198,1.4536877593690272
2011-02-18,1.33704420502089,1.4191687808802491,1.3769164960112912,1.2240058771775568,1.451291109824845
2011-02-21,1.3388606443386126,1.4197443106772663,1.3780419503366308,1.2246099620552262,1.4473414297350378
2011-02-22,1.3150824373113745,1.3938677499714034,1.3563816769048254,1.1955685981019792,1.4174117091878837
2011-02-23,1.3045268825251792,1.3813766368663964,1.3452223289305292,1.1821395384155773,1.4069977464583057
2011-02-24,1.2889415586178863,1.3611501389987288,1.3261880721855916,1.1615098678040812,1.3874410328013376
2011-02-25,1.2980727667950906,1.372783278730867,1.3353594963943245,1.17565872144044,1.4017061537367608
2011-02-28,1.3100747053419042,1.3853296704058513,1.3453715775121027,1.1898100933093205,1.4157414815853182
2011-03-01,1.3260978821634932,1.4023344128320103,1.3607289402384386,1.2040375913523145,1.4314878285237729
2011-03-02,1.2938333245927294,1.3685032892692193,1.3303936962220508,1.170811982203148,1.3959209534848593
2011-03-03,1.3053801899373636,1.3798962184052739,1.3402822887179204,1.183942508543522,1.4086858198080214
2011-03-04,1.3186535396693082,1.39119227856968,1.3510093680183346,1.19026048453609,1.423888843604318
2011-03-07,1.2953919412785744,1.3692285936831785,1.331481909543435,1.172334810869155,1.4011105842543699
2011-03-08,1.2978792492941909,1.3676802345085224,1.3303433376987173,1.1709081498422016,1.3988846069294025
2011-03-09,1.3058093724969213,1.3754549306019415,1.3383490944190983,1.1762950386805116,1.409876510956409
2011-03-10,1.286681245306189,1.3538288056998573,1.3195710023662905,1.1543257722631837,1.3875057156658857
2011-03-11,1.264491278676819,1.3307513739346064,1.297787468547592,1.1355089940849914,1.3628174716731247
2011-03-14,1.186319119511023,1.2410345276406922,1.214822072959921,1.0540007242291092,1.2598985090009243
2011-03-15,1.0611158252819932,1.1005314509451747,1.0781707461241827,0.9487198805660897,1.1036097470509874
2011-03-16,1.121362146447467,1.1613757387282848,1.135926210003103,0.9929154585044963,1.172556435276225
2011-03-17,1.1052021706955593,1.1543489847529151,1.12754791476839,0.9855971339318913,1.1656076930602306
2011-03-18,1.1353001029544387,1.1930551090302426,1.162864543192736,1.0051569391047785,1.215925015540843
2011-03-22,1.1848184256116954,1.2534720265781243,1.220051760304923,1.0421928585416702,1.2884535611476122
2011-03-23,1.1652302879334466,1.2376554466570366,1.2053134207559162,1.0322349899602605,1.2710408700106215
2011-03-24,1.1634472053971487,1.235388295292602,1.2022702205142293,1.0427255531832953,1.260732879110211
2011-03-25,1.175916500148688,1.242582915151567,1.2102160655596685,1.0516140774522325,1.269514414031698
2011-03-28,1.1688137937155196,1.239214626682167,1.2075545960396892,1.049203482892934,1.263489104542389
2011-03-29,1.166415356835973,1.2442751136356924,1.2127272019896898,1.0433764898517603,1.2719593443218822
2011-03-30,1.197207519581903,1.2752593332111661,1.2415295878322352,1.062502340257473,1.3072085723026736
2011-03-31,1.2029180319715689,1.2800390423935402,1.246059092906722,1.0615716959329098,1.306991519141564
2011-04-01,1.1971581467285308,1.273938671817527,1.2396838828362855,1.0618137023463876,1.3001813538878322
2011-04-04,1.1984529197028184,1.2708876430703488,1.2368105711375754,1.0642008558377698,1.2958536424157998
2011-04-05,1.1857099066690475,1.25253916222826,1.2206001393826846,1.0472577188130103,1.2781305174061177
2011-04-06,1.1818650860288828,1.242193063665154,1.2110804322207671,1.0328222162545548,1.2686518397741673
2011-04-07,1.1826739578730316,1.242448389604702,1.2120234224909183,1.0288667245916232,1.2786477984888238
2011-04-08,1.204518675793577,1.2632842748465876,1.2308877650085008,1.0398777957781178,1.2983112724105546
2011-04-11,1.1985528696254988,1.2640180640719898,1.2301441610792638,1.0382098779256355,1.3072914334653294
2011-04-12,1.1782754387455368,1.2383238446573432,1.2071963211448193,1.0187400448660189,1.2760373731868753
2011-04-13,1.1888703713928361,1.2463935154558734,1.2144901899046865,1.0228307635429756,1.280749144155389
2011-04-14,1.190441391502821,1.2501033398794588,1.21696807798631,1.0285015974712153,1.2847785181790687
2011-04-15,1.1827466925155605,1.2441301159364246,1.2115048195878952,1.0239709096135414,1.275677735554293
2011-04-18,1.17844691909481,1.2388823863425142,1.2067128863954764,1.0234180558072568,1.2692850139381955
2011-04-19,1.1641896045216356,1.225069500372306,1.1938011699101168,1.0115650333183592,1.2519217114096142
2011-04-20,1.1846334580439402,1.24276159206802,1.2100706943053592,1.0273554004265544,1.2667038702074072
2011-04-21,1.194368821356189,1.2513466063942553,1.2184869628610844,1.030550221135855,1.2698458074368015
2011-04-22,1.1939298846475508,1.2512812763685919,1.2173365321589342,1.0320451616579014,1.2675736615834625
2011-04-25,1.1926659396012225,1.2510210784373184,1.2164364466447852,1.0297393847323606,1.2738098550897787
2011-04-26,1.178698479803821,1.2378733715566832,1.2042927529690897,1.015072624093686,1.2576498158301839
2011-04-27,1.195117361981949,1.2490637738536592,1.2146023311148002,1.0312984783830494,1.2697350297696033
2011-04-28,1.214588329449634,1.2654958638949725,1.230365612106957,1.043592894531836,1.2915052392452215
2011-05-02,1.2336350516430987,1.2872395810396042,1.251614828854167,1.0622417608013468,1.3143341425624537
2011-05-06,1.2157548534267473,1.2740868473132763,1.2398002185312094,1.0473191588102229,1.299795659236495
2011-05-09,1.207761749730569,1.2686038010272176,1.235159161255445,1.0380052597631435,1.297334418403152
2011-05-10,1.2107680748145615,1.2764282383668946,1.2417058959892873,1.0485473533432872,1.3059995719638025
2011-05-11,1.2163787577031406,1.279609981087117,1.244430864907495,1.0530774571965478,1.3053673373649617
2011-05-12,1.1981767929887148,1.261609603567061,1.2272557406610587,1.0365815980453932,1.2871686523692945
2011-05-13,1.1898062880182232,1.2468760102112038,1.2134624738520345,1.024959598662976,1.2685716630506834
2011-05-16,1.1786503111663844,1.2321870689060508,1.2006324680506977,1.0134390594583107,1.246634499729704
2011-05-17,1.179725555575556,1.2324714793258797,1.201502790107106,1.0125086926026416,1.2391084017116925
2011-05-18,1.1914476343388647,1.2477627889990874,1.2156143493793394,1.0272550783343022,1.2551196050885856
2011-05-19,1.1863598220096565,1.239579257496949,1.2086079431231624,1.0236237004495525,1.2379848922353762
2011-05-20,1.1846654901878348,1.2342660667774825,1.2032852321655783,1.0207692240068043,1.22828008874207
2011-05-23,1.1666064659050013,1.2160202211434175,1.1870773310885436,1.0058949807822146,1.2019455690222194
2011-05-24,1.1686460464356476,1.2175924422376185,1.188971985203802,1.001950426141481,1.208846239024344
2011-05-25,1.1619514487831581,1.211134930747903,1.1838225204604378,0.9933647255863414,1.2037177021597567
2011-05-26,1.179112730085773,1.2275360402496343,1.1984710663357623,1.0077948972043176,1.2170968541273413
2011-05-27,1.1741667743938147,1.2243128198781674,1.1951303391294013,1.006253658785095,1.2128681761553852
2011-05-30,1.172074087940395,1.2219873742719016,1.1924066790875365,1.0087730591708297,1.2108792721477437
2011-05-31,1.1953504981871406,1.2456572281406988,1.2149552004110842,1.0301414837164804,1.235088901226724
2011-06-01,1.1985417908388885,1.246269982897904,1.2157574747742512,1.032307940672492,1.2308386615006037
2011-06-02,1.1782483438869789,1.22681485124553,1.1976821482994073,1.0165537760564296,1.2140487100445545
2011-06-03,1.1705006593985385,1.2125292849321623,1.1845239529485854,1.0055117871629375,1.1993318146628593
2011-06-06,1.1567069679606885,1.1948871066456346,1.1694382430413692,0.9980244895215434,1.1778151026446746
2011-06-07,1.1644263533746348,1.2045598185641693,1.1780801698546906,1.0071554081700138,1.1885368366764086
2011-06-08,1.1652290837175105,1.206927147741674,1.180702527441488,1.0094582071377043,1.1880516705207576
2011-06-09,1.1674105208854066,1.2072606640025432,1.181161955630643,1.0128300001222628,1.186775812621636
2011-06-10,1.1732419365550375,1.2158461624382875,1.1901585989987087,1.0208919229269282,1.1944384702529411
2011-06-13,1.1650749440777142,1.2094569822899466,1.1839803258414814,1.0165733070279874,1.1875275914854218
2011-06-14,1.177354333976161,1.2261229412525665,1.1985963431586415,1.026088641602191,1.2231050339946736
2011-06-15,1.1806258274092403,1.230375421427997,1.2010832104953657,1.0243958584911537,1.2589991680136337
2011-06-16,1.1605210810944873,1.211387351401775,1.1830172931647494,1.0079616792337427,1.2407503526362502
2011-06-17,1.1531371902402845,1.2005165271742566,1.172170937925494,1.0016468326648784,1.2309986370897699
2011-06-20,1.1534972508051207,1.204180559091198,1.175513591336484,1.0066392814540805,1.2380272183350705
2011-06-21,1.1664868872625656,1.2173575666201593,1.187678517790081,1.020864047254827,1.2524376012370089
2011-06-22,1.1874214587787524,1.2406453238253885,1.210184231486152,1.0357531090413008,1.2778847349233418
2011-06-23,1.1833904663548964,1.2351711238583316,1.2054876107311139,1.0313919788641597,1.272764763925287
2011-06-24,1.1934982936561214,1.2483545676653536,1.2176354036679726,1.0404589327956046,1.2863853575888862
2011-06-27,1.1811177496190586,1.237179541485131,1.2065710008416832,1.0306029295409134,1.2730524922174715
2011-06-28,1.189832299082439,1.2456630609626775,1.2148996415403233,1.0342267841458725,1.2799029285637886
2011-06-29,1.2081168730100682,1.263387030792221,1.2321206546905308,1.043357761905997,1.2980823371133647
2011-06-30,1.2104388421776846,1.2699422946730186,1.2383017554366382,1.0497350021649337,1.3055732958433552
2011-07-01,1.2168486427613319,1.2750026760095143,1.2433447935414126,1.053299831389208,1.3085609252419181
2011-07-04,1.2288122872413836,1.2898042760608728,1.256310213300954,1.0658899643990352,1.3220323090353163
2011-07-05,1.229721109008213,1.2927266731103952,1.2590549078239048,1.0693476814659353,1.32198423535079
2011-07-06,1.2432879261637382,1.3057458736129952,1.2717426164666983,1.075645327761407,1.3369496519432549
2011-07-07,1.241889470197369,1.3060507934514132,1.2730489067685833,1.0677988038768313,1.3380507868181237
2011-07-08,1.2501008982427273,1.31302851928872,1.2793452439987294,1.074127925720983,1.346370912727587
2011-07-11,1.2416910154111316,1.3041819233260283,1.2707203888041587,1.0678018869295989,1.3360317477498656
2011-07-12,1.2239821771224597,1.284741354038989,1.252974407212998,1.0498904287402653,1.3137970214629304
2011-07-13,1.2285718053189831,1.2903635894005692,1.2582910927832271,1.0549111571975451,1.3210001887345213
2011-07-14,1.225239980667515,1.2847061611287804,1.2528269888715586,1.051307757409089,1.3207633174757298
2011-07-15,1.229968936647823,1.2921161122626303,1.260162393048521,1.055467673021858,1.327655491153339
2011-07-19,1.2195182690696451,1.2853441490726016,1.2537309657291877,1.0569418646835764,1.319495618750856
2011-07-20,1.2338447056375406,1.2960782974826757,1.263106830930246,1.0656474335749613,1.3301111716591194
2011-07-21,1.234398283703277,1.2961522258324418,1.2619430898880764,1.0683820030671123,1.3312310023349065
2011-07-22,1.2494078719716126,1.309153847969145,1.275325532012929,1.0754455662449234,1.346378924835774
2011-07-25,1.2392839081768463,1.2995210565238142,1.2667062666321176,1.065293494933734,1.3358011288719291
2011-07-26,1.2451671051317212,1.3059429832294438,1.2730770404437481,1.0696867035051425,1.3425103214878897
2011-07-27,1.2389362510361497,1.2944420422535519,1.263874591774376,1.0554315133756826,1.320956517870243
2011-07-28,1.2209523698277167,1.2747982836587846,1.244385713625856,1.0408759776963215,1.2990841301421874
2011-07-29,1.2125277955617029,1.2676941503813137,1.2378702206873538,1.035327508382002,1.2915076219087565
2011-08-01,1.228802412670709,1.2864839745516012,1.2545602862211847,1.0486093472223386,1.3094517186393935
2011-08-02,1.2139532259650363,1.2714940250981062,1.2414354791528235,1.042307489176537,1.2918569663267825
2011-08-03,1.1883721872601514,1.2428654619262194,1.2140199487845127,1.0166167932621821,1.2670146474367616
2011-08-04,1.1910899822059005,1.2453064460095804,1.2163370546025105,1.0184375355874244,1.2694007710654482
2011-08-05,1.1467841082272188,1.201298489937889,1.1743824392572042,0.983480651774385,1.2289805438689339
2011-08-08,1.1218356441534658,1.1707700571666722,1.145979753315803,0.9592734611013226,1.1986364745649773
2011-08-09,1.1029591980933384,1.150553936941412,1.1259219119053343,0.9435936762927037,1.1808758868436346
2011-08-10,1.1145825311499027,1.164143032470543,1.138686150368079,0.9597429607771112,1.201508256527412
2011-08-11,1.107578450001885,1.1591294488914363,1.1340325477528388,0.9660396085975441,1.2034606657395839
2011-08-12,1.1053316239086692,1.1557729364146998,1.1308799844252047,0.9650056236943162,1.1990506420090374
2011-08-15,1.1204607908194404,1.166017281363393,1.140875094252995,0.9748372005323994,1.2078714959990595
2011-08-16,1.123052745199887,1.1695757852482784,1.1444243739318174,0.9739589259634561,1.2119975013548603
2011-08-17,1.1168662062507568,1.166092383927325,1.1410396594347163,0.9782500256691696,1.2073888079432102
2011-08-18,1.102870326957268,1.15375887378095,1.1296654128649504,0.9769076677724008,1.1906421153900757
2011-08-19,1.0751844392180105,1.119444671837295,1.097252425714184,0.9613383535046905,1.146170493792339
2011-08-22,1.0639494658007764,1.107329349398682,1.0862559578292943,0.9586883270284722,1.1297444690240874
2011-08-23,1.07688238368764,1.1217963276659555,1.099421480856208,0.9705483683601118,1.142523687171576
2011-08-24,1.0653651420550292,1.1095585023611447,1.088072306820062,0.9696760805519987,1.1235341632826203
2011-08-25,1.0817347718013786,1.1273323933981636,1.1049600220065818,0.967862019251205,1.1547443213190618
2011-08-26,1.0848693458825454,1.1335325125539288,1.1099342464959443,0.9674143686424944,1.1644991264158753
2011-08-29,1.0914750723989648,1.14374343195831,1.1190046013799277,0.9749892514672729,1.1729735567009858
2011-08-30,1.1041207847851144,1.1582913190446695,1.132275155377457,0.9794568108093997,1.1931385081535741
2011-08-31,1.1042810659261837,1.155117579910287,1.1314328149860762,0.9758466712431384,1.1884533807880417
2011-09-01,1.1173027345275237,1.1681388618791608,1.1438342339250933,0.9792841095096124,1.1993396843162358
2011-09-02,1.1037311005082548,1.151989375932177,1.1297282869196743,0.9737023638883447,1.1816986952652464
2011-09-05,1.0832267953459678,1.1315388537459117,1.112734693160599,0.9742310390764135,1.1643435821322985
2011-09-06,1.0593179308896836,1.1098592178851083,1.095267059553547,0.972696636734016,1.1488383616506583
2011-09-07,1.0806311078961195,1.1192003472305487,1.1023468496129096,0.969887719658227,1.1539885488647263
2011-09-08,1.0842946940379303,1.1287295947469138,1.1126107926184865,0.98049941379913,1.166072242596012
2011-09-09,1.0774558313163192,1.1270784270277325,1.1127863087647971,0.9824570004192504,1.1679843336753077
2011-09-12,1.0525480697412,1.0988661604302608,1.088025822140415,0.9662062735983403,1.142254062138418
2011-09-13,1.0625215065439777,1.1135944498638508,1.1009186999370824,0.9689123617749921,1.155284784313327
2011-09-14,1.0504394876374263,1.0967489646246662,1.0864352014447254,0.9619257633362258,1.1423104320065716
2011-09-15,1.0689720096262587,1.1147765687734037,1.102478586478636,0.9736839105789652,1.1594612382100542
2011-09-16,1.0930547628636877,1.1399862691250444,1.1232583829712983,0.9797196905586771,1.1811663114328648
2011-09-20,1.0754310626416845,1.1211698378657964,1.1077908572099695,0.9618877581367591,1.1586091166004917
2011-09-21,1.0778874223077481,1.1250380299476301,1.1119112987445734,0.9686800663662872,1.1625256003831066
2011-09-22,1.0555802854678145,1.10514604481919,1.096709401943879,0.9511499855912435,1.140092611299256
2011-09-26,1.0326282909942024,1.077441020910946,1.0752274333963248,0.9275846560893489,1.1101688118885207
2011-09-27,1.0617076974144917,1.1101382100562724,1.104729870711494,0.9468575491040906,1.1426019371983849
2011-09-28,1.0624105982562806,1.1308652362294747,1.124234732812155,0.9638596295944775,1.1641029834715482
2011-09-29,1.0729636241890104,1.1427946698226872,1.13518104236967,0.9727087535005353,1.1626085308579344
2011-09-30,1.0728476581943824,1.1413420048849634,1.1351424032739688,0.9744682996396745,1.1609586652719293
2011-10-03,1.053757825070412,1.116438436461787,1.1166184615622572,0.9720254424036441,1.1407263869267201
2011-10-04,1.0427386471488924,1.099187049355111,1.101482964205788,0.9653015057400889,1.1253303795491871
2011-10-05,1.0337196718969148,1.0866001734249087,1.0926431210398575,0.96502910485435,1.1140746979944414
2011-10-06,1.0508648167059886,1.1057680242577534,1.1079979543452483,0.9681611111151022,1.1359477336316977
2011-10-07,1.0611737480685102,1.1172884807083456,1.1140470262781292,0.9685285773939271,1.148245406388699
2011-10-11,1.0818974613743195,1.1409544493002992,1.1331819216027597,0.9828772724073411,1.17275810040063
2011-10-12,1.0776087667401792,1.1395148075246428,1.129488248836355,0.9741924393689506,1.1633059739219374
2011-10-13,1.088010061464985,1.153219134629301,1.1367245732967537,0.9761191993930665,1.1753502308144688
2011-10-14,1.0787259178639206,1.1389134912149639,1.1238509625499944,0.9591012212019523,1.1614907339716027
2011-10-17,1.0949586282583572,1.157707814855888,1.140018585599595,0.9723269591130445,1.1784414003127275
2011-10-18,1.077979906091626,1.1406670135928976,1.1250685388257506,0.958050739592089,1.1620260778061213
2011-10-19,1.0817569293745992,1.141379293295763,1.1296285823437753,0.9586178047789008,1.1640664870002506
2011-10-20,1.070610827093435,1.1300464229688971,1.1209797213987007,0.9496498065627237,1.1524031924274984
2011-10-21,1.0702087393924355,1.1281209809772776,1.1181103951846731,0.9507538676769371,1.1504391216832839
2011-10-24,1.090566371053729,1.150001166169807,1.1350764554728288,0.9639401706998129,1.1714833521610346
2011-10-25,1.0804953927601426,1.1388066599811804,1.1214551688442531,0.9521832194348347,1.1593021098236451
2011-10-26,1.0787887779357748,1.1376787391763843,1.1174224756512885,0.9568873613151894,1.1491334620235527
2011-10-27,1.1007469329974828,1.1625094593196243,1.1382494959199545,0.9784385152618229,1.174585858487684
2011-10-28,1.116028914910521,1.1753617864916548,1.1520382232374962,0.988269574315633,1.1752363163119575
2011-10-31,1.1083737142059584,1.1653790263489883,1.145233692100189,0.9720226093831503,1.1659044533726624
2011-11-01,1.0895230383668593,1.144816027744222,1.128542517558751,0.9517837680426495,1.143894009291409
2011-11-02,1.0654649715561162,1.1190940903718187,1.1048860159863245,0.9277168036260001,1.1188487230349224
2011-11-04,1.0853157487299863,1.1390456191744505,1.1227360731606104,0.9556290000857712,1.1301859110052788
2011-11-07,1.0810848564607696,1.1349988691482347,1.1185322305027128,0.9533110264543195,1.1181639999830204
2011-11-08,1.0673257260202802,1.1144090805337494,1.1029283216829036,0.9303557361729268,1.0908608804224884
2011-11-09,1.0796483472708258,1.1314768526487,1.120984221513932,0.9417340128554071,1.108954721349414
2011-11-10,1.048248175898856,1.0996114250590077,1.0922594584885652,0.9069913751290923,1.0765587750854082
2011-11-11,1.049933837365939,1.0983992589909528,1.0900283770140586,0.9122190306371193,1.0755030668006582
2011-11-14,1.060936999215511,1.1112482327539954,1.1009344113445114,0.9242502536792886,1.085280837844963
2011-11-15,1.0533199721561168,1.1025118004832486,1.092892548000789,0.9171517700055032,1.0962894369371199
2011-11-16,1.0436067664170887,1.087840442909758,1.079751905119235,0.9053206193988612,1.094066356007843
2011-11-17,1.0456376765929964,1.0947318880323558,1.0850010505349938,0.9107831103586387,1.0985898660448503
2011-11-18,1.0327245078474818,1.0831026350944886,1.073876017651627,0.9066298216635231,1.0874037325394839
2011-11-21,1.0294394067743267,1.0786648235330598,1.0713042805701534,0.9026292028217252,1.0819326297489462
2011-11-22,1.0253048517799825,1.0782055908906392,1.0692452986346017,0.9023863599076015,1.0976687271542331
2011-11-24,1.0068623449323593,1.0583389258815874,1.0502374956180718,0.8870922154621942,1.075797959361117
2011-11-25,1.0062247728050933,1.0578206716494907,1.0494751904897244,0.881639451159033,1.0818220653304678
2011-11-28,1.021944607632427,1.076324025919641,1.0641468364818876,0.8852477114899061,1.100934604691897
2011-11-29,1.045414535380073,1.1001723408468786,1.0854186114648916,0.8984483845026656,1.128745606496888
2011-11-30,1.040086241128464,1.0963331331198314,1.0833029094906386,0.8948534170666587,1.123413858978835
2011-12-01,1.0601576306617924,1.1222418584353986,1.1042714493097472,0.9098231582846239,1.1446768317799692
2011-12-02,1.065875609190261,1.129056061806253,1.1114116322059835,0.9150269935225066,1.1515596486738133
2011-12-05,1.0723162377018676,1.136885429838389,1.1191360703097706,0.9133913482570704,1.1594759517562412
2011-12-06,1.0574176781428226,1.1169793453730095,1.1012662609172195,0.8949162569179692,1.1489635029430187
2011-12-07,1.0755457039987837,1.1398480346160313,1.1212359268937495,0.908348760768645,1.1613672268071438
2011-12-08,1.0684442017815512,1.1326464286534312,1.1148185228652356,0.9029568841889036,1.1512749809258322
2011-12-09,1.0526454908104155,1.1187708663198155,1.1028217329583205,0.8891218028984711,1.1404555675451136
2011-12-12,1.0671173966633685,1.1364657832904241,1.1184568725789896,0.9069414155251742,1.1628445492434705
2011-12-13,1.0546615891303115,1.1249542918094806,1.1078578751699617,0.8953703001788083,1.1541415958212506
2011-12-14,1.0505084892105545,1.11985673222188,1.1035510204349208,0.8908871594200664,1.146107490316693
2011-12-15,1.0330278498417371,1.0992027053114366,1.0878096224960945,0.8662959139544502,1.1125215755021212
2011-12-16,1.0360304418563284,1.0995351483253477,1.0884377866809696,0.8624758013593358,1.1136952906923034
2011-12-19,1.0230087732549886,1.0840028830620825,1.0753104651807477,0.8477643239502026,1.0923533171818058
2011-12-20,1.0279856772964997,1.0905099549417212,1.0805355201038176,0.8555580120868932,1.1001019023061913
2011-12-21,1.0432146737083576,1.1046658507715958,1.0938371764825223,0.8721395011297105,1.1133468837194156
2011-12-22,1.0352215700121794,1.0984692607398658,1.0893998777706133,0.8637092878698827,1.107145545836502
2011-12-26,1.0456019113797002,1.1062397169815672,1.0963720626771143,0.8690554396709743,1.1135735530784185
2011-12-27,1.0408198494766188,1.1006708142619333,1.0916728017594743,0.8623742681928701,1.1068227713985581
2011-12-28,1.038731016514194,1.0960404275962894,1.0875718622804496,0.86440161925101,1.0991239275093223
2011-12-29,1.0356814600781026,1.0954410561296972,1.087021075839314,0.8636244950482003,1.1031033748195382
2011-12-30,1.0426436345115506,1.1037488920386327,1.0949835112101978,0.869080165297534,1.1111605115071306
2012-01-04,1.055561860963996,1.1210458616572363,1.111709633364015,0.8743068538938867,1.12549554286013
2012-01-05,1.0467573565702035,1.1127001636538356,1.1038081928877619,0.8679719368718564,1.1208337759061768
2012-01-06,1.0346283732421517,1.097844170248117,1.0905633584819614,0.8571850590109866,1.1084463058031147
2012-01-10,1.0385632692343225,1.0999347936128068,1.0915614904564932,0.8607425539805311,1.1284790230685302
2012-01-11,1.0417225297421753,1.104327618446546,1.095722915499989,0.8606496157622493,1.1303523036654672
2012-01-12,1.0340414383949907,1.0966530566688693,1.0873506664774049,0.853736652401991,1.1256283231100965
2012-01-13,1.0481519590455781,1.111576607965222,1.1012891809352334,0.8618659883988661,1.137774824422562
2012-01-16,1.0331499573376388,1.0948510429429708,1.0858983145600665,0.8522458133534144,1.1180530775276931
2012-01-17,1.0440063252646237,1.107662245061612,1.0976291645555496,0.8677818370389723,1.1326110923940353
2012-01-18,1.0543866666321444,1.1183645009885277,1.1052146848000355,0.8714693908191442,1.1413426259624142
2012-01-19,1.0653736919881753,1.1318497223553896,1.11494929626478,0.8792499012189834,1.1512092105629952
2012-01-20,1.0809949015303584,1.153749373141038,1.1343103307144364,0.8899270690503971,1.170355059903988
2012-01-23,1.080938182959777,1.1574200664495187,1.1362324083772108,0.8937312913632542,1.1726726725268388
2012-01-24,1.0833340909858582,1.1551983358864328,1.1359189619180499,0.8861217518498888,1.1733908450317518
2012-01-25,1.09546307431391,1.170604377417507,1.1489124801750603,0.8969331788680387,1.1873990432912216
2012-01-26,1.0912432608313036,1.1652274140604948,1.144943295104433,0.8895023863539795,1.185874025550731
2012-01-27,1.090225939208649,1.1608387082507572,1.143227912490775,0.8853421633049425,1.1823547898012905
2012-01-30,1.0842860236831928,1.1539723951535805,1.1380611906532898,0.8764977692697716,1.178271946282137
2012-01-31,1.085452547660306,1.1557276388352986,1.1394326865637692,0.8824612774877323,1.17993990899693
2012-02-01,1.086350290640525,1.1584155257119213,1.1415733406565882,0.8848999345005547,1.1787928014285545
2012-02-02,1.0946159084029992,1.164230858756274,1.1464794572210038,0.8937271975264944,1.1840804573516692
2012-02-03,1.0890803685888206,1.1579524913021901,1.1399453562787305,0.8841064411706552,1.1764411761346287
2012-02-06,1.1010749614184252,1.1703368513153363,1.1504160393035812,0.8949713947760911,1.182736288830645
2012-02-07,1.0996345987374865,1.1713106864079488,1.1511552968746084,0.8943904932033688,1.1830506376963559
2012-02-08,1.111727816852242,1.1834625354322792,1.159588759175069,0.9047401144053688,1.1897658153857475
2012-02-09,1.1100816536678568,1.1858001558412332,1.1608182816124715,0.9068196690287077,1.1913179104852891
2012-02-10,1.1032908391620884,1.177747736782046,1.1544842452534272,0.8935153493059903,1.188217709662353
2012-02-13,1.1097042523935434,1.1813285524355306,1.1582151266998393,0.8957966451280992,1.1898794180744552
2012-02-14,1.1162262859024175,1.1875140299512796,1.1647329702931093,0.899824585934267,1.1966214139867424
2012-02-15,1.141908358324325,1.2134508381733982,1.1861855549549198,0.9336619751484322,1.2181931234791867
2012-02-16,1.1391658769518898,1.2099289047743318,1.1812032913018629,0.9323123561930107,1.2155779909033555
2012-02-17,1.1571780572348167,1.2261551827386707,1.195082396060244,0.9454475351513177,1.230988906511124
2012-02-20,1.16962266555967,1.242179062308678,1.2076499539301861,0.960063188474507,1.2426451553311009
2012-02-21,1.1669011375445195,1.2375834417020402,1.2053731619270596,0.9485817249974207,1.2428071427939011
2012-02-22,1.1781200948898063,1.2535195654523408,1.2203800999849455,0.9621139332640692,1.2599743217440498
2012-02-23,1.1832462012857765,1.2631317894477239,1.2284197824830363,0.9729226043627949,1.2652438505458623
2012-02-24,1.1896349280905454,1.270977325999935,1.23301631079395,0.9832081251422629,1.266679302508704
2012-02-27,1.1879763614820202,1.2724267794892026,1.233758648662754,0.9846925851557446,1.2648591851775173
2012-02-28,1.1989005267661967,1.2763946712949068,1.23992433503066,0.9831097961718326,1.2680610253778044
2012-02-29,1.1989893979022668,1.2726136844450817,1.2383062961217532,0.9764865022871926,1.266575348329462
2012-03-01,1.1970324265848238,1.2636918936519208,1.2329551093528093,0.9639831946909385,1.2589203107886129
2012-03-02,1.2056223396988375,1.2784434480996845,1.247237079056389,0.9728931991123014,1.270319285448532
2012-03-05,1.1959497160368493,1.2667241217547365,1.2382803341736048,0.954680882505191,1.2619987558675803
2012-03-06,1.1884326389001352,1.2600257241462818,1.2337073344051965,0.9437456448591701,1.2604969538221034
2012-03-07,1.1808402982674269,1.254766461144184,1.228380820392418,0.9351654896488619,1.2547208550634121
2012-03-08,1.2046271756494034,1.2766526497723985,1.2482705301388,0.9576674154247914,1.2751717606638882
2012-03-09,1.2244532663965875,1.2968688532165442,1.265804388847275,0.9758137464396759,1.2962594136145513
2012-03-12,1.2195356097791228,1.2916674522341545,1.260750336091338,0.9736138457486497,1.2887380078777895
2012-03-13,1.2206725100442128,1.2913195553127828,1.2606009212214646,0.97169308692552,1.289394642832606
2012-03-14,1.2393467682487016,1.3106481883849912,1.2758986483044223,0.9972639677445376,1.303739836901901
2012-03-15,1.2483190199223662,1.3162082406240332,1.281384665732863,1.003639994407022,1.3036491923768103
2012-03-16,1.2491266875505793,1.3205800898364435,1.2835444445370428,1.0085273832402375,1.3071364447812224
2012-03-19,1.250626177233971,1.323344528948258,1.2861427379866912,1.013702067312553,1.3117315654071404
2012-03-21,1.2437823772270227,1.3114845632738104,1.2765115886723666,1.0031937558744968,1.2998942939615943
2012-03-22,1.2487875803430277,1.3144391523115564,1.280590226926942,1.0060245683447302,1.3021275017514875
2012-03-23,1.2345314699857892,1.2981314573124698,1.267154025487605,0.9895971950996981,1.2875367372740805
2012-03-26,1.2353663528941539,1.29648585064425,1.2647882998414839,0.993370799595452,1.284234646284387
2012-03-27,1.2645801498128906,1.325972604311649,1.2921121954174695,1.0159703998438148,1.3144614768217513
2012-03-28,1.2556301761340403,1.3307394743081462,1.2944286790495438,1.0200653951469951,1.3155810773407597
2012-03-29,1.2472720745876886,1.3224420837837827,1.2881894486217127,1.0101090637908543,1.3072626394617521
2012-03-30,1.243420992024657,1.3172632188941098,1.2841324498420748,1.0085617584268967,1.3013914636667596
2012-04-02,1.2466653905991787,1.3164321179884106,1.2804537822574944,1.0108575613657835,1.2987547882145292
2012-04-03,1.2393307521767545,1.3090836597851285,1.2734053851571407,1.0063209473767565,1.2923515152467457
2012-04-04,1.2109198060224873,1.2817276486753626,1.248522532061242,0.9808704448228671,1.2650900400848875
2012-04-05,1.2044607530070612,1.2778507310008413,1.2451608387170077,0.9750587031433933,1.2600679196058062
2012-04-06,1.1946993786305968,1.2680873566940132,1.2372117219206553,0.9630881092393883,1.2501291970247683
2012-04-09,1.177165633339006,1.247920660038411,1.2190261340662845,0.9490338585439846,1.2276106571648264
2012-04-10,1.1761495159322872,1.2447245432161618,1.2168807404236186,0.9459834099998793,1.2241608321830262
2012-04-11,1.1663734501214047,1.2312728435925764,1.2041790551463647,0.9350915230287915,1.2076670439771995
2012-04-12,1.1745181646039138,1.2392826172463343,1.21145439955533,0.934926333816147,1.2161918136479375
2012-04-13,1.1884770744681705,1.244551796412236,1.2166110737800973,0.9397579062237826,1.220823925366375
2012-04-16,1.167840787239308,1.2247664898742328,1.200087231226797,0.9264996388044805,1.2018327904886217
2012-04-17,1.167109587323025,1.224716482833105,1.200857810727066,0.9297503354753811,1.200634061869255
2012-04-18,1.1920863504712718,1.250088236048824,1.2237290794836218,0.9396496450921054,1.223426203766294
2012-04-19,1.1823595370921678,1.240369163123871,1.2128370623102216,0.9325034718996749,1.2155678486822035
2012-04-20,1.1790277124406996,1.2372291604292975,1.2091165497729184,0.9323268198207699,1.2156162287378462
2012-04-23,1.176661307705048,1.2342730436107643,1.207300216813801,0.927674329878275,1.2187472970822488
2012-04-24,1.1675202249571695,1.2243015579138714,1.1981959009253662,0.9209974252480541,1.206595173818374
2012-04-25,1.1789844810886003,1.2345041538069421,1.2079619472667493,0.9274125523255705,1.2163500097791353
2012-04-26,1.1790856352272165,1.2387906436162115,1.2128690545033662,0.9305152206408736,1.2177149329678607
2012-04-27,1.1740372007591124,1.2297991619027042,1.2034446568126724,0.9262946428153045,1.2093626540077047
2012-05-01,1.153081675885641,1.207871337702146,1.1851592502456954,0.9132633992888026,1.1895331123006678
2012-05-02,1.1566946849581436,1.2108042980010483,1.187611874409003,0.9145440143498319,1.189006456628302
2012-05-07,1.1244967205286351,1.1746315545876211,1.1566212658251807,0.8951734647425954,1.1553846534459997
2012-05-08,1.1322050271559714,1.1833869144417979,1.163433505103765,0.8991892040891629,1.1608565207876294
2012-05-09,1.1153617792820296,1.1636217090762062,1.1463549894445202,0.8893909678988521,1.1402459179152882
2012-05-10,1.1109954127200232,1.1616033041062441,1.1436133452921933,0.8834276556253714,1.1427361814318187
2012-05-11,1.1040479297209933,1.1462779752365764,1.1294424112899057,0.8755424887115149,1.124510861636196
2012-05-14,1.1065795528830513,1.1436316129153672,1.1270618474210694,0.8694889033068101,1.1229459709264231
2012-05-15,1.097565514916411,1.1294899391626345,1.1152582888411895,0.8598113032494373,1.1060113885430232
2012-05-16,1.0852873292339003,1.1154318713214857,1.1017569736441921,0.8498457325009805,1.0925949972742774
2012-05-17,1.0945874889069123,1.1317151859030172,1.1139348918951115,0.8504990991023504,1.1126356398241533
2012-05-18,1.0618753242727714,1.0942784030088994,1.0813108848814537,0.8222939979096696,1.0682746186737464
2012-05-21,1.0646597123597763,1.0968036350711892,1.083688448366032,0.822443847865704,1.0697922335610226
2012-05-22,1.0764236978376545,1.1103429347806266,1.094279207166061,0.8246471827837331,1.0856510084050768
2012-05-23,1.0551289453350379,1.0873003523857798,1.0742438932484877,0.8126165699622069,1.061996438482977
2012-05-24,1.0559650324593384,1.0904449145482404,1.0769031821794997,0.8134285231502435,1.0651958606505745
2012-05-25,1.0580625357765017,1.0864145720932838,1.0757581369917493,0.8149024255533966,1.059654144230164
2012-05-28,1.0596360847399517,1.0829941472546034,1.0722589971784613,0.8153761789375412,1.052889492597825
2012-05-29,1.0675193639427754,1.09579756134687,1.0814151597759862,0.8146710574203792,1.0649944218364051
2012-05-30,1.0645734904987654,1.0878516213238678,1.074957473444282,0.8119447137335793,1.0543805039928456
2012-05-31,1.0534187178628625,1.0793829863012678,1.0682236148971842,0.8095377574657094,1.0460289985025122
2012-06-01,1.0407816758314514,1.0583504247535964,1.051132136221796,0.8034645530084578,1.0213783737018938
2012-06-04,1.0229483216150068,1.0370560524817074,1.0350460373282668,0.7967565963471372,0.9944421501657686
2012-06-05,1.0335987686169517,1.0614292289433036,1.0553948615607893,0.8040186164374179,1.0250882302049578
2012-06-06,1.0522842260296443,1.0825782455912163,1.0714605324207946,0.805596879107711,1.0513858661808657
2012-06-07,1.065378629273513,1.09392802595472,1.0808270058471485,0.8124802639011852,1.0654737481267504
2012-06-08,1.0431258025722885,1.0739743467160907,1.0644163475955666,0.7991523360319696,1.0432167243090094
2012-06-11,1.0635512315907736,1.0998554406943148,1.084294247729133,0.8118040690346081,1.0633704056910667
2012-06-12,1.0526775229543115,1.0898868145792375,1.0745044341133128,0.8075959610359722,1.0522581803122364
2012-06-13,1.0589812321140053,1.0950730350439508,1.0805453380477463,0.810847866279772,1.0577425303984116
2012-06-14,1.0566444510903772,1.0945419081520196,1.0790546797856349,0.8104888573410355,1.05856546778818
2012-06-15,1.0566975570131507,1.094633999062778,1.0798938503080548,0.8085843409022805,1.0601655788496447
2012-06-18,1.0754038473615346,1.1199932105418735,1.0992437850786234,0.8265254040548374,1.0834213176062306
2012-06-19,1.0673701615883162,1.1120714279917887,1.0937489316765232,0.8200374572057688,1.0745393283491553
2012-06-20,1.0792622756417751,1.1294107745319721,1.1112278486092229,0.8311956497101168,1.0926682425818317
2012-06-21,1.0881112156036028,1.1370694825036438,1.1198020369545516,0.8349207601988599,1.1011688611333128
2012-06-22,1.0849395516716103,1.1351807396712805,1.11732406056046,0.8331946487958782,1.10462490082074
2012-06-25,1.0770809588954728,1.1254046671583073,1.1094037398196068,0.8225577061326137,1.0920622469466668
2012-06-26,1.0683714671390234,1.112840343357989,1.10054683664795,0.8088263882746183,1.0797714932688105
2012-06-27,1.0765716959761777,1.1237797706484942,1.1133131958807367,0.8199436320325553,1.09197938762294
2012-06-28,1.0942817384807855,1.1399309549098373,1.130316955164212,0.8340680483090868,1.1071595587207423
2012-06-29,1.1106414936564604,1.1584373413137565,1.1482092563522008,0.8472798239486691,1.1259615335697692
2012-07-02,1.1102345890917173,1.1591821446556962,1.1483270825567158,0.8477193494828418,1.1262009079248503
2012-07-03,1.1180167141559247,1.1665929997406372,1.157414938310257,0.8490990571253808,1.1334446836831842
2012-07-04,1.122650777920483,1.1678477088314023,1.1588670772430585,0.848597798102371,1.1316216683665976
2012-07-05,1.1196456570524265,1.1652035632374844,1.1558412787085088,0.8440750662806275,1.1289151544662648
2012-07-06,1.112364124552776,1.1573554934849581,1.148202554708914,0.8400519044207296,1.1208659020925742
2012-07-09,1.097089488356947,1.1450859116845438,1.1381934333398913,0.8292496524051078,1.1100342655046036
2012-07-10,1.0922619070914883,1.139351138278731,1.1340907543022156,0.8248636254786857,1.1049611478019814
2012-07-11,1.0914319614684609,1.1281135797050814,1.1239260237272803,0.8173691347523058,1.0929554538298583
2012-07-12,1.075279331433762,1.1160642151467273,1.1138704638047137,0.8155475193310073,1.0794002026505856
2012-07-13,1.0757861859211855,1.1100879455920378,1.1083955210505383,0.8127404960725376,1.074064099404893
2012-07-17,1.0795940371321178,1.1060371682217522,1.1062935847867643,0.8193488179274888,1.0719162411861725
2012-07-18,1.0761092770567893,1.100994959025431,1.1019908467123924,0.8215352305603127,1.0679727079698715
2012-07-19,1.0845943029627858,1.1103730385121255,1.1103963595364337,0.8211189796901786,1.0766745697633877
2012-07-20,1.0690965255540332,1.0955544357846645,1.0962777738813327,0.8098019740019561,1.0597219423726034
2012-07-23,1.0491755425910996,1.0644955304776278,1.0667718121294694,0.7924276934723348,1.0334619544511723
2012-07-24,1.046680888858274,1.0628257789703912,1.065195268497491,0.7909368768500046,1.0320578668437173
2012-07-25,1.0316134982250147,1.0410694627752513,1.0452735424326165,0.7840063679546151,1.0134036041375047
2012-07-26,1.041133066041549,1.0518716806694206,1.0540406793478745,0.7833605861177829,1.023502648262067
2012-07-27,1.0563669997387442,1.0739620779013754,1.0750240027715725,0.7934322477572985,1.0401392184009577
2012-07-30,1.0648509418503982,1.0829767342549672,1.0850279966525518,0.8022874405050545,1.0454660456929503
2012-07-31,1.072202680139112,1.0944571270299905,1.0941323679427957,0.8044780380899017,1.0603179576182682
2012-08-01,1.065641268769134,1.0814172894369747,1.083512328438418,0.8023127106836561,1.0516756112400867
2012-08-02,1.0670384000979736,1.0857298311008265,1.086408661927969,0.801914904824734,1.055743687618307
2012-08-03,1.0549453024048119,1.058829361449268,1.064047406312357,0.7927296084791126,1.0295271203633964
2012-08-06,1.0760537627021436,1.0787549491618127,1.0824929866222488,0.8037280758716564,1.050102645812248
2012-08-07,1.0855511729454572,1.088614289190353,1.0909783070947738,0.8100342322890108,1.059681361213679
2012-08-08,1.0951510619649165,1.1049246078494763,1.1057864815096645,0.8177376493956128,1.0740364548395347
2012-08-09,1.1071664877302123,1.1127225867656103,1.1132685101650945,0.8233827115503116,1.0814746668254864
2012-08-10,1.0964187400806462,1.107895358852187,1.1074249479619107,0.8150996496910539,1.0746712583855653
2012-08-13,1.0956431045963284,1.1061766434978406,1.1052093697641483,0.8130244275816749,1.0713769558334547
2012-08-14,1.1011587748475644,1.1067008713684938,1.1088129744524085,0.8140802454079052,1.0750607120692874
2012-08-15,1.1005619654297287,1.1021497455252218,1.1067301793282593,0.8117773406226094,1.0705972133565684
2012-08-16,1.1212437720209685,1.1216802859888875,1.122780288187959,0.8239619911589019,1.0881600279054622
2012-08-17,1.1298435597056569,1.1375493853837009,1.134935306815329,0.8340039904888529,1.1006157870802002
2012-08-20,1.1309114583976196,1.137078505768825,1.1349207041482974,0.8332335961614419,1.0953546692345761
2012-08-21,1.1291554707198797,1.132346203845772,1.1319966714592453,0.8268156001303885,1.091875140044974
2012-08-22,1.1260505203507363,1.1254638543999291,1.1268106261284576,0.8198110989963149,1.0846179323776692
2012-08-23,1.1317697030951408,1.1300245456527802,1.1315149152685733,0.8226704023551591,1.089432539811198
2012-08-24,1.1185309143605568,1.1172942839671902,1.1204629148735783,0.8085927749414045,1.0790902681974952
2012-08-27,1.1203349502541395,1.1164740141879854,1.1199379049493825,0.8069027635952831,1.0792674419246806
2012-08-28,1.1139104582360742,1.1031117315307133,1.109426534721041,0.7934566435980405,1.0783652118618374
2012-08-29,1.118413744149993,1.1109857841427735,1.1156662640200414,0.8003151646076342,1.0904699870979924
2012-08-30,1.1078053242842114,1.097542879989355,1.1043535521684233,0.7903246264524788,1.078291718700938
2012-08-31,1.0900644538516444,1.0772596653530229,1.0866076606869033,0.7753473933614838,1.048198153548792
2012-09-03,1.0831564691353122,1.0708091198856098,1.0805188067810014,0.7695144563192688,1.0420580715728314
2012-09-04,1.08212313144071,1.0725447075089483,1.079636986806329,0.7684064988531367,1.0492711530678045
2012-09-05,1.070323501171129,1.0561888577545748,1.0663728691098187,0.7573638665831732,1.0378666745576541
2012-09-06,1.0704159849550066,1.0525788655008377,1.0632608519582067,0.7550996035121545,1.0371860653914764
2012-09-07,1.0939783964865302,1.083771271669501,1.0902110691406603,0.7692144641338589,1.0670818308026893
2012-09-10,1.0936972120654957,1.0856765778661253,1.091381934605753,0.7702348568143033,1.0682212218903535
2012-09-11,1.0860530901475434,1.0752564486817202,1.083040622675913,0.7648438900981187,1.0584445140111611
2012-09-12,1.1048680007733462,1.091214393081516,1.1002369373526488,0.7737658067478379,1.0755447317073594
2012-09-13,1.1092073928983883,1.0982995027699523,1.104822465581278,0.7783075531808683,1.080514665585816
2012-09-14,1.1294600169300706,1.1255022328101343,1.125646593036691,0.7965024804436669,1.0985567197179213
2012-09-18,1.1250676393038488,1.1288051821626042,1.1259561921755183,0.7944581074213123,1.0990995300985134
2012-09-19,1.138439614320944,1.1436072054821858,1.138118321065593,0.8003081708830536,1.1131752944254623
2012-09-20,1.1205311170300989,1.1222175164690635,1.1217350429282766,0.7827220145285521,1.0985383683490648
2012-09-21,1.1233696948342196,1.1259470293569946,1.1279010828967653,0.784259749852313,1.1053700674374325
2012-09-24,1.1183496798622028,1.1180786135167118,1.1230077713890427,0.7774804836575392,1.1004071204923693
2012-09-25,1.121093365450574,1.1220654780729367,1.128344941421654,0.7799689265398135,1.1025809139974052
2012-09-26,1.098300447902095,1.107121979553116,1.1167118947048396,0.7741242703083365,1.0914264035607337
2012-09-27,1.1036238048683666,1.1088488954563775,1.1200900022029858,0.7755756358259879,1.0913023196587908
2012-09-28,1.0937946331347106,1.096286129670293,1.107913551818614,0.7679770844721446,1.0806789065528208
2012-10-01,1.084712677389285,1.088272788743795,1.0994425717519603,0.7652306838787559,1.0711072160169173
2012-10-02,1.0834228417003346,1.0876798090857225,1.0982641309826047,0.7640857206230962,1.0692815105415758
2012-10-03,1.0785915273654747,1.0805331111071577,1.0906657258715535,0.7631045793154257,1.0608654778819673
2012-10-04,1.0881752798913928,1.0921343188819803,1.1025052955751768,0.7693115342907323,1.0735357123026026
2012-10-05,1.0929486714397358,1.1003347682387854,1.1091746863623722,0.7761569918281347,1.081487739409563
2012-10-09,1.081393135740363,1.0838317958873815,1.0962064028848735,0.764878934200187,1.0666174127868688
2012-10-10,1.0600158944461366,1.0631454859503056,1.0764331194790013,0.7485495084961423,1.0458608557024913
2012-10-11,1.0539181062114829,1.0569285907269277,1.0705014747347865,0.7435182079856181,1.042627037847331
2012-10-12,1.0523569606721728,1.0709523132247194,1.0841380192545869,0.7545374401173462,1.0549757531538615
2012-10-15,1.0577591937822466,1.0812173866715773,1.092170930641725,0.7604938009000577,1.0617377212073713
2012-10-16,1.0729733783380928,1.0975527399286524,1.107135795590905,0.7682699753295696,1.0785667456622845
2012-10-17,1.0859507317929915,1.1099817354388928,1.1191898564288307,0.7733550516058263,1.0952194948970468
2012-10-18,1.107691887143049,1.1327312926028612,1.1400874426148684,0.7823401192563173,1.123346153434281
2012-10-19,1.110135843384973,1.1343246779768137,1.1407996937302314,0.783859498871079,1.1252603183680883
2012-10-22,1.1111260701490695,1.1349971487037538,1.1414293218432248,0.7834903240333547,1.125668858409762
2012-10-23,1.111562598425836,1.1291658445678507,1.1356546178603977,0.778981372020017,1.1187969398784632
2012-10-24,1.1041700372168946,1.1181435162867475,1.1261880398244302,0.7697593922653522,1.1082158480593667
2012-10-25,1.116612237109876,1.131297752368375,1.1398679987853644,0.7766288218957317,1.1165088721916339
2012-10-26,1.1015508675562962,1.1131650622937974,1.123096835414706,0.7627934421210844,1.1040696350947976
2012-10-29,1.101092181706309,1.1149709620766066,1.1255960017247033,0.7646468002151597,1.1032347923669183
2012-10-30,1.0903197476300568,1.105900560459305,1.1152920819844845,0.7596894391013299,1.094640261352563
2012-10-31,1.1009627284931989,1.1194439183108926,1.1281504837546918,0.7690046468191919,1.1070617836609564
2012-11-01,1.103253869732856,1.121050623826172,1.129225105036267,0.772724881495765,1.106971014240669
2012-11-02,1.1161213986943999,1.134611134762856,1.1417347754244462,0.7875010570891683,1.1162091664285374
2012-11-05,1.1107228986537274,1.1249836591563693,1.1338363032775574,0.7809896462904512,1.1023559350820666
2012-11-06,1.10674115866165,1.1189002717324998,1.1288918050982857,0.7682938577368879,1.1024289663127207
2012-11-07,1.1064623826724875,1.1206726884756104,1.128964026351606,0.7723273571038861,1.108130818849627
2012-11-08,1.089724142428157,1.1031149094668653,1.1119496416575179,0.7609677318930416,1.093592781902971
2012-11-09,1.0799145994142563,1.092521138986855,1.102220628287459,0.749900423098393,1.083467899684856
2012-11-12,1.0699067220357115,1.0796354552927199,1.0892827570336314,0.7438918190570101,1.0701386669233197
2012-11-13,1.0680088777207217,1.0782074088741107,1.0879457623037323,0.7435238730399365,1.0714135603489712
2012-11-14,1.0684627467069652,1.078257606593207,1.088464324854099,0.7425217518933633,1.072420774481301
2012-11-15,1.0888078545225253,1.107529203634731,1.1139212943947996,0.7617975259945121,1.1021196123211905
2012-11-16,1.1127846367575946,1.1319492620292153,1.1343843945496617,0.7836721628971864,1.124350721272637
2012-11-19,1.1286967848698928,1.147353822307979,1.149863853159525,0.7892752050617464,1.1444003548512545
2012-11-20,1.1273945457568026,1.1454437778444078,1.149310647450824,0.7882699460920078,1.1427516888595737
2012-11-21,1.1372446708477435,1.1548701478475791,1.1582780656438347,0.796203506778751,1.1504546753409752
2012-11-22,1.1550361183496185,1.1748123170800422,1.1743809273529189,0.8163923872383462,1.162215142645284
2012-11-26,1.1577663167195076,1.1818320182944377,1.1802428158032583,0.8256623749440309,1.1701130250116174
2012-11-27,1.1620032300684038,1.1821223930089468,1.1827882327883774,0.8197128751893006,1.1732202039585289
2012-11-28,1.1478285247084326,1.1612792991219496,1.1661337552646678,0.7967886536731434,1.155923413104725
2012-11-29,1.1592385911227476,1.1792121365240633,1.1804404476043682,0.8134245573474331,1.1711058518797206
2012-11-30,1.164803634227356,1.1831423094168867,1.1836980902604908,0.8177898871065793,1.1737090692030236
2012-12-03,1.1663043281266836,1.187530886192182,1.187693876423303,0.8174188139040881,1.1770417829861701
2012-12-04,1.1631327846162847,1.184031175460534,1.1862265267041507,0.80803976082482,1.1755873201974598
2012-12-05,1.1676188502423201,1.18421589278826,1.1869438368954652,0.8075840755551187,1.173265745669125
2012-12-06,1.1770300386246229,1.197754596168101,1.1981096875370676,0.8240183490119113,1.1964405956098723
2012-12-07,1.1748387268860523,1.2001622419426394,1.1987480887216577,0.8271786037567863,1.1989512904884925
2012-12-10,1.1756230327251087,1.1997613021359417,1.1993186643339049,0.8209436586128489,1.1985417313504088
2012-12-11,1.1745835535292335,1.1970020590876966,1.1966656533879252,0.8190424579970411,1.1948967534699713
2012-12-12,1.1815062296799836,1.209052494824655,1.2045106423914298,0.8350769779328973,1.2050627285504958
2012-12-13,1.2013927720671502,1.2298268559813175,1.219199029769702,0.8575419686486649,1.2230520632989605
2012-12-14,1.2007551397290874,1.2368438090607545,1.2239825529193258,0.8641104224461471,1.2294801694786366
2012-12-17,1.2120160037889436,1.251101343179501,1.2344167426909785,0.8806677959726312,1.2424756513192359
2012-12-18,1.2236233207735605,1.267862376934687,1.24829323756641,0.8995428315942026,1.2566064783956963
2012-12-19,1.2528963651163438,1.3052927751040708,1.283009493548939,0.9313445390757429,1.2855263300345194
2012-12-20,1.2379669776293396,1.2968289501718628,1.2758651779223442,0.9225258372478508,1.2774718552071724
2012-12-21,1.2257257613760613,1.2866048056810115,1.2675775750586902,0.9138109942666124,1.2676310789105856
2012-12-25,1.2429968671720308,1.2995092139467974,1.278657922991113,0.9254508159137657,1.2788459614961465
2012-12-26,1.2615232476595903,1.3253497087067925,1.2992753816994413,0.9474637734004691,1.316877668928004
2012-12-27,1.2729443928605157,1.3435896366734674,1.3152492331813772,0.9593542389751546,1.3353962870410607
2012-12-28,1.2818474021178656,1.3510591633628235,1.3217907067043835,0.9624584771760502,1.338368019394649
2013-01-04,1.3179691837529344,1.3942519390295434,1.3613105759645745,0.9971261617423592,1.385458744791258
2013-01-07,1.3069820379753099,1.3784422556969325,1.3497673868514337,0.9817086295514973,1.3612028775651894
2013-01-08,1.2957668136994245,1.3593860884960818,1.3362450625486169,0.9544895041342282,1.3430282161515097
2013-01-09,1.304461614021456,1.3723075006769525,1.3472628456589373,0.9656777942184204,1.3493753490064613
2013-01-10,1.313595230630532,1.3913172633735167,1.3634064401312325,0.9867826713840256,1.3749205843858494
2013-01-11,1.3319601257610862,1.4077280829770507,1.3784148643538312,1.001283232912772,1.3906909782762094
2013-01-15,1.3415179876443823,1.4196727539059397,1.3912662917648584,1.0115858362055006,1.4019458240619778
2013-01-16,1.3071584556099205,1.3855780918840672,1.3627709095814067,0.9805804590360454,1.3636526462872993
2013-01-17,1.308292827021545,1.3796994520618413,1.3590121110883344,0.9719662424779699,1.3588753400718803
2013-01-18,1.345737680705395,1.4236144306802123,1.3964282420702463,1.0165840428223574,1.404966116528197
2013-01-21,1.3253222466791779,1.4088773289559313,1.3830907876612681,1.0049791711043803,1.3895767155423286
2013-01-22,1.320659763418532,1.4020238024065668,1.3769305902877673,1.0027206182044173,1.3789076750082976
2013-01-23,1.2931687178177045,1.3704046484130081,1.3501675406498166,0.9711602067430706,1.334077736021637
2013-01-24,1.3096776753478385,1.390100461536911,1.368017734599311,0.9862671497709592,1.3567717993218598
2013-01-25,1.3473839643113739,1.4248643065525202,1.4020741064290803,1.011074532036139,1.3969457031934374
2013-01-28,1.3347641425678463,1.4189206238648704,1.3963823570092315,1.0109514156633215,1.397352077231687
2013-01-29,1.3399938115343046,1.4239182908942616,1.401647951946791,1.0080568931721112,1.3941837690329026
2013-01-30,1.370480223854108,1.4504198837056275,1.4273070206267726,1.0246033701714297,1.416665352858792
2013-01-31,1.3735272514367343,1.457788257024725,1.4335411243307383,1.0349948184245923,1.4253755904972185
2013-02-01,1.3800232738813925,1.4606320193599558,1.4366569835524086,1.0419230713850587,1.424241670096141
2013-02-04,1.388532986214075,1.4855623082886498,1.455162576664799,1.0833681417270484,1.4583818297459417
2013-02-05,1.362214606091634,1.4587708684674983,1.4305765191074113,1.0567377655733716,1.4268180993684283
2013-02-06,1.4136146365703393,1.5081708530419113,1.4772847744995847,1.0955624633447192,1.473515192453024
2013-02-07,1.4004597816864879,1.5076526097004859,1.4774852145268114,1.0995158818862163,1.4677840843403092
2013-02-08,1.3753152712583692,1.4792302864592464,1.453758002644838,1.0756254933424978,1.4341256336402355
2013-02-12,1.4019456637298038,1.4975707497419724,1.4735247837117131,1.078490849658105,1.4444659012701948
2013-02-13,1.387430646946345,1.4755167723075033,1.4541458586550675,1.0542250551125396,1.4230822609378304
2013-02-14,1.3943200867372645,1.4795637536959487,1.4570843392321629,1.0573902747599804,1.4268127466225138
2013-02-15,1.3778641147083106,1.45603658263555,1.4362523357007861,1.0382465717524993,1.4062575265308757
2013-02-18,1.4067239925634838,1.4906230098392819,1.469436609684033,1.0592487301863696,1.4345263263034285
2013-02-19,1.4023426937238723,1.493051745924031,1.472207291338445,1.0602758465889328,1.4390383561707498
2013-02-20,1.4141732723430063,1.5060457919197847,1.4871580324625535,1.0623920559516011,1.4505522171912466
2013-02-21,1.3945481652355252,1.4880774883512367,1.4704846449417457,1.0479594884535008,1.4321515863250722
2013-02-22,1.4040198052578103,1.4943730516557068,1.4771057836485801,1.0558895556444663,1.435076774341407
2013-02-25,1.438125247729796,1.5326134974792431,1.5128502323375872,1.08173735829372,1.4771556953982208
2013-02-26,1.4056067210181493,1.5038012101175124,1.4853221119784938,1.0640343959766718,1.4549925048956662
2013-02-27,1.3877462719431466,1.4907912307936322,1.4721827067708424,1.0541027730299226,1.4403900375212184
2013-02-28,1.4254045126908395,1.525741033140759,1.505577342791435,1.078110731371695,1.4691459062686465
2013-03-01,1.431202571579046,1.5340408454095924,1.5142985046556672,1.085964342879687,1.477859740709431
2013-03-04,1.4368638315369333,1.5402929248626565,1.5219619919418088,1.096579668855964,1.4804791622635751
2013-03-05,1.4407062437452265,1.537529492350075,1.5197161623319642,1.088434281879655,1.4788400850708616
2013-03-06,1.471388581997802,1.5593289129679824,1.540923390784655,1.1040042006533908,1.4957975606382365
2013-03-07,1.4758044418347742,1.5616849710990983,1.5444153750654048,1.1075689231607952,1.498601059600753
2013-03-08,1.5147142242046554,1.5912139163402392,1.5706353520364678,1.1354775984021883,1.5314220439983677
2013-03-11,1.5227824709752342,1.6116476438064062,1.5922489920311427,1.149356377198386,1.550615162132909
2013-03-12,1.5185602490607562,1.6036190397549863,1.5863815776903878,1.137820589739206,1.5430332353899074
2013-03-13,1.5092934461691687,1.5989136557299324,1.5807194020375965,1.1380860927530323,1.5347956459859942
2013-03-14,1.5267457864634923,1.6105034490398207,1.590365022998161,1.159247920621835,1.54891679530206
2013-03-15,1.5489122708821124,1.6332121432871376,1.613721297109893,1.177209356575746,1.5719353950734412
2013-03-18,1.5069467905748664,1.5922402346402005,1.5756597007564463,1.1431079184443125,1.528614307185002
2013-03-19,1.5374788426786405,1.623704589295568,1.6054265043325968,1.1682593707922853,1.5560896914248574
2013-03-21,1.5581286171259852,1.6422707575293782,1.6247612054406262,1.1807074771143922,1.5771401989698717
2013-03-22,1.5214852895690751,1.6117838978491579,1.5961329245876028,1.1580966023534665,1.5466080567443665
2013-03-25,1.547125455276413,1.6314573005340347,1.61455817729651,1.182356372236095,1.5691270494840575
2013-03-26,1.537896826029994,1.6188649477016182,1.6039411362261697,1.1716570395744736,1.5569994263621778
2013-03-27,1.5406306370476908,1.6346703067726736,1.6182735071061785,1.1854480481082355,1.569678938430082
2013-03-28,1.5211683399347444,1.6096236873034542,1.5945256556728409,1.164940165006229,1.551279328006165
2013-03-29,1.5288075245673596,1.6135335502319925,1.598082650228857,1.1665656225006278,1.5554397269434366
2013-04-01,1.4963900315727352,1.5683133520120551,1.5551988814849556,1.1229597919413852,1.5132711267228411
2013-04-02,1.4801634626795717,1.5450396157303743,1.5299656902530854,1.119563432234869,1.489121983002089
2013-04-03,1.5244040681545272,1.5659325756540126,1.5498514713593992,1.1442944089215525,1.521591175758395
2013-04-04,1.5579867604887356,1.5983229809931503,1.5815600590054677,1.174069149849352,1.5587896561672803
2013-04-05,1.5825380741468265,1.6269364942135431,1.60415435234164,1.2325588452608813,1.5909239199197067
2013-04-08,1.626800837195003,1.683690076680275,1.6571136986714958,1.2899950907596416,1.6514480200554484
2013-04-09,1.6267712134829797,1.6933643313272393,1.6715914086820995,1.274726398303924,1.652738461833704
2013-04-10,1.638582042960765,1.724251180422457,1.7037115089361103,1.288314527594755,1.6814664473518788
2013-04-11,1.670770132819599,1.7519400171560535,1.7298614447022544,1.3137737600148698,1.700963294753706
2013-04-12,1.6628756544085714,1.754624751244442,1.7304550502613625,1.3213046627273746,1.7091703049112477
2013-04-15,1.637044379632205,1.732257725691267,1.7074444592599234,1.3084429084080937,1.7173436094371155
2013-04-16,1.630358452334454,1.7151149166388469,1.6920511559870781,1.2904401482236036,1.7098503905644022
2013-04-17,1.6502670318732477,1.7380281070575594,1.7144594198085665,1.3056141418280178,1.731436186522249
2013-04-18,1.6301895008386462,1.717202429011527,1.6945754653924046,1.2903612452310576,1.7104868438288323
2013-04-19,1.6420780022442973,1.7283801894772461,1.7040070240326959,1.298831773201247,1.7289942749549767
2013-04-22,1.673138945987122,1.765567766364929,1.7406516671684549,1.3250109669569388,1.7662558903706533
2013-04-23,1.6683643502228431,1.7707567139168217,1.745775607199194,1.3349177590590935,1.7695147117139027
2013-04-24,1.7070607455288815,1.810205013028761,1.787834762170291,1.34434924301443,1.7992477574688848
2013-04-25,1.7172487736114381,1.8214416918753575,1.8002235199584984,1.3412196025245537,1.804785219469686
2013-04-26,1.7120758232155613,1.8020711262101912,1.7818410630719175,1.3218090751553575,1.790516703296646
2013-04-30,1.7092064174834813,1.8031453472064978,1.7828669565548134,1.3267867037025647,1.7955460973044481
2013-05-01,1.7016214225679822,1.7950569857910819,1.7765776058006693,1.3202486736929764,1.794076374378949
2013-05-02,1.688635519179939,1.7821896581766135,1.7644159399866517,1.3084084177264346,1.7785712048759381
2013-05-07,1.7485896975593618,1.845654922930888,1.8257915035410763,1.3526922565683148,1.843952983945571
2013-05-08,1.7615929416568823,1.8676923289787846,1.8449835954237905,1.3779321414500054,1.8851015366275934
2013-05-09,1.7499757501015911,1.8479000378729566,1.8263758839927573,1.3581718940977323,1.862950937081936
2013-05-10,1.8012807679429532,1.8960044876064865,1.8715557960848006,1.3948302831511388,1.9243491629517444
2013-05-13,1.8228196150157783,1.9248221182445964,1.8969406941294549,1.415217119624221,1.950434391935311
2013-05-14,1.8198860245743145,1.9302711758320386,1.89856934222011,1.4362339545806981,1.9505403001483899
2013-05-15,1.8615173349593463,1.9649365127463718,1.934404399235212,1.4452250991448667,1.9639235299644802
2013-05-16,1.854267834603591,1.9592093914735547,1.9236437943790667,1.4495172180179634,1.9746811004182525
2013-05-17,1.8667075056431068,1.9828784591777777,1.945508184962796,1.4641992907399892,1.9976093480260413
2013-05-20,1.894167723315975,2.032353342972267,1.9842854047532152,1.5231155601889859,2.042914954441819
2013-05-21,1.896659848195335,2.0684983864936974,2.0097490260500765,1.5777962141179471,2.1113866359225684
2013-05-22,1.9270241530192371,2.0868474426741073,2.031380485635676,1.5850573699657855,2.1108122248117263
2013-05-23,1.786044425813886,1.9298316710800223,1.8865004811441772,1.4507569605320307,1.9527339675695568
2013-05-24,1.8018862477155273,1.949706097093663,1.898769207262999,1.4812845082781065,1.9694991238705764
2013-05-27,1.7439544295788674,1.8694877895496074,1.8292344164572105,1.394326647387836,1.8786715585539984
2013-05-28,1.7648348113779382,1.8922798845595428,1.8434897277618398,1.4246690514089084,1.9216761936305125
2013-05-29,1.7666203023461078,1.9013694844067202,1.8540852571627853,1.4228356840406555,1.9323785470270067
2013-05-30,1.6756865852211276,1.8157189787222803,1.7716976504308533,1.3665629556102148,1.8415308154759167
2013-05-31,1.6985621119828098,1.8196586040366227,1.7770515419192883,1.364742187008646,1.8421854561863449
2013-06-03,1.635337764807837,1.75407430267273,1.7162037972499757,1.309907325236203,1.7638933151746552
2013-06-04,1.6688710842886731,1.7958629939653314,1.7545973622441289,1.337392164671865,1.8118828189664202
2013-06-05,1.6048859134853943,1.7306297010293634,1.695715214951256,1.2764488420872095,1.7221511890932422
2013-06-06,1.591216737975317,1.705799270972068,1.6744545381976055,1.251335077273159,1.6802599978248578
2013-06-07,1.5879503022491686,1.6885444834975114,1.6558726936061574,1.232217874527171,1.6728812316250767
2013-06-10,1.6664591601906444,1.775492661507955,1.7363144410761864,1.308932697874666,1.7849531965064402
2013-06-11,1.6422185342440179,1.7532358434146595,1.7171640075990702,1.287583107894213,1.7555856280266806
2013-06-12,1.6387288368833521,1.7507896980853475,1.7139969010884721,1.2857280311936232,1.761735375494783
2013-06-13,1.5346610978102118,1.650902878340777,1.6183527149456745,1.2124239980103888,1.6591850073858216
2013-06-14,1.56439644065079,1.6777816269064418,1.6454335553585677,1.2269017011506018,1.6831069251615227
2013-06-17,1.607136352226418,1.728812725118806,1.6952625329407636,1.2686461060606757,1.7323526639801619
2013-06-18,1.6039499968600073,1.7258230849874476,1.6924129352422812,1.2632869813092593,1.728929905133164
2013-06-19,1.6332907181383884,1.758833903502163,1.725740387245049,1.2833158607323676,1.7610111704791074
2013-06-20,1.604850148272098,1.7321115529958553,1.6993948169374482,1.2707763934878178,1.7352138736268026
2013-06-21,1.6314299636742247,1.7445677099868098,1.7114905217414946,1.2871354664106243,1.7473519418529504
2013-06-24,1.6107937968669557,1.7285372782608757,1.6959678305919912,1.2814773090090692,1.726182559116801
2013-06-25,1.5992714975274138,1.7125854087046024,1.6806714414513804,1.2687318347673477,1.70877942558667
2013-06-26,1.5825837139307979,1.6901073096423636,1.6602441357089155,1.2454977864542567,1.6865765093810552
2013-06-27,1.6293854458582413,1.7356123709277544,1.7034017165480233,1.2781652209018417,1.729229886347879
2013-06-28,1.6865737810760724,1.792250018572468,1.7574900421113164,1.3146988514253852,1.7844810902754056
2013-07-01,1.7081754882207518,1.8200292858684237,1.7836972750790046,1.3404722542352012,1.8102060636697839
2013-07-02,1.7385397930446542,1.856828877729542,1.8179411466742028,1.3600564627598404,1.8357392997590192
2013-07-03,1.733215111440853,1.8533923252802904,1.81576471594234,1.358543207168607,1.8187170763866556
2013-07-04,1.7286982178868584,1.8493959557789703,1.8114629231401096,1.359367147054329,1.8137784441036067
2013-07-05,1.7645868633167356,1.8862564833331164,1.8458820290053546,1.3840551407695907,1.8523794265364697
2013-07-08,1.7398468490214882,1.8619851210707086,1.8224265058563442,1.360746557774082,1.8296510145595404
2013-07-09,1.7846781224130064,1.9038433002788355,1.862442938383214,1.395933507510436,1.8750780440592139
2013-07-10,1.7777355766993137,1.8968290689177716,1.8566876441156182,1.3958254467665088,1.8713784053981481
2013-07-11,1.7846386241303087,1.9030127450053613,1.860921686557983,1.403937449278606,1.8778441631623117
2013-07-12,1.78879051983413,1.9250170400105182,1.8821944848459535,1.4102849314416832,1.900375878325677
2013-07-16,1.800242492963015,1.9438884582502063,1.8992802032594134,1.4237406230833385,1.9103638003480983
2013-07-17,1.802205605781731,1.9470171238127434,1.902119825728376,1.4196201841022231,1.9157420993738614
2013-07-18,1.8260614847368353,1.9648045102406932,1.9197195314522497,1.429183150121038,1.9339688392404788
2013-07-19,1.7991067969138608,1.9346809349837664,1.8914902365970527,1.4090840850181479,1.9028707268325908
2013-07-22,1.8075080093907179,1.9415186225938061,1.8983777099827304,1.415218785653639,1.9032193340443178
2013-07-23,1.8223633375976638,1.9505893616314134,1.9084082223991583,1.4184760442759856,1.908167495403996
2013-07-24,1.8165393880668355,1.94184647981164,1.900340008671904,1.4115166182250756,1.8980854258746223
2013-07-25,1.795779789126136,1.9198186880024886,1.8775838221766472,1.3896753498538228,1.874471436754185
2013-07-26,1.742392079823622,1.863617982537118,1.8231179648239801,1.3400733189119798,1.8165777120699431
2013-07-29,1.6845773114759321,1.7971191713578711,1.7602831255215903,1.2835778670464815,1.742648470336407
2013-07-30,1.7103112856046774,1.8377068273373791,1.7966590076731348,1.3246482374775324,1.7929133813956135
2013-07-31,1.6854639756695406,1.8076053039862816,1.7684062294315193,1.2968624529764827,1.7624454340681945
2013-08-01,1.72707541649163,1.8490644164429277,1.809467696404424,1.3281119463109385,1.801909976535321
2013-08-02,1.7838469725740436,1.9084794530221045,1.8670512835652169,1.3687953279188507,1.8628453593862389
2013-08-05,1.7581833246559553,1.8880098603091489,1.8477628192967124,1.3481831410182248,1.8462469203083014
2013-08-06,1.775819307880505,1.9106335721802847,1.8689970344755182,1.3631596596389548,1.8738829181923897
2013-08-07,1.7047770704280285,1.8417057958486844,1.8031966159122417,1.3133574737684495,1.8047630812052204
2013-08-08,1.6777248411142456,1.8135329918113023,1.7769636506966429,1.288812965422875,1.7751877381153007
2013-08-09,1.6789124388702372,1.8211267594672444,1.7839635019162567,1.3059663282471605,1.7800321105777792
2013-08-12,1.667104017824324,1.8123067245867508,1.776923378711453,1.3010475743225678,1.766045976602121
2013-08-13,1.7099635080423874,1.854061077393576,1.8168684633161671,1.3331783665666865,1.8057778990332702
2013-08-14,1.73254930044989,1.8790091318557909,1.8403486394717974,1.349664524396,1.8303193475602888
2013-08-15,1.6958986271757708,1.8475086373627048,1.8102441261993207,1.3321272601979792,1.7994691897390835
2013-08-16,1.683218474213854,1.8315551433847626,1.7949265270041146,1.3210311864525386,1.7834916922859512
2013-08-19,1.696538547524112,1.8441879357053623,1.8075804068792427,1.3281396787018933,1.8006487867208862
2013-08-20,1.6519305357671108,1.799529147390189,1.7647107753185642,1.2971269593033905,1.7575703248410157
2013-08-21,1.655377122197271,1.796294659646038,1.7616196680518714,1.2928856956587544,1.753603715011908
2013-08-22,1.6480819820575447,1.7898470649123932,1.7560002953643028,1.2921855077052555,1.747136741326006
2013-08-23,1.6845057810493391,1.8285426039901491,1.7928630272186692,1.3217157229591832,1.7817773088100424
2013-08-26,1.6815130636054223,1.8248552027100915,1.7893279588741116,1.3220366939206345,1.7706848530291932
2013-08-27,1.6699328414793635,1.8150357452709833,1.779939853366744,1.31596185150779,1.763580864297001
2013-08-28,1.644788331051245,1.783018683698415,1.7491616760191016,1.2913589236506124,1.7357122242286358
2013-08-29,1.6597398761114701,1.7947148736631637,1.7594058177952605,1.299411011743183,1.7500322305026614
2013-08-30,1.6510032894964626,1.78100778586919,1.7455396694554868,1.2884779451009407,1.7389044410896561
2013-09-02,1.6736999901916625,1.800566154754201,1.7643557081424914,1.3009815302502472,1.7559020265844218
2013-09-03,1.7237054181949936,1.853143022819962,1.8150374084982757,1.3274218054632554,1.8064981770743151
2013-09-04,1.7330067820839414,1.8641707897857862,1.825300283429412,1.3355054161358273,1.8163697302126585
2013-09-05,1.7343570694128743,1.865927302280194,1.8263626321439157,1.3389571893223873,1.817904174453444
2013-09-06,1.7092001555606158,1.8434991708192932,1.8049789467222597,1.3235450994410631,1.7957883115075486
2013-09-09,1.7516712861393493,1.8917007406334536,1.851539169784154,1.3563461429460801,1.8438332462712643
2013-09-10,1.7785692553917427,1.9263379436370542,1.8833174799237768,1.3934902686673718,1.8781753373198502
2013-09-11,1.7787801136021202,1.9230937603496583,1.8802882410486375,1.382874693832934,1.8765452287941415
2013-09-12,1.7741188345574102,1.9171692205701298,1.8746873755528757,1.38527241283022,1.8675579259552169
2013-09-13,1.7762645065120097,1.917559495489942,1.8747581074291924,1.3880368544933732,1.8632957502259264
2013-09-17,1.7647965173111773,1.91659327136804,1.8734204929340796,1.3842793274262533,1.8676930278850672
2013-09-18,1.7886808157623688,1.9337922847769116,1.8896495111706746,1.3970104173809037,1.8821093914856284
2013-09-19,1.8208428945569872,1.9734470483005802,1.9262296958910665,1.4309226458031787,1.9226209007640451
2013-09-20,1.8179130371849248,1.9732248051927925,1.9278488439918942,1.4219300926841005,1.918639392877761
2013-09-24,1.8167034022773059,1.9682377679488583,1.9229115201744813,1.420490206147412,1.9136179041820671
2013-09-25,1.802882615980898,1.9534576088162954,1.9102431556798214,1.3979375047957028,1.8944892682613426
2013-09-26,1.8249048353303963,1.990905013129228,1.9446274576543643,1.429280101776424,1.9323091736559557
2013-09-27,1.8200895370674837,1.9850483683844722,1.9391506186524705,1.4189965421890338,1.921814934304484
2013-09-30,1.7825694198876394,1.9489592667788884,1.9043076932707743,1.387566055387959,1.887104740553979
2013-10-01,1.7861355849602354,1.9476004997954703,1.902886855483963,1.3832820492931721,1.886825825627878
2013-10-02,1.747387408368953,1.9050796428163008,1.86325806042729,1.34606682374774,1.8415257071381783
2013-10-03,1.7457547324030498,1.8971851435255451,1.8557965817845834,1.3462523937276554,1.831373312553847
2013-10-04,1.72936162044595,1.8824215113896476,1.8421871814540594,1.3289301277752303,1.8147834894263808
2013-10-07,1.7082766423593685,1.8529342400442772,1.8141737132645341,1.3139889524973891,1.7829334056250186
2013-10-08,1.7133681877579783,1.860387399962192,1.8198197491723263,1.3166792516147652,1.7935697231925645
2013-10-09,1.7310300616251497,1.8926029754960263,1.8502356601462495,1.3352786662652598,1.8291029209809255
2013-10-10,1.7503739843115966,1.9109616308362867,1.8708785872710663,1.339784767432593,1.8458413755974443
2013-10-11,1.7762731768667481,1.9479870850328431,1.9063034430192363,1.3651287116651623,1.8825964005584797
2013-10-15,1.7808110237780275,1.9493961915799871,1.907911296286026,1.3694978857055717,1.8829953056845836
2013-10-16,1.7839677554324147,1.950773777599679,1.908605044926378,1.3702766175000096,1.8888967091766438
2013-10-17,1.7986874889249775,1.9701515905916869,1.9277912550152139,1.3837129380602295,1.9056346065956433
2013-10-18,1.7956084291984562,1.9722829321525277,1.9294203570733117,1.3852942593839979,1.9092158909525778
2013-10-21,1.8118893082303291,1.9868198490809392,1.9426729316395492,1.396595977249116,1.9227045829909766
2013-10-22,1.8143160441843693,1.9876408425704128,1.943369688330557,1.3959509405350707,1.9226764435074464
2013-10-23,1.7789008964604909,1.9517762438162847,1.9097972898561715,1.3682702942906544,1.8853926313763967
2013-10-24,1.7863440347387405,1.9634392189600562,1.9203685131141486,1.3767659109513743,1.896075304594506
2013-10-25,1.7372388785690938,1.917794355631993,1.8765961710567696,1.3432759349061036,1.853382141449347
2013-10-28,1.7752003408894481,1.9541570422302283,1.9122158742707958,1.367467272398609,1.8904831380003557
2013-10-29,1.7665611753436556,1.9479426069965937,1.9063393190419922,1.361005404088379,1.8863901154948959
2013-10-30,1.7883095559893285,1.9669644128081138,1.92439456725408,1.3741928546415716,1.9093552181763656
2013-10-31,1.7668028614819922,1.9458162267718078,1.904104001606222,1.358084051929158,1.8883113696457754
2013-11-01,1.751219946006571,1.9250713966721513,1.8847431196182711,1.336085906993518,1.8634426613667279
2013-11-05,1.7541547406639704,1.9249169873829648,1.8849699621758038,1.3346458228545015,1.8628934623766538
2013-11-06,1.7679581862509013,1.946876809964696,1.9054183671286014,1.345118194943099,1.8895050522059258
2013-11-07,1.7545333461542196,1.93097311265309,1.8913029766106793,1.3307920838144172,1.8712186257043322
2013-11-08,1.7370673982198201,1.9169463340558506,1.8772284940616804,1.3215339537051103,1.8577140940525965
2013-11-11,1.7596383787713112,1.9349087099990268,1.893928634549202,1.3335161281586065,1.8782848473354177
2013-11-12,1.7989550657059357,1.9708972116053882,1.9265265350351797,1.3518953351847294,1.9176151855208963
2013-11-13,1.7963014554695704,1.9701675144408886,1.9261259171906397,1.3484958883532885,1.9141444215861814
2013-11-14,1.834435602355134,2.000675511750948,1.9537736744937808,1.371839462762084,1.9444420643195979
2013-11-15,1.8701355471478545,2.0378558539542775,1.9876217844172226,1.3984608137439136,1.9810397013243894
2013-11-18,1.8699357677240873,2.038920694546933,1.9889354504703283,1.3929977009168604,1.9822701961003673
2013-11-19,1.86528195481818,2.032387895499329,1.98283476284823,1.3871158680367863,1.9740023386754462
2013-11-20,1.8590572422238816,2.0250388600107847,1.9751780622254402,1.3828091947159848,1.9707022136671724
2013-11-21,1.8947583912325379,2.0519888916075377,1.9989935944199224,1.4085370640243975,1.9990425779126675
2013-11-22,1.8967461904779401,2.0539374283007934,1.9999673341595905,1.4149287975365161,1.996887416780725
2013-11-25,1.926021643252595,2.0746326214683073,2.018550144132121,1.4354569659234857,2.0171042929736567
2013-11-26,1.9132108328616324,2.063739703849329,2.007725088881894,1.4296922675412025,2.006493231007107
2013-11-27,1.9051203080962393,2.058756930118694,2.002067614290461,1.426819844423299,2.0025072311704224
2013-11-28,1.939338103915045,2.0890401916197376,2.0287651277784233,1.4522931833800976,2.036258937743352
2013-11-29,1.9312920147176869,2.0840806147631854,2.024638603071775,1.4459233665388425,2.0299319797386794
2013-12-02,1.9304535191615144,2.085376197667219,2.026130407080504,1.443375286208049,2.032744053539187
2013-12-03,1.9421175547167127,2.094467404935054,2.0345356445072027,1.4544506911565764,2.0382613359585156
2013-12-04,1.899979510265851,2.053337768187622,1.9964993488459262,1.4227147705721181,1.9980614494688145
2013-12-05,1.871562302188717,2.022353764815676,1.967994167625712,1.3959955258184422,1.9618281477246928
2013-12-06,1.8866519708167906,2.0388516174486715,1.9827922363701889,1.4162402453006004,1.9817537754375583
2013-12-09,1.9298541808902134,2.0794336938617093,2.0197127543883435,1.4522503239075935,2.0218659908098746
2013-12-10,1.9250573071311203,2.079832641224043,2.0210674924492325,1.4503599001417584,2.0232621785833587
2013-12-11,1.913188554866818,2.065204706438054,2.0084139513542225,1.4350322394519535,2.004047519453132
2013-12-12,1.8918261254286033,2.0481058429956276,1.9923741489502984,1.4196447444676161,1.9851811931181091
2013-12-13,1.8993839050639512,2.0496873025639215,1.9916912639086657,1.4255416335264604,1.9886657972544148
2013-12-16,1.8685312906780382,2.0185980517185844,1.9633910819415972,1.4029493802756543,1.9599570114316005
2013-12-17,1.884034005372128,2.0376890025025123,1.9805367059032508,1.4148762460257374,1.980132668512563
2013-12-18,1.9221582776870172,2.072306386494936,2.0133587244511166,1.4441918757798964,2.0142421136172857
2013-12-19,1.955627532880063,2.0971401764836277,2.0357065312821607,1.4688346101045584,2.0408749589166706
2013-12-20,1.957008648136955,2.0945818769790714,2.033013010533287,1.4704811031848217,2.0389770314341242
2013-12-24,1.9593404918752462,2.0914766637868873,2.0294912544423678,1.4691445252440454,2.0394172301382
2013-12-25,1.9742193022929422,2.096054238574783,2.032749194494232,1.4794218510820394,2.0488815167105208
2013-12-26,1.9944979373888403,2.1295093947522705,2.065732346622108,1.5010373301433144,2.081481029190387
2013-12-27,1.9950528400921064,2.1398334504578544,2.0764813329595824,1.50653905688164,2.0927179294453233
2013-12-30,2.0089092711802174,2.159446069493673,2.0968194269809772,1.5123745045133548,2.1053164143124223
2014-01-06,1.9617512117573392,2.129938136801485,2.0708159160404973,1.4856703474735404,2.080266022013312
2014-01-07,1.9500970507728157,2.1143780720850036,2.055428846019974,1.478630820780937,2.067211946511974
2014-01-08,1.9879636208774207,2.159291162601906,2.097302134243971,1.5188581288835785,2.113937075615426
2014-01-09,1.9582306864687147,2.1389198877444553,2.078401874984072,1.505900943140062,2.09343762508817
2014-01-10,1.9621433044660712,2.1434788556304873,2.081426840792274,1.5188887341183905,2.104911359887774
2014-01-14,1.90176259280215,2.084647450969926,2.0272182212254655,1.472880822496266,2.0404820973610147
2014-01-15,1.94940161606983,2.139221371425479,2.078145402999899,1.5072451193838157,2.0985795395029836
2014-01-16,1.941814212722459,2.140471794967381,2.080605526788978,1.5045517383245322,2.1016630373848506
2014-01-17,1.9402431926124744,2.1455631654769913,2.085707869391292,1.502340850537189,2.106746698367893
2014-01-20,1.9288022982702,2.1385883671534462,2.080428608735954,1.494897322696283,2.0897878180471623
2014-01-21,1.9478268628904443,2.1477117961190184,2.087889138300859,1.497404850651088,2.0973738293289905
2014-01-22,1.950909655686367,2.153022153695683,2.093298652284784,1.494169923649467,2.104319211255455
2014-01-23,1.9354870213520152,2.135122103085792,2.075431790125471,1.4838589529088695,2.0909036144063293
2014-01-24,1.8979595584549618,2.0966725363851304,2.0392961620899577,1.4598952767728728,2.0553486782121704
2014-01-27,1.8503823114647941,2.0355433673136494,1.980971762094633,1.4215501844469776,1.9930179631221336
2014-01-28,1.8472291924582145,2.030926764774276,1.976422232428171,1.4067316382762,1.9903570443284497
2014-01-29,1.8970162961123658,2.090507945754119,2.032911809650113,1.4465016338499501,2.045874178178983
2014-01-30,1.8505462052536712,2.0354094613307123,1.9803281765556897,1.4069251503102582,1.9912322417191717
2014-01-31,1.8391362592609497,2.0242641006741695,1.9700453640701645,1.3990478755460851,1.9760856884028861
2014-02-03,1.8027099314156898,1.9856749147935937,1.9340278044431003,1.3743494819444158,1.9373523405876618
2014-02-04,1.7274083821979094,1.8826936495891653,1.836147166393164,1.299698857196257,1.835106138277546
2014-02-05,1.748606917847247,1.9172781275070578,1.869213274766925,1.3133528729347632,1.8629366195762955
2014-02-06,1.7454920929074291,1.917359452731381,1.8687932156969422,1.3131753893356257,1.8653561628214799
2014-02-07,1.783384553654656,1.9689831103789446,1.9187139535029984,1.3424739340682386,1.9159846259058781
2014-02-10,1.8149436815301656,1.990383348106657,1.9397963383216434,1.3592862402384602,1.938963162721363
2014-02-12,1.8250206809034315,2.0114411307841715,1.9604157281357537,1.3748989754234018,1.9558198216367426
2014-02-13,1.792303699405547,1.9781630294906805,1.929233963967771,1.3532230711115472,1.9233684750377604
2014-02-14,1.7649642645910502,1.9455413387703389,1.8979708246953975,1.336925835542377,1.8890705423824041
2014-02-17,1.7748390761086772,1.9624712110098494,1.9141717286810733,1.343674769532266,1.9078049338356329
2014-02-18,1.8303453625072328,2.016213987648062,1.9661719827788755,1.3729198217839145,1.9575319624862542
2014-02-19,1.8208861259090874,2.0096895225820113,1.9607123182750619,1.3701101173376764,1.9557625099445757
2014-02-20,1.781753081904689,1.9659318180818306,1.9193699581989536,1.3487122616449132,1.9122822083639164
2014-02-21,1.833111205668825,2.0202784755993988,1.9713971405412334,1.380814076600053,1.965739574094681
2014-02-24,1.8296596819533275,2.0121451191191038,1.9633973845271748,1.379357848047442,1.9598546446139329
2014-02-25,1.856038513715751,2.0368196536610648,1.9871129476515115,1.394278209778348,1.985240693739787
2014-02-26,1.8460959048409324,2.0254303777575413,1.9765492994493967,1.3861766980768295,1.9741693122451305
2014-02-27,1.8401942833822378,2.017128332227712,1.9672183866530777,1.3882720989417725,1.9650897761793467
2014-02-28,1.8300777857262742,2.009281011049038,1.9597372187291195,1.3860834163297988,1.959077999235083
2014-03-03,1.8067916213304476,1.9817507585882517,1.9343191953606749,1.3639720727760278,1.9318326227268716
2014-03-04,1.8153309573751533,1.9905371363930873,1.9428414621086527,1.3686401014193597,1.9345448682623372
2014-03-05,1.8370522431622682,2.0120625380432715,1.9633435895407778,1.3831554919079758,1.9558042335581873
2014-03-06,1.8662919307236268,2.0382471076494197,1.9878580311911727,1.3944536795788414,1.980624678808303
2014-03-07,1.8834717569516544,2.0549587379594474,2.004061334470761,1.4029764198281942,1.997201582181953
2014-03-10,1.8644903032619156,2.0405182108180084,1.9913367191058158,1.3971048661816383,1.9818905748231974
2014-03-11,1.8773111086451462,2.049898657579481,2.0008671690313378,1.4017163443359346,1.987456545178645
2014-03-12,1.8287607347571717,2.0004495508373936,1.95387956810804,1.3684034377365117,1.9405560783821312
2014-03-13,1.8269839141437405,1.9945239855396666,1.948100441176953,1.3708835662226653,1.9310687874191732
2014-03-14,1.7667683004846322,1.9262480043401666,1.8830368192954072,1.319605525385294,1.8679997753211215
2014-03-17,1.7606039191087226,1.9098779299934665,1.8667938804509598,1.3082695984913937,1.8527801770450159
2014-03-18,1.7770783156414958,1.9288816865732774,1.884514779345838,1.3260020506126087,1.8764844346152687
2014-03-19,1.7833980408731374,1.9259847141819773,1.8818991965854288,1.3272263122106407,1.877124545458153
2014-03-20,1.7540142086642507,1.88670766617025,1.8447121609419772,1.3041204067897618,1.838517390166992
2014-03-24,1.7849739982684591,1.9166788922997526,1.8729517019922979,1.3390277431423665,1.873622684067394
2014-03-25,1.778548302034458,1.913845380802615,1.8719208702308003,1.3338096950336078,1.866316778918046
2014-03-26,1.7852034014042497,1.926078162458016,1.8846393801952779,1.3302397989987649,1.8812117436427445
2014-03-27,1.8031735545510135,1.9579009154984226,1.9147375528889246,1.3516940697507014,1.9185639100040757
2014-03-28,1.8121926502245846,1.9716680532939839,1.9288274876563813,1.3588194078040245,1.9252038082885823
2014-03-31,1.82844510976037,1.995532967471779,1.9526023306346145,1.3681605740545644,1.9450300330198806
2014-04-01,1.82402563727559,1.9955268393229957,1.9529405255016463,1.3651282092067958,1.9443822465553662
2014-04-02,1.8430563433971077,2.0154889368248265,1.9716784087924881,1.3749144449770245,1.9612874458021183
2014-04-03,1.8585393089498488,2.024930860279554,1.9812614220770035,1.3787692591348637,1.9678299697702695
2014-04-04,1.8575392076150778,2.0284191814047903,1.9841958521988312,1.3799191841547103,1.972446164315377
2014-04-07,1.8261045956673412,1.9990958329075872,1.956519337867358,1.3599232426091412,1.9412138617690888
2014-04-08,1.8011993629456873,1.96888564135844,1.9282787057332733,1.3427346579026562,1.905908359001531
2014-04-09,1.7633193056226002,1.9262745496044729,1.8876351847623372,1.3133659021410307,1.872666084492883
2014-04-10,1.76337229112378,1.929145011063619,1.8904513424237543,1.316875157966953,1.875001930739084
2014-04-11,1.721437638744493,1.900225315386306,1.8630789028654537,1.3011630789431823,1.8441904961299018
2014-04-14,1.7152856607927234,1.8957511885058003,1.8590646637918784,1.3041476126157834,1.840169623316264
2014-04-15,1.725970548370435,1.9071825541817784,1.8697605151218466,1.3117039289249546,1.850605542610366
2014-04-16,1.7778687629818255,1.9587267154546664,1.9185049053864434,1.3452615268988461,1.9003312680620204
2014-04-17,1.7778503384780062,1.961488945259054,1.9216461680447787,1.3486361079579539,1.9041866514211911
2014-04-18,1.7900260453843715,1.9755785227114666,1.9342000263670192,1.3588591195959514,1.9240880295777605
2014-04-21,1.7895464061770996,1.9736350557096058,1.9319738199057832,1.3594708818171508,1.9218852774361403
2014-04-22,1.7743038021251658,1.9559389648162726,1.9169971386714935,1.3423469214825976,1.905823734747423
2014-04-23,1.7937253967394786,1.975929412692261,1.9352739188389594,1.3609630251011193,1.9247447154415926
2014-04-24,1.7763040047947078,1.9632330809369838,1.9232789388597562,1.355141804035017,1.9119908878718561
2014-04-25,1.7792967222386247,1.9687315882284198,1.929636906587547,1.3554960623679977,1.9168543334531818
2014-04-28,1.761906158221813,1.952018371684247,1.9137662984804027,1.346418291411354,1.9022824764461257
2014-04-30,1.7638643337551918,1.9500291899389932,1.9139754117805694,1.3418507666238324,1.8935293935857953
2014-05-01,1.7861861620295438,1.9792154162085707,1.940391133280413,1.3548775285700985,1.933826485544715
2014-05-02,1.7827802780980173,1.9744826587649367,1.9344772257762746,1.349067484063042,1.9250282154785217
2014-05-07,1.7304887665619597,1.9198501431157735,1.8840178232437936,1.318251964228087,1.8683740508509727
2014-05-08,1.7465599915993912,1.938960133305064,1.9033024101753366,1.332946862380773,1.8858529104159365
2014-05-09,1.7509757310147696,1.945549762133098,1.9103491306497191,1.3372072736627958,1.8877487277122187
2014-05-12,1.7448014750681857,1.935791083974139,1.9003919773766973,1.3339766147678613,1.8782509769499904
2014-05-13,1.7788257533860914,1.9717827625686073,1.9350109651586953,1.355326189570504,1.9135528476010504
2014-05-14,1.7763988970104574,1.9754662993507197,1.9383774075113365,1.3534632888228848,1.9097698804557899
2014-05-15,1.7631367464867167,1.968924552504968,1.9328197455952505,1.3551698427187462,1.8971080222389607
2014-05-16,1.7382746246955683,1.941308072984968,1.9054955889753307,1.3414048210406375,1.8729972683736893
2014-05-19,1.7271581461264272,1.9281987436714647,1.8951321283187228,1.3331209453373718,1.85645624103595
2014-05-20,1.7356431720324235,1.9382122323930548,1.9047918922451585,1.33951481830267,1.874737226773055
2014-05-21,1.7315640109711312,1.9323555897900457,1.8990425251182117,1.3376311258118652,1.8731980093266623
2014-05-22,1.7680174336749488,1.9697788953738506,1.9349059356441427,1.357112911007673,1.912177334870733
2014-05-23,1.7833549299426321,1.9842366879439963,1.9484099384098688,1.3676838586178086,1.924692108702024
2014-05-26,1.8006616805303046,2.002041451312284,1.9654491187773202,1.3760367354206144,1.9385863027453418
2014-05-27,1.8048542787327595,2.003678770921397,1.9667483371614323,1.379965752348268,1.935582922229171
2014-05-28,1.8090999828579877,2.0093697017355114,1.972613655309935,1.3871344758326951,1.9348633617014903
2014-05-29,1.8104279921921063,2.013703096642699,1.9764139206931508,1.3930902026210836,1.9386206522757683
2014-05-30,1.8043438115975283,2.0063946897503375,1.9695225751250607,1.3881400692342012,1.9312367346605135
2014-06-02,1.841773853425367,2.0468517043359755,2.006565105282609,1.4117645268070595,1.9803286180740882
2014-06-03,1.8538991036840176,2.058306722544104,2.0171170034068218,1.4188268050370574,1.9941792378289795
2014-06-04,1.8580559366731757,2.0618091123282514,2.0218123039355356,1.4238238728886428,1.9947566070304175
2014-06-05,1.8594629425726898,2.058880836133492,2.01964242269091,1.4210643296627887,1.988805522809403
2014-06-06,1.8592003030770685,2.0682020274225894,2.0279587560483248,1.4282038300299176,2.0016851721970546
2014-06-09,1.86496632982138,2.072321896318447,2.0313738060885465,1.4269548400059962,2.0065491985962707
2014-06-10,1.849034432567733,2.0586232929938197,2.018985466318546,1.4155457441051318,1.992892906554941
2014-06-11,1.8582434330943967,2.073536914004523,2.033258711367247,1.4255276971247284,2.0105914874664257
2014-06-12,1.8464116502593266,2.0667122784809258,2.0275333505885107,1.4225685652315054,2.003220110379776
2014-06-13,1.8617404761722713,2.080080710054444,2.039296692411339,1.4336916983909005,2.0173870175176245
2014-06-16,1.841449558073827,2.061163118766804,2.0215421865434116,1.4179394189821948,2.005316163780218
2014-06-17,1.8467124634001162,2.066407806344248,2.027817173453329,1.416127478378827,2.0100441610871886
2014-06-18,1.8639551496999982,2.084035714386307,2.044399747797131,1.4327301995023995,2.0271109423032416
2014-06-19,1.8942109546680757,2.118942921866118,2.0790385067147583,1.4501201763550964,2.0648835602947004
2014-06-20,1.892763246269928,2.118814179643035,2.079008279807434,1.4501920615684023,2.059863299658853
2014-06-23,1.8952122602187829,2.1247925654703272,2.0839701600551237,1.4478888391762799,2.0702377078035763
2014-06-24,1.8960705049163042,2.1277380454440586,2.0872613116890735,1.4495406790343661,2.072373403211584
2014-06-25,1.8825518563982153,2.1146357630036596,2.0747652553874025,1.4396404614658793,2.0629002935467353
2014-06-26,1.8877161364393538,2.1215776391601118,2.0804899149519915,1.4427419725261068,2.0712693407688243
2014-06-27,1.8613902901781099,2.0940371129989064,2.0547991739365483,1.4216095121281584,2.044128250676482
2014-06-30,1.8696644578737287,2.110667736923135,2.070884219126355,1.434162449743848,2.061323873671573
2014-07-01,1.8898999820391211,2.1343681821064036,2.092869438292072,1.4499833711897365,2.0889199900824655
2014-07-02,1.8952972778638577,2.138699283447684,2.098163804475042,1.4514007149606074,2.0965868987596736
2014-07-03,1.8926239184861435,2.137041094061942,2.0954595371122915,1.4554902604241065,2.0923044537594637
2014-07-04,1.9035789116982793,2.151409583397665,2.108524930124546,1.4677082212998964,2.103673333461145
2014-07-07,1.8964651264785006,2.1425244841858273,2.1003309161476924,1.458351076703978,2.0950168169989904
2014-07-08,1.8884461321397004,2.1366223853619224,2.0942752304623578,1.4540133718891997,2.0899848382734327
2014-07-09,1.8869960153096808,2.1287480992119105,2.087569760019525,1.4445216679834727,2.0805429840771485
2014-07-10,1.8763689300968924,2.112850842216695,2.0717806302383224,1.4330951841164232,2.0662460350873255
2014-07-11,1.8699037355801935,2.1072598627683305,2.0669173711943714,1.4288005044194239,2.0605198959618156
2014-07-14,1.8862770983959443,2.1239965245209724,2.08319944705212,1.4384717569509966,2.0782976131776785
2014-07-15,1.898403552870531,2.137043407691009,2.095645054796467,1.4479444424521262,2.0897226797555932
2014-07-16,1.8964477857690238,2.134063673673564,2.093804113131786,1.4428490408167898,2.0860350735533855
2014-07-17,1.8953330430771544,2.13367187540048,2.094053034296444,1.4455024131012757,2.083392252121265
2014-07-18,1.8762752420970792,2.114938173495142,2.075844725387328,1.4364378851819375,2.0676184658483905
2014-07-22,1.8920061557110235,2.136244955551998,2.095228162527934,1.455712129835964,2.0951912603476055
2014-07-23,1.8901909206092369,2.138291169124203,2.096889182848495,1.4552391729918488,2.096692378421039
2014-07-24,1.8847479850005295,2.133788510136766,2.0937554187670413,1.4469035263139918,2.092244631257425
2014-07-25,1.9061364255029598,2.1555822170495444,2.1147050093483957,1.4618356310126035,2.115156372661853
2014-07-28,1.9149569459687,2.1664441739534617,2.1254178709963005,1.4664221824389305,2.126316918589796
2014-07-29,1.925890985823551,2.1747646449687803,2.134354858628688,1.469265353307006,2.133257906765387
2014-07-30,1.9293634628963334,2.1777130927879806,2.1360735865185103,1.475487320607096,2.137493848338827
2014-07-31,1.9262238311082358,2.1777675042909572,2.1358954219190625,1.4706010024371967,2.133732377402681
2014-08-01,1.9141813104843821,2.1597776042614965,2.118834155621873,1.4603474816952058,2.116857827422865
2014-08-04,1.9081870848202165,2.1555169458084893,2.1142873122460513,1.462713217691645,2.1134155168529314
2014-08-05,1.8891735989865828,2.12810027578832,2.089332753906027,1.443640656728322,2.0864888943392
2014-08-06,1.8693796608048874,2.106427865692766,2.0686354123732276,1.4281716251641126,2.0669761931905404
2014-08-07,1.8783296344837377,2.1167928602455257,2.079187029078309,1.4432338161378402,2.0798335359151294
2014-08-08,1.822346117309782,2.0590335639176383,2.023368495360378,1.4051407076901705,2.024720038834241
2014-08-11,1.8657702643801928,2.1058287612379587,2.06929453009374,1.437332352736466,2.060837990313178
2014-08-12,1.869567036804515,2.1127270226877,2.0763713338847896,1.4428019112844384,2.072078398748298
2014-08-13,1.876018744102732,2.122883910308986,2.085324419745163,1.449432708521254,2.0838736562144016
2014-08-14,1.8884658812810509,2.136368138342656,2.09848214981723,1.4599551831562243,2.095822940570667
2014-08-15,1.888930708632311,2.1365553512633895,2.0993670445809745,1.4588266511039032,2.0953102931931613
2014-08-18,1.889455987623554,2.1376573163230876,2.0998616904716703,1.4677356709674092,2.0939700424289693
2014-08-19,1.9051400572375912,2.153775981431701,2.1152654931395434,1.4764100075864066,2.1083957725873534
2014-08-20,1.9057147090822064,2.1507481043298506,2.1122881759488843,1.4745600141575559,2.10385272058971
2014-08-21,1.9219610271167187,2.1695796651614185,2.1302482546014057,1.488710117895584,2.1238928322769466
2014-08-22,1.916164172444448,2.1601492983056407,2.1220252421262025,1.4820834034352888,2.1140454684921837
2014-08-25,1.925296584837588,2.1698580046379945,2.13081261423866,1.4868204198085693,2.1258505474639193
2014-08-26,1.9139481742791913,2.161634952096212,2.1226005600239763,1.4834578899791802,2.116755110026454
2014-08-27,1.9156252858131295,2.167261595245543,2.12727413492172,1.488944663005625,2.123643669707952
2014-08-28,1.9063818447106988,2.1576716243534513,2.11731103879375,1.4892328505153816,2.111761356092436
2014-08-29,1.9020325780149825,2.1502404511451743,2.1104653265922857,1.4820701601603523,2.106112585082381
2014-09-01,1.9084459912464373,2.163471889112012,2.1223806958504676,1.4947916346719474,2.119258184824656
2014-09-02,1.9321218399191236,2.1885685739790395,2.1467454148133807,1.503683625830765,2.1438033435899944
2014-09-03,1.9394897147013785,2.1935957744382097,2.1519654382586073,1.5079565269789341,2.141616782822743
2014-09-04,1.9330565523285745,2.1830730851345144,2.143301399772295,1.4937925785346555,2.1276753602359633
2014-09-05,1.9321317144897976,2.1779885085649413,2.1381223291946316,1.4863288177339746,2.1234159255249714
2014-09-08,1.9366240420387,2.1831541235741625,2.1437208792123323,1.4891766529516124,2.12983210787359
2014-09-09,1.9420546946448611,2.1827941251615792,2.1428679690119794,1.4953057235800016,2.130420301311827
2014-09-10,1.9469415233343663,2.1885028613020503,2.1499592740296376,1.4937822907230547,2.137172825881299
2014-09-11,1.9617907100400391,2.2011742946469393,2.1615198434306584,1.5085032539156067,2.1494231796378704
2014-09-12,1.9666109455882888,2.2026595200041053,2.1636199557950544,1.5138459892868803,2.1505495427569428
2014-09-16,1.9620780359623464,2.193690979292949,2.155433608946363,1.5075200501846608,2.142971522652118
2014-09-17,1.9592590868779811,2.1827259799098297,2.145510263365429,1.4964303630073332,2.133789173520443
2014-09-18,1.981319600294241,2.2057308495193944,2.166825770166187,1.5149879553191716,2.155051117467222
2014-09-19,2.0125914022474434,2.233455222643414,2.1920788114208145,1.5481120870340577,2.1783399871187346
2014-09-22,1.9983773190263678,2.227225656329802,2.18874110328303,1.5415484891083315,2.172829029314766
2014-09-24,1.99363595962192,2.2201621874189663,2.1816436298629696,1.5388678669399947,2.163271327547299
2014-09-25,2.019123189905398,2.2499338206372554,2.2090068693831726,1.5607775322814015,2.1893649891542197
2014-09-26,2.0013318628251167,2.240452414775665,2.1984863461453874,1.5541384522095307,2.1839036395533555
2014-09-29,2.0112928962037544,2.2527462761894905,2.2088928432193944,1.5704974833861685,2.193588678673171
2014-09-30,1.9943843798260865,2.2311124700225182,2.186481816710991,1.5576698190596578,2.170232872969786
2014-10-01,1.983129777689097,2.215465395733805,2.173862550642529,1.5377310031840679,2.1521494001882373
2014-10-02,1.931306826573701,2.1532971652106645,2.114441110053563,1.490561864180859,2.089686594649261
2014-10-03,1.9370605703154662,2.156237253316896,2.1161534899754337,1.4945832468443436,2.0940504300037146
2014-10-06,1.9595402712990155,2.1816895765162703,2.1398579387374443,1.5209144164634258,2.1205189692242254
2014-10-07,1.946331106276455,2.164577344280035,2.12437237995438,1.5061329889614463,2.109554623059663
2014-10-08,1.9231670493765296,2.1401413560461666,2.1019418956619376,1.4812474269812652,2.0919579004536435
2014-10-09,1.9087333171687446,2.116300634431373,2.08064792297398,1.4597986213851122,2.0692356125790514
2014-10-10,1.8867369884618683,2.085319032391241,2.052349115303226,1.4431518376074584,2.039402706109042
2014-10-14,1.841846588067897,2.0380096937740917,2.0067103526900967,1.411138581201911,1.9956904878190764
2014-10-15,1.8587414968054892,2.052666442565201,2.0196607118543985,1.4190352842183827,2.0159862557708315
2014-10-16,1.8174148530522418,1.9999661905366541,1.9678895671535372,1.392446145250193,1.9666410210577783
2014-10-17,1.7920286564857866,1.9716561537413282,1.9390301648894435,1.3656227068758675,1.9477146614634262
2014-10-20,1.8633916970635889,2.047386415315048,2.011389158024225,1.4242769451517199,2.026806377350304
2014-10-21,1.8255411430309316,2.006734417355679,1.9728138271163156,1.3945666953503304,1.98948028963636
2014-10-22,1.8738163535775512,2.064114358485192,2.0274604461557475,1.4364892480208646,2.047617861531941
2014-10-23,1.8668110682135977,2.0572893621525474,2.0207381849854245,1.4355472360988426,2.040320480661063
2014-10-24,1.8856382618419467,2.0755170534576717,2.037852428393582,1.448330496361383,2.060675202633613
2014-10-27,1.897609372460801,2.097129132529596,2.0591152795057623,1.4623552271061235,2.080391157942626
2014-10-28,1.8903574636731737,2.0906264760163378,2.0541539002943106,1.4600625855906448,2.072584896427033
2014-10-29,1.9179792871246408,2.12619805775326,2.0887677510825595,1.474707742240718,2.103042955816175
2014-10-30,1.9308394703689757,2.135925187267849,2.0989300347676663,1.4795355046564178,2.1154077955191357
2014-10-31,2.024008814378968,2.2263146535214804,2.188522865197241,1.5301585558149262,2.203183051174727
2014-11-04,2.0793401282020363,2.2798654767787263,2.2383651153869435,1.5712011134435324,2.2571594180588566
2014-11-05,2.0885699616643914,2.2936698284094867,2.2525101125201044,1.5730782131749048,2.2695768065930007
2014-11-06,2.0707095125893886,2.269333149943105,2.228323766791617,1.5515418789211983,2.2461797997747666
2014-11-07,2.0815486602284903,2.281484213625201,2.2417566541091443,1.5570058349462166,2.25028838576802
2014-11-10,2.0692357931270253,2.282832251808939,2.242526465234908,1.556013363859349,2.256337864446882
2014-11-11,2.111603240713677,2.313314683522078,2.2716920524616824,1.5834642488936639,2.285935918710899
2014-11-12,2.120597770382156,2.3173276421993045,2.275019889495472,1.5903193794569757,2.2839925724373877
2014-11-13,2.1447345929151074,2.338238200560858,2.295074115910314,1.60999899918895,2.2934098823472704
2014-11-14,2.156824198382055,2.356395402802636,2.3114016539500897,1.6344894956282758,2.311493664248176
2014-11-17,2.0930684307145664,2.2902189942915445,2.248602179289563,1.5857966660000382,2.2486112822424076
2014-11-18,2.138725796238117,2.3411875642404674,2.2970688853517394,1.6300517773191652,2.294091158435261
2014-11-19,2.1319053580203255,2.3441983347662747,2.3009892788154356,1.6312653141184694,2.2986245865063815
2014-11-20,2.13339858578085,2.348473886029991,2.30712654729745,1.6322537325930675,2.300716239443694
2014-11-21,2.140384242425048,2.3579638989362026,2.316015571819663,1.64016266308341,2.3101231892634533
2014-11-25,2.1465633152353756,2.3736377953058585,2.331497961389345,1.6566797610305266,2.3283282137778825
2014-11-26,2.143599017287546,2.3740900868137147,2.333293691683891,1.6552868558678757,2.3300982923480347
2014-11-27,2.126942061618889,2.3484350846203355,2.3093268719315114,1.6403499634723098,2.302511789082747
2014-11-28,2.1530039437469823,2.376265967042248,2.3370017280440827,1.666288733745933,2.3284738338962647
2014-12-01,2.1690652942137394,2.393013140038993,2.3530886071419075,1.6851887139084993,2.3436152667694006
2014-12-02,2.178081981455439,2.404575342232885,2.3643860850633405,1.696703186417585,2.3545337019739367
2014-12-03,2.185136519251171,2.412019131121673,2.371950636268812,1.707936635838948,2.367378009357787
2014-12-04,2.20570260069097,2.4361469600144563,2.39410448311172,1.7298804610931744,2.3909912542923415
2014-12-05,2.209801270050424,2.4439930612145546,2.4015624668617304,1.7364779922638092,2.402019076129073
2014-12-08,2.2116745483603215,2.447241814273205,2.4055804602211426,1.7372578854020917,2.406382713984314
2014-12-09,2.1965984873723237,2.4286013339707258,2.3892393055787093,1.7144260282658628,2.3831570325092795
2014-12-10,2.1471750569308163,2.377111983435459,2.3386001839698833,1.665315089365121,2.3396064400567576
2014-12-11,2.128039584022875,2.3593692949744542,2.320309728613158,1.6560534181549151,2.3183400246054777
2014-12-12,2.1421192767455035,2.366404774793334,2.326087618260526,1.6611747763128282,2.320684174778722
2014-12-15,2.1085563335526443,2.3275451323109615,2.290746398850591,1.6267418265971174,2.2800326271780893
2014-12-16,2.066127230110074,2.27979351361113,2.2439940300814123,1.5900424164238371,2.2368675407140572
2014-12-17,2.0740697567369444,2.2885270051311624,2.250556650384277,1.594005221125799,2.2476726790905106
2014-12-18,2.122200822636036,2.3413325678532733,2.301460756959093,1.63042152306175,2.3049155557492123
2014-12-19,2.1729250471315105,2.389718866582591,2.350658855497447,1.66066180667117,2.3586894151832927
2014-12-22,2.174619378953332,2.3980863363646767,2.359609567472229,1.6678489852483416,2.3680634818200024
2014-12-24,2.201635722632225,2.4187303236380657,2.3796615711764053,1.6819794914259847,2.386546609467364
2014-12-25,2.1960274481755175,2.4087516012701307,2.370529359750302,1.6758156542312492,2.385920781895681
2014-12-26,2.197286576358102,2.421378069203879,2.382307579355075,1.683074645663333,2.3903179664352168
2014-12-29,2.186296901727012,2.414485491658195,2.376306813794417,1.681122508869844,2.3848866934408606
2014-12-30,2.1518842637697766,2.3851435347585856,2.348487780839066,1.6551454395636218,2.3549543433794717
2015-01-05,2.146697946577011,2.3814069494399033,2.3438003864184482,1.6562759533376155,2.3464463171863117
2015-01-06,2.0818949927316575,2.3047217378161977,2.26988964527896,1.6000885033808485,2.2710701777236575
2015-01-07,2.082158956864808,2.3032287933590165,2.268070401894131,1.5983164794648754,2.2713521375777233
2015-01-08,2.1169044401067283,2.335829677149155,2.3002188368685843,1.6215461100030315,2.3021249293687345
2015-01-09,2.120681583811295,2.3299380787575323,2.2952771404090053,1.615819381476149,2.293426297534105
2015-01-13,2.1071148870773637,2.315986844858215,2.281976934601281,1.6110870916341686,2.28438509224758
2015-01-14,2.071138695148946,2.2805786316641625,2.248181394743217,1.5979810828073362,2.2565282475486996
2015-01-15,2.109702987966816,2.314726989089919,2.2804590425413087,1.6281637435612064,2.296733713942971
2015-01-16,2.0795484575589485,2.287092942108979,2.2542782890002573,1.608338785884083,2.2722748835678956
2015-01-19,2.0980611099848385,2.3094736599021806,2.2742508099246335,1.6248971078342922,2.297122639140031
2015-01-20,2.1414682776105525,2.3514801046378047,2.3151693338266677,1.651406534470261,2.3411193824736793
2015-01-21,2.130885627965799,2.3334534745571633,2.2977437432972545,1.6498760492304796,2.332367498138116
2015-01-22,2.1368710628536327,2.3385127464037807,2.302600920404631,1.6519202259151498,2.3330502164125986
2015-01-23,2.159403869759956,2.3650424909768573,2.3287978890237593,1.6582699060467647,2.3469089835077424
2015-01-26,2.1540730466548816,2.358861798662499,2.322288308970357,1.6664537638009849,2.3508461528543383
2015-01-27,2.1910395857689893,2.400890999938541,2.363287444011014,1.7055626790719194,2.396384586545975
2015-01-28,2.1944219874897657,2.410565133906065,2.3714656304650554,1.7224713803196339,2.4104706458691627
2015-01-29,2.171053213880736,2.387543665658417,2.347961350158826,1.7123074069357465,2.3898356430053025
2015-01-30,2.1794593636429305,2.3999141136309894,2.357436018550047,1.7242490411913856,2.4064029302871264
2015-02-02,2.165111853296157,2.3854660279394846,2.3450337055300827,1.705909707744021,2.3895264735825434
2015-02-03,2.1377132914792067,2.365562888529768,2.325080619759949,1.6790009817150968,2.378257332284693
2015-02-04,2.179995721420784,2.4077710380174273,2.36698775240791,1.7002286675602651,2.4146996442508732
2015-02-05,2.158524551283557,2.387833399743291,2.348311827185679,1.6840445044477512,2.391835586610125
2015-02-06,2.176266746353653,2.4043124989158495,2.3650327422184563,1.694384407446826,2.4059405733854824
2015-02-09,2.184088369700558,2.41812291139099,2.3782216656873163,1.6933785630933182,2.4239105840695716
2015-02-10,2.1767821507742213,2.41631007532926,2.3771983606232534,1.6928604091297321,2.427037292273335
2015-02-12,2.2171101382518206,2.4502224933035084,2.4109179584253937,1.715324530145151,2.4586670677739213
2015-02-13,2.208927009280956,2.442975153865769,2.4043254253099797,1.7135246289038788,2.450653776729115
2015-02-16,2.220198952127423,2.4599107507361415,2.4212243447507977,1.7285850434327183,2.4685274253178644
2015-02-17,2.2180188395970566,2.4651971345058423,2.425849093445994,1.7250669767004658,2.4722651922704566
2015-02-18,2.244170797077155,2.4930812183332756,2.4530595167207365,1.740244014048636,2.4975564988180317
2015-02-19,2.2522624056368907,2.5094501721290943,2.470457564275021,1.7456415987489244,2.511798941998652
2015-02-20,2.260587391245005,2.5187737687120735,2.4787383283196873,1.7506195967487865,2.5153650828701895
2015-02-23,2.277187507921487,2.5314178851074582,2.4912432354716327,1.7528137213118191,2.5235104365629706
2015-02-24,2.2940270227260275,2.545523967149455,2.505002322183097,1.761527547861503,2.5427072389989798
2015-02-25,2.291772730494009,2.545356335276738,2.5044280897099225,1.761104556744343,2.544055812114697
2015-02-26,2.3165078075039194,2.5703026012545207,2.5277352040361087,1.780256402071971,2.5672710485943164
2015-02-27,2.318006092971375,2.571659118606961,2.5277606694178925,1.7878669840745276,2.570807561279342
2015-03-02,2.3215749073190297,2.5718548582480105,2.529105303218203,1.7881650775121747,2.5722538156190677
2015-03-03,2.320129607352754,2.569736185379587,2.5276919158376776,1.786564242750567,2.5713648276333068
2015-03-04,2.3063728853441363,2.554931724037491,2.514166395969998,1.7648271935522497,2.545700289019466
2015-03-05,2.3123214712243314,2.5645394933602064,2.5236149459467976,1.768715779772729,2.555242130951845
2015-03-06,2.339346485257963,2.591723087785722,2.551246000961337,1.7889852800685309,2.5858881022114657
2015-03-09,2.317094983194268,2.57286482919088,2.5329834522141015,1.780793113302088,2.567222006201703
2015-03-10,2.3016265886543517,2.5590178383160334,2.5197681221824335,1.7714896601292527,2.5522633849031546
2015-03-11,2.3088292450102004,2.560490486796923,2.52091521859185,1.770154692381889,2.554626754544648
2015-03-12,2.3418262067131836,2.5897521671120396,2.5482887754280283,1.799217420310937,2.582880352267992
2015-03-13,2.3742745276357673,2.608122492392918,2.5660407528099807,1.8071077170187397,2.5987050148252506
2015-03-16,2.3732646721519153,2.6061548823955882,2.5648856810935476,1.805088636158328,2.598108941421452
2015-03-17,2.3968097429739617,2.621313875310664,2.5787830253322763,1.825770106378827,2.6118027834911115
2015-03-18,2.4100633435645573,2.6362785677751863,2.5918365589529175,1.8440930726643059,2.626997425487632
2015-03-19,2.401688021730322,2.6265316435052624,2.5830831729642365,1.833956240784246,2.617174301878281
2015-03-20,2.4120042988100527,2.636678076733322,2.593354492508054,1.8423137034284085,2.6318273770175318
2015-03-23,2.4359438707727024,2.6603918828416466,2.6167597213990446,1.8681662831187051,2.6500209965714197
2015-03-24,2.4308991693739994,2.658267243680903,2.61330981328256,1.8678700793595184,2.6482729618656347
2015-03-25,2.434937627936658,2.6712416320429497,2.627240810282379,1.8746917704618313,2.6608827720714565
2015-03-26,2.401017032610834,2.635987573948736,2.596099615984636,1.8416110740159801,2.621299631161713
2015-03-27,2.3781441551242106,2.6237522776199853,2.5829781604877193,1.8310869374767043,2.6075263152364467
2015-03-30,2.3936530113195738,2.6300331132756356,2.5870367838655937,1.8426686306516142,2.6136699798191927
2015-03-31,2.3684468450355367,2.6051998000382723,2.5635658722980517,1.81845003464915,2.5881607766750414
2015-04-01,2.347218685674176,2.583244602468248,2.541201460272715,1.7966272678561046,2.568513920561505
2015-04-02,2.3814930796419693,2.61924424452178,2.577102890060661,1.8197887304601397,2.598002565299441
2015-04-03,2.396572994120962,2.6334718545256335,2.5904648508542514,1.8377517721219254,2.612374475146707
2015-04-06,2.39199817778045,2.6275443488106403,2.583225327774881,1.8387952297962207,2.608727017798099
2015-04-07,2.4219084931965154,2.6651114082387553,2.620312088315905,1.8618098036221975,2.6467714561501383
2015-04-08,2.4403154154632327,2.686154633708811,2.641000171617921,1.8778956867420804,2.667631000946323
2015-04-09,2.4585544700284845,2.694619506882545,2.6495104294880694,1.8902725875147244,2.675518018032952
2015-04-10,2.454844039886767,2.682651596127217,2.6381762760119947,1.8819939581081646,2.6565159292111127
2015-04-13,2.4545764631058082,2.6820321145016064,2.638014480849704,1.8808160737813207,2.6582822808277418
2015-04-14,2.454973372678283,2.693894899776996,2.6501227613725984,1.8893220371768598,2.672777494872425
2015-04-15,2.450174090487318,2.6950339118269824,2.651115656795996,1.8914298637633888,2.6754359717341765
2015-04-16,2.4521482820926446,2.7159402558052417,2.674924181050458,1.8975739764929598,2.6933719206385165
2015-04-17,2.4234303812963147,2.6941045834584694,2.656865638289265,1.8735361517735838,2.6743899465787178
2015-04-20,2.421162601845814,2.6841241651861627,2.645529387490769,1.863722838741081,2.6622119405482336
2015-04-21,2.455023949747591,2.7151797462607905,2.676627968267664,1.8817654814321145,2.697899498141321
2015-04-22,2.4827457231217385,2.7410631115911945,2.704229492241789,1.9015002795384286,2.7211576780288977
2015-04-23,2.489373727632972,2.7538890074194224,2.718514687332879,1.910570112355005,2.7310038076990044
2015-04-24,2.468705287838621,2.7437161875514944,2.70918385826646,1.9003358215775628,2.7214117516244887
2015-04-27,2.4641774359196096,2.738579419222746,2.7046949792590156,1.8988875899632056,2.7214670580634586
2015-04-28,2.4735033658136496,2.7508403732948734,2.7159445604964767,1.907131450944981,2.7246395708516546
2015-04-30,2.4070458192723594,2.696771175923486,2.663105684200926,1.8662772071190494,2.6758378479899507
2015-05-01,2.408478836236089,2.6849237085209103,2.6505468787508146,1.855915767415058,2.6581848380698676
2015-05-07,2.378928340541673,2.666022426461487,2.631186662682816,1.8447190238777869,2.641598913929942
2015-05-08,2.3896810254765763,2.6878152455420437,2.653773361981073,1.8569725086476985,2.665506856011986
2015-05-11,2.4194880191653407,2.715575590922917,2.6826807353819233,1.867030485243333,2.696267457329289
2015-05-12,2.41997259565795,2.728343069522419,2.6943459462211674,1.8874860707748227,2.7082172737786503
2015-05-13,2.437221543880699,2.743061644714164,2.7087189561257974,1.8980292773733216,2.7126117633317723
2015-05-14,2.4132398243602924,2.7240575807987693,2.6903056619087637,1.8943280681129016,2.6748748473878337
2015-05-15,2.4333001351070105,2.7344815781376335,2.701480043262668,1.8915939871169605,2.6980392465525633
2015-05-18,2.45270318479591,2.7672819136297093,2.7362380388622505,1.9138561654657056,2.7305842327861134
2015-05-19,2.469487305667399,2.7822380998284584,2.7490879675650364,1.9161901501054484,2.7563225788373504
2015-05-20,2.490472454252894,2.802455363197041,2.7702919245712936,1.9211159098476065,2.779062072489548
2015-05-21,2.4912503777474897,2.806464415200101,2.773680092629923,1.9313027609740598,2.7788422091734
2015-05-22,2.4988391057323907,2.81582548916761,2.7831834052560813,1.940590942474787,2.785053347686455
2015-05-25,2.517256865942531,2.836413830392702,2.801931429713682,1.965528591629162,2.8127564786382364
2015-05-26,2.5201807022349136,2.8420333418266592,2.8066910451797713,1.9668034682530025,2.817587306452647
2015-05-27,2.524508895151752,2.8465117311585275,2.8114916797888054,1.9788451345052693,2.8157569923260275
2015-05-28,2.534235828952449,2.8582295895772774,2.8228584230651297,1.9868941180096,2.8243844931186888
2015-05-29,2.5356772754277297,2.861395092544376,2.826011350184389,1.9853483180633003,2.830910270744452
2015-06-01,2.5365057759916336,2.8706881825858135,2.8337139035793246,1.9977585458009464,2.836725742541428
2015-06-02,2.533215858054735,2.8652141924374552,2.827963467842267,2.002102905630884,2.832532356323804
2015-06-03,2.5246235365088494,2.8630174593441815,2.825421327620527,1.994592052287353,2.8300706449869004
2015-06-04,2.5264337139037054,2.8705727373083856,2.8326564375146104,2.000168235398281,2.839614050130346
2015-06-05,2.5230686528924062,2.8633072260202206,2.826323148723133,1.9869177400881148,2.829597512421788
2015-06-08,2.5226110508367614,2.8638596096044737,2.8260369887591894,1.992221729457048,2.827666569725372
2015-06-09,2.4781092509253075,2.811633698376515,2.7759278918058996,1.9510839771247348,2.7739801624507936
2015-06-10,2.4719508906290777,2.8003973700041933,2.7645441489790405,1.9396403999762146,2.7730919697178975
2015-06-11,2.5134590097238663,2.844411560241367,2.8060200750789988,1.9734315220101855,2.8171291844808324
2015-06-12,2.516431978026434,2.840164610069611,2.802791789250821,1.9638320251486123,2.804867816288571
2015-06-15,2.5140531698666426,2.838039560762481,2.7999279589447448,1.9643820766116071,2.8025194051338467
2015-06-16,2.4980411922532575,2.8194030763276716,2.78034673142897,1.960529717411769,2.7834201741409803
2015-06-17,2.4932727379902517,2.808364698043342,2.768698171776007,1.9568554103555114,2.7710897238908334
2015-06-18,2.465102273758385,2.7734299251580468,2.734346548725217,1.9334153640086098,2.739588433239119
2015-06-19,2.487720098309783,2.7967681510079823,2.756415853714535,1.9545743401961593,2.7573030266528153
2015-06-22,2.5190350111934903,2.8239474251123924,2.783582645049892,1.9741901384699718,2.783317246214355
2015-06-23,2.5660451928994394,2.8735621541599143,2.831486003892115,2.0073714669728324,2.836539778864893
2015-06-24,2.5732724152603805,2.880738851386735,2.8395370271799454,2.0056487694740786,2.844189667017018
2015-06-25,2.561356939417765,2.8674114982437864,2.8256371375784246,1.999849688035887,2.8417309861129296
2015-06-26,2.5533108502204067,2.8571755951265088,2.814573237091742,1.9973550974621683,2.819478736035787
2015-06-29,2.4797922631173304,2.7778806268651435,2.737541257873875,1.937236893154454,2.7411648343064168
2015-06-30,2.4953025643718165,2.7864777801747587,2.7450374896928107,1.9496802057706346,2.7498069539304453
2015-07-01,2.5068432882151774,2.799257012906087,2.75515298959751,1.97531143560746,2.750258032005794
2015-07-02,2.5306646061729214,2.8197072913607633,2.7756718880920856,1.9990726893296926,2.767602039576662
2015-07-03,2.532796550065852,2.8286033843772733,2.7841101846412255,2.005444562590829,2.7747573334133104
2015-07-06,2.4800598398982894,2.7679934959100727,2.727351679391092,1.9596171577868053,2.7170550233797184
2015-07-07,2.512672175031344,2.7987691948893625,2.7562548111414764,1.9963610009652726,2.7481973306108896
2015-07-08,2.433882253090427,2.704647362888604,2.6653730924537324,1.9324589410478439,2.6626830314464898
2015-07-09,2.448415694377705,2.7063108586037323,2.6651650550705366,1.9331078041924417,2.6646339365550618
2015-07-10,2.4390847067767334,2.713636703405527,2.673366972255907,1.933476090164836,2.6707463874927155
2015-07-13,2.477303871307372,2.760971713344699,2.719279283350574,1.9776136916189706,2.71191248270412
2015-07-14,2.5137499482939805,2.8040220053912117,2.762016922838919,1.9909906099443113,2.757340426040799
2015-07-15,2.5233682618172595,2.8089094450467478,2.7685263636835926,2.002612895894671,2.7615751465882856
2015-07-16,2.5402359552747003,2.822744897023747,2.78115377971971,2.025739861525623,2.775654453622553
2015-07-17,2.54650028657329,2.8288456543553795,2.786587873560918,2.032750652547912,2.7825493898869236
2015-07-21,2.5700590854570056,2.847500732661456,2.803574605655185,2.05719589151361,2.794729825169797
2015-07-22,2.539440691070627,2.8222173063603138,2.7788154012096076,2.041419968624003,2.772681862739797
2015-07-23,2.5505731857117153,2.829483626941413,2.7843249928225684,2.0611689583122272,2.7742159324587496
2015-07-24,2.5333810764811413,2.804928504685287,2.759731242746397,2.0485821349933278,2.7470003802546796
2015-07-27,2.5094056188836014,2.776501377634123,2.7345088509928215,2.0205312825908215,2.7237763996910074
2015-07-28,2.506790302713998,2.768203183222097,2.725511403899119,2.03196129554207,2.7090848788359576
2015-07-29,2.5035866066381103,2.7713072714101576,2.726733661891189,2.0560484770203904,2.7125852299441897
2015-07-30,2.530705308671555,2.806715908688362,2.763061961696517,2.063672663891728,2.7519515119260185
2015-07-31,2.5384012118747514,2.8221863320355407,2.7797276966808298,2.0775293676891784,2.764376921203631
2015-08-03,2.5338225420432448,2.8068747256144686,2.765866042758317,2.0721941279375033,2.7499688956767163
2015-08-04,2.5304006420397704,2.794836379207825,2.7560681171532613,2.08711466828176,2.71642513418422
2015-08-05,2.541955093944801,2.8218898069490423,2.784650137095577,2.0914928668943733,2.7384396892789487
2015-08-06,2.5481674031149595,2.8388184937799865,2.80206624923755,2.0704333085787856,2.7553942332361747
2015-08-07,2.5555810381027793,2.850488749658163,2.813472836642553,2.0695732961209248,2.7668907501715285
2015-08-10,2.5659551175474338,2.860811967212365,2.826474829615264,2.0850297088932113,2.7787732290071667
2015-08-11,2.5551111530445887,2.8628290660810984,2.828536966464485,2.065388695863173,2.776180746008583
2015-08-12,2.514667319993955,2.821674652215144,2.7899889230269066,2.0497031150748852,2.729450964842766
2015-08-13,2.539672623059883,2.8442074741749437,2.8087161437361092,2.0731093169581696,2.7591331678983915
2015-08-14,2.5302884091145446,2.8322577282902808,2.798166909934815,2.0747223966946806,2.7462231883916273
2015-08-17,2.5427195302209156,2.8468933940638745,2.811764876460998,2.0921149658384133,2.7678860896789095
2015-08-18,2.5346069683038954,2.845108010582437,2.81098492976738,2.0844233273753465,2.764495754540019
2015-08-19,2.493687229115391,2.8039097606318126,2.772030232039085,2.063459761482739,2.7208169052406106
2015-08-20,2.4703675875165465,2.7677749039446202,2.735606694179832,2.0450717713003717,2.687130761506074
2015-08-21,2.396665477904838,2.6831388751782024,2.653638476378477,1.9750959520105147,2.6102101399336943
2015-08-24,2.2862829508853935,2.543331786358357,2.515805767188945,1.8838849437737628,2.4747364538003933
2015-08-25,2.1957745628289755,2.4462327232181362,2.4191918778452135,1.8146708668053293,2.386172731975424
2015-08-26,2.266078375069554,2.516679574618879,2.487454052544849,1.851238545584053,2.4700683839158115
2015-08-27,2.2904459253758254,2.5450619467791973,2.5165479489836873,1.870103033253054,2.506025498289971
2015-08-28,2.359732415993749,2.636461957953785,2.60720066602006,1.9326128518968446,2.586483441143857
2015-08-31,2.3294174840232187,2.607086650973471,2.578351904328323,1.9180172710521757,2.5531331178599967
2015-09-01,2.2400422631624894,2.51194901135658,2.485706703555807,1.8525460397995472,2.447469259682881
2015-09-02,2.231374798542203,2.482970418206165,2.456715475617483,1.8277613836001536,2.4238326145931692
2015-09-03,2.242101713256078,2.498173555238923,2.470976555689285,1.8357103552458374,2.441199392344531
2015-09-04,2.1939817261435968,2.450812468199641,2.4259201315369987,1.8054175231318863,2.3938805422754443
2015-09-07,2.2024052166152686,2.453160209126615,2.4295179887370417,1.8137083826826677,2.3987650003855765
2015-09-08,2.1489630767524517,2.414627970388406,2.3912655284243733,1.7687922920812258,2.3428218649337356
2015-09-09,2.3146236912505973,2.5744631482772378,2.547751366166016,1.8694677823179677,2.507955915363323
2015-09-10,2.256557362193896,2.5328530261562974,2.508382460648101,1.8467640388846769,2.4601621139053464
2015-09-11,2.2521923202694194,2.5282271322934817,2.503844364202291,1.8311309374375804,2.4713578530291715
2015-09-14,2.215381125011044,2.5029301657820118,2.4793063131984634,1.8155538520795882,2.448083625342611
2015-09-15,2.222876164996131,2.504203443064629,2.4801952295612204,1.814954872131888,2.4487692073525156
2015-09-16,2.2407710546469004,2.5249546051988405,2.5005301464773586,1.8176714282834205,2.4626730252120455
2015-09-17,2.2729147089376998,2.5585115590987715,2.5327773018273487,1.8367328954856204,2.488005926156219
2015-09-18,2.228268643957124,2.502184579270324,2.4777447852027716,1.7950860114884164,2.4350170011731667
2015-09-24,2.166812447040844,2.4281508410328967,2.4049119618944506,1.7297995693270805,2.3712901579612984
2015-09-25,2.2048762677157505,2.471833066202301,2.448256986939767,1.7530477449657345,2.4229990249632776
2015-09-28,2.1758486425807053,2.457149400665651,2.4356258218760263,1.740669952731191,2.4130488345961236
2015-09-29,2.0877708439693228,2.3533771355353337,2.3334287079900125,1.674270044225364,2.3144677055872327
2015-09-30,2.1441625903455512,2.4101945008602343,2.387948125435652,1.722118476786873,2.3766189206018247
2015-10-01,2.1853819384589093,2.4567557749167426,2.4323042902418814,1.7548986153698916,2.419599266325685
2015-10-02,2.1857162288027174,2.4616202477131117,2.4367883345306964,1.7666330586402315,2.4122334246866486
2015-10-05,2.220287823263493,2.5010081778589464,2.474517207699667,1.7880089616921035,2.44460375963578
2015-10-06,2.2425590744685366,2.5234897585256766,2.4966361578568357,1.7942856183412335,2.456651632896824
2015-10-07,2.259438087555775,2.5685787417781967,2.5414445514120003,1.8135843477369524,2.483794512806735
2015-10-08,2.2370187177906145,2.558053750821979,2.5319731879193705,1.7932362968310394,2.4682251012380125
2015-10-09,2.2737039520620943,2.638656467154279,2.610104219303322,1.8469272680380135,2.540614686687894
2015-10-13,2.2485570332021036,2.6279103218980975,2.6024729794799693,1.8417228378849673,2.533424498367967
2015-10-14,2.206169836474103,2.5687416871133824,2.5460372603978088,1.7897774879913142,2.4785652113760874
2015-10-15,2.2315597661099598,2.595080179481282,2.5714016156492154,1.801485408549352,2.5038102581399544
2015-10-16,2.2555932669156102,2.623376186203853,2.5994721640500815,1.8149496157718783,2.5279447050088053
2015-10-19,2.2357930668110484,2.601279188299446,2.581172564880355,1.805503122034916,2.512944745520202
2015-10-20,2.2451548823399787,2.6041088241500367,2.5836730428284653,1.799177547506176,2.5100088504108977
2015-10-21,2.2879599419977397,2.6608071306090957,2.6373305034361634,1.8353110858835096,2.563341309638644
2015-10-22,2.2733585829316767,2.647256867581271,2.6236167614044086,1.8257845496490703,2.5488602878163875
2015-10-23,2.3213800651806005,2.6990287694026978,2.673942269644951,1.85725631913948,2.5928638915380704
2015-10-26,2.3364016956082954,2.7171821195123176,2.690925182387988,1.8653421134956027,2.611831727747045
2015-10-27,2.315428830025347,2.684702024019845,2.6621201325505233,1.8332745392773138,2.580956977112408
2015-10-28,2.3309636972849255,2.6901729856364938,2.66771941418039,1.8347831502852714,2.583381226897417
2015-10-29,2.334994930551969,2.6943346280530283,2.670067520099805,1.846108794315951,2.5839793662933284
2015-10-30,2.3531696799862436,2.7094457656129785,2.684131418317902,1.8547920679529317,2.5977785028431053
2015-11-02,2.303862335960958,2.6435368360347202,2.6170025682462223,1.8102657524293422,2.531445590429058
2015-11-04,2.333909691150529,2.663338437740254,2.6371891790872977,1.8326539391409065,2.553384397652666
2015-11-05,2.357277260543623,2.6976228820072063,2.6712451743716508,1.855071620401475,2.58619142332779
2015-11-06,2.3756740673964787,2.711836335556234,2.687643091217932,1.8595444117767246,2.59752738197264
2015-11-09,2.4221799234684696,2.7581699228560392,2.7330822536244344,1.8873355907330747,2.6405371738927084
2015-11-10,2.425696715687693,2.754055641165515,2.7285862830392613,1.8944413512675544,2.6370067846850698
2015-11-11,2.4281790864179724,2.758704137744966,2.734807211432206,1.896865251497346,2.6415194456545605
2015-11-12,2.428965680267307,2.757345848897971,2.733092741087511,1.8922832295647631,2.6398203872886388
2015-11-13,2.416528538081257,2.7442297290875466,2.7191997148461415,1.889131866893244,2.63036557674322
2015-11-16,2.391469045298213,2.719744527431288,2.6954450237931833,1.87374593745155,2.6076185990866527
2015-11-17,2.4206866957079445,2.756459976868247,2.7293990206113885,1.9003126461064161,2.641191265910102
2015-11-18,2.4229739834566066,2.7559829514027907,2.72954022919154,1.896133673054783,2.6371997536200684
2015-11-19,2.4489472352918167,2.787790385474538,2.75952262863236,1.9181610994927338,2.668835956035873
2015-11-20,2.451413469528555,2.791198941861971,2.762385500745074,1.9244195527437555,2.6690947184840526
2015-11-24,2.4569723711318905,2.8049503945312244,2.7738557524547827,1.9360316260800385,2.6840933422346525
2015-11-25,2.4474390752536865,2.7924958099696373,2.7615499969585904,1.924230070983111,2.6719308059335147
2015-11-26,2.4593793579445817,2.8021611248811693,2.7723430094873853,1.9225773399915886,2.676719549516918
2015-11-27,2.4519226120262565,2.7903022554508508,2.761532111450242,1.9160666069129693,2.6670992164274887
2015-11-30,2.4350944168515136,2.7642702285249103,2.7338476738072632,1.906030027774747,2.639978440390427
2015-12-01,2.4677633501335556,2.8036730885475922,2.7720770324115818,1.939716020204786,2.6762854758123815
2015-12-02,2.4586050470977936,2.794180543227493,2.7632274009375957,1.923942530683321,2.6692453951250714
2015-12-03,2.4588232510253802,2.7955395868704276,2.76469688647068,1.926208317544464,2.6744879620581314
2015-12-04,2.4051308750910816,2.7436856134012286,2.711944523875884,1.8875420490467036,2.6243969457443828
2015-12-07,2.429012644688808,2.7655865372229247,2.7327766534251507,1.908867807909123,2.6470496124654703
2015-12-08,2.4036658259834565,2.7322195587923908,2.7021320769306096,1.8766941844117253,2.619494841596653
2015-12-09,2.380048020518881,2.7069617757210187,2.6769976997997644,1.8654207658850883,2.5925081703459885
2015-12-10,2.3486627814245162,2.6779255844249596,2.649102266012348,1.8396429303693886,2.5627753044333463
2015-12-11,2.371343466047769,2.6966055052797446,2.66660290405913,1.8530609595755605,2.5807677545999135
2015-12-14,2.3285468359015593,2.6564662422655085,2.6286811102793024,1.829738893905188,2.540368881028975
2015-12-15,2.2893929589614697,2.6105475007947674,2.584045579318263,1.795248876453407,2.491869498409608
2015-12-16,2.3490770317064684,2.6729175017077957,2.6477018317575185,1.8268754330060644,2.547954913529733
2015-12-17,2.3865206811743827,2.7160473355363703,2.691032129003564,1.8604990477893466,2.5868186737690237
2015-12-18,2.3412949066422613,2.660438785860193,2.6363841645737516,1.8244251337563944,2.5277751657079963
2015-12-21,2.332566749538805,2.653197639161659,2.6285884755814437,1.8208817992463413,2.5239327090333594
2015-12-22,2.328951211612837,2.6522309986805905,2.6279954504161473,1.8211496727040428,2.5099255072924707
2015-12-24,2.316988771348721,2.6434286846553996,2.619272908631618,1.8183036977718283,2.4937905250257573
2015-12-25,2.3144449856057108,2.6435258624118965,2.6193104897770954,1.817866992781263,2.493689197948821
2015-12-28,2.327305048428452,2.6685338057430683,2.6421500930434236,1.8375378451480573,2.5217457381277173
2015-12-29,2.3407313335842566,2.6877028767297024,2.6600593080962516,1.8532932498722672,2.5387610630997766
2015-12-30,2.3470794783119855,2.6895080500813573,2.662416102544122,1.855282543597158,2.541758623311961
2016-01-04,2.2752219866709,2.619875560350238,2.5936493443127904,1.800397950167235,2.4746844059016566
2016-01-05,2.2657293932913296,2.6129601541646297,2.5880510507386343,1.7935944844905545,2.466245277359029
2016-01-06,2.2432028483078734,2.5869909690897916,2.561993701331899,1.774787689579332,2.4421667088804058
2016-01-07,2.1909210909208965,2.5264492183917002,2.50236190278617,1.745852623049005,2.3856999997044217
2016-01-08,2.182365859225837,2.5167743079514717,2.492429522448517,1.729740937001705,2.381549782924211
2016-01-12,2.1232995492559583,2.434342210007661,2.411271425762897,1.6784109046407898,2.3121881732622325
2016-01-13,2.184544767540267,2.505719642160387,2.481436162906479,1.7157323188392477,2.3876565860663628
2016-01-14,2.1260109618572467,2.441578238478891,2.419120890774164,1.6746711212576837,2.327106578194646
2016-01-15,2.114439410085926,2.4294315622293077,2.408024210092337,1.679082324767256,2.315874260466302
2016-01-18,2.0908204004054145,2.4021164705681,2.38101849785034,1.6643493160505238,2.2950496542843943
2016-01-19,2.1022635827579674,2.4165152453755385,2.3946170688051165,1.6610897227165295,2.3050166697584236
2016-01-20,2.0243084233038213,2.3246193855152164,2.3045300969247675,1.607653816571831,2.22297836552568
2016-01-21,1.975115720635634,2.2681596776184825,2.246830348581336,1.5777041175117783,2.1647943474421565
2016-01-22,2.0911852778339943,2.3969076348212526,2.373955308438431,1.6519300458303312,2.2917749912874434
2016-01-25,2.1099756224547046,2.42072697897895,2.398872256775492,1.6658517253845748,2.3190726521955427
2016-01-26,2.060403110080332,2.3577677453142463,2.3378236750337913,1.633681421624184,2.2642749977731613
2016-01-27,2.1165123473979963,2.4282966568223765,2.4075340439157613,1.6753334993875624,2.334593748962218
2016-01-28,2.101410275345783,2.4076419532141338,2.38754869734305,1.682600917899687,2.309369894745281
2016-01-29,2.1602116578097617,2.49111634495922,2.46814059014312,1.7318260065826336,2.374438656521698
2016-02-01,2.20299215146243,2.5350461644596063,2.5067374932603763,1.7665733557426082,2.37443770496498
2016-02-02,2.1888666985342375,2.4964977822963164,2.474748624521192,1.7498582049392692,2.3558568760585414
2016-02-03,2.1198824661162265,2.402428602863416,2.3859528556093794,1.7190746424448065,2.239238238098406
2016-02-04,2.101846924044143,2.3900962616961183,2.3721580574787167,1.7037531082742554,2.2442063061417974
2016-02-05,2.0740524160274667,2.3637787784507145,2.3472187152400745,1.6891188572348201,2.21479591551965
2016-02-08,2.0968294379255914,2.3869094666319963,2.3705732858831463,1.705060933068769,2.229257148581972
2016-02-09,1.9835231950353576,2.255049344924893,2.24194979730354,1.6322051486434008,2.0899215133320457
2016-02-10,1.9376449763091617,2.1908587771623673,2.176355052423221,1.58651099072106,2.031575603180559
2016-02-12,1.8438319788814268,2.0766111311967785,2.0651198769740913,1.5186789014500428,1.9104255221239954
2016-02-15,1.975771777477516,2.235202008052852,2.2221873565196897,1.6078600592348025,2.0672922182719873
2016-02-16,1.9796992073308841,2.2447903452233335,2.22834304796702,1.5857616805973755,2.0787175467087677
2016-02-17,1.9528087042172935,2.2131975592375666,2.1964542855647458,1.565603003669214,2.048865871456052
2016-02-18,1.997255110195696,2.2732578119292075,2.253365839971402,1.5943271892640747,2.110083725287257
2016-02-19,1.9689390562571782,2.2401352926484615,2.2217422417761514,1.5850727368717603,2.0854711461073374
2016-02-22,1.9866811309056813,2.250923750140232,2.2336852699944707,1.6056062367367736,2.0889651494462114
2016-02-23,1.979405739907304,2.25016021755729,2.230984316522725,1.591406048543337,2.1016822440040506
2016-02-24,1.9626033149535895,2.2320984019341834,2.2144895018351107,1.5812942279320241,2.08143382884903
2016-02-25,1.990292935762248,2.2723335893735985,2.2553346531353635,1.604516775832415,2.130188357057216
2016-02-26,1.9962205682851581,2.274072232338275,2.257978136155638,1.5963478093180348,2.1342756328015
2016-02-29,1.9762871818980847,2.2460966260059516,2.22996673354149,1.5602148251277745,2.1134747968775773
2016-03-01,1.9835317449685028,2.2510664801316604,2.235263982582468,1.5649925903738267,2.1166995447459627
2016-03-02,2.065045844199629,2.341013657288487,2.320289718582614,1.6074298216040506,2.218753919173268
2016-03-03,2.091386381895291,2.38036099858745,2.3550703297913853,1.6306919819175347,2.244281603017832
2016-03-04,2.0981215616248203,2.408372542769256,2.381015570705669,1.656394589485641,2.2722806118134167
2016-03-07,2.085363857156631,2.3989598857141545,2.3702425124577453,1.6576483496401346,2.263615178352823
2016-03-08,2.0695590046842223,2.37076489022744,2.3430991315626053,1.6401566768363693,2.2359925777292804
2016-03-09,2.052178074394898,2.333555411605884,2.3095193738109248,1.5996050865486446,2.194258735426733
2016-03-10,2.0780920788060615,2.365173941624971,2.341816928368991,1.6137501224008122,2.224164036598991
2016-03-11,2.0887609503118254,2.37940206207105,2.3545514513017554,1.6317660326138619,2.233917261870949
2016-03-14,2.1251232138692946,2.4212633391936613,2.394292239935582,1.6638343502078226,2.262980092225677
2016-03-15,2.1107352418670744,2.4005867212245047,2.3755201264037034,1.6441838802489244,2.23816303469882
2016-03-16,2.09314839065271,2.3770907470911853,2.3559015717281175,1.6220108683618206,2.2197129933862767
2016-03-17,2.088454116091356,2.372406525446252,2.350394121083725,1.6195655355235479,2.2116786242630035
2016-03-18,2.0623650186831117,2.3543327378417525,2.3319700152166534,1.6118267279236396,2.192712954356122
2016-03-22,2.1022859811743744,2.394514689995203,2.373304053461319,1.6350152276183247,2.2272312001151064
2016-03-23,2.0964200045073826,2.3796253032709735,2.3608147965762707,1.6152479082384474,2.2171241415830716
2016-03-24,2.083022138847665,2.3529896975498485,2.3388541561355063,1.5888041799433559,2.1963700002754987
2016-03-25,2.096638208434969,2.373821425258392,2.3570264071442675,1.591702202511001,2.2180764468563723
2016-03-28,2.11286838997594,2.4001523048738598,2.3829480112687103,1.6101045057796743,2.239529396757782
2016-03-29,2.109065476050345,2.4158768852806918,2.3976628878799566,1.6238206749058794,2.2545748953878353
2016-03-30,2.081373567231408,2.374142493375218,2.3595788422675508,1.5935859330612343,2.2208143000781426
2016-03-31,2.0665402761760894,2.366275966982497,2.3482114461830665,1.5849804866687267,2.2128032879699644
2016-04-01,1.9932302592731121,2.278346114452694,2.262304674019392,1.5351577485022803,2.124911577442502
2016-04-04,1.9881879663062811,2.278904761748562,2.264683538819253,1.534796881843217,2.131782652605327
2016-04-05,1.9400410047568357,2.216481608610096,2.2047845273860496,1.5026142113813243,2.0771861456472878
2016-04-06,1.937887987085027,2.2144569491884205,2.2031146029971955,1.5015184770937273,2.078340952905442
2016-04-07,1.9421397122899346,2.216985648037111,2.2071131888993594,1.5119903325417297,2.089656557484077
2016-04-08,1.950978657259494,2.249537190178567,2.2387354464699674,1.5273367865325636,2.1146650594900596
2016-04-11,1.9422987892150678,2.242134605723068,2.2306922116372823,1.5281990842584101,2.110490772563465
2016-04-12,1.9642063672074679,2.2822260532407297,2.266644085114423,1.5273713226931338,2.125073472812235
2016-04-13,2.0199962464589296,2.344388491920491,2.3247920984645947,1.555942383846776,2.1678851330446967
2016-04-14,2.085330620796799,2.4217335245648357,2.40113385248946,1.5996397658353039,2.2345491808944065
2016-04-15,2.077559333676015,2.411410364560048,2.3926936021452505,1.5961590303250608,2.231249704000416
2016-04-18,2.0070152803562236,2.3385044067791965,2.3235889425562863,1.5546174130546524,2.1702605977009735
2016-04-19,2.080816015253083,2.4205049281361224,2.401705112649199,1.5933371771070846,2.234368476207663
2016-04-20,2.08477427303441,2.4250929735625455,2.4059376350465747,1.5887148045318444,2.236559150697627
2016-04-21,2.141137599914551,2.480879250505418,2.459486953483978,1.6254588810044082,2.284320214013494
2016-04-22,2.1668938520381102,2.505984139415073,2.480658703493888,1.64467240355672,2.294842358018739
2016-04-25,2.150470032574645,2.49683122369537,2.469899258213143,1.6371166742314818,2.2872814075803896
2016-04-26,2.139862576081612,2.4758191938734315,2.454030080966486,1.6120468485787585,2.2730676662962837
2016-04-27,2.1321199493001024,2.4727962836615194,2.450303882733123,1.6155013325523153,2.2717394439472263
2016-04-28,2.0551192513967567,2.3855300872415883,2.3677640682122685,1.5457968837820344,2.193885658262905
2016-05-02,1.9911610550304422,2.3046700388562207,2.291713963566025,1.5005040637460487,2.1183131226456156
2016-05-06,1.9861471815596987,2.2933777361415526,2.2820869903305563,1.4784247953687624,2.1085169149066187
2016-05-09,1.9996264522166833,2.3073408822924635,2.296879200162107,1.4817059617259116,2.118434484610241
2016-05-10,2.042681868367519,2.3541406606460966,2.3421383688097133,1.5114656324542364,2.163050896172138
2016-05-11,2.0443860747600153,2.357611949308401,2.345080372021526,1.5195311060430785,2.1662303032156354
2016-05-12,2.0526886619517217,2.373150139093039,2.3571096506360214,1.5307688615514359,2.1784018545960784
2016-05-13,2.0238178257315314,2.3380676764605948,2.323095325231398,1.510187652690976,2.1531183551167916
2016-05-16,2.030500019959881,2.3464181557440376,2.330821796971446,1.5150628239484991,2.1517404762562498
2016-05-17,2.053485371214918,2.380976049310649,2.364673341243035,1.5306128779005708,2.178736468767019
2016-05-18,2.0524851494585534,2.3925536439566923,2.3746519107742032,1.5286241971372592,2.188866129610806
2016-05-19,2.0527281602344196,2.3883101383899406,2.3708028881063106,1.5347588218982462,2.1804623282626334
2016-05-20,2.0637879202329796,2.4038674563980007,2.3842643861509796,1.5480438540921113,2.1934442218218244
2016-05-23,2.0537071877903124,2.397188828707311,2.375354399377338,1.5447190130805102,2.1877439023787977
2016-05-24,2.0344903098851037,2.372147315411642,2.351852864000642,1.5270874826495837,2.166885752278221
2016-05-25,2.0663774661815544,2.4017238249981543,2.3805409868506726,1.5417732452131578,2.1891463590295808
2016-05-26,2.068240869920777,2.402664698509012,2.381650457622542,1.5403282246410996,2.1954818761130084
2016-05-27,2.0759329196329785,2.417666091994963,2.394455765271655,1.5529181980988944,2.206543936626916
2016-05-30,2.1046867060641987,2.4500901484887163,2.4248492797992074,1.574079927404503,2.2334068376338165
2016-05-31,2.1252749450772184,2.475124531334387,2.4483873883747584,1.5861790042815602,2.2492946438511305
2016-06-01,2.090840149546762,2.4375316784831202,2.4102780702552806,1.5643280248871203,2.2123082869042943
2016-06-02,2.0423564892216373,2.3792511395432108,2.3543334841208594,1.5281415575431945,2.166005630368541
2016-06-03,2.0521819278858917,2.380665718938219,2.3570356168334934,1.5299918343591956,2.1707003603796498
2016-06-06,2.0445117949037237,2.368093905124638,2.3448293092157084,1.5246968006206403,2.1573709146008095
2016-06-07,2.0562781888134736,2.388728240266786,2.3636356061761603,1.5443292181860189,2.1783311709283097
2016-06-08,2.0754495473563046,2.406023625501003,2.38094808908363,1.5587846737859163,2.193617913045698
2016-06-09,2.0554101899668713,2.3788252117401503,2.3541816373085958,1.5447572225229926,2.1672492276201294
2016-06-10,2.0471420433509318,2.362238562319211,2.339243284367996,1.5395562073954339,2.1548482536844333
2016-06-13,1.9753524694886313,2.273524446157724,2.253477431646259,1.482375553739524,2.075677208480337
2016-06-14,1.9556004380215055,2.253722324319158,2.2339678232338156,1.4704555125763452,2.0577202297337807
2016-06-15,1.9630706711583128,2.263629061711577,2.242801678685624,1.4725411710446752,2.066368155837279
2016-06-16,1.9032101807787036,2.1928395365626674,2.175243212247366,1.4202583508368267,1.999579281282026
2016-06-17,1.923620797941177,2.21843171036306,2.199065212224333,1.4346092958317382,2.0173381949450975
2016-06-20,1.9687084489054498,2.2772094037722037,2.254461706173201,1.4730197117348545,2.061369440420363
2016-06-21,1.9938406763310224,2.295365925596612,2.2741768366011588,1.4832340225752543,2.0800442756764115
2016-06-22,1.9810914013743848,2.273901695177,2.2538351995866157,1.473295698702073,2.0601375480968604
2016-06-23,2.0023786877381986,2.3030300169073605,2.279675176161805,1.4856467948672896,2.0771772431249027
2016-06-24,1.8437591238173028,2.121902309627482,2.105400281789343,1.3672931233079775,1.9183405821147879
2016-06-27,1.8878048871538289,2.14682482745482,2.137704049646361,1.390500956246714,1.9553518334375821
2016-06-28,1.8895225807648073,2.1427793473899714,2.1342101717949427,1.3966254862046847,1.9529718047983258
2016-06-29,1.9195724648078443,2.1820245888454455,2.172991430671681,1.409656911326355,1.9927299519636756
2016-06-30,1.920693349000987,2.187301370415249,2.1781487441546976,1.4122612812812354,1.9899727909609557
2016-07-01,1.9338335124504202,2.1997224390476107,2.1902303448413507,1.431656701347991,2.003479889740744
2016-07-04,1.9453408795123568,2.213742176940104,2.2043677413115224,1.4384435332465466,2.015146352316292
2016-07-05,1.9322119152711277,2.204248507754461,2.1970740245894733,1.4390805383824603,2.005196503159209
2016-07-06,1.8964096121238552,2.158083454322391,2.1538604113766553,1.4311786791484398,1.9591171766613522
2016-07-07,1.883739333732613,2.144320061168338,2.140331987926252,1.4215621437342842,1.9473891782647987
2016-07-08,1.8628676222882805,2.1196441404747617,2.115268934412306,1.4056346921287564,1.9285830545109597
2016-07-11,1.9370815236727494,2.1208574286628132,2.116598287779217,1.4072784399631488,1.9287847454227247
2016-07-12,1.9847822027963475,2.267827678951285,2.258182521703666,1.4561339323343452,2.0474328384627767
2016-07-13,2.0015253803260156,2.298291812222514,2.284939029981402,1.4559949240559924,2.066887845411847
2016-07-14,2.020572222941074,2.318188233016425,2.3059789655107785,1.468534000846772,2.0891596755552566
2016-07-15,2.034378076959877,2.3293859013222735,2.3107703122291556,1.4580598725230496,2.0846468509207634
2016-07-19,2.0621800511153556,2.362669529762356,2.3450062745332128,1.483755009148788,2.126885695221077
2016-07-20,2.0570724896447987,2.34935449701936,2.3345858750070634,1.47563626846145,2.122543020743754
2016-07-21,2.0728970912585565,2.377961584862256,2.357549217824465,1.4804739113606975,2.132987688596672
2016-07-22,2.05033466064021,2.3497886587241594,2.3321358524880527,1.4646117315219147,2.1160226036775347
2016-07-25,2.0494762955210954,2.3521827310660353,2.333303989975136,1.4612151695197684,2.112255666160754
2016-07-26,2.0202207123093827,2.3090784482875875,2.2949137409665936,1.4341477431414067,2.0839492882685464
2016-07-27,2.0549675201888324,2.354666941962644,2.3315177619518908,1.471387339953509,2.126218338117927
2016-07-28,2.031787326795366,2.3312528988006,2.307352758264383,1.4589850287603716,2.0965681601347157
2016-07-29,2.043184989785541,2.349080235279642,2.321209857480455,1.4792209944713177,2.1093052418737877
2016-08-01,2.0513852186226953,2.332258474229308,2.3047323276860014,1.462612525906934,2.0938242404026726
2016-08-02,2.021257662651792,2.293003086054349,2.267814249547625,1.4317937497671247,2.05958641033307
2016-08-03,1.9832358691130485,2.2270680348080893,2.2065768664482848,1.384178018257339,2.0051517761966258
2016-08-04,2.0044182682688447,2.2690337122014896,2.2370932197074413,1.4368073138679847,2.035241358995965
2016-08-05,2.004364078551729,2.26098522754961,2.2263585339612444,1.435415916493556,2.0300585067163266
2016-08-08,2.0532103282951555,2.319048356439123,2.273202773824853,1.4979590412157948,2.0837943398479575
2016-08-09,2.067317236297935,2.337325534636838,2.2924713772663425,1.5046276002839423,2.103559645939353
2016-08-10,2.0636361890250536,2.3288221347399825,2.2872642067049553,1.4882739984540776,2.0939457926312475
2016-08-12,2.0864242897097887,2.3499377135666695,2.3079364815152337,1.4936162253096734,2.1104508753438873
2016-08-15,2.080214388971502,2.3313292418515386,2.2888069085400113,1.481222689816327,2.0923628419938654
2016-08-16,2.0465440297171598,2.2979343381979676,2.2566338007600444,1.45935816428347,2.059915013462247
2016-08-17,2.0649336112744003,2.3303535599626635,2.2821083706252594,1.4895660904464358,2.0858227150269952
2016-08-18,2.032918085559182,2.2984166943044766,2.2493789456865763,1.4771802589961858,2.0600798047353424
2016-08-19,2.0402934264802397,2.3199916294873977,2.263193597950029,1.5093706593968026,2.059429832019216
2016-08-22,2.046751154858136,2.3291955636709734,2.2734560698359942,1.517286592573431,2.072582258956039
2016-08-23,2.0343176253198934,2.30397948247597,2.2579174653411656,1.4828662730517714,2.056128741382942
2016-08-24,2.0466415712079686,2.3227231804992186,2.276581832051838,1.4915379169428438,2.0710791627911687
2016-08-25,2.0415424392489627,2.3178330930342907,2.2710918140456187,1.491248753084566,2.066698229251237
2016-08-26,2.0174671521503362,2.2935867125572007,2.2467555485119406,1.4795123181027883,2.042647908518635
2016-08-29,2.063928572654292,2.3537082662697637,2.298729020645709,1.5300086669351929,2.084107889222658
2016-08-30,2.0624326956187082,2.3567778402203667,2.298915301211654,1.5351663720262902,2.082374767630498
2016-08-31,2.082414250643218,2.393421935549852,2.332221017204618,1.5668311606174852,2.1158475707201148
2016-09-01,2.087277597121973,2.4005198161903625,2.342032391185915,1.5617727779743344,2.1251708113719725
2016-09-02,2.0871345362687874,2.404373270923929,2.347057368888035,1.5537454172737113,2.1277923363238918
2016-09-05,2.1009394269148416,2.4200650944074398,2.361362286822956,1.5584289835818144,2.1400446837573273
2016-09-06,2.106408253166171,2.431103939668323,2.3733311043049294,1.5567921679531191,2.1505229886632136
2016-09-07,2.097833031486575,2.4166206366176164,2.361320487861929,1.538549939013472,2.1382142288844284
2016-09-08,2.091214901546016,2.4101548674017828,2.354701395559094,1.5298082876107808,2.1302940541853728
2016-09-09,2.092076879312938,2.4192391987509594,2.3604704173476927,1.5445991070442413,2.1331357107110476
2016-09-12,2.0559662968860732,2.378791221458202,2.3224844521662495,1.5129735915506815,2.095347420737066
2016-09-13,2.062886444183358,2.3791911726753754,2.3247247002259868,1.503971444392182,2.09312170233395
2016-09-14,2.048730404170393,2.3670512104055783,2.312811368959138,1.4922108114011765,2.0802895680460605
2016-09-15,2.022929836900392,2.3398364997928613,2.287104334908161,1.476757447632114,2.05825172690199
2016-09-16,2.0370218126255666,2.3575140126503262,2.302445753514281,1.4855651061452633,2.0776283844704877
2016-09-20,2.03367529653968,2.3594395897601292,2.3065265038003275,1.4896382693601484,2.072296740313578
2016-09-21,2.072576288133229,2.4175943314201054,2.3607536315012863,1.5244591551306195,2.130990284943183
2016-09-23,2.0659668285474084,2.4053888170943365,2.3514180077959823,1.5104011178954586,2.1138042673518607
2016-09-26,2.0401380826245075,2.373719812419065,2.323401647315812,1.4834669995069838,2.0808345876422814
2016-09-27,2.0573239299322146,2.3980486866103226,2.348338196901656,1.4956072739762087,2.099165282439622
2016-09-28,2.030376708248043,2.3787015388034094,2.330371606855102,1.4857835151521592,2.0774943480909878
2016-09-29,2.0585300726136193,2.418806314909512,2.3670355640257075,1.4999209451715108,2.1114027352833395
2016-09-30,2.028457910575768,2.378295580458402,2.3290917613155724,1.4791471506449994,2.0758490296693144
2016-10-03,2.0468104022821825,2.3925650529624027,2.342135519242271,1.494864199382171,2.097096170226931
2016-10-04,2.063701698371967,2.4130333212335464,2.3602020326087634,1.5020911173725544,2.1157904758353006
2016-10-05,2.074009305096959,2.429235348457085,2.3719986237913355,1.5025871748228465,2.1362433911793595
2016-10-06,2.0838569013344346,2.4446578960838097,2.3865111299074564,1.509350374316804,2.1459066365644257
2016-10-07,2.079046540356859,2.4462682294338323,2.3853450914809997,1.5100083450076855,2.146380870598195
2016-10-11,2.099352270311315,2.4601044294120795,2.3994363781194274,1.5201095755961318,2.158742632944363
2016-10-12,2.076569227333511,2.4334035272201744,2.3760010044766466,1.5004218273051309,2.1380412730229694
2016-10-13,2.068460278064298,2.4251627430261204,2.368072080926212,1.4989642634494336,2.133007682884643
2016-10-14,2.0785877340852785,2.4298501514563564,2.3712991057239723,1.4993075693292057,2.1349123067388938
2016-10-17,2.0839826214781434,2.4434214648046853,2.3832587313266114,1.5126999626816597,2.1466710759512666
2016-10-18,2.091811710963851,2.454563433409117,2.3931221601445074,1.5201763102016328,2.1552612860844036
2016-10-19,2.096164710728969,2.457596443992192,2.3979881740792717,1.5149774508323677,2.1583368148674036
2016-10-20,2.1253390093650077,2.489079285865903,2.4274252047828764,1.5263948892114279,2.1814743571093054
2016-10-21,2.119061190847936,2.489501815250978,2.4265178849005977,1.526510741230628,2.1724639720187358
2016-10-24,2.125205823082496,2.49947375296308,2.437973298413878,1.5339399486430814,2.1822385574424037
2016-10-25,2.141338703975846,2.5163142578556705,2.4538038978948005,1.5424830999414083,2.1954551699717895
2016-10-26,2.1446175431261345,2.5234348902714614,2.4610668441125525,1.5437864194452127,2.205287237606614
2016-10-27,2.137783617689861,2.5223126601147268,2.4593639627767625,1.5414852701109192,2.205274561793987
2016-10-28,2.1513467017759846,2.5457831579499963,2.4798800079245935,1.5609737957040317,2.22955137049769
2016-10-31,2.1487089871899734,2.54255426627756,2.4755975031936326,1.5495856084950774,2.2208723447663736
2016-11-01,2.1508522507127013,2.5452371305566794,2.478539815812492,1.5504498952894645,2.2288895442907357
2016-11-02,2.112906684042701,2.4974640263564845,2.4346771012456943,1.5078846733260098,2.1928000080811083
2016-11-04,2.0846288037493514,2.4691514092498292,2.4053078810666233,1.5016968836082099,2.1682539737735596
2016-11-07,2.1181512852867646,2.5031953565503975,2.43633555832366,1.5184104655799804,2.203537341816904
2016-11-08,2.117432368373028,2.502433847775124,2.4333723555860964,1.5187121250334705,2.203835802611417
2016-11-09,2.0040052222028293,2.3722512076866766,2.3125911010988762,1.4326668832359966,2.0854364625756334
2016-11-10,2.1387701113845567,2.528750845769413,2.456245185987297,1.5221148495609549,2.2246911359709065
2016-11-11,2.1425149821020413,2.5457725947613996,2.4654954085091165,1.5444905128164874,2.2374465730566357
2016-11-14,2.179240918872155,2.597853148089529,2.511472596904602,1.5798824360657664,2.2872068105612704
2016-11-15,2.178689869659884,2.5992719759779614,2.512588369781165,1.5811441062772689,2.289268429877686
2016-11-16,2.2026198078950463,2.632603591705566,2.544649205860154,1.598545057042993,2.3166919693282186
2016-11-17,2.2026715891802904,2.629945813563264,2.546175278468207,1.5878874423237828,2.3132556955280523
2016-11-18,2.215592103643014,2.651145708187492,2.5629864505608877,1.5990241089003558,2.3382052746655506
2016-11-21,2.232684262950908,2.6726067842087344,2.5841675653623235,1.6133804165304053,2.36389689759213
2016-11-22,2.2397031559549374,2.682651425504203,2.5948116838643114,1.620175191263988,2.3727226347587247
2016-11-24,2.260724190175322,2.7128468369543532,2.6209058244534322,1.6461306387532892,2.397020148246999
2016-11-25,2.266619790554337,2.7221182545485076,2.6309024506970347,1.6431318665700516,2.4016360634502987
2016-11-28,2.2636196069716177,2.72406706051602,2.6360494262987406,1.6429409773348695,2.402160843237289
2016-11-29,2.257472325461998,2.7189599590327744,2.633283120056866,1.6311955769574598,2.3949796348190957
2016-11-30,2.2576500677341382,2.7191776908154472,2.635162010524774,1.6251792378268246,2.399193678224586
2016-12-01,2.2828844126710757,2.7570591355483267,2.6654071251942693,1.6568650424477118,2.4349591132663924
2016-12-02,2.272151476877521,2.754348059831173,2.659522333660905,1.6733949198160123,2.426005666343256
2016-12-05,2.2535203296035378,2.7384986898990706,2.644443038103513,1.661752999469983,2.4167711185693395
2016-12-06,2.2640695020452726,2.7678041070050745,2.668476668334004,1.6972944399350214,2.4384444897691133
2016-12-07,2.2808584397805047,2.795946350058496,2.6931756746161075,1.7219749093617653,2.4621597784228424
2016-12-08,2.3140023158276684,2.845078735012865,2.7391562212658505,1.7520320550217798,2.5017637779391824
2016-12-09,2.3424747974162603,2.873164332933718,2.7642198336685335,1.7757008247943944,2.5209647190633184
2016-12-12,2.3620394528837587,2.8804548666242646,2.7753633532911985,1.7613604767531572,2.5384303298968214
2016-12-13,2.3738145171482476,2.8872052399207244,2.7848552367754427,1.7540438862251932,2.548164192435462
2016-12-14,2.374195531070369,2.882431066610405,2.779747864808309,1.7557643594831918,2.541828937431795
2016-12-15,2.3766839228803276,2.8869368747807203,2.7840191549487394,1.7557056294906548,2.5411524056002657
2016-12-16,2.3923890662732434,2.912437334727687,2.8071235198218036,1.775734844800387,2.5658939070300506
2016-12-19,2.3912113430879263,2.8987688586871503,2.797392912856915,1.7571157756360474,2.548841811619129
2016-12-20,2.403903779052389,2.9004393528618504,2.8019996515048207,1.7460535371831922,2.5511861483777083
2016-12-21,2.3977333765968,2.8863371449758675,2.788992715599583,1.7335108459636606,2.5338748503924737
2016-12-22,2.3956592350687935,2.885780288130855,2.7891000431396993,1.7364193712925224,2.530785266580908
2016-12-26,2.391832959354042,2.8751080298147333,2.779240651827164,1.7238772107532963,2.521178021349973
2016-12-27,2.3926246109103073,2.87236739152255,2.7760155536396005,1.7258782901808645,2.518155459413574
2016-12-28,2.3924593924839006,2.885958523329339,2.7883648290691183,1.7347453504217205,2.527204054959023
2016-12-29,2.3608200638270596,2.843109004257078,2.7495778087650082,1.703880457974259,2.4910232726347425
2016-12-30,2.3570255794130155,2.8409152922183383,2.7469256190997076,1.7016516659527958,2.486941937857843
2017-01-04,2.4161894308737026,2.921308690429054,2.8223159820248904,1.7508834106416284,2.562946635369839
2017-01-05,2.4071296327014977,2.911676101570476,2.8138292013126134,1.7378506605948671,2.559853705293272
2017-01-06,2.3989467445738204,2.9054657470940106,2.810943948330989,1.7368431731730882,2.5493779883997623
2017-01-10,2.3800935398812557,2.881396467141687,2.7869193316699636,1.7211545162029367,2.5308869081505185
2017-01-11,2.3878905972230684,2.9033757190959495,2.806399129088693,1.719814564396001,2.5502279379321227
2017-01-12,2.3595325161483878,2.871375586818159,2.775976948383378,1.6939930613642602,2.5208148927228766
2017-01-13,2.378347426774191,2.8893124505839656,2.793887103148968,1.704112730273729,2.5311255110993667
2017-01-16,2.354666761237761,2.858218564525403,2.7649054192485645,1.688058792249498,2.5028227331282396
2017-01-17,2.3199285032914565,2.819994281146742,2.7269400470826737,1.6635713141602255,2.468934792152391
2017-01-18,2.329897002808897,2.8365927328988083,2.7400067363996454,1.671643879724008,2.4838435256522082
2017-01-19,2.351831796081448,2.8680143967178195,2.7693371885582816,1.6891376306252965,2.5114355721828754
2017-01-20,2.3599284623481145,2.8834855921236326,2.7824455340746814,1.697699106588887,2.52473993935697
2017-01-23,2.3294851609588165,2.8489416238001075,2.748659426147511,1.685126865640856,2.491720279502162
2017-01-24,2.3167792377758714,2.8306845166742582,2.732367177365587,1.6758725409318886,2.4653954341130793
2017-01-25,2.350012948331854,2.8681737221988457,2.764971950375789,1.7117074510806085,2.5009589225794886
2017-01-26,2.392542001697105,2.918765957767572,2.8110690285495785,1.7466130053365871,2.544314428127622
2017-01-27,2.4005584671824396,2.9256299085269504,2.8189628340833486,1.7439074603788092,2.5509733971822133
2017-01-30,2.3884060016436375,2.913899320966944,2.8079204319642823,1.7370992208952931,2.5424445840193948
2017-01-31,2.3480202118011144,2.86178248981387,2.7591916169520068,1.709459836881688,2.498201832732668
2017-02-01,2.361182532823768,2.877353346360783,2.7712342956229983,1.7237016321314553,2.512955769838435
2017-02-02,2.3323892481098505,2.840890428844442,2.7364390502642735,1.695701862140884,2.478241590020948
2017-02-03,2.332835530535698,2.844684374876823,2.7403425722073993,1.7016674158443055,2.4795394157367343
2017-02-06,2.34005071073728,2.855490371413518,2.749517413852372,1.7070771586985571,2.491930039355424
2017-02-07,2.3319205672675953,2.8525905998696475,2.746988869716345,1.7046739008132836,2.4894623217611245
2017-02-08,2.3438596457425547,2.8669765745405815,2.7586479161930226,1.712972817939221,2.5099317743311427
2017-02-09,2.3315371449136024,2.8507567578028277,2.7422884505439864,1.7051335294011554,2.5029079769981637
2017-02-10,2.3896489933326808,2.92383571468457,2.809965807335823,1.7551070273627964,2.562643713957981
2017-02-13,2.399541145559785,2.9426580438104093,2.8278544233466643,1.765018965580336,2.5766352566815733
2017-02-14,2.3723916155983806,2.9206057562962737,2.8048219620586186,1.76647250306266,2.552159727172661
2017-02-15,2.396930646253925,2.954926596287493,2.83651603691113,1.79257477535637,2.5865764392464583
2017-02-16,2.3857769574123644,2.9488618283232495,2.82932546218868,1.7921914715013387,2.583060139924229
2017-02-17,2.371853812761404,2.936337522175764,2.818649194088436,1.782298278506981,2.570204702914292
2017-02-20,2.3738836391429694,2.940459754499849,2.8226780556261293,1.7842467562871893,2.5737243570288966
2017-02-21,2.3899584768282085,2.96632377791445,2.8471224960728714,1.7991800859253317,2.5926378087589432
2017-02-22,2.3897648389057147,2.972368515482982,2.8518737162245786,1.8064166587798507,2.596907320646591
2017-02-23,2.3887280089848986,2.9704360207429534,2.850731322709177,1.8008533488336405,2.598058883072829
2017-02-24,2.377886212070738,2.948776197861322,2.833044560703175,1.779318768273705,2.574518307517281
2017-02-27,2.3561749212758913,2.9159356613115075,2.803171662729039,1.7591027248310813,2.541455614231016
2017-02-28,2.3575954143938875,2.9263122553011938,2.811103390692138,1.7696283412176501,2.550841697919921
2017-03-01,2.391450500372798,2.9619332083467653,2.844327511182373,1.7927366583097284,2.588281154207632
2017-03-02,2.4125690760839915,2.99323038147775,2.872866497196827,1.811733407048892,2.6240086735369648
2017-03-03,2.400776671110026,2.9739518632318713,2.8551000243889844,1.8002279290378356,2.6053106347371298
2017-03-06,2.3896750043968966,2.9712335745918215,2.8510842442961026,1.8061448991445566,2.605012081118054
2017-03-07,2.385360298698541,2.9679057944143596,2.849380690856129,1.8045249442840174,2.6019807541309112
2017-03-08,2.374247312355614,2.954008526567537,2.8371864728778085,1.7925859814865392,2.5901201041370543
2017-03-09,2.382207179691961,2.965870000513659,2.846845348348536,1.804568316939753,2.6043148960711466
2017-03-10,2.4174779419251244,3.0010092526224823,2.880710625915083,1.822571470734109,2.6376044202292674
2017-03-13,2.421071322277872,3.0050029397139304,2.88780309936306,1.8191758847864825,2.6332089936424103
2017-03-14,2.418081013265827,3.0033573069679202,2.8853946365037486,1.8190451151716203,2.6336463459374704
2017-03-15,2.414120347052628,2.9924783397536974,2.8765354188014625,1.810346041429891,2.614687725127191
2017-03-16,2.4156937755944843,3.0013288123946666,2.8830951366957627,1.8141589892778751,2.62899519675603
2017-03-17,2.4072406614107895,2.984258539632506,2.8668069746573863,1.805907869999724,2.6142644073672376
2017-03-21,2.399137974064444,2.977280278956707,2.861490426277745,1.8038961395332977,2.6074051303112307
2017-03-22,2.348025269508046,2.9060353117430093,2.7975453724374866,1.764596067981098,2.5286255225752274
2017-03-23,2.353442314474131,2.9086909964583385,2.799896337321484,1.765468242892215,2.5299033228429164
2017-03-24,2.375295461906228,2.9350662412009902,2.8268172868615906,1.7764306146854374,2.5552023959199293
2017-03-27,2.3411455838662074,2.892719503069112,2.787957588290096,1.7554784975709874,2.5127007216388293
2017-03-28,2.367938665910583,2.9273909828182045,2.820280906612885,1.7719982820090836,2.546221609450375
2017-03-29,2.369740413793888,2.9511794977063928,2.842621534431477,1.7854739874183028,2.5612920229091736
2017-03-30,2.350718378027109,2.924916478713857,2.8152002425481997,1.7714821392888351,2.5363701409267345
2017-03-31,2.331733191267969,2.8965395069038102,2.7876068962546823,1.7518952468093218,2.5121062045326554
2017-04-03,2.340854645296092,2.9003676560123566,2.7924305292687492,1.754552240237309,2.5179462365375738
2017-04-04,2.319524127580179,2.8700438018766756,2.7654019594467876,1.7411813609014146,2.490151591257009
2017-04-05,2.3258154333157326,2.871157821856069,2.766181755325728,1.7417941499235947,2.4902847858079116
2017-04-06,2.293235371169761,2.822762154290967,2.7201243328975915,1.7139181824836904,2.446177691481453
2017-04-07,2.3015675820734907,2.8432925402923823,2.7403404126338384,1.7251139447393624,2.466566893526216
2017-04-10,2.3179988676757586,2.870382340612326,2.7649488699752554,1.7327439533401219,2.4937028072902545
2017-04-11,2.31183183702479,2.85865171549312,2.75499756594824,1.7225824083922185,2.4815831064111795
2017-04-12,2.2877540210726983,2.824817958917327,2.724793871052688,1.7073735387278528,2.4509644486501476
2017-04-13,2.2722451648773356,2.806092738933627,2.7067380958527383,1.6943497479808094,2.4344569740876842
2017-04-14,2.2609980288791487,2.788469555085735,2.68932318293758,1.675187529249068,2.418843845369764
2017-04-17,2.2634185029103224,2.796115648808887,2.697528340555138,1.6887858085481597,2.417960112304821
2017-04-18,2.2712278432546813,2.806319721954082,2.7075732886430015,1.6920641842962776,2.4244318478774294
2017-04-19,2.2729060385829616,2.80563261440709,2.705248735455004,1.6932131253862668,2.426471619166931
2017-04-20,2.2726953007941777,2.8055979186678566,2.7059558920268567,1.6845347510794912,2.426609116237727
2017-04-21,2.2961565581870853,2.8389052883517096,2.737500586780632,1.701842713025633,2.45288759015269
2017-04-24,2.3276171811990376,2.8646389331267224,2.7640204642230963,1.7170583142038096,2.4748791321378447
2017-04-25,2.3527048526349814,2.9054389665545224,2.802633349480452,1.7306692178611367,2.5087974417523027
2017-04-26,2.3786125951232777,2.9496073208673086,2.8429484949524007,1.752143088693044,2.544718112555136
2017-04-27,2.373980939790591,2.9464603569119645,2.838893930707918,1.7468814857478128,2.5458868723527566
2017-04-28,2.3671828999892073,2.9358777427123552,2.8287531173028984,1.7390161789360528,2.5399094608998998
2017-05-01,2.3812132198584632,2.948637752579411,2.837759883045569,1.748741496964682,2.5520733285351977
2017-05-02,2.3978824585296663,2.9699430362372596,2.857955601307336,1.7583526588011251,2.570973617414713
2017-05-08,2.4533727288562748,3.030160744083827,2.9185981255765205,1.7859797728645954,2.6175834717432465
2017-05-09,2.4468742979797447,3.0178224545994836,2.9093623904152843,1.7773498334316784,2.597278957313898
2017-05-10,2.453914144341059,3.0238648358149205,2.9124787166118016,1.7874903989905113,2.6061958030476076
2017-05-11,2.461492997755285,3.026069505581458,2.9137827640430443,1.7901736614658585,2.6120015207508818
2017-05-12,2.4519177951625117,3.006337751287267,2.8951161517060293,1.782887932457365,2.5977544906408014
2017-05-15,2.450185169273928,2.9986561311056668,2.8922927700292043,1.7720123853744245,2.5810019899246255
2017-05-16,2.456347142217966,3.0045178663093,2.896394796608369,1.782126173846995,2.5895857833390883
2017-05-17,2.443406878613893,2.97903480867333,2.8729500389220246,1.7723651961627176,2.561596697891573
2017-05-18,2.4112198725494016,2.9395643393871564,2.837783088343489,1.749907918105933,2.522305454248479
2017-05-19,2.415770122884821,2.952862622599259,2.8480668458806826,1.7554904048815103,2.544914797567415
2017-05-22,2.4265623061024226,2.9698365780773526,2.863479692008443,1.7671293123462688,2.557956630253421
2017-05-23,2.4185470448330237,2.9566638638382106,2.8530195839607924,1.7630303752007477,2.54231422877925
2017-05-24,2.434540718364183,2.9809655610965136,2.874051241251982,1.778267888119178,2.5718828096561683
2017-05-25,2.443191083118179,2.985016859534571,2.8795243643240913,1.7849276493961848,2.565549349425593
2017-05-26,2.427617921791839,2.9647222830212647,2.860552217162463,1.7736924047357072,2.5437491051344168
2017-05-29,2.4270914385846605,2.9614315364100467,2.858583465663143,1.7762583867028978,2.5386315647317006
2017-05-30,2.4265093206012427,2.9601777065545787,2.8564270721940788,1.778805089674107,2.5379882454417966
2017-05-31,2.4231454638058794,2.9528907896699437,2.848221130066913,1.7791428202656507,2.536146248168773
2017-06-01,2.4489742097287803,2.9883424784572594,2.883009392673417,1.8009949089015087,2.564330122692432
2017-06-02,2.4880948503090394,3.0505849644084524,2.9386540811059843,1.8158784699651462,2.619133015415957
2017-06-05,2.4872983818890306,3.034447570536649,2.9285078027499183,1.8241199445471623,2.601492842669412
2017-06-06,2.463755719498856,3.00524427786066,2.9016726359794864,1.8173612445126384,2.574792124321899
2017-06-07,2.4643375966390866,3.0143110176839554,2.9054579246802876,1.8234001117278904,2.582538685724511
2017-06-08,2.455044903104877,3.007548756820643,2.896657040903358,1.820653313581066,2.5783136509854097
2017-06-09,2.4678693211359155,3.017010657835665,2.9008633214554163,1.826641856607183,2.589591948532061
2017-06-12,2.454961089675738,3.020880845585015,2.9059332724928155,1.818672804280049,2.5944778873433125
2017-06-13,2.453748925914654,3.024649660120509,2.9121919042385467,1.8194076112874396,2.594276840170614
2017-06-14,2.451870830741013,3.0215035207133782,2.9116512441762263,1.8165804237123588,2.5880697140870312
2017-06-15,2.4454957115763194,3.00345802571581,2.8999636108224904,1.8100170855121904,2.571717893964417
2017-06-16,2.4592375013073315,3.0190539871059374,2.9143269663073568,1.817893684857247,2.5866894100753357
2017-06-19,2.4745886052150903,3.0356210997488726,2.9302236035303397,1.8332008735431293,2.6032647351949656
2017-06-20,2.494646507529936,3.057131837503667,2.949152519180387,1.8476303950587645,2.62407276743517
2017-06-21,2.483348553619254,3.0417931760571713,2.9368219169913847,1.8376630753937766,2.6070236948725056
2017-06-22,2.4798613851120535,3.0339637345239576,2.929166700119532,1.835268804874275,2.5997251369461174
2017-06-23,2.4825939919138142,3.0396348290412614,2.9341582172307024,1.832745988014974,2.60560276046473
2017-06-26,2.4851440395796915,3.0370314882016696,2.930675435605543,1.836429752012321,2.60466276004041
2017-06-27,2.4939904506880537,3.057584138538322,2.947727492653588,1.837141355140762,2.627321140611843
2017-06-28,2.4823153363462453,3.0583395125269375,2.9491943492319637,1.832522943572269,2.627547058146674
2017-06-29,2.493399903193085,3.080964448119337,2.9683717076124405,1.8423330318067548,2.6457284424395864
2017-06-30,2.4703565087299375,3.061494864746046,2.947080440242725,1.8325309051673087,2.6347672050425337
2017-07-03,2.473115126595914,3.0702267528897256,2.9535905451889297,1.846274029534829,2.642573088753256
2017-07-04,2.4702233224474264,3.0670957209353857,2.9531605242358747,1.8360312470120603,2.630542444063609
2017-07-05,2.4763002777463887,3.082771693328129,2.9651902475299887,1.8516651188211737,2.6417172444732353
2017-07-06,2.465501832605921,3.0741285733549892,2.9575348159308334,1.8429272964197112,2.635450353634652
2017-07-07,2.4574901839843295,3.061559378340223,2.9430227872902464,1.8362857093557003,2.6292943959119905
2017-07-10,2.476220076965057,3.086223969496983,2.9640558820616887,1.8458512390625659,2.6553793761547926
2017-07-11,2.490339267970383,3.1039095638336316,2.980856673828426,1.8600535135474034,2.6705301574046927
2017-07-12,2.4783657489196567,3.089743441049568,2.967359189832634,1.8509112665484664,2.6519141834556237
2017-07-13,2.4785420461326733,3.0859267213955874,2.9618300523770844,1.8536081669722781,2.65251990720096
2017-07-14,2.4808909897372544,3.105241169927221,2.9783983813464374,1.8743232384920754,2.6706180136657065
2017-07-17,2.4808909897372544,3.1052411699121665,2.9783755118203348,1.8742320903804817,2.6702664353773056
2017-07-18,2.4662231579515295,3.0886745977652006,2.961268356642017,1.8638194056985504,2.657621202820068
2017-07-19,2.4688064419772378,3.085072017189156,2.9591760558468345,1.8623098374132179,2.652647585303888
2017-07-20,2.484063857885183,3.109104256267791,2.9807422827223613,1.884596402231477,2.6750331389807274
2017-07-21,2.478534579993871,3.1006425384603498,2.9713171589217073,1.8777043163018543,2.668202391645035
2017-07-24,2.46323405315542,3.081921666018012,2.9535182348632336,1.8672097347600873,2.6475547228927745
2017-07-25,2.460709775710571,3.0742939657526005,2.9467807321092954,1.8612571176235078,2.640502738524581
2017-07-26,2.4724195714713337,3.090259047648682,2.9627557344862914,1.8726190617033018,2.6516800463655272
2017-07-27,2.476054858538651,3.0890543451224914,2.9619305978094403,1.8731972422594891,2.6469454304271913
2017-07-28,2.4612820191233147,3.0769026322704356,2.9549306159078026,1.8571589368426702,2.62885888266411
2017-07-31,2.4570080159235927,3.0779017766335697,2.9546174355417087,1.862021635177004,2.628865460392904
2017-08-01,2.464481861708208,3.089767004355427,2.972534785390159,1.8489906820268693,2.6377630099095315
2017-08-02,2.476103990548837,3.098378627487,2.9784685115512946,1.8664997908858345,2.6530361592279066
2017-08-03,2.469842308525306,3.095025506688294,2.9762322595880017,1.8542562581389308,2.637186992421191
2017-08-04,2.4603559770686028,3.0828641511341197,2.9669442495776712,1.8414745674945023,2.6240189499203646
2017-08-07,2.4731262053825254,3.101390155396903,2.983578691958171,1.8563139885068556,2.6382003205018454
2017-08-08,2.465742194106729,3.0958757049867676,2.9790732237388564,1.8531755098548994,2.639122327754879
2017-08-09,2.434014235157005,3.065786707928923,2.950142911935137,1.833640213454223,2.610959852406024
2017-08-10,2.4329080423982807,3.0640930691698105,2.94682860073136,1.8404076708996497,2.604208153718379
2017-08-11,2.4329080423982807,3.064093069155432,2.9467926927811128,1.840317584201319,2.603908165278702
2017-08-14,2.409153197160199,3.028407399095505,2.9118798337591523,1.8201978039582571,2.5672516541083956
2017-08-15,2.4358145379811864,3.055967706145065,2.9398139553384843,1.8300738154617329,2.594163519990875
2017-08-16,2.4328512034061056,3.0567311581464116,2.939785047794174,1.8291281617249302,2.5929066295778678
2017-08-17,2.4295651389602018,3.0588082462830255,2.9377647300052505,1.8384143662918084,2.593578861339964
2017-08-18,2.400929606533888,3.0209788323541007,2.901637192160854,1.8152032125343203,2.559874218627731
2017-08-21,2.3914001641466793,3.017841356335851,2.898238190151122,1.8167986713707969,2.5583177468757863
2017-08-22,2.3902544731052573,3.0217541501833574,2.899240332495287,1.8270908253129843,2.5611057966375492
2017-08-23,2.3965188044038475,3.0253428708252907,2.9026931656807813,1.8225624459604763,2.5715212032675763
2017-08-24,2.3865464513954118,3.009813427015644,2.887902052013985,1.8147647633363646,2.553191036677077
2017-08-25,2.3987345617259166,3.024074192349985,2.900469247671588,1.8195159952056745,2.5662668299890745
2017-08-28,2.398400512225296,3.0281830076948753,2.905184355362702,1.8223704119742428,2.5631196002177283
2017-08-29,2.38762928236498,3.0172606100727353,2.8950781815496,1.8179226893184723,2.5548152021486685
2017-08-30,2.4053847238103714,3.0404468144456662,2.9154832449174384,1.8300500279122058,2.574597165588417
2017-08-31,2.4226115144598994,3.059243080807719,2.9348970444555142,1.8354360513757206,2.5932031428718476
2017-09-01,2.428188960988648,3.06707943505728,2.941819186527751,1.8386693990375766,2.5994302844751576
2017-09-04,2.4055957024423424,3.037739794904558,2.914182797973317,1.818886809128295,2.5767009196600394
2017-09-05,2.390497483881124,3.01842279677266,2.895966101015337,1.8020061056733665,2.5611816520075243
2017-09-06,2.3870645050910393,3.0194158760763745,2.8953452860857887,1.807970443734032,2.567487214790389
2017-09-07,2.39181802707644,3.029969862092619,2.9046649394707136,1.8154569733695243,2.574607565156581
2017-09-08,2.3768110880831634,3.0115168437156377,2.8869077106373457,1.8076386006455472,2.557519339981777
2017-09-11,2.410222300068099,3.049716898382824,2.922043196784912,1.8259011839030417,2.5906078480130037
2017-09-12,2.4386887605770116,3.083639858590995,2.9535203938457717,1.8424976459657296,2.617378640219416
2017-09-13,2.449688309778776,3.1064254505761246,2.9756962184894618,1.851961877991662,2.633164377167129
2017-09-14,2.442489266070735,3.0936603429967167,2.966990658020484,1.8344292261877164,2.6268460654759673
2017-09-15,2.455074526816902,3.104791553106718,2.975948696179941,1.8487123043399285,2.632743738108535
2017-09-18,2.455074526816902,3.1047915530918386,2.975918992508854,1.8486217581833646,2.632411382347263
2017-09-19,2.5031514029988777,3.1599747628926815,3.028376011601064,1.8804435523065444,2.6781210256899213
2017-09-20,2.504517706399758,3.160794792203508,3.029965118872551,1.8788948017637273,2.6789179085456167
2017-09-21,2.5090826481695956,3.1715714188720256,3.0420855615613247,1.887017223104991,2.6904844184553927
2017-09-22,2.5027898973749183,3.162218409780068,3.03538400141166,1.878543018959963,2.6849075202489834
2017-09-25,2.5152605167639868,3.174813850346069,3.047277681634756,1.8844011939972827,2.69441894568225
2017-09-26,2.5069504634334776,3.1752268678045406,3.0491761947306393,1.8808357184641236,2.6943564446185233
2017-09-27,2.4991647257214624,3.185553583452999,3.055550879757197,1.8945835537782822,2.7089786579069504
2017-09-28,2.511009875353421,3.2054105449615884,3.071364379679362,1.9140484199588632,2.760101108785827
2017-09-29,2.5101676467278473,3.2039700573046996,3.0698145677527306,1.91529989946697,2.7540478241594575
2017-10-02,2.5156550179045896,3.206872241764492,3.070829087904962,1.921727359793491,2.7527994759446814
2017-10-03,2.541956298160741,3.23788745695201,3.0986737435536504,1.9355360033688684,2.779846700568952
2017-10-04,2.5435087733453123,3.2401325470870312,3.1005343673437746,1.9351318874189565,2.7817033073696327
2017-10-05,2.54374311376644,3.2402416522701927,3.1013544308848218,1.9300805751452017,2.7755378259116648
2017-10-06,2.551406984825741,3.249832250919388,3.108080486859247,1.9391778865241975,2.7877423845597233
2017-10-09,2.551406984825741,3.2498322509030495,3.1080476251138895,1.9389735487649968,2.7874466803498814
2017-10-10,2.56778263565177,3.2568161750755005,3.1155188923409356,1.9419207804413574,2.7920220516554837
2017-10-11,2.5749050912262876,3.2598564095298874,3.119137629309501,1.949261589886385,2.797607954001501
2017-10-12,2.583962480966621,3.263122806705108,3.1229783992956817,1.9403793213932612,2.79676755208858
2017-10-13,2.6086814214829896,3.2798002089179445,3.1394494572896643,1.9517692716190995,2.8135166355235715
2017-10-16,2.6210595570881807,3.30081359160272,3.160561640146615,1.9638226694412733,2.8312585214365154
2017-10-17,2.630993375186667,3.3111926171137385,3.170054154615231,1.966784733176566,2.8368585609519053
2017-10-18,2.6343143618947127,3.3093104857193487,3.1712773830781957,1.9604804080070355,2.8366692735135275
2017-10-19,2.6448536597657735,3.319177368563576,3.1794786636142236,1.9646741745686092,2.8466121867028775
2017-10-20,2.6459783974499107,3.3190363359993222,3.177342609185952,1.9634112383236901,2.848197675856296
2017-10-23,2.6754511007948674,3.3558092174478302,3.210597758879631,1.99381627411673,2.8839770085332677
2017-10-24,2.6888328299610436,3.3786161471431813,3.2332167590106606,2.0013033374264877,2.90459536627636
2017-10-25,2.6768036761340785,3.3757336993113,3.227740845570492,2.0018655338045708,2.9026315381134364
2017-10-26,2.6807694000542086,3.378166450652162,3.2324419853921293,1.9974611725173017,2.901501224363645
2017-10-27,2.713899548039703,3.4160871040258054,3.2683278306437584,2.0350216148272375,2.933448167181635
2017-10-30,2.7142966984553656,3.4149734036524118,3.263860767044934,2.0420585124833894,2.930739884334115
2017-10-31,2.714289232316563,3.4139218242869673,3.262800566800532,2.0455285767783424,2.9317135147577735
2017-11-01,2.7646584539541315,3.4576274787227432,3.3022328612525316,2.0870307664622496,2.972457379459069
2017-11-02,2.7793373645264667,3.474914316722565,3.317110810150285,2.0974573240306755,2.98840054920885
2017-11-03,2.7793373645264667,3.47491431670593,3.317074306812036,2.0972557360698705,2.9880203541083175
2017-11-06,2.780475589429086,3.470529257627969,3.3147778168565862,2.1000239838260364,2.9813636827490426
2017-11-07,2.8284746732616024,3.523312358112766,3.363121439283918,2.140721681907711,3.0281330222411884
2017-11-08,2.825542407457668,3.5241640553879026,3.3606100605574203,2.151017074774782,3.0421628792677757
2017-11-09,2.819979893206525,3.5154864276436246,3.3522476633014358,2.141743194129237,3.036999945603418
2017-11-10,2.7968847174581337,3.4871675902265107,3.324106990294313,2.139868749116647,3.02024256890653
2017-11-13,2.7598382184058816,3.4439900739708587,3.2856508201649057,2.1077220959599647,2.9745750451798885
2017-11-14,2.7597173151259162,3.4409358869427487,3.2787411548775376,2.1128767419074546,2.969035738208373
2017-11-15,2.716349886626087,3.3756757674779343,3.2180764512746642,2.0709419480863933,2.9127908635213866
2017-11-16,2.756154762701128,3.4133831036724276,3.2523743024347387,2.0941083216530867,2.9447522779861086
2017-11-17,2.7617878440061148,3.417381684801859,3.2555473767535625,2.1001578064104627,2.9452642958676414
2017-11-20,2.7451357052012013,3.4000231372678393,3.2386692876861454,2.0870464263265336,2.9234802915918316
2017-11-21,2.764214579960155,3.426889991632219,3.2615317184659802,2.1127141019372893,2.943361929914313
2017-11-22,2.7773682306280705,3.437257224229059,3.269378464873887,2.129515398322155,2.9564922889819525
2017-11-23,2.7773682306280705,3.437257224212601,3.269362415567319,2.1294110895922223,2.9563284735451263
2017-11-24,2.7807838687086783,3.4244731216464395,3.2607216517302096,2.1178392765499305,2.945991179889237
2017-11-27,2.7740190652671255,3.4094812991239736,3.2486942064367152,2.104478377828911,2.9264290458509983
2017-11-28,2.772816776076716,3.396622283462276,3.240012118543652,2.0869591311484563,2.9131513641980926
2017-11-29,2.786499318383682,3.429493585038054,3.2732167277576365,2.092136732246796,2.9316079946483526
2017-11-30,2.8022538346299704,3.463800221116633,3.3082005770574523,2.102634461685392,2.958058529055194
2017-12-01,2.8138535650541905,3.4711720241455697,3.3147012580427924,2.1018673849699483,2.9580085687492215
2017-12-04,2.800058789821998,3.4589809552281254,3.3020075374430453,2.095567879618436,2.945291595495737
2017-12-05,2.7896045095960122,3.46649697658784,3.310439399522901,2.1035881559311296,2.9429525781321626
2017-12-06,2.7346886502708316,3.4051872915661594,3.2541058939850562,2.06281713556568,2.8932184614590994
2017-12-07,2.7742705055545427,3.439326977731555,3.285809231015436,2.0865834449446883,2.929458689757029
2017-12-08,2.8128733332823614,3.479465839437228,3.322760845569629,2.1080101264522,2.96762150735823
2017-12-11,2.82861412146698,3.5032855465594333,3.3454562799961867,2.1219405029606166,2.9876177157238737
2017-12-12,2.8196665562200014,3.509029604110977,3.3515347610451154,2.118674557569931,2.986477499392511
2017-12-13,2.8063366083390693,3.4904458510352008,3.3370515667027694,2.113505671880907,2.973203876719775
2017-12-14,2.7984913823598205,3.4844493570681077,3.330211271026635,2.1030103186850675,2.967509399891171
2017-12-15,2.7810762523379164,3.46116632606497,3.305847481256818,2.08607661905759,2.9566714083327414
2017-12-18,2.824056404992758,3.512733001214738,3.3516315660212377,2.114399925783883,3.0037361602689936
2017-12-19,2.819892226286391,3.5065875396970547,3.3472522236630713,2.1096079492685433,2.9971523334889425
2017-12-20,2.8228172667947096,3.5243544225598806,3.360272768459078,2.125403659015297,3.0107616004765823
2017-12-21,2.8196578858652632,3.527052623163076,3.3625554885661586,2.116741385994323,3.0169655199484784
2017-12-22,2.8241785124886594,3.541856596035439,3.376232278993013,2.120188992600496,3.0424086286766507
2017-12-25,2.828669515400032,3.5435874798782354,3.3776879665753525,2.1184959077344585,3.0417319439712074
2017-12-26,2.822936725015552,3.5347341903564082,3.369772539368053,2.11536734582222,3.0247822537873255
2017-12-27,2.8252206409595937,3.5515719732498945,3.3842629991511606,2.134006374127762,3.040061344248702
2017-12-28,2.8095316340602188,3.5332786360906177,3.3667013417468037,2.1221201391494238,3.024516929146009
2017-12-29,2.8071836538283867,3.534705447610257,3.367990158592333,2.1240691744614635,3.025358550920458
2018-01-01,2.8071836538283867,3.534705447541455,3.3679746852653776,2.1239061832835016,3.025201769688285
2018-01-02,2.8071836538283867,3.5346790992795922,3.3679564902475128,2.1238050448938215,3.0250277474822487
2018-01-03,2.8071836538283867,3.534679099161083,3.367930271251873,2.123683684605542,3.024859677217037
2018-01-04,2.898605800936971,3.6301824531487776,3.452789446609068,2.184965101283121,3.1109837406447385
2018-01-05,2.92427920300414,3.666863753406739,3.4866246317295264,2.2089412550773235,3.1450807194223374
2018-01-08,2.92427920300414,3.666863753388631,3.4865833786802822,2.208812861595494,3.1447132805909
2018-01-09,2.940983123094297,3.6890896839607867,3.505902997412397,2.2217891251375335,3.173628662221506
2018-01-10,2.9333635671814373,3.6911803727097983,3.507459553622325,2.225229218948393,3.1618907475855207
2018-01-11,2.923773673154246,3.6902792925246355,3.502993829625463,2.240547177047495,3.1484699085948926
2018-01-12,2.9167930742169785,3.668236192533645,3.4780118360803782,2.2507593458412694,3.132100950972037
2018-01-15,2.9243225547778327,3.671878346969827,3.4806298783991587,2.246818415280099,3.13241749218748
2018-01-16,2.9535387601284406,3.6792248444479303,3.485930802408699,2.2514675108259863,3.148026519455258
2018-01-17,2.9432458448378664,3.6669514537839007,3.4760084329317866,2.236698872654604,3.1346221065799273
2018-01-18,2.930301727742799,3.6384026422052247,3.4488359769067265,2.216475891040583,3.1131796594386016
2018-01-19,2.9358127015518853,3.6594122828419833,3.4676518634413895,2.2329323269881463,3.129340530602097
2018-01-22,2.9368324316064114,3.658719046812358,3.4689869323602345,2.2316503263780914,3.1193508526581404
2018-01-23,2.974790281278958,3.69971892554469,3.505519036749859,2.2614725198966705,3.1610842805899537
2018-01-24,2.9521784778072395,3.684440587802555,3.4937357497808237,2.2466031920490366,3.139754181135921
2018-01-25,2.918725359107735,3.6510972099881713,3.462861002119576,2.2246072590297965,3.1113383915662145
2018-01-26,2.9140876826953686,3.6419444354314274,3.4543847359720465,2.222148095847012,3.1053051715656426
2018-01-29,2.913774345708845,3.640357666261344,3.4517677071299593,2.218701296293964,3.101238246280293
2018-01-30,2.87217277945743,3.5962278008527044,3.412890493546633,2.1838535426671037,3.054641282857059
2018-01-31,2.848289564800581,3.564969936474736,3.3823777806156454,2.174186605694847,3.030962030475855
2018-02-01,2.89611235142008,3.6233563123292285,3.435818724575002,2.2107601002486468,3.0821462387576943
2018-02-02,2.8700220497959,3.6033988421395597,3.4177541621759517,2.1915096069527085,3.064416885880752
2018-02-05,2.7969661224553994,3.514282198897935,3.3366285383900496,2.1269809296398154,2.9821535121902603
2018-02-06,2.664795716507584,3.3555445196615867,3.190516914472878,2.037076183752641,2.8417745635787033
2018-02-07,2.66912752207223,3.3601391545389063,3.1937737266121813,2.041490327171542,2.855508354152347
2018-02-08,2.6993993431122543,3.3894810663057795,3.2191769102860213,2.0562928740358895,2.8880653767614075
2018-02-09,2.6367273697870823,3.3115494001158954,3.147787966856019,2.0210270902383334,2.8281928962321974
2018-02-12,2.6367273697870823,3.3115494000998065,3.147767932321362,2.020850835309029,2.8277797841448296
2018-02-13,2.619717819692392,3.2814119400622324,3.117928821842716,2.013132581342996,2.8103053092044523
2018-02-14,2.608556905555216,3.2670993957019525,3.102020879235701,2.0059087740123682,2.806670498832705
2018-02-15,2.646883486147337,3.3031643247837117,3.132435280543227,2.0331495989105175,2.8552854557817247
2018-02-16,2.6783612090255793,3.341631727513285,3.1678502941249125,2.059248549375323,2.8874487614626116
2018-02-19,2.7312571165398687,3.4111223846693575,3.2340218600370307,2.096705944433554,2.942182142728203
2018-02-20,2.703621565026732,3.391452622780611,3.2167518492279017,2.09184468812486,2.9255062826319413
2018-02-21,2.709258258979527,3.3866864260303244,3.210040295995024,2.083145758723948,2.919074624175153
2018-02-22,2.6803575582041264,3.3470999324979807,3.172285537185582,2.0683950251551426,2.8929406661807215
2018-02-23,2.699636091965253,3.3803972592448224,3.2036702284720735,2.070641483750079,2.9225604004822965
2018-02-26,2.7318021446724603,3.4086489872325543,3.2316260420626644,2.0932421639361736,2.9461288602994484
2018-02-27,2.76093188731887,3.4381664193962753,3.258125718247581,2.1040582832390857,2.9691375143193963
2018-02-28,2.7212724805288864,3.389993076640933,3.213215700854029,2.0798316221764757,2.9300429359374114
2018-03-01,2.6788816711530776,3.3340050425747383,3.1619713682897013,2.043530600324538,2.876173166793962
2018-03-02,2.611944364982922,3.2569909063573226,3.0911545221364065,1.9985001306460173,2.8176266700114665
2018-03-05,2.5947361192588065,3.2235858818772125,3.064276966820548,1.9690178917712737,2.794924836064813
2018-03-06,2.6410606204108498,3.2673167065328927,3.1007306910709147,2.0029256320645255,2.8274560726322915
2018-03-07,2.6207093710940166,3.240435078186334,3.078082103086416,1.9889257449607998,2.807390212844909
2018-03-08,2.634933328885767,3.250566744694569,3.086382594737806,1.998608014128669,2.8189220710214444
2018-03-09,2.647403707431648,3.264937828503949,3.0989850276605724,2.0107061958065215,2.824136813513385
2018-03-12,2.6911584117764655,3.3206044346813246,3.1497746885983116,2.0372744056527297,2.8707697672452137
2018-03-13,2.7089239686357187,3.3381204646204683,3.1665247392536284,2.0558854087047083,2.8818262107130264
2018-03-14,2.685394793464026,3.3173971925572556,3.147578236565535,2.0384277667918496,2.8630055053922185
2018-03-15,2.688682302969053,3.3110559056203748,3.140998906130656,2.0381232477779454,2.8571229287169366
2018-03-16,2.67296752584865,3.2973575380558815,3.129191219584035,2.0255419688892116,2.8402911622276914
2018-03-19,2.6488465989660526,3.265777791356211,3.099444812614727,2.0029003463835986,2.8129858800604355
2018-03-20,2.6365240981371003,3.2675759685845103,3.105047415199697,1.9963693437240135,2.812417580691044
2018-03-21,2.6365240981371003,3.267575968568479,3.1050262446941788,1.9962518181083604,2.8121174731995424
2018-03-22,2.6625452777665592,3.280712881617239,3.11435535347267,2.000871115914908,2.818474562636066
2018-03-23,2.5424235339438708,3.1539287425172753,3.001722935161636,1.9252415052745864,2.7061954496391283
2018-03-26,2.560703291007756,3.163997857322985,3.009564943162508,1.9260228111658875,2.7170264002548055
2018-03-27,2.628675259510043,3.2555911772552704,3.0951973906060117,1.9752437142937,2.792160003225717
2018-03-28,2.593406905708752,3.248261774222666,3.090160005436234,1.9674653032884963,2.7872558252048885
2018-03-29,2.6091623853277883,3.2619907010322913,3.1017406163658743,1.983590871317426,2.795285781950682
2018-03-30,2.6455665555998276,3.2978780520462325,3.132704185273579,1.9942060993109376,2.8247967722783716
2018-04-02,2.6374624231943584,3.2836740999704515,3.1176086931560905,1.9888042466292986,2.8196851644222916
2018-04-03,2.625588613223125,3.2703500267870944,3.10707999131927,1.9861113966117565,2.801129471916374
2018-04-04,2.6289503024298035,3.2702522025035403,3.1124354003626675,1.996214776333127,2.800973781168337
2018-04-05,2.669133783995094,3.3080231417027695,3.148850019581771,2.0218102500273263,2.8346886312990027
2018-04-06,2.6595277534743618,3.2951137797890757,3.1380634387365878,2.0207954577078224,2.82256184890546
2018-04-09,2.6731833213443634,3.309745126295147,3.152842255341375,2.040400205806024,2.837445631398569
2018-04-10,2.6874949460562476,3.3329502136907645,3.1733776057714853,2.028285357742351,2.8512789830505683
2018-04-11,2.674273377609547,3.323907625301577,3.1650331476958256,2.0051954120762936,2.838574825630033
2018-04-12,2.6709661189631713,3.3027838765423576,3.1471683135134283,1.9984091691670758,2.821408656542515
2018-04-13,2.685573739952101,3.335424048849521,3.1770816777945177,1.9982317541952943,2.84396835640301
2018-04-16,2.692576496462589,3.3485762746083463,3.1899446582682245,2.006790894681389,2.8516562392694182
2018-04-17,2.694063703143435,3.3419958492022377,3.183219329544592,2.0111819875498886,2.848837983975442
2018-04-18,2.7323654768872765,3.3868386509903137,3.222807020330104,2.0404836836028255,2.8972353333960825
2018-04-19,2.7364323549460225,3.4102097035779324,3.2437036550376384,2.053911356016907,2.9173858330820672
2018-04-20,2.732863781441555,3.4119283959997473,3.2462482245728084,2.0598848143851103,2.9103818936393364
2018-04-23,2.7237139079173445,3.4163375825814555,3.2513703488732415,2.0600647011470254,2.915282327487779
2018-04-24,2.7471530077370314,3.4493775393102646,3.283007942198828,2.0655771800169775,2.942784205814071
2018-04-25,2.739409176739586,3.4444880009389047,3.281995537247124,2.058316601158473,2.916871084666425
2018-04-26,2.752269239562327,3.449908756107932,3.287118650912041,2.059130608212643,2.918911284994294
2018-04-27,2.770551405058084,3.4651063409331773,3.3011509881130627,2.0646447064835916,2.9336719739237154
2018-04-30,2.770551405058084,3.4651063409175475,3.3011074354342864,2.0644253606817267,2.933171205108532
2018-05-01,2.7755036226729093,3.4648305750018,3.3001632909356635,2.068774847686536,2.9322292209114784
2018-05-02,2.7711568848306585,3.4626563201769542,3.294168591790081,2.0587145179675055,2.9321323823315844
2018-05-03,2.7711568848306585,3.462656320159166,3.2941336500618443,2.058535741443624,2.931634976227027
2018-05-04,2.7711568848306585,3.4626563201588434,3.294106332048589,2.058457321034426,2.9310802090265544
2018-05-07,2.7704639789811374,3.461886437812855,3.2907764618343602,2.0667592919094027,2.9291680407738365
2018-05-08,2.775585027670177,3.4674003667839006,3.296261471024285,2.059068339341475,2.934589768195292
2018-05-09,2.7632774591188296,3.4511280763060364,3.2795184479763697,2.043723507629001,2.921814819566822
2018-05-10,2.774165738768116,3.4658459627131712,3.289264031288924,2.0463689680649724,2.9327072274421755
2018-05-11,2.806387185408375,3.4898131376902857,3.3094775095860656,2.0546575953813435,2.9525246708288124
2018-05-14,2.819628262153237,3.505379904296796,3.322252592233474,2.0578227434396457,2.960706228525526
2018-05-15,2.8137290491264144,3.5038449637412707,3.322069841742781,2.0449976648445305,2.956352826343569
2018-05-16,2.8013005772951023,3.493566252095025,3.3134239164705557,2.035230580091341,2.951274849278236
2018-05-17,2.816238394293658,3.516674113323375,3.3319864195230444,2.0538156905661356,2.9764267197438574
2018-05-18,2.8275818675667175,3.531607960626281,3.3468837261949544,2.0642788560760317,2.988452195107553
2018-05-21,2.8364615150349106,3.5285666134611358,3.340884583355744,2.060255987296276,2.9850026004419274
2018-05-22,2.831278810489953,3.520451958166712,3.3352386120910795,2.0488897381371878,2.9788356997683336
2018-05-23,2.7979107094355236,3.481189424353448,3.29988661651378,2.0256977494134354,2.94984998406889
2018-05-24,2.766746082700617,3.431942662962626,3.256192167999024,2.000960961185864,2.9134834347948932
2018-05-25,2.7684452313861825,3.4264838534435453,3.252554938294516,2.0035328217980135,2.9093535011390754
2018-05-28,2.7721816725921156,3.42476758054402,3.2518009990721324,2.0025049474316523,2.909329693654768
2018-05-29,2.7570562387507453,3.4019979698541998,3.2318766306708966,1.9940445945801055,2.888845748409254
2018-05-30,2.7151413355128073,3.3476350970574726,3.180956282677593,1.9669157916500615,2.84721712183375
2018-05-31,2.737744468629787,3.370965998695268,3.199557251418239,1.9896403820617172,2.8740158294182523
2018-06-01,2.7339870740665693,3.375362594128789,3.2025302783158676,1.9862548141707939,2.889688407876929
2018-06-04,2.771546569107518,3.427304652171333,3.2509563342755494,2.0156648278541653,2.934676058151089
2018-06-05,2.7793891458117073,3.4248205729901744,3.2484872115261685,2.0143020861585614,2.928833599055915
2018-06-06,2.7900175556620255,3.438527244689999,3.2631364870852755,2.016378180893295,2.939469930890875
2018-06-07,2.814375231397622,3.4607035050819572,3.281769933147335,2.03098141465475,2.957080972615081
2018-06-08,2.7984976442826843,3.4388311836912164,3.263405107785532,2.027699557826896,2.9396794070551273
2018-06-11,2.8120050935925693,3.44468815379438,3.2700502682090495,2.0349724104060147,2.9464513769386986
2018-06-12,2.8211684543352624,3.453625414892772,3.2815622554127675,2.0426061038039847,2.957435620439491
2018-06-13,2.832023738467905,3.465716867828419,3.2941776259967965,2.0467809077600814,2.968179183716472
2018-06-14,2.8039368468219905,3.4346087315888956,3.2665126604914354,2.0308294975203443,2.940673807883392
2018-06-15,2.817888410969038,3.441042300384576,3.2718656555288645,2.0550218738763677,2.9507222152289287
2018-06-18,2.7967503269596827,3.3972738020667905,3.232847843238159,2.0498766135709783,2.9217552106191955
2018-06-19,2.747197563726659,3.340603788236881,3.181126966680835,2.0047143165039634,2.857746846632065
2018-06-20,2.7813486459826153,3.3561389318912433,3.1970985271962116,2.019242108591228,2.867511625781774
2018-06-21,2.798317493578672,3.3494552960597113,3.1877256319646623,2.0249455287488263,2.874024835118704
2018-06-22,2.776588862074348,3.333089738893762,3.17324337166874,2.023977319550547,2.8603662464907904
2018-06-25,2.7545555639382395,3.3182013236437142,3.1601771229097806,2.0043802340190555,2.841643018832728
2018-06-26,2.755030265860174,3.3408642860008855,3.181802827537465,2.005467886379783,2.8661749545989497
2018-06-27,2.7463700265355033,3.3341914447594547,3.1753485259072587,2.01352406353298,2.8554676869522972
2018-06-28,2.746199991245353,3.3334743284874295,3.17371917538227,2.011385764858392,2.8542790270584693
2018-06-29,2.7504072808822264,3.3450238472195784,3.185358446640845,2.0090888662643263,2.8656026010744657
2018-07-02,2.6896663882318754,3.275063765171563,3.1194442633616823,1.9579211300999162,2.814495183350885
2018-07-03,2.6864121150866795,3.2627784199795493,3.107202346349977,1.9570163411673487,2.797007624079909
2018-07-04,2.6779652628258512,3.2589278587226285,3.105122158759281,1.9562813744764807,2.7940436394024077
2018-07-05,2.6569962507338976,3.2312709237113424,3.0808637411836184,1.9396860624857781,2.7687537708206142
2018-07-06,2.6867329182120048,3.2641372242160385,3.110369150688853,1.9581438130681528,2.8052806115968925
2018-07-09,2.7192920270006917,3.295585509506966,3.1367700241208345,1.9937799958497948,2.8767523020362513
2018-07-10,2.7371365804253407,3.3158635141141573,3.155732121185482,1.9925646386437732,2.890534618237942
2018-07-11,2.704498475071258,3.2743917761453547,3.1176743123443846,1.966559568648972,2.846723238883238
2018-07-12,2.736035445373547,3.279362375240629,3.120670637268051,1.9714062425491559,2.8616594743742767
2018-07-13,2.786517863309091,3.3155184085644804,3.152999988554003,1.9908404809649551,2.89995529269399
2018-07-16,2.786517863309091,3.3155184085483596,3.1529712407255692,1.9906670368700057,2.8997748132698002
2018-07-17,2.798850238708717,3.344803013162263,3.1832997503760736,2.0003309458387766,2.9221043537391527
2018-07-18,2.8107905213996123,3.35632656591942,3.193814529128502,2.0080491565713343,2.9335692913493716
2018-07-19,2.8071516216844876,3.3597280017924684,3.1956435259863896,2.0144130485511953,2.933829833667405
2018-07-20,2.7989145438396945,3.3418244458453494,3.179091752173326,2.0056792122151923,2.9173934097225205
2018-07-23,2.7618112057952677,3.3314754636689563,3.1743362555081793,1.9912948986325267,2.9064951774570265
2018-07-24,2.775805880872821,3.3553977858814568,3.1965718959315583,1.9980809073705117,2.9245013312815873
2018-07-25,2.7886018794077723,3.377356675597004,3.2144587595196175,2.011861642245138,2.956458015103335
2018-07-26,2.7852254987666756,3.400042304594281,3.2406296540549073,2.0177890119905446,2.9576688927522103
2018-07-27,2.800748083023708,3.4151609706563937,3.2530049753865344,2.0286165278443367,2.971178193992758
2018-07-30,2.780042794221718,3.4077619086944306,3.248984248183548,2.0175033205299377,2.946000199617819
2018-07-31,2.7811379081938323,3.3927748717013637,3.2339497540855016,2.0048744787012174,2.934377938281721
2018-08-01,2.8049344193032963,3.420460411992908,3.2580309064532598,2.0256972869374383,2.9581368517272506
2018-08-02,2.7760585253761754,3.389439012857407,3.2303448036692832,2.0131496286423567,2.92752017553252
2018-08-03,2.77761846669955,3.3710909624199705,3.2126553287187574,2.0019022799434607,2.9135102985998564
2018-08-06,2.775416196595963,3.359397454770715,3.198729848048758,1.9915644445902263,2.897588349913216
2018-08-07,2.7945812932159275,3.387817585929258,3.2266214498221952,2.0041108835181727,2.923193511752773
2018-08-08,2.7923086969016833,3.379786216394477,3.220524791234573,2.0049233294344417,2.918255694113156
2018-08-09,2.7866462327278603,3.36696710890241,3.207867162876374,2.0014744098018187,2.9069337883371293
2018-08-10,2.7496144251100265,3.335695711169667,3.1811057223102948,1.9723194789017853,2.864314206305473
2018-08-13,2.695277071120456,3.25494490072834,3.1094504415758424,1.92020596821893,2.7858885190721994
2018-08-14,2.756766504396567,3.3103033163294153,3.16137916966245,1.9526108767954586,2.835545694005141
2018-08-15,2.738040464906834,3.285874165677042,3.140342978720729,1.9432444803481919,2.817689829321706
2018-08-16,2.7365383259483833,3.2730358060751987,3.131069915079091,1.9337121358761862,2.8057472528296943
2018-08-17,2.746198787029419,3.2947002330587183,3.1511222408767083,1.9473598295651495,2.8177206030637922
2018-08-20,2.7373966910674983,3.2872627670558754,3.144457191094951,1.9445357451142515,2.814648400417116
2018-08-21,2.739953000656242,3.2859980287346136,3.1414644287029563,1.944838047936889,2.8174940811797713
2018-08-22,2.757564417875699,3.3165002608422145,3.1685508168294096,1.964152300669256,2.8392554456114714
2018-08-23,2.763516616403701,3.310547247766313,3.163826722304418,1.9563443834973187,2.834862821033559
2018-08-24,2.7870628914416837,3.321486029597624,3.1761839047663845,1.966865942653535,2.849836161694501
2018-08-27,2.8114627147350375,3.3523400706499986,3.204457321261156,1.9798034981090844,2.875766008713666
2018-08-28,2.8131681253434695,3.360199857750276,3.211947196137662,1.9819714460151483,2.8819428887281453
2018-08-29,2.817453207329802,3.3806822593019707,3.228822994594713,1.9915322939245006,2.8990294958517993
2018-08-30,2.8200771938541442,3.3801059118796717,3.225555565212887,1.9968789215135507,2.8979774093178263
2018-08-31,2.8195408360762912,3.36693877178911,3.212555664176013,1.9952663882789374,2.8879163332652507
2018-09-03,2.8000860051021474,3.333398590358861,3.1844716275127714,1.979936909780442,2.862624586424236
2018-09-04,2.798793640559732,3.3248337989870036,3.17598384840631,1.9738497127875119,2.85376142985574
2018-09-05,2.784480811631912,3.3041893795228003,3.1569797942335596,1.9645804568004597,2.8372476574549603
2018-09-06,2.773026309649562,3.283501859858443,3.1379198987772474,1.9541826797759299,2.8263121886425293
2018-09-07,2.7507218220846874,3.263668985527096,3.123284262917744,1.9563178316026997,2.8117581339399758
2018-09-10,2.758864007713731,3.271425307273264,3.1311232633363084,1.9653985098000566,2.820286987101398
2018-09-11,2.7948216547167353,3.292470533072017,3.1500924232149727,1.985290910791994,2.8435445716762677
2018-09-12,2.787413077435846,3.277223177578334,3.139499790270592,1.9894408085883133,2.8204923122433274
2018-09-13,2.814136074112752,3.3139788273920345,3.175723842916883,2.013450503104725,2.8547672853316155
2018-09-14,2.8478432823747326,3.3538487931496515,3.2100637567957517,2.018799776081518,2.891467478376409
2018-09-17,2.8478432823747326,3.3538487931331153,3.210025292885661,2.018699308087103,2.8910914083080326
2018-09-18,2.888026763940023,3.425513857777851,3.2801143351287623,2.0628388464581984,2.953175498115442
2018-09-19,2.9190989068910516,3.473689676345066,3.3246578444505466,2.083216800806464,2.993707955251195
2018-09-20,2.9193961073840335,3.484243758786606,3.3337607025422833,2.087208374601499,2.992770985816589
2018-09-21,2.9434418911922307,3.5317847207188757,3.376713903903424,2.111133587384123,3.0345666664079456
2018-09-24,2.9434418911922307,3.5317847207010984,3.376680535170535,2.1109105189658868,3.03413707120303
2018-09-25,2.952114413519448,3.5525869036796576,3.398768749891151,2.114309766049764,3.052432869102048
2018-09-26,2.9636476712240065,3.576508523455598,3.4188409997121387,2.1272166144704308,3.0806846576611084
2018-09-27,2.93441677443898,3.5403588365040566,3.3875927296458235,2.1141202873650045,3.0523081251210344
2018-09-28,2.9742833063699403,3.576061416759345,3.420156112768889,2.1426519924469107,3.0884967656923386
2018-10-01,2.9897861414856233,3.5824516233511936,3.423761922367676,2.1451644878061242,3.1025325308688916
2018-10-02,2.9928515935720688,3.5954641910398695,3.438710263137403,2.1513575312636637,3.095022415208061
2018-10-03,2.9731638672359204,3.56317320813898,3.407889532462585,2.132959760150732,3.060961660477711
2018-10-04,2.9564746385801812,3.561511779237484,3.4084326626993704,2.13529670429837,3.05331099473638
2018-10-05,2.932811313753229,3.535235514193006,3.38931526925992,2.11950395060592,3.023460598669105
2018-10-08,2.932811313753229,3.5352355141232064,3.3892903640996095,2.119378508916835,3.02297045795227
2018-10-09,2.8940507337378065,3.4800288934898655,3.3415593538315216,2.0822882796673245,2.9602439603634396
2018-10-10,2.8985699153020796,3.4865054130627677,3.346595299591961,2.0889594637999136,2.961956263784304
2018-10-11,2.785717541398089,3.3673848315906567,3.2379852460767657,2.008952581472577,2.8566884466868143
2018-10-12,2.798517393424035,3.373135663771959,3.2364900822159783,2.0041610118595425,2.85809113117586
2018-10-15,2.746312224170582,3.3294871234326235,3.1957695955509675,1.9856485999188236,2.8239715063600133
2018-10-16,2.7805854139224397,3.365754577388025,3.230225946383854,2.0148436568724706,2.859003389314729
2018-10-17,2.8165775015012113,3.4012882079631885,3.263893474642755,2.024741103084346,2.8836129911411663
2018-10-18,2.7940165159419883,3.3795056804513752,3.2483456929338583,2.0084379835043933,2.8687854658569316
2018-10-19,2.7784693656798636,3.35341422491654,3.22450954860608,1.9993032022912154,2.8474841368367816
2018-10-22,2.788672205618432,3.362534365560431,3.231994580286491,2.007729551173218,2.8507915957050147
2018-10-23,2.7141868739620096,3.26923850172156,3.144509213242433,1.9473056283038106,2.774862472624093
2018-10-24,2.7241011837623343,3.2660279215996413,3.1470546927483247,1.94983864619666,2.769868402301885
2018-10-25,2.6226835626993448,3.159423930253195,3.0489064259894456,1.894790292830241,2.6894366965469154
2018-10-26,2.6123092424115035,3.1501462472901527,3.043210739946838,1.89214601138055,2.6807881661723876
2018-10-29,2.6080181393454915,3.154332286027764,3.0472121814985713,1.8923790067626605,2.699329241072116
2018-10-30,2.645935045676217,3.184605238376497,3.074153257283349,1.899241173984442,2.7255047269023884
2018-10-31,2.703049562457177,3.2326773452294053,3.1179182763854576,1.9066955011851796,2.783771093338153
2018-11-01,2.674341295388334,3.215825207521854,3.0985830573805693,1.9010809432735125,2.7655465086365365
2018-11-02,2.74290381138559,3.2728294123999904,3.1440405673070595,1.8988731176554376,2.830843999240234
2018-11-05,2.7004019733004907,3.2419840344989965,3.1159850136152656,1.882666196529157,2.7961860167347643
2018-11-06,2.7310769658358574,3.280362525231917,3.15610967500734,1.8989040743104533,2.8305725400192374
2018-11-07,2.723437901624836,3.2597392897135404,3.134913392465367,1.8930107044197848,2.815067002001247
2018-11-08,2.772900589505854,3.3114871345012458,3.1839838529120637,1.9188200100115766,2.860821415389944
2018-11-09,2.7437164162991405,3.2996978537085946,3.181852414278157,1.906216913463178,2.8439457481191455
2018-11-12,2.7461371311735014,3.2925275065004564,3.1793277546567573,1.907401550701384,2.843394748952666
2018-11-13,2.6894924994507328,3.218752148534847,3.109225585820907,1.8715015232206227,2.785445591765225
2018-11-14,2.6939269042131175,3.2280905995372744,3.119479119530724,1.8714075066078144,2.7845876314704863
2018-11-15,2.6886416004704206,3.2252152894320054,3.1169194065002213,1.8830376037982823,2.775100941992502
2018-11-16,2.673439819338714,3.20841041704986,3.1058231977525548,1.8742712193739377,2.761095369929652
2018-11-19,2.690804613134497,3.2159886422329267,3.109210815819777,1.876695067684241,2.785966840887044
2018-11-20,2.661451368010382,3.201062487893913,3.0995038848469836,1.8756885764122178,2.759687479779214
2018-11-21,2.652131459196021,3.1764895057167357,3.0706643915796032,1.8551733201983718,2.7398749399590554
2018-11-22,2.6692732322004744,3.1916320041504016,3.0879234268572326,1.8624830674845023,2.758863707078432
2018-11-23,2.6692732322004744,3.1916320041341626,3.0878895949758607,1.86235542341367,2.7584276189796544
2018-11-26,2.6896750585866154,3.2130367467260608,3.106666741285285,1.8798614753763538,2.776104035940952
2018-11-27,2.706988071097155,3.2373430334991906,3.130832904592439,1.8923599150117223,2.799838140437898
2018-11-28,2.7346862418389586,3.2574369388160056,3.1436659025196323,1.9124638871314446,2.8129236704042535
2018-11-29,2.7452392677716886,3.2693459816688146,3.152856935827398,1.916586139356993,2.8223580394761125
2018-11-30,2.7561475374055115,3.278851109165904,3.159119085113891,1.9210355436926605,2.83067620707056
2018-12-03,2.7837322710061527,3.320536257213847,3.197966153887463,1.928731204085681,2.859272751680997
2018-12-04,2.71730314396095,3.2396430840767096,3.1222104086816094,1.8885432380777236,2.793632208069349
2018-12-05,2.702910114251799,3.217184897466431,3.101408665469448,1.8823387457214211,2.7775730954891893
2018-12-06,2.6514014634956746,3.16287922921497,3.0532086524483164,1.8560405956843722,2.7385342539392092
2018-12-07,2.67323510262961,3.1691587772342715,3.062904720741529,1.862243468593661,2.739622761219638
2018-12-10,2.6166128693232493,3.110551666734647,3.008223698799454,1.8313083324395854,2.6817159633116945
2018-12-11,2.6077984903587823,3.0740394360863057,2.9760616611076194,1.8252307084452826,2.6487704802992122
2018-12-12,2.663872082884744,3.137818841972601,3.033851566429477,1.8634097070783338,2.699254864729946
2018-12-13,2.6901916672231208,3.170705239403332,3.0637192493015952,1.8696262874196283,2.7245304851413037
2018-12-14,2.6357668871566036,3.1144201680872636,3.013625616118131,1.8365040989328456,2.6853543853020216
2018-12-17,2.652050295041942,3.1188114275306793,3.019087806134177,1.8467272247973134,2.6872372744045063
2018-12-18,2.6037821893693445,3.070609154525573,2.9733471867466217,1.8181638958673185,2.6441839497880864
2018-12-19,2.588056333462331,3.0548008613924624,2.9573200819184926,1.8083597926025405,2.627366953481198
2018-12-20,2.5146439582048017,2.9668129302992488,2.875566351119099,1.760337680271715,2.5686113815908427
2018-12-21,2.4867273426922245,2.9106589458460648,2.821350700197765,1.721944842820985,2.52805343255324
2018-12-24,2.4867273426922245,2.9106589458313956,2.821337143036438,1.7218438098428919,2.5277103033848496
2018-12-25,2.3621271198038967,2.7759377691073164,2.694489760718349,1.6469244353876744,2.4127459848453237
2018-12-26,2.3832529208107056,2.811738843034792,2.7279486200805088,1.6640927205105096,2.445103064925287
2018-12-27,2.47580558583992,2.930771056353998,2.839918337063086,1.7349497441567212,2.549062087600854
2018-12-28,2.468055492919608,2.927925553244674,2.8382093783155273,1.727542377936877,2.5372939615813745
2018-12-31,2.468055492919608,2.9279255532304216,2.8381975076106807,1.7274587181185317,2.5369796618232128
2019-01-04,2.4122188900898327,2.88417848100158,2.7991625516821337,1.7171055787410374,2.5127358142133227
2019-01-07,2.471039780851973,2.9720805826362224,2.8813095741542667,1.7463990808260657,2.584841239784807
2019-01-08,2.491394642816614,2.9962519210411434,2.9001741698078307,1.7459254834957423,2.6067051786754836
2019-01-09,2.5188958038313034,3.0288034252779634,2.9307550749782876,1.7547022146951645,2.6444210775448513
2019-01-10,2.4864327914743014,3.0108721717937206,2.9161033659717566,1.7502226026730334,2.6416469323678466
2019-01-11,2.5105893631486014,3.0324455099644787,2.9351211462366855,1.7628615413870357,2.6675718105129613
2019-01-15,2.534707881599327,3.0679582659860842,2.9644356665909934,1.781738514556234,2.699208681726523
2019-01-16,2.5208304971539315,3.0464087075252877,2.946400278419316,1.764332666070983,2.6803358029648403
2019-01-17,2.5158387812564085,3.0543620379809346,2.9560177886389383,1.7687756257707972,2.68727364038377
2019-01-18,2.5483685071762596,3.0983039273408695,2.9954928116998407,1.7916124566204548,2.7510848771115106
2019-01-21,2.554936060047511,3.123019758030802,3.016794461798887,1.8086524884071091,2.77360432211679
2019-01-22,2.543046354425924,3.1008524936017516,2.999589388909058,1.7900711621832277,2.7633744393916615
2019-01-23,2.5394469529934973,3.08860268953215,2.987165409502857,1.7803930579825407,2.7508915130283444
2019-01-24,2.537092951681986,3.1022818930384024,2.9980611762197986,1.7969198587681847,2.7608586196237255
2019-01-25,2.561623311982792,3.135996650612526,3.024104406648389,1.823045011735593,2.776776387062411
2019-01-28,2.5462635377202947,3.1124110845349544,3.000320994791096,1.811978966555062,2.7612823205828114
2019-01-29,2.548192209963244,3.110421978587895,3.003551522788513,1.788690890228173,2.7576686142012874
2019-01-30,2.5348620212391246,3.0927937983349874,2.9860175170613017,1.7775626699029246,2.7449090301347523
2019-01-31,2.561614641628054,3.121007865199867,3.0112388032339164,1.794915211032061,2.780472228890759
2019-02-01,2.563452034303061,3.095439757865527,2.9834963385365816,1.7744067758763742,2.761993167166655
2019-02-04,2.5752133705058804,3.12455045664346,3.0090089667903586,1.797520845353169,2.7855329019787574
2019-02-05,2.5703647154615434,3.1379115633430628,3.0218006398180646,1.7943434428591185,2.7937861924211083
2019-02-06,2.5740161390224015,3.1468230896839255,3.028062467128856,1.8054478974998587,2.8020622340646817
2019-02-07,2.558875772903426,3.1037150171170156,2.987288799664672,1.784892435941953,2.756858984936321
2019-02-08,2.5073179901371168,3.02344021992248,2.9157801712378717,1.7182321247483923,2.702067970953073
2019-02-12,2.5728015668294453,3.094775581375261,2.9787138179613835,1.7747784976240581,2.7499356924733425
2019-02-13,2.6073620825036103,3.1286764440545953,3.0063708477447038,1.7984411593704628,2.7765306797809397
2019-02-14,2.6067739434405133,3.1275986771744546,3.009943493894509,1.793338784735894,2.778482449651979
2019-02-15,2.577292569740818,3.099272193428511,2.9870143251222254,1.7697372572915562,2.7538586953668687
2019-02-18,2.6243013063876437,3.1569898223904103,3.0384610734924213,1.7955993946886728,2.803885100217098
2019-02-19,2.6268662863311265,3.163524163833027,3.0495393903568457,1.7921957459678048,2.8096329253583803
2019-02-20,2.6427537480167387,3.1774678306174664,3.0626026809879754,1.7936403741331184,2.81395130997652
2019-02-21,2.6467910023634613,3.1810001581192076,3.066979166575694,1.7925253350720096,2.8207698703257678
2019-02-22,2.642016286177589,3.170788363367663,3.057166737700128,1.7895747756401164,2.811516520312209
2019-02-25,2.654682951921023,3.188733432567101,3.072875749598157,1.8015503226008354,2.826522099205075
2019-02-26,2.6449610758272564,3.1791681061810064,3.06526528945207,1.7983020475395992,2.8151116571834263
2019-02-27,2.6581701204282235,3.189198195038271,3.076349091844112,1.8047258088805413,2.8231820099464677
2019-02-28,2.637040706773607,3.1587839051967537,3.051847572337862,1.784429136624802,2.7881849830128007
2019-03-01,2.663864616745942,3.1741736209358855,3.064317984192696,1.8009773117430175,2.8043930147807896
2019-03-04,2.69091299256873,3.202331914899742,3.0840406534208187,1.8207324199058634,2.827571076778945
2019-03-05,2.67910469194441,3.177964129393994,3.0659928761517046,1.800506651496269,2.7984220636581263
2019-03-06,2.6631396787525254,3.1699721705231556,3.058015443996489,1.8012135048974998,2.795339918082674
2019-03-07,2.645777293388614,3.1372393887746624,3.0348998395869407,1.7839127740857397,2.768409680039541
2019-03-08,2.5926978633656925,3.065463956977868,2.9739194600653645,1.7502380143696488,2.704493183947587
2019-03-11,2.604970991341273,3.085149889905603,2.994145463073631,1.755971551859671,2.7263659749677203
2019-03-12,2.6516567572740883,3.141005860400937,3.04446804692607,1.7900312690994715,2.7848298010959054
2019-03-13,2.6253359687197753,3.103273280032899,3.0113461749238377,1.7738568710402312,2.755624323299737
2019-03-14,2.624938818304113,3.1104664747937156,3.0183253565889534,1.7837424043352705,2.7633063998579614
2019-03-15,2.645140985688081,3.126938137907477,3.035078658309694,1.7924109423616363,2.7743992095429753
2019-03-18,2.6616216441437213,3.1438120312004405,3.049166617847391,1.8013081727240277,2.7805183554556483
2019-03-19,2.6594451442611624,3.1498204445861253,3.0538810367400933,1.796570187293719,2.7854438220546283
2019-03-20,2.664632906513051,3.156502613122984,3.060616841222212,1.803285026857545,2.7849081254281254
2019-03-22,2.6669042986113594,3.167192974670453,3.068652622011122,1.8141711083007603,2.8014423956252847
2019-03-25,2.586723266421282,3.081728354483984,2.991534245076202,1.772941246368765,2.7232001424859047
2019-03-26,2.642371529878681,3.1605081660589924,3.0674661064668833,1.8202439833283586,2.7592025226946784
2019-03-27,2.6362478510014054,3.16625921936808,3.071313852463326,1.8217564317646993,2.7638504436625912
2019-03-28,2.59370892306548,3.123110108537656,3.0302674883703205,1.8073028449052382,2.7238042743441815
2019-03-29,2.6149247994242946,3.1448212909651088,3.050507950276921,1.8234602559095812,2.7399137668362403
2019-04-01,2.652315222547842,3.2007521973079323,3.100021692084476,1.842509901350616,2.783481272007447
2019-04-02,2.6518566571194486,3.215207667287925,3.1073775727420445,1.8449740136014428,2.786856815103368
2019-04-03,2.677493210178979,3.229419204467208,3.115535879790314,1.8501512040949948,2.792743050621253
2019-04-04,2.678940677733939,3.2255417000914455,3.1102678387654596,1.8469961940886161,2.7879156952913746
2019-04-05,2.6891201558833506,3.245860028074021,3.126222394811414,1.8584662049572502,2.799562608725681
2019-04-08,2.683466362064266,3.2279219324136394,3.1109559193287524,1.8414841449452064,2.788354537127474
2019-04-09,2.6885146761107768,3.2217241820394245,3.1014819838638266,1.8484473361162368,2.780267222372762
2019-04-10,2.6743314208176607,3.2028890720173533,3.0831406933010728,1.8376009397931194,2.769384153704489
2019-04-11,2.67726754011259,3.199458093777848,3.080771711132055,1.831827574207536,2.7707218274983747
2019-04-12,2.696896259867879,3.1882216466645086,3.0696022546263406,1.8321036010490905,2.7492821997565255
2019-04-15,2.733710826930875,3.2373957117289884,3.1129306508571712,1.8705772203335715,2.793543849942952
2019-04-16,2.7401909537251794,3.2299949844948452,3.1045297411344577,1.872924183078051,2.8190661838000706
2019-04-17,2.747134703654808,3.2467553760340295,3.1168974972504784,1.8976993951792955,2.8197758410462646
2019-04-18,2.7239704059116954,3.211470741838325,3.085181323216619,1.8795877915319115,2.792857101083806
2019-04-19,2.737589124774058,3.2190967610030694,3.08646804699208,1.9092751963323362,2.784220306477822
2019-04-22,2.7397273305898553,3.219232441477187,3.090621322019449,1.8943388656915894,2.7871495933855233
2019-04-23,2.7448866733456567,3.226507965267238,3.1004560709288533,1.879225685644048,2.7922828623109845
2019-04-24,2.7375200027793376,3.1971084799716363,3.0722381036814963,1.8688566011138985,2.7666729249072457
2019-04-25,2.7507858863724794,3.2152555544747257,3.0915474488863324,1.8767075993786153,2.78562887387916
2019-04-26,2.7447621574178838,3.2045094273205343,3.08267806232135,1.8664319470186557,2.774542771061339
2019-05-07,2.7034515297365838,3.14383942941114,3.0318841431842274,1.8071797797189733,2.719909231016487
2019-05-08,2.6638523337433955,3.0828076375340516,2.9751721973492065,1.7741712357165955,2.668963800665627
2019-05-09,2.6391333932270262,3.031730688024879,2.929015064969926,1.7474997646771646,2.622693815415626
2019-05-10,2.632078614588107,3.023113220447654,2.9228777923954516,1.748901867823343,2.6209097703128386
2019-05-13,2.6131329261116645,3.0090921346615858,2.9112887613208267,1.7467446420026917,2.6110383100822125
2019-05-14,2.5978362527642083,2.9905440301607085,2.8908709238567263,1.746250668037002,2.5935754766604737
2019-05-15,2.6127976723951076,3.002582218979257,2.899805862900668,1.7505253236903926,2.607901975034902
2019-05-16,2.5973121779889015,2.98469585802926,2.8842948692104105,1.7510981449252494,2.596066846278938
2019-05-17,2.620384955320885,3.005880027515323,2.907322957204841,1.7729809203992748,2.615363665317122
2019-05-20,2.626752849189963,3.0096644507129913,2.9144752203128204,1.781155716522229,2.6240858293652356
2019-05-21,2.6231421281277383,3.0012137279207125,2.9075890645824476,1.7699840223949452,2.6171251232768236
2019-05-22,2.6244886823872697,2.997349973760039,2.902706133080336,1.7651311184668534,2.6086485065025684
2019-05-23,2.608183357771898,2.9744406105730308,2.8845594523259805,1.7653066633714982,2.5887232309562624
2019-05-24,2.6040006341401174,2.973465203771084,2.883382759620042,1.7700818133671226,2.5837195213930277
2019-05-27,2.6120602105559576,2.977772277137536,2.8874941500437976,1.7735671862000781,2.5810038485652225
2019-05-28,2.6216243343621204,2.9827538275696868,2.8915509519183216,1.770854931340638,2.5961053220764354
2019-05-29,2.589961403072935,2.9559939283815977,2.8664224835376118,1.7516098700543272,2.57081544624207
2019-05-30,2.582459137792233,2.958837099591432,2.8686517501718902,1.7352163365322377,2.5871321722260654
2019-05-31,2.540367937341278,2.911446526088756,2.823106216789283,1.7170212210336155,2.532763635814573
2019-06-03,2.516900658868691,2.8838533343140043,2.797599906902705,1.7155490576017862,2.504308361116047
2019-06-04,2.5166118878872603,2.909651602734225,2.8177606413228693,1.703208890440957,2.5463482905294947
2019-06-05,2.5619364081261264,2.971505698892345,2.8747546837074625,1.7262212993990647,2.6046778213069306
2019-06-06,2.56168231856365,2.946117300556671,2.856219168874518,1.7186998685999684,2.579330698891565
2019-06-07,2.5753294569221,2.965804771147509,2.8700839573239603,1.7262411977733236,2.599207268760273
2019-06-10,2.6061214992464365,2.997372892982879,2.8985037819166877,1.7431951211876902,2.625604777408856
2019-06-11,2.6147359783655433,3.02153332592772,2.9184025837109973,1.7539720031850485,2.652940305519624
2019-06-12,2.605542030538078,3.007299253829183,2.9074802144532432,1.7398267971577501,2.6381207403923073
2019-06-13,2.593491923353828,2.9819644923554334,2.8851847900622185,1.7307556635381236,2.60973678209753
2019-06-14,2.6039599316414828,2.9859212262285615,2.8889514860108068,1.7358084285676214,2.613225980393292
2019-06-17,2.604836600842823,2.971399252356596,2.8754158648438843,1.7289188285484995,2.599062373142636
2019-06-18,2.5861808875637475,2.9498293755726923,2.8559452369621634,1.7146625703123144,2.5756112179914634
2019-06-19,2.6307159238350324,3.0073643999470536,2.9060966558808747,1.7441187227142199,2.622406224837894
2019-06-20,2.646621930446057,3.018492466803213,2.915446576492559,1.7487130371748265,2.6338007503244114
2019-06-21,2.621439366794364,3.0030626172758605,2.8986388753053425,1.7404320887310185,2.615636616321645
2019-06-24,2.624811893944466,3.0073370346615036,2.9009248949774387,1.7447148163332307,2.619511758336768
2019-06-25,2.6134450588822498,2.998859264264045,2.8954982586310862,1.7327880014907668,2.6079118197754587
2019-06-26,2.6002234904355492,2.9925265467099047,2.887562569579032,1.7311538230899994,2.6049988921370577
2019-06-27,2.6312462605332056,3.0340614953094507,2.920736122676567,1.7665668622111468,2.6385534287163046
2019-06-28,2.623570106471358,3.0246840915429143,2.9127070719878616,1.7616654125153444,2.6310159769233192
2019-07-01,2.6795598855681804,3.0939137500115095,2.973366710040395,1.810527424052008,2.7035274152084
2019-07-02,2.682556215659905,3.1037740666037243,2.983502514901409,1.8121826075165126,2.711105335713671
2019-07-03,2.6682385698683415,3.0754687650419874,2.960481406936108,1.779273861803693,2.6953388519371084
2019-07-04,2.6761661642176064,3.091054332207119,2.9745212506240395,1.78938990992638,2.707970833034485
2019-07-05,2.6815834500268787,3.097229360405951,2.9789224317966947,1.7973080450471315,2.7168825900428866
2019-07-08,2.6554375136264596,3.0689852508431,2.952412696329855,1.7866091890242775,2.6860124776975254
2019-07-09,2.659235610688311,3.060626599105301,2.946989507657441,1.7681087427942637,2.6721624706789378
2019-07-10,2.6553303384081635,3.049481816889732,2.938038379666438,1.7626697467966992,2.6605027943861526
2019-07-11,2.6689006477899024,3.0664081463028783,2.9529327493226574,1.7755031843861622,2.6818461610076896
2019-07-12,2.674125499892617,3.0614632264648787,2.9497372825238437,1.768014395497577,2.6791569739321113
2019-07-16,2.6555485423357497,3.0447984718644885,2.93346615508071,1.7594298762304972,2.6611104401035273
2019-07-17,2.6474012989997755,3.0431629022842404,2.9321047005908407,1.7562372382042366,2.660989262584699
2019-07-18,2.5952479110315663,2.972872502323427,2.8649391175094596,1.7146364810825803,2.6024731356408317
2019-07-19,2.6471313137869448,3.035417822686337,2.922626317840558,1.755403480745692,2.659343969211179
2019-07-22,2.64094092134682,3.0261797765757508,2.9115420458431673,1.7551466746975326,2.663097829380362
2019-07-23,2.666107830191346,3.054941491029988,2.9352301625659627,1.7808999643493562,2.6905469228342676
2019-07-24,2.677044278478069,3.0657478757943317,2.942661794266267,1.7940500501209944,2.7002736863985737
2019-07-25,2.682837520502532,3.065894418462423,2.93910191318966,1.8115814219352635,2.7118466061746482
2019-07-26,2.670703599889143,3.04537003528142,2.9225560456659267,1.7986656862191548,2.6881430259839063
2019-07-29,2.665604708773324,3.033475354215259,2.911211495357122,1.799440810895996,2.681026589021995
2019-07-30,2.677012246334174,3.0481162069295307,2.924322006981365,1.8139053381439734,2.7027353359021826
2019-07-31,2.6538566189457997,3.0201066271929387,2.8995867764952967,1.7924663504356158,2.679391579477604
2019-08-01,2.656256380462876,3.013730426097849,2.8933445272796843,1.7925202874371846,2.675906597006513
2019-08-02,2.6002938166462046,2.9293196072585137,2.815384890987228,1.7461445567116047,2.6068433360184673
2019-08-05,2.555054314052414,2.8703427573687046,2.76191140542256,1.7183112077687253,2.5657425419525177
2019-08-06,2.5384098822294905,2.8637841104114496,2.7537743016650715,1.708908275405244,2.5604982607601707
2019-08-07,2.529932202040703,2.8453411701413627,2.7409179681891986,1.6991290203773173,2.554897130434364
2019-08-08,2.5394011927879294,2.843462481101215,2.7386708261573687,1.7049886011454525,2.5603910905045417
2019-08-09,2.5506806017731987,2.8521675758934886,2.7463895757098267,1.7128965463663577,2.571018309407224
2019-08-13,2.5223952553410465,2.8073670074825348,2.704622225203132,1.6955203280106024,2.526823925673471
2019-08-14,2.5470195444848533,2.8357151282702313,2.728536473390104,1.7097629322960244,2.5473087661477947
2019-08-15,2.516255680813417,2.8024050018727262,2.6985320315318972,1.6912032546375508,2.5125622252504636
2019-08-16,2.5178784822086455,2.808031492140178,2.704880772196821,1.6953154648107536,2.518710552158405
2019-08-19,2.5356784796436656,2.830024189431469,2.726361311369878,1.704639922671832,2.5379469926274902
2019-08-20,2.5497434809318755,2.8516778723624685,2.7450441169307336,1.715917471923976,2.5555020232647827
2019-08-21,2.5425112008640034,2.8299985448882685,2.7243888758685006,1.7094755429947268,2.5352952724233773
2019-08-22,2.5436751959876513,2.833070732867974,2.727685143517775,1.711598297494145,2.5348552500849193
2019-08-23,2.5538977850675684,2.841273701775173,2.735072544516453,1.716657367525729,2.5433289863554442
2019-08-26,2.498423410391314,2.7903353500431898,2.689363920749168,1.6933978624588968,2.5040195375506236
2019-08-27,2.5224742519064414,2.8136943792322007,2.710133045231919,1.706506053435197,2.521881667486204
2019-08-28,2.52535232799326,2.813781312124208,2.7115672191997096,1.7122159759773363,2.5240049262825486
2019-08-29,2.523072265540213,2.81771786548579,2.7149141725508406,1.7086264129097084,2.52184563664539
2019-08-30,2.553091201233697,2.8624338548523602,2.7540710311746213,1.7235205068072126,2.5608569762325146
2019-09-02,2.542710859866176,2.8500803376532775,2.7407078595875007,1.7143692072881298,2.5515966492323963
2019-09-03,2.543323805777553,2.862831289469389,2.7517735919298145,1.716228648280624,2.56548958774064
2019-09-04,2.546280878429767,2.85256580212657,2.742941290449793,1.7160966474651196,2.561521609434986
2019-09-05,2.600143289654216,2.9135167435869147,2.7955777997211655,1.7467893838560797,2.61385112903217
2019-09-06,2.614155305441246,2.9282113564861048,2.808326077566772,1.755957255366004,2.6266253702047435
2019-09-09,2.6288108542244246,2.9507594424626165,2.8314686757283036,1.7687212041680986,2.6496978249905863
2019-09-10,2.6378964226176578,2.9911685914657515,2.864999710020061,1.7830341758230441,2.675184442881128
2019-09-11,2.6632567285414908,3.0540973860828613,2.9237477989313385,1.8262295943071207,2.730423425725208
2019-09-12,2.6832146809336566,3.076980552394858,2.946134764852799,1.83799040160408,2.740631570232601
2019-09-13,2.7114135646616107,3.1054217898658583,2.975469595529716,1.8460250425625593,2.7586391288027743
2019-09-17,2.7130204704064855,3.113613589372274,2.984144764957131,1.8515801246733428,2.7735212744479116
2019-09-18,2.7080128588586088,3.0914877154455245,2.965861679939262,1.8243703464350673,2.744365040044878
2019-09-19,2.7183387696658263,3.103037344207106,2.979642051063782,1.8223881476655541,2.748004916963937
2019-09-20,2.7226103644336765,3.105876869502689,2.9822848066771286,1.8191900793409144,2.754250217162633
2019-09-24,2.725045770742456,3.110482851340192,2.9881010267115395,1.8149346187584348,2.7584506168920946
2019-09-25,2.715342439574102,3.1075669403739345,2.9879397479527308,1.811513980979154,2.7646687759371047
2019-09-26,2.718806246292146,3.1214959945549348,2.999323863777932,1.8270268176618876,2.7788708094786605
2019-09-27,2.697924660277139,3.1107640334027176,2.988858303195956,1.8222892154851074,2.767882171735346
2019-09-30,2.682749853582397,3.081489168842691,2.9603553885489786,1.812498803066722,2.746332480673011
2019-10-01,2.6987064372627305,3.1218988560876295,2.995709180845629,1.8472928127281223,2.7790824545937696
2019-10-02,2.6855576034585584,3.103547370931452,2.980080565478786,1.8324276384536307,2.7516673238300706
2019-10-03,2.6316865218793715,3.042095690231996,2.92039705208948,1.8011617933355635,2.7011123074981773
2019-10-04,2.6401283164332687,3.0486572009587047,2.9275944848585294,1.8024075857785953,2.699104627072853
2019-10-07,2.6358186684418436,3.044103663770475,2.923280601460776,1.795859890429261,2.6963038067264513
2019-10-08,2.662026019854994,3.071513955138603,2.9481283786279535,1.8130350432654088,2.721338702587279
2019-10-09,2.6458230535941745,3.0512419227907635,2.93128252722371,1.7976396567835367,2.7014297427889082
2019-10-10,2.657611605077145,3.0633280173518442,2.9412716917505315,1.7994405404257383,2.714678692717507
2019-10-11,2.6880558698391916,3.103324671650145,2.9774866000571465,1.8118739331028726,2.760079510862076
2019-10-15,2.7384091958264065,3.158899957122872,3.0290802411231788,1.840191833827034,2.8168631350951725
2019-10-16,2.7711742255401335,3.176868208308594,3.0467556675499288,1.8473288922204667,2.823861249370444
2019-10-17,2.768577213452756,3.1645045898367914,3.0338749041043784,1.8397833010227713,2.8132269230490436
2019-10-18,2.7736108360648486,3.1715091782613967,3.0370151214408225,1.8519945228129544,2.8293451148505904
2019-10-21,2.7805435072078666,3.185405245164208,3.05295333949064,1.8587407217697056,2.837510677963262
2019-10-23,2.7899744447315182,3.2142364981647833,3.079775952637731,1.8762279722447581,2.848575448885544
2019-10-24,2.805415383148096,3.2400763548313924,3.1011198395281774,1.901131118489549,2.8914154692775083
2019-10-25,2.81148366809232,3.242806453814293,3.1015763059352333,1.9131543470434815,2.9023848166895574
2019-10-28,2.8198021509343807,3.251879290046466,3.1065514392710822,1.9390151391794959,2.921939055143267
2019-10-29,2.83297940423464,3.2779519219389655,3.1317047965385405,1.9553519025191461,2.945941865031268
2019-10-30,2.816824124924882,3.260612574682318,3.119344605740744,1.9287264737095686,2.9230937372233896
2019-10-31,2.827172434148508,3.2575278037090936,3.1180261594307352,1.9135839462581137,2.914812381378152
2019-11-01,2.817767507689072,3.2420827419178546,3.1070554732608273,1.8905300121693975,2.9039530720421527
2019-11-05,2.867242719415823,3.301597453086951,3.162771244679447,1.9148566548432775,2.961435423244685
2019-11-06,2.873633975074057,3.3194992723023073,3.177644998959339,1.9249487730506594,2.9698952833877446
2019-11-07,2.876901735437735,3.319453154850403,3.17816514470866,1.9223789834257763,2.9702074555545117
2019-11-08,2.884491426795384,3.343430329080657,3.2010827146404495,1.938700518990931,2.9921340913148806
2019-11-11,2.877089111437362,3.3393118485958166,3.1985888285295934,1.9284504460996614,2.9800357035272107
2019-11-12,2.9002926666199853,3.3603911679272196,3.2165887601621224,1.9463311847118943,3.000138804373126
2019-11-13,2.8756129835431268,3.3305650286888318,3.189967232045256,1.9268075215645686,2.9729882861017503
2019-11-14,2.8536242413966466,3.295461981105384,3.156272327317836,1.9052446777977599,2.934025588281799
2019-11-15,2.873572319218138,3.321461941245443,3.1827856981645626,1.914286122802467,2.9448713937194073
2019-11-18,2.887560732372824,3.3170174367158687,3.1779867452427095,1.912956632729063,2.940302402393404
2019-11-19,2.8722565928865653,3.302546631545121,3.16783319044228,1.9035215044176192,2.9136502921044567
2019-11-20,2.8544898318113763,3.2820984694821274,3.149575082792208,1.8951728848404839,2.8940861592947216
2019-11-21,2.8409267477252524,3.2696720662417196,3.1416225972003056,1.8870074987984564,2.883399983531891
2019-11-22,2.8500889042520097,3.2767679833981567,3.145994031826149,1.8918005410817365,2.8916027859185234
2019-11-25,2.8722763420279143,3.3092738322583415,3.1754990989968848,1.9013810692445043,2.9156016996263294
2019-11-26,2.8822041390467215,3.310236828915415,3.175467033638924,1.9023861557132977,2.9312211674848
2019-11-27,2.8901514825373353,3.3250160281292134,3.188499199447177,1.9065582491784658,2.9477099545646523
2019-11-28,2.8866212030996294,3.3199267694962633,3.1835665617483557,1.9084743303615457,2.9465596277123276
2019-11-29,2.8724119367422976,3.3033563340779444,3.1667863556060625,1.9033160526380064,2.9345613102095776
2019-12-02,2.9014629236664997,3.3381342356031634,3.1984810416107305,1.9229364611917674,2.9644409838584984
2019-12-03,2.8830044609577254,3.312728589699748,3.1738721429753487,1.9098930185886789,2.9431257018793637
2019-12-04,2.852844872842927,3.2977831576754038,3.1625159093613227,1.8998602284669988,2.9254671349126475
2019-12-05,2.8731739645865395,3.333764914100197,3.1927423794712197,1.9201701912442612,2.9610606358224443
2019-12-06,2.879871091092494,3.3421454800817085,3.1981631609371903,1.9302672865298451,2.9729071777075986
2019-12-09,2.889279630199738,3.3672417816371367,3.2209170916779355,1.9369797549009942,2.994358362966039
2019-12-10,2.8867505358911454,3.3556099552483762,3.210582960397899,1.9310070067613982,2.983622988870039
2019-12-11,2.8844902225794473,3.3525987338539474,3.206098464660786,1.9313373792758237,2.9848910054013307
2019-12-12,2.888553487990386,3.3454349031277397,3.1988747386333407,1.921904094514452,2.981323961452503
2019-12-13,2.9623295364605586,3.416579916378547,3.261945299057118,1.957756703581444,3.051997345692062
2019-12-16,2.9536052328480973,3.4024600133756797,3.2506301463093425,1.949954869053368,3.039908741766074
2019-12-17,2.9676343485014174,3.4121234698622365,3.2603674870357424,1.9548216526811193,3.0375739466581426
2019-12-18,2.9513954966057074,3.39420111639077,3.2461764803762114,1.937346539477377,3.0221936252813264
2019-12-19,2.942815458062368,3.380335722240855,3.234040039032139,1.932839713455109,3.008399671478981
2019-12-20,2.9368695214572322,3.3781773088232425,3.2295567061263797,1.9360596629406286,3.0040419389505675
2019-12-23,2.9374217748854394,3.366192485038772,3.2194088537750045,1.9209626725448603,2.9998885825023858
2019-12-24,2.938589623500082,3.3634266309763237,3.2151551298660412,1.9191515539062434,2.9961408976363124
2019-12-25,2.932706306123613,3.3421683901264445,3.1962026503692194,1.9116741240762576,2.96947776450876
2019-12-26,2.950222831127321,3.3653371614459595,3.216863409255892,1.9238545803361844,2.9931382042037518
2019-12-27,2.9394701461924173,3.3767453569388137,3.2273833649169266,1.9278828607715253,3.0073498276279866
2019-12-30,2.9171382025042036,3.3495026222424067,3.201779933951457,1.9134764838616676,2.9824501557921734
2020-01-06,2.861430932465945,3.2975732426283635,3.154539645189296,1.893726273753179,2.9402614773153846
2020-01-07,2.9071624776911476,3.3473859916148703,3.20407948448197,1.918443672047503,2.976412739441862
2020-01-08,2.8614186494633986,3.2909761809961062,3.1520491602449483,1.8872836152105785,2.9205950747376144
2020-01-09,2.927403902514626,3.3464211195845115,3.20257874520083,1.9224909799430892,2.968469707656387
2020-01-10,2.941054653520884,3.3574044156266982,3.2106992729586663,1.934922505765485,2.9892675445025496
2020-01-14,2.96258483023897,3.364471912417689,3.2169985769358314,1.9421659935404854,3.0008127663728734
2020-01-15,2.9491944307180553,3.3442620194501917,3.1992747432846387,1.9196902477016664,2.9728149338437895
2020-01-16,2.951235335886231,3.340269432411311,3.1960204266948105,1.9109833330312034,2.961402449728094
2020-01-17,2.964568896414971,3.366456625824595,3.220198348605581,1.9117311853891612,2.981474235992756
2020-01-20,2.96977881624008,3.380018702036741,3.2339053303857512,1.9167320755014037,2.9960464457586835
2020-01-21,2.9427798132706644,3.357975814816299,3.2142525415745857,1.904269820953863,2.973050493052768
2020-01-22,2.963346858083212,3.367385752471704,3.2230423195769795,1.9148688849542657,2.979258641974661
2020-01-23,2.9342563728763125,3.3250638853599823,3.1849907569595404,1.8980157294912057,2.937364978504921
2020-01-24,2.938170315511199,3.3248619995118682,3.184960294211875,1.903159113699164,2.9375826356548167
2020-01-27,2.8785281494807697,3.2652575930022634,3.13178767149362,1.8735065723364912,2.882312267662101
2020-01-28,2.8627690572139253,3.2401808297867976,3.108608922844775,1.8612089816153963,2.8625423567496817
2020-01-29,2.8829538838884163,3.2585157688761366,3.125910978062684,1.868081573697132,2.8752473721016587
2020-01-30,2.833425686660485,3.209054344148931,3.0812172834377085,1.829310404397979,2.8316444965068532
2020-01-31,2.861470430748643,3.2344408189495537,3.1026990656790487,1.8598256430494724,2.8612984621814355
2020-02-03,2.8327091781786207,3.2012867395643023,3.073284980299015,1.8514260505644915,2.8309245267592793
2020-02-04,2.8466002906856858,3.2192820785052687,3.089462713509784,1.8622387024518412,2.8435563404699655
2020-02-05,2.8755749303195515,3.2617525815621167,3.128099931037319,1.8855521315279957,2.883721524596482
2020-02-06,2.9438932313250055,3.330709431610516,3.1928670681828977,1.9132105682720562,2.9408199608022194
2020-02-07,2.938269061217944,3.314089054168774,3.1775976370141743,1.9115590008524284,2.9224320881932035
2020-02-10,2.9207587981371033,3.2849242639282887,3.150591546411732,1.8995808877870979,2.9002702471344657
2020-02-12,2.942366767204649,3.279150915905312,3.1388873328735274,1.8952775932723316,2.917677599321518
2020-02-13,2.9382382332899843,3.2651540875716463,3.1264711965625414,1.881990759818335,2.8950155231912467
2020-02-14,2.92095725292334,3.246628097876543,3.108964919091557,1.8701399182604737,2.8816834664119253
2020-02-17,2.900691021251582,3.2225697607709205,3.086307195368812,1.8612808114056762,2.8611926977382396
2020-02-18,2.8600672783401238,3.188295101709112,3.057452185493261,1.8396722440837998,2.8195403771507954
2020-02-19,2.8855802788446305,3.191142890578149,3.0573613500252677,1.8494881750006946,2.8283043512143173
2020-02-20,2.895254227144148,3.1973828946284604,3.0616913433739077,1.8534327823625825,2.8410755736556053
2020-02-21,2.8838589725858443,3.1874695575763257,3.0539590641498515,1.8500175560195309,2.8293839394099676
2020-02-25,2.7875118231425864,3.0725397615796273,2.9471828125007296,1.7908012818030121,2.7225120731389953
2020-02-26,2.7654118114436286,3.049955338746701,2.926277930274942,1.7745289662308812,2.6981341507912804
2020-02-27,2.706473870892518,2.9767553300147584,2.857571298360491,1.734864754307574,2.632199548086192
2020-02-28,2.607174706503977,2.8708088531253897,2.759368823368043,1.6682515540954872,2.535217823034941
2020-03-02,2.6319750520176135,2.8865495691844414,2.7702799203146506,1.66964004926928,2.550585984306173
2020-03-03,2.5997475842976754,2.846941495141394,2.7334380908506906,1.648596044379867,2.515142126828706
2020-03-04,2.6018845858975364,2.841060839368256,2.726687496779113,1.6451336233319118,2.509307438782122
2020-03-05,2.6301301932038035,2.8548530192536097,2.740770672072342,1.6552835229879277,2.517677619814049
2020-03-06,2.558687192687857,2.756202313137919,2.647094752603039,1.6120819907752084,2.4330497334553187
2020-03-09,2.429087787763204,2.58156422139433,2.4826195754029055,1.533912961918697,2.2704655610398574
2020-03-10,2.449848470498246,2.599880602030099,2.4982101114669995,1.5431686918235368,2.2830197399364596
2020-03-11,2.3942276631641852,2.5630842011949624,2.4666638084403467,1.5161229162097172,2.2443444589363244
2020-03-12,2.288619852330613,2.4429792160068438,2.3546331041151505,1.4603644338597523,2.135030717352814
2020-03-13,2.149452710951989,2.2927328345167606,2.211048444876,1.3793681766236627,1.995981457132123
2020-03-16,2.0965505415148327,2.2447107540413835,2.165328370227112,1.3506919211567086,1.9528982391877014
2020-03-17,2.0977207985613475,2.274050409564683,2.1938147223166564,1.401201870021381,1.9920493645967774
2020-03-18,2.062579609962888,2.257843401898642,2.1754753814659624,1.4175681286115762,1.967221025849915
2020-03-19,2.041157812679033,2.2624840996772044,2.1739320889983773,1.4643000487505664,1.9609887673893738
2020-03-23,2.0824609742215303,2.290404156888611,2.2119620516100893,1.4329557212185744,1.9808194818167204
2020-03-24,2.2309986014838232,2.412343797845101,2.3365076890166576,1.4470580708274277,2.0359772605416633
2020-03-25,2.4103285119136397,2.6035424583877576,2.525244078284776,1.5171290357743508,2.173723105893398
2020-03-26,2.301563728582493,2.525151740073066,2.4535068575967456,1.4963133338026282,2.1109037205764793
2020-03-27,2.390943766306965,2.6230384308935424,2.550914418683526,1.5603290099492622,2.190597331483277
2020-03-30,2.353400407759558,2.6112995477755194,2.540808149157429,1.5711912914065076,2.1798062067321724
2020-03-31,2.332688857034701,2.551443792039557,2.4816571286232176,1.5367435312296442,2.1298185417832123
2020-04-01,2.2276766514030286,2.44472156015858,2.379140969217355,1.469798289497644,2.0397201120675814
2020-04-02,2.1972569526460743,2.389714375017671,2.3267394190472324,1.4502531999214396,1.9987379115728245
2020-04-03,2.197438066722835,2.3750765871074977,2.315241448469593,1.4616826461605599,1.9955329566639544
2020-04-06,2.2906754489332055,2.4767640882709405,2.4103670659949,1.5169379375241852,2.0809662432622993
2020-04-07,2.3367790968826037,2.5268540157938606,2.4576389808467893,1.5151160220564173,2.1111351119508917
2020-04-08,2.3864811828916794,2.5550951805096576,2.4864532300852185,1.54058747244193,2.1351449935192526
2020-04-09,2.3855599577007105,2.56103318054638,2.489310384644804,1.5149908425697547,2.138226621129445
2020-04-10,2.4043934132519262,2.586662776361094,2.514164676921913,1.5251403410546154,2.156935471196716
2020-04-13,2.3482743013635874,2.526809875653827,2.4581114492158536,1.4987427767431105,2.1053433772369465
2020-04-14,2.421695346975855,2.584532566360976,2.5099387682580807,1.5252583140272138,2.164559684797927
2020-04-15,2.410755045198137,2.557879786870606,2.4877667537128056,1.5212769513787627,2.137186575692153
2020-04-16,2.3787074873390237,2.5211437224911335,2.4534308653950396,1.5034150073450523,2.099578500012689
2020-04-17,2.4535651625628287,2.578272258367124,2.5018656398375074,1.5393902607666925,2.1595614503672182
2020-04-20,2.425432751554537,2.5637009194582117,2.485587974692253,1.5333713759901142,2.1533793049913292
2020-04-21,2.377545900647248,2.5220004039162163,2.4505260521793955,1.4944666912777858,2.1108226810046196
2020-04-22,2.3599332792118553,2.4931423826712757,2.424407555946766,1.4826771156621301,2.0865421500693433
2020-04-23,2.395877438996378,2.562331417957769,2.4892475718497376,1.499368500294896,2.1290271227697195
2020-04-24,2.3752301934024986,2.544051274481781,2.474131355138406,1.4864057227354543,2.1151544284903756
2020-04-27,2.4395028105496785,2.6128185929284204,2.5369054698760354,1.5183754913165852,2.167772590607574
2020-04-28,2.4380192165166408,2.6126516961720476,2.535434265771843,1.5215076068224787,2.1619023566961046
2020-04-30,2.4901184147677338,2.6767023512691734,2.587263948511469,1.560794499509577,2.236419739002645
2020-05-01,2.4192955854587797,2.5870119530703635,2.5064067704027577,1.5077337748662338,2.159282855675149
2020-05-07,2.426129510895054,2.5654599667654288,2.486306127055492,1.507508273694239,2.1318212527058615
2020-05-08,2.4883181119435527,2.644936016359899,2.558119163983201,1.5576367641204614,2.200643449517232
2020-05-11,2.514407209351797,2.7141196471787605,2.615232383512557,1.6126167920625896,2.265467809152215
2020-05-12,2.511425570694491,2.6879560353338907,2.5968643836755936,1.5833477046876436,2.2412201243264094
2020-05-13,2.499164725721457,2.671564904881916,2.5862385809032133,1.5681235828902091,2.2282135209384677
2020-05-14,2.4557255259518476,2.606170919928071,2.5265791184338435,1.5252714334991946,2.170116968661875
2020-05-15,2.4708548132842125,2.62226223024796,2.5377128122342882,1.5369966437678544,2.1892285156560254
2020-05-18,2.4827247697644506,2.632424163032462,2.5509092173787495,1.5302450842439927,2.202369847785925
2020-05-19,2.5196836018965683,2.7000924204984225,2.610829690521385,1.559112172755983,2.2670758431394207
2020-05-20,2.5396232502065086,2.717896958238261,2.6268283466047526,1.5704608025912412,2.2877152957546434
2020-05-21,2.5343405957388705,2.721090525346906,2.626752833331142,1.5742696360903599,2.28570939325162
2020-05-22,2.5140989300722048,2.6765577619788967,2.588663432311499,1.5410714768965397,2.2469119191693747
2020-05-25,2.5576884159906155,2.731540276672744,2.6363318713518087,1.5722810734283552,2.2942361252139554
2020-05-26,2.6229843758401294,2.812867257803544,2.7061565831621675,1.6227735727064354,2.367367102746234
2020-05-27,2.6412419753307943,2.8691899425035947,2.756735643753062,1.6662748996266752,2.417248145762067
2020-05-28,2.702537770684412,2.9237759473061686,2.8078445810414165,1.7012746558571683,2.459976778916359
2020-05-29,2.6978001443493653,2.8746830590705734,2.7716670257774263,1.6507719457669705,2.428270170989648
2020-06-01,2.720551155183275,2.880585985999955,2.7785648890253123,1.6512689850935474,2.4407001694606003
2020-06-02,2.753009109833346,2.92399008626502,2.8183025536949016,1.6758323174411973,2.470276643027978
2020-06-03,2.7885414277677882,2.96775564613826,2.8526504098697583,1.7028718974803099,2.5055899162872017
2020-06-04,2.7986505797065426,2.9668609660938263,2.8551776063967362,1.7001192542171921,2.506466126537201
2020-06-05,2.819365743079207,3.0145915616734666,2.890900305830127,1.7443340855970344,2.5419906609308702
2020-06-08,2.8581311399583726,3.081470584099075,2.9430460542129873,1.7945355976739905,2.5959516198159474
2020-06-09,2.8473943506738233,3.059432843047316,2.928742724142197,1.7679447495550216,2.5833640399043127
2020-06-10,2.8515770743056037,3.046101936273929,2.9165155019621722,1.758599730547029,2.5799074410071525
2020-06-11,2.7711730213241967,2.9312969719778583,2.8199665120872903,1.6724219524490003,2.5024131074984965
2020-06-12,2.7505269799462533,2.8986549787726816,2.7917979975758866,1.6521131101706732,2.4801574190712468
2020-06-15,2.655018205637574,2.805597253994744,2.7088439963198483,1.591493450507067,2.39094872663006
2020-06-16,2.7846510877652455,2.9606544844306852,2.84352535983388,1.696627928365714,2.538250870373267
2020-06-17,2.7690581772975564,2.92683674136783,2.8149685185045312,1.6717498218206834,2.5050406841998383
2020-06-18,2.756690157106227,2.9089491829890552,2.8019297350296593,1.6579518481521056,2.481237326708674
2020-06-19,2.771897959317613,2.897731814659869,2.7956730296288606,1.650583126642655,2.462584993430879
2020-06-22,2.7667781148445094,2.8874093066765374,2.7848489975238726,1.6521550308061737,2.451499597567991
2020-06-23,2.7805620521332783,2.9076786052071064,2.8033982141345515,1.6638046101502881,2.4698023185801476
2020-06-24,2.778745612815556,2.8852718029914715,2.783785300493287,1.6522216606391087,2.4379721230036497
2020-06-25,2.7448926944253302,2.8255611768404716,2.732817995253967,1.630464520383031,2.36572817102985
2020-06-26,2.7760031314431206,2.854768131736947,2.762164911750646,1.647317376745035,2.3899462701462717
2020-06-29,2.712245918716509,2.7869751881177396,2.7022563517017915,1.6125523559046964,2.3171439938015417
2020-06-30,2.748388774130456,2.8272385453930644,2.736155628494051,1.6269278204634094,2.36286869658908
2020-07-01,2.7278684528962214,2.7877734475629152,2.6983594161524778,1.6075639881941923,2.332449433988022
2020-07-02,2.7308563534763945,2.7955134603286917,2.7068437711272306,1.605160562785268,2.3379170342890805
2020-07-03,2.75065029165809,2.7968533925247314,2.710240658847829,1.6173997631564652,2.342787124387402
2020-07-06,2.8009564123806174,2.859073358622207,2.76449291742087,1.6444967541090012,2.3911730784882583
2020-07-07,2.788656069124886,2.828661561068614,2.7356179640526683,1.6444391247404126,2.373193097596809
2020-07-08,2.7669483909778467,2.8045810399770117,2.71342237877666,1.6322905505846506,2.354585035845901
2020-07-09,2.778125200765377,2.7867874585294965,2.6990359210242234,1.6368024056798616,2.3486696982884867
2020-07-10,2.7487180067673336,2.739661481528846,2.6560648579721544,1.6187880432124688,2.309313035962387
2020-07-13,2.809625322060027,2.827520256220878,2.735638776510534,1.654763549091823,2.3739116133975617
2020-07-14,2.7852428394761506,2.817975461778107,2.725642679721557,1.6391788690111204,2.369361100714083
2020-07-15,2.8294488839537455,2.868096579120291,2.7707490342642513,1.6615956962489236,2.410617986050692
2020-07-16,2.8078519936728097,2.875568727290731,2.77439781277173,1.6393305542688243,2.4032895586149436
2020-07-17,2.798734393135681,2.848678289742922,2.752786506335632,1.6379446608144523,2.3849804002458064
2020-07-20,2.8013314052230585,2.8504224368466993,2.7558245700270283,1.6414193342521834,2.3884039592427264
2020-07-21,2.821892428955927,2.8416799709689893,2.747894863452829,1.6458968297733294,2.384894939511242
2020-07-22,2.8055398990758675,2.829620875648567,2.734543702893424,1.6406361127838718,2.3771861072779235
2020-07-27,2.8011303011617623,2.8258123698651034,2.7338197223260665,1.6401581403616663,2.3703306678016154
2020-07-28,2.793920419510298,2.8050605716326635,2.7158336584782505,1.6301871826559484,2.3472118620874154
2020-07-29,2.761825897229684,2.7561443280690954,2.6726543318083507,1.6081778078547775,2.30593823840687
2020-07-30,2.7546887502207484,2.7225140758556083,2.6411364236564627,1.5969580464390762,2.279064840642753
2020-07-31,2.6770972639792467,2.6283975218272997,2.553515930769303,1.5459986372303955,2.1982099561801567
2020-08-03,2.7369504086416474,2.6799574829071973,2.6021726468135604,1.5824430636978932,2.2428251475059864
2020-08-04,2.7835966762917654,2.7702025027009998,2.6858524584270627,1.607193863387712,2.3396848525199285
2020-08-05,2.776344647082545,2.770711492244362,2.6855901400012545,1.611261408061892,2.3378569115624965
2020-08-06,2.764420500885191,2.7687992216786856,2.684822193451196,1.6119837352863502,2.335306093153343
2020-08-07,2.7535430591793277,2.7628455448543563,2.6764703795072515,1.6082760585689417,2.3271509650481117
2020-08-11,2.8053710680016546,2.867112219912326,2.7686682577496944,1.6393979067515037,2.4151003287457513
2020-08-12,2.816927928338557,2.90749643597831,2.804881116434491,1.6476116925821245,2.4504301517197216
2020-08-13,2.8669491315706486,2.9243484477667785,2.826018117732788,1.6514446189793406,2.4635517563611224
2020-08-14,2.8718507721161655,2.915147608129603,2.8198178937711815,1.6453192786834157,2.453333231644693
2020-08-17,2.848099780369079,2.89461290931416,2.7992992289948977,1.6361281951014692,2.4384680395785714
2020-08-18,2.842468144123215,2.8755425132600725,2.784661246029614,1.632528346140134,2.417454282019542
2020-08-19,2.8498088036253186,2.887806917008004,2.794734186420438,1.6352888853411798,2.425805463045872
2020-08-20,2.821448314118766,2.865106785632257,2.772945882281873,1.6201948868271216,2.4000791568208526
2020-08-21,2.8263415251527317,2.8713066297545975,2.777732778894228,1.6248126594172196,2.4060597327007867
2020-08-24,2.834382556643159,2.865442263650547,2.774907944304501,1.6268164259029407,2.397628489404036
2020-08-25,2.8727645311683316,2.9286329211056557,2.8295613101774624,1.654155816515518,2.459769074403848
2020-08-26,2.8720357396839207,2.9227791649307613,2.8229637669887215,1.6554552911669278,2.451617073082996
2020-08-27,2.8619241793132946,2.893904721358525,2.798996021700418,1.6458602876254333,2.4190562116501098
2020-08-28,2.8216987910334344,2.892303763250583,2.7922389382733357,1.6465050643083339,2.4263267080359725
2020-08-31,2.8534033881940015,2.9261401284201005,2.821920385416395,1.675842677638959,2.458198438777608
2020-09-01,2.8531950588370893,2.914968530327874,2.811678197883889,1.6692624811489425,2.4416872021191884
2020-09-02,2.8666459099979864,2.9153024282813527,2.814127358685701,1.6689295442346703,2.4299092397976154
2020-09-03,2.8935745867567455,2.938470353439782,2.8351537472324035,1.6839285974524085,2.449428598313322
2020-09-04,2.8615012586766033,2.9230571668177308,2.820315074800291,1.6749555620414178,2.4368150454536095
2020-09-07,2.847261164391312,2.9304388501115706,2.824518039869581,1.6865233859901276,2.4529757987376666
2020-09-08,2.869972917785711,2.9559102243427926,2.8477437645211783,1.7007908595872998,2.4734630110309004
2020-09-09,2.8401818197473006,2.931461057329479,2.825927158743215,1.6922370465930352,2.443465604140226
2020-09-10,2.8652056677386417,2.976018246495386,2.867626521889236,1.720044029566023,2.4775937130480727
2020-09-11,2.8862943788946245,2.9968825799344336,2.887381234883266,1.7339064100300823,2.4968030455732118
2020-09-14,2.9051377090165147,3.030308784659481,2.918291879028668,1.7427215557856586,2.532788773529469
2020-09-15,2.892262713916168,2.999282837712701,2.888816135118162,1.728502304100971,2.503501754078564
2020-09-16,2.8948077038751148,2.972383853787508,2.866089335182658,1.7013733818945276,2.4772653556460678
2020-09-17,2.8755513276872082,2.950336639223288,2.8464820784494744,1.681090234358818,2.452357362238063
2020-09-18,2.88059867836097,2.963418315144744,2.8593932215700755,1.6912923278191354,2.458992768986227
2020-09-23,2.8788956761844102,2.9456881953988048,2.844495136806546,1.6839545505605504,2.431415634932453
2020-09-24,2.846998645317285,2.9004182791055135,2.805851995808836,1.6607624135156729,2.384730522422799
2020-09-25,2.8614013087539236,2.9117753056802287,2.817290536063386,1.662664199850208,2.3934661183350285
2020-09-28,2.8992580042878537,2.9653900019422355,2.868078588902032,1.682941944154023,2.443918722508193
2020-09-29,2.902646667931497,2.967810140495865,2.869555789374695,1.6901281195510938,2.4429059103963784
2020-09-30,2.858996730373104,2.8988734020001905,2.800769457560349,1.6626020948894977,2.3857947878293277
2020-10-02,2.839856440601419,2.8701236461200845,2.7713801176801,1.6494549350901384,2.3656307328877983
2020-10-05,2.87465996705145,2.9362637508559013,2.8303717487206064,1.6722121807567534,2.4257614609480824
2020-10-06,2.8896534188262444,2.9617130461120467,2.8530773317022096,1.681302872988853,2.455157263920133
2020-10-07,2.888308068782649,2.9629311393801974,2.8526550156686823,1.689766143423012,2.4570002723465327
2020-10-08,2.915960720162075,2.972610598149176,2.8629925374605807,1.702293711871258,2.457492762745293
2020-10-09,2.912584339520978,2.948733933162907,2.8414330635042937,1.7003724577003991,2.429694503984677
2020-10-12,2.9050623250989265,2.9317314679034108,2.8250616439087537,1.696908065827069,2.4104227239635843
2020-10-13,2.910375807494524,2.9446280307052293,2.8358800693598276,1.7056093139499344,2.4267111748178185
2020-10-14,2.913452579210767,2.9141026267887935,2.8107049220566425,1.7055443435429658,2.404304297638695
2020-10-15,2.8987168296462564,2.897704429921202,2.795966636879107,1.6936491270966985,2.39094884259067
2020-10-16,2.8868049664514484,2.8706410396203323,2.770285374468058,1.6785577287831164,2.3686066863011654
2020-10-19,2.9189276673849625,2.913190149300175,2.807874625701362,1.6987311454261818,2.4018900748278504
2020-10-20,2.9060919297241266,2.8769407941198075,2.7751474247812857,1.6930250664258177,2.36451204723341
2020-10-21,2.9150223951048146,2.921663230942172,2.8131290407596508,1.7074891954643558,2.4019635554830536
2020-10-22,2.894652360019381,2.898736258471262,2.7894231838597356,1.699288907606188,2.3851672774056865
2020-10-23,2.899870950199229,2.9228487534317,2.8080810953534767,1.7081301837925627,2.4005507111326327
2020-10-26,2.897127264610858,2.9259460550670116,2.811229762198433,1.706211353272097,2.4055225231127846
2020-10-27,2.8960742981965004,2.902060421185135,2.7924672133649224,1.6827694096030634,2.388772979926992
2020-10-28,2.8877765278685374,2.851947052736822,2.752254857825823,1.6607866548224857,2.346840372346616
2020-10-29,2.877101394439906,2.8463344454196218,2.7453714749644464,1.6535741509144486,2.342678333362088
2020-10-30,2.833349339370148,2.790761508161508,2.6939627902430976,1.6210379516730995,2.2879117786927448
2020-11-02,2.8726055746647896,2.854905575296757,2.7558646515624314,1.6311501922331715,2.3425948049715832
2020-11-04,2.921899431471593,2.896494291288628,2.7939910695914527,1.655339820498415,2.371377046436399
2020-11-05,2.9724632544044045,2.896895052506895,2.7982884204065956,1.6600737215670547,2.3677995900773885
2020-11-06,2.9995858099288446,2.9336551147480794,2.8301958882295546,1.6739716131980773,2.401026229736236
2020-11-09,3.0630431728874155,2.9659539563522594,2.865484471270389,1.6947022851590086,2.3888943254946757
2020-11-10,3.071150917940692,3.069067873828576,2.9571969908572617,1.7104072751746684,2.4681210068500508
2020-11-11,3.1259025222122143,3.127077786219262,3.0170888009042756,1.743755211082132,2.516725322114544
2020-11-12,3.1470235063552794,3.098200671266431,2.995493916994696,1.727811768472585,2.4954823279785026
2020-11-13,3.130374980198174,3.049021699723359,2.9501895598149197,1.7051200548185057,2.4558137116602548
2020-11-16,3.194627848204005,3.1170012097624826,3.0112603473122648,1.7503685857722304,2.5031083024224077
2020-11-17,3.207907219015629,3.1438087035876783,3.0335348161738116,1.7633851586994298,2.5200381422948186
2020-11-18,3.172581062849414,3.110924261995744,3.004021105789844,1.7419172732058006,2.4959730204263244
2020-11-19,3.1610143279418375,3.1058177032666205,3.0035763583394175,1.738693341760751,2.4920922269313337
2020-11-20,3.147823587423096,3.1040550453022413,3.0005637268457463,1.731722274210538,2.4947563545900286
2020-11-24,3.2265236748551946,3.1670074991319863,3.056956770948622,1.7788696542624431,2.5390715990245747
2020-11-25,3.2427107454656605,3.183703957520971,3.0688428391500957,1.7946400298154137,2.5516386492021716
2020-11-26,3.272361191082757,3.182380498956478,3.06684528128395,1.7973102584858018,2.5497523059351908
2020-11-27,3.285604917102678,3.190566495819875,3.073827321140495,1.8012266111861013,2.5553753037028284
2020-11-30,3.259574826275293,3.1050147137883117,2.993178850676094,1.754228315972028,2.488191007760439
2020-12-01,3.3032172976948835,3.1536793577084685,3.0368128774794383,1.793083107537483,2.519384351245045
2020-12-02,3.304874780509066,3.1854582745436284,3.0629502138022016,1.812432030043188,2.5399681329023673
2020-12-03,3.3059092019980105,3.196989013870261,3.071817392724997,1.8250048677833877,2.543917182914529
2020-12-04,3.2987412270611163,3.215731805277055,3.0886073843769526,1.8452132136794994,2.553058758042512
2020-12-07,3.27361020385148,3.1930850370248587,3.069132960563066,1.8221534914439628,2.5377396864189907
2020-12-08,3.2637009517580857,3.1829268540495215,3.058728606125232,1.82328581697146,2.5226870187224417
2020-12-09,3.306966021903363,3.2293895786112015,3.0998674207063734,1.860296450251836,2.556287867061232
2020-12-10,3.299357785620301,3.2161764943487583,3.0892033601320645,1.8421205711377837,2.5442774517053484
2020-12-11,3.2865678081650294,3.217739520074374,3.0928116340227736,1.8373054544404832,2.547259422490226
2020-12-14,3.2964228705413077,3.2392149605113234,3.1105034701136223,1.8586012293650087,2.564483495739035
2020-12-15,3.2909232163620192,3.229550484923396,3.1001853666288386,1.8517838791991947,2.5584621548182747
2020-12-16,3.2995008464734874,3.254779765676088,3.118745332105279,1.880073634781313,2.5961387233238558
2020-12-17,3.3055763567133267,3.2267249757826697,3.096227351998863,1.8684961708978638,2.566212031346982
2020-12-18,3.300239512528573,3.2414184857650956,3.1077979142740144,1.8807060777296276,2.571920518090907
2020-12-21,3.294200851296372,3.227680045467036,3.094509648332996,1.8780366977778082,2.5578054631983025
2020-12-22,3.259916582757904,3.1782740108404655,3.0496586819772116,1.8394963491687357,2.5245803702311393
2020-12-23,3.270817145409737,3.1615873113431436,3.0390996250644715,1.8180481835654096,2.5126672241111616
2020-12-24,3.2885198421971356,3.1903031974653526,3.063365436009674,1.8382050709404678,2.53329045995441
2020-12-25,3.2870721337989877,3.2101757805301103,3.0809749264119035,1.8530392841365648,2.55028416139299
2020-12-28,3.3114163223161026,3.216968681258903,3.087841223906373,1.8593329017989315,2.5520340312521146
2020-12-29,3.3994758168452592,3.2817417657595693,3.1473860142800163,1.8999973847170648,2.60330621568652
2020-12-30,3.3841875730093545,3.258319379941127,3.125796206945414,1.8834243549954346,2.5821547523623676
2021-01-04,3.3612776056719054,3.2230387403139513,3.0927917687563826,1.8673232403741957,2.549926149081506
2021-01-05,3.3489772624161738,3.2178358565606806,3.086031747757247,1.8653504748183811,2.547457355879276
2021-01-06,3.3363142093205473,3.254206191679169,3.1191087122872445,1.8782725973724885,2.571571254507919
2021-01-07,3.3898550948901085,3.325430252893549,3.1843750434283518,1.93383531924296,2.6141673736951105
2021-01-08,3.4698718720265274,3.378793104558448,3.2371297361161075,1.9618907088593953,2.6588702046322243
2021-01-12,3.4729929588892117,3.387553129650076,3.2477476309512783,1.9538615894888949,2.6592001866823773
2021-01-13,3.5090308066735476,3.411391966201286,3.268510721269061,1.9738048140646756,2.6782459153132416
2021-01-14,3.5388315384394455,3.428627022906026,3.2872974592747983,1.9699909356944916,2.6913676406533176
2021-01-15,3.516748867449965,3.4131998344954755,3.2711153345786794,1.9636045208752704,2.671108478571564
2021-01-18,3.4825953767621365,3.3651543251612814,3.228913431078133,1.9320262561128287,2.637791556201479
2021-01-19,3.5308410840183257,3.392109150282593,3.2495774680067973,1.960317110887172,2.658022788995581
2021-01-20,3.517251988867986,3.403496185690896,3.2559315599682437,1.9695225179263274,2.6684873128377675
2021-01-21,3.5460575565844503,3.417487165365529,3.2708264477157623,1.977851258125789,2.677279251027126
2021-01-22,3.5305930155355285,3.4072716242065435,3.2604852704649403,1.9816098534943303,2.6648676676710874
2021-01-25,3.5541258033550283,3.4239125286955914,3.276866762055732,1.9873571617832468,2.6788999752027047
2021-01-26,3.52007828366956,3.401262134889504,3.2566746202210433,1.9704369393860983,2.6608004798111637
2021-01-27,3.5310568795140393,3.4223725705817483,3.278405998225148,1.9822213233017485,2.676200653257867
2021-01-28,3.4770721199505026,3.4102253428134337,3.2621327687763437,1.97651307476072,2.6676291803291043
2021-01-29,3.4112200531817867,3.3476413715695497,3.209059557025205,1.9265394128186317,2.616630169215421
2021-02-01,3.4639555591334132,3.3994811220537984,3.254836661974614,1.9507538325803158,2.664077521298295
2021-02-02,3.4973877244756335,3.4386485654887697,3.2877817784673655,1.9686158253912862,2.7032486907449638
2021-02-03,3.532448953135949,3.50085801097038,3.3511471472091103,1.9959481295147097,2.7553483044793365
2021-02-04,3.4948942749587437,3.4954574898866846,3.3446395799389146,2.0043288258850938,2.7678782245464584
2021-02-05,3.548811116743495,3.548282164392667,3.394495964149033,2.0413926005752696,2.799962710798468
2021-02-08,3.623946243318933,3.637634783699345,3.482089112721175,2.079122349147559,2.8697689246726807
2021-02-09,3.6384266991050307,3.617749502012427,3.464997807689733,2.050098403614327,2.86817840415912
2021-02-10,3.645455466679734,3.624552345171136,3.4701339517466496,2.071339471063794,2.8700442785719353
2021-02-12,3.6401704037802243,3.617148269702543,3.462774062417987,2.0721889421507615,2.8522465611455456
2021-02-15,3.7097280838269144,3.652012487962343,3.5004050360965135,2.068817495110689,2.8793550326517585
2021-02-16,3.757030408318914,3.6721856320285164,3.5203198076473132,2.0676800969873983,2.889412314178762
2021-02-17,3.735381736752734,3.6939490749645767,3.5360191871929176,2.0888405409018964,2.910085128607435
2021-02-18,3.7284639978873213,3.635567239251658,3.486789729673591,2.040974159185923,2.868385887584022
2021-02-19,3.701561091349591,3.606826287750803,3.459351992429764,2.0120080641717504,2.8499759416137422
2021-02-22,3.718591594801566,3.644658376540877,3.4921201216104234,2.030870070977144,2.8787740494331624
2021-02-24,3.65886802377387,3.625695868873951,3.474193583193482,2.04114105357226,2.875335475602992
2021-02-25,3.7201009590556327,3.6817222524502604,3.5217334026333367,2.075340164684364,2.9243080175715837
2021-02-26,3.571848249283776,3.557063270472149,3.405473547446125,2.0082066664302567,2.82481678278385
2021-03-01,3.6578569640740826,3.624797674285611,3.469451763806119,2.041830371243603,2.878466116895243
2021-03-02,3.6263717750570374,3.5994726843265217,3.4474164214992737,2.017573014556202,2.8540049804037024
2021-03-03,3.644983173189672,3.6572635335504513,3.4992004454249357,2.0622419859654526,2.897596385505867
2021-03-04,3.5674213106601935,3.633126838868279,3.4766711751983372,2.063396248471151,2.871492856028368
2021-03-05,3.5593087487431734,3.656586093438128,3.4996231650692904,2.0833143086661505,2.8970724220214796
2021-03-08,3.544379361256169,3.6796376853462407,3.525339718513774,2.10688589636395,2.905487858409943
2021-03-09,3.5794849050629254,3.7414939498398914,3.58682705101239,2.143051005589225,2.9580754681888117
2021-03-10,3.5805479868911445,3.74357855903759,3.5920908968630902,2.130432730373438,2.961541237060217
2021-03-11,3.6021374110332776,3.7570930694579667,3.6028840893001965,2.134832886136192,2.9705021687624953
2021-03-12,3.664556499011909,3.797888150972857,3.6391908579927206,2.1532842677067956,3.0024216150385237
2021-03-15,3.6706161136013944,3.8481723360761237,3.6850643357975357,2.2018715469763857,3.040618586469471
2021-03-16,3.689620808658696,3.8540388180805603,3.690994511061663,2.1987532686130202,3.0437259070062073
2021-03-17,3.688787250387861,3.847554674924571,3.6884155534636953,2.1930288045413078,3.0434035800283534
2021-03-18,3.7260791686478507,3.892435263704167,3.729936427563164,2.219525922341994,3.0797817293701706
2021-03-19,3.6737087809679916,3.9155724433291508,3.750229446181033,2.254604167769141,3.093260423024519
2021-03-22,3.597514426055329,3.8780068487761876,3.7136457408057364,2.2496894725707324,3.0594990015626378
2021-03-23,3.575536521852272,3.825820557429865,3.6685519997034945,2.193721483633602,3.023058887806342
2021-03-24,3.502733239015125,3.725823362866437,3.5765575739435853,2.120958856953908,2.944202999908351
2021-03-25,3.542730789639911,3.794926817919844,3.641580387366917,2.1646043509929633,2.994921967038079
2021-03-26,3.5978287264146007,3.844978401398425,3.690055161212125,2.184204768577311,3.0331592623304933
2021-03-29,3.6234554049034564,3.840388602004347,3.690821235376949,2.155887641763421,3.0293758683923167
2021-03-30,3.6293965246448487,3.8725158936668613,3.7142361495573213,2.1755771301037465,3.073750080859198
2021-03-31,3.598087873684008,3.812580523935118,3.6545470892972793,2.142427514068843,3.023275935090738
2021-04-01,3.6239917626813094,3.794971922587347,3.639658910519315,2.1215313202013886,3.033804738813911
2021-04-02,3.6813478451790123,3.811179887290567,3.6547330227257304,2.1225481451037087,3.047915371951644
2021-04-05,3.710356925388645,3.8521669673322743,3.691554656982487,2.143395252675365,3.0836399838731543
2021-04-06,3.661942387058241,3.8021979685990828,3.6454715106954416,2.118547531413932,3.0400193052927134
2021-04-07,3.666154493558857,3.838762608520318,3.6794180436460278,2.1493164021082523,3.064131362907221
2021-04-08,3.663465238530789,3.801451686877839,3.6423970394964575,2.1432107738043724,3.0331466475179867
2021-04-09,3.670750504099841,3.8145243045265427,3.6564311953236572,2.150483054465219,3.042982730548522
2021-04-12,3.6424714195905556,3.798028291662967,3.643440268607443,2.126211622407154,3.0261691141894786
2021-04-13,3.6687218819342116,3.8088449647866964,3.652089867700598,2.1297765525405157,3.042396682147203
2021-04-14,3.652615012105077,3.7846920968248954,3.6286832390754666,2.129173257389137,3.0204996372199426
2021-04-15,3.6552907799146626,3.805514294530055,3.6478597049344343,2.129399017107157,3.0360474408131077
2021-04-16,3.660307061817278,3.807347613958611,3.6517828648351816,2.1219566274257606,3.035195809055429
2021-04-19,3.6605536852409513,3.803990595683555,3.649165713326408,2.129063476406081,3.0388264388868382
2021-04-20,3.588417778875484,3.7360650728584845,3.5845751784212228,2.086229858759622,2.9921690603203763
2021-04-21,3.5154381988253203,3.6458810351134354,3.50223158439932,2.028961547827351,2.921531287028012
2021-04-22,3.5992431984529167,3.7055729901401686,3.5562514983287987,2.0771337294433345,2.9713552414874305
2021-04-23,3.5785836698564912,3.696820894781561,3.549241390266096,2.062496416653929,2.9623841759200404
2021-04-26,3.591605338457831,3.7172084962122245,3.5651607371079326,2.0717804925595042,2.9753544688884355
2021-04-27,3.575039662357116,3.714608191192683,3.559172673763402,2.0726439182429313,2.9821489182643286
2021-04-28,3.5826948630616786,3.720532977619463,3.5642887841614197,2.0709174495369878,2.985076489530791
2021-04-30,3.5529348337944144,3.7163519138882686,3.5603180686977276,2.067449078632009,2.9786237276048655
2021-05-06,3.616901339250687,3.798255567121662,3.6392149054346112,2.107804320258471,3.0404618713345575
2021-05-07,3.620163078534685,3.8288539257304364,3.667942374440074,2.1302750595487443,3.056923810572069
2021-05-10,3.6399570167163806,3.875281322963291,3.712754247143963,2.152970177923047,3.1029556506161153
2021-05-11,3.527774186872755,3.784647006262556,3.6301529459940514,2.1116045008312057,3.0138318422511228
2021-05-12,3.4709176131452666,3.708440194495897,3.561413188246499,2.0498295102317594,2.9489039767454726
2021-05-13,3.3846610707153504,3.654957630207718,3.5146065412303695,2.021605906709002,2.8849159303241954
2021-05-14,3.4631441584357976,3.7147469931593853,3.5763574080066354,2.03361970503262,2.947774396968882
2021-05-17,3.4311274285046434,3.7022797605643514,3.566153373200922,2.0260317099303715,2.9253331742409694
2021-05-18,3.5028960490096592,3.7609200922217427,3.6171363421919556,2.0666494125631485,2.9893761060661923
2021-05-19,3.458209040687263,3.7201506577711094,3.5799588095211194,2.0543583309789795,2.9520024256037116
2021-05-20,3.4648433071213636,3.7162996765993785,3.576664193256998,2.038203056762281,2.962708652515614
2021-05-21,3.491920102440239,3.7231300575667152,3.582345799851738,2.0399752761619476,2.9750665830608787
2021-05-24,3.4976885376164217,3.7510824872972424,3.6079140142691104,2.065738620925062,2.991714455702993
2021-05-25,3.5210402113591615,3.7604040650377413,3.613535767657934,2.0627250985167644,3.006187819884994
2021-05-26,3.5319174122218375,3.7617661858721885,3.61349181992317,2.0627787154837405,3.01255029906192
2021-05-27,3.5204272654477844,3.734267107316154,3.589485413047045,2.0471231894549318,2.9919468224869687
2021-05-28,3.5944636654033006,3.8231281190327704,3.6684024957186327,2.1026453169135255,3.060820577267723
2021-05-31,3.5587858781838007,3.7642834966090737,3.6136858443523687,2.0610393923689507,3.014554246760656
2021-06-01,3.5531455715831983,3.774257898697707,3.620567588779934,2.0736197164909256,3.0253062095379324
2021-06-02,3.5693981515405775,3.822563028387005,3.665871359718471,2.111766417250865,3.0424650777136026
2021-06-03,3.5832052097753166,3.841990001915778,3.6879890735700807,2.122909009988514,3.053958107671366
2021-06-04,3.5688283165597063,3.856317198764194,3.6995733373954875,2.141641065588134,3.053709298559672
2021-06-07,3.578412189507218,3.8553716205062036,3.7005354832474087,2.1347319213061136,3.0599786728211695
2021-06-08,3.5715462319270492,3.860298600558962,3.707005871128638,2.1412313727252386,3.0445107827289264
2021-06-09,3.5588747493198714,3.855584679087388,3.70111845486898,2.142763878057851,3.041164580151993
2021-06-10,3.570929673367865,3.8557998031900422,3.700703111488253,2.1406309512684407,3.0480526341595957
2021-06-11,3.5697175096067806,3.8378679335121437,3.684541635573138,2.128703035554041,3.033157764428657
2021-06-14,3.59599157458278,3.8447457039044597,3.6896906825096925,2.1283434400155268,3.0396184072634886
2021-06-15,3.6304571980411957,3.871398027386879,3.715335167233778,2.1494531397914556,3.05684617350224
2021-06-16,3.6119245556307695,3.873756965498782,3.7168700420469256,2.149364591941367,3.0582480316598764
2021-06-17,3.5782999565819917,3.846907580796411,3.6904649270976013,2.136585530173139,3.0354366851519705
2021-06-18,3.5716102962148395,3.795197353429559,3.643168805160662,2.107149909110683,2.9910336830426747
2021-06-21,3.4540756899088545,3.690677863636804,3.545139397265582,2.0490112855574436,2.9097659381512884
2021-06-22,3.561751621190753,3.81685751659139,3.6613947003220617,2.126785346954193,3.0096291765172842
2021-06-23,3.5606121920721976,3.802000715480224,3.6480067558335576,2.119047578923184,2.993677484285691
2021-06-24,3.5606540987867668,3.800339253982874,3.647701746683246,2.112274440604245,2.991625967589171
2021-06-25,3.5842003738247494,3.836843368800335,3.6830334280459236,2.125015111887835,3.0159213138707006
2021-06-28,3.581961013870336,3.843509536554351,3.6904412921554557,2.1211844353347624,3.017393393585477
2021-06-29,3.552932184519355,3.796392790714146,3.646245023804915,2.1030996476662094,2.982998263696457
2021-06-30,3.550332764000106,3.7828795089227754,3.633179351079682,2.1005556078362626,2.965623827580922
2021-07-01,3.5399141285658233,3.7723711434500533,3.625539149062684,2.077190748454345,2.9642267735160157
2021-07-02,3.5493154423774516,3.806950964274668,3.65709752589457,2.0931674490624768,2.98927727998598
2021-07-05,3.5264916969010134,3.796174541532767,3.6473750389301394,2.0922708506129877,2.973517565634943
2021-07-06,3.5320433732087335,3.802379833921448,3.652968039264691,2.093084940356228,2.9780190249110228
2021-07-07,3.4979770677546647,3.7469319880070024,3.6033229092885763,2.069183825152974,2.9317362355811016
2021-07-08,3.4672823260779495,3.713430803600187,3.5724720338040523,2.059878790311076,2.9027511390066465
2021-07-09,3.445381010008416,3.703270324362829,3.564109306103235,2.0458410653240335,2.897138160497493
2021-07-12,3.5228947039004583,3.7755421055377942,3.632795195966811,2.080591123115037,2.970597234393743
2021-07-13,3.5412953642443092,3.8147221175842536,3.6702076852032843,2.0985797424488735,3.0027319285317278
2021-07-14,3.527761903870209,3.795119349537579,3.6569443508312216,2.085615269351096,2.988600481351403
2021-07-15,3.4871429778224945,3.750237658979558,3.614827046851493,2.0617623696855425,2.953122465802675
2021-07-16,3.4531077411395725,3.7437129163478917,3.607503213481632,2.0501205237560645,2.9537708541905077
2021-07-19,3.4099067352820858,3.6892870017739305,3.5589669569141575,2.021466404291778,2.915686975022022
2021-07-20,3.3772809129305497,3.6431264565867476,3.5186430335567573,1.9912526375450217,2.877257301500522
2021-07-21,3.396991037683106,3.6727620439396387,3.5466136840049254,2.0070792322282145,2.906312359195989
2021-07-26,3.4321705203483273,3.7196976145333704,3.5878515757101783,2.028822614380607,2.945822468082963
2021-07-27,3.449055795358432,3.7525558668249266,3.6175899411646966,2.043799572119513,2.969469067275893
2021-07-28,3.401141729170991,3.7302124880325587,3.597124891472271,2.0348046949405587,2.9487309302163043
2021-07-29,3.4258977595381856,3.7323489297266406,3.595668594669438,2.0367650193249736,2.9611917913090338
2021-07-30,3.364386168688854,3.6794613152560656,3.5446360449537826,2.0063821271414386,2.9129160874447826
2021-08-02,3.425725074972977,3.756235769207061,3.617373633385592,2.046571625316418,2.978694260767988
2021-08-03,3.40856138523849,3.7380860719302222,3.597034124883198,2.0387873952559628,2.963576590795821
2021-08-04,3.401440133879909,3.716580059235899,3.5756381731272318,2.030152407624965,2.9534368301606406
2021-08-05,3.4192018372481674,3.7289777126072683,3.5851197136284965,2.0573703551612414,2.968596870435556
2021-08-06,3.4305366401664887,3.7389471563196452,3.595671513910558,2.0491852350703494,2.9757313933529455
2021-08-10,3.4389355646330677,3.746250534106055,3.604167556111573,2.0462847109870395,2.999009370115832
2021-08-11,3.4614226113338264,3.8000233477135676,3.656585768439284,2.07158105822108,3.0459620697382572
2021-08-12,3.4545800155428137,3.8097062479181325,3.6639352733517057,2.080401839339068,3.047344362570931
2021-08-13,3.4499103069865527,3.798142980830535,3.651807033712474,2.074378491394755,3.0396901799893623
2021-08-16,3.3939316066763405,3.73899993911087,3.594315081890385,2.0453172654973897,2.9874225045682348
2021-08-17,3.381758428623441,3.7174991759642046,3.5751123289789284,2.0358036470972505,2.9753588328579306
2021-08-18,3.401665803946299,3.7298341897394307,3.588644890192962,2.043518550987416,2.9826281558071175
2021-08-19,3.364087763979937,3.66573224208501,3.534328652522048,2.0019598260914138,2.9250846675104016
2021-08-20,3.3310500997783206,3.6149069471634743,3.496377131666366,1.973245776557628,2.888586039244746
2021-08-23,3.3903618289559367,3.667623669601698,3.5448609520998873,2.0108011547669724,2.9382360469732736
2021-08-24,3.419692675663643,3.7012915556267574,3.5720085725802577,2.032575380335541,2.968125527431328
2021-08-25,3.4187926446731463,3.709137236911007,3.5752676923122233,2.0371823012365664,2.9749027765993614
2021-08-26,3.420949154571169,3.70957694346808,3.575581637408387,2.038536923911966,2.9745520162759065
2021-08-27,3.4084763675934155,3.7026022729262205,3.564948165846658,2.0431650676332063,2.9653099904074716
2021-08-30,3.4267448050275036,3.7533094826850073,3.6080208544348373,2.0703420096467964,3.0105196327920924
2021-08-31,3.4637691465065346,3.764440323018751,3.6132346308900822,2.0893163343739545,3.026800299998008
2021-09-01,3.508343921903705,3.8134562069172424,3.66236259532262,2.1108679581173386,3.0584103406004934
2021-09-02,3.5197490510326825,3.805072512618911,3.6559045413687885,2.1059816809601015,3.0554368311890108
2021-09-03,3.591837029603901,3.872581447290535,3.718721168101968,2.1425065467292974,3.1061683509935207
2021-09-06,3.6574118858641715,3.9212677987397693,3.758869413569068,2.192561388294318,3.1454275374146827
2021-09-07,3.689010512022379,3.947666535114606,3.783513851871502,2.2064669406142943,3.1654342474093453
2021-09-08,3.721696786013897,3.983147476385642,3.815051118923211,2.218900573135361,3.1944884224051826
2021-09-09,3.7003612105910535,3.9621285858751008,3.7984120815076468,2.2128228882476204,3.1738069348473044
2021-09-10,3.746436679887551,4.000135135685664,3.8339467674459273,2.244131305450096,3.20404686998768
2021-09-13,3.754517209660676,4.022760486760839,3.855414787409095,2.25784079413482,3.2208063520740224
2021-09-14,3.7819824850404746,4.064867461046972,3.8927708918607085,2.284652562203529,3.2591344161703764
2021-09-15,3.7624513067759944,4.021119689269719,3.84891572160223,2.275960128863336,3.2255627981817625
2021-09-16,3.7392229447450918,4.018377838338629,3.849927275297991,2.2598574250622327,3.219458055730923
2021-09-17,3.761013472948522,4.0187858123041,3.8501385881015353,2.2668872714583084,3.2175917874334234
2021-09-21,3.6795858364215936,3.9462985441439398,3.782951180551169,2.2109442313742824,3.1612514801570017
2021-09-22,3.6548851999874503,3.9041689735473515,3.7408662638832606,2.1930339280712228,3.128916311092956
2021-09-24,3.7300326095654346,3.99658221403841,3.826541460806126,2.2485213429497186,3.211343510063705
2021-09-27,3.7289536320868617,4.006295087218893,3.838255957450481,2.23554050934153,3.2082341092457747
2021-09-28,3.722035893221449,4.017953682963942,3.8546525209878975,2.2175652354107065,3.217170474954745
2021-09-29,3.6431568593012753,3.985622259768829,3.82228673638954,2.195962942367421,3.1956510647949727
2021-09-30,3.6318579420178443,3.956012096205337,3.801608838167272,2.1658781567817558,3.1442183967927226
2021-10-01,3.547809931614382,3.8707676259054513,3.720588575206845,2.1152988966761606,3.07761909761888
2021-10-04,3.50758815598233,3.8640366430532134,3.719724635019222,2.1305014095717967,3.0595398283922157
2021-10-05,3.430793138160837,3.8312501995030224,3.6883504579152326,2.1193640934260896,3.0325478824724477
2021-10-06,3.394631978664664,3.829863391460038,3.6909142110214814,2.1139257577066353,3.0356941621959863
2021-10-07,3.41304757128612,3.823822022003294,3.683731325236779,2.08637243776594,3.0362912752623923
2021-10-08,3.458762739174594,3.8565253178271166,3.715538468288483,2.0994890150392043,3.071418488734253
2021-10-11,3.5141617299332606,3.921019952069374,3.773232744916113,2.140570231969347,3.1247536536633898
2021-10-12,3.4811647682302773,3.910152418509151,3.7613299906436093,2.1339092907982184,3.1131614212084293
2021-10-13,3.470026011666322,3.8989708828703917,3.7507637566802963,2.1310557422317102,3.1046754437908946
2021-10-14,3.520664014300785,3.9141779498532934,3.766164459541194,2.1217266529866805,3.1237493198177497
2021-10-15,3.5845026320246633,3.9816095317869813,3.8298227176766857,2.1446050320075893,3.1827522647167514
2021-10-18,3.5791792750583915,3.9953552645301578,3.8377517279679543,2.1600026722772485,3.191811631146588
2021-10-19,3.6026157256030196,3.9908427901389776,3.829551098554321,2.138798499994543,3.1958518458943317
2021-10-20,3.607552047567491,3.988202718120089,3.8301914453217534,2.130067608782009,3.192370016750611
2021-10-21,3.5401041538405105,3.943355666221273,3.7891486958278513,2.108743112639001,3.1556844884709916
2021-10-22,3.5519753145366844,3.932483042344313,3.778105890007805,2.0976191663379837,3.129508041297106
2021-10-25,3.5267655356048397,3.922785060830028,3.76501199569649,2.0968162258077863,3.1192897015614247
2021-10-26,3.5891118889409426,3.9701380617129827,3.80792153105884,2.126614517527358,3.15727288417128
2021-10-27,3.5881538147423346,3.9499428096578324,3.791494148303465,2.1170178058316833,3.1405430284394393
2021-10-28,3.5538546139262617,3.9082567455855504,3.754902788200374,2.0791880456260508,3.1129420733636035
2021-10-29,3.5628069960369837,3.9072105605348573,3.750777595363149,2.072591655151385,3.113287004962983
2021-11-01,3.6558321953994475,3.9912586194754778,3.831061077858339,2.1245028431566677,3.171186856865655
2021-11-02,3.6402727621347766,3.9495873534601804,3.790166301296335,2.0979099591538906,3.140673610838691
2021-11-04,3.673994661831175,3.990024334610264,3.831494486341259,2.1240031545601408,3.1683726873943465
2021-11-05,3.651453425413301,3.9429598890137507,3.7867126441046794,2.0977768795489484,3.129159122495531
2021-11-08,3.6385649430944724,3.939693371245255,3.7809957585275877,2.091365196248031,3.1238968749520475
2021-11-09,3.6112403201359875,3.8909502941829004,3.7343504246989467,2.0684621908855436,3.0760494624072354
2021-11-10,3.5892067811566917,3.8570365015705876,3.7051649591297124,2.0512285163482504,3.0513446923288075
2021-11-11,3.610302958451477,3.8725958890026693,3.718319216349517,2.061825330545647,3.0594913694203103
2021-11-12,3.651256174843,3.9132865310535214,3.7593275869858487,2.082610699345799,3.0911457995716
2021-11-15,3.6718282773624784,3.915373961873787,3.7591528459782704,2.086510990310682,3.0917969727292154
2021-11-16,3.675690197868933,3.9069482078251405,3.750387339770987,2.0879354709478437,3.0913389137718177
2021-11-17,3.66091880351272,3.87271122437816,3.7160636689564637,2.07802337885313,3.0601024483071275
2021-11-18,3.649861451946032,3.8659462056684366,3.709730305597116,2.069819312537462,3.0548395778370074
2021-11-19,3.6680140438070854,3.8747260403577544,3.7175569635647667,2.0851891390914457,3.055787501804996
2021-11-22,3.6714963954505424,3.8787845166521175,3.7217448869882803,2.0827604254598944,3.0696764754450796
2021-11-24,3.6133611852423075,3.8544358036277466,3.700435068768063,2.0593124418816218,3.05106269456679
2021-11-25,3.6376066280526773,3.874173683609942,3.7188599198869445,2.071276552675562,3.0638004593911328
2021-11-26,3.5454113743132405,3.7860792735177538,3.6370702995456723,2.021538376772506,2.9879744753094974
2021-11-29,3.4877385830243943,3.6981541685351007,3.5534056030147125,1.9869823287576336,2.9172553326932382
2021-11-30,3.4307488230143943,3.6513620807115013,3.509316654322048,1.9565611842265642,2.8765385242255306
2021-12-01,3.4447890174543248,3.6733592913546946,3.530914973663797,1.960618151326516,2.89401627929253
2021-12-02,3.4223154579720485,3.6529560810703403,3.5140367193590376,1.9452182852913442,2.873963344979972
2021-12-03,3.4563742972873146,3.7271388042763482,3.580735713142256,1.9687337318435603,2.9286602942797186
2021-12-06,3.4437716958316704,3.726248502913779,3.5807906809446233,1.9651505203580024,2.9195869158933188
2021-12-07,3.5089086991776446,3.8076250280369837,3.654765972476945,2.0052505088162786,2.98497450973605
2021-12-08,3.5588523509034635,3.8194420114361796,3.665537179215748,2.015981561997036,2.993380080465333
2021-12-09,3.5421869657232556,3.7922524547258107,3.6415402594409154,2.0022766873292306,2.971090535691089
2021-12-10,3.506710041721865,3.767563332333801,3.6187899771895125,1.996281662083584,2.9417513690965316
2021-12-13,3.5317078786489904,3.774414392885923,3.6246665606005704,2.0079019420854487,2.9484617138174474
2021-12-14,3.5060775875123267,3.7583835978170903,3.614541031014007,1.9998692571495582,2.9350457020608633
2021-12-15,3.509416878302597,3.77188875763243,3.6283308375678436,1.9964192238656546,2.946235445602756
2021-12-16,3.584217714534227,3.828905833345115,3.6798587412422425,2.0324507995761607,2.9908074250463574
2021-12-17,3.5200166278136398,3.7914018398963707,3.647246929320426,2.0108193437302266,2.9599967436826216
2021-12-20,3.4450592435103418,3.6995572292572865,3.5618360534949294,1.9596798559105997,2.887780827908915
2021-12-21,3.516552821095596,3.756233314011501,3.6131884418285196,1.9857121621618006,2.9287852731543715
2021-12-22,3.5220551245499436,3.7599241709458826,3.6151276275057733,1.9848408371179558,2.934346762507414
2021-12-23,3.551176196841615,3.797318074546443,3.6477189098240363,2.001163965805293,2.9655405731176043
2021-12-24,3.549230424732376,3.7917632989104386,3.640413023381179,2.0004371483202816,2.958885227912066
2021-12-27,3.53614348762731,3.7709428688397204,3.619894999441018,1.9955850889108306,2.94113928678287
2021-12-28,3.5845679005283886,3.8148233532705933,3.662135596263178,2.02074184793236,2.9741668223503104
2021-12-29,3.5645569626350424,3.8212839246024246,3.668103524697214,2.021901893027727,2.9763427034966234
2021-12-30,3.5503551624165133,3.8038033848113746,3.651873656452272,2.013056658728381,2.96698636950608
2022-01-04,3.613253769180823,3.8747365409084953,3.7153555325336987,2.0560297964937733,3.0304258816696383
2022-01-05,3.616998880741495,3.9258788401720315,3.7646963565538925,2.0825690092689704,3.068736679002332
2022-01-06,3.512887910316256,3.862113456490246,3.708467419752872,2.0415827643166002,3.019955108998036
2022-01-07,3.5117400516861492,3.8738863017623832,3.7193300873325357,2.055843332324749,3.0260046187506524
2022-01-11,3.4801623788852267,3.881909191891343,3.730649530808584,2.0769776586367796,3.0189915926853574
2022-01-12,3.5471427959858874,3.940536683740471,3.7826947462575973,2.0972346079677675,3.0813230692362388
2022-01-13,3.513043495015175,3.939781950481264,3.7808730681518483,2.125534499216031,3.0731147240158343
2022-01-14,3.46805302427693,3.8797154916168446,3.727957452903173,2.1043920269835064,3.02588968226779
2022-01-17,3.493854795762867,3.9004863234233347,3.7496228302126946,2.1078366014863708,3.0364713544686035
2022-01-18,3.484449869303431,3.8682579998188262,3.7193340357953835,2.0790347392898543,3.018491164769927
2022-01-19,3.387031208520403,3.782342268811192,3.6436293805211157,2.0309056905990137,2.9385326627241226
2022-01-20,3.4247275024916704,3.8095745501832865,3.672124213924681,2.023472812869278,2.962755175943608
2022-01-21,3.3938169653192407,3.7967626239231262,3.6651660212160504,2.014826830070552,2.9550766695631925
2022-01-24,3.4019690255189587,3.8131019674240827,3.6821239164623734,2.0241568812251924,2.9642702758535986
2022-01-25,3.3456119605616848,3.760808996371482,3.6402492997290214,1.99685964088519,2.916167472489005
2022-01-26,3.33081335092532,3.7491119455217565,3.625607077117305,1.9874290836875295,2.9017373418885795
2022-01-27,3.227104588622674,3.6764158126044992,3.562926556670425,1.9742574828381434,2.815438454087273
2022-01-28,3.294560911861206,3.7473307284549593,3.6277592241139494,2.0103729814628637,2.8747111353757004
2022-01-31,3.329660434588283,3.7637464324111236,3.635065534177324,2.0046941451640925,2.898689799713364
2022-02-01,3.339093780543807,3.752950700623482,3.6223131712071903,1.9859152318271502,2.91901415329664
2022-02-02,3.395215300864018,3.828040837029283,3.6849925822712315,2.0166194854663035,2.98538745034
2022-02-03,3.359172636215938,3.8268165930859106,3.6900690019055347,2.0168490535385786,2.9649813478371136
2022-02-04,3.383672168588785,3.8382510065565842,3.6976053526312502,2.0239745140556566,2.9794431574707163
2022-02-07,3.3601046993503303,3.8350003284919345,3.7005895172966743,2.0432171516086917,2.9687349844644646
2022-02-08,3.364500810045953,3.8597306643583993,3.7285750747724298,2.058216564988365,2.9919659285856435
2022-02-09,3.400920875968346,3.885881325481604,3.7439870354210614,2.057820339849994,3.026793242657539
2022-02-10,3.415251045605643,3.9111627106121247,3.766274627559365,2.065394334240374,3.042871865483775
2022-02-14,3.339230579474126,3.8688999034590483,3.734294815858355,2.0516521620712775,2.990308211640057
2022-02-15,3.3127925002876557,3.8482452274405636,3.716483046953442,2.039820231152104,2.9688068675717703
2022-02-16,3.386188979894831,3.9159155474990586,3.7784643604132566,2.067911792692895,3.0322552814996553
2022-02-17,3.3581317119609397,3.8997686332287658,3.7638985475258604,2.0663891660759774,3.0184584376707537
2022-02-18,3.344468918795323,3.888049035414606,3.7515190444969146,2.0630653455299486,3.0050572825691972
2022-02-21,3.318425340749456,3.8545000040663635,3.723120192392545,2.054693317227031,2.9672835140576117
2022-02-22,3.261546609448747,3.7847435824779487,3.660115778759328,2.013246658698865,2.9183621421206003
2022-02-24,3.202506310543084,3.720775002453247,3.597913173771773,1.9892182729274377,2.8749327601381776
2022-02-25,3.264862538449861,3.74319245551455,3.6105998086565343,1.9874465878243806,2.898391743214015
2022-02-28,3.2710676223244044,3.7778011837998586,3.645353310258427,2.006698726877857,2.9187850856035986
2022-03-01,3.3102684636859943,3.7981544561669645,3.660373321168728,2.036184515160387,2.9318493187544745
2022-03-02,3.254569623159287,3.7276546291884642,3.591113190323361,2.04395325942729,2.8715288910425043
2022-03-03,3.277288601849301,3.7840479020473516,3.6460809046871514,2.077649873364157,2.91612073054229
2022-03-04,3.204312875290132,3.71516145329436,3.5843721848933328,2.054067615028758,2.863935830296748
2022-03-07,3.110095261307933,3.6263324912183,3.50394607576037,2.0493473305750736,2.784341166847639
2022-03-08,3.057014386225888,3.5213250703000014,3.406416145188973,1.9614301660374254,2.7104260891423335
2022-03-09,3.04796084997655,3.5137342465239185,3.397299397697162,1.9456332723901375,2.703586256298732
2022-03-10,3.167927249943506,3.652496028952858,3.527921763709193,1.9997157329734454,2.824145984942812
2022-03-11,3.1028653896719325,3.6250799990134825,3.5027138259026587,2.0060871305155246,2.793249621658347
2022-03-14,3.1207542582430223,3.677793514471471,3.5490142020286966,2.0282815967503605,2.8288023812789334
2022-03-15,3.1255178956422847,3.6956166538535284,3.5732721700331473,2.0027814382974847,2.8442058507962353
2022-03-16,3.176757524558327,3.731711136029065,3.606731135937236,2.019627465116714,2.8737939962428287
2022-03-17,3.2866135683705924,3.812435129249436,3.6800647663275448,2.03686065333649,2.946365209130057
2022-03-18,3.3081362789498763,3.831141906688168,3.6968928317288143,2.0535160507430374,2.9564119799549924
2022-03-22,3.3570515302664306,3.8927618780734754,3.7538322208984467,2.0877861636930537,2.9983114641230326
2022-03-23,3.457680149048213,3.9647515430409865,3.82296290629054,2.1136210020655763,3.046118088183119
2022-03-24,3.4663403883728843,3.965897110857669,3.8200535147947923,2.1192429781834172,3.052820336235047
2022-03-25,3.471204939067576,3.978137167655245,3.829389257375648,2.138679125094499,3.075006486048903
2022-03-28,3.4458089883520397,3.9679497552977616,3.8244417135434086,2.116980022841891,3.0555397087849405
2022-03-29,3.483854264101533,3.9865313334321217,3.8413710031768113,2.1268798358635115,3.0648940446047748
2022-03-30,3.4560881755809443,3.9889465578651766,3.8398124878508635,2.1221432615904154,3.0582275847589377
2022-03-31,3.4307081205157623,3.9454927552884023,3.793737079201187,2.0943090127092043,3.0209305642884616
2022-04-01,3.41153941124799,3.9333552272300776,3.786939524385993,2.090386510609619,3.00718019585018
2022-04-04,3.420231682716556,3.939955001578357,3.7926675359641546,2.082094168786935,3.0161580281536637
2022-04-05,3.426583440092093,3.920450120935021,3.7763416984634257,2.0698744658371244,2.9834836214830895
2022-04-06,3.3726124085902254,3.859713988139728,3.719697664618939,2.0272962671033237,2.9342935298259842
2022-04-07,3.3156756340814058,3.8091389058586,3.6760713463446315,1.9870795319931642,2.8942897909969494
2022-04-08,3.327665289625673,3.8192462105653178,3.6852792770689846,1.9911079324329186,2.904106514177123
2022-04-11,3.3074074874654658,3.83172441427489,3.6980193964681782,2.0055373468355366,2.914490187455744
2022-04-12,3.247411522793067,3.785697450251079,3.65686398016364,1.9737560945907058,2.8718021698684604
2022-04-13,3.31011673247807,3.832608852450441,3.697365514468018,1.9925744387364033,2.9197114351034266
2022-04-14,3.35062583403243,3.8842822967281023,3.7437192518182862,2.0261439689477347,2.983353664768979
2022-04-15,3.340907570586471,3.8676303949888236,3.727436739105894,2.0216789023358848,2.9799849392393156
2022-04-18,3.304718232437398,3.835576002645502,3.6965889337546023,2.010635889188852,2.948917678551232
2022-04-19,3.3275776227055394,3.884308456792408,3.7416058740405203,2.0316375057810503,2.9981115640557636
2022-04-20,3.3562796278515155,3.926110068867556,3.783549588893711,2.054081613680315,3.022493660962352
2022-04-21,3.3976150623810946,3.9487636588902135,3.8063863190783884,2.0478365064973625,3.036113484477921
2022-04-22,3.3423959814832527,3.9003309992032165,3.765073180299956,2.017256456844715,2.993573437067771
2022-04-25,3.278954514175036,3.8293662227931327,3.7021454538793446,1.983209480022416,2.937538949207725
2022-04-26,3.292436193263893,3.8331373071304538,3.7064299078282543,1.9810750226422462,2.9409993735844155
2022-04-27,3.2537806208780813,3.7948796722421334,3.6685587792765193,1.9654261607579269,2.9126137922156703
2022-04-28,3.3106605563947267,3.8796717927855284,3.752692664018915,1.9904017744624276,2.9664932205341774
2022-05-02,3.3070387565458916,3.893570916265729,3.7637335924615445,1.9899135614342072,2.976662034673597
2022-05-06,3.3298552767267147,3.952472996998601,3.821152021139169,2.0302904046023356,3.013421317534905
2022-05-09,3.2454828505501188,3.8785747391826284,3.752443846598208,2.006313082741794,2.9499636220238616
2022-05-10,3.2267098466388857,3.8503422987094966,3.729082121643829,1.9826784806074544,2.9309303995257427
2022-05-11,3.2324488989462328,3.819780924878315,3.699534368393295,1.9627971384768728,2.912380508240847
2022-05-12,3.1751188275127458,3.80321828018705,3.67928555100732,1.9566209980183271,2.8680235768941293
2022-05-13,3.2588388094952667,3.8670192300723443,3.7342005022879694,1.9722708545000882,2.9497905959895685
2022-05-16,3.273562276057231,3.846633624141612,3.715756350817474,1.961256443945356,2.9400154933673193
2022-05-17,3.2874594096439753,3.8553967812023444,3.718505079802423,1.9727034496146938,2.9406454863843954
2022-05-18,3.3184660432480904,3.88708265938661,3.747048825669604,1.994492550235732,2.9662056912120893
2022-05-19,3.2557793784885005,3.8487392649736973,3.710489988975299,1.9829109385529193,2.922199530346127
2022-05-20,3.2972354754548583,3.878936123464962,3.7343252163862912,2.0037695813020386,2.9551372283936876
2022-05-23,3.3296035955961103,3.9021897705008177,3.759337122496985,2.0033559136800925,2.9883465402231093
2022-05-24,3.2983590089230597,3.87469061580629,3.733667385381365,1.9977299278235239,2.9506312795218825
2022-05-25,3.2896852823799065,3.862396331863332,3.7234685792645963,1.9952717999007499,2.937630113122051
2022-05-26,3.280688344279556,3.863798557875193,3.7271343777502444,2.0012451074825264,2.9453151143418714
2022-05-27,3.3024947681333394,3.8931432087789775,3.7508846275959686,2.017924561167255,2.9567228870407876
2022-05-30,3.3749712267654814,3.947056253571309,3.803170440895863,2.024739297059599,3.007251411422942
2022-05-31,3.363918932905724,3.924421368811153,3.777984379033779,2.014005907434295,2.988283305092665
2022-06-01,3.3858794963993035,3.995064318899387,3.8461939138815286,2.055999988555686,3.033003194961178
2022-06-02,3.380452576862544,3.98833146701948,3.8394681878459544,2.06727324726148,3.0208495439701233
2022-06-03,3.4233267585150258,4.006067782215176,3.8524914353510464,2.071660345667155,3.0395091980681994
2022-06-06,3.442356260420607,4.0273042192286175,3.8714354895062066,2.09107105143162,3.0591483850004084
2022-06-07,3.4458162136476562,4.05634958956326,3.899197443806436,2.1098588301977563,3.0762148849957427
2022-06-08,3.4816185167949287,4.09853676302473,3.9374780829691662,2.139446178119989,3.1322173154573987
2022-06-09,3.483127881048995,4.097649330172865,3.9361537132099484,2.1411981485618843,3.117373553282518
2022-06-10,3.4310607149417973,4.05740605242355,3.901277200989298,2.1156096842856043,3.091740439943096
2022-06-13,3.3278673570597195,3.981679366195917,3.8370973348221264,2.0686469932234144,3.0383967406770256
2022-06-14,3.283773545507351,3.9458192701650785,3.8032756380005477,2.0442842523596974,3.0120418339122894
2022-06-15,3.2463238749597574,3.9043056811181245,3.7695474844555554,2.0137124944161426,2.978277948538206
2022-06-16,3.2592764215663763,3.9337527349564567,3.799642673830637,2.0345251855854545,2.997449630160119
2022-06-17,3.201541974421611,3.8728278431419776,3.7477151347987827,1.9913863485573928,2.9373673017458075
2022-06-20,3.1778933410290766,3.8162758927511407,3.6997622128176695,1.9562108218215908,2.8885736213901203
2022-06-21,3.2364774829382177,3.89415061398386,3.7696565031612943,1.9904784046861903,2.944083425261664
2022-06-22,3.224545870602061,3.8844863670857745,3.7643859905730315,1.9967306764370967,2.9403477017947375
2022-06-23,3.227221638411647,3.8764108136916278,3.7615790512221707,1.9978181350626656,2.926772907126099
2022-06-24,3.2667702573355273,3.885235234438152,3.768289512209027,1.981073537670513,2.954112453441519
2022-06-27,3.3135422451293537,3.92947728550086,3.8063293963245943,1.9874867814944557,3.007040942005394
2022-06-28,3.335516536684603,3.9768623509073664,3.8499611248890995,2.019682808701653,3.033584973280816
2022-06-29,3.305321062934915,3.959171478122362,3.833475904559786,2.019344286555951,3.0187329964256415
2022-06-30,3.254570827375225,3.9089354502228613,3.7919135537584268,2.008555610168349,2.96482381917636
2022-07-01,3.1981655937805145,3.8604682487997137,3.7501660158807857,1.984723424216778,2.9290162814381606
2022-07-04,3.2250711495933038,3.8978766505288793,3.7846561035464044,2.0015229607364504,2.956577299008305
2022-07-05,3.258323405074699,3.915614106842037,3.801392137302271,2.0057661381841805,2.973733833061384
2022-07-06,3.2193790617074574,3.8373690591785614,3.7297353081085785,1.9789192843415295,2.919491427010203
2022-07-07,3.2665925150633877,3.885367481566388,3.7757324577836573,2.0085730362472876,2.9471495435352035
2022-07-08,3.2698800245684145,3.905753250832787,3.790640805119095,1.9961418044344803,2.985778960478027
2022-07-11,3.3062707076219713,3.9558591054989023,3.8421378099493246,2.016282165634147,3.0234367361522922
2022-07-12,3.2476186479340448,3.8857410069014495,3.778534715724302,1.993820538362979,2.9620586039839685
2022-07-13,3.2651423982333676,3.9021382350137204,3.7922521737229165,1.992199891453822,2.9726836721606222
2022-07-14,3.285442107108144,3.909207661041463,3.798036243415308,1.989160307905464,2.9790648389446686
2022-07-15,3.3033321798951696,3.887296713619321,3.777405714787706,1.9899903282750064,2.9561581677148423
2022-07-19,3.3246908762639826,3.9260755225903936,3.809157629190976,1.9804881398668812,2.995079390081286
2022-07-20,3.4133002157894743,4.0069280586402645,3.8847283965705075,2.019674411734347,3.051664922503511
2022-07-21,3.4284355242015185,4.01732249108461,3.8948027520186663,2.030721693956992,3.057339740607652
2022-07-22,3.4422045292126824,4.0237161545342826,3.899521637296194,2.0429914780448226,3.059943643660088
2022-07-25,3.415641934098439,4.008534810152109,3.889914460185731,2.0218689964675645,3.0547017277114414
2022-07-26,3.4102114019138714,4.014053145612482,3.8930928974309444,2.0169821092974773,3.055042311068943
2022-07-27,3.417676577343748,4.017751362117925,3.8966071944020655,2.0157036664401353,3.0567361231882115
2022-07-28,3.4299745121676075,4.023702965837495,3.8987014422948536,2.0220564130732845,3.059944690786316
2022-07-29,3.4282678973432397,4.009230488189066,3.884250928846881,2.0219187262489458,3.0482224410371455
2022-08-01,3.4519078603810356,4.048322976213577,3.9184866958387996,2.0486125712579617,3.0771522506564435
2022-08-02,3.40275345177961,3.984131492391804,3.8599062148397087,2.01611371109273,3.029049344366833
2022-08-03,3.4209012267769197,3.9862899781016323,3.8599914767274326,2.0205925890685426,3.0277732258956696
2022-08-04,3.4443673010335707,3.9823587411322228,3.855932719716875,2.0283867341518005,3.0258354271856303
2022-08-05,3.4744146562231424,4.005452945225792,3.878259243084296,2.0382072627568175,3.0396779758543664
2022-08-08,3.483462171392801,4.029537135943348,3.897793443459962,2.041405395221032,3.0452702282585067
2022-08-09,3.452723114569644,4.011536407658338,3.8780027022151446,2.0427975216959036,3.0376756341482496
2022-08-10,3.4304492140895415,4.0199854057768585,3.88992267285289,2.0337726245444636,3.042803918467295
2022-08-12,3.520177029376304,4.099728789840835,3.9634085516515367,2.0781566470881065,3.0972549296294165
2022-08-15,3.5602285288750193,4.114362270635069,3.976393426382979,2.0782894466217225,3.1146320132435794
2022-08-16,3.55987473023305,4.098678653569754,3.9625045639495218,2.06452579100072,3.1055640347620908
2022-08-17,3.6035097355138377,4.15292993242201,4.013195820005536,2.0881075735391517,3.1524033215597997
2022-08-18,3.5689049046932317,4.125635440503099,3.986299782768298,2.075861016525197,3.145324552291135
2022-08-19,3.5674485259403457,4.136415938940851,3.996625641297299,2.078151047756064,3.1464462031980616
2022-08-22,3.550699086487811,4.12948119363569,3.9923339253091124,2.068916098638348,3.13907337534449
2022-08-23,3.508557308967548,4.095654981349532,3.9648143879815034,2.049699465462564,3.11328328990397
2022-08-24,3.4913825404464514,4.107175492200255,3.9732198262318295,2.0567447694166883,3.1223823842431493
2022-08-25,3.511795445619203,4.12463974977291,3.987461062295658,2.0666606670296996,3.135966947621783
2022-08-26,3.5318177031423463,4.134216128002587,3.9969856046420755,2.0746528733965732,3.136807339474571
2022-08-29,3.4378023974373795,4.0678895967573405,3.9372343028324006,2.0428444135012604,3.0819627207877383
2022-08-30,3.4768452456681787,4.118209892541408,3.983161972626009,2.0744952883054335,3.118518788275005
2022-08-31,3.464014565714274,4.107289421832264,3.9741781009421353,2.0629253945590205,3.1111253959553604
2022-09-01,3.4109833043287887,4.055829220672592,3.930655951543967,2.0329609945207503,3.0666999762548386
2022-09-02,3.40967239486096,4.047853049070736,3.926950350817302,2.024391205309077,3.060529379305705
2022-09-05,3.4058213122979284,4.044052933837505,3.918002180595499,2.0260171418765958,3.057272541110041
2022-09-06,3.40667221127824,4.050241833203908,3.922730086682995,2.0382068978625454,3.0607477084725985
2022-09-07,3.382477345537178,4.023086616496132,3.898602744678807,2.029657981733844,3.04816590638309
2022-09-08,3.460777633278555,4.10209292099747,3.974515523791609,2.06999327182497,3.1096613574512655
2022-09-09,3.4792091215503644,4.12557351052166,3.9963675793076057,2.082545172567055,3.1239273542401875
2022-09-12,3.519576366467475,4.151632910125855,4.019610772337383,2.092995340784817,3.1441840230668823
2022-09-13,3.52851911485071,4.162978746468217,4.0292803649035855,2.092361482663706,3.1479046924913128
2022-09-14,3.430361547169409,4.088727146595837,3.96083859763371,2.0685598404936205,3.10328107767223
2022-09-15,3.437426200379003,4.091190778878944,3.9636133321715072,2.071215161937486,3.1040259007849573
2022-09-16,3.3994141609893407,4.0692721547466855,3.950791873198186,2.0614366340105525,3.0838626955755926
2022-09-20,3.4143064586255187,4.0922121928571435,3.972887252367445,2.0724252274018506,3.1020287537004463
2022-09-21,3.3680289218949757,4.04295102577705,3.928718733959137,2.041480526517413,3.06632112619404
2022-09-22,3.3483852698620815,4.029771846588179,3.915916932387408,2.0387228789277843,3.0602821481761016
2022-09-26,3.259319773340068,3.908745528708208,3.8025368589588724,1.9895949436721083,2.9657655124027755
2022-09-27,3.276622670436746,3.9299669085900746,3.822582846690796,1.9986740492436428,2.9833934687701227
2022-09-28,3.227558337187326,3.8779298801740185,3.7737532219177155,1.971679521480053,2.9452040588001736
2022-09-29,3.258148312077618,3.9559521800793997,3.8482364486955247,2.0253892392935793,3.002998858767698
2022-09-30,3.1983618809780667,3.8982872427278097,3.7944438775397358,2.01022440432335,2.9584543291870427
2022-10-03,3.232713826452133,3.9146100571487703,3.8065695264495965,1.9885964407793308,2.9739529456748506
2022-10-04,3.328455736966004,4.0324560016362385,3.9218648326174677,2.0474723715248757,3.0694841441493788
2022-10-05,3.344278893520639,4.035116462519658,3.923769958375995,2.0421450781515573,3.0652591556029076
2022-10-06,3.367803251828588,4.052523294743676,3.9383492254483294,2.0508884046665545,3.074639023553491
2022-10-07,3.3437338653880473,4.0158100599208115,3.9038358753834657,2.042781406101751,3.046524605081605
2022-10-11,3.2555833321341363,3.952520761230997,3.8475289673177753,2.0310119175623136,3.0045176645686356
2022-10-12,3.2550383040015447,3.9371513324410263,3.834064575245208,2.036239416229702,2.992329268534969
2022-10-13,3.2353811647501685,3.9093307695590003,3.8071243464686897,2.014130575684255,2.9759186081023037
2022-10-14,3.3406079616616196,3.9998194187528835,3.8912897191811893,2.051784057075612,3.0448972301951
2022-10-17,3.3017683850808015,3.9719764577047862,3.8650714237079766,2.0353189465918717,3.017844907736472
2022-10-18,3.3486701873525186,4.009869261725428,3.899674833038785,2.0570684530399665,3.0412704669122372
2022-10-19,3.361154293960069,4.017746119387808,3.907926151041388,2.063222110472061,3.0483779410587073
2022-10-20,3.3302745847155983,3.9904104855849196,3.883644569385629,2.0585023140289627,3.031341041900908
2022-10-21,3.3159234617210167,3.957338224469226,3.8509192094738096,2.0367282550498054,3.0058901069627777
2022-10-24,3.3263211437980145,3.966200398080839,3.8553075504636753,2.024311592322475,3.0112637278616
2022-10-25,3.360278588131477,4.009405372716446,3.895789963698467,2.0489291620995993,3.0431024725575777
2022-10-26,3.3826671299686786,4.021615298132425,3.9079409907226847,2.0512211954959794,3.0529983708041506
2022-10-27,3.3719883838922398,3.9896352669803865,3.874384330082132,2.031439543272102,3.0208605905665005
2022-10-28,3.3423885153444512,3.968137221101032,3.854470926196899,2.0191567893156694,3.00573417996017
2022-10-31,3.4018570334369227,4.030682016370211,3.910792540318043,2.056075744086113,3.052617819051494
2022-11-01,3.4131349973630685,4.050047533796327,3.9276884330815256,2.0647646799955126,3.0626012466403068
2022-11-02,3.411220053181789,4.062729751053435,3.9390437078193927,2.0785671407646857,3.0656106122239764
2022-11-04,3.3540465298199695,4.016771115785526,3.8926616682359794,2.058026707947422,3.0284128973926983
2022-11-07,3.394480488299929,4.048087692149098,3.9220661081014687,2.0675776561550365,3.0510516624492836
2022-11-08,3.4369575195367488,4.098848503050768,3.970510485991313,2.093951987878172,3.080608996253579
2022-11-09,3.417760390772889,4.091949706380982,3.9657000344847315,2.0904306371119055,3.074606494517604
2022-11-10,3.3844255260782905,4.069488310861689,3.9463167970137922,2.083376168265266,3.061059657365472
2022-11-11,3.4852292378571543,4.123597220240343,3.9897314188186073,2.1110601723062423,3.1071629361061457
2022-11-14,3.448223441303536,4.069366492339849,3.9330079853673796,2.0806722809253517,3.0633409727911367
2022-11-15,3.4515157676723063,4.090969586628621,3.954388867996301,2.0899234261790367,3.0743698831897572
2022-11-16,3.45621774921565,4.084565995717913,3.946530169394898,2.0926278857927296,3.06642963283088
2022-11-17,3.4441664378154644,4.100647353061859,3.969933712248175,2.078835751338722,3.09966692118628
2022-11-18,3.4403683407536128,4.109965753771532,3.982440627072712,2.0753056894070223,3.108109111866226
2022-11-21,3.4459197762181453,4.122243371003283,3.995582797405936,2.0764665888052978,3.1173310230126945
2022-11-22,3.4670000578625766,4.167124237999309,4.040936374123092,2.094291584848015,3.1506755495150895
2022-11-24,3.4999673958535364,4.210349043059092,4.079272314419725,2.120635137408888,3.183410043115475
2022-11-25,3.4876287585310433,4.217481877378195,4.0888453230437705,2.1198705237111852,3.1913212509122086
2022-11-28,3.472806787105522,4.187079109434038,4.060551199784231,2.100153436397487,3.169342700439436
2022-11-29,3.4561609102234754,4.179178945265607,4.053446059982578,2.0915494431027843,3.1670436165487095
2022-11-30,3.448904064150511,4.177145662039891,4.049263607393159,2.0939229802447716,3.1603481517420238
2022-12-01,3.4806062528792063,4.170123191560917,4.038164061550677,2.093865419184766,3.1468802689784603
2022-12-02,3.4253404484030514,4.101210865926596,3.9726515861546017,2.0631498016904923,3.0940483637997627
2022-12-05,3.4305811961561203,4.086046901624552,3.9572909264966487,2.059156900402395,3.0772062618661256
2022-12-06,3.4386542597904426,4.102489210782469,3.974401457188689,2.062903757084736,3.087552573036887
2022-12-07,3.4140574267699746,4.1056171758077005,3.9779644636632034,2.06483257714098,3.0964069323684877
2022-12-08,3.4002501276920487,4.090430692668659,3.9640928033785605,2.0581557124100995,3.0890767627267484
2022-12-09,3.440521276177473,4.1237263959928505,3.9925249578241506,2.0843980589655624,3.10867033291611
2022-12-12,3.433285383461793,4.114802967393622,3.982924348211322,2.082775795698147,3.103310499049691
2022-12-13,3.447160359475317,4.1279129460488,3.9952701205768735,2.085725308454222,3.111763781041127
2022-12-14,3.471990569544164,4.146424762631597,4.013878375646195,2.089193918566707,3.1270161050359833
2022-12-15,3.459103050598084,4.153870402997316,4.019186609335593,2.102664698044802,3.1363201921819366
2022-12-16,3.394416183168952,4.103943624809406,3.9720286647214413,2.082740018661326,3.103339700133363
2022-12-19,3.3587200918672266,4.075087805913798,3.945650054084807,2.072376742240979,3.08010847012505
2022-12-20,3.276149172730748,4.015704432542459,3.889331052508469,2.086435275189401,3.0354368658480197
2022-12-21,3.25391501137653,3.985800635099325,3.859439368377292,2.0889828335092995,3.021036755351212
2022-12-22,3.2687307208791845,4.014647275545249,3.88657122035969,2.108236853964673,3.0379507123624925
2022-12-23,3.2351135879692094,3.9905359809829295,3.863601078018979,2.1200951950781746,3.014352353906732
2022-12-26,3.25615292627182,4.009748989302176,3.88269683272649,2.117342786502551,3.0266882288054853
2022-12-27,3.26133201816897,4.021148059776319,3.892626198433756,2.143071464420771,3.0291699483569325
2022-12-28,3.248092145640044,4.020533771774418,3.891212808542725,2.1503050300434516,3.0234851256050623
2022-12-29,3.2176551061736123,3.992457358830252,3.8671738805543696,2.1152581497329668,3.0118588291125907
2022-12-30,3.217757464528164,3.9905555035791562,3.863125845722087,2.1199530317136106,3.008648543431271
2023-01-04,3.1711899526002547,3.935508210562186,3.8091413293127316,2.1021826202885268,2.962562231709547
2023-01-05,3.1840071453356775,3.931762372861434,3.8047562788797533,2.0775988688608726,2.9663229253655667
2023-01-06,3.2028798583264035,3.9424432817130617,3.81057638714281,2.076970160410099,2.974577401293192
2023-01-10,3.227753179325756,3.952503016285899,3.816584639688144,2.066475043535514,2.9813545564457824
2023-01-11,3.261101531238837,3.984844162984835,3.846691879854133,2.076002320035181,3.004249286163955
2023-01-12,3.261572620512964,3.991517819007386,3.8509992106945448,2.095553688548684,3.0058525603888766
2023-01-13,3.2208426657559586,3.975912011351559,3.835431907325977,2.1190928708257086,2.9939353462199176
2023-01-16,3.1841945213353045,3.9258781020186415,3.7931951527529786,2.087526989231405,2.975334838250337
2023-01-17,3.2232053374222085,3.9617545275262316,3.82595336388621,2.088443973714632,2.9944700105057147
2023-01-18,3.3036587632569874,4.037047830315917,3.8958374164414256,2.109489338458186,3.059339427328924
2023-01-19,3.256074170549611,3.987453476266245,3.852493786690246,2.084332488991479,3.0261502652364096
2023-01-20,3.274361152909112,4.021336281662993,3.884026539550207,2.0995966213725534,3.053988357571333
2023-01-23,3.3178297355475577,4.055278474146674,3.9147572090936635,2.121098240601157,3.075061635271213
2023-01-24,3.366309783224875,4.107786025850405,3.963594945258399,2.1540328242303612,3.1162765298389643
2023-01-25,3.3781255499879976,4.136719583486365,3.9898259046097366,2.1645584133051625,3.1403988683914994
2023-01-26,3.3741475430653214,4.1429352539500375,3.997169439197663,2.161710231872833,3.141500736285739
2023-01-27,3.3765904155129025,4.1523830317763055,4.005546427498448,2.174534434775455,3.150327355209954
2023-01-30,3.3828595636752357,4.145122119814712,3.9989262183958676,2.1758058601701427,3.147574780241854
2023-01-31,3.3697526365856336,4.149610892209792,4.008468370785147,2.1654143566771684,3.1518955635692056
2023-02-01,3.3721906921694718,4.14219810145084,3.9966213781516484,2.1683727197018556,3.141019850867229
2023-02-02,3.3789937896777866,4.1066740123677,3.960863969058668,2.1677064076971453,3.1172798260025902
2023-02-03,3.392238719913644,4.108425026468204,3.9607853370505004,2.1752419470340465,3.1170663080855876
2023-02-06,3.4149514366807914,4.146179308496097,3.9978405084093613,2.1924609849961407,3.1414923648910142
2023-02-07,3.413942785412875,4.1509967204116505,4.001721793309677,2.1976269569066407,3.1452828098917722
2023-02-08,3.4041999559618237,4.147314972435572,3.998516650379005,2.1915751261374297,3.1444834290737615
2023-02-09,3.401473370239742,4.1529107835605314,4.003852308942362,2.1888752001131446,3.140528408087912
2023-02-10,3.412155969807176,4.170787990059705,4.018674045199603,2.2058911282941533,3.157442282973268
2023-02-13,3.3821098188335403,4.164029606412911,4.012016897616426,2.1988788695972996,3.1551152314991326
2023-02-14,3.4037447623380506,4.189994361299292,4.037305160287584,2.2080020038491117,3.1754916173109073
2023-02-15,3.3913013582291334,4.195574523031518,4.040198961762789,2.2202102786128144,3.181669489350898
2023-02-16,3.4152953607520864,4.217217543971772,4.05762427907803,2.244150264099283,3.1929481794770904
2023-02-17,3.3926912642623575,4.215439823472207,4.054341954580222,2.248134126465437,3.1928016846412914
2023-02-20,3.395010584154915,4.246870606344942,4.086324873319925,2.264719039040021,3.2118804544501565
2023-02-21,3.3877549422978865,4.259285361281365,4.0953907916186365,2.286962547717259,3.210753835373613
2023-02-22,3.342280135910219,4.201895642640955,4.043587452611414,2.251259315650208,3.1707763994511704
2023-02-24,3.385335672482648,4.238001035728191,4.077273750101296,2.2684216204674565,3.191682658792324
2023-02-27,3.3816955685515877,4.261992679724829,4.10033463469387,2.283185951178915,3.210310017548658
2023-02-28,3.3843590533586276,4.248792767512538,4.0889985659946575,2.2698197676769643,3.2012189595274667
2023-03-01,3.393110331408053,4.267187505805631,4.100882836828538,2.286835485068768,3.218704653737577
2023-03-02,3.3909326273095584,4.259583881688819,4.093904900191763,2.2849396315861132,3.210094138417022
2023-03-03,3.443784219677406,4.305877556248599,4.1375096731851295,2.3088500471084625,3.245562833845155
2023-03-06,3.482048903570422,4.330452105949081,4.159446326638608,2.324728641872302,3.262783187479275
2023-03-07,3.4908509995323422,4.351086133114534,4.179761374949996,2.3368329188181964,3.291843015212253
2023-03-08,3.5075016932781327,4.369794575920457,4.200613705514829,2.3436418811803983,3.3064321140301054
2023-03-09,3.529569672833195,4.406232476097433,4.236300236874297,2.3580096491452776,3.3404603456874797
2023-03-10,3.470481205290096,4.335675690676216,4.169267921973405,2.3278999194909975,3.2882261552486214
2023-03-13,3.432130058692882,4.257514194964693,4.097772063402876,2.266092177991183,3.216713292142111
2023-03-14,3.356796236488019,4.1347912932428645,3.9902112634697566,2.1940232359397154,3.1172991646972625
2023-03-15,3.3577138490311804,4.1687540231305285,4.017720402870188,2.2165947930431256,3.1371570351622133
2023-03-16,3.330724479789252,4.102396536710364,3.9644035363105807,2.1747644735232354,3.084239332222268
2023-03-17,3.3705763202857932,4.128065192718888,3.991085929689735,2.182419374681207,3.1050068821958012
2023-03-20,3.3227166846586553,4.066334852611843,3.934772171493232,2.1424389423728796,3.054120512654715
2023-03-22,3.386954620386881,4.134536322715568,3.9979510848125073,2.1739195105604203,3.113697016634183
2023-03-23,3.3811589699305467,4.13623313884352,3.9982856229482273,2.173108300019725,3.0968096634256077
2023-03-24,3.3769220565816505,4.126243511251639,3.989985089030222,2.1738330612201704,3.08412739766583
2023-03-27,3.3882197696491456,4.145628588560776,4.01074996229516,2.181193809288172,3.08509944424538
2023-03-28,3.393322514255959,4.162674292469462,4.024260376306797,2.1818296698189363,3.1141526187444595
2023-03-29,3.4383965575801563,4.220092140125402,4.079234558993816,2.207457191973112,3.155991908717864
2023-03-30,3.425960619610042,4.248995470783709,4.103172389773986,2.220311227286503,3.188968320122383
2023-03-31,3.457842959042749,4.281261974969744,4.13073486105649,2.230744193439779,3.2171033342122404
2023-04-03,3.4759290781841403,4.327286694519709,4.172947884654136,2.244019028039828,3.260352037947648
2023-04-04,3.488170174015825,4.341119592656886,4.188633376603868,2.2481051606232563,3.2661096238637213
2023-04-05,3.4297006734637825,4.258793254981125,4.111381965364866,2.209580402454247,3.1992797718552
2023-04-06,3.387697139932962,4.2164723980853305,4.077997609119954,2.198899140612658,3.1589845939142878
2023-04-07,3.393329980394762,4.225795418086608,4.081574194177503,2.1877503155455957,3.1787023107942813
2023-04-10,3.4075539381865116,4.245540867663192,4.0995192309332475,2.208485705405843,3.191919932371792
2023-04-11,3.4432784489843247,4.282247339602434,4.13341618767671,2.2179528141294145,3.210783769225238
2023-04-12,3.4629257136650264,4.313644467519817,4.161551582514407,2.232443498644495,3.2350015930035214
2023-04-13,3.472084257543976,4.307337179953444,4.157346903040495,2.2232947608271556,3.230505212697167
2023-04-14,3.513578648577095,4.3219713609819586,4.171690461790653,2.2385926034665355,3.2445399602276153
2023-04-17,3.516206247749244,4.341641992063791,4.189987816791564,2.2481463034809477,3.2581290626723467
2023-04-18,3.5339693961766256,4.368988026049209,4.217832431628954,2.261331819184746,3.273474149771206
2023-04-19,3.527548516806368,4.370500910058553,4.2195108548953835,2.2634951444190747,3.2734232059576858
2023-04-20,3.533814052320894,4.377966187982309,4.226567881205138,2.2616921003456336,3.2807377160266373
2023-04-21,3.522321256271782,4.365858555840466,4.216793426278061,2.2521146121978077,3.274712098267946
2023-04-24,3.5259158408404647,4.3749301863507695,4.227586946436308,2.2581660180549274,3.2841616826876123
2023-04-25,3.529189863127009,4.373314612153237,4.228377110950166,2.2573352875573796,3.280373924724013
2023-04-26,3.504083646765652,4.346315524107623,4.206209376419392,2.2403796417600397,3.2592959587379755
2023-04-27,3.5091651971719937,4.360809514980519,4.21991112046413,2.2372756184416533,3.2710551835459873
2023-04-28,3.5583369464828962,4.42983046314765,4.28738056354528,2.2775618056709757,3.318551738904723
2023-05-01,3.591229141399455,4.470125336532506,4.32694985990342,2.299230689674028,3.346121855740099
2023-05-02,3.59551663181766,4.457055484204558,4.312080484224632,2.292506613672837,3.345987210520218
2023-05-08,3.569859366244032,4.453981619796177,4.31111501209257,2.294318110315683,3.341279580665832
2023-05-09,3.605982231673443,4.507940072672595,4.357772937897279,2.3187773099819364,3.384709773672059
2023-05-10,3.591105829687619,4.486170435264579,4.340300604627226,2.304451281597971,3.373429773660057
2023-05-11,3.591665790097816,4.4627518326800155,4.316865722895803,2.284670255833189,3.3411945577812996
2023-05-12,3.6239216773138416,4.481996710656067,4.331698174922809,2.2936411056183217,3.34516419267336
2023-05-15,3.6532746815947688,4.522277661517168,4.374344147969937,2.307634503080993,3.376318146994158
2023-05-16,3.679990212132872,4.528203208219173,4.377987517819932,2.321197069362872,3.3629835555382743
2023-05-17,3.7108920789505633,4.53935619455606,4.3891722745488675,2.340076517414566,3.3671359602590996
2023-05-18,3.770123607346848,4.569411728770761,4.415856603454441,2.345078685157789,3.3891625413355415
2023-05-19,3.7990303292019276,4.575860245870742,4.420629685774967,2.3504725815054957,3.3848892690355816
2023-05-22,3.833369028300699,4.619703444819774,4.4643312413366,2.3707296524408523,3.416124870765308
2023-05-23,3.8174555555508713,4.605515713793262,4.4498343739827275,2.361956362672273,3.4060987987038174
2023-05-24,3.7835337560091116,4.582724800037294,4.4280671519894526,2.351956772690505,3.392769914520812
2023-05-25,3.7981401727821056,4.572212600001926,4.4157039749025255,2.3657541635368675,3.4165562572973336
2023-05-26,3.812343177216571,4.565171841447853,4.406084349732661,2.371647718762334,3.4149682687216987
2023-05-29,3.851461168521771,4.601672733449401,4.440482330874056,2.3906563990549796,3.4443488931534043
2023-05-30,3.863129057567964,4.598057417125258,4.4315488448763585,2.397927692670041,3.4450469677873135
2023-05-31,3.808837463783958,4.530047034729387,4.369181326891462,2.3632319455251003,3.4016294042956026
2023-06-01,3.8409144045119077,4.552847499274216,4.38956367765638,2.3859764330996627,3.4198158955547964
2023-06-02,3.8873056192268005,4.61922780347871,4.452135668610914,2.4206567235083005,3.463071851151166
2023-06-05,3.9727864057508055,4.7082745533408925,4.534370170614168,2.471499697430253,3.525301896486169
2023-06-06,4.008466601402176,4.742051200068481,4.565435349718587,2.494851170097497,3.5483524314336456
2023-06-07,3.935337939419147,4.689096273893751,4.515759864156544,2.451029541687787,3.5078418851292725
2023-06-08,3.9017391105913974,4.6680135619354886,4.49498314925801,2.4328392319978,3.492851284293107
2023-06-09,3.9786733357750808,4.727354182900371,4.549772988608787,2.4703481376647307,3.5327942129458254
2023-06-12,3.9994920617182337,4.7444742614122095,4.562880355537308,2.4910146046526678,3.545278260673112
2023-06-13,4.071586061369132,4.784523487552058,4.597129751722268,2.532071107001943,3.577721863973072
2023-06-14,4.131240992088482,4.857309092436989,4.66097419212729,2.5753935584142904,3.6216228433225806
2023-06-15,4.129152881655618,4.8605068768117965,4.666802774562819,2.58008079212057,3.620927652207906
2023-06-16,4.156354192902266,4.869698021594546,4.672741757862029,2.5927604440718115,3.6267643390384663
2023-06-19,4.114963846126009,4.846888418998229,4.655088139101585,2.571484080268231,3.609556209546824
2023-06-20,4.117243667735869,4.8273868323157885,4.634252045675734,2.5683441220434413,3.595535615686137
2023-06-21,4.140208065633621,4.861027913239905,4.665302337376232,2.5925844004462233,3.6228132970311
2023-06-22,4.101949161977098,4.874374881905225,4.681412248276163,2.5883573147270473,3.6302336517685347
2023-06-23,4.042347698445302,4.813994951222243,4.631993682566579,2.5333958299980264,3.5736409205195168
2023-06-26,4.032146303565857,4.809812173497573,4.628579167853991,2.5231337502972155,3.5708455436577498
2023-06-27,4.012357182247905,4.802309491947605,4.624741884941611,2.509244154254328,3.5598607447752673
2023-06-28,4.09320751765516,4.89137209400178,4.707566064468883,2.5527546805277583,3.627415346510801
2023-06-29,4.0981587718972365,4.880123907642409,4.690431856860684,2.5511695651586663,3.61665823651833
2023-06-30,4.092597221018842,4.872448472488439,4.683517283714327,2.547436078633755,3.610230031087447
2023-07-03,4.16218067128656,4.939334327871808,4.740802104123812,2.5926160189816514,3.6591168311973923
2023-07-04,4.121388097300887,4.912971049885788,4.716547062438312,2.581551146212852,3.643542978324834
2023-07-05,4.111052071079808,4.916618693308507,4.717559502179896,2.590689496747155,3.650507296070435
2023-07-06,4.041297140462817,4.864214689768816,4.6715977395133015,2.555048890288294,3.6067808809613826
2023-07-07,3.99387150425898,4.819042688848777,4.630532403543186,2.531977052718697,3.5773311977055275
2023-07-10,3.9693707676701973,4.802614805237562,4.617047729369783,2.516267931111231,3.5544845610197906
2023-07-11,3.971077382494565,4.786601659657096,4.603094183160223,2.4965421819406775,3.527802580567091
2023-07-12,3.939060652563411,4.7632607674109115,4.583864877348163,2.496234010632602,3.4983415994279543
2023-07-13,3.9976830885393135,4.785743013513988,4.601452777999136,2.490783774744622,3.5187982379184524
2023-07-14,3.9942216902531418,4.776819569437541,4.592166293220955,2.4870279992647255,3.5238373822996127
2023-07-18,4.0068772772099654,4.796837409319951,4.610700779534052,2.497225636747417,3.5394098281281865
2023-07-19,4.0564659260778795,4.857428198271706,4.666291842501943,2.52732765386476,3.587335190398096
2023-07-20,4.006461581868891,4.83253978565663,4.6459530876526856,2.5197467976835854,3.5659055559977424
2023-07-21,3.9834923671073947,4.841427649129077,4.65808823843834,2.5163329132639816,3.5695561496344603
2023-07-24,4.032408822639885,4.887044251694683,4.700405562442271,2.539622231453287,3.6058667851439603
2023-07-25,4.030136226325641,4.911638975918352,4.722482716926148,2.565895020975312,3.6206850079347865
2023-07-26,4.028388909002639,4.9065653404728184,4.719823647665974,2.557946887436203,3.618097392490663
2023-07-27,4.055865263169049,4.9276863497189485,4.74097342370547,2.5684378702777892,3.634553299118354
2023-07-28,4.039596787561316,4.916645188686681,4.730590663296069,2.574906003102463,3.6266672803872666
2023-07-31,4.090523079490835,4.9808437373501695,4.790466147508386,2.6139724244234506,3.686484848719364
2023-08-01,4.128054155035697,5.014585384090062,4.819126152231733,2.6243285763234034,3.6986482728517625
2023-08-02,4.033241176694784,4.934136799435367,4.747237333249289,2.5799693498532372,3.6467007718549316
2023-08-03,3.965615781538851,4.850088174110815,4.666083721554432,2.548948452993994,3.5801761537545658
2023-08-04,3.9697431112375794,4.8660381781314905,4.677798299882362,2.5688657456307147,3.582282869560234
2023-08-07,3.977365075582311,4.883454122034497,4.694535146416775,2.5673788838894485,3.6111427226175663
2023-08-08,3.992498938935232,4.918956797550949,4.737627142487527,2.587089328437284,3.640196001034541
2023-08-09,3.971171070494378,4.9085371033823195,4.728276522514551,2.5878543239654843,3.6425535451679134
2023-08-10,4.004381419261203,4.965867620243606,4.783893257958534,2.622622481737716,3.682708980594832
2023-08-14,3.953362402704619,4.92458147106874,4.747045842086842,2.5960826222616773,3.6393231418706526
2023-08-15,3.9754327906915536,4.9307163924371595,4.753506113429303,2.593906043502962,3.6412205280907948
2023-08-16,3.917220992349795,4.860553294115085,4.690086382113808,2.5665411045656885,3.585174965247635
2023-08-17,3.8998561985540117,4.837701009025169,4.669247379633704,2.5485831149002443,3.574140738219628
2023-08-18,3.8782470252705297,4.804587742410155,4.63739786380069,2.517766607871288,3.5485496430032026
2023-08-21,3.892413180697356,4.820875516346554,4.652024662257964,2.5330748022004457,3.56057257016857
2023-08-22,3.9283055591966347,4.864927755187403,4.692566238955461,2.5565958336120542,3.586607808655132
2023-08-23,3.9472399280432793,4.898255185977299,4.724406367140647,2.5689879429904976,3.6169022394120107
2023-08-24,3.9813912511424228,4.92115457206577,4.745980567492674,2.5865646541604175,3.626697468597934
2023-08-25,3.899644015706105,4.87901411485072,4.708190877823351,2.561330378436663,3.5994347687796804
2023-08-28,3.9669365655773534,4.953845565004893,4.7769172177614285,2.5899569120122687,3.6607771075422733
2023-08-29,3.973962924720185,4.972046046656242,4.79177486240053,2.6032171456953335,3.679847436428251
2023-08-30,3.98709441781488,4.989958018160575,4.809185050676181,2.6048933703664146,3.688361289582738
2023-08-31,4.02234663512263,5.019183271403247,4.838958947151402,2.6174278838207883,3.7074241375521697
2023-09-01,4.033602441475556,5.062203769573302,4.877810747793176,2.645887104419142,3.7430750518151017
2023-09-04,4.061786633769091,5.118149201477325,4.9303737183353356,2.673668757243935,3.776861965059755
2023-09-05,4.073819641087051,5.129657256077601,4.940547757550524,2.6845832691771427,3.785685351465115
2023-09-06,4.099007021602488,5.162233632982917,4.9688147319005855,2.6991275547136793,3.8050956110372116
2023-09-07,4.068186318938877,5.149875451625133,4.9622113901654,2.7014398410660685,3.8013599412915116
2023-09-08,4.020805238724669,5.0904045530562385,4.90948966934064,2.676660058207683,3.7579444492400054
2023-09-11,4.003655036208664,5.0924132168581595,4.910786730615558,2.6931065999119963,3.7558066005853554
2023-09-12,4.041710427372019,5.136290719807251,4.953742727958192,2.701613728076963,3.7838339682440116
2023-09-13,4.033096911625661,5.143539368611785,4.961514942116792,2.7091308205723967,3.7873048139184227
2023-09-14,4.090015382052255,5.210543437279876,5.024618081165594,2.753475904339755,3.8407965901218026
2023-09-15,4.135022711813603,5.261236402320663,5.0746652284586125,2.777429799839068,3.8755287064846513
2023-09-19,4.099200659524981,5.280522827708007,5.093758598423012,2.805942566964133,3.892988178720819
2023-09-20,4.072218997265042,5.229666284569312,5.048466613665073,2.75313584429055,3.853148244435609
2023-09-21,4.016389378887696,5.18781730250692,5.008181878229826,2.744581552388465,3.8254696164635793
2023-09-22,3.9955966640087586,5.1629728999733056,4.983525479604833,2.731426047331216,3.8061362600809328
2023-09-25,4.029656466696773,5.179964301882737,5.003405989867125,2.7111235766291677,3.8100120728427957
2023-09-26,3.984824229932506,5.155021095984065,4.981576672764868,2.7053209044644344,3.7991525546290332
2023-09-27,3.991834452581797,5.1635448234339725,4.991601029591263,2.697176287481816,3.799984692840204
2023-09-28,3.9302549439536802,5.135399543127699,4.958350952885963,2.6966209351581907,3.785021775017486
2023-09-29,3.928417551278673,5.081107382019673,4.908664311710902,2.6358601802111203,3.728894658452648
2023-10-02,3.9163652765057386,5.060979436006606,4.888094285726334,2.6254285905704835,3.7146513494507736
2023-10-03,3.8520037882224885,4.9433420834781545,4.778891496096514,2.5554127107697884,3.6354369409286384
2023-10-04,3.764321935810832,4.810064911844749,4.656860230227081,2.477333714653843,3.5678390991340145
2023-10-05,3.831955760478316,4.904363559822465,4.746605953829018,2.5347110184029407,3.632190811510121
2023-10-06,3.8220058058862887,4.910224653573398,4.7528218313072434,2.539939283781091,3.625073859756161
2023-10-10,3.914718872478166,5.024095035473313,4.856147316760501,2.6021328563514916,3.7031212943167486
2023-10-11,3.9381456892953057,5.012638070027124,4.845852837012988,2.590371541990917,3.6943486678730424
2023-10-12,4.006972169425713,5.077846558048099,4.905184454018945,2.6249539655501883,3.726356288800657
2023-10-13,3.98494007550554,5.004780690333956,4.836537107950675,2.5877026362487805,3.672536956730599
2023-10-16,3.9039290976924357,4.927814698593502,4.760861731673056,2.54599809023301,3.604668264136233
2023-10-17,3.950942892046192,4.959500826709873,4.790556187526954,2.5672770777515574,3.621956206684315
2023-10-18,3.9511846986061223,4.968139244407781,4.798901232381959,2.5768342572489074,3.6433321994058683
2023-10-19,3.8757634503243126,4.905971771553425,4.746766678527093,2.5440245683665488,3.6027770783494186
2023-10-20,3.8546451154563064,4.881137777233558,4.7216931912761115,2.524924252298087,3.58726033657073
2023-10-23,3.822607673011054,4.84633795025997,4.690785962671901,2.510862549588125,3.5556950661832056
2023-10-24,3.8303515040084997,4.84570264782958,4.69110363796058,2.504743695763597,3.560476435216866
2023-10-25,3.855947354569396,4.871253846542736,4.714717290698286,2.5236449990770318,3.576794529232788
2023-10-26,3.7735577903528656,4.81290462652358,4.663395632226511,2.4811883468876763,3.5446669866000193
2023-10-27,3.821638279182649,4.887683581154291,4.734681480835893,2.507451193085103,3.597813592396015
2023-10-30,3.7852948013937797,4.8177700621776145,4.669172854179132,2.4926769105770945,3.5472698348456055
2023-10-31,3.805257570649689,4.871580645093984,4.727238759936212,2.528537901007591,3.589016342807779
2023-11-01,3.896853606539418,4.981826213257309,4.83216838696367,2.578615080703412,3.679139739979073
2023-11-02,3.9397957059706847,5.000330565142157,4.843776453271689,2.581685497957177,3.7061415158882283
2023-11-06,4.033338718185589,5.088569386000167,4.921393999400577,2.609568837217736,3.7662055468007916
2023-11-07,3.97949340682743,5.0221111772501725,4.858126726542976,2.574458288495344,3.72029667539821
2023-11-08,3.966503770369985,4.949733839286885,4.78456009485198,2.5379716538449166,3.665513913137113
2023-11-09,4.025690983619828,5.004690112786491,4.839030187419264,2.5519750751447745,3.708699857180092
2023-11-10,4.0160293183228575,5.03141661712533,4.870320747250488,2.5709721827453174,3.729196830665998
2023-11-13,4.018125617424085,5.038202572470207,4.874957923602226,2.5812106918511337,3.729584483434749
2023-11-14,4.03179105986476,5.052264244542591,4.886928478638153,2.592193878587562,3.739067474631453
2023-11-15,4.1333714909222845,5.109037058739318,4.932653575911492,2.6217773676107043,3.781734415156878
2023-11-16,4.121621233506076,5.081779394266375,4.901490149661858,2.6084038699287424,3.7600199965558705
2023-11-17,4.141448408047602,5.125720730852637,4.947789529488325,2.6283979992307733,3.7905552397430067
2023-11-20,4.117135288301634,5.0868479465748395,4.908667305552734,2.5999012716009213,3.763158448569647
2023-11-21,4.1129561773176615,5.077536408305149,4.895666255662536,2.5979500317674558,3.7546187838467997
2023-11-22,4.125002190167729,5.103111859515566,4.922664145143629,2.608346759538169,3.769524042754092
2023-11-24,4.146421819862899,5.138677026561946,4.953176793570192,2.6303818217878066,3.7947149043079054
2023-11-27,4.124489675865406,5.115295358633353,4.933437688286244,2.616043962951736,3.778692968561973
2023-11-28,4.119645837684812,5.1073448533744115,4.928386653726969,2.6160075656504858,3.745177359971893
2023-11-29,4.108896524554529,5.075118454537371,4.8971033711329515,2.614381580417126,3.7205313312594472
2023-11-30,4.129325807064009,5.096829902839918,4.918311335480325,2.631886974746365,3.7339960743554936
2023-12-01,4.122496939334666,5.1088103949233385,4.93083880506446,2.6266838227072524,3.7411577400093283
2023-12-04,4.097804732412074,5.0721306084899105,4.89595523418825,2.6194487683926226,3.7031522017998353
2023-12-05,4.041642509593229,5.043260225088504,4.870797798100545,2.579829001631402,3.683553913802662
2023-12-06,4.124270990251444,5.133457781444344,4.956245093121041,2.6398280278748136,3.7460700675217975
2023-12-07,4.0518142807606505,5.073339268889223,4.902975556145998,2.6027119486951085,3.702788984413843
2023-12-08,3.9839374453173,4.996884687974771,4.831892654270161,2.5573110192512374,3.6409447255948804
2023-12-11,4.043613088550747,5.065489408064082,4.892980329111552,2.6033698516734862,3.689804975125477
2023-12-12,4.050012773720533,5.052166853013492,4.8810141703630245,2.5927815454061767,3.665931668585102
2023-12-13,4.060204775715677,5.037317003692994,4.865036481246209,2.588091394837409,3.668097130321527
2023-12-14,4.030597441029086,4.958806436543105,4.792341899266674,2.561147492167229,3.603110053305082
2023-12-15,4.065655057041594,4.984840310715306,4.814152326936199,2.5495402059431336,3.6278814615623634
2023-12-18,4.03956595963335,4.948673752593391,4.778163918479389,2.532022771090899,3.602250862800738
2023-12-19,4.096339924147635,4.9823373373648945,4.805302676473539,2.5539193373894573,3.6271465769010858
2023-12-20,4.152637982524049,5.029074115037766,4.845385723979638,2.5775782789728194,3.6638435369780686
2023-12-21,4.086607932640006,4.980660886144183,4.8035207167453295,2.5542260033662387,3.6267550239920303
2023-12-22,4.090132431841219,5.001670460892571,4.8232030659557665,2.572566984811514,3.6481147046562628
2023-12-25,4.100611518915485,4.998748960312064,4.823621664564739,2.5611854209381235,3.6600759408945303
2023-12-26,4.107001570357784,4.994932437802403,4.818322062429583,2.5640754498208493,3.656746649590323
2023-12-27,4.153291149247686,5.05062294312049,4.868709219737923,2.595632241265894,3.69953979430255
2023-12-28,4.135828091431533,5.054092727576538,4.874280132683498,2.5940166163323872,3.699625119602945
2023-12-29,4.126524319110713,5.0606005167977095,4.881765184800374,2.595204237976393,3.698130762946654
2024-01-04,4.104835908418648,5.118423593381556,4.939669305088535,2.5885504258637697,3.757085050715155
2024-01-05,4.115827028108861,5.1575559391796535,4.979151272138387,2.606809728451783,3.7916537538343014
2024-01-09,4.163395484322696,5.191939434707701,5.012269632273624,2.6364817487730914,3.8355623538997623
2024-01-10,4.2470672976677815,5.24910929481056,5.068711713178384,2.650960916677749,3.888199490264513
2024-01-11,4.322058159174098,5.316713664245829,5.131889765911369,2.6779437657164658,3.936644650508618
2024-01-12,4.387074259240107,5.333702406874513,5.146078887114562,2.7001142581184996,3.9477668268021815
2024-01-15,4.427111067304403,5.357979775435061,5.165732220666411,2.7154728473274257,3.968040275536027
2024-01-16,4.3922620214919945,5.3498132444342446,5.156582737126505,2.717814765253613,3.957197129797157
2024-01-17,4.374822084621811,5.330238665512263,5.138236721320314,2.702978882800532,3.9217035702322613
2024-01-18,4.373394366208199,5.311690437790201,5.120791819448689,2.699695557873978,3.893540139056013
2024-01-19,4.434692329150501,5.338216116621286,5.142942739101273,2.7063337709755757,3.9202155961385197
2024-01-22,4.506666870580557,5.4182654880328345,5.217973415778562,2.7535302434815057,3.9753959935617407
2024-01-23,4.503044107358973,5.410717925537127,5.210641917421415,2.7453255887622827,3.9689081073517958
2024-01-24,4.467149320427823,5.379483924582853,5.181076898667433,2.719777416979745,3.9431884088118796
2024-01-25,4.468380992487069,5.395089237670749,5.195371965262801,2.731327979413192,3.956749076642848
2024-01-26,4.408525680235985,5.343078626975666,5.151405425807051,2.690847509377211,3.909532033107081
2024-01-29,4.442543817052617,5.399291455647263,5.207579484369464,2.7223502293183657,3.949185903913183
2024-01-30,4.447342858400395,5.3858083603586255,5.191852384942724,2.719075400359156,3.9497702147764153
2024-01-31,4.474576442634125,5.435137815312313,5.24140663521178,2.7474551850402866,3.977228320779989
2024-02-01,4.4406348939510165,5.385236217527911,5.193887689917761,2.741677800099503,3.9390635920017276
2024-02-02,4.458707285030739,5.401326281190719,5.211622891386701,2.7497217544281285,3.9556886254612533
2024-02-05,4.4828937212602495,5.457779642548077,5.263562740464965,2.7815340012098737,4.002262175644553
2024-02-06,4.459032905019808,5.410767255372087,5.223891872153904,2.773780229637875,3.9627704252807368
2024-02-07,4.454009397821578,5.427019625911646,5.237997668382599,2.789952157215797,3.975654065179121
2024-02-08,4.545674314862841,5.432873138903065,5.239322568217101,2.8069340203693223,3.9839221292176767
2024-02-09,4.549884253774772,5.421280791697022,5.228313792598694,2.8183572446169056,3.97399628206693
2024-02-13,4.6814019746853255,5.506155238107185,5.307080778238744,2.8771062082951566,4.043099081605116
2024-02-14,4.6492609696695855,5.432608189842312,5.239598796797104,2.844509890074474,3.987921215360647
2024-02-15,4.705321074977064,5.450120866989775,5.250959468659973,2.8978108360127304,3.9949417009477006
2024-02-16,4.745927236335858,5.524137354415582,5.322607228198505,2.9316989718742605,4.05186910884525
2024-02-19,4.743848277944108,5.571989824803816,5.368524675433536,2.953506441593035,4.080431496220937
2024-02-20,4.730682344273646,5.560261978886753,5.3604370073129255,2.935874270652833,4.07591167655235
2024-02-21,4.718172467445067,5.55032923585545,5.353885426139772,2.9280336514431635,4.061359970619502
2024-02-22,4.821325122828511,5.603611099664637,5.398696556131933,2.9711451478184934,4.100374592098396
2024-02-26,4.837976057417488,5.619168326328803,5.4117797283012905,2.978398721718607,4.107275815737129
2024-02-27,4.838692325056166,5.62706676557582,5.4150107694354075,2.991107015667225,4.107609769427345
2024-02-28,4.834809451192426,5.643191174562187,5.4263072743170175,2.995775824396738,4.119536353210446
2024-02-29,4.829650108436625,5.628823332145236,5.413323147887984,2.9961785529038236,4.109839831124796
2024-03-01,4.921471573549556,5.69880788355292,5.474504311724704,3.032181276361087,4.157905677506653
2024-03-04,4.945937869562572,5.685032085689734,5.456989856159363,3.0401014301785767,4.139361487147085
2024-03-05,4.944507261030714,5.698351729480995,5.472460843363659,3.0580156381651125,4.148596844567826
2024-03-06,4.943662864816456,5.735126673691316,5.504920914170696,3.0937609236728503,4.176083871776618
2024-03-07,4.882984832237959,5.714427876845781,5.487980376879617,3.0778062114532774,4.153694804821996
2024-03-08,4.894111305799369,5.733846738745297,5.504186767535218,3.0879445694456917,4.158563457765586
2024-03-11,4.787020864305507,5.623591667614237,5.400098288814699,3.001998936712514,4.075847461955766
2024-03-12,4.784187585051504,5.619293868801089,5.39578213910586,2.979493169730089,4.0807477278527715
2024-03-13,4.77166614774994,5.599768672310009,5.3788758732447235,2.965623610807494,4.058619605307957
2024-03-14,4.785404324833144,5.653869431473862,5.433244752249719,2.97193267297534,4.086459284577077
2024-03-15,4.773105426636536,5.677809478875653,5.458450964238262,2.979730484701214,4.098600235630897
2024-03-18,4.900461858958968,5.781369140269543,5.554236263671608,3.0196228198616604,4.181135735775645
2024-03-19,4.932912588313424,5.840842677604432,5.610548564834039,3.05709684948296,4.217505777407043
2024-03-21,5.033048923620607,5.929286619876952,5.684237620442415,3.1048278936943836,4.250177396566894
2024-03-22,5.042022259088613,5.9650183716937155,5.720352364404375,3.123445081535265,4.2804862945428095
2024-03-25,4.983534454454344,5.897798447064279,5.657147782922123,3.091880871330871,4.244779299620494
2024-03-26,4.981550388278343,5.904278131216456,5.6589034449321725,3.097546842812984,4.249161671634286
2024-03-27,5.026522073247988,5.943174784386424,5.698694386572788,3.10998095812633,4.280474702901525
2024-03-28,4.953193511419598,5.902186928295959,5.648901611761871,3.1092613036894337,4.2385933029474385
2024-03-29,4.978024925704381,5.951107049129526,5.689715909872725,3.1544710648932606,4.243352920209095
2024-04-01,4.9081871450309995,5.861051461650204,5.615477452922272,3.0701757155703855,4.212222216190261
2024-04-02,4.9126042090839075,5.8477783125707905,5.598605703384465,3.075034682673746,4.182540345788026
2024-04-03,4.8648753513074094,5.840433763408869,5.591973088949957,3.0681389812507156,4.162072085369015
2024-04-04,4.904494055598759,5.907283883256949,5.64481254512179,3.113288789368475,4.21122369533263
2024-04-05,4.808179901672146,5.857363462855473,5.6044365093449295,3.0915242756504027,4.161394136541673
2024-04-08,4.851950742510503,5.912266053691194,5.653082092235464,3.117723648057714,4.19273323630654
2024-04-09,4.904492610539636,5.96165583577919,5.693802758411147,3.156133038100685,4.219836805798614
2024-04-10,4.8809005752960894,5.945590149146667,5.677631181056085,3.153616697262699,4.197664900217343
2024-04-11,4.863738089777539,5.953106082671878,5.678879626745972,3.171422351588966,4.1825143808591765
2024-04-12,4.873716704708841,5.989497391938205,5.712563857001426,3.20504676944986,4.200339316512132
2024-04-15,4.837863824492261,5.979664621890252,5.701854276564032,3.2043050351364104,4.189984043155561
2024-04-16,4.743949432082723,5.853677114346778,5.595508610584606,3.0971996524726966,4.154557160772999
2024-04-17,4.681134638747553,5.780293595691328,5.520195994097706,3.059556280823076,4.106767609941897
2024-04-18,4.695672896898574,5.8189970881916215,5.555665052385817,3.07927613037385,4.126787769278796
2024-04-19,4.5709618861441434,5.721563898039681,5.468747313202337,3.034707005679391,4.041114642012162
2024-04-22,4.616619010824507,5.820983552844852,5.571625386817546,3.079735867717863,4.085468754913953
2024-04-23,4.630621152040862,5.81960358351757,5.573330413773384,3.0715361886900885,4.082005669245805
2024-04-24,4.742578070974912,5.889523455767529,5.637463276593958,3.093885865370529,4.155538706885546
2024-04-25,4.640032340423165,5.782087372208437,5.541590872037489,3.041291696409161,4.071713092823102
2024-04-26,4.677800405664213,5.833559586287599,5.587835016103791,3.065713417234452,4.133050768607573
2024-04-30,4.735867698093662,5.928737010130061,5.673217720975091,3.119426321264539,4.199926248287794
2024-05-01,4.719638720768627,5.889966976006076,5.637092683431246,3.091627242597079,4.187719636814547
2024-05-02,4.7149552841506965,5.8861815056125835,5.631168032644929,3.1001207632950543,4.1847765426718455
2024-05-07,4.7888228530319985,5.930383047562154,5.663503152645174,3.1125394049705744,4.232355841963792
2024-05-08,4.710799775799067,5.855422296508911,5.593917008303027,3.0698228767621965,4.171209551235914
2024-05-09,4.694967708046507,5.87896805672506,5.619898227151653,3.0912840839862037,4.168958375462153
2024-05-10,4.714096919031581,5.916045187870828,5.654012581879507,3.1366141764437776,4.187053182986284
2024-05-13,4.707974685213428,5.889069613484525,5.626939112838043,3.1103964588955684,4.172199630997695
2024-05-14,4.729751244512002,5.9182243343870375,5.651430347816576,3.1094426144830107,4.1884767946948624
2024-05-15,4.733410134211663,5.889643613816345,5.623926858633675,3.0938505136247816,4.167072406597426
2024-05-16,4.799324097679485,5.8843979146912115,5.611360473411127,3.096048804174966,4.181383940254152
2024-05-17,4.782938090596407,5.885948408052312,5.614985588314555,3.1000444279422776,4.18430677811917
2024-05-20,4.817749083185241,5.954497753833735,5.676815682946429,3.1275385810967604,4.245049274127774
2024-05-21,4.802612570557261,5.934883511506422,5.659649928359658,3.121214636018856,4.229465344890793
2024-05-22,4.761940899851554,5.88312600696747,5.614081841295229,3.0926456483431224,4.172707820393001
2024-05-23,4.821884842395522,5.913597419615994,5.63682940412602,3.1097652558221975,4.191798908938942
2024-05-24,4.765517902867574,5.8814643688362205,5.610485832303905,3.1041640805702206,4.173013772264955
2024-05-27,4.7968279988875375,5.934088058553784,5.654299979170629,3.1449022494284695,4.217708441635606
2024-05-28,4.791322323628569,5.950761771786274,5.663471707170089,3.166244954371421,4.217759534729657
2024-05-29,4.754513777645253,5.884539888988515,5.598200826749898,3.1314469512072325,4.179454421414779
2024-05-30,4.692519777891997,5.8579695509342455,5.580863225543375,3.109522527039461,4.161498079503658
2024-05-31,4.746008641333127,5.955730211718915,5.6729750497553395,3.151858636767364,4.228927670378083
2024-06-03,4.7996656133189095,6.019858711753824,5.734581812046839,3.190460269076539,4.267777051313797
2024-06-04,4.789113791602115,5.999512615977153,5.71335210422766,3.1569546909115216,4.250312394279511
2024-06-05,4.746288982803006,5.914306341521307,5.63716920710369,3.0983905607428017,4.174288804033759
2024-06-06,4.772596284138837,5.9165278050507375,5.638162574823366,3.1183878626675217,4.17637910252383
2024-06-07,4.770181590344156,5.917851931523155,5.640143826489736,3.125417037351157,4.182880645697848
2024-06-10,4.8138623558305085,5.97378938997462,5.689026893317446,3.1566518419975256,4.231001056284219
2024-06-11,4.825777831673124,5.964227762063731,5.67858836346356,3.1611670001293697,4.2308426868011
2024-06-12,4.793953776291715,5.92168129223928,5.636583546680472,3.138410661288482,4.197589290700595
2024-06-13,4.774687284689946,5.85917407799466,5.57651045738596,3.131018222543783,4.150104007370282
2024-06-14,4.786289664389226,5.902431699309761,5.611290576274785,3.1754737534581303,4.185188184007069
2024-06-17,4.698477274970118,5.792445624617145,5.509246893246128,3.109629401957924,4.105268830363581
2024-06-18,4.745294782126322,5.837823024007988,5.5497108180403405,3.126210015178003,4.128656875079683
2024-06-19,4.7562266543924885,5.850870123975993,5.56430590996561,3.117874934645273,4.141003832507412
2024-06-20,4.763903771827085,5.838957397326835,5.55296643738631,3.1201021037866874,4.136033318138701
2024-06-21,4.759396632422171,5.843847460106723,5.560477823968576,3.1044480738858975,4.1397061505146295
2024-06-24,4.785067626057468,5.874126976602258,5.591106485555145,3.1124828470700825,4.166807177298129
2024-06-25,4.830507991869368,5.960598421179667,5.674420327311881,3.153800297151376,4.2287301623601445
2024-06-26,4.891414343789312,5.983127335868276,5.69089818473152,3.179883157344301,4.239981469408561
2024-06-27,4.851272528095404,5.972975747935307,5.680037000023526,3.1930973415907395,4.223898917990668
2024-06-28,4.881057123367761,6.000544353166168,5.699766029586232,3.213974498367421,4.252196488099623
2024-07-01,4.88697367710406,6.036686962321223,5.73175875438081,3.237421846500898,4.283615256868396
2024-07-02,4.9416787986404564,6.086788858419218,5.77462376792076,3.2597689507568925,4.308382994892762
2024-07-03,5.00408319518467,6.127204336967344,5.80843806246319,3.3043373155708755,4.339627437541527
2024-07-04,5.045132026321503,6.180799431298041,5.854372497330767,3.3438675110354334,4.384447102383317
2024-07-05,5.044974514877087,6.142835110924007,5.8165217486907945,3.330839198404808,4.3529638682849905
2024-07-08,5.028737830570061,6.104917459714368,5.781562056968828,3.308447280629512,4.331326302011007
2024-07-09,5.127322172379047,6.153270129333822,5.824798571106712,3.3345684450071507,4.3651133838077785
2024-07-10,5.158374084502353,6.168681261983873,5.838177833283013,3.3532126697765103,4.373493248655607
2024-07-11,5.206716129033415,6.228782722064546,5.900568043943143,3.359915529832475,4.420238766848998
2024-07-12,5.079293223991321,6.170185938676222,5.857941325017809,3.303084277537059,4.375744774867375
2024-07-16,5.089700539795806,6.182481244376647,5.859702474389006,3.318367569976689,4.375773125002388
2024-07-17,5.067826679849611,6.240455457880277,5.919772686689803,3.356022832241325,4.443210317794759
2024-07-18,4.948049100941406,6.164818936670118,5.8713535953908185,3.284378827621577,4.3463856795103535
2024-07-19,4.9403344119696095,6.134069536062271,5.836726057340728,3.275177996796865,4.324042276147915
2024-07-22,4.883020477029663,6.079533438373318,5.796520437703033,3.2453613793103124,4.250468241900277
2024-07-23,4.8824520871079145,6.0914446307097085,5.806528615615159,3.247356048847219,4.259762829966965
2024-07-24,4.82825177289185,5.980217736101408,5.701939953647608,3.1892829508124114,4.193608633352173
2024-07-25,4.669754316466856,5.835942770829776,5.588964705855724,3.09258997369867,4.074691089736111
2024-07-26,4.644832826830067,5.832111267391497,5.584139025543595,3.0982490594315673,4.064072742068469
2024-07-29,4.743632482448393,5.952648192995486,5.692041791919331,3.164652824716269,4.16063642216613
2024-07-30,4.750700748305795,5.9421585896862315,5.679550574282283,3.1554854816070033,4.143300383232798
2024-07-31,4.821712398673499,6.014243771218062,5.746558618065497,3.1746899833965636,4.197516957695376
2024-08-01,4.701422787149346,5.827637393321879,5.568609020369572,3.0883758182301406,4.061674721204986
2024-08-02,4.428086482212489,5.494809775753732,5.2757012899905185,2.919873649198802,3.7909244279638328
2024-08-05,3.8791916122506507,4.827081755870996,4.673816529730693,2.703103551819163,3.319253849510446
2024-08-06,4.275890446936909,5.266890669580631,5.06445359126961,2.842664368707835,3.674635367962391
2024-08-07,4.326961244778738,5.363864333252162,5.157210115474285,2.888503552210052,3.740338054302462
2024-08-08,4.295088539073517,5.318335241719828,5.123929665739143,2.883712963207158,3.7075399752533733
2024-08-09,4.318992707087651,5.354769011660563,5.15496467370782,2.8779598803353874,3.7473295530920487
2024-08-13,4.4678930441898395,5.487274281742331,5.259951474189925,2.9098998734262054,3.836640802903961
2024-08-14,4.493778388261728,5.552960706014502,5.32038225898388,2.9420210406776883,3.890185509417653
2024-08-15,4.528824925487625,5.608905805376992,5.367789405345185,2.9473275426514483,3.9236628433869187
2024-08-16,4.693573225992727,5.762480769604468,5.500096488020252,3.0091721002573086,4.0212057536832715
2024-08-19,4.610454870291785,5.6900700436643294,5.445186703016551,2.9822553000487684,3.978171142204854
2024-08-20,4.693604053920686,5.779704610308694,5.534252121163579,3.0280850098005696,4.040348582663253
2024-08-21,4.679901521629184,5.757330120151192,5.520317345407072,3.0295801646471494,4.020212550659065
2024-08-22,4.711865266059159,5.779524874267902,5.548716341707465,3.0654215264626683,4.04100254694742
2024-08-23,4.730763749270913,5.824539538460986,5.594111516746008,3.09068637009391,4.072942086056481
2024-08-26,4.699436312541472,5.7788058827994755,5.564724507453682,3.075278938438737,4.0406503252900166
2024-08-27,4.721435410945001,5.825507519759614,5.609716005099313,3.101995408501899,4.072038074080978
2024-08-28,4.731687623736941,5.831828907853178,5.612925145670248,3.098951695971787,4.0670369664717825
2024-08-29,4.730549398834322,5.836596357429691,5.618552147008934,3.106576673054543,4.069880321738657
2024-08-30,4.765720211144805,5.873057434579515,5.643113540796344,3.113804982400381,4.0918199681951535
2024-09-02,4.772270664149766,5.88643126745312,5.646068916338525,3.110795149333241,4.099428767841433
2024-09-03,4.770474937346141,5.9138982977360435,5.679631324923464,3.125219323117984,4.107046392922571
2024-09-04,4.568404131496278,5.707641197697511,5.502352663065836,2.987534162259886,3.9601854597510786
2024-09-05,4.520248499592094,5.696420673902681,5.502345977502428,2.975012454940224,3.950033950986843
2024-09-06,4.487494307821791,5.660481258971135,5.473537007823344,2.9587006584128033,3.942308644648471
2024-09-09,4.46582612795745,5.627121499026498,5.447676698262692,2.957156135582422,3.9137951497822816
2024-09-10,4.458847937452054,5.612717357428703,5.436268436419106,2.9599464232653077,3.9046271152190646
2024-09-11,4.392334756134525,5.502015889861153,5.32859583071756,2.9046798673185896,3.8335384246959507
2024-09-12,4.541973518448611,5.6361175638368595,5.447309910883434,2.9701679494151807,3.9266896232100095
2024-09-13,4.51095965954888,5.598266448076212,5.4042278559510954,2.940219779872225,3.889347049707525
2024-09-17,4.464280878068493,5.577672682656638,5.389195687145182,2.9609229919182143,3.88143923455205
2024-09-18,4.486101270827133,5.604943632417626,5.413794502471415,2.9551999951496515,3.9000577098558153
2024-09-19,4.5816871149557095,5.7085869146742985,5.506854626253742,2.991911848130379,3.9713015483484657
2024-09-20,4.6517999385488515,5.758837232853062,5.548159916468416,3.0036617039884685,3.981009893273295
2024-09-24,4.678519081734762,5.790128053586744,5.576025290009034,3.024065221110181,4.011310044943186
2024-09-25,4.669846800250732,5.793304475290643,5.578055078684986,3.02145728322577,4.000137391240064
2024-09-26,4.799985934757859,5.916143215856752,5.688647827111329,3.0906839051233064,4.081505706955334
2024-09-27,4.911451051903684,6.0478464006763994,5.803037171496538,3.178785480051225,4.173707313636476
2024-09-30,4.6759247189224435,5.8371185390254965,5.619059020526158,3.0508462981745765,4.029073746298005
2024-10-01,4.766240432429116,5.922530230128158,5.685249271964739,3.111287855349003,4.079295840490797
2024-10-02,4.662263129972763,5.850506310276414,5.625352895022761,3.061073915655676,4.027717921373125
2024-10-03,4.753920340032035,5.926395631823508,5.6910103147609545,3.0834476748784114,4.077571783553117
2024-10-04,4.764224574952406,5.952056026886215,5.720275842891345,3.078462434090225,4.100617315593059
2024-10-07,4.85018728869396,6.036350977987466,5.792766106015205,3.123134166468366,4.145553933566636
2024-10-08,4.80145459651329,5.955835601561466,5.721416676125044,3.0786113858418616,4.111088356316583
2024-10-09,4.84343260066627,5.961438616429616,5.723641821534451,3.0907365969995,4.117103890321549
2024-10-10,4.856125036630733,5.976766663885419,5.738737773531648,3.0928277242501947,4.130840851091384
2024-10-11,4.883859093007427,5.955149736206729,5.713155470556918,3.0997439860085434,4.111918677608166
2024-10-15,4.9214383371897235,5.980373898103706,5.72788592741853,3.114950117537975,4.12509959285036
2024-10-16,4.8313899596208225,5.913127395040489,5.6738738496562915,3.0470178541033066,4.083059589482566
2024-10-17,4.798205621918212,5.907313816429129,5.6695650217191575,3.041017977727506,4.077761107196178
2024-10-18,4.80690632289833,5.9044067268708424,5.664911248979885,3.044296670996788,4.081597695645438
2024-10-21,4.803558602596508,5.881971221436253,5.644381432431408,3.01373662459204,4.061076727306642
2024-10-22,4.736644658215509,5.818560308984911,5.589487527353143,2.9690322579225583,4.015224280943333
2024-10-23,4.698775438835845,5.789722644589468,5.564456321772846,2.9524374420110653,3.9964955346490183
2024-10-24,4.703514269386828,5.784142946713259,5.556170520228309,2.948289699967661,3.9909644335101726
2024-10-25,4.675230608856986,5.753636407311383,5.528418094603185,2.930662032841011,3.9743964236659735
2024-10-28,4.760514144810689,5.835816801548225,5.5965087529729605,2.962038198762665,4.025686352509046
2024-10-29,4.797279339020314,5.8835199838026195,5.636374221674262,2.9942425159360853,4.068189584692506
2024-10-30,4.843362274455614,5.918453902576919,5.668530260198175,3.027500256860409,4.08600534605769
2024-10-31,4.819175838226103,5.906025342024784,5.66200275643956,3.004991049976917,4.076067232085036
2024-11-01,4.692463420586194,5.806884398076249,5.581547124639679,2.92373794219675,3.988906945265145
2024-11-05,4.7444055890792445,5.855462117232542,5.618621173800904,2.9351858872528642,4.034501632965212
2024-11-06,4.8684292333774595,5.947670558288481,5.693852888873419,2.997131960585128,4.1017110027588055
2024-11-07,4.856189100918524,6.0205936542069685,5.773376079499041,3.0366905087688023,4.146549631029133
2024-11-08,4.870858377763372,5.999660543121046,5.741884323629745,3.0237729457939375,4.137490669904867
2024-11-11,4.874921402331123,5.980817474171913,5.715725876916078,3.0399963385575846,4.123345541300635
2024-11-12,4.855533044076641,5.981366529696159,5.718330962177826,3.0369543959653695,4.128871699798189
2024-11-13,4.7748341990341245,5.917525855600303,5.6625003637855515,3.0059443172002456,4.0743282126596245
2024-11-14,4.751903037496204,5.879700748671042,5.6299808168166505,2.98856377616961,4.046080995759208
2024-11-15,4.765123401726968,5.888924265770699,5.636108309719301,3.008150530603201,4.053746525891034
2024-11-18,4.713078634036178,5.860844412745844,5.615659813483361,2.992729456910683,4.047502127568532
2024-11-19,4.736949084004107,5.8972005326691095,5.644706288145925,3.016858989656275,4.060856643881777
2024-11-20,4.729292679083608,5.8821651360593865,5.622801230864218,3.0316984005181884,4.049585628512459
2024-11-21,4.689072348510679,5.858968535795592,5.598155771318423,3.0242605616430827,4.031685111414108
2024-11-22,4.720847271881904,5.893646032865102,5.635170253347308,3.0386822232566826,4.039267215932493
2024-11-25,4.782045525744712,5.928120547507835,5.666406740415146,3.043207592464234,4.071440421838396
2024-11-26,4.74034882643436,5.879329727124587,5.630473523955248,3.004972524823988,4.025883553696802
2024-11-27,4.702488277409435,5.815443737575149,5.568540526253682,2.9789471251370627,4.002056966237868
2024-11-28,4.728888062529143,5.8559252237173265,5.611791335815696,2.995006236502357,4.030985629946027
2024-11-29,4.711497739355519,5.841193673518832,5.597469478798262,3.0055211425702573,4.017209420409839
2024-12-02,4.749106366406653,5.90356748179121,5.648858406572475,3.051635681273751,4.062221561780415
2024-12-03,4.839844037177267,5.975979882276291,5.711972327915157,3.088331192698774,4.128046275865141
2024-12-04,4.843238962743777,5.9422719954260295,5.677955394222574,3.083960549730033,4.129087862566464
2024-12-05,4.857939067516583,5.940170871726752,5.6738085502074975,3.0901813178357616,4.1180881274155166
2024-12-06,4.820399321616984,5.922021346458181,5.664158727905634,3.0640174111507483,4.1001571835778625
2024-12-09,4.828948291389176,5.928930786384529,5.675815774012224,3.0723529824483427,4.108094206643438
2024-12-10,4.854483449466903,5.950438386953466,5.696100325029869,3.063392652606866,4.123548201399364
2024-12-11,4.855057137938769,5.967768450315927,5.710098237797334,3.0846659669674215,4.134625982088088
2024-12-12,4.913865745698364,6.011885182686788,5.752113778397984,3.1159707975315865,4.154100450612833
2024-12-13,4.867167696763002,5.966635412770953,5.712595509504146,3.0940801103518685,4.144488875532295
2024-12-16,4.865570424745615,5.951677366642899,5.692780928112602,3.107785680406414,4.149944324426062
2024-12-17,4.854126038177126,5.9217302453355245,5.662275736706217,3.10603581895545,4.1462259771056456
2024-12-18,4.8192326772182765,5.914108025344937,5.6509836894920085,3.0820412315022403,4.123472858740545
2024-12-19,4.786168761109257,5.8896997176383135,5.627992350634288,3.0566194494537617,4.085430761419254
2024-12-20,4.772397347666222,5.883103631020383,5.624242539191957,3.0502284584494657,4.063878666263826
2024-12-23,4.829051853959665,5.933138288906974,5.664465700814476,3.0839608541510715,4.1101933153923405
2024-12-24,4.813700990895094,5.933971496687057,5.664276857912566,3.069004999380535,4.108538496534977
2024-12-25,4.825240269679332,5.9428979917356415,5.667670931694778,3.0934369407198403,4.1302530261592985
2024-12-26,4.879205039258332,6.01020037480849,5.723920628131213,3.1614997500862425,4.196880294987044
2024-12-27,4.967138813643779,6.096323244327527,5.805864967835099,3.2046769793299528,4.246272392816971
2024-12-30,4.91946390474121,6.06514187602521,5.784946825360049,3.1801545366024624,4.2116224413582675
2025-01-06,4.847019719096151,6.001385623232753,5.726335600126708,3.130678703638085,4.180761574054132
2025-01-07,4.94274043540955,6.047215386698851,5.76409190101842,3.143184780463214,4.210172245809353
2025-01-08,4.930132776246975,6.017407050574267,5.732762630979666,3.1331962230703785,4.202853309114509
2025-01-09,4.883771426087293,5.942529669577279,5.666658155706121,3.0754330251676967,4.149874828122931
2025-01-10,4.832635118898551,5.899141768963737,5.624343091200392,3.0549425166166375,4.133548984552397
2025-01-14,4.744331891063967,5.847309264258336,5.584544413487885,3.0041820548173312,4.058885500187157
2025-01-15,4.74066673944144,5.849929853255239,5.590182989800505,2.9991894413892783,4.052618586380388
2025-01-16,4.75645352867481,5.847714068551058,5.581959217580209,3.0036619747735736,4.06137185424393
2025-01-17,4.741515470833067,5.851234233898471,5.584662615182005,3.0091941010329424,4.062819841890117
2025-01-20,4.797133869735255,5.9130226802309345,5.640756082096337,3.0446468930939656,4.105216911709041
2025-01-21,4.812607081138915,5.9174737344914545,5.644673917396584,3.0434806222186093,4.103267576699677
2025-01-22,4.888846955413954,5.967317323301161,5.680623117812212,3.0915543717067844,4.186722834263607
2025-01-23,4.9273967976405935,5.984036987433707,5.697077422135795,3.098636700480402,4.2057954978072285
2025-01-24,4.9240808686394795,5.992012621457401,5.70751648627067,3.0838082844486037,4.226923591989074
2025-01-27,4.8789266245339515,6.027988022407394,5.764751533994295,3.0643538344979895,4.185280859339838
2025-01-28,4.811237165090228,6.015722376539785,5.766786487790168,3.061196969489974,4.168415341359328
2025-01-29,4.860304147614707,6.044894552450938,5.786032535914225,3.082274868623773,4.181631958393773
2025-01-30,4.87253512803253,6.062680532630281,5.803396659806424,3.0764739582901393,4.193551746687876
2025-01-31,4.879751271606861,6.068043480913832,5.808198109671767,3.0634743511123017,4.192029528010874
2025-02-03,4.749978218744251,5.921623991469104,5.67202645245662,2.997252321756738,4.096274905934123
2025-02-04,4.784293556053865,5.957535304195113,5.694293121532593,3.032793051719112,4.126003491865761
2025-02-05,4.788376329762965,5.948839070577407,5.685695549799862,3.0179552431495775,4.112641037784802
2025-02-06,4.817360843967505,5.985397464605971,5.713398449926342,3.02418684247359,4.143670320557826
2025-02-07,4.782893775449966,5.97036735124258,5.699014375419983,3.027447298925002,4.159999401797724
2025-02-10,4.784638925184283,5.9955912126936965,5.714600147502432,3.0493857506758038,4.176534632312353
2025-02-12,4.804680450162401,5.987821071928929,5.705989769697583,3.04045294071704,4.157043444107012
2025-02-13,4.866061263161093,6.068672845668859,5.786748276797021,3.077302224835158,4.225279996011435
2025-02-14,4.8275831922042345,6.027155569063018,5.749065168544729,3.0616310695262565,4.195280737611576
2025-02-17,4.830643827426937,6.0123692922527106,5.73650599149008,3.0614167752241674,4.197874060782198
2025-02-18,4.842500055845505,6.038611356436987,5.757947270147968,3.0628901314478716,4.213499778237924
2025-02-19,4.829455025455009,6.03751330391635,5.752037721546949,3.063215034341945,4.197663198670524
2025-02-20,4.769455207291616,5.979638211728756,5.70307366521383,3.0228492407939673,4.150180298808555
2025-02-21,4.781651024604111,6.010189493010924,5.725223351636571,3.0383062361917688,4.171504814231147
2025-02-25,4.715167226155418,5.990598547078258,5.728076486790646,3.016862254867562,4.165078511901511
2025-02-26,4.703401073088855,5.98565140725427,5.72684733421848,3.0105531379148407,4.161097773244782
2025-02-27,4.71743404223317,6.034283359992239,5.7673132931348,3.0216783966870056,4.194608270436481
2025-02-28,4.581708309156182,5.924597307094613,5.678214445597273,2.962722559619881,4.111326364728036
2025-03-03,4.659390834122438,6.003575816136531,5.757467057207321,2.993100588099841,4.171507465365844
2025-03-04,4.603371672156779,5.958605204410528,5.722128968369586,2.967595728975314,4.1805744207862965
2025-03-05,4.6141070163822056,5.986707335999821,5.742826072073048,2.971924520687047,4.224761740893501
2025-03-06,4.649459424455824,6.058919341654658,5.803592560718132,3.0039869756215425,4.266516480668048
2025-03-07,4.548620308728444,6.0017164210456535,5.764997787353403,2.9538455774598376,4.215962387528505
2025-03-10,4.566019302256807,6.005718240747908,5.771119648134403,2.9304578204862155,4.206204721321773
2025-03-11,4.537021300833785,5.946120442061636,5.7197068311535295,2.8956865261131424,4.156869078691334
2025-03-12,4.540224996909672,5.973923244949761,5.742356833914356,2.909078548651795,4.163355856247314
2025-03-13,4.536641731970787,5.979582400849656,5.748668529940652,2.916971493213504,4.172943985676074
2025-03-14,4.569081382538632,6.019893895118536,5.776778279984079,2.935433024630166,4.216210793231323
2025-03-17,4.611428840140747,6.0943866444111805,5.842415421074637,2.9942924005466023,4.2960143867782845
2025-03-18,4.66678375659616,6.160019513770608,5.905728769399344,3.010084401699128,4.3185860800913325
2025-03-19,4.65524881298929,6.182081990490743,5.93106199301717,3.029760319712978,4.316887607547399
2025-03-21,4.646022592174743,6.1693003665439665,5.9228045791582495,3.0068703721004004,4.303082662780024
2025-03-24,4.637567069559177,6.153381943741378,5.908859630551759,2.9930094723470484,4.287238459661988
2025-03-25,4.6587829459179915,6.181102881309723,5.937129671864393,2.9944186439981246,4.309188302640558
2025-03-26,4.6892101108137485,6.20619108111777,5.959274518327742,2.99563345487626,4.326901529278127
2025-03-27,4.661178853944073,6.198413115946857,5.963028387947077,2.9963266848956627,4.314937223422417
2025-03-28,4.577371205041419,6.146395523772684,5.9214389911632415,2.964611681907775,4.279844860320643
